# dimensionless total [l(l+1)/2pi] C_l's
# for l=2 to 3500, i.e. number of multipoles equal to 3499
#
# -> if you prefer output in CAMB/HealPix/LensPix units/order, set 'format' to 'camb' in input file
# -> if you don't want to see such a header, set 'headers' to 'no' in input file
#
# 1:l     2:TT                     3:EE                     4:TE                     5:BB                     6:phiphi                 7:TPhi                   8:Ephi               
    2       1.250464753670e-10       6.362410798876e-15       4.038477787380e-13       0.000000000000e+00       8.295773995750e-09       4.329066213154e-10      -2.183817764906e-12 
    3       1.198963473825e-10       1.000068520061e-14       4.988215819948e-13       0.000000000000e+00       5.101566799341e-09       3.095399210185e-10      -1.863186375541e-12 
    4       1.141143650147e-10       1.072527318639e-14       5.049309971709e-13       0.000000000000e+00       3.549819277832e-09       2.364154123598e-10      -1.420090077209e-12 
    5       1.095268242180e-10       8.994663457219e-15       4.616768616143e-13       0.000000000000e+00       2.652052962294e-09       1.880976567253e-10      -9.866359108859e-13 
    6       1.062621680216e-10       6.222036142990e-15       3.957062712143e-13       0.000000000000e+00       2.073193901984e-09       1.538993547625e-10      -6.092315594501e-13 
    7       1.041146609864e-10       3.703341945857e-15       3.249017112629e-13       0.000000000000e+00       1.673556971469e-09       1.285549023978e-10      -3.091253868655e-13 
    8       1.029384515366e-10       2.063445797181e-15       2.596585159471e-13       0.000000000000e+00       1.383640993413e-09       1.091821914292e-10      -9.253324624785e-14 
    9       1.024266300305e-10       1.284537878484e-15       2.058457519841e-13       0.000000000000e+00       1.165447333648e-09       9.403741226524e-11       4.457029731506e-14 
   10       1.024842550648e-10       1.024830950468e-15       1.661034223828e-13       0.000000000000e+00       9.965961725740e-10       8.195361701061e-11       1.134425537784e-13 
   11       1.029542925064e-10       9.407395853653e-16       1.405110572154e-13       0.000000000000e+00       8.550405387228e-10       7.285811473093e-11       1.295186908302e-13 
   12       1.037379652759e-10       8.510268305369e-16       1.274461458662e-13       0.000000000000e+00       7.484022208203e-10       6.445224080801e-11       1.102713413362e-13 
   13       1.047739089608e-10       7.334614106298e-16       1.242793721696e-13       0.000000000000e+00       6.606982943858e-10       5.765225380589e-11       7.220219003811e-14 
   14       1.060296099488e-10       6.365354305553e-16       1.279445769502e-13       0.000000000000e+00       5.876136924867e-10       5.194250432298e-11       2.848724169346e-14 
   15       1.074346572550e-10       5.974689122751e-16       1.355022605131e-13       0.000000000000e+00       5.260008036451e-10       4.697616443464e-11      -1.096025438756e-14 
   16       1.089579382799e-10       6.121841298064e-16       1.445813170137e-13       0.000000000000e+00       4.735371419576e-10       4.269498458427e-11      -3.983544235848e-14 
   17       1.105822692148e-10       6.510356132873e-16       1.535636037953e-13       0.000000000000e+00       4.284692752507e-10       3.897353011063e-11      -5.576315047792e-14 
   18       1.122956825052e-10       6.885923477885e-16       1.616365380329e-13       0.000000000000e+00       3.894499676362e-10       3.574621672581e-11      -5.934838884680e-14 
   19       1.141569423258e-10       7.207184553223e-16       1.684794551913e-13       0.000000000000e+00       3.554294340946e-10       3.292030216595e-11      -5.325500462282e-14 
   20       1.160113701075e-10       7.615767196148e-16       1.742974870280e-13       0.000000000000e+00       3.255796757149e-10       3.038483552991e-11      -4.120810300887e-14 
   21       1.179482916819e-10       8.293433141029e-16       1.796491769063e-13       0.000000000000e+00       2.992394327533e-10       2.807727185192e-11      -2.708262675314e-14 
   22       1.199414959621e-10       9.342581160112e-16       1.850261440565e-13       0.000000000000e+00       2.758754029156e-10       2.599929523233e-11      -1.418651741403e-14 
   23       1.219821665133e-10       1.075980070670e-15       1.909000956073e-13       0.000000000000e+00       2.550528087213e-10       2.416139246856e-11      -4.798191672190e-15 
   24       1.240730448967e-10       1.248327475765e-15       1.975082521501e-13       0.000000000000e+00       2.364146476739e-10       2.253581196965e-11       2.143869619723e-17 
   25       1.261683927224e-10       1.445842836939e-15       2.048955112473e-13       0.000000000000e+00       2.196648358318e-10       2.107394987583e-11       3.610974130584e-16 
   26       1.283387840898e-10       1.666704745992e-15       2.128500926449e-13       0.000000000000e+00       2.045563646421e-10       1.974548673950e-11      -2.803990638547e-15 
   27       1.305240324443e-10       1.911354635438e-15       2.209028337852e-13       0.000000000000e+00       1.908814131357e-10       1.854649200091e-11      -7.981476735384e-15 
   28       1.327482470068e-10       2.179927327261e-15       2.285757428228e-13       0.000000000000e+00       1.784649282035e-10       1.742199226996e-11      -1.385046279101e-14 
   29       1.349939792833e-10       2.470686020377e-15       2.354370502925e-13       0.000000000000e+00       1.671584688818e-10       1.638661421948e-11      -1.892376574619e-14 
   30       1.372838754774e-10       2.780970416207e-15       2.410902566992e-13       0.000000000000e+00       1.568341544156e-10       1.545255725944e-11      -2.208379832896e-14 
   31       1.396043853028e-10       3.109705634716e-15       2.452135294769e-13       0.000000000000e+00       1.473818545507e-10       1.461092363360e-11      -2.287870341286e-14 
   32       1.419333092853e-10       3.458998703995e-15       2.476873869467e-13       0.000000000000e+00       1.387065544396e-10       1.385421696012e-11      -2.137815696637e-14 
   33       1.443295153052e-10       3.833212564998e-15       2.484798311146e-13       0.000000000000e+00       1.307266983806e-10       1.308385370025e-11      -1.875864543089e-14 
   34       1.466976491781e-10       4.236801648727e-15       2.477659408605e-13       0.000000000000e+00       1.233715067881e-10       1.238115720589e-11      -1.517944435059e-14 
   35       1.491180068478e-10       4.673294895928e-15       2.457297451176e-13       0.000000000000e+00       1.165775617290e-10       1.175005739590e-11      -1.138350225268e-14 
   36       1.515871355252e-10       5.144353408136e-15       2.424672150242e-13       0.000000000000e+00       1.102895433571e-10       1.117625792537e-11      -8.194538617886e-15 
   37       1.540201144168e-10       5.649739945630e-15       2.383118754628e-13       0.000000000000e+00       1.044601516487e-10       1.061692527321e-11      -6.491534060933e-15 
   38       1.565435043672e-10       6.188917814811e-15       2.332418175530e-13       0.000000000000e+00       9.904658922539e-11       1.012235418957e-11      -5.826159683670e-15 
   39       1.590466133425e-10       6.761794492287e-15       2.271063057847e-13       0.000000000000e+00       9.401024038619e-11       9.677373317486e-12      -5.993026881553e-15 
   40       1.615495976281e-10       7.369189665704e-15       2.199775731903e-13       0.000000000000e+00       8.931804107905e-11       9.200759142091e-12      -7.531072792063e-15 
   41       1.641784958453e-10       8.012187984676e-15       2.114758574196e-13       0.000000000000e+00       8.494052717100e-11       8.777019251060e-12      -9.186321055387e-15 
   42       1.667296343452e-10       8.690505465894e-15       2.014719780317e-13       0.000000000000e+00       8.085000161204e-11       8.416264968017e-12      -1.036859752260e-14 
   43       1.692897298011e-10       9.403798857055e-15       1.900375656616e-13       0.000000000000e+00       7.702281561317e-11       8.043445662568e-12      -1.164021620517e-14 
   44       1.719945367424e-10       1.015286460499e-14       1.766075628021e-13       0.000000000000e+00       7.343783067294e-11       7.709931975719e-12      -1.196826190229e-14 
   45       1.746138870321e-10       1.093827257685e-14       1.612260269972e-13       0.000000000000e+00       7.007477873442e-11       7.405523746067e-12      -1.122998821376e-14 
   46       1.772967206469e-10       1.176080494905e-14       1.441801531799e-13       0.000000000000e+00       6.691615808319e-11       7.094039547694e-12      -1.020234127929e-14 
   47       1.800189298798e-10       1.262165203584e-14       1.253725260758e-13       0.000000000000e+00       6.394829490448e-11       6.789850871364e-12      -9.013321956918e-15 
   48       1.826950204604e-10       1.352184387865e-14       1.046552245748e-13       0.000000000000e+00       6.115398237839e-11       6.516652636356e-12      -7.631172458371e-15 
   49       1.853997218096e-10       1.446113502568e-14       8.220254401502e-14       0.000000000000e+00       5.852189099805e-11       6.267319497950e-12      -6.326526858047e-15 
   50       1.882203540974e-10       1.543885920882e-14       5.826473265800e-14       0.000000000000e+00       5.603910140388e-11       6.027893434869e-12      -5.424623333930e-15 
   51       1.910706129341e-10       1.645451984668e-14       3.292944282253e-14       0.000000000000e+00       5.369612367507e-11       5.798638371437e-12      -5.005010931939e-15 
   52       1.938478861446e-10       1.750790783099e-14       6.199102144513e-15       0.000000000000e+00       5.148192374036e-11       5.583215808803e-12      -5.064116180759e-15 
   53       1.966339724548e-10       1.860018442884e-14      -2.211621613619e-14       0.000000000000e+00       4.938853695412e-11       5.382746296697e-12      -5.540448922402e-15 
   54       1.995321234967e-10       1.973264408804e-14      -5.220758645972e-14       0.000000000000e+00       4.740683897270e-11       5.196256007347e-12      -6.331583922893e-15 
   55       2.024812548761e-10       2.090519953647e-14      -8.397020288096e-14       0.000000000000e+00       4.553004818180e-11       5.017525718151e-12      -7.264703923683e-15 
   56       2.053953480009e-10       2.211736839057e-14      -1.172763968758e-13       0.000000000000e+00       4.375044272873e-11       4.840251405033e-12      -8.141985874874e-15 
   57       2.083097429893e-10       2.336888230394e-14      -1.523091456492e-13       0.000000000000e+00       4.206233011131e-11       4.666926789856e-12      -8.805116444273e-15 
   58       2.112815483080e-10       2.465946703567e-14      -1.892891577485e-13       0.000000000000e+00       4.045927904035e-11       4.502153538667e-12      -9.132668871985e-15 
   59       2.143017457186e-10       2.598874880235e-14      -2.281630253252e-13       0.000000000000e+00       3.893641771808e-11       4.348317146819e-12      -9.155424227726e-15 
   60       2.173458354165e-10       2.735634902500e-14      -2.688334794162e-13       0.000000000000e+00       3.748825530894e-11       4.206094535906e-12      -8.957093747436e-15 
   61       2.204098948262e-10       2.876217240626e-14      -3.113768092646e-13       0.000000000000e+00       3.611062648856e-11       4.071400376985e-12      -8.644047454673e-15 
   62       2.234963871105e-10       3.020596060976e-14      -3.558603354178e-13       0.000000000000e+00       3.479886548638e-11       3.939564326029e-12      -8.333190238704e-15 
   63       2.266128057184e-10       3.168648639668e-14      -4.020855289906e-13       0.000000000000e+00       3.354936858437e-11       3.810793038625e-12      -8.125790320780e-15 
   64       2.297658658249e-10       3.320248506669e-14      -4.498489929306e-13       0.000000000000e+00       3.235812464121e-11       3.686844472707e-12      -8.106753257348e-15 
   65       2.329525663599e-10       3.475405239567e-14      -4.993065275287e-13       0.000000000000e+00       3.122206807512e-11       3.570343344828e-12      -8.284531273518e-15 
   66       2.361681083975e-10       3.634146365119e-14      -5.506559050467e-13       0.000000000000e+00       3.013777005505e-11       3.463023155624e-12      -8.645640400079e-15 
   67       2.394142198415e-10       3.796406720333e-14      -6.037989797575e-13       0.000000000000e+00       2.910239074795e-11       3.361373349759e-12      -9.177126311928e-15 
   68       2.426933561370e-10       3.962104945615e-14      -6.585889987894e-13       0.000000000000e+00       2.811286465172e-11       3.261231539288e-12      -9.844042967846e-15 
   69       2.460041853646e-10       4.131215997386e-14      -7.150554964838e-13       0.000000000000e+00       2.716723052097e-11       3.163095620025e-12      -1.052387315351e-14 
   70       2.493437105381e-10       4.303730637728e-14      -7.732818469682e-13       0.000000000000e+00       2.626307205526e-11       3.068809365671e-12      -1.105782794805e-14 
   71       2.527094571261e-10       4.479610425548e-14      -8.333300356721e-13       0.000000000000e+00       2.539748516065e-11       2.979883219718e-12      -1.131862564555e-14 
   72       2.561040982378e-10       4.658689697942e-14      -8.951406192400e-13       0.000000000000e+00       2.456884591161e-11       2.895945441213e-12      -1.136985215644e-14 
   73       2.595316501100e-10       4.840754723779e-14      -9.586139547527e-13       0.000000000000e+00       2.377529910987e-11       2.815995759117e-12      -1.133659422065e-14 
   74       2.629951847053e-10       5.025590144285e-14      -1.023643530745e-12       0.000000000000e+00       2.301460115208e-11       2.739047061911e-12      -1.132791582306e-14 
   75       2.664939007895e-10       5.213037064190e-14      -1.090129241033e-12       0.000000000000e+00       2.228540675474e-11       2.664741919153e-12      -1.133709662408e-14 
   76       2.700254806161e-10       5.402944871473e-14      -1.157966021780e-12       0.000000000000e+00       2.158615863503e-11       2.592838922489e-12      -1.132360597393e-14 
   77       2.735875117076e-10       5.595147122269e-14      -1.227062971560e-12       0.000000000000e+00       2.091499746526e-11       2.523147278836e-12      -1.125515631432e-14 
   78       2.771793625157e-10       5.789439931235e-14      -1.297418035119e-12       0.000000000000e+00       2.027078247974e-11       2.455912657665e-12      -1.114819506573e-14 
   79       2.808005884940e-10       5.985599380057e-14      -1.369056413709e-12       0.000000000000e+00       1.965220609374e-11       2.391495754991e-12      -1.103447415672e-14 
   80       2.844512966304e-10       6.183422823234e-14      -1.442007768733e-12       0.000000000000e+00       1.905772993517e-11       2.330128011706e-12      -1.093901349644e-14 
   81       2.881351613124e-10       6.382841405202e-14      -1.516303678624e-12       0.000000000000e+00       1.848641757437e-11       2.271499231995e-12      -1.084782152131e-14 
   82       2.918568985002e-10       6.583826639111e-14      -1.591980169339e-12       0.000000000000e+00       1.793720938312e-11       2.215097010619e-12      -1.073473847523e-14 
   83       2.956197177688e-10       6.786349867659e-14      -1.669064606161e-12       0.000000000000e+00       1.740885408760e-11       2.160434296922e-12      -1.057591067216e-14 
   84       2.994200723684e-10       6.990359075427e-14      -1.747530722789e-12       0.000000000000e+00       1.690053436600e-11       2.107391647024e-12      -1.036545129472e-14 
   85       3.032520206292e-10       7.195798828206e-14      -1.827336419342e-12       0.000000000000e+00       1.641131785703e-11       2.055927257978e-12      -1.010227116197e-14 
   86       3.071106624231e-10       7.402587851058e-14      -1.908420380770e-12       0.000000000000e+00       1.594013019691e-11       2.006038183117e-12      -9.790665635220e-15 
   87       3.109981658559e-10       7.610524698061e-14      -1.990648393132e-12       0.000000000000e+00       1.548630558398e-11       1.957967258311e-12      -9.457138396263e-15 
   88       3.149186659219e-10       7.819367147706e-14      -2.073858241692e-12       0.000000000000e+00       1.504910335201e-11       1.912027904968e-12      -9.136326144873e-15 
   89       3.188752785241e-10       8.028850948715e-14      -2.157894025357e-12       0.000000000000e+00       1.462765505301e-11       1.868387469841e-12      -8.857453930892e-15 
   90       3.228663747991e-10       8.238659896318e-14      -2.242664802434e-12       0.000000000000e+00       1.422135277746e-11       1.826576447155e-12      -8.617089872167e-15 
   91       3.268887195586e-10       8.448450591021e-14      -2.328094646204e-12       0.000000000000e+00       1.382950466676e-11       1.785901866220e-12      -8.402261408518e-15 
   92       3.309395349372e-10       8.657911994758e-14      -2.414118505799e-12       0.000000000000e+00       1.345133997313e-11       1.745780470393e-12      -8.201594594021e-15 
   93       3.350195340613e-10       8.866926974763e-14      -2.500725334510e-12       0.000000000000e+00       1.308642100233e-11       1.706333077764e-12      -8.014676328369e-15 
   94       3.391303180369e-10       9.075434714578e-14      -2.587921516492e-12       0.000000000000e+00       1.273428011359e-11       1.667876647095e-12      -7.844048772515e-15 
   95       3.432734516039e-10       9.283382210191e-14      -2.675718029495e-12       0.000000000000e+00       1.239428750613e-11       1.630744619556e-12      -7.692376095508e-15 
   96       3.474499793704e-10       9.490692033582e-14      -2.764109828415e-12       0.000000000000e+00       1.206576329526e-11       1.595194704305e-12      -7.561336943250e-15 
   97       3.516589027960e-10       9.697159531321e-14      -2.853010181435e-12       0.000000000000e+00       1.174834476516e-11       1.561116215855e-12      -7.448112529839e-15 
   98       3.558984723619e-10       9.902541173849e-14      -2.942307033378e-12       0.000000000000e+00       1.144166238312e-11       1.528280398016e-12      -7.348387855561e-15 
   99       3.601666372555e-10       1.010658570016e-13      -3.031882850659e-12       0.000000000000e+00       1.114522267694e-11       1.496428251251e-12      -7.257403777528e-15 
  100       3.644615555059e-10       1.030904730326e-13      -3.121628779174e-12       0.000000000000e+00       1.085849182652e-11       1.465320000483e-12      -7.170452260767e-15 
  101       3.687832282450e-10       1.050972748564e-13      -3.211489584714e-12       0.000000000000e+00       1.058116884234e-11       1.434893340183e-12      -7.084467548716e-15 
  102       3.731320766313e-10       1.070843893952e-13      -3.301424872730e-12       0.000000000000e+00       1.031294311559e-11       1.405125832777e-12      -6.996636710219e-15 
  103       3.775084378206e-10       1.090499286671e-13      -3.391395474805e-12       0.000000000000e+00       1.005340696792e-11       1.375986239558e-12      -6.903906171985e-15 
  104       3.819123914778e-10       1.109919979509e-13      -3.481355601567e-12       0.000000000000e+00       9.802122427977e-12       1.347466163810e-12      -6.804752860005e-15 
  105       3.863432214769e-10       1.129087200326e-13      -3.571227930371e-12       0.000000000000e+00       9.558838591399e-12       1.319680480960e-12      -6.704783225879e-15 
  106       3.907998734847e-10       1.147982155544e-13      -3.660925278447e-12       0.000000000000e+00       9.323297910891e-12       1.292779990669e-12      -6.611882733270e-15 
  107       3.952811119462e-10       1.166585966136e-13      -3.750358214651e-12       0.000000000000e+00       9.095166564030e-12       1.266920748037e-12      -6.534519443385e-15 
  108       3.997857269264e-10       1.184879813256e-13      -3.839440207981e-12       0.000000000000e+00       8.874087296022e-12       1.242213431814e-12      -6.479209466008e-15 
  109       4.043131981028e-10       1.202845379891e-13      -3.928103859543e-12       0.000000000000e+00       8.659850865483e-12       1.218563825083e-12      -6.442508954526e-15 
  110       4.088631065085e-10       1.220464481618e-13      -4.016286774259e-12       0.000000000000e+00       8.452242607623e-12       1.195811565462e-12      -6.417999231991e-15 
  111       4.134349256915e-10       1.237718943052e-13      -4.103926631388e-12       0.000000000000e+00       8.250987433052e-12       1.173778523129e-12      -6.398729173801e-15 
  112       4.180280025503e-10       1.254590732678e-13      -4.190958031363e-12       0.000000000000e+00       8.055790766873e-12       1.152290867925e-12      -6.377727933407e-15 
  113       4.226415052472e-10       1.271062366816e-13      -4.277302496771e-12       0.000000000000e+00       7.866471084781e-12       1.131249407650e-12      -6.349643224949e-15 
  114       4.272744615910e-10       1.287116573977e-13      -4.362877285831e-12       0.000000000000e+00       7.682840739770e-12       1.110567276673e-12      -6.309286565476e-15 
  115       4.319257699107e-10       1.302736184102e-13      -4.447598485845e-12       0.000000000000e+00       7.504663322341e-12       1.090147957330e-12      -6.251118971447e-15 
  116       4.365943011319e-10       1.317904375095e-13      -4.531383669963e-12       0.000000000000e+00       7.331691547164e-12       1.069928200116e-12      -6.171765186489e-15 
  117       4.412792275201e-10       1.332605424166e-13      -4.614160209805e-12       0.000000000000e+00       7.163789133821e-12       1.050013229921e-12      -6.077919304341e-15 
  118       4.459797266802e-10       1.346824067818e-13      -4.695857999406e-12       0.000000000000e+00       7.000821182791e-12       1.030557593125e-12      -5.979390609658e-15 
  119       4.506948761325e-10       1.360545286267e-13      -4.776406934471e-12       0.000000000000e+00       6.842615171762e-12       1.011723596720e-12      -5.886682382596e-15 
  120       4.554236503029e-10       1.373754315944e-13      -4.855736947062e-12       0.000000000000e+00       6.688959902120e-12       9.936814441046e-13      -5.811006641873e-15 
  121       4.601649769161e-10       1.386436812560e-13      -4.933776925363e-12       0.000000000000e+00       6.539639435568e-12       9.765518316355e-13      -5.760882233228e-15 
  122       4.649179200472e-10       1.398579335213e-13      -5.010451256208e-12       0.000000000000e+00       6.394541637817e-12       9.602258582393e-13      -5.731447819642e-15 
  123       4.696815128682e-10       1.410168942586e-13      -5.085682942418e-12       0.000000000000e+00       6.253560379556e-12       9.445242535416e-13      -5.713923459121e-15 
  124       4.744546976584e-10       1.421193061026e-13      -5.159394706926e-12       0.000000000000e+00       6.116560919709e-12       9.292527064129e-13      -5.698902669874e-15 
  125       4.792363232774e-10       1.431639498268e-13      -5.231509018400e-12       0.000000000000e+00       5.983379136364e-12       9.142015330212e-13      -5.676339399458e-15 
  126       4.840251929044e-10       1.441496660201e-13      -5.301949579528e-12       0.000000000000e+00       5.853846725150e-12       8.991913881326e-13      -5.637726875779e-15 
  127       4.888202186925e-10       1.450754199502e-13      -5.370645926396e-12       0.000000000000e+00       5.727871629979e-12       8.842169096719e-13      -5.582938556013e-15 
  128       4.936202797832e-10       1.459402466040e-13      -5.437529396063e-12       0.000000000000e+00       5.605365229778e-12       8.693186442381e-13      -5.514133931707e-15 
  129       4.984241714677e-10       1.467432325458e-13      -5.502531746357e-12       0.000000000000e+00       5.486216611311e-12       8.545384616163e-13      -5.433638814830e-15 
  130       5.032306030364e-10       1.474835174417e-13      -5.565585192465e-12       0.000000000000e+00       5.370291994833e-12       8.399195681108e-13      -5.343948743969e-15 
  131       5.080382670253e-10       1.481603068690e-13      -5.626621930954e-12       0.000000000000e+00       5.257454247844e-12       8.255132093426e-13      -5.247991516872e-15 
  132       5.128460599754e-10       1.487729090725e-13      -5.685572576071e-12       0.000000000000e+00       5.147625028561e-12       8.113995690086e-13      -5.149939624684e-15 
  133       5.176528815765e-10       1.493207050836e-13      -5.742367622860e-12       0.000000000000e+00       5.040728303633e-12       7.976691645229e-13      -5.054492474125e-15 
  134       5.224575637722e-10       1.498031393792e-13      -5.796937977282e-12       0.000000000000e+00       4.936670431506e-12       7.844164192457e-13      -4.966630287938e-15 
  135       5.272588691053e-10       1.502197214847e-13      -5.849214989244e-12       0.000000000000e+00       4.835339727478e-12       7.717397222395e-13      -4.891619309332e-15 
  136       5.320555219556e-10       1.505700412808e-13      -5.899131166603e-12       0.000000000000e+00       4.736623594287e-12       7.597063932459e-13      -4.833302212113e-15 
  137       5.368463094333e-10       1.508538133287e-13      -5.946622331204e-12       0.000000000000e+00       4.640462850296e-12       7.482433293057e-13      -4.788757181688e-15 
  138       5.416299879135e-10       1.510708402240e-13      -5.991625751190e-12       0.000000000000e+00       4.546802265296e-12       7.372350217444e-13      -4.753089486667e-15 
  139       5.464052496582e-10       1.512210009837e-13      -6.034079517252e-12       0.000000000000e+00       4.455573184146e-12       7.265574637801e-13      -4.721090550510e-15 
  140       5.511707213739e-10       1.513042527371e-13      -6.073922580045e-12       0.000000000000e+00       4.366693204954e-12       7.160779842507e-13      -4.687232111786e-15 
  141       5.559249627681e-10       1.513206324180e-13      -6.111094787608e-12       0.000000000000e+00       4.280065857275e-12       7.056550813409e-13      -4.645660384419e-15 
  142       5.606665289207e-10       1.512702666054e-13      -6.145537125301e-12       0.000000000000e+00       4.195595384902e-12       6.951725845146e-13      -4.591660218913e-15 
  143       5.653941674695e-10       1.511533985845e-13      -6.177192383608e-12       0.000000000000e+00       4.113233439814e-12       6.846463408261e-13      -4.526224899410e-15 
  144       5.701066384816e-10       1.509703672160e-13      -6.206004628460e-12       0.000000000000e+00       4.032936465079e-12       6.741279242613e-13      -4.451934069585e-15 
  145       5.748026513537e-10       1.507216007525e-13      -6.231919042966e-12       0.000000000000e+00       3.954650778713e-12       6.636713009725e-13      -4.371527553154e-15 
  146       5.794808637462e-10       1.504076185782e-13      -6.254881966030e-12       0.000000000000e+00       3.878312341128e-12       6.533328658705e-13      -4.287908201224e-15 
  147       5.841398805180e-10       1.500290329483e-13      -6.274840930959e-12       0.000000000000e+00       3.803846522584e-12       6.431714792173e-13      -4.204144739638e-15 
  148       5.887782908318e-10       1.495865517830e-13      -6.291744813113e-12       0.000000000000e+00       3.731179077546e-12       6.332406833212e-13      -4.122999541617e-15 
  149       5.933947857288e-10       1.490809836843e-13      -6.305544207410e-12       0.000000000000e+00       3.660270744404e-12       6.235644340450e-13      -4.045454891556e-15 
  150       5.979880498645e-10       1.485132367140e-13      -6.316191160729e-12       0.000000000000e+00       3.591085539878e-12       6.141590984992e-13      -3.972050014154e-15 
  151       6.025567235014e-10       1.478843191134e-13      -6.323639105000e-12       0.000000000000e+00       3.523579680388e-12       6.050410597570e-13      -3.903343700664e-15 
  152       6.070994016508e-10       1.471953410483e-13      -6.327842896407e-12       0.000000000000e+00       3.457701410490e-12       5.962267108934e-13      -3.839914571037e-15 
  153       6.116146332152e-10       1.464475163544e-13      -6.328758854596e-12       0.000000000000e+00       3.393390831312e-12       5.877324490237e-13      -3.782361336060e-15 
  154       6.161009586597e-10       1.456421599254e-13      -6.326344982979e-12       0.000000000000e+00       3.330588275087e-12       5.795643617543e-13      -3.730907864613e-15 
  155       6.205570287460e-10       1.447806759356e-13      -6.320561570045e-12       0.000000000000e+00       3.269260659791e-12       5.716862275373e-13      -3.684176801940e-15 
  156       6.249814951784e-10       1.438645718531e-13      -6.311370718613e-12       0.000000000000e+00       3.209377252456e-12       5.640485350499e-13      -3.640302668801e-15 
  157       6.293729724013e-10       1.428954644087e-13      -6.298736209509e-12       0.000000000000e+00       3.150901214289e-12       5.565984678646e-13      -3.597315166303e-15 
  158       6.337300369353e-10       1.418750813186e-13      -6.282623541679e-12       0.000000000000e+00       3.093789472077e-12       5.492798466693e-13      -3.553137451306e-15 
  159       6.380512267126e-10       1.408052630083e-13      -6.262999972314e-12       0.000000000000e+00       3.037992589579e-12       5.420330714874e-13      -3.505584411825e-15 
  160       6.423351018949e-10       1.396879496077e-13      -6.239834615985e-12       0.000000000000e+00       2.983461963674e-12       5.348085703633e-13      -3.452908381391e-15 
  161       6.465804348025e-10       1.385251370180e-13      -6.213098667759e-12       0.000000000000e+00       2.930172402456e-12       5.276086116223e-13      -3.395494475197e-15 
  162       6.507860356931e-10       1.373189202108e-13      -6.182765276674e-12       0.000000000000e+00       2.878101319593e-12       5.204491186421e-13      -3.334313498055e-15 
  163       6.549506924253e-10       1.360715092457e-13      -6.148809528571e-12       0.000000000000e+00       2.827221496513e-12       5.133465030421e-13      -3.270388889493e-15 
  164       6.590731700805e-10       1.347852309254e-13      -6.111208486480e-12       0.000000000000e+00       2.777500987925e-12       5.063176698223e-13      -3.204797549346e-15 
  165       6.631522105857e-10       1.334625304502e-13      -6.069941231013e-12       0.000000000000e+00       2.728903027340e-12       4.993800225015e-13      -3.138670663344e-15 
  166       6.671865323352e-10       1.321059730730e-13      -6.024988900758e-12       0.000000000000e+00       2.681385932588e-12       4.925514682565e-13      -3.073194528691e-15 
  167       6.711748355438e-10       1.307182170526e-13      -5.976334465141e-12       0.000000000000e+00       2.634909178965e-12       4.858472426747e-13      -3.009363513580e-15 
  168       6.751158196081e-10       1.293019264531e-13      -5.923961936610e-12       0.000000000000e+00       2.589452398547e-12       4.792700690309e-13      -2.947213536880e-15 
  169       6.790081665107e-10       1.278598540368e-13      -5.867857168233e-12       0.000000000000e+00       2.544997828792e-12       4.728191652206e-13      -2.886524456509e-15 
  170       6.828505348719e-10       1.263948708163e-13      -5.808008154125e-12       0.000000000000e+00       2.501524223216e-12       4.664933401846e-13      -2.827061817041e-15 
  171       6.866415595969e-10       1.249099675862e-13      -5.744405068690e-12       0.000000000000e+00       2.459006783302e-12       4.602909854444e-13      -2.768576615127e-15 
  172       6.903798515222e-10       1.234082564552e-13      -5.677040305872e-12       0.000000000000e+00       2.417417090390e-12       4.542100666376e-13      -2.710805064921e-15 
  173       6.940639970629e-10       1.218929723785e-13      -5.605908518402e-12       0.000000000000e+00       2.376723037585e-12       4.482481150537e-13      -2.653468363500e-15 
  174       6.976926298814e-10       1.203674382454e-13      -5.531006526977e-12       0.000000000000e+00       2.336893244051e-12       4.424002587044e-13      -2.596288345711e-15 
  175       7.012646532235e-10       1.188349537277e-13      -5.452332957348e-12       0.000000000000e+00       2.297910846297e-12       4.366531521906e-13      -2.539036378933e-15 
  176       7.047790352162e-10       1.172989002151e-13      -5.369888648608e-12       0.000000000000e+00       2.259760712125e-12       4.309905306801e-13      -2.481488045352e-15 
  177       7.082347384177e-10       1.157627778170e-13      -5.283676819026e-12       0.000000000000e+00       2.222425009949e-12       4.253951095003e-13      -2.423407442729e-15 
  178       7.116307197475e-10       1.142302067509e-13      -5.193703104784e-12       0.000000000000e+00       2.185883158365e-12       4.198485679481e-13      -2.364547012444e-15 
  179       7.149659304175e-10       1.127049287305e-13      -5.099975598710e-12       0.000000000000e+00       2.150111775710e-12       4.143315330993e-13      -2.304647367535e-15 
  180       7.182393158623e-10       1.111908083548e-13      -5.002504889013e-12       0.000000000000e+00       2.115084629630e-12       4.088235636183e-13      -2.243437120745e-15 
  181       7.214498190214e-10       1.096917770668e-13      -4.901303493561e-12       0.000000000000e+00       2.080776361690e-12       4.033104896510e-13      -2.180761269522e-15 
  182       7.245963906188e-10       1.082116571802e-13      -4.796384031814e-12       0.000000000000e+00       2.047174095784e-12       3.978071151460e-13      -2.116978059096e-15 
  183       7.276779795652e-10       1.067543265755e-13      -4.687760982432e-12       0.000000000000e+00       2.014266652735e-12       3.923362834303e-13      -2.052593237640e-15 
  184       7.306935296217e-10       1.053237760486e-13      -4.575451311012e-12       0.000000000000e+00       1.982040821300e-12       3.869216929576e-13      -1.988134613280e-15 
  185       7.336419793436e-10       1.039241104908e-13      -4.459474506624e-12       0.000000000000e+00       1.950481321484e-12       3.815879079141e-13      -1.924152350434e-15 
  186       7.365222620229e-10       1.025595500673e-13      -4.339852618344e-12       0.000000000000e+00       1.919570767862e-12       3.763603688250e-13      -1.861219266164e-15 
  187       7.393333056311e-10       1.012344313969e-13      -4.216610291785e-12       0.000000000000e+00       1.889289632887e-12       3.712654031601e-13      -1.799931126519e-15 
  188       7.420740327618e-10       9.995320873093e-14      -4.089774805629e-12       0.000000000000e+00       1.859616210214e-12       3.663302359404e-13      -1.740906942878e-15 
  189       7.447434010855e-10       9.872038059969e-14      -3.959375450570e-12       0.000000000000e+00       1.830529688191e-12       3.615757874291e-13      -1.684620735898e-15 
  190       7.473405282561e-10       9.754026108332e-14      -3.825441537389e-12       0.000000000000e+00       1.802019707011e-12       3.569944343767e-13      -1.630881967363e-15 
  191       7.498645763818e-10       9.641719343569e-14      -3.688004307865e-12       0.000000000000e+00       1.774077456935e-12       3.525705799447e-13      -1.579316212534e-15 
  192       7.523147124427e-10       9.535562398233e-14      -3.547097612893e-12       0.000000000000e+00       1.746692607123e-12       3.482877016739e-13      -1.529529887054e-15 
  193       7.546901083689e-10       9.436010305060e-14      -3.402757946820e-12       0.000000000000e+00       1.719853279344e-12       3.441283379873e-13      -1.481109980103e-15 
  194       7.569899411183e-10       9.343528589980e-14      -3.255024481782e-12       0.000000000000e+00       1.693546021682e-12       3.400740746927e-13      -1.433623787568e-15 
  195       7.592133927555e-10       9.258593365128e-14      -3.103939102036e-12       0.000000000000e+00       1.667755782252e-12       3.361055314858e-13      -1.386618645204e-15 
  196       7.613596505295e-10       9.181691421863e-14      -2.949546438298e-12       0.000000000000e+00       1.642465882900e-12       3.322023484526e-13      -1.339621661792e-15 
  197       7.634279315869e-10       9.113311447494e-14      -2.791892848710e-12       0.000000000000e+00       1.617660264457e-12       3.283465100290e-13      -1.292233805038e-15 
  198       7.654175589569e-10       9.053916768556e-14      -2.631023207507e-12       0.000000000000e+00       1.593330459544e-12       3.245326149359e-13      -1.244420356084e-15 
  199       7.673278912590e-10       9.003970798759e-14      -2.466983948289e-12       0.000000000000e+00       1.569469077672e-12       3.207583292914e-13      -1.196241125651e-15 
  200       7.691582987189e-10       8.963945802100e-14      -2.299824127261e-12       0.000000000000e+00       1.546067560183e-12       3.170211131773e-13      -1.147758026014e-15 
  201       7.709081633217e-10       8.934322958579e-14      -2.129595454327e-12       0.000000000000e+00       1.523116160939e-12       3.133182174093e-13      -1.099035094443e-15 
  202       7.725768789668e-10       8.915592429896e-14      -1.956352324183e-12       0.000000000000e+00       1.500603927028e-12       3.096466803072e-13      -1.050138516635e-15 
  203       7.741638516210e-10       8.908253425158e-14      -1.780151847415e-12       0.000000000000e+00       1.478518679453e-12       3.060033244653e-13      -1.001136650148e-15 
  204       7.756684994730e-10       8.912814266587e-14      -1.601053881589e-12       0.000000000000e+00       1.456846993836e-12       3.023847535227e-13      -9.521000478341e-16 
  205       7.770902689166e-10       8.929781640855e-14      -1.419119856488e-12       0.000000000000e+00       1.435576045604e-12       2.987871357744e-13      -9.030891400618e-16 
  206       7.784286834269e-10       8.959627377643e-14      -1.234409093500e-12       0.000000000000e+00       1.414699329691e-12       2.952055448284e-13      -8.541162712865e-16 
  207       7.796832984099e-10       9.002819467533e-14      -1.046982288058e-12       0.000000000000e+00       1.394211304798e-12       2.916345664654e-13      -8.051810457200e-16 
  208       7.808536858783e-10       9.059832701875e-14      -8.569027198068e-13       0.000000000000e+00       1.374105551014e-12       2.880685038339e-13      -7.562824178602e-16 
  209       7.819394346511e-10       9.131148707763e-14      -6.642362802792e-13       0.000000000000e+00       1.354374755813e-12       2.845013736144e-13      -7.074186808565e-16 
  210       7.829401505519e-10       9.217255983007e-14      -4.690515005580e-13       0.000000000000e+00       1.335010700045e-12       2.809269021844e-13      -6.585874548754e-16 
  211       7.838554566085e-10       9.318649931112e-14      -2.714195789468e-13       0.000000000000e+00       1.316004243936e-12       2.773385217826e-13      -6.097856754666e-16 
  212       7.846849932513e-10       9.435832896253e-14      -7.141440863748e-14       0.000000000000e+00       1.297345313082e-12       2.737293666736e-13      -5.610095819282e-16 
  213       7.854284185126e-10       9.569314198246e-14       1.308873946217e-13       0.000000000000e+00       1.279022884444e-12       2.700922693129e-13      -5.122547056726e-16 
  214       7.860854267841e-10       9.719597188894e-14       3.354082396638e-13       0.000000000000e+00       1.261026503366e-12       2.664249054323e-13      -4.635379709558e-16 
  215       7.866558060797e-10       9.887139380680e-14       5.420749893486e-13       0.000000000000e+00       1.243350977114e-12       2.627456219357e-13      -4.149656735961e-16 
  216       7.871393850078e-10       1.007238970428e-13       7.508138427771e-13       0.000000000000e+00       1.225991969918e-12       2.590786660328e-13      -3.666700514064e-16 
  217       7.875360148053e-10       1.027580124744e-13       9.615485703895e-13       0.000000000000e+00       1.208944490352e-12       2.554491414810e-13      -3.187876282996e-16 
  218       7.878455695843e-10       1.049783125608e-13       1.174200490926e-12       0.000000000000e+00       1.192202881322e-12       2.518830181793e-13      -2.714592603263e-16 
  219       7.880679465799e-10       1.073894113542e-13       1.388688448386e-12       0.000000000000e+00       1.175760810059e-12       2.484071417620e-13      -2.248301817122e-16 
  220       7.882030663973e-10       1.099959645115e-13       1.604928788992e-12       0.000000000000e+00       1.159611258102e-12       2.450492431921e-13      -1.790500508957e-16 
  221       7.882508732594e-10       1.128026693050e-13       1.822835338147e-12       0.000000000000e+00       1.143746511291e-12       2.418379483551e-13      -1.342729965654e-16 
  222       7.882113352540e-10       1.158142646337e-13       2.042319377400e-12       0.000000000000e+00       1.128158149754e-12       2.388027876527e-13      -9.065766369780e-17 
  223       7.880844528284e-10       1.190353983717e-13       2.263291382808e-12       0.000000000000e+00       1.112838147855e-12       2.359644181492e-13      -4.831571155824e-17 
  224       7.878702843708e-10       1.224702198707e-13       2.485666412512e-12       0.000000000000e+00       1.097782273693e-12       2.333045685855e-13      -7.153517116226e-18 
  225       7.875689227600e-10       1.261227611605e-13       2.709359022532e-12       0.000000000000e+00       1.082986889789e-12       2.307941718166e-13       3.297966293295e-17 
  226       7.871804875320e-10       1.299970669413e-13       2.934281517939e-12       0.000000000000e+00       1.068447855551e-12       2.284029639554e-13       7.224114036535e-17 
  227       7.867051251475e-10       1.340971942764e-13       3.160343934038e-12       0.000000000000e+00       1.054160519934e-12       2.260994704546e-13       1.107948732249e-16 
  228       7.861430092586e-10       1.384272122842e-13       3.387454017572e-12       0.000000000000e+00       1.040119714094e-12       2.238509921872e-13       1.488115436203e-16 
  229       7.854943409767e-10       1.429912018316e-13       3.615517207906e-12       0.000000000000e+00       1.026319744043e-12       2.216235915280e-13       1.864686355210e-16 
  230       7.847593491389e-10       1.477932552258e-13       3.844436618220e-12       0.000000000000e+00       1.012754383301e-12       2.193820784350e-13       2.239505125548e-16 
  231       7.839382905756e-10       1.528374759072e-13       4.074113016705e-12       0.000000000000e+00       9.994168655576e-13       2.170899965302e-13       2.614484958035e-16 
  232       7.830314488255e-10       1.581278333299e-13       4.304447180646e-12       0.000000000000e+00       9.863007879516e-13       2.147181543891e-13       2.991146378080e-16 
  233       7.820391296392e-10       1.636677182312e-13       4.535347159946e-12       0.000000000000e+00       9.734028984204e-13       2.122708365702e-13       3.369196956235e-16 
  234       7.809616657136e-10       1.694603591380e-13       4.766721428387e-12       0.000000000000e+00       9.607204672784e-13       2.097611939269e-13       3.747864853477e-16 
  235       7.797994184819e-10       1.755089640697e-13       4.998476537849e-12       0.000000000000e+00       9.482503868623e-13       2.072028498332e-13       4.126353677175e-16 
  236       7.785527783768e-10       1.818167199087e-13       5.230517104766e-12       0.000000000000e+00       9.359891662082e-13       2.046099052347e-13       4.503842231147e-16 
  237       7.772221650945e-10       1.883867917719e-13       5.462745796591e-12       0.000000000000e+00       9.239329257281e-13       2.019969436993e-13       4.879484265716e-16 
  238       7.758080278585e-10       1.952223223817e-13       5.695063318249e-12       0.000000000000e+00       9.120773918863e-13       1.993790364682e-13       5.252408227775e-16 
  239       7.743108456829e-10       2.023264314369e-13       5.927368398604e-12       0.000000000000e+00       9.004178918764e-13       1.967717475065e-13       5.621717010842e-16 
  240       7.727311276368e-10       2.097022149842e-13       6.159557776914e-12       0.000000000000e+00       8.889493482976e-13       1.941911385546e-13       5.986487705121e-16 
  241       7.710694131072e-10       2.173527447887e-13       6.391526189293e-12       0.000000000000e+00       8.776662738314e-13       1.916537741786e-13       6.345771347559e-16 
  242       7.693262699464e-10       2.252809217366e-13       6.623168880752e-12       0.000000000000e+00       8.665634960939e-13       1.891735073847e-13       6.698827603739e-16 
  243       7.675022882434e-10       2.334890276486e-13       6.854389335391e-12       0.000000000000e+00       8.556383911153e-13       1.867516135052e-13       7.045844846114e-16 
  244       7.655980866927e-10       2.419791455345e-13       7.085091980643e-12       0.000000000000e+00       8.448887726431e-13       1.843860781059e-13       7.387262506503e-16 
  245       7.636143149362e-10       2.507533022378e-13       7.315179694792e-12       0.000000000000e+00       8.343121701279e-13       1.820747620184e-13       7.723540232917e-16 
  246       7.615516538223e-10       2.598134675087e-13       7.544553798590e-12       0.000000000000e+00       8.239058248900e-13       1.798153998217e-13       8.055158119027e-16 
  247       7.594108156657e-10       2.691615530774e-13       7.773114046867e-12       0.000000000000e+00       8.136666862858e-13       1.776055983234e-13       8.382616933624e-16 
  248       7.571925445065e-10       2.787994117271e-13       8.000758620148e-12       0.000000000000e+00       8.035914078746e-13       1.754428350409e-13       8.706438350082e-16 
  249       7.548976163698e-10       2.887288363678e-13       8.227384116263e-12       0.000000000000e+00       7.936763435853e-13       1.733244566825e-13       9.027165175822e-16 
  250       7.525268395250e-10       2.989515591088e-13       8.452885541962e-12       0.000000000000e+00       7.839175438827e-13       1.712476776290e-13       9.345361581773e-16 
  251       7.500810547452e-10       3.094692503323e-13       8.677156304530e-12       0.000000000000e+00       7.743107519344e-13       1.692095784148e-13       9.661613331836e-16 
  252       7.475611231288e-10       3.202833831422e-13       8.900091098839e-12       0.000000000000e+00       7.648519670898e-13       1.672073207329e-13       9.976363286306e-16 
  253       7.449678882544e-10       3.313948200160e-13       9.121594769106e-12       0.000000000000e+00       7.555391790042e-13       1.652388092353e-13       1.028940699440e-15 
  254       7.423022123626e-10       3.428042006793e-13       9.341573938371e-12       0.000000000000e+00       7.463707253828e-13       1.633020646842e-13       1.060036865946e-15 
  255       7.395649888331e-10       3.545120734261e-13       9.559934155800e-12       0.000000000000e+00       7.373447308546e-13       1.613950097338e-13       1.090886318517e-15 
  256       7.367571424213e-10       3.665188939382e-13       9.776579893755e-12       0.000000000000e+00       7.284591042066e-13       1.595154678190e-13       1.121449609503e-15 
  257       7.338796294940e-10       3.788250241055e-13       9.991414544853e-12       0.000000000000e+00       7.197115356180e-13       1.576611620440e-13       1.151686345176e-15 
  258       7.309334382655e-10       3.914307308455e-13       1.020434041903e-11       0.000000000000e+00       7.110994938950e-13       1.558297140715e-13       1.181555177668e-15 
  259       7.279195890335e-10       4.043361849234e-13       1.041525874061e-11       0.000000000000e+00       7.026202237048e-13       1.540186430111e-13       1.211013796920e-15 
  260       7.248391344152e-10       4.175414597715e-13       1.062406964536e-11       0.000000000000e+00       6.942707428104e-13       1.522253643084e-13       1.240018922617e-15 
  261       7.216931595833e-10       4.310465303097e-13       1.083067217755e-11       0.000000000000e+00       6.860478393047e-13       1.504471886338e-13       1.268526296134e-15 
  262       7.184827825018e-10       4.448512717646e-13       1.103496428704e-11       0.000000000000e+00       6.779480688449e-13       1.486813207710e-13       1.296490672478e-15 
  263       7.152091322784e-10       4.589553464019e-13       1.123684584672e-11       0.000000000000e+00       6.699682078023e-13       1.469255056451e-13       1.323879207716e-15 
  264       7.118732824166e-10       4.733578592628e-13       1.143622789455e-11       0.000000000000e+00       6.621066459783e-13       1.451800079972e-13       1.350712452320e-15 
  265       7.084763143572e-10       4.880576812277e-13       1.163302389330e-11       0.000000000000e+00       6.543620649866e-13       1.434457392572e-13       1.377025593197e-15 
  266       7.050193392294e-10       5.030535580349e-13       1.182714675817e-11       0.000000000000e+00       6.467329872548e-13       1.417236201986e-13       1.402855275869e-15 
  267       7.015034980492e-10       5.183441089067e-13       1.201850885898e-11       0.000000000000e+00       6.392177740469e-13       1.400145809456e-13       1.428239619565e-15 
  268       6.979299619173e-10       5.339278251759e-13       1.220702202255e-11       0.000000000000e+00       6.318146234854e-13       1.383195609805e-13       1.453218232317e-15 
  269       6.942999322173e-10       5.498030689117e-13       1.239259753490e-11       0.000000000000e+00       6.245215685743e-13       1.366395091511e-13       1.477832226052e-15 
  270       6.906146408143e-10       5.659680715456e-13       1.257514614361e-11       0.000000000000e+00       6.173364752206e-13       1.349753836776e-13       1.502124231686e-15 
  271       6.868753502525e-10       5.824209324977e-13       1.275457806002e-11       0.000000000000e+00       6.102570402573e-13       1.333281521602e-13       1.526138414218e-15 
  272       6.830833539537e-10       5.991596178030e-13       1.293080296161e-11       0.000000000000e+00       6.032807894657e-13       1.316987915863e-13       1.549920487823e-15 
  273       6.792399764155e-10       6.161819587370e-13       1.310372999418e-11       0.000000000000e+00       5.964050755972e-13       1.300882883377e-13       1.573517730945e-15 
  274       6.753465468296e-10       6.334855825180e-13       1.327327084805e-11       0.000000000000e+00       5.896274257934e-13       1.284973137185e-13       1.596963789603e-15 
  275       6.714043179894e-10       6.510677031926e-13       1.343934916126e-11       0.000000000000e+00       5.829466082014e-13       1.269252315784e-13       1.620232168849e-15 
  276       6.674145434914e-10       6.689253170457e-13       1.360189161671e-11       0.000000000000e+00       5.763616177609e-13       1.253710383653e-13       1.643280317825e-15 
  277       6.633785040851e-10       6.870552680573e-13       1.376082492015e-11       0.000000000000e+00       5.698713304587e-13       1.238336823843e-13       1.666064611562e-15 
  278       6.592975078287e-10       7.054542464193e-13       1.391607580734e-11       0.000000000000e+00       5.634745019075e-13       1.223120632876e-13       1.688540341848e-15 
  279       6.551728902449e-10       7.241187870547e-13       1.406757105124e-11       0.000000000000e+00       5.571697659251e-13       1.208050315657e-13       1.710661708096e-15 
  280       6.510060144771e-10       7.430452681345e-13       1.421523746918e-11       0.000000000000e+00       5.509556331126e-13       1.193113880375e-13       1.732381808210e-15 
  281       6.467982714447e-10       7.622299095962e-13       1.435900193005e-11       0.000000000000e+00       5.448304894336e-13       1.178298833406e-13       1.753652629454e-15 
  282       6.425510799993e-10       7.816687716617e-13       1.449879136149e-11       0.000000000000e+00       5.387925947930e-13       1.163592174225e-13       1.774425039318e-15 
  283       6.382658870804e-10       8.013577533551e-13       1.463453275702e-11       0.000000000000e+00       5.328400816157e-13       1.148980390304e-13       1.794648776388e-15 
  284       6.339441678714e-10       8.212925910204e-13       1.476615318328e-11       0.000000000000e+00       5.269709534251e-13       1.134449452022e-13       1.814272441214e-15 
  285       6.295874259554e-10       8.414688568400e-13       1.489357978717e-11       0.000000000000e+00       5.211830834226e-13       1.119984807565e-13       1.833243487172e-15 
  286       6.251971555302e-10       8.618819508451e-13       1.501674273471e-11       0.000000000000e+00       5.154744917258e-13       1.105576320104e-13       1.851524755660e-15 
  287       6.207747256190e-10       8.825270795477e-13       1.513558417723e-11       0.000000000000e+00       5.098441955171e-13       1.091233365989e-13       1.869145025467e-15 
  288       6.163214903095e-10       9.033992733393e-13       1.525004975248e-11       0.000000000000e+00       5.042913991070e-13       1.076970489961e-13       1.886151001301e-15 
  289       6.118388262671e-10       9.244933914157e-13       1.536008570524e-11       0.000000000000e+00       4.988152181374e-13       1.062802533781e-13       1.902591014698e-15 
  290       6.073281328353e-10       9.458041202855e-13       1.546563889877e-11       0.000000000000e+00       4.934146785675e-13       1.048744638354e-13       1.918515039084e-15 
  291       6.027908321360e-10       9.673259722786e-13       1.556665682626e-11       0.000000000000e+00       4.880887156602e-13       1.034812245866e-13       1.933974704825e-15 
  292       5.982283691700e-10       9.890532840545e-13       1.566308762232e-11       0.000000000000e+00       4.828361729683e-13       1.021021101911e-13       1.949023314282e-15 
  293       5.936422119173e-10       1.010980215111e-12       1.575488007443e-11       0.000000000000e+00       4.776558013203e-13       1.007387257621e-13       1.963715856867e-15 
  294       5.890338514377e-10       1.033100746292e-12       1.584198363439e-11       0.000000000000e+00       4.725462578074e-13       9.939270717974e-14       1.978109024098e-15 
  295       5.844048019707e-10       1.055408678297e-12       1.592434842985e-11       0.000000000000e+00       4.675061047687e-13       9.806572130430e-14       1.992261224653e-15 
  296       5.797566010363e-10       1.077897630188e-12       1.600192527568e-11       0.000000000000e+00       4.625338087782e-13       9.675946618893e-14       2.006232599423e-15 
  297       5.750908095355e-10       1.100561037899e-12       1.607466568550e-11       0.000000000000e+00       4.576277396306e-13       9.547567129292e-14       2.020085036570e-15 
  298       5.704089722663e-10       1.123392220626e-12       1.614252438102e-11       0.000000000000e+00       4.527863820176e-13       9.421563052717e-14       2.033868003143e-15 
  299       5.657124971491e-10       1.146384586623e-12       1.620546693128e-11       0.000000000000e+00       4.480089840041e-13       9.297877588209e-14       2.047575248293e-15 
  300       5.610027703335e-10       1.169531434485e-12       1.626346250665e-11       0.000000000000e+00       4.432949380576e-13       9.176403496493e-14       2.061186027375e-15 
  301       5.562811953013e-10       1.192825884775e-12       1.631648142915e-11       0.000000000000e+00       4.386435704705e-13       9.057029151191e-14       2.074679091908e-15 
  302       5.515491929128e-10       1.216260878623e-12       1.636449518729e-11       0.000000000000e+00       4.340541406335e-13       8.939638497208e-14       2.088032685528e-15 
  303       5.468082014544e-10       1.239829176327e-12       1.640747645087e-11       0.000000000000e+00       4.295258403078e-13       8.824111009119e-14       2.101224539942e-15 
  304       5.420596766853e-10       1.263523355951e-12       1.644539908581e-11       0.000000000000e+00       4.250577928979e-13       8.710321649557e-14       2.114231870884e-15 
  305       5.373050918850e-10       1.287335811925e-12       1.647823816903e-11       0.000000000000e+00       4.206490527241e-13       8.598140827602e-14       2.127031374061e-15 
  306       5.325459378999e-10       1.311258753647e-12       1.650597000319e-11       0.000000000000e+00       4.162986042954e-13       8.487434357166e-14       2.139599221110e-15 
  307       5.277837231906e-10       1.335284204081e-12       1.652857213161e-11       0.000000000000e+00       4.120053615816e-13       8.378063415382e-14       2.151911055552e-15 
  308       5.230199738791e-10       1.359403998355e-12       1.654602335303e-11       0.000000000000e+00       4.077681672866e-13       8.269884500991e-14       2.163941988742e-15 
  309       5.182562337954e-10       1.383609782367e-12       1.655830373648e-11       0.000000000000e+00       4.035857921207e-13       8.162749392731e-14       2.175666595823e-15 
  310       5.134940645253e-10       1.407893011379e-12       1.656539463610e-11       0.000000000000e+00       3.994569340731e-13       8.056505107722e-14       2.187058911680e-15 
  311       5.087349981799e-10       1.432245117859e-12       1.656728059215e-11       0.000000000000e+00       3.953803864105e-13       7.951015268372e-14       2.198090584147e-15 
  312       5.039803931810e-10       1.456658026520e-12       1.656395510146e-11       0.000000000000e+00       3.913555518082e-13       7.846225387714e-14       2.208725246936e-15 
  313       4.992315718548e-10       1.481123660518e-12       1.655541514456e-11       0.000000000000e+00       3.873819507292e-13       7.742100541614e-14       2.218923876878e-15 
  314       4.944898670928e-10       1.505633773189e-12       1.654165934077e-11       0.000000000000e+00       3.834590543395e-13       7.638604219147e-14       2.228646606755e-15 
  315       4.897566223403e-10       1.530179946858e-12       1.652268796540e-11       0.000000000000e+00       3.795862839896e-13       7.535698307459e-14       2.237852718979e-15 
  316       4.850331915846e-10       1.554753591648e-12       1.649850296687e-11       0.000000000000e+00       3.757630106953e-13       7.433343076632e-14       2.246500639256e-15 
  317       4.803209393442e-10       1.579345944287e-12       1.646910798388e-11       0.000000000000e+00       3.719885546196e-13       7.331497164547e-14       2.254547930268e-15 
  318       4.756212406568e-10       1.603948066921e-12       1.643450836260e-11       0.000000000000e+00       3.682621845534e-13       7.230117561748e-14       2.261951285345e-15 
  319       4.709354810684e-10       1.628550845919e-12       1.639471117378e-11       0.000000000000e+00       3.645831173973e-13       7.129159596304e-14       2.268666522135e-15 
  320       4.662650566217e-10       1.653144990684e-12       1.634972522998e-11       0.000000000000e+00       3.609505176426e-13       7.028576918675e-14       2.274648576285e-15 
  321       4.616113738446e-10       1.677721032466e-12       1.629956110267e-11       0.000000000000e+00       3.573634968526e-13       6.928321486572e-14       2.279851495107e-15 
  322       4.569758497389e-10       1.702269323162e-12       1.624423113941e-11       0.000000000000e+00       3.538211131443e-13       6.828343549825e-14       2.284228431260e-15 
  323       4.523599117691e-10       1.726780034136e-12       1.618374948103e-11       0.000000000000e+00       3.503223706689e-13       6.728591635243e-14       2.287731636417e-15 
  324       4.477649515990e-10       1.751243412379e-12       1.611813296975e-11       0.000000000000e+00       3.468663465027e-13       6.629042465215e-14       2.290334442247e-15 
  325       4.431921840425e-10       1.775650564118e-12       1.604740388328e-11       0.000000000000e+00       3.434525786461e-13       6.529792221980e-14       2.292098301790e-15 
  326       4.386427817854e-10       1.799992703910e-12       1.597158735647e-11       0.000000000000e+00       3.400806943543e-13       6.430969333509e-14       2.293108732636e-15 
  327       4.341179210046e-10       1.824260899551e-12       1.589071051952e-11       0.000000000000e+00       3.367502839215e-13       6.332704926593e-14       2.293453618544e-15 
  328       4.296187813039e-10       1.848446071173e-12       1.580480251611e-11       0.000000000000e+00       3.334609003065e-13       6.235132845817e-14       2.293223228176e-15 
  329       4.251465456501e-10       1.872538990351e-12       1.571389452161e-11       0.000000000000e+00       3.302120587598e-13       6.138389672539e-14       2.292510233824e-15 
  330       4.207024003086e-10       1.896530279203e-12       1.561801976121e-11       0.000000000000e+00       3.270032364498e-13       6.042614743865e-14       2.291409730142e-15 
  331       4.162875347794e-10       1.920410409493e-12       1.551721352817e-11       0.000000000000e+00       3.238338720894e-13       5.947950171622e-14       2.290019252880e-15 
  332       4.119031417332e-10       1.944169701733e-12       1.541151320192e-11       0.000000000000e+00       3.207033655624e-13       5.854540861341e-14       2.288438797608e-15 
  333       4.075504169469e-10       1.967798324287e-12       1.530095826629e-11       0.000000000000e+00       3.176110775503e-13       5.762534531226e-14       2.286770838454e-15 
  334       4.032305592400e-10       1.991286292473e-12       1.518559032768e-11       0.000000000000e+00       3.145563291582e-13       5.672081731133e-14       2.285120346830e-15 
  335       3.989447704099e-10       2.014623467661e-12       1.506545313318e-11       0.000000000000e+00       3.115384015420e-13       5.583335861548e-14       2.283594810163e-15 
  336       3.946942551684e-10       2.037799556385e-12       1.494059258885e-11       0.000000000000e+00       3.085565355343e-13       5.496453192560e-14       2.282304250628e-15 
  337       3.904802210770e-10       2.060804109434e-12       1.481105677780e-11       0.000000000000e+00       3.056099312712e-13       5.411592882838e-14       2.281361243876e-15 
  338       3.863038339698e-10       2.083626902238e-12       1.467689574525e-11       0.000000000000e+00       3.026978528065e-13       5.328875354803e-14       2.280854849575e-15 
  339       3.821660822408e-10       2.106259095834e-12       1.453816080615e-11       0.000000000000e+00       2.998199476710e-13       5.248255410877e-14       2.280771130623e-15 
  340       3.780679066123e-10       2.128692123916e-12       1.439490524345e-11       0.000000000000e+00       2.969759402830e-13       5.169643714475e-14       2.281069263005e-15 
  341       3.740102440136e-10       2.150917315551e-12       1.424718455643e-11       0.000000000000e+00       2.941655279333e-13       5.092947918523e-14       2.281707308021e-15 
  342       3.699940274700e-10       2.172925894683e-12       1.409505647865e-11       0.000000000000e+00       2.913883805220e-13       5.018072640824e-14       2.282642203701e-15 
  343       3.660201859924e-10       2.194708979635e-12       1.393858099588e-11       0.000000000000e+00       2.886441402953e-13       4.944919439421e-14       2.283829756209e-15 
  344       3.620896444662e-10       2.216257582610e-12       1.377782036401e-11       0.000000000000e+00       2.859324215811e-13       4.873386787958e-14       2.285224631252e-15 
  345       3.582033235409e-10       2.237562609191e-12       1.361283912704e-11       0.000000000000e+00       2.832528105261e-13       4.803370051048e-14       2.286780345494e-15 
  346       3.543621395191e-10       2.258614857847e-12       1.344370413495e-11       0.000000000000e+00       2.806048648321e-13       4.734761459630e-14       2.288449257958e-15 
  347       3.505670042459e-10       2.279405019431e-12       1.327048456166e-11       0.000000000000e+00       2.779881134923e-13       4.667450086337e-14       2.290182561439e-15 
  348       3.468188249982e-10       2.299923676682e-12       1.309325192297e-11       0.000000000000e+00       2.754020565280e-13       4.601321820856e-14       2.291930273913e-15 
  349       3.431185043742e-10       2.320161303730e-12       1.291208009447e-11       0.000000000000e+00       2.728461647247e-13       4.536259345295e-14       2.293641229944e-15 
  350       3.394669401822e-10       2.340108265593e-12       1.272704532951e-11       0.000000000000e+00       2.703198793687e-13       4.472142109540e-14       2.295263072094e-15 
  351       3.358650253300e-10       2.359754817684e-12       1.253822627707e-11       0.000000000000e+00       2.678226119839e-13       4.408846306626e-14       2.296742242334e-15 
  352       3.323136477146e-10       2.379091105307e-12       1.234570399979e-11       0.000000000000e+00       2.653537440676e-13       4.346244848092e-14       2.298023973447e-15 
  353       3.288136490307e-10       2.398107633260e-12       1.214956018811e-11       0.000000000000e+00       2.629127063451e-13       4.284225964824e-14       2.299057210901e-15 
  354       3.253656995581e-10       2.416796696930e-12       1.194987168554e-11       0.000000000000e+00       2.604992206640e-13       4.222749903049e-14       2.299809619102e-15 
  355       3.219704180146e-10       2.435151008996e-12       1.174671577373e-11       0.000000000000e+00       2.581130675185e-13       4.161794508700e-14       2.300253174647e-15 
  356       3.186284120231e-10       2.453163234596e-12       1.154017197195e-11       0.000000000000e+00       2.557540072419e-13       4.101336805356e-14       2.300359287643e-15 
  357       3.153402779609e-10       2.470825991273e-12       1.133032205334e-11       0.000000000000e+00       2.534217798193e-13       4.041352987487e-14       2.300098797852e-15 
  358       3.121066008098e-10       2.488131848934e-12       1.111725006108e-11       0.000000000000e+00       2.511161047004e-13       3.981818413704e-14       2.299441970835e-15 
  359       3.089279540060e-10       2.505073329799e-12       1.090104232460e-11       0.000000000000e+00       2.488366806124e-13       3.922707600008e-14       2.298358494091e-15 
  360       3.058048992896e-10       2.521642908359e-12       1.068178747579e-11       0.000000000000e+00       2.465831853727e-13       3.863994213039e-14       2.296817473206e-15 
  361       3.027379865547e-10       2.537833011321e-12       1.045957646520e-11       0.000000000000e+00       2.443552757018e-13       3.805651063327e-14       2.294787427994e-15 
  362       2.997277536993e-10       2.553636017572e-12       1.023450257821e-11       0.000000000000e+00       2.421525870359e-13       3.747650098538e-14       2.292236288641e-15 
  363       2.967747264748e-10       2.569044258122e-12       1.000666145127e-11       0.000000000000e+00       2.399747333401e-13       3.689962396726e-14       2.289131391848e-15 
  364       2.938794183361e-10       2.584050016064e-12       9.776151088090e-12       0.000000000000e+00       2.378213069208e-13       3.632558159577e-14       2.285439476978e-15 
  365       2.910423302913e-10       2.598645526525e-12       9.543071875813e-12       0.000000000000e+00       2.356918782386e-13       3.575406705666e-14       2.281126682192e-15 
  366       2.882639507516e-10       2.612822976616e-12       9.307526601255e-12       0.000000000000e+00       2.335859957212e-13       3.518476463698e-14       2.276158540602e-15 
  367       2.855447553811e-10       2.626574505392e-12       9.069620467084e-12       0.000000000000e+00       2.315031855763e-13       3.461734965763e-14       2.270499976408e-15 
  368       2.828851802084e-10       2.639892647796e-12       8.829457893278e-12       0.000000000000e+00       2.294430118705e-13       3.405161707621e-14       2.264132426791e-15 
  369       2.802855400999e-10       2.652771685914e-12       8.587132749318e-12       0.000000000000e+00       2.274052597615e-13       3.348787302506e-14       2.257105959900e-15 
  370       2.777461067784e-10       2.665206350891e-12       8.342737768747e-12       0.000000000000e+00       2.253897591214e-13       3.292655857388e-14       2.249489203607e-15 
  371       2.752671350985e-10       2.677191384087e-12       8.096367742475e-12       0.000000000000e+00       2.233963247888e-13       3.236812249845e-14       2.241352416430e-15 
  372       2.728488628724e-10       2.688721537423e-12       7.848119532137e-12       0.000000000000e+00       2.214247564347e-13       3.181302132681e-14       2.232767498809e-15 
  373       2.704915106963e-10       2.699791573726e-12       7.598092083457e-12       0.000000000000e+00       2.194748384289e-13       3.126171938546e-14       2.223808004385e-15 
  374       2.681952817765e-10       2.710396267072e-12       7.346386439602e-12       0.000000000000e+00       2.175463397057e-13       3.071468884559e-14       2.214549151278e-15 
  375       2.659603617557e-10       2.720530403138e-12       7.093105754548e-12       0.000000000000e+00       2.156390136302e-13       3.017240976923e-14       2.205067833363e-15 
  376       2.637869185389e-10       2.730188779540e-12       6.838355306433e-12       0.000000000000e+00       2.137525978642e-13       2.963537015546e-14       2.195442631550e-15 
  377       2.616751021202e-10       2.739366206184e-12       6.582242510924e-12       0.000000000000e+00       2.118868142325e-13       2.910406598664e-14       2.185753825061e-15 
  378       2.596250444084e-10       2.748057505608e-12       6.324876934571e-12       0.000000000000e+00       2.100413685887e-13       2.857900127456e-14       2.176083402706e-15 
  379       2.576368590534e-10       2.756257513331e-12       6.066370308168e-12       0.000000000000e+00       2.082159506814e-13       2.806068810667e-14       2.166515074162e-15 
  380       2.557106412726e-10       2.763961078194e-12       5.806836540116e-12       0.000000000000e+00       2.064102340203e-13       2.754964669226e-14       2.157134281252e-15 
  381       2.538464676768e-10       2.771163062710e-12       5.546391729778e-12       0.000000000000e+00       2.046238757420e-13       2.704640540867e-14       2.148028209220e-15 
  382       2.520443960965e-10       2.777858343407e-12       5.285154180843e-12       0.000000000000e+00       2.028565164764e-13       2.655150084748e-14       2.139285798011e-15 
  383       2.503044654082e-10       2.784041811175e-12       5.023244414681e-12       0.000000000000e+00       2.011077802128e-13       2.606547786070e-14       2.130997753547e-15 
  384       2.486266848156e-10       2.789708990793e-12       4.760780275292e-12       0.000000000000e+00       1.993773228201e-13       2.558874728228e-14       2.123229901367e-15 
  385       2.470110016008e-10       2.794857924619e-12       4.497862012890e-12       0.000000000000e+00       1.976649799050e-13       2.512115307011e-14       2.115942114250e-15 
  386       2.454573318137e-10       2.799487360769e-12       4.234586662818e-12       0.000000000000e+00       1.959706242791e-13       2.466238889635e-14       2.109066342888e-15 
  387       2.439655705245e-10       2.803596141202e-12       3.971052912414e-12       0.000000000000e+00       1.942941177145e-13       2.421213892610e-14       2.102532986564e-15 
  388       2.425355916418e-10       2.807183202569e-12       3.707361110385e-12       0.000000000000e+00       1.926353108494e-13       2.377007774803e-14       2.096270882792e-15 
  389       2.411672477300e-10       2.810247577064e-12       3.443613276179e-12       0.000000000000e+00       1.909940430938e-13       2.333587030508e-14       2.090207296958e-15 
  390       2.398603698271e-10       2.812788393269e-12       3.179913109367e-12       0.000000000000e+00       1.893701425351e-13       2.290917182510e-14       2.084267911957e-15 
  391       2.386147672621e-10       2.814804877003e-12       2.916365999014e-12       0.000000000000e+00       1.877634258432e-13       2.248962775154e-14       2.078376817835e-15 
  392       2.374302274731e-10       2.816296352170e-12       2.653079033055e-12       0.000000000000e+00       1.861736981767e-13       2.207687367416e-14       2.072456501431e-15 
  393       2.363065158243e-10       2.817262241608e-12       2.390161007673e-12       0.000000000000e+00       1.846007530878e-13       2.167053525962e-14       2.066427836013e-15 
  394       2.352433754242e-10       2.817702067936e-12       2.127722436674e-12       0.000000000000e+00       1.830443724285e-13       2.127022818224e-14       2.060210070920e-15 
  395       2.342405269430e-10       2.817615454403e-12       1.865875560860e-12       0.000000000000e+00       1.815043262556e-13       2.087555805463e-14       2.053720821202e-15 
  396       2.332976684301e-10       2.817002125736e-12       1.604734357407e-12       0.000000000000e+00       1.799803727367e-13       2.048612035838e-14       2.046876057261e-15 
  397       2.324144751321e-10       2.815861908987e-12       1.344414549242e-12       0.000000000000e+00       1.784722580553e-13       2.010150037470e-14       2.039590094489e-15 
  398       2.315905993102e-10       2.814194734381e-12       1.085033614415e-12       0.000000000000e+00       1.769797163168e-13       1.972127311514e-14       2.031775582909e-15 
  399       2.308256700577e-10       2.812000636169e-12       8.267107954768e-13       0.000000000000e+00       1.755024694538e-13       1.934500325223e-14       2.023343496814e-15 
  400       2.301192931180e-10       2.809279753467e-12       5.695671088550e-13       0.000000000000e+00       1.740402271317e-13       1.897224505019e-14       2.014203124410e-15 
  401       2.294710554506e-10       2.806032620957e-12       3.137192599354e-13       0.000000000000e+00       1.725927234424e-13       1.860265055249e-14       2.004286432050e-15 
  402       2.288805394836e-10       2.802261050825e-12       5.926112639560e-14       0.000000000000e+00       1.711598286426e-13       1.823629860281e-14       1.993622150224e-15 
  403       2.283473090190e-10       2.797967284416e-12      -1.937183771188e-13       0.000000000000e+00       1.697414412756e-13       1.787337760031e-14       1.982264349535e-15 
  404       2.278709043527e-10       2.793153706333e-12      -4.451292604263e-13       0.000000000000e+00       1.683374516815e-13       1.751407832972e-14       1.970268316116e-15 
  405       2.274508420958e-10       2.787822845505e-12      -6.948804529703e-13       0.000000000000e+00       1.669477419306e-13       1.715859397270e-14       1.957690559419e-15 
  406       2.270866149952e-10       2.781977376244e-12      -9.428797989803e-13       0.000000000000e+00       1.655721857557e-13       1.680712011903e-14       1.944588819992e-15 
  407       2.267776917554e-10       2.775620119316e-12      -1.189034052633e-12       0.000000000000e+00       1.642106484854e-13       1.645985477789e-14       1.931022077271e-15 
  408       2.265235168594e-10       2.768754043001e-12      -1.433248873212e-12       0.000000000000e+00       1.628629869773e-13       1.611699838913e-14       1.917050557360e-15 
  409       2.263235103897e-10       2.761382264156e-12      -1.675428820273e-12       0.000000000000e+00       1.615290495504e-13       1.577875383452e-14       1.902735740818e-15 
  410       2.261770678500e-10       2.753508049282e-12      -1.915477348797e-12       0.000000000000e+00       1.602086759182e-13       1.544532644902e-14       1.888140370444e-15 
  411       2.260835599857e-10       2.745134815585e-12      -2.153296804361e-12       0.000000000000e+00       1.589016971220e-13       1.511692403204e-14       1.873328459059e-15 
  412       2.260423326056e-10       2.736266132043e-12      -2.388788418291e-12       0.000000000000e+00       1.576079354633e-13       1.479375685871e-14       1.858365297291e-15 
  413       2.260527064029e-10       2.726905720467e-12      -2.621852302826e-12       0.000000000000e+00       1.563272044372e-13       1.447603769109e-14       1.843317461364e-15 
  414       2.261139767763e-10       2.717057456565e-12      -2.852387446280e-12       0.000000000000e+00       1.550593086651e-13       1.416398178952e-14       1.828252820878e-15 
  415       2.262254136512e-10       2.706725371008e-12      -3.080291708203e-12       0.000000000000e+00       1.538040438277e-13       1.385780692380e-14       1.813240546594e-15 
  416       2.263862613010e-10       2.695913650492e-12      -3.305461814539e-12       0.000000000000e+00       1.525611965977e-13       1.355773338448e-14       1.798351118221e-15 
  417       2.265957381682e-10       2.684626638803e-12      -3.527793352789e-12       0.000000000000e+00       1.513305445733e-13       1.326398399415e-14       1.783656332200e-15 
  418       2.268530665544e-10       2.672869105036e-12      -3.747187221604e-12       0.000000000000e+00       1.501118840156e-13       1.297671810253e-14       1.769214625523e-15 
  419       2.271575631918e-10       2.660647056348e-12      -3.963569236283e-12       0.000000000000e+00       1.489051142607e-13       1.269583102246e-14       1.755026469571e-15 
  420       2.275085514675e-10       2.647966955538e-12      -4.176871195000e-12       0.000000000000e+00       1.477101561091e-13       1.242114764703e-14       1.741077441635e-15 
  421       2.279053316808e-10       2.634835457683e-12      -4.387024485501e-12       0.000000000000e+00       1.465269242378e-13       1.215248780227e-14       1.727352766600e-15 
  422       2.283471808852e-10       2.621259411387e-12      -4.593960084683e-12       0.000000000000e+00       1.453553271522e-13       1.188966621315e-14       1.713837314658e-15 
  423       2.288333527297e-10       2.607245860028e-12      -4.797608558181e-12       0.000000000000e+00       1.441952671384e-13       1.163249246968e-14       1.700515599039e-15 
  424       2.293630773006e-10       2.592802043002e-12      -4.997900059953e-12       0.000000000000e+00       1.430466402148e-13       1.138077099285e-14       1.687371773733e-15 
  425       2.299355609632e-10       2.577935396974e-12      -5.194764331857e-12       0.000000000000e+00       1.419093360844e-13       1.113430100074e-14       1.674389631212e-15 
  426       2.305499862032e-10       2.562653557122e-12      -5.388130703241e-12       0.000000000000e+00       1.407832380864e-13       1.089287647448e-14       1.661552600156e-15 
  427       2.312055114687e-10       2.546964358385e-12      -5.577928090523e-12       0.000000000000e+00       1.396682231489e-13       1.065628612434e-14       1.648843743175e-15 
  428       2.319012710114e-10       2.530875836711e-12      -5.764084996774e-12       0.000000000000e+00       1.385641617400e-13       1.042431335571e-14       1.636245754535e-15 
  429       2.326363747287e-10       2.514396230300e-12      -5.946529511304e-12       0.000000000000e+00       1.374709178205e-13       1.019673623518e-14       1.623740957881e-15 
  430       2.334099080050e-10       2.497533980857e-12      -6.125189309240e-12       0.000000000000e+00       1.363883487955e-13       9.973327456509e-15       1.611311303957e-15 
  431       2.342209315533e-10       2.480297734833e-12      -6.299991651116e-12       0.000000000000e+00       1.353163054666e-13       9.753854306713e-15       1.598938368337e-15 
  432       2.350684812573e-10       2.462696344675e-12      -6.470863382451e-12       0.000000000000e+00       1.342546319838e-13       9.538078632057e-15       1.586603349144e-15 
  433       2.359515680126e-10       2.444738870073e-12      -6.637730933336e-12       0.000000000000e+00       1.332031657974e-13       9.325756804099e-15       1.574287064772e-15 
  434       2.368691775683e-10       2.426434579207e-12      -6.800520318014e-12       0.000000000000e+00       1.321617376103e-13       9.116639685717e-15       1.561969951617e-15 
  435       2.378202703690e-10       2.407792949990e-12      -6.959157134466e-12       0.000000000000e+00       1.311301713294e-13       8.910472597138e-15       1.549632061793e-15 
  436       2.388038288182e-10       2.388823634816e-12      -7.113573152200e-12       0.000000000000e+00       1.301083062204e-13       8.707037041075e-15       1.537255717380e-15 
  437       2.398190011260e-10       2.369536350942e-12      -7.263726318229e-12       0.000000000000e+00       1.290960642794e-13       8.506277478522e-15       1.524833575196e-15 
  438       2.408649619440e-10       2.349940988901e-12      -7.409581416990e-12       0.000000000000e+00       1.280933850119e-13       8.308178711072e-15       1.512360826312e-15 
  439       2.419408652480e-10       2.330047649899e-12      -7.551103546108e-12       0.000000000000e+00       1.271002033995e-13       8.112724495942e-15       1.499832563220e-15 
  440       2.430458442099e-10       2.309866647039e-12      -7.688258120128e-12       0.000000000000e+00       1.261164498658e-13       7.919897538300e-15       1.487243779228e-15 
  441       2.441790110690e-10       2.289408506544e-12      -7.821010874245e-12       0.000000000000e+00       1.251420502429e-13       7.729679483596e-15       1.474589367860e-15 
  442       2.453394570038e-10       2.268683968982e-12      -7.949327868039e-12       0.000000000000e+00       1.241769257365e-13       7.542050909891e-15       1.461864122246e-15 
  443       2.465262520029e-10       2.247703990488e-12      -8.073175489209e-12       0.000000000000e+00       1.232209928928e-13       7.356991320190e-15       1.449062734529e-15 
  444       2.477384447370e-10       2.226479743991e-12      -8.192520457301e-12       0.000000000000e+00       1.222741635637e-13       7.174479134768e-15       1.436179795252e-15 
  445       2.489750624304e-10       2.205022620435e-12      -8.307329827446e-12       0.000000000000e+00       1.213363448734e-13       6.994491683503e-15       1.423209792763e-15 
  446       2.502351107324e-10       2.183344230006e-12      -8.417570994088e-12       0.000000000000e+00       1.204074391838e-13       6.817005198206e-15       1.410147112605e-15 
  447       2.515175735885e-10       2.161456403350e-12      -8.523211694720e-12       0.000000000000e+00       1.194873440609e-13       6.641994804951e-15       1.396986036918e-15 
  448       2.528214131125e-10       2.139371192806e-12      -8.624220013615e-12       0.000000000000e+00       1.185759522408e-13       6.469434516403e-15       1.383720743834e-15 
  449       2.541455694577e-10       2.117100873621e-12      -8.720564385560e-12       0.000000000000e+00       1.176731515952e-13       6.299297224151e-15       1.370345306875e-15 
  450       2.554889606882e-10       2.094657945180e-12      -8.812213599587e-12       0.000000000000e+00       1.167788250979e-13       6.131554691036e-15       1.356853694346e-15 
  451       2.568504826507e-10       2.072055132227e-12      -8.899136802706e-12       0.000000000000e+00       1.158928507905e-13       5.966177543484e-15       1.343239768739e-15 
  452       2.582290088461e-10       2.049305386091e-12      -8.981303503639e-12       0.000000000000e+00       1.150151017483e-13       5.803135263832e-15       1.329497286122e-15 
  453       2.596233903005e-10       2.026421885905e-12      -9.058683576551e-12       0.000000000000e+00       1.141454460466e-13       5.642396182662e-15       1.315619895542e-15 
  454       2.610324554374e-10       2.003418039838e-12      -9.131247264785e-12       0.000000000000e+00       1.132837467265e-13       5.483927471127e-15       1.301601138419e-15 
  455       2.624550787972e-10       1.980307127249e-12      -9.198970574804e-12       0.000000000000e+00       1.124298789873e-13       5.327714603003e-15       1.287437064932e-15 
  456       2.638903898753e-10       1.957101210108e-12      -9.261851640112e-12       0.000000000000e+00       1.115837824391e-13       5.173820440813e-15       1.273134176407e-15 
  457       2.653375707032e-10       1.933812189208e-12      -9.319894887454e-12       0.000000000000e+00       1.107454104527e-13       5.022328022213e-15       1.258701735476e-15 
  458       2.667957875142e-10       1.910452161101e-12      -9.373105700686e-12       0.000000000000e+00       1.099147130597e-13       4.873321264468e-15       1.244149172929e-15 
  459       2.682641906551e-10       1.887033419112e-12      -9.421490427620e-12       0.000000000000e+00       1.090916369287e-13       4.726884968039e-15       1.229486088625e-15 
  460       2.697419144971e-10       1.863568454356e-12      -9.465056386882e-12       0.000000000000e+00       1.082761253413e-13       4.583104820176e-15       1.214722252401e-15 
  461       2.712280773473e-10       1.840069956755e-12      -9.503811874756e-12       0.000000000000e+00       1.074681181676e-13       4.442067398509e-15       1.199867604984e-15 
  462       2.727217813602e-10       1.816550816053e-12      -9.537766172036e-12       0.000000000000e+00       1.066675518425e-13       4.303860174638e-15       1.184932258903e-15 
  463       2.742221124488e-10       1.793024122832e-12      -9.566929550878e-12       0.000000000000e+00       1.058743593415e-13       4.168571517723e-15       1.169926499397e-15 
  464       2.757281401959e-10       1.769503169531e-12      -9.591313281646e-12       0.000000000000e+00       1.050884701567e-13       4.036290698076e-15       1.154860785325e-15 
  465       2.772389177659e-10       1.746001451458e-12      -9.610929639768e-12       0.000000000000e+00       1.043098102729e-13       3.907107890753e-15       1.139745750080e-15 
  466       2.787534818152e-10       1.722532667810e-12      -9.625791912581e-12       0.000000000000e+00       1.035383021429e-13       3.781114179142e-15       1.124592202495e-15 
  467       2.802708524046e-10       1.699110722687e-12      -9.635914406183e-12       0.000000000000e+00       1.027738646643e-13       3.658401558555e-15       1.109411127757e-15 
  468       2.817900329098e-10       1.675749726110e-12      -9.641312452284e-12       0.000000000000e+00       1.020164131549e-13       3.539062939821e-15       1.094213688316e-15 
  469       2.833100099331e-10       1.652463995036e-12      -9.642002415055e-12       0.000000000000e+00       1.012658593286e-13       3.423192152872e-15       1.079011224797e-15 
  470       2.848297532148e-10       1.629268054372e-12      -9.638001697981e-12       0.000000000000e+00       1.005221112717e-13       3.310883950338e-15       1.063815256907e-15 
  471       2.863482155441e-10       1.606176637998e-12      -9.629328750706e-12       0.000000000000e+00       9.978507341866e-14       3.202234011137e-15       1.048637484350e-15 
  472       2.878643326711e-10       1.583204689777e-12      -9.616003075888e-12       0.000000000000e+00       9.905464652780e-14       3.097338944065e-15       1.033489787734e-15 
  473       2.893770232173e-10       1.560367364572e-12      -9.598045236046e-12       0.000000000000e+00       9.833072765762e-14       2.996296291386e-15       1.018384229484e-15 
  474       2.908851885878e-10       1.537680029266e-12      -9.575476860413e-12       0.000000000000e+00       9.761321014249e-14       2.899204532424e-15       1.003333054749e-15 
  475       2.923877903849e-10       1.515157561018e-12      -9.548323855809e-12       0.000000000000e+00       9.690199696229e-14       2.806122307120e-15       9.883462806972e-16 
  476       2.938840854396e-10       1.492812216339e-12      -9.516626133490e-12       0.000000000000e+00       9.619704135006e-14       2.716944705882e-15       9.734243813254e-16 
  477       2.953733978006e-10       1.470655698787e-12      -9.480428193561e-12       0.000000000000e+00       9.549830738009e-14       2.631523199655e-15       9.585653805004e-16 
  478       2.968550418349e-10       1.448699856463e-12      -9.439775956396e-12       0.000000000000e+00       9.480575666974e-14       2.549706059579e-15       9.437672429642e-16 
  479       2.983283221795e-10       1.426956682656e-12      -9.394716771186e-12       0.000000000000e+00       9.411934836253e-14       2.471338338932e-15       9.290278739655e-16 
  480       2.997925336946e-10       1.405438316489e-12      -9.345299424497e-12       0.000000000000e+00       9.343903911117e-14       2.396261855078e-15       9.143451188899e-16 
  481       3.012469614155e-10       1.384157043557e-12      -9.291574148812e-12       0.000000000000e+00       9.276478306061e-14       2.324315171419e-15       8.997167628904e-16 
  482       3.026908805054e-10       1.363125296575e-12      -9.233592631089e-12       0.000000000000e+00       9.209653183109e-14       2.255333579335e-15       8.851405305183e-16 
  483       3.041235562077e-10       1.342355656018e-12      -9.171408021307e-12       0.000000000000e+00       9.143423450120e-14       2.189149080135e-15       8.706140853532e-16 
  484       3.055442437984e-10       1.321860850768e-12      -9.105074941019e-12       0.000000000000e+00       9.077783759087e-14       2.125590367006e-15       8.561350296342e-16 
  485       3.069521885388e-10       1.301653758753e-12      -9.034649491901e-12       0.000000000000e+00       9.012728504450e-14       2.064482806956e-15       8.417009038900e-16 
  486       3.083466256279e-10       1.281747407591e-12      -8.960189264304e-12       0.000000000000e+00       8.948251821391e-14       2.005648422764e-15       8.273091865696e-16 
  487       3.097267801544e-10       1.262154975238e-12      -8.881753345807e-12       0.000000000000e+00       8.884347584148e-14       1.948905874928e-15       8.129572936730e-16 
  488       3.110918670500e-10       1.242889790625e-12      -8.799402329760e-12       0.000000000000e+00       8.821009404313e-14       1.894070443609e-15       7.986425783816e-16 
  489       3.124410910411e-10       1.223965334305e-12      -8.713198323845e-12       0.000000000000e+00       8.758230629140e-14       1.840954010583e-15       7.843623306888e-16 
  490       3.137736466016e-10       1.205395239095e-12      -8.623204958618e-12       0.000000000000e+00       8.696004339847e-14       1.789365041183e-15       7.701137770306e-16 
  491       3.150887179055e-10       1.187193290721e-12      -8.529487396063e-12       0.000000000000e+00       8.634323349921e-14       1.739108566250e-15       7.558940799162e-16 
  492       3.163854787790e-10       1.169373428457e-12      -8.432112338146e-12       0.000000000000e+00       8.573180203428e-14       1.689986164078e-15       7.417003375584e-16 
  493       3.176630926531e-10       1.151949745774e-12      -8.331148035360e-12       0.000000000000e+00       8.512567173308e-14       1.641795942364e-15       7.275295835044e-16 
  494       3.189207125163e-10       1.134936490980e-12      -8.226664295277e-12       0.000000000000e+00       8.452476259689e-14       1.594332520152e-15       7.133787862661e-16 
  495       3.201574808666e-10       1.118348067861e-12      -8.118732491105e-12       0.000000000000e+00       8.392899188183e-14       1.547387009784e-15       6.992448489509e-16 
  496       3.213726095090e-10       1.102198048113e-12      -8.007425518453e-12       0.000000000000e+00       8.333828442666e-14       1.500793099702e-15       6.851255678201e-16 
  497       3.225656216160e-10       1.086496175456e-12      -7.892817646899e-12       0.000000000000e+00       8.275260400356e-14       1.454566826102e-15       6.710225396362e-16 
  498       3.237361166726e-10       1.071251274920e-12      -7.774984680924e-12       0.000000000000e+00       8.217192285332e-14       1.408770864868e-15       6.569383388530e-16 
  499       3.248836912643e-10       1.056472233284e-12      -7.654004019797e-12       0.000000000000e+00       8.159621141197e-14       1.363468805759e-15       6.428755664949e-16 
  500       3.260079390692e-10       1.042167999235e-12      -7.529954666101e-12       0.000000000000e+00       8.102543829883e-14       1.318725156802e-15       6.288368502543e-16 
  501       3.271084508485e-10       1.028347583530e-12      -7.402917234257e-12       0.000000000000e+00       8.045957030460e-14       1.274605348676e-15       6.148248445892e-16 
  502       3.281848144388e-10       1.015020059161e-12      -7.272973959052e-12       0.000000000000e+00       7.989857237944e-14       1.231175739104e-15       6.008422308200e-16 
  503       3.292366147423e-10       1.002194561513e-12      -7.140208704161e-12       0.000000000000e+00       7.934240762103e-14       1.188503617239e-15       5.868917172275e-16 
  504       3.302634337193e-10       9.898802885305e-13      -7.004706970677e-12       0.000000000000e+00       7.879103726271e-14       1.146657208057e-15       5.729760391497e-16 
  505       3.312648503786e-10       9.780865008771e-13      -6.866555905630e-12       0.000000000000e+00       7.824442066149e-14       1.105705676740e-15       5.590979590797e-16 
  506       3.322404407693e-10       9.668225220981e-13      -6.725844310520e-12       0.000000000000e+00       7.770251528618e-14       1.065719133072e-15       5.452602667625e-16 
  507       3.331897779720e-10       9.560977387833e-13      -6.582662649838e-12       0.000000000000e+00       7.716527670547e-14       1.026768635821e-15       5.314657792930e-16 
  508       3.341124320902e-10       9.459216007289e-13      -6.437103059590e-12       0.000000000000e+00       7.663265857598e-14       9.889261971304e-16       5.177173412127e-16 
  509       3.350079702414e-10       9.363036210997e-13      -6.289259355829e-12       0.000000000000e+00       7.610461263035e-14       9.522647869092e-16       5.040178246075e-16 
  510       3.358759565487e-10       9.272533765913e-13      -6.139227043174e-12       0.000000000000e+00       7.558108866537e-14       9.168583372191e-16       4.903701292050e-16 
  511       3.367159521320e-10       9.187805075925e-13      -5.987103323336e-12       0.000000000000e+00       7.506203453000e-14       8.827817466635e-16       4.767771824717e-16 
  512       3.375275150995e-10       9.108947183475e-13      -5.832987103650e-12       0.000000000000e+00       7.454739611345e-14       8.501108847768e-16       4.632419397105e-16 
  513       3.383102005386e-10       9.036057771178e-13      -5.676979005591e-12       0.000000000000e+00       7.403711733334e-14       8.189225964126e-16       4.497673841581e-16 
  514       3.390635605077e-10       8.969235163447e-13      -5.519181373307e-12       0.000000000000e+00       7.353114012369e-14       7.892947061329e-16       4.363565270823e-16 
  515       3.397871440273e-10       8.908578328117e-13      -5.359698282142e-12       0.000000000000e+00       7.302940442305e-14       7.613060225967e-16       4.230124078791e-16 
  516       3.404804970713e-10       8.854186878061e-13      -5.198635547160e-12       0.000000000000e+00       7.253184816257e-14       7.350363429487e-16       4.097380941706e-16 
  517       3.411431625585e-10       8.806161072820e-13      -5.036100731672e-12       0.000000000000e+00       7.203840725408e-14       7.105664572084e-16       3.965366819020e-16 
  518       3.417747467540e-10       8.764590803265e-13      -4.872199396033e-12       0.000000000000e+00       7.154902354634e-14       6.879613028648e-16       3.834105472150e-16 
  519       3.423751205440e-10       8.729522202077e-13      -4.707023710849e-12       0.000000000000e+00       7.106366896369e-14       6.672188994273e-16       3.703590787611e-16 
  520       3.429442237981e-10       8.700990098500e-13      -4.540663540707e-12       0.000000000000e+00       7.058232202197e-14       6.483199880115e-16       3.573808818775e-16 
  521       3.434819994914e-10       8.679028947169e-13      -4.373210181799e-12       0.000000000000e+00       7.010495991339e-14       6.312447482624e-16       3.444745208127e-16 
  522       3.439883937254e-10       8.663672824815e-13      -4.204756368775e-12       0.000000000000e+00       6.963155849813e-14       6.159727952220e-16       3.316385184899e-16 
  523       3.444633557491e-10       8.654955426974e-13      -4.035396281583e-12       0.000000000000e+00       6.916209229601e-14       6.024831761973e-16       3.188713562710e-16 
  524       3.449068379798e-10       8.652910064685e-13      -3.865225552324e-12       0.000000000000e+00       6.869653447811e-14       5.907543676279e-16       3.061714737195e-16 
  525       3.453187960240e-10       8.657569661200e-13      -3.694341272093e-12       0.000000000000e+00       6.823485685841e-14       5.807642719535e-16       2.935372683639e-16 
  526       3.456991886989e-10       8.668966748687e-13      -3.522841997831e-12       0.000000000000e+00       6.777702988544e-14       5.724902144819e-16       2.809670954612e-16 
  527       3.460479780527e-10       8.687133464935e-13      -3.350827759168e-12       0.000000000000e+00       6.732302263390e-14       5.659089402567e-16       2.684592677603e-16 
  528       3.463651293859e-10       8.712101550054e-13      -3.178400065275e-12       0.000000000000e+00       6.687280279631e-14       5.609966109251e-16       2.560120552654e-16 
  529       3.466506112721e-10       8.743902343190e-13      -3.005661911707e-12       0.000000000000e+00       6.642633667465e-14       5.577288016052e-16       2.436236849993e-16 
  530       3.469043955795e-10       8.782566779219e-13      -2.832717787252e-12       0.000000000000e+00       6.598358917199e-14       5.560804977543e-16       2.312923407668e-16 
  531       3.471264574910e-10       8.828125385457e-13      -2.659673680779e-12       0.000000000000e+00       6.554452378413e-14       5.560260920363e-16       2.190161629182e-16 
  532       3.473167755259e-10       8.880608278366e-13      -2.486637088085e-12       0.000000000000e+00       6.510910259125e-14       5.575393811894e-16       2.067932481124e-16 
  533       3.474753315605e-10       8.940045160254e-13      -2.313717018742e-12       0.000000000000e+00       6.467728624951e-14       5.605935628939e-16       1.946216490807e-16 
  534       3.476021108494e-10       9.006465315983e-13      -2.141024002943e-12       0.000000000000e+00       6.424903398277e-14       5.651612326401e-16       1.824993743899e-16 
  535       3.476971020458e-10       9.079897609673e-13      -1.968670098353e-12       0.000000000000e+00       6.382430357412e-14       5.712143805957e-16       1.704243882057e-16 
  536       3.477602972235e-10       9.160370481408e-13      -1.796768896951e-12       0.000000000000e+00       6.340305135760e-14       5.787243884738e-16       1.583946100562e-16 
  537       3.477916918967e-10       9.247911943936e-13      -1.625435531882e-12       0.000000000000e+00       6.298523220981e-14       5.876620264005e-16       1.464079145952e-16 
  538       3.477912850420e-10       9.342549579380e-13      -1.454786684303e-12       0.000000000000e+00       6.257079954155e-14       5.979974497826e-16       1.344621313657e-16 
  539       3.477590791188e-10       9.444310535939e-13      -1.284940590228e-12       0.000000000000e+00       6.215970528945e-14       6.097001961755e-16       1.225550445630e-16 
  540       3.476950800902e-10       9.553221524591e-13      -1.116017047379e-12       0.000000000000e+00       6.175189990763e-14       6.227391821505e-16       1.106843927986e-16 
  541       3.475993394834e-10       9.669299202193e-13      -9.481303178666e-13       0.000000000000e+00       6.134733847706e-14       6.370767002681e-16       9.884874909530e-17 
  542       3.474720817702e-10       9.792521043032e-13      -7.813676124447e-13       0.000000000000e+00       6.094599923139e-14       6.526502388130e-16       8.705018738147e-17 
  543       3.473135804548e-10       9.922853677028e-13      -6.158100408563e-13       0.000000000000e+00       6.054786551310e-14       6.693901667128e-16       7.529168727593e-17 
  544       3.471241163834e-10       1.006026242523e-12      -4.515396675551e-13       0.000000000000e+00       6.015291969500e-14       6.872256836063e-16       6.357626046957e-17 
  545       3.469039777819e-10       1.020471129258e-12      -2.886395156459e-13       0.000000000000e+00       5.976114317436e-14       7.060848142559e-16       5.190695084891e-17 
  546       3.466534602945e-10       1.035616296070e-12      -1.271935708244e-13       0.000000000000e+00       5.937251636709e-14       7.258944029597e-16       4.028683461970e-17 
  547       3.463728670216e-10       1.051457878063e-12       3.271321468259e-14       0.000000000000e+00       5.898701870182e-14       7.465801079643e-16       2.871902043057e-17 
  548       3.460625085579e-10       1.067991876566e-12       1.909949181775e-13       0.000000000000e+00       5.860462861410e-14       7.680663958764e-16       1.720664949664e-17 
  549       3.457227030310e-10       1.085214158401e-12       3.475646425521e-13       0.000000000000e+00       5.822532354050e-14       7.902765360758e-16       5.752895723124e-18 
  550       3.453537761390e-10       1.103120455169e-12       5.023345123470e-13       0.000000000000e+00       5.784907991279e-14       8.131325951270e-16      -5.639034171048e-18 
  551       3.449560611892e-10       1.121706362521e-12       6.552156698124e-13       0.000000000000e+00       5.747587315206e-14       8.365554311921e-16      -1.696590052960e-17 
  552       3.445298991360e-10       1.140967339439e-12       8.061182709679e-13       0.000000000000e+00       5.710567766283e-14       8.604646884427e-16      -2.822443063531e-17 
  553       3.440756386192e-10       1.160898707508e-12       9.549514816621e-13       0.000000000000e+00       5.673846682727e-14       8.847787914724e-16      -3.941131858638e-17 
  554       3.435936360017e-10       1.181495650199e-12       1.101623473633e-12       0.000000000000e+00       5.637421299928e-14       9.094149397089e-16      -5.052322517280e-17 
  555       3.430842554087e-10       1.202753212142e-12       1.246041420570e-12       0.000000000000e+00       5.601288749864e-14       9.342891018266e-16      -6.155677775279e-17 
  556       3.425478687647e-10       1.224666298405e-12       1.388111494168e-12       0.000000000000e+00       5.565446060517e-14       9.593160101584e-16      -7.250857012911e-17 
  557       3.419848558325e-10       1.247229673770e-12       1.527738860195e-12       0.000000000000e+00       5.529890155286e-14       9.844091551085e-16      -8.337516242548e-17 
  558       3.413956042511e-10       1.270437962010e-12       1.664827674548e-12       0.000000000000e+00       5.494617852402e-14       1.009480779565e-15      -9.415308096298e-17 
  559       3.407805095738e-10       1.294285645166e-12       1.799281079313e-12       0.000000000000e+00       5.459625864342e-14       1.034441873310e-15      -1.048388181364e-16 
  560       3.401399753063e-10       1.318767062825e-12       1.931001198825e-12       0.000000000000e+00       5.424910797241e-14       1.059202167435e-15      -1.154288322906e-16 
  561       3.394744129453e-10       1.343876411397e-12       2.059889135731e-12       0.000000000000e+00       5.390469150311e-14       1.083670128752e-15      -1.259195475969e-16 
  562       3.387842420163e-10       1.369607743391e-12       2.185844967046e-12       0.000000000000e+00       5.356297315249e-14       1.107752954205e-15      -1.363073539297e-16 
  563       3.380698901118e-10       1.395954966691e-12       2.308767740215e-12       0.000000000000e+00       5.322391575656e-14       1.131356565283e-15      -1.465886067423e-16 
  564       3.373317929295e-10       1.422911843837e-12       2.428555469175e-12       0.000000000000e+00       5.288748106451e-14       1.154385602431e-15      -1.567596269439e-16 
  565       3.365704019257e-10       1.450471466839e-12       2.545114221301e-12       0.000000000000e+00       5.255363441951e-14       1.176773051851e-15      -1.668173894862e-16 
  566       3.357862074142e-10       1.478624668220e-12       2.658385643587e-12       0.000000000000e+00       5.222235894578e-14       1.198569976220e-15      -1.767616088751e-16 
  567       3.349797161377e-10       1.507361567600e-12       2.768320138084e-12       0.000000000000e+00       5.189364171556e-14       1.219858085454e-15      -1.865927071623e-16 
  568       3.341514437480e-10       1.536672091528e-12       2.874867834675e-12       0.000000000000e+00       5.156746909148e-14       1.240720319083e-15      -1.963111302323e-16 
  569       3.333019148468e-10       1.566545972563e-12       2.977978590541e-12       0.000000000000e+00       5.124382672242e-14       1.261240851785e-15      -2.059173479373e-16 
  570       3.324316630265e-10       1.596972748354e-12       3.077601989638e-12       0.000000000000e+00       5.092269953942e-14       1.281505098917e-15      -2.154118542322e-16 
  571       3.315412309118e-10       1.627941760723e-12       3.173687342164e-12       0.000000000000e+00       5.060407175158e-14       1.301599722044e-15      -2.247951673092e-16 
  572       3.306311702002e-10       1.659442154742e-12       3.266183684033e-12       0.000000000000e+00       5.028792684197e-14       1.321612634478e-15      -2.340678297325e-16 
  573       3.297020417034e-10       1.691462877814e-12       3.355039776344e-12       0.000000000000e+00       4.997424756351e-14       1.341633006799e-15      -2.432304085734e-16 
  574       3.287544153882e-10       1.723992678754e-12       3.440204104855e-12       0.000000000000e+00       4.966301593488e-14       1.361751272397e-15      -2.522834955452e-16 
  575       3.277888704172e-10       1.757020106870e-12       3.521624879453e-12       0.000000000000e+00       4.935421323644e-14       1.382059132997e-15      -2.612277071374e-16 
  576       3.268059951905e-10       1.790533511040e-12       3.599250033626e-12       0.000000000000e+00       4.904782000608e-14       1.402649564194e-15      -2.700636847514e-16 
  577       3.258063873862e-10       1.824521038796e-12       3.673027223931e-12       0.000000000000e+00       4.874381603519e-14       1.423616820984e-15      -2.787920948346e-16 
  578       3.247906540017e-10       1.858970635402e-12       3.742903829473e-12       0.000000000000e+00       4.844218036450e-14       1.445056443295e-15      -2.874136290154e-16 
  579       3.237594113946e-10       1.893870042935e-12       3.808826951366e-12       0.000000000000e+00       4.814289128002e-14       1.467065261520e-15      -2.959290042383e-16 
  580       3.227132853236e-10       1.929206799366e-12       3.870743412216e-12       0.000000000000e+00       4.784592630891e-14       1.489741402047e-15      -3.043389628984e-16 
  581       3.216529109900e-10       1.964968237637e-12       3.928599755582e-12       0.000000000000e+00       4.755126221541e-14       1.513184292792e-15      -3.126442729765e-16 
  582       3.205789330782e-10       2.001141484744e-12       3.982342245452e-12       0.000000000000e+00       4.725887499672e-14       1.537494668731e-15      -3.208457281734e-16 
  583       3.194920057972e-10       2.037713460820e-12       4.031916865718e-12       0.000000000000e+00       4.696873987890e-14       1.562774577432e-15      -3.289441480455e-16 
  584       3.183927929211e-10       2.074670878207e-12       4.077269319638e-12       0.000000000000e+00       4.668083131278e-14       1.589127384583e-15      -3.369403781389e-16 
  585       3.172819678307e-10       2.112000240546e-12       4.118345029318e-12       0.000000000000e+00       4.639512296987e-14       1.616657779529e-15      -3.448352901246e-16 
  586       3.161602135541e-10       2.149687841848e-12       4.155089135174e-12       0.000000000000e+00       4.611158773824e-14       1.645471780803e-15      -3.526297819332e-16 
  587       3.150282228080e-10       2.187719765582e-12       4.187446495411e-12       0.000000000000e+00       4.583019771842e-14       1.675676741651e-15      -3.603247778897e-16 
  588       3.138866980385e-10       2.226081883751e-12       4.215361685488e-12       0.000000000000e+00       4.555092421933e-14       1.707381355575e-15      -3.679212288485e-16 
  589       3.127363514624e-10       2.264759855973e-12       4.238778997595e-12       0.000000000000e+00       4.527373775414e-14       1.740695661854e-15      -3.754201123280e-16 
  590       3.115778788001e-10       2.303739288511e-12       4.257651413496e-12       0.000000000000e+00       4.499861161986e-14       1.775695861444e-15      -3.828223014965e-16 
  591       3.104118796790e-10       2.343006217546e-12       4.271967767470e-12       0.000000000000e+00       4.472553274143e-14       1.812317799295e-15      -3.901281683045e-16 
  592       3.092389353464e-10       2.382546636020e-12       4.281726252905e-12       0.000000000000e+00       4.445449108720e-14       1.850460863336e-15      -3.973379708209e-16 
  593       3.080596348310e-10       2.422346333899e-12       4.286925512165e-12       0.000000000000e+00       4.418547610671e-14       1.890022929563e-15      -4.044519835853e-16 
  594       3.068745749755e-10       2.462390897312e-12       4.287564639147e-12       0.000000000000e+00       4.391847672775e-14       1.930900355461e-15      -4.114704976972e-16 
  595       3.056843604680e-10       2.502665707683e-12       4.283643181840e-12       0.000000000000e+00       4.365348135357e-14       1.972987973426e-15      -4.183938209061e-16 
  596       3.044896038744e-10       2.543155940870e-12       4.275161144888e-12       0.000000000000e+00       4.339047785993e-14       2.016179084187e-15      -4.252222777008e-16 
  597       3.032909256701e-10       2.583846566296e-12       4.262118992148e-12       0.000000000000e+00       4.312945359230e-14       2.060365450228e-15      -4.319562093995e-16 
  598       3.020889542721e-10       2.624722346089e-12       4.244517649247e-12       0.000000000000e+00       4.287039536296e-14       2.105437289205e-15      -4.385959742389e-16 
  599       3.008843260712e-10       2.665767834211e-12       4.222358506145e-12       0.000000000000e+00       4.261328944817e-14       2.151283267374e-15      -4.451419474646e-16 
  600       2.996776854634e-10       2.706967375602e-12       4.195643419695e-12       0.000000000000e+00       4.235812158524e-14       2.197790493006e-15      -4.515945214202e-16 
  601       2.984696848825e-10       2.748305105306e-12       4.164374716197e-12       0.000000000000e+00       4.210487696972e-14       2.244844509814e-15      -4.579541056372e-16 
  602       2.972609848316e-10       2.789764947613e-12       4.128555193964e-12       0.000000000000e+00       4.185354025252e-14       2.292329290369e-15      -4.642211269248e-16 
  603       2.960522539155e-10       2.831330615192e-12       4.088188125877e-12       0.000000000000e+00       4.160409553704e-14       2.340127229526e-15      -4.703960294593e-16 
  604       2.948441688723e-10       2.872985608223e-12       4.043277261948e-12       0.000000000000e+00       4.135652637630e-14       2.388119137843e-15      -4.764792748742e-16 
  605       2.936374146057e-10       2.914713213541e-12       3.993826831876e-12       0.000000000000e+00       4.111081577007e-14       2.436184235003e-15      -4.824713423493e-16 
  606       2.924326842165e-10       2.956496503760e-12       3.939841547610e-12       0.000000000000e+00       4.086694616201e-14       2.484200143235e-15      -4.883727287011e-16 
  607       2.912306790354e-10       2.998318336418e-12       3.881326605905e-12       0.000000000000e+00       4.062489943683e-14       2.532042880736e-15      -4.941839484718e-16 
  608       2.900321086539e-10       3.040161353106e-12       3.818287690885e-12       0.000000000000e+00       4.038465691737e-14       2.579586855091e-15      -4.999055340195e-16 
  609       2.888376909574e-10       3.082007978606e-12       3.750730976600e-12       0.000000000000e+00       4.014619936177e-14       2.626704856698e-15      -5.055380356074e-16 
  610       2.876481521563e-10       3.123840420028e-12       3.678663129587e-12       0.000000000000e+00       3.990950696061e-14       2.673268052183e-15      -5.110820214941e-16 
  611       2.864642268184e-10       3.165640665941e-12       3.602091311428e-12       0.000000000000e+00       3.967455933402e-14       2.719145977828e-15      -5.165380780227e-16 
  612       2.852866579007e-10       3.207390485509e-12       3.521023181310e-12       0.000000000000e+00       3.944133552882e-14       2.764206532990e-15      -5.219068097108e-16 
  613       2.841161967817e-10       3.249071427631e-12       3.435466898587e-12       0.000000000000e+00       3.920981401567e-14       2.808315973520e-15      -5.271888393400e-16 
  614       2.829536032930e-10       3.290664820071e-12       3.345431125336e-12       0.000000000000e+00       3.897997268618e-14       2.851338905187e-15      -5.323848080460e-16 
  615       2.817996457513e-10       3.332151768595e-12       3.250925028918e-12       0.000000000000e+00       3.875178885006e-14       2.893138277099e-15      -5.374953754076e-16 
  616       2.806550461792e-10       3.373514073377e-12       3.151964351123e-12       0.000000000000e+00       3.852524196816e-14       2.933609225385e-15      -5.425211781874e-16 
  617       2.795203144780e-10       3.414737003759e-12       3.048589768058e-12       0.000000000000e+00       3.830032192846e-14       2.972781496625e-15      -5.474627052987e-16 
  618       2.783959103962e-10       3.455806587412e-12       2.940848969568e-12       0.000000000000e+00       3.807702096012e-14       3.010719433946e-15      -5.523204200581e-16 
  619       2.772822979995e-10       3.496708698430e-12       2.828790636423e-12       0.000000000000e+00       3.785533091337e-14       3.047488350148e-15      -5.570948013442e-16 
  620       2.761799456868e-10       3.537429056756e-12       2.712464444791e-12       0.000000000000e+00       3.763524325743e-14       3.083154531805e-15      -5.617863436742e-16 
  621       2.750893262037e-10       3.577953227606e-12       2.591921070716e-12       0.000000000000e+00       3.741674907858e-14       3.117785243382e-15      -5.663955572805e-16 
  622       2.740109166580e-10       3.618266620897e-12       2.467212194590e-12       0.000000000000e+00       3.719983907809e-14       3.151448731338e-15      -5.709229681870e-16 
  623       2.729451985340e-10       3.658354490669e-12       2.338390505629e-12       0.000000000000e+00       3.698450357028e-14       3.184214228238e-15      -5.753691182862e-16 
  624       2.718926577073e-10       3.698201934511e-12       2.205509706349e-12       0.000000000000e+00       3.677073248046e-14       3.216151956861e-15      -5.797345654157e-16 
  625       2.708537844592e-10       3.737793892984e-12       2.068624517040e-12       0.000000000000e+00       3.655851534296e-14       3.247333134310e-15      -5.840198834346e-16 
  626       2.698290734918e-10       3.777115149049e-12       1.927790680241e-12       0.000000000000e+00       3.634784129915e-14       3.277829976118e-15      -5.882256623003e-16 
  627       2.688190239425e-10       3.816150327491e-12       1.783064965214e-12       0.000000000000e+00       3.613869909537e-14       3.307715700360e-15      -5.923525081453e-16 
  628       2.678241393983e-10       3.854883894341e-12       1.634505172422e-12       0.000000000000e+00       3.593107708100e-14       3.337064531760e-15      -5.964010433536e-16 
  629       2.668449279111e-10       3.893300156305e-12       1.482170137998e-12       0.000000000000e+00       3.572496320640e-14       3.365951705802e-15      -6.003719066371e-16 
  630       2.658819020121e-10       3.931383260187e-12       1.326119738227e-12       0.000000000000e+00       3.552034502095e-14       3.394453472838e-15      -6.042657531128e-16 
  631       2.649355787263e-10       3.969117192313e-12       1.166414894017e-12       0.000000000000e+00       3.531720967103e-14       3.422647102193e-15      -6.080832543791e-16 
  632       2.640064795874e-10       4.006485777956e-12       1.003117575372e-12       0.000000000000e+00       3.511554389801e-14       3.450610886281e-15      -6.118250985924e-16 
  633       2.630951306523e-10       4.043472680764e-12       8.362908058736e-13       0.000000000000e+00       3.491533403626e-14       3.478424144710e-15      -6.154919905437e-16 
  634       2.622020625160e-10       4.080061402182e-12       6.659986671477e-13       0.000000000000e+00       3.471656601114e-14       3.506167228388e-15      -6.190846517356e-16 
  635       2.613278103260e-10       4.116235280875e-12       4.923063033458e-13       0.000000000000e+00       3.451922533702e-14       3.533921523641e-15      -6.226038204583e-16 
  636       2.604729137973e-10       4.151977492159e-12       3.152799256167e-13       0.000000000000e+00       3.432329711524e-14       3.561769456310e-15      -6.260502518669e-16 
  637       2.596379172268e-10       4.187271047420e-12       1.349868165826e-13       0.000000000000e+00       3.412876603212e-14       3.589794495870e-15      -6.294247180576e-16 
  638       2.588233695079e-10       4.222098793541e-12      -4.850466518643e-14       0.000000000000e+00       3.393561635698e-14       3.618081159533e-15      -6.327280081442e-16 
  639       2.580298241456e-10       4.256443412329e-12      -2.351250806974e-13       0.000000000000e+00       3.374383194013e-14       3.646715016361e-15      -6.359609283353e-16 
  640       2.572578392707e-10       4.290287419936e-12      -4.248039060595e-13       0.000000000000e+00       3.355339621083e-14       3.675782691370e-15      -6.391243020104e-16 
  641       2.565079776549e-10       4.323613166285e-12      -6.174695280091e-13       0.000000000000e+00       3.336429217535e-14       3.705371869644e-15      -6.422189697968e-16 
  642       2.557808067249e-10       4.356402834499e-12      -8.130492394349e-13       0.000000000000e+00       3.317650241491e-14       3.735571300441e-15      -6.452457896462e-16 
  643       2.550768341951e-10       4.388639943930e-12      -1.011468046329e-12       0.000000000000e+00       3.299001116158e-14       3.766447273384e-15      -6.482051565508e-16 
  644       2.543963133322e-10       4.420313897831e-12      -1.212645068012e-12       0.000000000000e+00       3.280481058156e-14       3.797972453372e-15      -6.510955495868e-16 
  645       2.537394333053e-10       4.451415537624e-12      -1.416497046471e-12       0.000000000000e+00       3.262089463034e-14       3.830095440821e-15      -6.539149520908e-16 
  646       2.531063831657e-10       4.481935648483e-12      -1.622939522736e-12       0.000000000000e+00       3.243825698633e-14       3.862764150851e-15      -6.566613289766e-16 
  647       2.524973518420e-10       4.511864959192e-12      -1.831886832059e-12       0.000000000000e+00       3.225689104947e-14       3.895925810577e-15      -6.593326266723e-16 
  648       2.519125281370e-10       4.541194142006e-12      -2.043252099100e-12       0.000000000000e+00       3.207678993980e-14       3.929526956401e-15      -6.619267730582e-16 
  649       2.513521007230e-10       4.569913812515e-12      -2.256947233102e-12       0.000000000000e+00       3.189794649611e-14       3.963513431300e-15      -6.644416774036e-16 
  650       2.508162581382e-10       4.598014529503e-12      -2.472882923073e-12       0.000000000000e+00       3.172035327449e-14       3.997830382118e-15      -6.668752303048e-16 
  651       2.503051887828e-10       4.625486794804e-12      -2.690968632970e-12       0.000000000000e+00       3.154400254694e-14       4.032422256856e-15      -6.692253036221e-16 
  652       2.498190809146e-10       4.652321053170e-12      -2.911112596875e-12       0.000000000000e+00       3.136888630002e-14       4.067232801966e-15      -6.714897504175e-16 
  653       2.493581226454e-10       4.678507692127e-12      -3.133221814178e-12       0.000000000000e+00       3.119499623337e-14       4.102205059637e-15      -6.736664048920e-16 
  654       2.489225019369e-10       4.704037041838e-12      -3.357202044759e-12       0.000000000000e+00       3.102232375837e-14       4.137281365089e-15      -6.757530823230e-16 
  655       2.485124065965e-10       4.728899374961e-12      -3.582957804166e-12       0.000000000000e+00       3.085085999671e-14       4.172403343863e-15      -6.777475790019e-16 
  656       2.481280242738e-10       4.753084906511e-12      -3.810392358796e-12       0.000000000000e+00       3.068059577901e-14       4.207511909111e-15      -6.796476721712e-16 
  657       2.477695424560e-10       4.776583793721e-12      -4.039407721078e-12       0.000000000000e+00       3.051152164341e-14       4.242547258888e-15      -6.814511199623e-16 
  658       2.474371484646e-10       4.799386135904e-12      -4.269904644650e-12       0.000000000000e+00       3.034362783415e-14       4.277448873442e-15      -6.831556613326e-16 
  659       2.471310294507e-10       4.821481974309e-12      -4.501782619543e-12       0.000000000000e+00       3.017690430020e-14       4.312155512503e-15      -6.847590160033e-16 
  660       2.468513723916e-10       4.842861291987e-12      -4.734939867360e-12       0.000000000000e+00       3.001134069387e-14       4.346605212577e-15      -6.862588843963e-16 
  661       2.465983640865e-10       4.863514013648e-12      -4.969273336457e-12       0.000000000000e+00       2.984692636934e-14       4.380735284237e-15      -6.876529475722e-16 
  662       2.463721911526e-10       4.883430005522e-12      -5.204678697123e-12       0.000000000000e+00       2.968365038136e-14       4.414482309408e-15      -6.889388671672e-16 
  663       2.461730400211e-10       4.902599075223e-12      -5.441050336762e-12       0.000000000000e+00       2.952150148376e-14       4.447782138665e-15      -6.901142853310e-16 
  664       2.460010969332e-10       4.921010971603e-12      -5.678281355072e-12       0.000000000000e+00       2.936046812811e-14       4.480569888520e-15      -6.911768246638e-16 
  665       2.458565479363e-10       4.938655384622e-12      -5.916263559226e-12       0.000000000000e+00       2.920053846229e-14       4.512779938713e-15      -6.921240881541e-16 
  666       2.457395788798e-10       4.955521945198e-12      -6.154887459056e-12       0.000000000000e+00       2.904170032910e-14       4.544345929501e-15      -6.929536591157e-16 
  667       2.456503754110e-10       4.971600225075e-12      -6.394042262227e-12       0.000000000000e+00       2.888394126484e-14       4.575200758955e-15      -6.936631011257e-16 
  668       2.455891229714e-10       4.986879736684e-12      -6.633615869425e-12       0.000000000000e+00       2.872724849796e-14       4.605276580242e-15      -6.942499579613e-16 
  669       2.455560067927e-10       5.001349932996e-12      -6.873494869530e-12       0.000000000000e+00       2.857160894760e-14       4.634504798923e-15      -6.947117535377e-16 
  670       2.455512118927e-10       5.015000207393e-12      -7.113564534805e-12       0.000000000000e+00       2.841700922222e-14       4.662816070242e-15      -6.950459918452e-16 
  671       2.455748683424e-10       5.027821582514e-12      -7.353713653536e-12       0.000000000000e+00       2.826343722600e-14       4.690157399976e-15      -6.952510012763e-16 
  672       2.456268857715e-10       5.039811817381e-12      -7.593849152973e-12       0.000000000000e+00       2.811088701909e-14       4.716543860258e-15      -6.953284878653e-16 
  673       2.457071152595e-10       5.050970410955e-12      -7.833881784540e-12       0.000000000000e+00       2.795935406020e-14       4.742007991931e-15      -6.952810373946e-16 
  674       2.458154037210e-10       5.061296923494e-12      -8.073721311619e-12       0.000000000000e+00       2.780883360734e-14       4.766582804561e-15      -6.951112761891e-16 
  675       2.459515938865e-10       5.070790976868e-12      -8.313276506005e-12       0.000000000000e+00       2.765932071688e-14       4.790301778276e-15      -6.948218712793e-16 
  676       2.461155242845e-10       5.079452254867e-12      -8.552455144387e-12       0.000000000000e+00       2.751081024258e-14       4.813198865612e-15      -6.944155305625e-16 
  677       2.463070292223e-10       5.087280503510e-12      -8.791164004807e-12       0.000000000000e+00       2.736329683461e-14       4.835308493351e-15      -6.938950029658e-16 
  678       2.465259387679e-10       5.094275531359e-12      -9.029308863132e-12       0.000000000000e+00       2.721677493858e-14       4.856665564368e-15      -6.932630786073e-16 
  679       2.467720787315e-10       5.100437209821e-12      -9.266794489519e-12       0.000000000000e+00       2.707123879456e-14       4.877305459471e-15      -6.925225889592e-16 
  680       2.470452706465e-10       5.105765473470e-12      -9.503524644889e-12       0.000000000000e+00       2.692668243611e-14       4.897264039246e-15      -6.916764070094e-16 
  681       2.473453317514e-10       5.110260320345e-12      -9.739402077388e-12       0.000000000000e+00       2.678309968933e-14       4.916577645894e-15      -6.907274474235e-16 
  682       2.476720749711e-10       5.113921812269e-12      -9.974328518858e-12       0.000000000000e+00       2.664048417186e-14       4.935283105080e-15      -6.896786667074e-16 
  683       2.480253088980e-10       5.116750075155e-12      -1.020820468131e-11       0.000000000000e+00       2.649882929190e-14       4.953417727770e-15      -6.885330633693e-16 
  684       2.484048377743e-10       5.118745299316e-12      -1.044093025338e-11       0.000000000000e+00       2.635812824727e-14       4.971019312080e-15      -6.872936780814e-16 
  685       2.488104614726e-10       5.119907739776e-12      -1.067240389681e-11       0.000000000000e+00       2.621837402444e-14       4.988126145109e-15      -6.859635938428e-16 
  686       2.492419754775e-10       5.120237716581e-12      -1.090252324290e-11       0.000000000000e+00       2.607955939751e-14       5.004777004792e-15      -6.845459361409e-16 
  687       2.496991708678e-10       5.119735615109e-12      -1.113118488901e-11       0.000000000000e+00       2.594167692728e-14       5.021011161735e-15      -6.830438731141e-16 
  688       2.501818342968e-10       5.118401886376e-12      -1.135828439497e-11       0.000000000000e+00       2.580471896027e-14       5.036868381058e-15      -6.814606157136e-16 
  689       2.506897479746e-10       5.116237047353e-12      -1.158371627962e-11       0.000000000000e+00       2.566867762774e-14       5.052388924244e-15      -6.797994178657e-16 
  690       2.512226896492e-10       5.113241681272e-12      -1.180737401721e-11       0.000000000000e+00       2.553354484471e-14       5.067613550973e-15      -6.780635766339e-16 
  691       2.517804325882e-10       5.109416437933e-12      -1.202915003391e-11       0.000000000000e+00       2.539931230901e-14       5.082583520969e-15      -6.762564323809e-16 
  692       2.523627455600e-10       5.104762034023e-12      -1.224893570426e-11       0.000000000000e+00       2.526597150029e-14       5.097340595843e-15      -6.743813689312e-16 
  693       2.529693928150e-10       5.099279253417e-12      -1.246662134767e-11       0.000000000000e+00       2.513351367907e-14       5.111927040934e-15      -6.724418137325e-16 
  694       2.536001340679e-10       5.092968947493e-12      -1.268209622483e-11       0.000000000000e+00       2.500192988573e-14       5.126385627150e-15      -6.704412380185e-16 
  695       2.542547244784e-10       5.085832035442e-12      -1.289524853422e-11       0.000000000000e+00       2.487121093957e-14       5.140759632815e-15      -6.683831569708e-16 
  696       2.549329146327e-10       5.077869504576e-12      -1.310596540858e-11       0.000000000000e+00       2.474134743782e-14       5.155092845506e-15      -6.662711298809e-16 
  697       2.556344505254e-10       5.069082410640e-12      -1.331413291135e-11       0.000000000000e+00       2.461232975469e-14       5.169429563899e-15      -6.641087603127e-16 
  698       2.563590735407e-10       5.059471878121e-12      -1.351963603317e-11       0.000000000000e+00       2.448414804036e-14       5.183814599612e-15      -6.618996962641e-16 
  699       2.571065204335e-10       5.049039100558e-12      -1.372235868833e-11       0.000000000000e+00       2.435679222005e-14       5.198293279044e-15      -6.596476303297e-16 
  700       2.578765233116e-10       5.037785340854e-12      -1.392218371122e-11       0.000000000000e+00       2.423025199301e-14       5.212911445221e-15      -6.573562998626e-16 
  701       2.586687854539e-10       5.025713170641e-12      -1.411900266639e-11       0.000000000000e+00       2.410451807209e-14       5.227703614699e-15      -6.550287513471e-16 
  702       2.594829082527e-10       5.012830216042e-12      -1.431274550959e-11       0.000000000000e+00       2.397958593264e-14       5.242657174243e-15      -6.526651163980e-16 
  703       2.603184627153e-10       4.999145490439e-12      -1.450335153666e-11       0.000000000000e+00       2.385545213962e-14       5.257747443057e-15      -6.502647898213e-16 
  704       2.611750134647e-10       4.984668163083e-12      -1.469075962480e-11       0.000000000000e+00       2.373211311355e-14       5.272949449229e-15      -6.478271611967e-16 
  705       2.620521187148e-10       4.969407559706e-12      -1.487490823134e-11       0.000000000000e+00       2.360956512980e-14       5.288237928690e-15      -6.453516148604e-16 
  706       2.629493302462e-10       4.953373163131e-12      -1.505573539265e-11       0.000000000000e+00       2.348780431789e-14       5.303587324164e-15      -6.428375298879e-16 
  707       2.638661933818e-10       4.936574613890e-12      -1.523317872303e-11       0.000000000000e+00       2.336682666090e-14       5.318971784123e-15      -6.402842800766e-16 
  708       2.648022469621e-10       4.919021710831e-12      -1.540717541348e-11       0.000000000000e+00       2.324662799473e-14       5.334365161743e-15      -6.376912339285e-16 
  709       2.657570233210e-10       4.900724411732e-12      -1.557766223067e-11       0.000000000000e+00       2.312720400747e-14       5.349741013854e-15      -6.350577546331e-16 
  710       2.667300482614e-10       4.881692833913e-12      -1.574457551571e-11       0.000000000000e+00       2.300855023869e-14       5.365072599898e-15      -6.323832000499e-16 
  711       2.677208410305e-10       4.861937254849e-12      -1.590785118308e-11       0.000000000000e+00       2.289066207882e-14       5.380332880881e-15      -6.296669226912e-16 
  712       2.687289142956e-10       4.841468112782e-12      -1.606742471942e-11       0.000000000000e+00       2.277353476845e-14       5.395494518328e-15      -6.269082697049e-16 
  713       2.697537741194e-10       4.820296007332e-12      -1.622323118247e-11       0.000000000000e+00       2.265716339766e-14       5.410529873236e-15      -6.241065828569e-16 
  714       2.707949199359e-10       4.798431700112e-12      -1.637520519988e-11       0.000000000000e+00       2.254154290536e-14       5.425411005030e-15      -6.212611985145e-16 
  715       2.718518445258e-10       4.775886115338e-12      -1.652328096807e-11       0.000000000000e+00       2.242666807863e-14       5.440109670515e-15      -6.183714476281e-16 
  716       2.729240339917e-10       4.752670340439e-12      -1.666739225112e-11       0.000000000000e+00       2.231253355200e-14       5.454597322830e-15      -6.154366557150e-16 
  717       2.740109677345e-10       4.728795626677e-12      -1.680747237962e-11       0.000000000000e+00       2.219913380686e-14       5.468845110404e-15      -6.124561428414e-16 
  718       2.751121184280e-10       4.704273389749e-12      -1.694345424950e-11       0.000000000000e+00       2.208646317071e-14       5.482823875909e-15      -6.094292236052e-16 
  719       2.762269519952e-10       4.679115210410e-12      -1.707527032095e-11       0.000000000000e+00       2.197451581656e-14       5.496504155214e-15      -6.063552071189e-16 
  720       2.773549275834e-10       4.653332835075e-12      -1.720285261723e-11       0.000000000000e+00       2.186328576220e-14       5.509856176338e-15      -6.032333969924e-16 
  721       2.784954975401e-10       4.626938176439e-12      -1.732613272355e-11       0.000000000000e+00       2.175276686957e-14       5.522849858407e-15      -6.000630913155e-16 
  722       2.796481073881e-10       4.599943314084e-12      -1.744504178593e-11       0.000000000000e+00       2.164295284409e-14       5.535454810605e-15      -5.968435826405e-16 
  723       2.808121958017e-10       4.572360495097e-12      -1.755951051008e-11       0.000000000000e+00       2.153383723394e-14       5.547640331129e-15      -5.935741579653e-16 
  724       2.819871945816e-10       4.544202134676e-12      -1.766946916022e-11       0.000000000000e+00       2.142541342947e-14       5.559375406145e-15      -5.902540987159e-16 
  725       2.831725286309e-10       4.515480816745e-12      -1.777484755798e-11       0.000000000000e+00       2.131767466247e-14       5.570628708739e-15      -5.868826807290e-16 
  726       2.843676159306e-10       4.486209294568e-12      -1.787557508123e-11       0.000000000000e+00       2.121061400550e-14       5.581368597873e-15      -5.834591742350e-16 
  727       2.855718675149e-10       4.456400491358e-12      -1.797158066298e-11       0.000000000000e+00       2.110422437128e-14       5.591563117338e-15      -5.799828438405e-16 
  728       2.867846874470e-10       4.426067500893e-12      -1.806279279019e-11       0.000000000000e+00       2.099849851195e-14       5.601179994710e-15      -5.764529485111e-16 
  729       2.880054727946e-10       4.395223588123e-12      -1.814913950267e-11       0.000000000000e+00       2.089342901842e-14       5.610186640300e-15      -5.728687415539e-16 
  730       2.892336136056e-10       4.363882189788e-12      -1.823054839194e-11       0.000000000000e+00       2.078900831975e-14       5.618550146115e-15      -5.692294706008e-16 
  731       2.904684928832e-10       4.332056915027e-12      -1.830694660006e-11       0.000000000000e+00       2.068522868239e-14       5.626237284803e-15      -5.655343775905e-16 
  732       2.917095057470e-10       4.299761712193e-12      -1.837827198812e-11       0.000000000000e+00       2.058208312827e-14       5.633221746183e-15      -5.617830220087e-16 
  733       2.929561173823e-10       4.267011371709e-12      -1.844450688789e-11       0.000000000000e+00       2.047956821027e-14       5.639506007095e-15      -5.579762577079e-16 
  734       2.942078061969e-10       4.233821034445e-12      -1.850564502042e-11       0.000000000000e+00       2.037768129068e-14       5.645099895229e-15      -5.541152755162e-16 
  735       2.954640447203e-10       4.200206027071e-12      -1.856168038869e-11       0.000000000000e+00       2.027641962707e-14       5.650013391597e-15      -5.502012817979e-16 
  736       2.967242995839e-10       4.166181862704e-12      -1.861260727894e-11       0.000000000000e+00       2.017578037186e-14       5.654256631106e-15      -5.462354985090e-16 
  737       2.979880315006e-10       4.131764241560e-12      -1.865842026209e-11       0.000000000000e+00       2.007576057181e-14       5.657839903134e-15      -5.422191632517e-16 
  738       2.992546952447e-10       4.096969051602e-12      -1.869911419507e-11       0.000000000000e+00       1.997635716759e-14       5.660773652097e-15      -5.381535293297e-16 
  739       3.005237396319e-10       4.061812369191e-12      -1.873468422217e-11       0.000000000000e+00       1.987756699330e-14       5.663068478027e-15      -5.340398658032e-16 
  740       3.017946074989e-10       4.026310459733e-12      -1.876512577641e-11       0.000000000000e+00       1.977938677601e-14       5.664735137140e-15      -5.298794575437e-16 
  741       3.030667356833e-10       3.990479778331e-12      -1.879043458091e-11       0.000000000000e+00       1.968181313527e-14       5.665784542413e-15      -5.256736052894e-16 
  742       3.043395550038e-10       3.954336970432e-12      -1.881060665023e-11       0.000000000000e+00       1.958484258270e-14       5.666227764154e-15      -5.214236256998e-16 
  743       3.056124902396e-10       3.917898872478e-12      -1.882563829172e-11       0.000000000000e+00       1.948847152149e-14       5.666076030578e-15      -5.171308514109e-16 
  744       3.068849601103e-10       3.881182512556e-12      -1.883552610692e-11       0.000000000000e+00       1.939269624591e-14       5.665340728374e-15      -5.127966310903e-16 
  745       3.081563772561e-10       3.844205111045e-12      -1.884026699288e-11       0.000000000000e+00       1.929751294092e-14       5.664033403283e-15      -5.084223294920e-16 
  746       3.094261482173e-10       3.806984081268e-12      -1.883985814355e-11       0.000000000000e+00       1.920291768162e-14       5.662165760669e-15      -5.040093275116e-16 
  747       3.106936734143e-10       3.769537030141e-12      -1.883429705111e-11       0.000000000000e+00       1.910890643287e-14       5.659749666092e-15      -4.995590222412e-16 
  748       3.119583471274e-10       3.731881758819e-12      -1.882358150733e-11       0.000000000000e+00       1.901547504874e-14       5.656797145879e-15      -4.950728270245e-16 
  749       3.132195574766e-10       3.694036263351e-12      -1.880770960497e-11       0.000000000000e+00       1.892261927212e-14       5.653320387698e-15      -4.905521715118e-16 
  750       3.144766864018e-10       3.656018735326e-12      -1.878667973909e-11       0.000000000000e+00       1.883033473420e-14       5.649331741133e-15      -4.859985017148e-16 
  751       3.157291096419e-10       3.617847562521e-12      -1.876049060844e-11       0.000000000000e+00       1.873861695406e-14       5.644843718252e-15      -4.814132800620e-16 
  752       3.169761967156e-10       3.579541329555e-12      -1.872914121680e-11       0.000000000000e+00       1.864746133814e-14       5.639868994184e-15      -4.767979854534e-16 
  753       3.182173109004e-10       3.541118818534e-12      -1.869263087436e-11       0.000000000000e+00       1.855686317983e-14       5.634420407690e-15      -4.721541133156e-16 
  754       3.194518092129e-10       3.502599009705e-12      -1.865095919904e-11       0.000000000000e+00       1.846681765900e-14       5.628510961735e-15      -4.674831756567e-16 
  755       3.206790423887e-10       3.464001082099e-12      -1.860412611792e-11       0.000000000000e+00       1.837731984149e-14       5.622153824062e-15      -4.627867011218e-16 
  756       3.218983548620e-10       3.425344414187e-12      -1.855213186851e-11       0.000000000000e+00       1.828836467871e-14       5.615362327763e-15      -4.580662350473e-16 
  757       3.231090847456e-10       3.386648584526e-12      -1.849497700018e-11       0.000000000000e+00       1.819994700712e-14       5.608149971854e-15      -4.533233395164e-16 
  758       3.243105638106e-10       3.347933372408e-12      -1.843266237550e-11       0.000000000000e+00       1.811206154780e-14       5.600530421848e-15      -4.485595934140e-16 
  759       3.255021174665e-10       3.309218758511e-12      -1.836518917156e-11       0.000000000000e+00       1.802470290597e-14       5.592517510325e-15      -4.437765924816e-16 
  760       3.266830647408e-10       3.270524925549e-12      -1.829255888140e-11       0.000000000000e+00       1.793786557055e-14       5.584125237506e-15      -4.389759493725e-16 
  761       3.278527182591e-10       3.231872258918e-12      -1.821477331531e-11       0.000000000000e+00       1.785154391364e-14       5.575367771826e-15      -4.341592937066e-16 
  762       3.290103842246e-10       3.193281347350e-12      -1.813183460220e-11       0.000000000000e+00       1.776573219012e-14       5.566259450507e-15      -4.293282721255e-16 
  763       3.301553623982e-10       3.154772983558e-12      -1.804374519100e-11       0.000000000000e+00       1.768042453714e-14       5.556814780130e-15      -4.244845483478e-16 
  764       3.312870012525e-10       3.116367025844e-12      -1.795051585815e-11       0.000000000000e+00       1.759561567527e-14       5.547046811429e-15      -4.196295698809e-16 
  765       3.324048646283e-10       3.078078957756e-12      -1.785218989520e-11       0.000000000000e+00       1.751130302738e-14       5.536962228469e-15      -4.147638631621e-16 
  766       3.335085682203e-10       3.039923264023e-12      -1.774881938580e-11       0.000000000000e+00       1.742748463927e-14       5.526566166831e-15      -4.098877250673e-16 
  767       3.345977246827e-10       3.001914564065e-12      -1.764045724431e-11       0.000000000000e+00       1.734415848146e-14       5.515863831137e-15      -4.050014550423e-16 
  768       3.356719436199e-10       2.964067612407e-12      -1.752715721884e-11       0.000000000000e+00       1.726132244887e-14       5.504860495286e-15      -4.001053551091e-16 
  769       3.367308315783e-10       2.926397299096e-12      -1.740897389424e-11       0.000000000000e+00       1.717897436046e-14       5.493561502695e-15      -3.951997298736e-16 
  770       3.377739920370e-10       2.888918650117e-12      -1.728596269509e-11       0.000000000000e+00       1.709711195897e-14       5.481972266539e-15      -3.902848865323e-16 
  771       3.388010253992e-10       2.851646827806e-12      -1.715817988874e-11       0.000000000000e+00       1.701573291054e-14       5.470098269985e-15      -3.853611348795e-16 
  772       3.398115289832e-10       2.814597131268e-12      -1.702568258825e-11       0.000000000000e+00       1.693483480444e-14       5.457945066438e-15      -3.804287873147e-16 
  773       3.408050970138e-10       2.777784996791e-12      -1.688852875548e-11       0.000000000000e+00       1.685441515271e-14       5.445518279775e-15      -3.754881588492e-16 
  774       3.417813206134e-10       2.741225998264e-12      -1.674677720399e-11       0.000000000000e+00       1.677447138987e-14       5.432823604584e-15      -3.705395671136e-16 
  775       3.427397877932e-10       2.704935847589e-12      -1.660048760214e-11       0.000000000000e+00       1.669500087258e-14       5.419866806407e-15      -3.655833323646e-16 
  776       3.436800834441e-10       2.668930395099e-12      -1.644972047603e-11       0.000000000000e+00       1.661600087933e-14       5.406653721972e-15      -3.606197774926e-16 
  777       3.446017893283e-10       2.633225629974e-12      -1.629453721252e-11       0.000000000000e+00       1.653746861011e-14       5.393190259440e-15      -3.556492280282e-16 
  778       3.455044840702e-10       2.597837680653e-12      -1.613500006226e-11       0.000000000000e+00       1.645940118611e-14       5.379482398639e-15      -3.506720121495e-16 
  779       3.463877431477e-10       2.562782815255e-12      -1.597117214263e-11       0.000000000000e+00       1.638179564936e-14       5.365536191302e-15      -3.456884606895e-16 
  780       3.472511388834e-10       2.528077441990e-12      -1.580311744082e-11       0.000000000000e+00       1.630464896247e-14       5.351357761309e-15      -3.406989071429e-16 
  781       3.480942404356e-10       2.493738109576e-12      -1.563090081676e-11       0.000000000000e+00       1.622795800825e-14       5.336953304926e-15      -3.357036876733e-16 
  782       3.489166137897e-10       2.459781507656e-12      -1.545458800620e-11       0.000000000000e+00       1.615171958941e-14       5.322329091041e-15      -3.307031411201e-16 
  783       3.497178217491e-10       2.426224467210e-12      -1.527424562362e-11       0.000000000000e+00       1.607593042826e-14       5.307491461406e-15      -3.256976090061e-16 
  784       3.504974239266e-10       2.393083960977e-12      -1.508994116532e-11       0.000000000000e+00       1.600058716638e-14       5.292446830873e-15      -3.206874355440e-16 
  785       3.512549767358e-10       2.360377103862e-12      -1.490174301238e-11       0.000000000000e+00       1.592568636428e-14       5.277201687636e-15      -3.156729676440e-16 
  786       3.519900333815e-10       2.328121153358e-12      -1.470972043366e-11       0.000000000000e+00       1.585122450109e-14       5.261762593467e-15      -3.106545549205e-16 
  787       3.527021438519e-10       2.296333509960e-12      -1.451394358882e-11       0.000000000000e+00       1.577719797425e-14       5.246136183958e-15      -3.056325496996e-16 
  788       3.533908549089e-10       2.265031717579e-12      -1.431448353131e-11       0.000000000000e+00       1.570360309918e-14       5.230329168758e-15      -3.006073070259e-16 
  789       3.540557100797e-10       2.234233463959e-12      -1.411141221138e-11       0.000000000000e+00       1.563043610897e-14       5.214348331811e-15      -2.955791846697e-16 
  790       3.546962496481e-10       2.203956581093e-12      -1.390480247909e-11       0.000000000000e+00       1.555769315405e-14       5.198200531597e-15      -2.905485431341e-16 
  791       3.553120106452e-10       2.174219045637e-12      -1.369472808728e-11       0.000000000000e+00       1.548537030186e-14       5.181892701370e-15      -2.855157456620e-16 
  792       3.559025268410e-10       2.145038979327e-12      -1.348126369463e-11       0.000000000000e+00       1.541346353656e-14       5.165431849398e-15      -2.804811582436e-16 
  793       3.564673287355e-10       2.116434649393e-12      -1.326448486860e-11       0.000000000000e+00       1.534196875867e-14       5.148825059199e-15      -2.754451496230e-16 
  794       3.570059435498e-10       2.088424468975e-12      -1.304446808848e-11       0.000000000000e+00       1.527088178479e-14       5.132079489784e-15      -2.704080913056e-16 
  795       3.575178952172e-10       2.061026997541e-12      -1.282129074838e-11       0.000000000000e+00       1.520019834726e-14       5.115202375892e-15      -2.653703575650e-16 
  796       3.580027043745e-10       2.034260941300e-12      -1.259503116021e-11       0.000000000000e+00       1.512991409382e-14       5.098201028233e-15      -2.603323254503e-16 
  797       3.584598883532e-10       2.008145153616e-12      -1.236576855672e-11       0.000000000000e+00       1.506002458732e-14       5.081082833722e-15      -2.552943747931e-16 
  798       3.588890302989e-10       1.982696553850e-12      -1.213358393525e-11       0.000000000000e+00       1.499052583645e-14       5.063853720186e-15      -2.502568780398e-16 
  799       3.592899879327e-10       1.957923841296e-12      -1.189856259994e-11       0.000000000000e+00       1.492141589918e-14       5.046513519198e-15      -2.452201695294e-16 
  800       3.596626885896e-10       1.933833667125e-12      -1.166079167198e-11       0.000000000000e+00       1.485269330798e-14       5.029060518926e-15      -2.401845756681e-16 
  801       3.600070604402e-10       1.910432705570e-12      -1.142035925618e-11       0.000000000000e+00       1.478435654122e-14       5.011492991929e-15      -2.351504250580e-16 
  802       3.603230324951e-10       1.887727653951e-12      -1.117735444414e-11       0.000000000000e+00       1.471640402298e-14       4.993809195115e-15      -2.301180485029e-16 
  803       3.606105346088e-10       1.865725232698e-12      -1.093186731741e-11       0.000000000000e+00       1.464883412276e-14       4.976007369687e-15      -2.250877790132e-16 
  804       3.608694974840e-10       1.844432185378e-12      -1.068398895065e-11       0.000000000000e+00       1.458164515533e-14       4.958085741092e-15      -2.200599518109e-16 
  805       3.610998526760e-10       1.823855278713e-12      -1.043381141479e-11       0.000000000000e+00       1.451483538048e-14       4.940042518974e-15      -2.150349043351e-16 
  806       3.613015325963e-10       1.804001302610e-12      -1.018142778021e-11       0.000000000000e+00       1.444840300276e-14       4.921875897123e-15      -2.100129762471e-16 
  807       3.614744705177e-10       1.784877070181e-12      -9.926932119865e-12       0.000000000000e+00       1.438234617136e-14       4.903584053422e-15      -2.049945094354e-16 
  808       3.616186005776e-10       1.766489417767e-12      -9.670419512484e-12       0.000000000000e+00       1.431666297978e-14       4.885165149801e-15      -1.999798480212e-16 
  809       3.617338577826e-10       1.748845204962e-12      -9.411986045703e-12       0.000000000000e+00       1.425135146567e-14       4.866617332185e-15      -1.949693383633e-16 
  810       3.618201780129e-10       1.731951314640e-12      -9.151728819241e-12       0.000000000000e+00       1.418640961062e-14       4.847938730443e-15      -1.899633290636e-16 
  811       3.618774980259e-10       1.715814652973e-12      -8.889745948054e-12       0.000000000000e+00       1.412183533989e-14       4.829127458342e-15      -1.849621709720e-16 
  812       3.619057554610e-10       1.700442149460e-12      -8.626136565502e-12       0.000000000000e+00       1.405762652222e-14       4.810181613490e-15      -1.799662171915e-16 
  813       3.619048888432e-10       1.685840756948e-12      -8.361000826508e-12       0.000000000000e+00       1.399378096964e-14       4.791099277293e-15      -1.749758230840e-16 
  814       3.618748375880e-10       1.672017451655e-12      -8.094439910715e-12       0.000000000000e+00       1.393029643717e-14       4.771878514901e-15      -1.699913462746e-16 
  815       3.618155420048e-10       1.658979233199e-12      -7.826556025655e-12       0.000000000000e+00       1.386717062267e-14       4.752517375159e-15      -1.650131466577e-16 
  816       3.617269433017e-10       1.646733124614e-12      -7.557452409904e-12       0.000000000000e+00       1.380440116660e-14       4.733013890556e-15      -1.600415864013e-16 
  817       3.616089835894e-10       1.635286172380e-12      -7.287233336245e-12       0.000000000000e+00       1.374198565178e-14       4.713366077177e-15      -1.550770299531e-16 
  818       3.614616058854e-10       1.624645446445e-12      -7.016004114830e-12       0.000000000000e+00       1.367992160320e-14       4.693571934650e-15      -1.501198440448e-16 
  819       3.612847541184e-10       1.614818040247e-12      -6.743871096340e-12       0.000000000000e+00       1.361820648777e-14       4.673629446100e-15      -1.451703976980e-16 
  820       3.610783731320e-10       1.605811070741e-12      -6.470941675148e-12       0.000000000000e+00       1.355683771414e-14       4.653536578093e-15      -1.402290622289e-16 
  821       3.608424086896e-10       1.597631678418e-12      -6.197324292478e-12       0.000000000000e+00       1.349581263242e-14       4.633291280593e-15      -1.352962112538e-16 
  822       3.605768074779e-10       1.590287027336e-12      -5.923128439567e-12       0.000000000000e+00       1.343512853401e-14       4.612891486907e-15      -1.303722206942e-16 
  823       3.602815171114e-10       1.583784305136e-12      -5.648464660827e-12       0.000000000000e+00       1.337478265137e-14       4.592335113636e-15      -1.254574687817e-16 
  824       3.599564861368e-10       1.578130723073e-12      -5.373444557004e-12       0.000000000000e+00       1.331477215778e-14       4.571620060625e-15      -1.205523360638e-16 
  825       3.596016640368e-10       1.573333516032e-12      -5.098180788343e-12       0.000000000000e+00       1.325509416715e-14       4.550744210915e-15      -1.156572054086e-16 
  826       3.592170012345e-10       1.569399942559e-12      -4.822787077745e-12       0.000000000000e+00       1.319574573375e-14       4.529705430689e-15      -1.107724620100e-16 
  827       3.588024490973e-10       1.566337284881e-12      -4.547378213931e-12       0.000000000000e+00       1.313672385206e-14       4.508501569225e-15      -1.058984933931e-16 
  828       3.583579599418e-10       1.564152848931e-12      -4.272070054602e-12       0.000000000000e+00       1.307802545649e-14       4.487130458846e-15      -1.010356894193e-16 
  829       3.578834870370e-10       1.562853964371e-12      -3.996979529601e-12       0.000000000000e+00       1.301964742117e-14       4.465589914867e-15      -9.618444229154e-17 
  830       3.573789846093e-10       1.562447984616e-12      -3.722224644072e-12       0.000000000000e+00       1.296158655978e-14       4.443877735548e-15      -9.134514655936e-17 
  831       3.568444078464e-10       1.562942286858e-12      -3.447924481625e-12       0.000000000000e+00       1.290383962524e-14       4.421991702043e-15      -8.651819912415e-17 
  832       3.562797129012e-10       1.564344272091e-12      -3.174199207493e-12       0.000000000000e+00       1.284640330958e-14       4.399929578351e-15      -8.170399924440e-17 
  833       3.556849068304e-10       1.566659295732e-12      -2.901162566010e-12       0.000000000000e+00       1.278927463875e-14       4.377690330296e-15      -7.690297738754e-17 
  834       3.550601983592e-10       1.569884419701e-12      -2.628899222546e-12       0.000000000000e+00       1.273245216533e-14       4.355277806003e-15      -7.211568232943e-17 
  835       3.544058497657e-10       1.574014550924e-12      -2.357487030852e-12       0.000000000000e+00       1.267593479630e-14       4.332697119810e-15      -6.734269559124e-17 
  836       3.537221272002e-10       1.579044500473e-12      -2.087004504631e-12       0.000000000000e+00       1.261972139966e-14       4.309953439238e-15      -6.258460274116e-17 
  837       3.530093006972e-10       1.584968983240e-12      -1.817530819406e-12       0.000000000000e+00       1.256381080436e-14       4.287051985151e-15      -5.784199340455e-17 
  838       3.522676441883e-10       1.591782617600e-12      -1.549145814384e-12       0.000000000000e+00       1.250820180006e-14       4.263998031917e-15      -5.311546127413e-17 
  839       3.514974355154e-10       1.599479925075e-12      -1.281929994321e-12       0.000000000000e+00       1.245289313703e-14       4.240796907569e-15      -4.840560412013e-17 
  840       3.506989564433e-10       1.608055330007e-12      -1.015964531383e-12       0.000000000000e+00       1.239788352596e-14       4.217453993964e-15      -4.371302380050e-17 
  841       3.498724926723e-10       1.617503159216e-12      -7.513312670178e-13       0.000000000000e+00       1.234317163787e-14       4.193974726944e-15      -3.903832627104e-17 
  842       3.490183338515e-10       1.627817641672e-12      -4.881127138125e-13       0.000000000000e+00       1.228875610388e-14       4.170364596498e-15      -3.438212159557e-17 
  843       3.481367735911e-10       1.638992908161e-12      -2.263920573631e-13       0.000000000000e+00       1.223463551511e-14       4.146629146920e-15      -2.974502395614e-17 
  844       3.472281094754e-10       1.651022990950e-12       3.374684186287e-14       0.000000000000e+00       1.218080842253e-14       4.122773976972e-15      -2.512765166318e-17 
  845       3.462926430760e-10       1.663901823451e-12       2.922194466614e-13       0.000000000000e+00       1.212727333676e-14       4.098804740044e-15      -2.053062716563e-17 
  846       3.453306799638e-10       1.677623239893e-12       5.489405412268e-13       0.000000000000e+00       1.207402872797e-14       4.074727144311e-15      -1.595457706119e-17 
  847       3.443425297226e-10       1.692180974984e-12       8.038242292875e-13       0.000000000000e+00       1.202107302570e-14       4.050546952900e-15      -1.140013210642e-17 
  848       3.433285059615e-10       1.707568663578e-12       1.056783932241e-12       0.000000000000e+00       1.196840461872e-14       4.026269984043e-15      -6.867927226957e-18 
  849       3.422889263278e-10       1.723779840343e-12       1.307732387289e-12       0.000000000000e+00       1.191602185488e-14       4.001902111246e-15      -2.358601527648e-18 
  850       3.412241125197e-10       1.740807939425e-12       1.556581645574e-12       0.000000000000e+00       1.186392304093e-14       3.977449263440e-15       2.127201697247e-18 
  851       3.401343902996e-10       1.758646294118e-12       1.803243070312e-12       0.000000000000e+00       1.181210644240e-14       3.952917425149e-15       6.588834953903e-18 
  852       3.390200895060e-10       1.777288136524e-12       2.047627334931e-12       0.000000000000e+00       1.176057028345e-14       3.928312636649e-15       1.102564653875e-17 
  853       3.378815440673e-10       1.796726597228e-12       2.289644421202e-12       0.000000000000e+00       1.170931274668e-14       3.903640994125e-15       1.543698052832e-17 
  854       3.367190920139e-10       1.816954704956e-12       2.529203617379e-12       0.000000000000e+00       1.165833197302e-14       3.878908649834e-15       1.982217676904e-17 
  855       3.355330754915e-10       1.837965386247e-12       2.766213516332e-12       0.000000000000e+00       1.160762606156e-14       3.854121812267e-15       2.418057086711e-17 
  856       3.343238407735e-10       1.859751465116e-12       3.000582013682e-12       0.000000000000e+00       1.155719306938e-14       3.829286746306e-15       2.851149417829e-17 
  857       3.330917382740e-10       1.882305662722e-12       3.232216305936e-12       0.000000000000e+00       1.150703101144e-14       3.804409773390e-15       3.281427379775e-17 
  858       3.318371225609e-10       1.905620597036e-12       3.461022888624e-12       0.000000000000e+00       1.145713786039e-14       3.779497271666e-15       3.708823254991e-17 
  859       3.305603523680e-10       1.929688782503e-12       3.686907554433e-12       0.000000000000e+00       1.140751154644e-14       3.754555676161e-15       4.133268897824e-17 
  860       3.292617906085e-10       1.954502629712e-12       3.909775391342e-12       0.000000000000e+00       1.135814995719e-14       3.729591478934e-15       4.554695733511e-17 
  861       3.279418043876e-10       1.980054445060e-12       4.129530780758e-12       0.000000000000e+00       1.130905093748e-14       3.704611229240e-15       4.973034757161e-17 
  862       3.266007650152e-10       2.006336430420e-12       4.346077395651e-12       0.000000000000e+00       1.126021228928e-14       3.679621533689e-15       5.388216532740e-17 
  863       3.252390480186e-10       2.033340682808e-12       4.559318198691e-12       0.000000000000e+00       1.121163177148e-14       3.654629056410e-15       5.800171192050e-17 
  864       3.238570331559e-10       2.061059194045e-12       4.769155440378e-12       0.000000000000e+00       1.116330709975e-14       3.629640519205e-15       6.208828433717e-17 
  865       3.224551044279e-10       2.089483850430e-12       4.975490657185e-12       0.000000000000e+00       1.111523594641e-14       3.604662701718e-15       6.614117522169e-17 
  866       3.210336500918e-10       2.118606432401e-12       5.178224669686e-12       0.000000000000e+00       1.106741594028e-14       3.579702441587e-15       7.015967286623e-17 
  867       3.195930626735e-10       2.148418614203e-12       5.377257580697e-12       0.000000000000e+00       1.101984466651e-14       3.554766634610e-15       7.414306120064e-17 
  868       3.181337389805e-10       2.178911963555e-12       5.572488773407e-12       0.000000000000e+00       1.097251966641e-14       3.529862234905e-15       7.809061978232e-17 
  869       3.166560801148e-10       2.210077941316e-12       5.763816909514e-12       0.000000000000e+00       1.092543843734e-14       3.504996255066e-15       8.200162378603e-17 
  870       3.151604965353e-10       2.241907004143e-12       5.951152605545e-12       0.000000000000e+00       1.087859873500e-14       3.480174159611e-15       8.587544149666e-17 
  871       3.136474233115e-10       2.274385896644e-12       6.134456698683e-12       0.000000000000e+00       1.083199948619e-14       3.455395015428e-15       8.971182860117e-17 
  872       3.121173051513e-10       2.307500313125e-12       6.313702619307e-12       0.000000000000e+00       1.078563989107e-14       3.430656260270e-15       9.351063881444e-17 
  873       3.105705913879e-10       2.341235790012e-12       6.488863771144e-12       0.000000000000e+00       1.073951912196e-14       3.405955302011e-15       9.727172682911e-17 
  874       3.090077359934e-10       2.375577705371e-12       6.659913531411e-12       0.000000000000e+00       1.069363632326e-14       3.381289518550e-15       1.009949483209e-16 
  875       3.074291975928e-10       2.410511278430e-12       6.826825250960e-12       0.000000000000e+00       1.064799061135e-14       3.356656257714e-15       1.046801599538e-16 
  876       3.058354394772e-10       2.446021569110e-12       6.989572254417e-12       0.000000000000e+00       1.060258107445e-14       3.332052837168e-15       1.083272193853e-16 
  877       3.042269296176e-10       2.482093477543e-12       7.148127840331e-12       0.000000000000e+00       1.055740677257e-14       3.307476544322e-15       1.119359852720e-16 
  878       3.026041406785e-10       2.518711743601e-12       7.302465281310e-12       0.000000000000e+00       1.051246673735e-14       3.282924636233e-15       1.155063172744e-16 
  879       3.009675500314e-10       2.555860946415e-12       7.452557824171e-12       0.000000000000e+00       1.046775997199e-14       3.258394339511e-15       1.190380760623e-16 
  880       2.993176397687e-10       2.593525503905e-12       7.598378690077e-12       0.000000000000e+00       1.042328545114e-14       3.233882850232e-15       1.225311233205e-16 
  881       2.976548967169e-10       2.631689672301e-12       7.739901074685e-12       0.000000000000e+00       1.037904212078e-14       3.209387333834e-15       1.259853217534e-16 
  882       2.959798124504e-10       2.670337545668e-12       7.877098148284e-12       0.000000000000e+00       1.033502889814e-14       3.184904925032e-15       1.294005350907e-16 
  883       2.942928833055e-10       2.709453055429e-12       8.009943055943e-12       0.000000000000e+00       1.029124467159e-14       3.160432727717e-15       1.327766280927e-16 
  884       2.925946103933e-10       2.749019969893e-12       8.138408917650e-12       0.000000000000e+00       1.024768830051e-14       3.135967814869e-15       1.361134665552e-16 
  885       2.908854996137e-10       2.789021893775e-12       8.262468828456e-12       0.000000000000e+00       1.020435861523e-14       3.111507228456e-15       1.394109173152e-16 
  886       2.891660616691e-10       2.829442267723e-12       8.382095858621e-12       0.000000000000e+00       1.016125441689e-14       3.087047979344e-15       1.426688482560e-16 
  887       2.874368120779e-10       2.870264367841e-12       8.497263053752e-12       0.000000000000e+00       1.011837447733e-14       3.062587047205e-15       1.458871283123e-16 
  888       2.856982711879e-10       2.911471305214e-12       8.607943434950e-12       0.000000000000e+00       1.007571753903e-14       3.038121380418e-15       1.490656274757e-16 
  889       2.839509641905e-10       2.953046025432e-12       8.714109998951e-12       0.000000000000e+00       1.003328231497e-14       3.013647895977e-15       1.522042167998e-16 
  890       2.821954211334e-10       2.994971308115e-12       8.815735718270e-12       0.000000000000e+00       9.991067488537e-15       2.989163479401e-15       1.553027684057e-16 
  891       2.804321769352e-10       3.037229766436e-12       8.912793541341e-12       0.000000000000e+00       9.949071713405e-15       2.964664984634e-15       1.583611554871e-16 
  892       2.786617713984e-10       3.079803846645e-12       9.005256392666e-12       0.000000000000e+00       9.907293613458e-15       2.940149233955e-15       1.613792523155e-16 
  893       2.768847492230e-10       3.122675827597e-12       9.093097172953e-12       0.000000000000e+00       9.865731782667e-15       2.915613017881e-15       1.643569342456e-16 
  894       2.751016600204e-10       3.165827820270e-12       9.176288759259e-12       0.000000000000e+00       9.824384784993e-15       2.891053095078e-15       1.672940777207e-16 
  895       2.733130583270e-10       3.209241767296e-12       9.254804005137e-12       0.000000000000e+00       9.783251154278e-15       2.866466192261e-15       1.701905602775e-16 
  896       2.715195036176e-10       3.252899442480e-12       9.328615740775e-12       0.000000000000e+00       9.742329394145e-15       2.841849004105e-15       1.730462605520e-16 
  897       2.697215603190e-10       3.296782450327e-12       9.397696773140e-12       0.000000000000e+00       9.701617977891e-15       2.817198193149e-15       1.758610582843e-16 
  898       2.679197978240e-10       3.340872225567e-12       9.462019886122e-12       0.000000000000e+00       9.661115348384e-15       2.792510389700e-15       1.786348343239e-16 
  899       2.661147905043e-10       3.385150032677e-12       9.521557840676e-12       0.000000000000e+00       9.620819917960e-15       2.767782191745e-15       1.813674706353e-16 
  900       2.643071177251e-10       3.429596965405e-12       9.576283374965e-12       0.000000000000e+00       9.580730068316e-15       2.743010164850e-15       1.840588503030e-16 
  901       2.624973638577e-10       3.474193946298e-12       9.626169204506e-12       0.000000000000e+00       9.540844150408e-15       2.718190842071e-15       1.867088575367e-16 
  902       2.606861182939e-10       3.518921726223e-12       9.671188022306e-12       0.000000000000e+00       9.501160484344e-15       2.693320723858e-15       1.893173776769e-16 
  903       2.588739754590e-10       3.563760883891e-12       9.711312499013e-12       0.000000000000e+00       9.461677359285e-15       2.668396277961e-15       1.918842971998e-16 
  904       2.570615348258e-10       3.608691825385e-12       9.746515283054e-12       0.000000000000e+00       9.422393033335e-15       2.643413939338e-15       1.944095037228e-16 
  905       2.552494009283e-10       3.653694783679e-12       9.776769000778e-12       0.000000000000e+00       9.383305733441e-15       2.618370110058e-15       1.968928860098e-16 
  906       2.534381833749e-10       3.698749818167e-12       9.802046256602e-12       0.000000000000e+00       9.344413655285e-15       2.593261159209e-15       1.993343339761e-16 
  907       2.516284968622e-10       3.743836814186e-12       9.822319633152e-12       0.000000000000e+00       9.305714963183e-15       2.568083422805e-15       2.017337386944e-16 
  908       2.498209611889e-10       3.788935482536e-12       9.837561691406e-12       0.000000000000e+00       9.267207789981e-15       2.542833203690e-15       2.040909923991e-16 
  909       2.480161574148e-10       3.834026345717e-12       9.847755715996e-12       0.000000000000e+00       9.228890460729e-15       2.517508375029e-15       2.064060480991e-16 
  910       2.462144955399e-10       3.879093714920e-12       9.852928139966e-12       0.000000000000e+00       9.190762167864e-15       2.492113219194e-15       2.086790994515e-16 
  911       2.444163447274e-10       3.924122759910e-12       9.853116641118e-12       0.000000000000e+00       9.152822306668e-15       2.466653666416e-15       2.109104037872e-16 
  912       2.426220769720e-10       3.969098526314e-12       9.848359445763e-12       0.000000000000e+00       9.115070252395e-15       2.441135698386e-15       2.131002227801e-16 
  913       2.408320671071e-10       4.014005935299e-12       9.838695330421e-12       0.000000000000e+00       9.077505360204e-15       2.415565348390e-15       2.152488224608e-16 
  914       2.390466928126e-10       4.058829783231e-12       9.824163623523e-12       0.000000000000e+00       9.040126965083e-15       2.389948701452e-15       2.173564732308e-16 
  915       2.372663346217e-10       4.103554741348e-12       9.804804207115e-12       0.000000000000e+00       9.002934381778e-15       2.364291894470e-15       2.194234498763e-16 
  916       2.354913759281e-10       4.148165355421e-12       9.780657518554e-12       0.000000000000e+00       8.965926904724e-15       2.338601116353e-15       2.214500315822e-16 
  917       2.337222029935e-10       4.192646045432e-12       9.751764552217e-12       0.000000000000e+00       8.929103807971e-15       2.312882608165e-15       2.234365019458e-16 
  918       2.319592049549e-10       4.236981105229e-12       9.718166861197e-12       0.000000000000e+00       8.892464345109e-15       2.287142663259e-15       2.253831489908e-16 
  919       2.302027738315e-10       4.281154702203e-12       9.679906559010e-12       0.000000000000e+00       8.856007749205e-15       2.261387627417e-15       2.272902651814e-16 
  920       2.284533045324e-10       4.325150876951e-12       9.637026321290e-12       0.000000000000e+00       8.819733232723e-15       2.235623898992e-15       2.291581474362e-16 
  921       2.267111948632e-10       4.368953542944e-12       9.589569387499e-12       0.000000000000e+00       8.783639987454e-15       2.209857929040e-15       2.309870971416e-16 
  922       2.249768455341e-10       4.412546486196e-12       9.537579562622e-12       0.000000000000e+00       8.747727184448e-15       2.184096221464e-15       2.327774201665e-16 
  923       2.232506601664e-10       4.455913364929e-12       9.481101218870e-12       0.000000000000e+00       8.711993973939e-15       2.158345333151e-15       2.345294268757e-16 
  924       2.215330453004e-10       4.499037709241e-12       9.420179297386e-12       0.000000000000e+00       8.676439485273e-15       2.132611874111e-15       2.362434321439e-16 
  925       2.198244104018e-10       4.541902920776e-12       9.354859309943e-12       0.000000000000e+00       8.641062826837e-15       2.106902507616e-15       2.379197553698e-16 
  926       2.181251678700e-10       4.584492272389e-12       9.285187340646e-12       0.000000000000e+00       8.605863085990e-15       2.081223950337e-15       2.395587204897e-16 
  927       2.164357330444e-10       4.626788907813e-12       9.211210047634e-12       0.000000000000e+00       8.570839328985e-15       2.055582972485e-15       2.411606559918e-16 
  928       2.147565242123e-10       4.668775841328e-12       9.132974664783e-12       0.000000000000e+00       8.535990600903e-15       2.029986397947e-15       2.427258949298e-16 
  929       2.130879626159e-10       4.710435957429e-12       9.050529003407e-12       0.000000000000e+00       8.501315925579e-15       2.004441104429e-15       2.442547749369e-16 
  930       2.114304724594e-10       4.751752010490e-12       8.963921453960e-12       0.000000000000e+00       8.466814305530e-15       1.978954023588e-15       2.457476382400e-16 
  931       2.097844809166e-10       4.792706624435e-12       8.873200987736e-12       0.000000000000e+00       8.432484721884e-15       1.953532141180e-15       2.472048316731e-16 
  932       2.081504181378e-10       4.833282292405e-12       8.778417158574e-12       0.000000000000e+00       8.398326134307e-15       1.928182497188e-15       2.486267066915e-16 
  933       2.065287172573e-10       4.873461376422e-12       8.679620104557e-12       0.000000000000e+00       8.364337480932e-15       1.902912185970e-15       2.500136193860e-16 
  934       2.049198144005e-10       4.913226107063e-12       8.576860549716e-12       0.000000000000e+00       8.330517678289e-15       1.877728356391e-15       2.513659304961e-16 
  935       2.033241486914e-10       4.952558583120e-12       8.470189805729e-12       0.000000000000e+00       8.296865621230e-15       1.852638211966e-15       2.526840054247e-16 
  936       2.017421622595e-10       4.991440771272e-12       8.359659773627e-12       0.000000000000e+00       8.263380182859e-15       1.827649010998e-15       2.539682142515e-16 
  937       2.001743002472e-10       5.029854505752e-12       8.245322945490e-12       0.000000000000e+00       8.230060214460e-15       1.802768066713e-15       2.552189317471e-16 
  938       1.986210108171e-10       5.067781488013e-12       8.127232406156e-12       0.000000000000e+00       8.196904545426e-15       1.778002747404e-15       2.564365373868e-16 
  939       1.970827451593e-10       5.105203286396e-12       8.005441834914e-12       0.000000000000e+00       8.163911983186e-15       1.753360476567e-15       2.576214153648e-16 
  940       1.955599574984e-10       5.142101335798e-12       7.880005507214e-12       0.000000000000e+00       8.131081313133e-15       1.728848733039e-15       2.587739546078e-16 
  941       1.940531051011e-10       5.178456937341e-12       7.750978296364e-12       0.000000000000e+00       8.098411298554e-15       1.704475051138e-15       2.598945487890e-16 
  942       1.925626482831e-10       5.214251258034e-12       7.618415675234e-12       0.000000000000e+00       8.065900680558e-15       1.680247020801e-15       2.609835963421e-16 
  943       1.910890504166e-10       5.249465330446e-12       7.482373717957e-12       0.000000000000e+00       8.033548178002e-15       1.656172287723e-15       2.620415004753e-16 
  944       1.896327779375e-10       5.284080052371e-12       7.342909101629e-12       0.000000000000e+00       8.001352487420e-15       1.632258553497e-15       2.630686691850e-16 
  945       1.881943003525e-10       5.318076186497e-12       7.200079108014e-12       0.000000000000e+00       7.969312282954e-15       1.608513575750e-15       2.640655152697e-16 
  946       1.867740902466e-10       5.351434360071e-12       7.053941625245e-12       0.000000000000e+00       7.937426216279e-15       1.584945168283e-15       2.650324563442e-16 
  947       1.853726232902e-10       5.384135064567e-12       6.904555149522e-12       0.000000000000e+00       7.905692916534e-15       1.561561201212e-15       2.659699148533e-16 
  948       1.839903782462e-10       5.416158655355e-12       6.751978786819e-12       0.000000000000e+00       7.874110990245e-15       1.538369601101e-15       2.668783180857e-16 
  949       1.826277708245e-10       5.447487755586e-12       6.596274414620e-12       0.000000000000e+00       7.842679187145e-15       1.515376995429e-15       2.677580016105e-16 
  950       1.812849541139e-10       5.478114509042e-12       6.437513200135e-12       0.000000000000e+00       7.811396900545e-15       1.492584622835e-15       2.686089179302e-16 
  951       1.799620150932e-10       5.508033438234e-12       6.275769185768e-12       0.000000000000e+00       7.780263674519e-15       1.469992360211e-15       2.694309233718e-16 
  952       1.786590405047e-10       5.537239050291e-12       6.111117140158e-12       0.000000000000e+00       7.749279038663e-15       1.447600072632e-15       2.702238742594e-16 
  953       1.773761168525e-10       5.565725836946e-12       5.943632560165e-12       0.000000000000e+00       7.718442508051e-15       1.425407613319e-15       2.709876269146e-16 
  954       1.761133304009e-10       5.593488274524e-12       5.773391672867e-12       0.000000000000e+00       7.687753583180e-15       1.403414823589e-15       2.717220376580e-16 
  955       1.748707671728e-10       5.620520823930e-12       5.600471437543e-12       0.000000000000e+00       7.657211749924e-15       1.381621532820e-15       2.724269628103e-16 
  956       1.736485129482e-10       5.646817930636e-12       5.424949547662e-12       0.000000000000e+00       7.626816479484e-15       1.360027558407e-15       2.731022586931e-16 
  957       1.724466532629e-10       5.672374024668e-12       5.246904432878e-12       0.000000000000e+00       7.596567228336e-15       1.338632705720e-15       2.737477816302e-16 
  958       1.712652734065e-10       5.697183520593e-12       5.066415261015e-12       0.000000000000e+00       7.566463438184e-15       1.317436768063e-15       2.743633879484e-16 
  959       1.701044584212e-10       5.721240817509e-12       4.883561940055e-12       0.000000000000e+00       7.536504535908e-15       1.296439526631e-15       2.749489339790e-16 
  960       1.689642930998e-10       5.744540299030e-12       4.698425120131e-12       0.000000000000e+00       7.506689933516e-15       1.275640750470e-15       2.755042760582e-16 
  961       1.678448619850e-10       5.767076333273e-12       4.511086195516e-12       0.000000000000e+00       7.477019028095e-15       1.255040196433e-15       2.760292705289e-16 
  962       1.667462493667e-10       5.788843272849e-12       4.321627306608e-12       0.000000000000e+00       7.447491201758e-15       1.234637609141e-15       2.765237737413e-16 
  963       1.656685392814e-10       5.809835454846e-12       4.130131341924e-12       0.000000000000e+00       7.418105821596e-15       1.214432720939e-15       2.769876420539e-16 
  964       1.646118155103e-10       5.830047200820e-12       3.936681940088e-12       0.000000000000e+00       7.388862239632e-15       1.194425251855e-15       2.774207318349e-16 
  965       1.635761615774e-10       5.849472816779e-12       3.741363491818e-12       0.000000000000e+00       7.359759792766e-15       1.174614909558e-15       2.778228994632e-16 
  966       1.625616607487e-10       5.868106593175e-12       3.544261141919e-12       0.000000000000e+00       7.330797802726e-15       1.155001389318e-15       2.781940013290e-16 
  967       1.615683960300e-10       5.885942804887e-12       3.345460791270e-12       0.000000000000e+00       7.301975576021e-15       1.135584373960e-15       2.785338938355e-16 
  968       1.605964501654e-10       5.902975711211e-12       3.145049098812e-12       0.000000000000e+00       7.273292403892e-15       1.116363533829e-15       2.788424333997e-16 
  969       1.596459056363e-10       5.919199555846e-12       2.943113483542e-12       0.000000000000e+00       7.244747562256e-15       1.097338526740e-15       2.791194764533e-16 
  970       1.587168446592e-10       5.934608566884e-12       2.739742126497e-12       0.000000000000e+00       7.216340311665e-15       1.078508997943e-15       2.793648794440e-16 
  971       1.578093491843e-10       5.949196956794e-12       2.535023972745e-12       0.000000000000e+00       7.188069897249e-15       1.059874580079e-15       2.795784988363e-16 
  972       1.569235008944e-10       5.962958922411e-12       2.329048733378e-12       0.000000000000e+00       7.159935548670e-15       1.041434893137e-15       2.797601911130e-16 
  973       1.560593812026e-10       5.975888644925e-12       2.121906887495e-12       0.000000000000e+00       7.131936480073e-15       1.023189544413e-15       2.799098127759e-16 
  974       1.552170712515e-10       5.987980289865e-12       1.913689684197e-12       0.000000000000e+00       7.104071890032e-15       1.005138128469e-15       2.800272203467e-16 
  975       1.543966519109e-10       5.999228007091e-12       1.704489144571e-12       0.000000000000e+00       7.076340961507e-15       9.872802270925e-16       2.801122703687e-16 
  976       1.535982037770e-10       6.009625930777e-12       1.494398063685e-12       0.000000000000e+00       7.048742861787e-15       9.696154092498e-16       2.801648194073e-16 
  977       1.528218071702e-10       6.019168179401e-12       1.283510012571e-12       0.000000000000e+00       7.021276742446e-15       9.521432310495e-16       2.801847240511e-16 
  978       1.520675421339e-10       6.027848855731e-12       1.071919340222e-12       0.000000000000e+00       6.993941739290e-15       9.348632356983e-16       2.801718409133e-16 
  979       1.513354884329e-10       6.035662046814e-12       8.597211755719e-13       0.000000000000e+00       6.966736972311e-15       9.177749534594e-16       2.801260266326e-16 
  980       1.506257255518e-10       6.042601823963e-12       6.470114294937e-13       0.000000000000e+00       6.939661545631e-15       9.008779016114e-16       2.800471378741e-16 
  981       1.499383326934e-10       6.048662242744e-12       4.338867967831e-13       0.000000000000e+00       6.912714547459e-15       8.841715844059e-16       2.799350313305e-16 
  982       1.492733887772e-10       6.053837342963e-12       2.204447581500e-13       0.000000000000e+00       6.885895050037e-15       8.676554930260e-16       2.797895637232e-16 
  983       1.486309724379e-10       6.058121148654e-12       6.783582207371e-15       0.000000000000e+00       6.859202109594e-15       8.513291055446e-16       2.796105918032e-16 
  984       1.480111620237e-10       6.061507668067e-12      -2.069976725395e-13       0.000000000000e+00       6.832634766290e-15       8.351918868827e-16       2.793979723525e-16 
  985       1.474140355949e-10       6.063990893655e-12      -4.207991557035e-13       0.000000000000e+00       6.806192044175e-15       8.192432887674e-16       2.791515621848e-16 
  986       1.468396709224e-10       6.065564802060e-12      -6.345202230269e-13       0.000000000000e+00       6.779872951132e-15       8.034827496904e-16       2.788712181466e-16 
  987       1.462881454856e-10       6.066223354105e-12      -8.480594343913e-13       0.000000000000e+00       6.753676478831e-15       7.879096948660e-16       2.785567971186e-16 
  988       1.457595364718e-10       6.065960494774e-12      -1.061314551829e-12       0.000000000000e+00       6.727601602677e-15       7.725235361896e-16       2.782081560163e-16 
  989       1.452539207737e-10       6.064770153208e-12      -1.274182537534e-12       0.000000000000e+00       6.701647281764e-15       7.573236721958e-16       2.778251517915e-16 
  990       1.447713749885e-10       6.062646242685e-12      -1.486559551871e-12       0.000000000000e+00       6.675812458822e-15       7.423094880168e-16       2.774076414329e-16 
  991       1.443119282618e-10       6.059584937307e-12      -1.698348879816e-12       0.000000000000e+00       6.650096186065e-15       7.274800426411e-16       2.769555947395e-16 
  992       1.438754200626e-10       6.055591538838e-12      -1.909484842255e-12       0.000000000000e+00       6.624498004866e-15       7.128331257252e-16       2.764694344579e-16 
  993       1.434616403092e-10       6.050673711045e-12      -2.119909233160e-12       0.000000000000e+00       6.599017571578e-15       6.983661867977e-16       2.759497011600e-16 
  994       1.430703763258e-10       6.044839212451e-12      -2.329563422095e-12       0.000000000000e+00       6.573654532114e-15       6.840766466184e-16       2.753969409407e-16 
  995       1.427014128353e-10       6.038095896597e-12      -2.538388353191e-12       0.000000000000e+00       6.548408521909e-15       6.699618970982e-16       2.748117054325e-16 
  996       1.423545319522e-10       6.030451712307e-12      -2.746324544127e-12       0.000000000000e+00       6.523279165888e-15       6.560193012194e-16       2.741945518207e-16 
  997       1.420295131748e-10       6.021914703954e-12      -2.953312085108e-12       0.000000000000e+00       6.498266078431e-15       6.422461929558e-16       2.735460428577e-16 
  998       1.417261333784e-10       6.012493011726e-12      -3.159290637843e-12       0.000000000000e+00       6.473368863337e-15       6.286398771925e-16       2.728667468781e-16 
  999       1.414441668077e-10       6.002194871891e-12      -3.364199434524e-12       0.000000000000e+00       6.448587113793e-15       6.151976296462e-16       2.721572378137e-16 
 1000       1.411833850696e-10       5.991028617060e-12      -3.567977276804e-12       0.000000000000e+00       6.423920412336e-15       6.019166967853e-16       2.714180952080e-16 
 1001       1.409435571257e-10       5.979002676457e-12      -3.770562534777e-12       0.000000000000e+00       6.399368330823e-15       5.887942957498e-16       2.706499042313e-16 
 1002       1.407244492854e-10       5.966125576180e-12      -3.971893145955e-12       0.000000000000e+00       6.374930430391e-15       5.758276142717e-16       2.698532556952e-16 
 1003       1.405258251981e-10       5.952405939468e-12      -4.171906614246e-12       0.000000000000e+00       6.350606261430e-15       5.630138105946e-16       2.690287460678e-16 
 1004       1.403474458462e-10       5.937852486968e-12      -4.370540008934e-12       0.000000000000e+00       6.326395363541e-15       5.503500133942e-16       2.681769774883e-16 
 1005       1.401890695377e-10       5.922474036998e-12      -4.567729963656e-12       0.000000000000e+00       6.302297265508e-15       5.378333216982e-16       2.672985577820e-16 
 1006       1.400504518990e-10       5.906279505813e-12      -4.763412675383e-12       0.000000000000e+00       6.278311485258e-15       5.254608048064e-16       2.663941004748e-16 
 1007       1.399313458672e-10       5.889277907870e-12      -4.957523903396e-12       0.000000000000e+00       6.254437529833e-15       5.132295022108e-16       2.654642248084e-16 
 1008       1.398315016833e-10       5.871478356096e-12      -5.149998968265e-12       0.000000000000e+00       6.230674895351e-15       5.011364235157e-16       2.645095557550e-16 
 1009       1.397506668847e-10       5.852890062149e-12      -5.340772750829e-12       0.000000000000e+00       6.207023066972e-15       4.891785483575e-16       2.635307240321e-16 
 1010       1.396885862978e-10       5.833522336686e-12      -5.529779691172e-12       0.000000000000e+00       6.183481518866e-15       4.773528263253e-16       2.625283661170e-16 
 1011       1.396450020305e-10       5.813384589630e-12      -5.716953787604e-12       0.000000000000e+00       6.160049714178e-15       4.656561768805e-16       2.615031242625e-16 
 1012       1.396196534656e-10       5.792486330430e-12      -5.902228595638e-12       0.000000000000e+00       6.136727104991e-15       4.540854892773e-16       2.604556465107e-16 
 1013       1.396122772525e-10       5.770837168333e-12      -6.085537226968e-12       0.000000000000e+00       6.113513132296e-15       4.426376224823e-16       2.593865867086e-16 
 1014       1.396226073008e-10       5.748446812643e-12      -6.266812348450e-12       0.000000000000e+00       6.090407225954e-15       4.313094050949e-16       2.582966045225e-16 
 1015       1.396503747725e-10       5.725325072992e-12      -6.445986181079e-12       0.000000000000e+00       6.067408804665e-15       4.200976352675e-16       2.571863654531e-16 
 1016       1.396953080747e-10       5.701481859602e-12      -6.622990498965e-12       0.000000000000e+00       6.044517275930e-15       4.089990806250e-16       2.560565408501e-16 
 1017       1.397571328523e-10       5.676927183549e-12      -6.797756628317e-12       0.000000000000e+00       6.021732036019e-15       3.980104781856e-16       2.549078079271e-16 
 1018       1.398355719811e-10       5.651671157034e-12      -6.970215446415e-12       0.000000000000e+00       5.999052469937e-15       3.871285342804e-16       2.537408497764e-16 
 1019       1.399303455598e-10       5.625723993643e-12      -7.140297380596e-12       0.000000000000e+00       5.976477951388e-15       3.763499244737e-16       2.525563553842e-16 
 1020       1.400411709032e-10       5.599096008612e-12      -7.307932407225e-12       0.000000000000e+00       5.954007842742e-15       3.656712934828e-16       2.513550196446e-16 
 1021       1.401677625348e-10       5.571797619100e-12      -7.473050050678e-12       0.000000000000e+00       5.931641495002e-15       3.550892550986e-16       2.501375433753e-16 
 1022       1.403098321792e-10       5.543839344443e-12      -7.635579382321e-12       0.000000000000e+00       5.909378247765e-15       3.446003921051e-16       2.489046333320e-16 
 1023       1.404670887553e-10       5.515231806429e-12      -7.795449019483e-12       0.000000000000e+00       5.887217429193e-15       3.342012561998e-16       2.476570022233e-16 
 1024       1.406392383684e-10       5.485985729558e-12      -7.952587124444e-12       0.000000000000e+00       5.865158355975e-15       3.238883679137e-16       2.463953687253e-16 
 1025       1.408259843034e-10       5.456111941309e-12      -8.106921403403e-12       0.000000000000e+00       5.843200333295e-15       3.136582165313e-16       2.451204574970e-16 
 1026       1.410270270173e-10       5.425621372408e-12      -8.258379105463e-12       0.000000000000e+00       5.821342654795e-15       3.035072600111e-16       2.438329991945e-16 
 1027       1.412420641316e-10       5.394525057085e-12      -8.406887021610e-12       0.000000000000e+00       5.799584602546e-15       2.934319249050e-16       2.425337304861e-16 
 1028       1.414707904256e-10       5.362834133352e-12      -8.552371483686e-12       0.000000000000e+00       5.777925447007e-15       2.834286062788e-16       2.412233940674e-16 
 1029       1.417128978284e-10       5.330559843254e-12      -8.694758363374e-12       0.000000000000e+00       5.756364446995e-15       2.734936676323e-16       2.399027386755e-16 
 1030       1.419680754123e-10       5.297713533149e-12      -8.833973071171e-12       0.000000000000e+00       5.734900849649e-15       2.636234408191e-16       2.385725191045e-16 
 1031       1.422360093849e-10       5.264306653960e-12      -8.969940555371e-12       0.000000000000e+00       5.713533890396e-15       2.538142259672e-16       2.372334962198e-16 
 1032       1.425163830820e-10       5.230350761451e-12      -9.102585301040e-12       0.000000000000e+00       5.692262792918e-15       2.440622913984e-16       2.358864369732e-16 
 1033       1.428088769603e-10       5.195857516484e-12      -9.231831328996e-12       0.000000000000e+00       5.671086769116e-15       2.343638735487e-16       2.345321144178e-16 
 1034       1.431131685903e-10       5.160838685292e-12      -9.357602194789e-12       0.000000000000e+00       5.650005019076e-15       2.247151768888e-16       2.331713077224e-16 
 1035       1.434289357408e-10       5.125306570634e-12      -9.479833591368e-12       0.000000000000e+00       5.629016825664e-15       2.151134453976e-16       2.318046405638e-16 
 1036       1.437558656963e-10       5.089275311420e-12      -9.598511353979e-12       0.000000000000e+00       5.608121839835e-15       2.055601937111e-16       2.304320937735e-16 
 1037       1.440936460571e-10       5.052759601959e-12      -9.713633989670e-12       0.000000000000e+00       5.587319799286e-15       1.960580214220e-16       2.290534858413e-16 
 1038       1.444419616514e-10       5.015774263041e-12      -9.825200122625e-12       0.000000000000e+00       5.566610434161e-15       1.866095457008e-16       2.276686339116e-16 
 1039       1.448004945289e-10       4.978334242248e-12      -9.933208494557e-12       0.000000000000e+00       5.545993467036e-15       1.772174013357e-16       2.262773537797e-16 
 1040       1.451689239535e-10       4.940454614269e-12      -1.003765796510e-11       0.000000000000e+00       5.525468612887e-15       1.678842407728e-16       2.248794598888e-16 
 1041       1.455469263966e-10       4.902150581214e-12      -1.013854751218e-11       0.000000000000e+00       5.505035579073e-15       1.586127341559e-16       2.234747653271e-16 
 1042       1.459341755298e-10       4.863437472928e-12      -1.023587623243e-11       0.000000000000e+00       5.484694065308e-15       1.494055693665e-16       2.220630818239e-16 
 1043       1.463303422181e-10       4.824330747302e-12      -1.032964334156e-11       0.000000000000e+00       5.464443763639e-15       1.402654520639e-16       2.206442197465e-16 
 1044       1.467350945132e-10       4.784845990589e-12      -1.041984817476e-11       0.000000000000e+00       5.444284358423e-15       1.311951057253e-16       2.192179880973e-16 
 1045       1.471480976461e-10       4.744998917715e-12      -1.050649018707e-11       0.000000000000e+00       5.424215526302e-15       1.221972716854e-16       2.177841945103e-16 
 1046       1.475690140202e-10       4.704805372598e-12      -1.058956895379e-11       0.000000000000e+00       5.404236936178e-15       1.132747091769e-16       2.163426452478e-16 
 1047       1.479975032048e-10       4.664281328456e-12      -1.066908417085e-11       0.000000000000e+00       5.384348249192e-15       1.044301953702e-16       2.148931451970e-16 
 1048       1.484332219275e-10       4.623442888121e-12      -1.074503565523e-11       0.000000000000e+00       5.364549118701e-15       9.566652541330e-17       2.134354978672e-16 
 1049       1.488758240676e-10       4.582306284356e-12      -1.081742334529e-11       0.000000000000e+00       5.344839190249e-15       8.698651247223e-17       2.119695053860e-16 
 1050       1.493249606492e-10       4.540887880166e-12      -1.088624730124e-11       0.000000000000e+00       5.325218101549e-15       7.839298777058e-17       2.104949684966e-16 
 1051       1.497802798339e-10       4.499204169113e-12      -1.095150770544e-11       0.000000000000e+00       5.305685482456e-15       6.988880062978e-17       2.090116865541e-16 
 1052       1.502414269141e-10       4.457271775628e-12      -1.101320486288e-11       0.000000000000e+00       5.286240954945e-15       6.147681850900e-17       2.075194575222e-16 
 1053       1.507080443060e-10       4.415107455326e-12      -1.107133920149e-11       0.000000000000e+00       5.266884133087e-15       5.315992704515e-17       2.060180779703e-16 
 1054       1.511797715427e-10       4.372728095319e-12      -1.112591127258e-11       0.000000000000e+00       5.247614623022e-15       4.494103009293e-17       2.045073430702e-16 
 1055       1.516562452670e-10       4.330150714529e-12      -1.117692175120e-11       0.000000000000e+00       5.228432022943e-15       3.682304976477e-17       2.029870465925e-16 
 1056       1.521370992245e-10       4.287392464002e-12      -1.122437143655e-11       0.000000000000e+00       5.209335923061e-15       2.880892647086e-17       2.014569809036e-16 
 1057       1.526219642569e-10       4.244470627222e-12      -1.126826125236e-11       0.000000000000e+00       5.190325905594e-15       2.090161895917e-17       1.999169369624e-16 
 1058       1.531104682948e-10       4.201402620426e-12      -1.130859224727e-11       0.000000000000e+00       5.171401544734e-15       1.310410435539e-17       1.983667043169e-16 
 1059       1.536022363507e-10       4.158205992913e-12      -1.134536559524e-11       0.000000000000e+00       5.152562406624e-15       5.419378202975e-18       1.968060711013e-16 
 1060       1.540968905121e-10       4.114898427363e-12      -1.137858259591e-11       0.000000000000e+00       5.133808049341e-15      -2.149545496860e-18       1.952348240322e-16 
 1061       1.545940499348e-10       4.071497740146e-12      -1.140824467502e-11       0.000000000000e+00       5.115138022864e-15      -9.599634245158e-18       1.936527484061e-16 
 1062       1.550933308353e-10       4.028021881638e-12      -1.143435338479e-11       0.000000000000e+00       5.096551869057e-15      -1.692783700520e-17       1.920596280951e-16 
 1063       1.555943464844e-10       3.984488936537e-12      -1.145691040427e-11       0.000000000000e+00       5.078049121640e-15      -2.413108416254e-17       1.904552455448e-16 
 1064       1.560967072003e-10       3.940917124169e-12      -1.147591753981e-11       0.000000000000e+00       5.059629306168e-15      -3.120628748495e-17       1.888393817700e-16 
 1065       1.566000203409e-10       3.897324798811e-12      -1.149137672537e-11       0.000000000000e+00       5.041291940009e-15      -3.815034008248e-17       1.872118163521e-16 
 1066       1.571038902978e-10       3.853730449997e-12      -1.150329002295e-11       0.000000000000e+00       5.023036532316e-15      -4.496011636741e-17       1.855723274358e-16 
 1067       1.576079184886e-10       3.810152702835e-12      -1.151165962296e-11       0.000000000000e+00       5.004862584005e-15      -5.163247201430e-17       1.839206917254e-16 
 1068       1.581117033502e-10       3.766610318321e-12      -1.151648784464e-11       0.000000000000e+00       4.986769587734e-15      -5.816424391993e-17       1.822566844819e-16 
 1069       1.586148403319e-10       3.723122193651e-12      -1.151777713642e-11       0.000000000000e+00       4.968757027874e-15      -6.455225016336e-17       1.805800795198e-16 
 1070       1.591169218883e-10       3.679707362536e-12      -1.151553007630e-11       0.000000000000e+00       4.950824380492e-15      -7.079328996591e-17       1.788906492037e-16 
 1071       1.596175374726e-10       3.636384995513e-12      -1.150974937227e-11       0.000000000000e+00       4.932971113319e-15      -7.688414365112e-17       1.771881644448e-16 
 1072       1.601162735292e-10       3.593174400264e-12      -1.150043786270e-11       0.000000000000e+00       4.915196685736e-15      -8.282157260481e-17       1.754723946981e-16 
 1073       1.606127134870e-10       3.550095021921e-12      -1.148759851668e-11       0.000000000000e+00       4.897500548740e-15      -8.860231923507e-17       1.737431079590e-16 
 1074       1.611064377526e-10       3.507166443389e-12      -1.147123443447e-11       0.000000000000e+00       4.879882144930e-15      -9.422310693222e-17       1.720000707597e-16 
 1075       1.615970237029e-10       3.464408385653e-12      -1.145134884785e-11       0.000000000000e+00       4.862340908474e-15      -9.968064002886e-17       1.702430481664e-16 
 1076       1.620840456786e-10       3.421840708095e-12      -1.142794512053e-11       0.000000000000e+00       4.844876265094e-15      -1.049716037598e-16       1.684718037757e-16 
 1077       1.625670749769e-10       3.379483408804e-12      -1.140102674852e-11       0.000000000000e+00       4.827487632037e-15      -1.100926642222e-16       1.666860997117e-16 
 1078       1.630456798446e-10       3.337356624894e-12      -1.137059736053e-11       0.000000000000e+00       4.810174418050e-15      -1.150404683355e-16       1.648856966224e-16 
 1079       1.635194254712e-10       3.295480632816e-12      -1.133666071837e-11       0.000000000000e+00       4.792936023362e-15      -1.198116438011e-16       1.630703536766e-16 
 1080       1.639878739821e-10       3.253875848668e-12      -1.129922071731e-11       0.000000000000e+00       4.775771839656e-15      -1.244027990632e-16       1.612398285604e-16 
 1081       1.644506323813e-10       3.212560947097e-12      -1.125828891817e-11       0.000000000000e+00       4.758681321591e-15      -1.288114860615e-16       1.593939910104e-16 
 1082       1.649074971044e-10       3.171547189511e-12      -1.121390725411e-11       0.000000000000e+00       4.741664202476e-15      -1.330391028242e-16       1.575331650983e-16 
 1083       1.653583114058e-10       3.130844019822e-12      -1.116612563154e-11       0.000000000000e+00       4.724720281461e-15      -1.370880300286e-16       1.556577915659e-16 
 1084       1.658029175839e-10       3.090460939038e-12      -1.111499442739e-11       0.000000000000e+00       4.707849352249e-15      -1.409606718235e-16       1.537683147172e-16 
 1085       1.662411569787e-10       3.050407505379e-12      -1.106056449032e-11       0.000000000000e+00       4.691051203068e-15      -1.446594558888e-16       1.518651824267e-16 
 1086       1.666728699703e-10       3.010693334399e-12      -1.100288714184e-11       0.000000000000e+00       4.674325616665e-15      -1.481868334933e-16       1.499488461480e-16 
 1087       1.670978959762e-10       2.971328099108e-12      -1.094201417750e-11       0.000000000000e+00       4.657672370282e-15      -1.515452795542e-16       1.480197609217e-16 
 1088       1.675160734500e-10       2.932321530089e-12      -1.087799786804e-11       0.000000000000e+00       4.641091235645e-15      -1.547372926956e-16       1.460783853843e-16 
 1089       1.679272398787e-10       2.893683415623e-12      -1.081089096056e-11       0.000000000000e+00       4.624581978944e-15      -1.577653953072e-16       1.441251817765e-16 
 1090       1.683312317810e-10       2.855423601805e-12      -1.074074667967e-11       0.000000000000e+00       4.608144360818e-15      -1.606321336034e-16       1.421606159512e-16 
 1091       1.687278847051e-10       2.817551992669e-12      -1.066761872866e-11       0.000000000000e+00       4.591778136341e-15      -1.633400776814e-16       1.401851573823e-16 
 1092       1.691170332267e-10       2.780078550304e-12      -1.059156129066e-11       0.000000000000e+00       4.575483054999e-15      -1.658918215811e-16       1.381992791731e-16 
 1093       1.694985109473e-10       2.743013294979e-12      -1.051262902980e-11       0.000000000000e+00       4.559258860682e-15      -1.682899833426e-16       1.362034580643e-16 
 1094       1.698721504914e-10       2.706366305262e-12      -1.043087709237e-11       0.000000000000e+00       4.543105291660e-15      -1.705372050660e-16       1.341981744428e-16 
 1095       1.702377835052e-10       2.670147718136e-12      -1.034636110801e-11       0.000000000000e+00       4.527022080572e-15      -1.726361529695e-16       1.321839123498e-16 
 1096       1.705952406540e-10       2.634367729128e-12      -1.025913719080e-11       0.000000000000e+00       4.511008954408e-15      -1.745895174488e-16       1.301611594894e-16 
 1097       1.709443516206e-10       2.599036592423e-12      -1.016926194051e-11       0.000000000000e+00       4.495065634491e-15      -1.764000131352e-16       1.281304072369e-16 
 1098       1.712849451031e-10       2.564164620988e-12      -1.007679244370e-11       0.000000000000e+00       4.479191836463e-15      -1.780703789548e-16       1.260921506471e-16 
 1099       1.716168488125e-10       2.529762186689e-12      -9.981786274914e-12       0.000000000000e+00       4.463387270267e-15      -1.796033781874e-16       1.240468884629e-16 
 1100       1.719398894712e-10       2.495839720416e-12      -9.884301497815e-12       0.000000000000e+00       4.447651640132e-15      -1.810017985247e-16       1.219951231234e-16 
 1101       1.722538928108e-10       2.462407712201e-12      -9.784396666373e-12       0.000000000000e+00       4.431984644554e-15      -1.822684521298e-16       1.199373607726e-16 
 1102       1.725586835697e-10       2.429476711337e-12      -9.682130826009e-12       0.000000000000e+00       4.416385976282e-15      -1.834061756955e-16       1.178741112675e-16 
 1103       1.728540854916e-10       2.397057326503e-12      -9.577563514766e-12       0.000000000000e+00       4.400855322303e-15      -1.844178305031e-16       1.158058881868e-16 
 1104       1.731399213230e-10       2.365160225881e-12      -9.470754764467e-12       0.000000000000e+00       4.385392363822e-15      -1.853063024814e-16       1.137332088390e-16 
 1105       1.734160128114e-10       2.333796137278e-12      -9.361765101876e-12       0.000000000000e+00       4.369996776246e-15      -1.860745022654e-16       1.116565942710e-16 
 1106       1.736821807031e-10       2.302975848244e-12      -9.250655549863e-12       0.000000000000e+00       4.354668229171e-15      -1.867253652550e-16       1.095765692762e-16 
 1107       1.739382447415e-10       2.272710206197e-12      -9.137487628562e-12       0.000000000000e+00       4.339406386364e-15      -1.872618516738e-16       1.074936624032e-16 
 1108       1.741840236645e-10       2.243010118541e-12      -9.022323356535e-12       0.000000000000e+00       4.324210905743e-15      -1.876869466279e-16       1.054084059641e-16 
 1109       1.744193352029e-10       2.213886552786e-12      -8.905225251935e-12       0.000000000000e+00       4.309081439366e-15      -1.880036601647e-16       1.033213360429e-16 
 1110       1.746439960783e-10       2.185350536671e-12      -8.786256333664e-12       0.000000000000e+00       4.294017633412e-15      -1.882150273317e-16       1.012329925038e-16 
 1111       1.748578220008e-10       2.157413158279e-12      -8.665480122537e-12       0.000000000000e+00       4.279019128166e-15      -1.883241082353e-16       9.914391899945e-17 
 1112       1.750606276671e-10       2.130085566166e-12      -8.542960642444e-12       0.000000000000e+00       4.264085557999e-15      -1.883339880993e-16       9.705466297980e-17 
 1113       1.752522267587e-10       2.103378969474e-12      -8.418762421512e-12       0.000000000000e+00       4.249216551357e-15      -1.882477773241e-16       9.496577570008e-17 
 1114       1.754324319395e-10       2.077304638057e-12      -8.292950493264e-12       0.000000000000e+00       4.234411730739e-15      -1.880686115452e-16       9.287781222933e-17 
 1115       1.756010548537e-10       2.051873902596e-12      -8.165590397784e-12       0.000000000000e+00       4.219670712685e-15      -1.877996516920e-16       9.079133145879e-17 
 1116       1.757579061242e-10       2.027098154725e-12      -8.036748182878e-12       0.000000000000e+00       4.204993107760e-15      -1.874440840468e-16       8.870689611027e-17 
 1117       1.759027953502e-10       2.002988847149e-12      -7.906490405234e-12       0.000000000000e+00       4.190378520531e-15      -1.870051203033e-16       8.662507274455e-17 
 1118       1.760355311053e-10       1.979557493765e-12      -7.774884131585e-12       0.000000000000e+00       4.175826549559e-15      -1.864859976254e-16       8.454643176976e-17 
 1119       1.761559209353e-10       1.956815669780e-12      -7.641996939871e-12       0.000000000000e+00       4.161336787379e-15      -1.858899787063e-16       8.247154744977e-17 
 1120       1.762637713563e-10       1.934775011836e-12      -7.507896920400e-12       0.000000000000e+00       4.146908820480e-15      -1.852203518270e-16       8.040099791259e-17 
 1121       1.763588878527e-10       1.913447218129e-12      -7.372652677012e-12       0.000000000000e+00       4.132542229296e-15      -1.844804309149e-16       7.833536515875e-17 
 1122       1.764410748749e-10       1.892844048527e-12      -7.236333328235e-12       0.000000000000e+00       4.118236588184e-15      -1.836735556031e-16       7.627523506966e-17 
 1123       1.765101358375e-10       1.872977324695e-12      -7.099008508454e-12       0.000000000000e+00       4.103991465409e-15      -1.828030912887e-16       7.422119741606e-17 
 1124       1.765658731172e-10       1.853858930209e-12      -6.960748369069e-12       0.000000000000e+00       4.089806423130e-15      -1.818724291919e-16       7.217384586635e-17 
 1125       1.766080880508e-10       1.835500810686e-12      -6.821623579655e-12       0.000000000000e+00       4.075681017379e-15      -1.808849864145e-16       7.013377799503e-17 
 1126       1.766365809329e-10       1.817914973896e-12      -6.681705329128e-12       0.000000000000e+00       4.061614798048e-15      -1.798442059990e-16       6.810159529102e-17 
 1127       1.766511510142e-10       1.801113489885e-12      -6.541065326903e-12       0.000000000000e+00       4.047607308873e-15      -1.787535569871e-16       6.607790316613e-17 
 1128       1.766515964992e-10       1.785108491098e-12      -6.399775804058e-12       0.000000000000e+00       4.033658087416e-15      -1.776165344786e-16       6.406331096339e-17 
 1129       1.766377647460e-10       1.769909552948e-12      -6.257905974531e-12       0.000000000000e+00       4.019766718722e-15      -1.764360308258e-16       6.205834139058e-17 
 1130       1.766097035806e-10       1.755515798155e-12      -6.115511366227e-12       0.000000000000e+00       4.005932997088e-15      -1.752124401875e-16       6.006315752051e-17 
 1131       1.765675119373e-10       1.741923690451e-12      -5.972644354121e-12       0.000000000000e+00       3.992156766353e-15      -1.739455295575e-16       5.807783227374e-17 
 1132       1.765112898368e-10       1.729129644726e-12      -5.829357688530e-12       0.000000000000e+00       3.978437866410e-15      -1.726350654035e-16       5.610243867285e-17 
 1133       1.764411383893e-10       1.717130026910e-12      -5.685704495938e-12       0.000000000000e+00       3.964776133188e-15      -1.712808136668e-16       5.413704984236e-17 
 1134       1.763571597970e-10       1.705921153844e-12      -5.541738279827e-12       0.000000000000e+00       3.951171398644e-15      -1.698825397617e-16       5.218173900850e-17 
 1135       1.762594573569e-10       1.695499293154e-12      -5.397512921505e-12       0.000000000000e+00       3.937623490751e-15      -1.684400085755e-16       5.023657949919e-17 
 1136       1.761481354631e-10       1.685860663126e-12      -5.253082680935e-12       0.000000000000e+00       3.924132233486e-15      -1.669529844677e-16       4.830164474381e-17 
 1137       1.760232996101e-10       1.677001432581e-12      -5.108502197563e-12       0.000000000000e+00       3.910697446821e-15      -1.654212312701e-16       4.637700827314e-17 
 1138       1.758850563949e-10       1.668917720745e-12      -4.963826491148e-12       0.000000000000e+00       3.897318946708e-15      -1.638445122860e-16       4.446274371919e-17 
 1139       1.757335135200e-10       1.661605597129e-12      -4.819110962590e-12       0.000000000000e+00       3.883996545071e-15      -1.622225902900e-16       4.255892481508e-17 
 1140       1.755687797960e-10       1.655061081399e-12      -4.674411394758e-12       0.000000000000e+00       3.870730049793e-15      -1.605552275277e-16       4.066562539492e-17 
 1141       1.753909651442e-10       1.649280143252e-12      -4.529783953321e-12       0.000000000000e+00       3.857519264704e-15      -1.588421857153e-16       3.878291939366e-17 
 1142       1.752001805994e-10       1.644258702289e-12      -4.385285187574e-12       0.000000000000e+00       3.844363989572e-15      -1.570832260389e-16       3.691088084696e-17 
 1143       1.749965383125e-10       1.639992627891e-12      -4.240972031268e-12       0.000000000000e+00       3.831264020090e-15      -1.552781091549e-16       3.504958389107e-17 
 1144       1.747801515531e-10       1.636477739090e-12      -4.096901803441e-12       0.000000000000e+00       3.818219147865e-15      -1.534265951887e-16       3.319910276271e-17 
 1145       1.745511347126e-10       1.633709804447e-12      -3.953132209244e-12       0.000000000000e+00       3.805229160405e-15      -1.515284437349e-16       3.135951179891e-17 
 1146       1.743096033060e-10       1.631684541923e-12      -3.809721340768e-12       0.000000000000e+00       3.792293841113e-15      -1.495834138569e-16       2.953088543689e-17 
 1147       1.740556739757e-10       1.630397618755e-12      -3.666727677878e-12       0.000000000000e+00       3.779412969267e-15      -1.475912640864e-16       2.771329821393e-17 
 1148       1.737894644932e-10       1.629844651330e-12      -3.524210089037e-12       0.000000000000e+00       3.766586320018e-15      -1.455517524228e-16       2.590682476726e-17 
 1149       1.735110937623e-10       1.630021205058e-12      -3.382227832140e-12       0.000000000000e+00       3.753813664371e-15      -1.434646363335e-16       2.411153983388e-17 
 1150       1.732206818218e-10       1.630922794247e-12      -3.240840555335e-12       0.000000000000e+00       3.741094769181e-15      -1.413296727527e-16       2.232751825047e-17 
 1151       1.729183498477e-10       1.632544881976e-12      -3.100108297860e-12       0.000000000000e+00       3.728429397133e-15      -1.391466180817e-16       2.055483495326e-17 
 1152       1.726042201566e-10       1.634882879973e-12      -2.960091490865e-12       0.000000000000e+00       3.715817306739e-15      -1.369152281882e-16       1.879356497788e-17 
 1153       1.722784162076e-10       1.637932148483e-12      -2.820850958247e-12       0.000000000000e+00       3.703258252321e-15      -1.346352584058e-16       1.704378345921e-17 
 1154       1.719410626058e-10       1.641687996148e-12      -2.682447917473e-12       0.000000000000e+00       3.690751984001e-15      -1.323064635341e-16       1.530556563130e-17 
 1155       1.715922851040e-10       1.646145679879e-12      -2.544943980412e-12       0.000000000000e+00       3.678298247693e-15      -1.299285978379e-16       1.357898682720e-17 
 1156       1.712322106064e-10       1.651300404727e-12      -2.408401154165e-12       0.000000000000e+00       3.665896785087e-15      -1.275014150470e-16       1.186412247885e-17 
 1157       1.708609671706e-10       1.657147323761e-12      -2.272881841888e-12       0.000000000000e+00       3.653547333639e-15      -1.250246683556e-16       1.016104811694e-17 
 1158       1.704786840104e-10       1.663681537944e-12      -2.138448843628e-12       0.000000000000e+00       3.641249626562e-15      -1.224981104225e-16       8.469839370756e-18 
 1159       1.700854914986e-10       1.670898096001e-12      -2.005165357147e-12       0.000000000000e+00       3.629003392813e-15      -1.199214933701e-16       6.790571968100e-18 
 1160       1.696815211696e-10       1.678791994297e-12      -1.873094978752e-12       0.000000000000e+00       3.616808357080e-15      -1.172945687843e-16       5.123321735116e-18 
 1161       1.692669057222e-10       1.687358176712e-12      -1.742301704124e-12       0.000000000000e+00       3.604664239774e-15      -1.146170877141e-16       3.468164596174e-18 
 1162       1.688417790221e-10       1.696591534512e-12      -1.612849929149e-12       0.000000000000e+00       3.592570757014e-15      -1.118888006714e-16       1.825176573740e-18 
 1163       1.684062761046e-10       1.706486906226e-12      -1.484804450739e-12       0.000000000000e+00       3.580527620620e-15      -1.091094576302e-16       1.944337882437e-19 
 1164       1.679605331774e-10       1.717039077520e-12      -1.358230467672e-12       0.000000000000e+00       3.568534538097e-15      -1.062788080267e-16      -1.423987542057e-18 
 1165       1.675046876233e-10       1.728242781067e-12      -1.233193581412e-12       0.000000000000e+00       3.556591212629e-15      -1.033966007587e-16      -3.030011101200e-18 
 1166       1.670388780025e-10       1.740092696429e-12      -1.109759796941e-12       0.000000000000e+00       3.544697343060e-15      -1.004625841850e-16      -4.623560475657e-18 
 1167       1.665632440557e-10       1.752583449922e-12      -9.879955235885e-13       0.000000000000e+00       3.532852623893e-15      -9.747650612566e-17      -6.204559154459e-18 
 1168       1.660779267069e-10       1.765709614498e-12      -8.679675758574e-13       0.000000000000e+00       3.521056745267e-15      -9.443811386092e-17      -7.772930529332e-18 
 1169       1.655830680653e-10       1.779465709614e-12      -7.497431742563e-13       0.000000000000e+00       3.509309392957e-15      -9.134715413131e-17      -9.328597894825e-18 
 1170       1.650788114290e-10       1.793846201109e-12      -6.333899461259e-13       0.000000000000e+00       3.497610248354e-15      -8.820337313706e-17      -1.087148444844e-17 
 1171       1.645653012868e-10       1.808845501077e-12      -5.189759264688e-13       0.000000000000e+00       3.485958988458e-15      -8.500651653779e-17      -1.240151329077e-17 
 1172       1.640426833213e-10       1.824457967740e-12      -4.065695587776e-13       0.000000000000e+00       3.474355285865e-15      -8.175632945214e-17      -1.391860742563e-17 
 1173       1.635111044117e-10       1.840677905326e-12      -2.962396958642e-13       0.000000000000e+00       3.462798808757e-15      -7.845255645738e-17      -1.542268976017e-17 
 1174       1.629707126362e-10       1.857499563939e-12      -1.880556006881e-13       0.000000000000e+00       3.451289220891e-15      -7.509494158904e-17      -1.691368310502e-17 
 1175       1.624216572747e-10       1.874917139435e-12      -8.208694718566e-14       0.000000000000e+00       3.439826181584e-15      -7.168322834055e-17      -1.839151017445e-17 
 1176       1.618640888115e-10       1.892924773296e-12       2.159617890147e-14       0.000000000000e+00       3.428409345706e-15      -6.821715966286e-17      -1.985609358642e-17 
 1177       1.612981589383e-10       1.911516552504e-12       1.229232791975e-13       0.000000000000e+00       3.417038363667e-15      -6.469647796406e-17      -2.130735586282e-17 
 1178       1.607240311960e-10       1.930685493043e-12       2.218339307916e-13       0.000000000000e+00       3.405712920942e-15      -6.112115374126e-17      -2.274524787013e-17 
 1179       1.601419130408e-10       1.950420476850e-12       3.183093946564e-13       0.000000000000e+00       3.394432857209e-15      -5.749207458229e-17      -2.416983452771e-17 
 1180       1.595520241818e-10       1.970709276611e-12       4.123413977566e-13       0.000000000000e+00       3.383198048667e-15      -5.381036471185e-17      -2.558121016323e-17 
 1181       1.589545859803e-10       1.991539568469e-12       5.039216797687e-13       0.000000000000e+00       3.372008368627e-15      -5.007715715407e-17      -2.697947017107e-17 
 1182       1.583498214543e-10       2.012898931816e-12       5.930419931593e-13       0.000000000000e+00       3.360863687499e-15      -4.629359375185e-17      -2.836471101488e-17 
 1183       1.577379552815e-10       2.034774849074e-12       6.796941032620e-13       0.000000000000e+00       3.349763872791e-15      -4.246082518625e-17      -2.973703023022e-17 
 1184       1.571192138027e-10       2.057154705484e-12       7.638697883551e-13       0.000000000000e+00       3.338708789095e-15      -3.858001099587e-17      -3.109652642712e-17 
 1185       1.564938250263e-10       2.080025788893e-12       8.455608397391e-13       0.000000000000e+00       3.327698298085e-15      -3.465231959624e-17      -3.244329929267e-17 
 1186       1.558620186310e-10       2.103375289539e-12       9.247590618143e-13       0.000000000000e+00       3.316732258503e-15      -3.067892829920e-17      -3.377744959360e-17 
 1187       1.552240259696e-10       2.127190299837e-12       1.001456272158e-12       0.000000000000e+00       3.305810526155e-15      -2.666102333225e-17      -3.509907917891e-17 
 1188       1.545800800731e-10       2.151457814167e-12       1.075644301602e-12       0.000000000000e+00       3.294932953902e-15      -2.259979985801e-17      -3.640829098240e-17 
 1189       1.539304156536e-10       2.176164728658e-12       1.147314994312e-12       0.000000000000e+00       3.284099391652e-15      -1.849646199350e-17      -3.770518902528e-17 
 1190       1.532752691084e-10       2.201297840978e-12       1.216460207860e-12       0.000000000000e+00       3.273309686352e-15      -1.435222282962e-17      -3.898987841881e-17 
 1191       1.526148785233e-10       2.226843850115e-12       1.283071813308e-12       0.000000000000e+00       3.262563681981e-15      -1.016830445044e-17      -4.026246536679e-17 
 1192       1.519494836764e-10       2.252789356169e-12       1.347141695282e-12       0.000000000000e+00       3.251861219540e-15      -5.945937952661e-18      -4.152305716824e-17 
 1193       1.512793260415e-10       2.279120860135e-12       1.408661752050e-12       0.000000000000e+00       3.241202137046e-15      -1.686363464951e-18      -4.277176221992e-17 
 1194       1.506046487919e-10       2.305824763690e-12       1.467623895599e-12       0.000000000000e+00       3.230586269525e-15       2.609169832665e-18      -4.400869001899e-17 
 1195       1.499256968038e-10       2.332887368978e-12       1.524020051714e-12       0.000000000000e+00       3.220013449000e-15       6.939403689415e-18      -4.523395116551e-17 
 1196       1.492427166601e-10       2.360294878399e-12       1.577842160054e-12       0.000000000000e+00       3.209483504487e-15       1.130307076441e-17      -4.644765736510e-17 
 1197       1.485559566537e-10       2.388033394396e-12       1.629082174232e-12       0.000000000000e+00       3.198996261987e-15       1.569889460724e-17      -4.764992143152e-17 
 1198       1.478656667916e-10       2.416088919235e-12       1.677732061889e-12       0.000000000000e+00       3.188551544474e-15       2.012558963862e-17      -4.884085728921e-17 
 1199       1.471720987978e-10       2.444447354800e-12       1.723783804772e-12       0.000000000000e+00       3.178149171892e-15       2.458186113101e-17      -5.002057997594e-17 
 1200       1.464755061175e-10       2.473094502373e-12       1.767229398815e-12       0.000000000000e+00       3.167788961144e-15       2.906640518919e-17      -5.118920564534e-17 
 1201       1.457761439205e-10       2.502016062423e-12       1.808060854213e-12       0.000000000000e+00       3.157470726086e-15       3.357790873092e-17      -5.234685156955e-17 
 1202       1.450742691047e-10       2.531197634391e-12       1.846270195500e-12       0.000000000000e+00       3.147194277518e-15       3.811504946755e-17      -5.349363614175e-17 
 1203       1.443701402996e-10       2.560624716478e-12       1.881849461630e-12       0.000000000000e+00       3.136959423175e-15       4.267649588463e-17      -5.462967887879e-17 
 1204       1.436640178704e-10       2.590282705430e-12       1.914790706047e-12       0.000000000000e+00       3.126765967722e-15       4.726090722254e-17      -5.575510042377e-17 
 1205       1.429561639210e-10       2.620156896326e-12       1.945085996772e-12       0.000000000000e+00       3.116613712744e-15       5.186693345708e-17      -5.687002254860e-17 
 1206       1.422468422980e-10       2.650232482362e-12       1.972727416472e-12       0.000000000000e+00       3.106502456736e-15       5.649321528014e-17      -5.797456815662e-17 
 1207       1.415363185939e-10       2.680494554637e-12       1.997707062543e-12       0.000000000000e+00       3.096431995102e-15       6.113838408025e-17      -5.906886128520e-17 
 1208       1.408248601512e-10       2.710928101945e-12       2.020017047184e-12       0.000000000000e+00       3.086402120139e-15       6.580106192328e-17      -6.015302710827e-17 
 1209       1.401127360657e-10       2.741518010553e-12       2.039649497479e-12       0.000000000000e+00       3.076412621035e-15       7.047986153296e-17      -6.122719193897e-17 
 1210       1.394002171900e-10       2.772249063994e-12       2.056596555468e-12       0.000000000000e+00       3.066463283858e-15       7.517338627160e-17      -6.229148323222e-17 
 1211       1.386875761373e-10       2.803105942851e-12       2.070850378231e-12       0.000000000000e+00       3.056553891548e-15       7.988023012064e-17      -6.334602958729e-17 
 1212       1.379750872851e-10       2.834073224540e-12       2.082403137960e-12       0.000000000000e+00       3.046684223910e-15       8.459897766129e-17      -6.439096075039e-17 
 1213       1.372630267782e-10       2.865135383104e-12       2.091247022043e-12       0.000000000000e+00       3.036854057609e-15       8.932820405514e-17      -6.542640761730e-17 
 1214       1.365516725332e-10       2.896276788991e-12       2.097374233133e-12       0.000000000000e+00       3.027063166156e-15       9.406647502479e-17      -6.645250223590e-17 
 1215       1.358413042413e-10       2.927481708847e-12       2.100776989233e-12       0.000000000000e+00       3.017311319904e-15       9.881234683447e-17      -6.746937780880e-17 
 1216       1.351322033723e-10       2.958734305298e-12       2.101447523770e-12       0.000000000000e+00       3.007598286041e-15       1.035643662706e-16      -6.847716869593e-17 
 1217       1.344246531781e-10       2.990018636740e-12       2.099378085672e-12       0.000000000000e+00       2.997923828576e-15       1.083210706226e-16      -6.947601041708e-17 
 1218       1.337189386964e-10       3.021318657119e-12       2.094560939449e-12       0.000000000000e+00       2.988287708342e-15       1.130809876633e-16      -7.046603965455e-17 
 1219       1.330153467540e-10       3.052618215726e-12       2.086988365266e-12       0.000000000000e+00       2.978689682975e-15       1.178426356294e-16      -7.144739425569e-17 
 1220       1.323141659707e-10       3.083901056977e-12       2.076652659023e-12       0.000000000000e+00       2.969129506917e-15       1.226045232027e-16      -7.242021323553e-17 
 1221       1.316156867629e-10       3.115150820201e-12       2.063546132431e-12       0.000000000000e+00       2.959606931403e-15       1.273651494901e-16      -7.338463677934e-17 
 1222       1.309202013469e-10       3.146351039428e-12       2.047661113094e-12       0.000000000000e+00       2.950121704452e-15       1.321230040044e-16      -7.434080624521e-17 
 1223       1.302280037427e-10       3.177485143171e-12       2.028989944580e-12       0.000000000000e+00       2.940673570863e-15       1.368765666452e-16      -7.528886416668e-17 
 1224       1.295393897778e-10       3.208536454219e-12       2.007524986502e-12       0.000000000000e+00       2.931262272204e-15       1.416243076791e-16      -7.622895425529e-17 
 1225       1.288546570902e-10       3.239488189418e-12       1.983258614595e-12       0.000000000000e+00       2.921887546804e-15       1.463646877206e-16      -7.716122140317e-17 
 1226       1.281741051328e-10       3.270323459458e-12       1.956183220796e-12       0.000000000000e+00       2.912549129748e-15       1.510961577126e-16      -7.808581168567e-17 
 1227       1.274980051795e-10       3.301026595540e-12       1.926298635593e-12       0.000000000000e+00       2.903246782028e-15       1.558173453592e-16      -7.900280391667e-17 
 1228       1.268265099481e-10       3.331587147104e-12       1.893634491729e-12       0.000000000000e+00       2.893980378393e-15       1.605276168945e-16      -7.991200341703e-17 
 1229       1.261597429080e-10       3.361995931299e-12       1.858228127084e-12       0.000000000000e+00       2.884749820534e-15       1.652265219680e-16      -8.081314579439e-17 
 1230       1.254978281809e-10       3.392243710323e-12       1.820117187234e-12       0.000000000000e+00       2.875555008005e-15       1.699136077950e-16      -8.170596516466e-17 
 1231       1.248408905416e-10       3.422321191310e-12       1.779339626118e-12       0.000000000000e+00       2.866395838222e-15       1.745884191515e-16      -8.259019414913e-17 
 1232       1.241890554194e-10       3.452219026222e-12       1.735933706707e-12       0.000000000000e+00       2.857272206458e-15       1.792504983705e-16      -8.346556387169e-17 
 1233       1.235424488992e-10       3.481927811745e-12       1.689938001674e-12       0.000000000000e+00       2.848184005832e-15       1.838993853369e-16      -8.433180395586e-17 
 1234       1.229011977228e-10       3.511438089178e-12       1.641391394060e-12       0.000000000000e+00       2.839131127311e-15       1.885346174831e-16      -8.518864252200e-17 
 1235       1.222654292901e-10       3.540740344325e-12       1.590333077946e-12       0.000000000000e+00       2.830113459697e-15       1.931557297847e-16      -8.603580618444e-17 
 1236       1.216352716603e-10       3.569825007388e-12       1.536802559119e-12       0.000000000000e+00       2.821130889629e-15       1.977622547554e-16      -8.687302004858e-17 
 1237       1.210108535531e-10       3.598682452858e-12       1.480839655743e-12       0.000000000000e+00       2.812183301569e-15       2.023537224433e-16      -8.770000770807e-17 
 1238       1.203923043499e-10       3.627302999409e-12       1.422484499023e-12       0.000000000000e+00       2.803270577803e-15       2.069296604254e-16      -8.851649124191e-17 
 1239       1.197797540949e-10       3.655676909787e-12       1.361777533879e-12       0.000000000000e+00       2.794392598432e-15       2.114895938041e-16      -8.932219121163e-17 
 1240       1.191733334965e-10       3.683794390706e-12       1.298759519613e-12       0.000000000000e+00       2.785549241371e-15       2.160330452016e-16      -9.011682665837e-17 
 1241       1.185731739284e-10       3.711645592734e-12       1.233471530574e-12       0.000000000000e+00       2.776740382334e-15       2.205595347564e-16      -9.090011510009e-17 
 1242       1.179794074309e-10       3.739220610193e-12       1.165954956833e-12       0.000000000000e+00       2.767965894840e-15       2.250685801179e-16      -9.167177252863e-17 
 1243       1.173921667120e-10       3.766509481044e-12       1.096251504845e-12       0.000000000000e+00       2.759225650197e-15       2.295596964423e-16      -9.243151340691e-17 
 1244       1.168115851485e-10       3.793502186782e-12       1.024403198124e-12       0.000000000000e+00       2.750519517505e-15       2.340323963883e-16      -9.317905066602e-17 
 1245       1.162377967876e-10       3.820188652328e-12       9.504523779051e-13       0.000000000000e+00       2.741847363645e-15       2.384861901120e-16      -9.391409570241e-17 
 1246       1.156709363477e-10       3.846558745922e-12       8.744417038193e-13       0.000000000000e+00       2.733209053274e-15       2.429205852626e-16      -9.463635837497e-17 
 1247       1.151111392197e-10       3.872602279013e-12       7.964141545575e-13       0.000000000000e+00       2.724604448822e-15       2.473350869781e-16      -9.534554700220e-17 
 1248       1.145585414684e-10       3.898309006150e-12       7.164130285415e-13       0.000000000000e+00       2.716033410484e-15       2.517291978804e-16      -9.604136835935e-17 
 1249       1.140132798335e-10       3.923668624878e-12       6.344819445919e-13       0.000000000000e+00       2.707495796214e-15       2.561024180712e-16      -9.672352767553e-17 
 1250       1.134754917310e-10       3.948670775627e-12       5.506648425967e-13       0.000000000000e+00       2.698991461723e-15       2.604542451270e-16      -9.739172863088e-17 
 1251       1.129453152542e-10       3.973305041605e-12       4.650059841801e-13       0.000000000000e+00       2.690520260469e-15       2.647841740947e-16      -9.804567335369e-17 
 1252       1.124228891749e-10       3.997560948691e-12       3.775499533711e-13       0.000000000000e+00       2.682082043655e-15       2.690916974874e-16      -9.868506241754e-17 
 1253       1.119083529449e-10       4.021427965324e-12       2.883416572718e-13       0.000000000000e+00       2.673676660220e-15       2.733763052795e-16      -9.930959483843e-17 
 1254       1.114018466969e-10       4.044895502397e-12       1.974263267264e-13       0.000000000000e+00       2.665303956836e-15       2.776374849022e-16      -9.991896807194e-17 
 1255       1.109035112458e-10       4.067952913151e-12       1.048495169898e-13       0.000000000000e+00       2.656963777903e-15       2.818747212392e-16      -1.005128780103e-16 
 1256       1.104134880900e-10       4.090589493062e-12       1.065710839600e-14       0.000000000000e+00       2.648655965539e-15       2.860874966219e-16      -1.010910189797e-16 
 1257       1.099319194124e-10       4.112794479738e-12      -8.510469297332e-14       0.000000000000e+00       2.640380359580e-15       2.902752908251e-16      -1.016530837372e-16 
 1258       1.094589480820e-10       4.134557052809e-12      -1.823893546199e-13       0.000000000000e+00       2.632136797570e-15       2.944375810622e-16      -1.021987634679e-16 
 1259       1.089947176547e-10       4.155866333818e-12      -2.811500169605e-13       0.000000000000e+00       2.623925114760e-15       2.985738419810e-16      -1.027277477824e-16 
 1260       1.085393723744e-10       4.176711386113e-12      -3.813394926581e-13       0.000000000000e+00       2.615745144095e-15       3.026835456588e-16      -1.032397247135e-16 
 1261       1.080930571749e-10       4.197081214743e-12      -4.829102659537e-13       0.000000000000e+00       2.607596716218e-15       3.067661615982e-16      -1.037343807134e-16 
 1262       1.076559176804e-10       4.216964766345e-12      -5.858144919970e-13       0.000000000000e+00       2.599479659456e-15       3.108211567223e-16      -1.042114006514e-16 
 1263       1.072281002070e-10       4.236350929039e-12      -6.900039961785e-13       0.000000000000e+00       2.591393799819e-15       3.148479953705e-16      -1.046704678101e-16 
 1264       1.068097517640e-10       4.255228532316e-12      -7.954302734606e-13       0.000000000000e+00       2.583338960994e-15       3.188461392936e-16      -1.051112638833e-16 
 1265       1.064010200549e-10       4.273586346938e-12      -9.020444877087e-13       0.000000000000e+00       2.575314964337e-15       3.228150476494e-16      -1.055334689730e-16 
 1266       1.060020534786e-10       4.291413084821e-12      -1.009797471023e-12       0.000000000000e+00       2.567321628871e-15       3.267541769982e-16      -1.059367615860e-16 
 1267       1.056130011310e-10       4.308697398933e-12      -1.118639723070e-12       0.000000000000e+00       2.559358771276e-15       3.306629812984e-16      -1.063208186319e-16 
 1268       1.052340128055e-10       4.325427883184e-12      -1.228521410413e-12       0.000000000000e+00       2.551426205888e-15       3.345409119016e-16      -1.066853154195e-16 
 1269       1.048652389950e-10       4.341593072318e-12      -1.339392365844e-12       0.000000000000e+00       2.543523744690e-15       3.383874175487e-16      -1.070299256543e-16 
 1270       1.045068308924e-10       4.357181441805e-12      -1.451202087716e-12       0.000000000000e+00       2.535651197309e-15       3.422019443644e-16      -1.073543214355e-16 
 1271       1.041589403924e-10       4.372181407732e-12      -1.563899739274e-12       0.000000000000e+00       2.527808371007e-15       3.459839358537e-16      -1.076581732534e-16 
 1272       1.038217200924e-10       4.386581326698e-12      -1.677434147984e-12       0.000000000000e+00       2.519995070679e-15       3.497328328966e-16      -1.079411499861e-16 
 1273       1.034953232935e-10       4.400369495704e-12      -1.791753804867e-12       0.000000000000e+00       2.512211098847e-15       3.534480737442e-16      -1.082029188970e-16 
 1274       1.031799040021e-10       4.413534152044e-12      -1.906806863832e-12       0.000000000000e+00       2.504456255650e-15       3.571290940134e-16      -1.084431456317e-16 
 1275       1.028756169312e-10       4.426063473198e-12      -2.022541141002e-12       0.000000000000e+00       2.496730338845e-15       3.607753266832e-16      -1.086614942155e-16 
 1276       1.025825804205e-10       4.437947832654e-12      -2.138905595767e-12       0.000000000000e+00       2.489033165574e-15       3.643863820410e-16      -1.088577430702e-16 
 1277       1.023007647321e-10       4.449186595859e-12      -2.255854793848e-12       0.000000000000e+00       2.481364637972e-15       3.679625897897e-16      -1.090321345277e-16 
 1278       1.020301024775e-10       4.459781401919e-12      -2.373344494037e-12       0.000000000000e+00       2.473724678302e-15       3.715044631426e-16      -1.091850293155e-16 
 1279       1.017705255810e-10       4.469733914786e-12      -2.491330170559e-12       0.000000000000e+00       2.466113207241e-15       3.750125194450e-16      -1.093167909052e-16 
 1280       1.015219652775e-10       4.479045823321e-12      -2.609767012516e-12       0.000000000000e+00       2.458530143874e-15       3.784872801819e-16      -1.094277855189e-16 
 1281       1.012843521117e-10       4.487718841350e-12      -2.728609923323e-12       0.000000000000e+00       2.450975405694e-15       3.819292709875e-16      -1.095183821340e-16 
 1282       1.010576159359e-10       4.495754707723e-12      -2.847813520150e-12       0.000000000000e+00       2.443448908595e-15       3.853390216534e-16      -1.095889524895e-16 
 1283       1.008416859091e-10       4.503155186372e-12      -2.967332133366e-12       0.000000000000e+00       2.435950566869e-15       3.887170661379e-16      -1.096398710915e-16 
 1284       1.006364904948e-10       4.509922066370e-12      -3.087119805972e-12       0.000000000000e+00       2.428480293202e-15       3.920639425739e-16      -1.096715152189e-16 
 1285       1.004419574603e-10       4.516057161985e-12      -3.207130293051e-12       0.000000000000e+00       2.421037998668e-15       3.953801932785e-16      -1.096842649288e-16 
 1286       1.002580138743e-10       4.521562312745e-12      -3.327317061200e-12       0.000000000000e+00       2.413623592731e-15       3.986663647609e-16      -1.096785030627e-16 
 1287       1.000845861060e-10       4.526439383491e-12      -3.447633287974e-12       0.000000000000e+00       2.406236983232e-15       4.019230077319e-16      -1.096546152519e-16 
 1288       9.992159982338e-11       4.530690264436e-12      -3.568031861329e-12       0.000000000000e+00       2.398878076394e-15       4.051506771121e-16      -1.096129899229e-16 
 1289       9.976897999164e-11       4.534316871224e-12      -3.688465379059e-12       0.000000000000e+00       2.391546776811e-15       4.083499320406e-16      -1.095540183037e-16 
 1290       9.962665087169e-11       4.537321144990e-12      -3.808886148236e-12       0.000000000000e+00       2.384242987449e-15       4.115213358841e-16      -1.094780944290e-16 
 1291       9.949453601867e-11       4.539705052414e-12      -3.929246184654e-12       0.000000000000e+00       2.376966609639e-15       4.146654562453e-16      -1.093856151461e-16 
 1292       9.937255828038e-11       4.541470585781e-12      -4.049497212266e-12       0.000000000000e+00       2.369717543073e-15       4.177828649718e-16      -1.092769801204e-16 
 1293       9.926063979578e-11       4.542619763042e-12      -4.169590662627e-12       0.000000000000e+00       2.362495685802e-15       4.208741381646e-16      -1.091525918413e-16 
 1294       9.915870199346e-11       4.543154627865e-12      -4.289477674334e-12       0.000000000000e+00       2.355300934232e-15       4.239398561871e-16      -1.090128556278e-16 
 1295       9.906666559013e-11       4.543077249704e-12      -4.409109092465e-12       0.000000000000e+00       2.348133183116e-15       4.269806036736e-16      -1.088581796341e-16 
 1296       9.898445058906e-11       4.542389723844e-12      -4.528435468021e-12       0.000000000000e+00       2.340992325557e-15       4.299969695382e-16      -1.086889748554e-16 
 1297       9.891197627860e-11       4.541094171472e-12      -4.647407057367e-12       0.000000000000e+00       2.333878252995e-15       4.329895469833e-16      -1.085056551334e-16 
 1298       9.884916123063e-11       4.539192739726e-12      -4.765973821669e-12       0.000000000000e+00       2.326790855213e-15       4.359589335085e-16      -1.083086371622e-16 
 1299       9.879592329905e-11       4.536687601756e-12      -4.884085426339e-12       0.000000000000e+00       2.319730020324e-15       4.389057309193e-16      -1.080983404939e-16 
 1300       9.875217961823e-11       4.533580956784e-12      -5.001691240474e-12       0.000000000000e+00       2.312695634774e-15       4.418305453356e-16      -1.078751875443e-16 
 1301       9.871784660152e-11       4.529875030161e-12      -5.118740336294e-12       0.000000000000e+00       2.305687583333e-15       4.447339872010e-16      -1.076396035985e-16 
 1302       9.869283993970e-11       4.525572073422e-12      -5.235181488588e-12       0.000000000000e+00       2.298705749094e-15       4.476166712906e-16      -1.073920168165e-16 
 1303       9.867707459950e-11       4.520674364350e-12      -5.350963174148e-12       0.000000000000e+00       2.291750013467e-15       4.504792167207e-16      -1.071328582393e-16 
 1304       9.867046482199e-11       4.515184207029e-12      -5.466033571212e-12       0.000000000000e+00       2.284820256177e-15       4.533222469567e-16      -1.068625617940e-16 
 1305       9.867292412115e-11       4.509103931906e-12      -5.580340558909e-12       0.000000000000e+00       2.277916355259e-15       4.561463898225e-16      -1.065815643000e-16 
 1306       9.868436528229e-11       4.502435895846e-12      -5.693831716693e-12       0.000000000000e+00       2.271038187054e-15       4.589522775087e-16      -1.062903054744e-16 
 1307       9.870470036056e-11       4.495182482192e-12      -5.806454323785e-12       0.000000000000e+00       2.264185626205e-15       4.617405465815e-16      -1.059892279376e-16 
 1308       9.873384067938e-11       4.487346100822e-12      -5.918155358617e-12       0.000000000000e+00       2.257358545652e-15       4.645118379916e-16      -1.056787772193e-16 
 1309       9.877169682896e-11       4.478929188210e-12      -6.028881498268e-12       0.000000000000e+00       2.250556816631e-15       4.672667970827e-16      -1.053594017640e-16 
 1310       9.881817866478e-11       4.469934207479e-12      -6.138579117909e-12       0.000000000000e+00       2.243780308667e-15       4.700060736002e-16      -1.050315529364e-16 
 1311       9.887319530600e-11       4.460363648465e-12      -6.247194290240e-12       0.000000000000e+00       2.237028889571e-15       4.727303217000e-16      -1.046956850279e-16 
 1312       9.893665513403e-11       4.450220027769e-12      -6.354672784930e-12       0.000000000000e+00       2.230302425436e-15       4.754401999574e-16      -1.043522552611e-16 
 1313       9.900846579094e-11       4.439505888823e-12      -6.460960068062e-12       0.000000000000e+00       2.223600780634e-15       4.781363713755e-16      -1.040017237967e-16 
 1314       9.908853417795e-11       4.428223801939e-12      -6.566001301568e-12       0.000000000000e+00       2.216923817810e-15       4.808195033940e-16      -1.036445537383e-16 
 1315       9.917676645392e-11       4.416376364375e-12      -6.669741342674e-12       0.000000000000e+00       2.210271397881e-15       4.834902678981e-16      -1.032812111384e-16 
 1316       9.927306803383e-11       4.403966200387e-12      -6.772124743338e-12       0.000000000000e+00       2.203643380027e-15       4.861493412271e-16      -1.029121650042e-16 
 1317       9.937734358721e-11       4.390995961293e-12      -6.873095749691e-12       0.000000000000e+00       2.197039621693e-15       4.887974041832e-16      -1.025378873030e-16 
 1318       9.948949703669e-11       4.377468325527e-12      -6.972598301477e-12       0.000000000000e+00       2.190459978580e-15       4.914351420398e-16      -1.021588529682e-16 
 1319       9.960943155642e-11       4.363385998697e-12      -7.070576031496e-12       0.000000000000e+00       2.183904304646e-15       4.940632445509e-16      -1.017755399048e-16 
 1320       9.973704957055e-11       4.348751713647e-12      -7.166972265041e-12       0.000000000000e+00       2.177372452096e-15       4.966824059594e-16      -1.013884289949e-16 
 1321       9.987225275175e-11       4.333568230511e-12      -7.261730019341e-12       0.000000000000e+00       2.170864271384e-15       4.992933250059e-16      -1.009980041037e-16 
 1322       1.000149420196e-10       4.317838336773e-12      -7.354792003000e-12       0.000000000000e+00       2.164379611204e-15       5.018967049373e-16      -1.006047520852e-16 
 1323       1.001650175392e-10       4.301564847325e-12      -7.446100615439e-12       0.000000000000e+00       2.157918318488e-15       5.044932535158e-16      -1.002091627876e-16 
 1324       1.003223787196e-10       4.284750604525e-12      -7.535597946335e-12       0.000000000000e+00       2.151480238405e-15       5.070836830274e-16      -9.981172905904e-17 
 1325       1.004869128987e-10       4.267399620435e-12      -7.623233607880e-12       0.000000000000e+00       2.145065230688e-15       5.096683977554e-16      -9.941283181329e-17 
 1326       1.006584612659e-10       4.249520517206e-12      -7.708988327265e-12       0.000000000000e+00       2.138673218841e-15       5.122465526093e-16      -9.901239382623e-17 
 1327       1.008368525606e-10       4.231123124771e-12      -7.792850613425e-12       0.000000000000e+00       2.132304141471e-15       5.148169841253e-16      -9.861022213014e-17 
 1328       1.010219143488e-10       4.212217342249e-12      -7.874808947820e-12       0.000000000000e+00       2.125957935993e-15       5.173785220461e-16      -9.820612260521e-17 
 1329       1.012134730215e-10       4.192813138080e-12      -7.954851784405e-12       0.000000000000e+00       2.119634538634e-15       5.199299893091e-16      -9.779989997729e-17 
 1330       1.014113537918e-10       4.172920550162e-12      -8.032967549611e-12       0.000000000000e+00       2.113333884426e-15       5.224702020329e-16      -9.739135781584e-17 
 1331       1.016153806927e-10       4.152549685986e-12      -8.109144642317e-12       0.000000000000e+00       2.107055907204e-15       5.249979695052e-16      -9.698029853165e-17 
 1332       1.018253765752e-10       4.131710722771e-12      -8.183371433827e-12       0.000000000000e+00       2.100800539603e-15       5.275120941699e-16      -9.656652337474e-17 
 1333       1.020411631056e-10       4.110413907604e-12      -8.255636267845e-12       0.000000000000e+00       2.094567713055e-15       5.300113716147e-16      -9.614983243218e-17 
 1334       1.022625607632e-10       4.088669557574e-12      -8.325927460450e-12       0.000000000000e+00       2.088357357787e-15       5.324945905583e-16      -9.573002462589e-17 
 1335       1.024893888382e-10       4.066488059906e-12      -8.394233300073e-12       0.000000000000e+00       2.082169402817e-15       5.349605328379e-16      -9.530689771050e-17 
 1336       1.027214654295e-10       4.043879872101e-12      -8.460542047470e-12       0.000000000000e+00       2.076003775951e-15       5.374079733966e-16      -9.488024827118e-17 
 1337       1.029586074420e-10       4.020855522070e-12      -8.524841935700e-12       0.000000000000e+00       2.069860403782e-15       5.398356802705e-16      -9.444987172147e-17 
 1338       1.032006305846e-10       3.997425608271e-12      -8.587121170099e-12       0.000000000000e+00       2.063739211686e-15       5.422424145762e-16      -9.401556230108e-17 
 1339       1.034473493679e-10       3.973600799844e-12      -8.647367928257e-12       0.000000000000e+00       2.057640123817e-15       5.446269304986e-16      -9.357711307377e-17 
 1340       1.036985771019e-10       3.949391836747e-12      -8.705570359991e-12       0.000000000000e+00       2.051563063109e-15       5.469879752775e-16      -9.313431592515e-17 
 1341       1.039541258934e-10       3.924809529896e-12      -8.761716587323e-12       0.000000000000e+00       2.045507951267e-15       5.493242891957e-16      -9.268696156052e-17 
 1342       1.042138066443e-10       3.899864761296e-12      -8.815794704454e-12       0.000000000000e+00       2.039474708770e-15       5.516346055659e-16      -9.223483950270e-17 
 1343       1.044774290486e-10       3.874568484179e-12      -8.867792777739e-12       0.000000000000e+00       2.033463254864e-15       5.539176507182e-16      -9.177773808986e-17 
 1344       1.047448015907e-10       3.848931723143e-12      -8.917698845665e-12       0.000000000000e+00       2.027473507562e-15       5.561721439876e-16      -9.131544447335e-17 
 1345       1.050157315427e-10       3.822965574283e-12      -8.965500918825e-12       0.000000000000e+00       2.021505383638e-15       5.583967977012e-16      -9.084774461554e-17 
 1346       1.052900249625e-10       3.796681205332e-12      -9.011186979891e-12       0.000000000000e+00       2.015558798627e-15       5.605903171657e-16      -9.037442328763e-17 
 1347       1.055674866911e-10       3.770089855794e-12      -9.054744983593e-12       0.000000000000e+00       2.009633666821e-15       5.627514006548e-16      -8.989526406751e-17 
 1348       1.058479203504e-10       3.743202837081e-12      -9.096162856696e-12       0.000000000000e+00       2.003729901265e-15       5.648787393963e-16      -8.941004933757e-17 
 1349       1.061311283411e-10       3.716031532651e-12      -9.135428497968e-12       0.000000000000e+00       1.997847413757e-15       5.669710175599e-16      -8.891856028254e-17 
 1350       1.064169118403e-10       3.688587398139e-12      -9.172529778164e-12       0.000000000000e+00       1.991986114842e-15       5.690269122441e-16      -8.842057688731e-17 
 1351       1.067050707990e-10       3.660881961501e-12      -9.207454539997e-12       0.000000000000e+00       1.986145913811e-15       5.710450934641e-16      -8.791587793478e-17 
 1352       1.069954039404e-10       3.632926823143e-12      -9.240190598113e-12       0.000000000000e+00       1.980326718697e-15       5.730242241386e-16      -8.740424100366e-17 
 1353       1.072877087566e-10       3.604733656061e-12      -9.270725739068e-12       0.000000000000e+00       1.974528436274e-15       5.749629600778e-16      -8.688544246636e-17 
 1354       1.075817815074e-10       3.576314205977e-12      -9.299047721305e-12       0.000000000000e+00       1.968750972052e-15       5.768599499701e-16      -8.635925748675e-17 
 1355       1.078774172172e-10       3.547680291472e-12      -9.325144275127e-12       0.000000000000e+00       1.962994230275e-15       5.787138353701e-16      -8.582546001802e-17 
 1356       1.081744096732e-10       3.518843804127e-12      -9.349003102671e-12       0.000000000000e+00       1.957258113918e-15       5.805232506855e-16      -8.528382280054e-17 
 1357       1.084725514227e-10       3.489816708655e-12      -9.370611877889e-12       0.000000000000e+00       1.951542524684e-15       5.822868231647e-16      -8.473411735964e-17 
 1358       1.087716337713e-10       3.460611043040e-12      -9.389958246519e-12       0.000000000000e+00       1.945847363002e-15       5.840031728843e-16      -8.417611400350e-17 
 1359       1.090714467798e-10       3.431238918671e-12      -9.407029826060e-12       0.000000000000e+00       1.940172528024e-15       5.856709127360e-16      -8.360958182091e-17 
 1360       1.093717792631e-10       3.401712520480e-12      -9.421814205752e-12       0.000000000000e+00       1.934517917621e-15       5.872886484146e-16      -8.303428867915e-17 
 1361       1.096724187866e-10       3.372044107077e-12      -9.434298946546e-12       0.000000000000e+00       1.928883428379e-15       5.888549784049e-16      -8.245000122183e-17 
 1362       1.099731516649e-10       3.342246010886e-12      -9.444471581084e-12       0.000000000000e+00       1.923268955600e-15       5.903684939693e-16      -8.185648486668e-17 
 1363       1.102737629590e-10       3.312330638282e-12      -9.452319613672e-12       0.000000000000e+00       1.917674393298e-15       5.918277791349e-16      -8.125350380341e-17 
 1364       1.105740364741e-10       3.282310469728e-12      -9.457830520256e-12       0.000000000000e+00       1.912099634191e-15       5.932314106814e-16      -8.064082099152e-17 
 1365       1.108737547574e-10       3.252198059909e-12      -9.460991748398e-12       0.000000000000e+00       1.906544569707e-15       5.945779581279e-16      -8.001819815816e-17 
 1366       1.111726990957e-10       3.222006037867e-12      -9.461790717250e-12       0.000000000000e+00       1.901009089972e-15       5.958659837207e-16      -7.938539579594e-17 
 1367       1.114706495132e-10       3.191747107143e-12      -9.460214817533e-12       0.000000000000e+00       1.895493083816e-15       5.970940424204e-16      -7.874217316076e-17 
 1368       1.117673847689e-10       3.161434045908e-12      -9.456251411507e-12       0.000000000000e+00       1.889996438761e-15       5.982606818894e-16      -7.808828826967e-17 
 1369       1.120626823550e-10       3.131079707099e-12      -9.449887832951e-12       0.000000000000e+00       1.884519041026e-15       5.993644424792e-16      -7.742349789864e-17 
 1370       1.123563184937e-10       3.100697018560e-12      -9.441111387138e-12       0.000000000000e+00       1.879060775519e-15       6.004038572180e-16      -7.674755758045e-17 
 1371       1.126480681355e-10       3.070298983171e-12      -9.429909350809e-12       0.000000000000e+00       1.873621525838e-15       6.013774517976e-16      -7.606022160252e-17 
 1372       1.129377049570e-10       3.039898678992e-12      -9.416268972147e-12       0.000000000000e+00       1.868201174263e-15       6.022837445613e-16      -7.536124300468e-17 
 1373       1.132250013580e-10       3.009509259393e-12      -9.400177470756e-12       0.000000000000e+00       1.862799601760e-15       6.031212464910e-16      -7.465037357707e-17 
 1374       1.135097481347e-10       2.979143144946e-12      -9.381628621779e-12       0.000000000000e+00       1.857416700290e-15       6.038887944857e-16      -7.392745946871e-17 
 1375       1.137918137312e-10       2.948809589401e-12      -9.360642584964e-12       0.000000000000e+00       1.852052409916e-15       6.045865551034e-16      -7.319272913110e-17 
 1376       1.140710856139e-10       2.918517088079e-12      -9.337246286583e-12       0.000000000000e+00       1.846706682087e-15       6.052150314764e-16      -7.244650843477e-17 
 1377       1.143474506524e-10       2.888274183848e-12      -9.311466854829e-12       0.000000000000e+00       1.841379467355e-15       6.057747309984e-16      -7.168912534048e-17 
 1378       1.146207951191e-10       2.858089467211e-12      -9.283331620208e-12       0.000000000000e+00       1.836070715370e-15       6.062661653325e-16      -7.092090990312e-17 
 1379       1.148910046876e-10       2.827971576390e-12      -9.252868115934e-12       0.000000000000e+00       1.830780374884e-15       6.066898504203e-16      -7.014219427563e-17 
 1380       1.151579644316e-10       2.797929197409e-12      -9.220104078324e-12       0.000000000000e+00       1.825508393741e-15       6.070463064899e-16      -6.935331271286e-17 
 1381       1.154215588243e-10       2.767971064183e-12      -9.185067447190e-12       0.000000000000e+00       1.820254718881e-15       6.073360580649e-16      -6.855460157550e-17 
 1382       1.156816717372e-10       2.738105958599e-12      -9.147786366232e-12       0.000000000000e+00       1.815019296336e-15       6.075596339726e-16      -6.774639933401e-17 
 1383       1.159381864388e-10       2.708342710604e-12      -9.108289183434e-12       0.000000000000e+00       1.809802071225e-15       6.077175673528e-16      -6.692904657245e-17 
 1384       1.161909855938e-10       2.678690198285e-12      -9.066604451456e-12       0.000000000000e+00       1.804602987759e-15       6.078103956663e-16      -6.610288599249e-17 
 1385       1.164399512619e-10       2.649157347960e-12      -9.022760928028e-12       0.000000000000e+00       1.799421989229e-15       6.078386607033e-16      -6.526826241720e-17 
 1386       1.166849648971e-10       2.619753134258e-12      -8.976787576344e-12       0.000000000000e+00       1.794259018015e-15       6.078029085918e-16      -6.442552279505e-17 
 1387       1.169259073461e-10       2.590486580207e-12      -8.928713565457e-12       0.000000000000e+00       1.789114015573e-15       6.077036898069e-16      -6.357501620375e-17 
 1388       1.171626588476e-10       2.561366757315e-12      -8.878568270668e-12       0.000000000000e+00       1.783986922442e-15       6.075415591783e-16      -6.271709385419e-17 
 1389       1.173950990314e-10       2.532402785660e-12      -8.826381273925e-12       0.000000000000e+00       1.778877678237e-15       6.073170758996e-16      -6.185210909431e-17 
 1390       1.176231069169e-10       2.503603833969e-12      -8.772182364216e-12       0.000000000000e+00       1.773786221647e-15       6.070308035366e-16      -6.098041741306e-17 
 1391       1.178465609124e-10       2.474979119710e-12      -8.716001537958e-12       0.000000000000e+00       1.768712490435e-15       6.066833100357e-16      -6.010237644423e-17 
 1392       1.180653388140e-10       2.446537909168e-12      -8.657868999397e-12       0.000000000000e+00       1.763656421434e-15       6.062751677328e-16      -5.921834597042e-17 
 1393       1.182793178046e-10       2.418289517537e-12      -8.597815160997e-12       0.000000000000e+00       1.758617950547e-15       6.058069533616e-16      -5.832868792692e-17 
 1394       1.184883744524e-10       2.390243309004e-12      -8.535870643836e-12       0.000000000000e+00       1.753597012741e-15       6.052792480619e-16      -5.743376640558e-17 
 1395       1.186923847107e-10       2.362408696828e-12      -8.472066277999e-12       0.000000000000e+00       1.748593542051e-15       6.046926373886e-16      -5.653394765878e-17 
 1396       1.188912239159e-10       2.334795143432e-12      -8.406433102973e-12       0.000000000000e+00       1.743607471572e-15       6.040477113203e-16      -5.562960010327e-17 
 1397       1.190847667873e-10       2.307412160485e-12      -8.339002368036e-12       0.000000000000e+00       1.738638733460e-15       6.033450642672e-16      -5.472109432414e-17 
 1398       1.192728874256e-10       2.280269308984e-12      -8.269805532659e-12       0.000000000000e+00       1.733687258929e-15       6.025852950802e-16      -5.380880307864e-17 
 1399       1.194554593117e-10       2.253376199345e-12      -8.198874266891e-12       0.000000000000e+00       1.728752978250e-15       6.017690070595e-16      -5.289310130016e-17 
 1400       1.196323553061e-10       2.226742491480e-12      -8.126240451758e-12       0.000000000000e+00       1.723835820747e-15       6.008968079625e-16      -5.197436610211e-17 
 1401       1.198034476476e-10       2.200377894891e-12      -8.051936179655e-12       0.000000000000e+00       1.718935714797e-15       5.999693100132e-16      -5.105297678180e-17 
 1402       1.199686079523e-10       2.174292168746e-12      -7.975993754741e-12       0.000000000000e+00       1.714052587826e-15       5.989871299102e-16      -5.012931482438e-17 
 1403       1.201277072124e-10       2.148495121970e-12      -7.898445693331e-12       0.000000000000e+00       1.709186366308e-15       5.979508888351e-16      -4.920376390670e-17 
 1404       1.202806157956e-10       2.122996613326e-12      -7.819324724289e-12       0.000000000000e+00       1.704336975763e-15       5.968612124617e-16      -4.827670990128e-17 
 1405       1.204272034434e-10       2.097806551503e-12      -7.738663789425e-12       0.000000000000e+00       1.699504340754e-15       5.957187309639e-16      -4.734854088014e-17 
 1406       1.205673392706e-10       2.072934895197e-12      -7.656496043886e-12       0.000000000000e+00       1.694688384886e-15       5.945240790246e-16      -4.641964711875e-17 
 1407       1.207008917640e-10       2.048391653201e-12      -7.572854856551e-12       0.000000000000e+00       1.689889030803e-15       5.932778958441e-16      -4.549042109994e-17 
 1408       1.208277287816e-10       2.024186884486e-12      -7.487773810422e-12       0.000000000000e+00       1.685106200187e-15       5.919808251488e-16      -4.456125751776e-17 
 1409       1.209477175509e-10       2.000330698284e-12      -7.401286703022e-12       0.000000000000e+00       1.680339813755e-15       5.906335151993e-16      -4.363255328143e-17 
 1410       1.210607246689e-10       1.976833254178e-12      -7.313427546787e-12       0.000000000000e+00       1.675589791256e-15       5.892366187997e-16      -4.270470751921e-17 
 1411       1.211666161000e-10       1.953704762185e-12      -7.224230569456e-12       0.000000000000e+00       1.670856051472e-15       5.877907933053e-16      -4.177812158232e-17 
 1412       1.212652571756e-10       1.930955482839e-12      -7.133730214471e-12       0.000000000000e+00       1.666138512213e-15       5.862967006320e-16      -4.085319904887e-17 
 1413       1.213565125930e-10       1.908595727277e-12      -7.041961141367e-12       0.000000000000e+00       1.661437090314e-15       5.847550072640e-16      -3.993034572770e-17 
 1414       1.214402464140e-10       1.886635857323e-12      -6.948958226165e-12       0.000000000000e+00       1.656751701639e-15       5.831663842629e-16      -3.900996966234e-17 
 1415       1.215163220642e-10       1.865086285575e-12      -6.854756561768e-12       0.000000000000e+00       1.652082261070e-15       5.815315072762e-16      -3.809248113489e-17 
 1416       1.215846023318e-10       1.843957475490e-12      -6.759391458353e-12       0.000000000000e+00       1.647428682513e-15       5.798510565456e-16      -3.717829266992e-17 
 1417       1.216449493666e-10       1.823259941463e-12      -6.662898443767e-12       0.000000000000e+00       1.642790878891e-15       5.781257169156e-16      -3.626781903841e-17 
 1418       1.216972246791e-10       1.803004248919e-12      -6.565313263916e-12       0.000000000000e+00       1.638168762144e-15       5.763561778423e-16      -3.536147726160e-17 
 1419       1.217412891390e-10       1.783201014395e-12      -6.466671883166e-12       0.000000000000e+00       1.633562243224e-15       5.745431334016e-16      -3.445968661492e-17 
 1420       1.217770029746e-10       1.763860905625e-12      -6.367010484728e-12       0.000000000000e+00       1.628971232100e-15       5.726872822981e-16      -3.356286863192e-17 
 1421       1.218042257716e-10       1.744994641622e-12      -6.266365471059e-12       0.000000000000e+00       1.624395637746e-15       5.707893278733e-16      -3.267144710812e-17 
 1422       1.218228164721e-10       1.726612992769e-12      -6.164773464251e-12       0.000000000000e+00       1.619835368146e-15       5.688499781143e-16      -3.178584810496e-17 
 1423       1.218326623490e-10       1.708724968983e-12      -6.062271320858e-12       0.000000000000e+00       1.615290339625e-15       5.668699553802e-16      -3.090642133376e-17 
 1424       1.218337662578e-10       1.691332363693e-12      -5.958896175732e-12       0.000000000000e+00       1.610760504947e-15       5.648500256740e-16      -3.003320341596e-17 
 1425       1.218261602795e-10       1.674435153958e-12      -5.854685399420e-12       0.000000000000e+00       1.606245825500e-15       5.627909696884e-16      -2.916615219761e-17 
 1426       1.218098768270e-10       1.658033307276e-12      -5.749676584166e-12       0.000000000000e+00       1.601746261987e-15       5.606935731245e-16      -2.830522514779e-17 
 1427       1.217849486460e-10       1.642126781559e-12      -5.643907544312e-12       0.000000000000e+00       1.597261774427e-15       5.585586267010e-16      -2.745037935787e-17 
 1428       1.217514088152e-10       1.626715525109e-12      -5.537416316684e-12       0.000000000000e+00       1.592792322148e-15       5.563869261630e-16      -2.660157154073e-17 
 1429       1.217092907476e-10       1.611799476599e-12      -5.430241160995e-12       0.000000000000e+00       1.588337863791e-15       5.541792722914e-16      -2.575875803003e-17 
 1430       1.216586281906e-10       1.597378565050e-12      -5.322420560235e-12       0.000000000000e+00       1.583898357305e-15       5.519364709122e-16      -2.492189477946e-17 
 1431       1.215994552270e-10       1.583452709806e-12      -5.213993221063e-12       0.000000000000e+00       1.579473759946e-15       5.496593329051e-16      -2.409093736197e-17 
 1432       1.215318062757e-10       1.570021820513e-12      -5.104998074209e-12       0.000000000000e+00       1.575064028277e-15       5.473486742128e-16      -2.326584096903e-17 
 1433       1.214557160919e-10       1.557085797097e-12      -4.995474274862e-12       0.000000000000e+00       1.570669118166e-15       5.450053158506e-16      -2.244656040986e-17 
 1434       1.213712197686e-10       1.544644529741e-12      -4.885461203067e-12       0.000000000000e+00       1.566288984782e-15       5.426300839147e-16      -2.163305011073e-17 
 1435       1.212783527363e-10       1.532697898861e-12      -4.774998464120e-12       0.000000000000e+00       1.561923582597e-15       5.402238095921e-16      -2.082526411413e-17 
 1436       1.211771507645e-10       1.521245775088e-12      -4.664125888963e-12       0.000000000000e+00       1.557572865382e-15       5.377873291690e-16      -2.002315607808e-17 
 1437       1.210676499619e-10       1.510288019240e-12      -4.552883534575e-12       0.000000000000e+00       1.553236786206e-15       5.353214840406e-16      -1.922667927538e-17 
 1438       1.209498867771e-10       1.499824482304e-12      -4.441311684371e-12       0.000000000000e+00       1.548915297436e-15       5.328271207198e-16      -1.843578659279e-17 
 1439       1.208238979995e-10       1.489855005410e-12      -4.329450848594e-12       0.000000000000e+00       1.544608350734e-15       5.303050908463e-16      -1.765043053036e-17 
 1440       1.206897207598e-10       1.480379419811e-12      -4.217341764709e-12       0.000000000000e+00       1.540315897054e-15       5.277562511959e-16      -1.687056320062e-17 
 1441       1.205473925307e-10       1.471397546861e-12      -4.105025397802e-12       0.000000000000e+00       1.536037886644e-15       5.251814636898e-16      -1.609613632788e-17 
 1442       1.203969511275e-10       1.462909197988e-12      -3.992542940969e-12       0.000000000000e+00       1.531774269042e-15       5.225815954030e-16      -1.532710124741e-17 
 1443       1.202384347088e-10       1.454914174677e-12      -3.879935815711e-12       0.000000000000e+00       1.527524993074e-15       5.199575185744e-16      -1.456340890476e-17 
 1444       1.200718817775e-10       1.447412268446e-12      -3.767245672334e-12       0.000000000000e+00       1.523290006856e-15       5.173101106150e-16      -1.380500985496e-17 
 1445       1.198973311808e-10       1.440403260821e-12      -3.654514390338e-12       0.000000000000e+00       1.519069257787e-15       5.146402541178e-16      -1.305185426178e-17 
 1446       1.197148221115e-10       1.433886923315e-12      -3.541784078813e-12       0.000000000000e+00       1.514862692553e-15       5.119488368661e-16      -1.230389189700e-17 
 1447       1.195243941082e-10       1.427863017409e-12      -3.429097076836e-12       0.000000000000e+00       1.510670257121e-15       5.092367518436e-16      -1.156107213961e-17 
 1448       1.193260870565e-10       1.422331294522e-12      -3.316495953862e-12       0.000000000000e+00       1.506491896740e-15       5.065048972426e-16      -1.082334397511e-17 
 1449       1.191199411891e-10       1.417291495995e-12      -3.204023510120e-12       0.000000000000e+00       1.502327555940e-15       5.037541764736e-16      -1.009065599473e-17 
 1450       1.189059970867e-10       1.412743353068e-12      -3.091722777007e-12       0.000000000000e+00       1.498177178527e-15       5.009854981745e-16      -9.362956394689e-18 
 1451       1.186842956789e-10       1.408686586854e-12      -2.979637017487e-12       0.000000000000e+00       1.494040707585e-15       4.981997762193e-16      -8.640192975422e-18 
 1452       1.184548782444e-10       1.405120908318e-12      -2.867809726476e-12       0.000000000000e+00       1.489918085474e-15       4.953979297276e-16      -7.922313140859e-18 
 1453       1.182177864121e-10       1.402046018257e-12      -2.756284631247e-12       0.000000000000e+00       1.485809253825e-15       4.925808830735e-16      -7.209263897653e-18 
 1454       1.179730621617e-10       1.399461607273e-12      -2.645105691818e-12       0.000000000000e+00       1.481714153545e-15       4.897495658951e-16      -6.500991854433e-18 
 1455       1.177207478240e-10       1.397367355755e-12      -2.534317101348e-12       0.000000000000e+00       1.477632724809e-15       4.869049131028e-16      -5.797443221056e-18 
 1456       1.174608860820e-10       1.395762933853e-12      -2.423963286532e-12       0.000000000000e+00       1.473564907060e-15       4.840478648895e-16      -5.098563807847e-18 
 1457       1.171935199714e-10       1.394648001459e-12      -2.314088907997e-12       0.000000000000e+00       1.469510639011e-15       4.811793667387e-16      -4.404299024854e-18 
 1458       1.169186928812e-10       1.394022208181e-12      -2.204738860694e-12       0.000000000000e+00       1.465469858639e-15       4.783003694344e-16      -3.714593881095e-18 
 1459       1.166364485545e-10       1.393885193324e-12      -2.095958274293e-12       0.000000000000e+00       1.461442503188e-15       4.754118290698e-16      -3.029392983803e-18 
 1460       1.163468310891e-10       1.394236585862e-12      -1.987792513578e-12       0.000000000000e+00       1.457428509161e-15       4.725147070563e-16      -2.348640537676e-18 
 1461       1.160498849383e-10       1.395076004422e-12      -1.880287178844e-12       0.000000000000e+00       1.453427812327e-15       4.696099701333e-16      -1.672280344128e-18 
 1462       1.157456549112e-10       1.396403057260e-12      -1.773488106286e-12       0.000000000000e+00       1.449440347710e-15       4.666985903764e-16      -1.000255800532e-18 
 1463       1.154341861738e-10       1.398217342233e-12      -1.667441368399e-12       0.000000000000e+00       1.445466049595e-15       4.637815452073e-16      -3.325098994710e-19 
 1464       1.151155242495e-10       1.400518446785e-12      -1.562193274370e-12       0.000000000000e+00       1.441504851524e-15       4.608598174024e-16       3.310147720134e-19 
 1465       1.147897150197e-10       1.403305947916e-12      -1.457790370472e-12       0.000000000000e+00       1.437556686293e-15       4.579343951021e-16       9.903760331745e-19 
 1466       1.144568047245e-10       1.406579412169e-12      -1.354279440460e-12       0.000000000000e+00       1.433621485952e-15       4.550062718201e-16       1.645632110312e-18 
 1467       1.141168399634e-10       1.410338395597e-12      -1.251707505965e-12       0.000000000000e+00       1.429699181803e-15       4.520764464523e-16       2.296841637521e-18 
 1468       1.137698676961e-10       1.414582443750e-12      -1.150121826888e-12       0.000000000000e+00       1.425789704399e-15       4.491459232859e-16       2.944063657451e-18 
 1469       1.134159352429e-10       1.419311091645e-12      -1.049569901797e-12       0.000000000000e+00       1.421892983540e-15       4.462157120086e-16       3.587357622049e-18 
 1470       1.130550902855e-10       1.424523863750e-12      -9.500994683157e-13       0.000000000000e+00       1.418008948278e-15       4.432868277177e-16       4.226783393316e-18 
 1471       1.126873808678e-10       1.430220273956e-12      -8.517585035260e-13       0.000000000000e+00       1.414137526905e-15       4.403602909293e-16       4.862401244061e-18 
 1472       1.123128682921e-10       1.436398678622e-12      -7.545896601378e-13       0.000000000000e+00       1.410278654077e-15       4.374369976505e-16       5.494261231995e-18 
 1473       1.119316659478e-10       1.443052823274e-12      -6.586135137497e-13       0.000000000000e+00       1.406432292226e-15       4.345173281656e-16       6.122371205025e-18 
 1474       1.115439008701e-10       1.450175261549e-12      -5.638451499194e-13       0.000000000000e+00       1.402598410354e-15       4.316015343808e-16       6.746728479557e-18 
 1475       1.111497008803e-10       1.457758498929e-12      -4.702997133636e-13       0.000000000000e+00       1.398776976933e-15       4.286898694105e-16       7.367330438464e-18 
 1476       1.107491945874e-10       1.465794992659e-12      -3.779924080452e-13       0.000000000000e+00       1.394967959910e-15       4.257825875791e-16       7.984174531253e-18 
 1477       1.103425113894e-10       1.474277151656e-12      -2.869384972594e-13       0.000000000000e+00       1.391171326699e-15       4.228799444230e-16       8.597258274226e-18 
 1478       1.099297814748e-10       1.483197336428e-12      -1.971533037206e-13       0.000000000000e+00       1.387387044183e-15       4.199821966921e-16       9.206579250643e-18 
 1479       1.095111358239e-10       1.492547858983e-12      -1.086522096490e-13       0.000000000000e+00       1.383615078715e-15       4.170896023525e-16       9.812135110889e-18 
 1480       1.090867062101e-10       1.502320982748e-12      -2.145065685706e-14       0.000000000000e+00       1.379855396112e-15       4.142024205877e-16       1.041392357263e-17 
 1481       1.086566252013e-10       1.512508922479e-12       6.443585316393e-14       0.000000000000e+00       1.376107961658e-15       4.113209118010e-16       1.101194242100e-17 
 1482       1.082210261617e-10       1.523103844180e-12       1.489917591571e-13       0.000000000000e+00       1.372372740101e-15       4.084453376173e-16       1.160618950873e-17 
 1483       1.077800432523e-10       1.534097865011e-12       2.322014400133e-13       0.000000000000e+00       1.368649695651e-15       4.055759608847e-16       1.219666275633e-17 
 1484       1.073338114333e-10       1.545483053205e-12       3.140492146849e-13       0.000000000000e+00       1.364938791982e-15       4.027130456770e-16       1.278336015225e-17 
 1485       1.068824664647e-10       1.557251427984e-12       3.945193420988e-13       0.000000000000e+00       1.361239992227e-15       3.998568572953e-16       1.336627975307e-17 
 1486       1.064261449080e-10       1.569394959469e-12       4.735960210700e-13       0.000000000000e+00       1.357553258980e-15       3.970076622699e-16       1.394541968361e-17 
 1487       1.059649841278e-10       1.581905568598e-12       5.512633902150e-13       0.000000000000e+00       1.353878554293e-15       3.941657283623e-16       1.452077813714e-17 
 1488       1.054991222926e-10       1.594775127036e-12       6.275055278651e-13       0.000000000000e+00       1.350215839675e-15       3.913313245671e-16       1.509235337551e-17 
 1489       1.050286983767e-10       1.607995457092e-12       7.023064519798e-13       0.000000000000e+00       1.346565076093e-15       3.885047211141e-16       1.566014372936e-17 
 1490       1.045538521616e-10       1.621558331634e-12       7.756501200605e-13       0.000000000000e+00       1.342926223965e-15       3.856861894700e-16       1.622414759821e-17 
 1491       1.040747242367e-10       1.635455474000e-12       8.475204290635e-13       0.000000000000e+00       1.339299243169e-15       3.828760023402e-16       1.678436345072e-17 
 1492       1.035914560017e-10       1.649678557911e-12       9.179012153136e-13       0.000000000000e+00       1.335684093031e-15       3.800744336714e-16       1.734078982477e-17 
 1493       1.031041896672e-10       1.664219207392e-12       9.867762544173e-13       0.000000000000e+00       1.332080732330e-15       3.772817586526e-16       1.789342532765e-17 
 1494       1.026130682562e-10       1.679068996678e-12       1.054129261177e-12       0.000000000000e+00       1.328489119296e-15       3.744982537177e-16       1.844226863625e-17 
 1495       1.021182356060e-10       1.694219450132e-12       1.119943889502e-12       0.000000000000e+00       1.324909211609e-15       3.717241965473e-16       1.898731849720e-17 
 1496       1.016198363689e-10       1.709662042159e-12       1.184203732326e-12       0.000000000000e+00       1.321340966396e-15       3.689598660704e-16       1.952857372702e-17 
 1497       1.011180160141e-10       1.725388197121e-12       1.246892321517e-12       0.000000000000e+00       1.317784340231e-15       3.662055424666e-16       2.006603321231e-17 
 1498       1.006129208286e-10       1.741389289247e-12       1.307993127792e-12       0.000000000000e+00       1.314239289135e-15       3.634615071677e-16       2.059969590992e-17 
 1499       1.001046979191e-10       1.757656642552e-12       1.367489560629e-12       0.000000000000e+00       1.310705768573e-15       3.607280428601e-16       2.112956084707e-17 
 1500       9.959349521301e-11       1.774181530746e-12       1.425364968184e-12       0.000000000000e+00       1.307183733454e-15       3.580054334863e-16       2.165562712156e-17 
 1501       9.907946146009e-11       1.790955177154e-12       1.481602637201e-12       0.000000000000e+00       1.303673138129e-15       3.552939642470e-16       2.217789390192e-17 
 1502       9.856274623357e-11       1.807968754624e-12       1.536185792925e-12       0.000000000000e+00       1.300173936391e-15       3.525939216030e-16       2.269636042754e-17 
 1503       9.804349993173e-11       1.825213385445e-12       1.589097599019e-12       0.000000000000e+00       1.296686081474e-15       3.499055932772e-16       2.321102600891e-17 
 1504       9.752187377921e-11       1.842680141261e-12       1.640321157475e-12       0.000000000000e+00       1.293209526048e-15       3.472292682565e-16       2.372189002769e-17 
 1505       9.699801982839e-11       1.860360042982e-12       1.689839508525e-12       0.000000000000e+00       1.289744222225e-15       3.445652367936e-16       2.422895193695e-17 
 1506       9.647209096080e-11       1.878244060702e-12       1.737635630561e-12       0.000000000000e+00       1.286290121550e-15       3.419137904090e-16       2.473221126129e-17 
 1507       9.594424088848e-11       1.896323113609e-12       1.783692440042e-12       0.000000000000e+00       1.282847175006e-15       3.392752218931e-16       2.523166759703e-17 
 1508       9.541462415538e-11       1.914588069902e-12       1.827992791409e-12       0.000000000000e+00       1.279415333010e-15       3.366498253079e-16       2.572732061235e-17 
 1509       9.488339613873e-11       1.933029746705e-12       1.870519477002e-12       0.000000000000e+00       1.275994545412e-15       3.340378959890e-16       2.621917004747e-17 
 1510       9.435071305041e-11       1.951638909978e-12       1.911255226969e-12       0.000000000000e+00       1.272584761494e-15       3.314397305476e-16       2.670721571481e-17 
 1511       9.381673193839e-11       1.970406274437e-12       1.950182709180e-12       0.000000000000e+00       1.269185929970e-15       3.288556268722e-16       2.719145749916e-17 
 1512       9.328161068803e-11       1.989322503460e-12       1.987284529145e-12       0.000000000000e+00       1.265797998983e-15       3.262858841309e-16       2.767189535782e-17 
 1513       9.274550802352e-11       2.008378209007e-12       2.022543229919e-12       0.000000000000e+00       1.262420916104e-15       3.237308027730e-16       2.814852932079e-17 
 1514       9.220858350926e-11       2.027563951535e-12       2.055941292023e-12       0.000000000000e+00       1.259054628334e-15       3.211906845312e-16       2.862135949093e-17 
 1515       9.167099755122e-11       2.046870239905e-12       2.087461133355e-12       0.000000000000e+00       1.255699082099e-15       3.186658324230e-16       2.909038604411e-17 
 1516       9.113291139833e-11       2.066287531303e-12       2.117085109103e-12       0.000000000000e+00       1.252354223249e-15       3.161565507535e-16       2.955560922939e-17 
 1517       9.059448714388e-11       2.085806231152e-12       2.144795511656e-12       0.000000000000e+00       1.249019997060e-15       3.136631451165e-16       3.001702936915e-17 
 1518       9.005588772689e-11       2.105416693023e-12       2.170574570523e-12       0.000000000000e+00       1.245696348232e-15       3.111859223968e-16       3.047464685932e-17 
 1519       8.951727693346e-11       2.125109218555e-12       2.194404452241e-12       0.000000000000e+00       1.242383220883e-15       3.087251907723e-16       3.092846216947e-17 
 1520       8.897881939823e-11       2.144874057363e-12       2.216267260291e-12       0.000000000000e+00       1.239080558556e-15       3.062812597153e-16       3.137847584302e-17 
 1521       8.844066990814e-11       2.164701795221e-12       2.236150681729e-12       0.000000000000e+00       1.235788309677e-15       3.038542794263e-16       3.182467381673e-17 
 1522       8.790294119861e-11       2.184584522856e-12       2.254064986648e-12       0.000000000000e+00       1.232506444017e-15       3.014437574388e-16       3.226698322446e-17 
 1523       8.736573585046e-11       2.204514678220e-12       2.270026192023e-12       0.000000000000e+00       1.229234936386e-15       2.990490373693e-16       3.270531616871e-17 
 1524       8.682915696014e-11       2.224484659181e-12       2.284050430037e-12       0.000000000000e+00       1.225973761187e-15       2.966694590578e-16       3.313958436210e-17 
 1525       8.629330814060e-11       2.244486823461e-12       2.296153948286e-12       0.000000000000e+00       1.222722892407e-15       2.943043585618e-16       3.356969912681e-17 
 1526       8.575829352210e-11       2.264513488561e-12       2.306353109986e-12       0.000000000000e+00       1.219482303624e-15       2.919530681492e-16       3.399557139392e-17 
 1527       8.522421775303e-11       2.284556931703e-12       2.314664394178e-12       0.000000000000e+00       1.216251968000e-15       2.896149162926e-16       3.441711170288e-17 
 1528       8.469118600075e-11       2.304609389763e-12       2.321104395933e-12       0.000000000000e+00       1.213031858284e-15       2.872892276625e-16       3.483423020087e-17 
 1529       8.415930395243e-11       2.324663059202e-12       2.325689826561e-12       0.000000000000e+00       1.209821946809e-15       2.849753231211e-16       3.524683664223e-17 
 1530       8.362867781585e-11       2.344710096003e-12       2.328437513818e-12       0.000000000000e+00       1.206622205492e-15       2.826725197158e-16       3.565484038781e-17 
 1531       8.309941432026e-11       2.364742615602e-12       2.329364402105e-12       0.000000000000e+00       1.203432605833e-15       2.803801306728e-16       3.605815040446e-17 
 1532       8.257162071717e-11       2.384752692828e-12       2.328487552683e-12       0.000000000000e+00       1.200253118914e-15       2.780974653908e-16       3.645667526434e-17 
 1533       8.204540478121e-11       2.404732361831e-12       2.325824143874e-12       0.000000000000e+00       1.197083715398e-15       2.758238294345e-16       3.685032314439e-17 
 1534       8.152087481095e-11       2.424673616019e-12       2.321391471267e-12       0.000000000000e+00       1.193924365530e-15       2.735585245283e-16       3.723900182572e-17 
 1535       8.099813962974e-11       2.444568407992e-12       2.315206947926e-12       0.000000000000e+00       1.190775039133e-15       2.713008485499e-16       3.762261869296e-17 
 1536       8.047730858650e-11       2.464408649477e-12       2.307288104597e-12       0.000000000000e+00       1.187635705609e-15       2.690500955236e-16       3.800108073375e-17 
 1537       7.995849155658e-11       2.484186211261e-12       2.297652589909e-12       0.000000000000e+00       1.184506333938e-15       2.668055556145e-16       3.837429453806e-17 
 1538       7.944179894259e-11       2.503892923125e-12       2.286318170588e-12       0.000000000000e+00       1.181386892676e-15       2.645665151216e-16       3.874216629766e-17 
 1539       7.892734167522e-11       2.523520573777e-12       2.273302731655e-12       0.000000000000e+00       1.178277349958e-15       2.623322564716e-16       3.910460180548e-17 
 1540       7.841523121406e-11       2.543060910791e-12       2.258624276638e-12       0.000000000000e+00       1.175177673490e-15       2.601020582123e-16       3.946150645501e-17 
 1541       7.790557954844e-11       2.562505640535e-12       2.242300927774e-12       0.000000000000e+00       1.172087830557e-15       2.578751950068e-16       3.981278523974e-17 
 1542       7.739849919826e-11       2.581846428111e-12       2.224350926219e-12       0.000000000000e+00       1.169007788012e-15       2.556509376262e-16       4.015834275254e-17 
 1543       7.689410321482e-11       2.601074897283e-12       2.204792632252e-12       0.000000000000e+00       1.165937512287e-15       2.534285529441e-16       4.049808318504e-17 
 1544       7.639250518161e-11       2.620182630418e-12       2.183644525479e-12       0.000000000000e+00       1.162876969380e-15       2.512073039295e-16       4.083191032709e-17 
 1545       7.589381921520e-11       2.639161168413e-12       2.160925205044e-12       0.000000000000e+00       1.159826124864e-15       2.489864496408e-16       4.115972756611e-17 
 1546       7.539815996604e-11       2.658002010636e-12       2.136653389831e-12       0.000000000000e+00       1.156784943880e-15       2.467652452194e-16       4.148143788650e-17 
 1547       7.490564261926e-11       2.676696614855e-12       2.110847918672e-12       0.000000000000e+00       1.153753391139e-15       2.445429418831e-16       4.179694386908e-17 
 1548       7.441638289555e-11       2.695236397175e-12       2.083527750553e-12       0.000000000000e+00       1.150731430920e-15       2.423187869197e-16       4.210614769046e-17 
 1549       7.393049705196e-11       2.713612731971e-12       2.054711964818e-12       0.000000000000e+00       1.147719027068e-15       2.400920236811e-16       4.240895112243e-17 
 1550       7.344810188272e-11       2.731816951822e-12       2.024419761380e-12       0.000000000000e+00       1.144716142998e-15       2.378618915761e-16       4.270525553141e-17 
 1551       7.296931472009e-11       2.749840347447e-12       1.992670460921e-12       0.000000000000e+00       1.141722741689e-15       2.356276260646e-16       4.299496187781e-17 
 1552       7.249425343517e-11       2.767674167636e-12       1.959483505103e-12       0.000000000000e+00       1.138738785683e-15       2.333884586511e-16       4.327797071546e-17 
 1553       7.202303643875e-11       2.785309619189e-12       1.924878456772e-12       0.000000000000e+00       1.135764237088e-15       2.311436168781e-16       4.355418219098e-17 
 1554       7.155578268211e-11       2.802737866844e-12       1.888875000162e-12       0.000000000000e+00       1.132799057577e-15       2.288923243199e-16       4.382349604322e-17 
 1555       7.109261165788e-11       2.819950033217e-12       1.851492941106e-12       0.000000000000e+00       1.129843208381e-15       2.266338005761e-16       4.408581160266e-17 
 1556       7.063364340083e-11       2.836937198731e-12       1.812752207240e-12       0.000000000000e+00       1.126896650295e-15       2.243672612654e-16       4.434102779076e-17 
 1557       7.017899848874e-11       2.853690401554e-12       1.772672848205e-12       0.000000000000e+00       1.123959343674e-15       2.220919180188e-16       4.458904311943e-17 
 1558       6.972879804320e-11       2.870200637533e-12       1.731275035861e-12       0.000000000000e+00       1.121031248434e-15       2.198069784737e-16       4.482975569041e-17 
 1559       6.928316373045e-11       2.886458860124e-12       1.688579064486e-12       0.000000000000e+00       1.118112324048e-15       2.175116462671e-16       4.506306319465e-17 
 1560       6.884221776220e-11       2.902455980334e-12       1.644605350986e-12       0.000000000000e+00       1.115202529547e-15       2.152051210294e-16       4.528886291174e-17 
 1561       6.840608289646e-11       2.918182866646e-12       1.599374435100e-12       0.000000000000e+00       1.112301823521e-15       2.128865983780e-16       4.550705170930e-17 
 1562       6.797488243839e-11       2.933630344959e-12       1.552906979605e-12       0.000000000000e+00       1.109410164114e-15       2.105552699109e-16       4.571752604238e-17 
 1563       6.754874024110e-11       2.948789198521e-12       1.505223770525e-12       0.000000000000e+00       1.106527509027e-15       2.082103232002e-16       4.592018195289e-17 
 1564       6.712778070647e-11       2.963650167864e-12       1.456345717335e-12       0.000000000000e+00       1.103653815515e-15       2.058509417858e-16       4.611491506894e-17 
 1565       6.671212878602e-11       2.978203950735e-12       1.406293853166e-12       0.000000000000e+00       1.100789040386e-15       2.034763051690e-16       4.630162060433e-17 
 1566       6.630190998172e-11       2.992441202034e-12       1.355089335014e-12       0.000000000000e+00       1.097933140002e-15       2.010855888061e-16       4.648019335789e-17 
 1567       6.589725034680e-11       3.006352533746e-12       1.302753443945e-12       0.000000000000e+00       1.095086070275e-15       1.986779641021e-16       4.665052771288e-17 
 1568       6.549827648658e-11       3.019928514874e-12       1.249307585299e-12       0.000000000000e+00       1.092247786671e-15       1.962525984039e-16       4.681251763643e-17 
 1569       6.510511555933e-11       3.033159671378e-12       1.194773288899e-12       0.000000000000e+00       1.089418244204e-15       1.938086549946e-16       4.696605667894e-17 
 1570       6.471787416286e-11       3.046037864888e-12       1.139173320376e-12       0.000000000000e+00       1.086597401679e-15       1.913456222120e-16       4.711107260388e-17 
 1571       6.433657477747e-11       3.058560443052e-12       1.082535026056e-12       0.000000000000e+00       1.083785234462e-15       1.888643041742e-16       4.724763163157e-17 
 1572       6.396121873248e-11       3.070726127728e-12       1.024887019651e-12       0.000000000000e+00       1.080981721828e-15       1.863658392725e-16       4.737583516550e-17 
 1573       6.359180726647e-11       3.082533639714e-12       9.662580742219e-13       0.000000000000e+00       1.078186842725e-15       1.838513718935e-16       4.749578525116e-17 
 1574       6.322834152711e-11       3.093981698746e-12       9.066771224459e-13       0.000000000000e+00       1.075400575782e-15       1.813220524282e-16       4.760758457714e-17 
 1575       6.287082257092e-11       3.105069023504e-12       8.461732568711e-13       0.000000000000e+00       1.072622899299e-15       1.787790372821e-16       4.771133647616e-17 
 1576       6.251925136313e-11       3.115794331606e-12       7.847757301791e-13       0.000000000000e+00       1.069853791255e-15       1.762234888848e-16       4.780714492623e-17 
 1577       6.217362877743e-11       3.126156339618e-12       7.225139554447e-13       0.000000000000e+00       1.067093229299e-15       1.736565756990e-16       4.789511455167e-17 
 1578       6.183395559580e-11       3.136153763046e-12       6.594175063958e-13       0.000000000000e+00       1.064341190757e-15       1.710794722310e-16       4.797535062424e-17 
 1579       6.150023250828e-11       3.145785316345e-12       5.955161176741e-13       0.000000000000e+00       1.061597652625e-15       1.684933590397e-16       4.804795906422e-17 
 1580       6.117246011283e-11       3.155049712917e-12       5.308396850949e-13       0.000000000000e+00       1.058862591572e-15       1.658994227464e-16       4.811304644149e-17 
 1581       6.085063891506e-11       3.163945665110e-12       4.654182659071e-13       0.000000000000e+00       1.056135983940e-15       1.632988560444e-16       4.817071997661e-17 
 1582       6.053476932808e-11       3.172471884225e-12       3.992820790540e-13       0.000000000000e+00       1.053417805740e-15       1.606928577087e-16       4.822108754195e-17 
 1583       6.022485167229e-11       3.180627080512e-12       3.324615054328e-13       0.000000000000e+00       1.050708032653e-15       1.580826326056e-16       4.826425766272e-17 
 1584       5.992088617516e-11       3.188409963172e-12       2.649870881550e-13       0.000000000000e+00       1.048006640031e-15       1.554693917021e-16       4.830033951808e-17 
 1585       5.962287297107e-11       3.195819240362e-12       1.968895328067e-13       0.000000000000e+00       1.045313602895e-15       1.528543520758e-16       4.832944294224e-17 
 1586       5.933081210106e-11       3.202853619192e-12       1.281997077086e-13       0.000000000000e+00       1.042628895931e-15       1.502387369244e-16       4.835167842556e-17 
 1587       5.904470351269e-11       3.209511805730e-12       5.894864417634e-14       0.000000000000e+00       1.039952493497e-15       1.476237755753e-16       4.836715711558e-17 
 1588       5.876454705979e-11       3.215792504997e-12      -1.083246321963e-14       0.000000000000e+00       1.037284369614e-15       1.450107034953e-16       4.837599081816e-17 
 1589       5.849034250230e-11       3.221694420978e-12      -8.111225639361e-14       0.000000000000e+00       1.034624497972e-15       1.424007623001e-16       4.837829199857e-17 
 1590       5.822208950603e-11       3.227216256613e-12      -1.518592134846e-13       0.000000000000e+00       1.031972851926e-15       1.397951997639e-16       4.837417378253e-17 
 1591       5.795978764251e-11       3.232356713805e-12      -2.230416485962e-13       0.000000000000e+00       1.029329404493e-15       1.371952698293e-16       4.836374995734e-17 
 1592       5.770343638875e-11       3.237114493419e-12      -2.946277115362e-13       0.000000000000e+00       1.026694128360e-15       1.346022326165e-16       4.834713497296e-17 
 1593       5.745303512705e-11       3.241488295284e-12      -3.665853875567e-13       0.000000000000e+00       1.024066995871e-15       1.320173544332e-16       4.832444394309e-17 
 1594       5.720858314483e-11       3.245476818193e-12      -4.388824970939e-13       0.000000000000e+00       1.021447979038e-15       1.294419077842e-16       4.829579264625e-17 
 1595       5.697007963439e-11       3.249078759905e-12      -5.114866955078e-13       0.000000000000e+00       1.018837049533e-15       1.268771713808e-16       4.826129752689e-17 
 1596       5.673752369274e-11       3.252292817147e-12      -5.843654728219e-13       0.000000000000e+00       1.016234178690e-15       1.243244301509e-16       4.822107569646e-17 
 1597       5.651091432138e-11       3.255117685614e-12      -6.574861534636e-13       0.000000000000e+00       1.013639337505e-15       1.217849752479e-16       4.817524493450e-17 
 1598       5.629025042612e-11       3.257552059969e-12      -7.308158960035e-13       0.000000000000e+00       1.011052496632e-15       1.192601040609e-16       4.812392368974e-17 
 1599       5.607553081688e-11       3.259594633850e-12      -8.043216928952e-13       0.000000000000e+00       1.008473626386e-15       1.167511202243e-16       4.806723108117e-17 
 1600       5.586675420746e-11       3.261244099863e-12      -8.779703702158e-13       0.000000000000e+00       1.005902696742e-15       1.142593336268e-16       4.800528689913e-17 
 1601       5.566391921539e-11       3.262499149591e-12      -9.517285874049e-13       0.000000000000e+00       1.003339677332e-15       1.117860604220e-16       4.793821160642e-17 
 1602       5.546702436169e-11       3.263358473589e-12      -1.025562837005e-12       0.000000000000e+00       1.000784537446e-15       1.093326230370e-16       4.786612633936e-17 
 1603       5.527606807071e-11       3.263820761389e-12      -1.099439444401e-12       0.000000000000e+00       9.982372460303e-16       1.069003501828e-16       4.778915290888e-17 
 1604       5.509104866987e-11       3.263884701503e-12      -1.173324567560e-12       0.000000000000e+00       9.956977716893e-16       1.044905768635e-16       4.770741380164e-17 
 1605       5.491196438954e-11       3.263548981416e-12      -1.247184196773e-12       0.000000000000e+00       9.931660826818e-16       1.021046443861e-16       4.762103218107e-17 
 1606       5.473881336278e-11       3.262812287598e-12      -1.320984154390e-12       0.000000000000e+00       9.906421469220e-16       9.974390036993e-17       4.753013188849e-17 
 1607       5.457159362515e-11       3.261673305497e-12      -1.394690094565e-12       0.000000000000e+00       9.881259319785e-16       9.740969875653e-17       4.743483744420e-17 
 1608       5.441030311455e-11       3.260130719544e-12      -1.468267502993e-12       0.000000000000e+00       9.856174050735e-16       9.510339981903e-17       4.733527404853e-17 
 1609       5.425493967097e-11       3.258183213155e-12      -1.541681696652e-12       0.000000000000e+00       9.831165330826e-16       9.282637017188e-17       4.723156758299e-17 
 1610       5.410550103634e-11       3.255829468728e-12      -1.614897823540e-12       0.000000000000e+00       9.806232825335e-16       9.057998278046e-17       4.712384461129e-17 
 1611       5.396198485427e-11       3.253068167650e-12      -1.687880862416e-12       0.000000000000e+00       9.781376196059e-16       8.836561697068e-17       4.701223238047e-17 
 1612       5.382438866993e-11       3.249897990293e-12      -1.760595622540e-12       0.000000000000e+00       9.756595101305e-16       8.618465843859e-17       4.689685882198e-17 
 1613       5.369270992977e-11       3.246317616019e-12      -1.833006743415e-12       0.000000000000e+00       9.731889195885e-16       8.403849926003e-17       4.677785255277e-17 
 1614       5.356694598138e-11       3.242325723179e-12      -1.905078694521e-12       0.000000000000e+00       9.707258131109e-16       8.192853790022e-17       4.665534287636e-17 
 1615       5.344709407327e-11       3.237920989117e-12      -1.976775775064e-12       0.000000000000e+00       9.682701554779e-16       7.985617922337e-17       4.652945978394e-17 
 1616       5.333315135465e-11       3.233102090165e-12      -2.048062113704e-12       0.000000000000e+00       9.658219111181e-16       7.782283450233e-17       4.640033395547e-17 
 1617       5.322511487529e-11       3.227867701654e-12      -2.118901668307e-12       0.000000000000e+00       9.633810441078e-16       7.582992142819e-17       4.626809676075e-17 
 1618       5.312298158526e-11       3.222216497906e-12      -2.189258225674e-12       0.000000000000e+00       9.609475181709e-16       7.387886411986e-17       4.613288026049e-17 
 1619       5.302673576620e-11       3.216148222242e-12      -2.259098911378e-12       0.000000000000e+00       9.585213000051e-16       7.197073770507e-17       4.599479571860e-17 
 1620       5.293631120130e-11       3.209666907554e-12      -2.328404754447e-12       0.000000000000e+00       9.561023692987e-16       7.010519853123e-17       4.585386892428e-17 
 1621       5.285162866309e-11       3.202777684838e-12      -2.397160217620e-12       0.000000000000e+00       9.536907088033e-16       6.828154430684e-17       4.571010428760e-17 
 1622       5.277260845021e-11       3.195485715880e-12      -2.465349695833e-12       0.000000000000e+00       9.512863010138e-16       6.649906864626e-17       4.556350627546e-17 
 1623       5.269917038658e-11       3.187796193308e-12      -2.532957516108e-12       0.000000000000e+00       9.488891281684e-16       6.475706106303e-17       4.541407941166e-17 
 1624       5.263123382070e-11       3.179714340643e-12      -2.599967937461e-12       0.000000000000e+00       9.464991722472e-16       6.305480696321e-17       4.526182827703e-17 
 1625       5.256871762481e-11       3.171245412346e-12      -2.666365150802e-12       0.000000000000e+00       9.441164149727e-16       6.139158763879e-17       4.510675750948e-17 
 1626       5.251154019417e-11       3.162394693874e-12      -2.732133278832e-12       0.000000000000e+00       9.417408378085e-16       5.976668026100e-17       4.494887180420e-17 
 1627       5.245961944624e-11       3.153167501725e-12      -2.797256375945e-12       0.000000000000e+00       9.393724219593e-16       5.817935787368e-17       4.478817591366e-17 
 1628       5.241287281994e-11       3.143569183489e-12      -2.861718428130e-12       0.000000000000e+00       9.370111483700e-16       5.662888938662e-17       4.462467464779e-17 
 1629       5.237121727487e-11       3.133605117901e-12      -2.925503352869e-12       0.000000000000e+00       9.346569977255e-16       5.511453956895e-17       4.445837287405e-17 
 1630       5.233456929051e-11       3.123280714888e-12      -2.988594999039e-12       0.000000000000e+00       9.323099504502e-16       5.363556904246e-17       4.428927551754e-17 
 1631       5.230284486549e-11       3.112601415622e-12      -3.050977146812e-12       0.000000000000e+00       9.299699867071e-16       5.219123427497e-17       4.411738756110e-17 
 1632       5.227595951676e-11       3.101572692568e-12      -3.112633507556e-12       0.000000000000e+00       9.276370863978e-16       5.078078757371e-17       4.394271404544e-17 
 1633       5.225382827888e-11       3.090200049534e-12      -3.173547723733e-12       0.000000000000e+00       9.253112291617e-16       4.940347707861e-17       4.376526006921e-17 
 1634       5.223636570319e-11       3.078489021724e-12      -3.233703368804e-12       0.000000000000e+00       9.229923943757e-16       4.805854675573e-17       4.358503078912e-17 
 1635       5.222348585708e-11       3.066445175787e-12      -3.293083947123e-12       0.000000000000e+00       9.206805611534e-16       4.674523639056e-17       4.340203142005e-17 
 1636       5.221510232318e-11       3.054074109864e-12      -3.351672893846e-12       0.000000000000e+00       9.183757083447e-16       4.546278158140e-17       4.321626723515e-17 
 1637       5.221112819860e-11       3.041381453642e-12      -3.409453574822e-12       0.000000000000e+00       9.160778145356e-16       4.421041373272e-17       4.302774356593e-17 
 1638       5.221147609417e-11       3.028372868405e-12      -3.466409286501e-12       0.000000000000e+00       9.137868580472e-16       4.298736004849e-17       4.283646580238e-17 
 1639       5.221605813365e-11       3.015054047080e-12      -3.522523255830e-12       0.000000000000e+00       9.115028169357e-16       4.179284352558e-17       4.264243939309e-17 
 1640       5.222478595296e-11       3.001430714291e-12      -3.577778640155e-12       0.000000000000e+00       9.092256689915e-16       4.062608294705e-17       4.244566984531e-17 
 1641       5.223757069939e-11       2.987508626405e-12      -3.632158527122e-12       0.000000000000e+00       9.069553917388e-16       3.948629287558e-17       4.224616272510e-17 
 1642       5.225432303087e-11       2.973293571589e-12      -3.685645934576e-12       0.000000000000e+00       9.046919624352e-16       3.837268364676e-17       4.204392365741e-17 
 1643       5.227495311515e-11       2.958791369854e-12      -3.738223810463e-12       0.000000000000e+00       9.024353580712e-16       3.728446136249e-17       4.183895832619e-17 
 1644       5.229937062905e-11       2.944007873106e-12      -3.789875032728e-12       0.000000000000e+00       9.001855553693e-16       3.622082788430e-17       4.163127247448e-17 
 1645       5.232748475767e-11       2.928948965200e-12      -3.840582409220e-12       0.000000000000e+00       8.979425307844e-16       3.518098082675e-17       4.142087190455e-17 
 1646       5.235920419364e-11       2.913620561986e-12      -3.890328677586e-12       0.000000000000e+00       8.957062605021e-16       3.416411355074e-17       4.120776247796e-17 
 1647       5.239443713632e-11       2.898028611363e-12      -3.939096505177e-12       0.000000000000e+00       8.934767204392e-16       3.316941515688e-17       4.099195011571e-17 
 1648       5.243309129105e-11       2.882179093325e-12      -3.986868488946e-12       0.000000000000e+00       8.912538862427e-16       3.219607047886e-17       4.077344079831e-17 
 1649       5.247507386836e-11       2.866078020016e-12      -4.033627155349e-12       0.000000000000e+00       8.890377332894e-16       3.124326007680e-17       4.055224056589e-17 
 1650       5.252029158319e-11       2.849731435774e-12      -4.079354960244e-12       0.000000000000e+00       8.868282366854e-16       3.031016023059e-17       4.032835551833e-17 
 1651       5.256865065415e-11       2.833145417187e-12      -4.124034288793e-12       0.000000000000e+00       8.846253712655e-16       2.939594293326e-17       4.010179181531e-17 
 1652       5.262005680268e-11       2.816326073143e-12      -4.167647455365e-12       0.000000000000e+00       8.824291115931e-16       2.849977588432e-17       3.987255567649e-17 
 1653       5.267441525237e-11       2.799279544874e-12      -4.210176703428e-12       0.000000000000e+00       8.802394319589e-16       2.762082248314e-17       3.964065338155e-17 
 1654       5.273163072809e-11       2.782012006014e-12      -4.251604205460e-12       0.000000000000e+00       8.780563063813e-16       2.675824182229e-17       3.940609127031e-17 
 1655       5.279160745529e-11       2.764529662644e-12      -4.291912062842e-12       0.000000000000e+00       8.758797086053e-16       2.591118868088e-17       3.916887574287e-17 
 1656       5.285424915919e-11       2.746838753343e-12      -4.331082305761e-12       0.000000000000e+00       8.737096121022e-16       2.507881351796e-17       3.892901325967e-17 
 1657       5.291945906400e-11       2.728945549243e-12      -4.369096893109e-12       0.000000000000e+00       8.715459900690e-16       2.426026246581e-17       3.868651034160e-17 
 1658       5.298713989216e-11       2.710856354070e-12      -4.405937712389e-12       0.000000000000e+00       8.693888154281e-16       2.345467732338e-17       3.844137357015e-17 
 1659       5.305719386358e-11       2.692577504203e-12      -4.441586579605e-12       0.000000000000e+00       8.672380608265e-16       2.266119554955e-17       3.819360958743e-17 
 1660       5.312952269484e-11       2.674115368720e-12      -4.476025239174e-12       0.000000000000e+00       8.650936986356e-16       2.187895025656e-17       3.794322509638e-17 
 1661       5.320402759843e-11       2.655476349449e-12      -4.509235363817e-12       0.000000000000e+00       8.629557009504e-16       2.110707020334e-17       3.769022686078e-17 
 1662       5.328060928197e-11       2.636666881019e-12      -4.541198554466e-12       0.000000000000e+00       8.608240395893e-16       2.034467978884e-17       3.743462170542e-17 
 1663       5.335916794743e-11       2.617693430906e-12      -4.571896340160e-12       0.000000000000e+00       8.586986860933e-16       1.959089904543e-17       3.717641651614e-17 
 1664       5.343960329038e-11       2.598562499491e-12      -4.601310177949e-12       0.000000000000e+00       8.565796117258e-16       1.884484363223e-17       3.691561824001e-17 
 1665       5.352181449919e-11       2.579280620102e-12      -4.629421452792e-12       0.000000000000e+00       8.544667874717e-16       1.810562482847e-17       3.665223388539e-17 
 1666       5.360570025427e-11       2.559854359072e-12      -4.656211477457e-12       0.000000000000e+00       8.523601840373e-16       1.737234952684e-17       3.638627052202e-17 
 1667       5.369115872730e-11       2.540290315781e-12      -4.681661492423e-12       0.000000000000e+00       8.502597718496e-16       1.664412022685e-17       3.611773528116e-17 
 1668       5.377809177656e-11       2.520595065946e-12      -4.705757090690e-12       0.000000000000e+00       8.481655236962e-16       1.592023198859e-17       3.584664171549e-17 
 1669       5.386641757480e-11       2.500774990825e-12      -4.728501534844e-12       0.000000000000e+00       8.460774226716e-16       1.520076519660e-17       3.557302893959e-17 
 1670       5.395605809060e-11       2.480836446611e-12      -4.749902556601e-12       0.000000000000e+00       8.439954542997e-16       1.448599798214e-17       3.529694265755e-17 
 1671       5.404693490172e-11       2.460785821111e-12      -4.769967942591e-12       0.000000000000e+00       8.419196038992e-16       1.377620973651e-17       3.501842881878e-17 
 1672       5.413896919450e-11       2.440629533799e-12      -4.788705534452e-12       0.000000000000e+00       8.398498565832e-16       1.307168111291e-17       3.473753361840e-17 
 1673       5.423208176326e-11       2.420374035854e-12      -4.806123228919e-12       0.000000000000e+00       8.377861972590e-16       1.237269402829e-17       3.445430349759e-17 
 1674       5.432619300971e-11       2.400025810219e-12      -4.822228977912e-12       0.000000000000e+00       8.357286106276e-16       1.167953166518e-17       3.416878514402e-17 
 1675       5.442122294236e-11       2.379591371639e-12      -4.837030788635e-12       0.000000000000e+00       8.336770811830e-16       1.099247847354e-17       3.388102549217e-17 
 1676       5.451709117593e-11       2.359077266714e-12      -4.850536723660e-12       0.000000000000e+00       8.316315932123e-16       1.031182017262e-17       3.359107172376e-17 
 1677       5.461371693075e-11       2.338490073947e-12      -4.862754901021e-12       0.000000000000e+00       8.295921307953e-16       9.637843752792e-18       3.329897126807e-17 
 1678       5.471101903217e-11       2.317836403788e-12      -4.873693494306e-12       0.000000000000e+00       8.275586778035e-16       8.970837477387e-18       3.300477180238e-17 
 1679       5.480891590998e-11       2.297122898687e-12      -4.883360732746e-12       0.000000000000e+00       8.255312179003e-16       8.311090884560e-18       3.270852125232e-17 
 1680       5.490732559779e-11       2.276356233136e-12      -4.891764901307e-12       0.000000000000e+00       8.235097345406e-16       7.658894789124e-18       3.241026779224e-17 
 1681       5.500616573244e-11       2.255543113723e-12      -4.898914340784e-12       0.000000000000e+00       8.214942109700e-16       7.014541284395e-18       3.211005984560e-17 
 1682       5.510535355345e-11       2.234690279172e-12      -4.904817447887e-12       0.000000000000e+00       8.194846302247e-16       6.378323744041e-18       3.180794608536e-17 
 1683       5.520480590236e-11       2.213804500400e-12      -4.909482675336e-12       0.000000000000e+00       8.174809751312e-16       5.750536823926e-18       3.150397543433e-17 
 1684       5.530443922219e-11       2.192892580556e-12      -4.912918531950e-12       0.000000000000e+00       8.154832283055e-16       5.131476463953e-18       3.119819706557e-17 
 1685       5.540416955684e-11       2.171961355076e-12      -4.915133582741e-12       0.000000000000e+00       8.134913721534e-16       4.521439889914e-18       3.089066040276e-17 
 1686       5.550391255045e-11       2.151017691726e-12      -4.916136449001e-12       0.000000000000e+00       8.115053888692e-16       3.920725615330e-18       3.058141512059e-17 
 1687       5.560358344688e-11       2.130068490651e-12      -4.915935808399e-12       0.000000000000e+00       8.095252604362e-16       3.329633443300e-18       3.027051114512e-17 
 1688       5.570309708906e-11       2.109120684423e-12      -4.914540395064e-12       0.000000000000e+00       8.075509686256e-16       2.748464468345e-18       2.995799865418e-17 
 1689       5.580236791841e-11       2.088181238089e-12      -4.911958999684e-12       0.000000000000e+00       8.055824949965e-16       2.177521078254e-18       2.964392807772e-17 
 1690       5.590130997426e-11       2.067257149220e-12      -4.908200469594e-12       0.000000000000e+00       8.036198208957e-16       1.617106955927e-18       2.932835009822e-17 
 1691       5.599983689326e-11       2.046355447955e-12      -4.903273708866e-12       0.000000000000e+00       8.016629274566e-16       1.067527081224e-18       2.901131565106e-17 
 1692       5.609786190877e-11       2.025483197054e-12      -4.897187678402e-12       0.000000000000e+00       7.997117955994e-16       5.290877328066e-19       2.869287592486e-17 
 1693       5.619529785026e-11       2.004647491939e-12      -4.889951396024e-12       0.000000000000e+00       7.977664060308e-16       2.096489985215e-21       2.837308236194e-17 
 1694       5.629205714275e-11       1.983855460748e-12      -4.881573936566e-12       0.000000000000e+00       7.958267392431e-16      -5.131377654354e-19       2.805198665861e-17 
 1695       5.638805180619e-11       1.963114264381e-12      -4.872064431965e-12       0.000000000000e+00       7.938927755140e-16      -1.016304847312e-18       2.772964076560e-17 
 1696       5.648319345487e-11       1.942431096546e-12      -4.861432071351e-12       0.000000000000e+00       7.919644949065e-16      -1.507093263316e-18       2.740609688843e-17 
 1697       5.657739329684e-11       1.921813183809e-12      -4.849686101142e-12       0.000000000000e+00       7.900418772682e-16      -1.985190213090e-18       2.708140748780e-17 
 1698       5.667056213329e-11       1.901267785638e-12      -4.836835825129e-12       0.000000000000e+00       7.881249022310e-16      -2.450281586402e-18       2.675562527992e-17 
 1699       5.676261035800e-11       1.880802194457e-12      -4.822890604572e-12       0.000000000000e+00       7.862135492106e-16      -2.902051961299e-18       2.642880323696e-17 
 1700       5.685344795671e-11       1.860423735688e-12      -4.807859858290e-12       0.000000000000e+00       7.843077974065e-16      -3.340184602263e-18       2.610099458736e-17 
 1701       5.694298450653e-11       1.840139767801e-12      -4.791753062751e-12       0.000000000000e+00       7.824076258010e-16      -3.764361458364e-18       2.577225281626e-17 
 1702       5.703112917538e-11       1.819957682363e-12      -4.774579752165e-12       0.000000000000e+00       7.805130131593e-16      -4.174263161418e-18       2.544263166585e-17 
 1703       5.711779072135e-11       1.799884904084e-12      -4.756349518574e-12       0.000000000000e+00       7.786239380289e-16      -4.569569024138e-18       2.511218513576e-17 
 1704       5.720287749213e-11       1.779928890865e-12      -4.737072011942e-12       0.000000000000e+00       7.767403787394e-16      -4.949957038291e-18       2.478096748344e-17 
 1705       5.728629742442e-11       1.760097133845e-12      -4.716756940250e-12       0.000000000000e+00       7.748623134017e-16      -5.315103872853e-18       2.444903322452e-17 
 1706       5.736795804336e-11       1.740397157452e-12      -4.695414069583e-12       0.000000000000e+00       7.729897199081e-16      -5.664684872160e-18       2.411643713322e-17 
 1707       5.744776646186e-11       1.720836519447e-12      -4.673053224222e-12       0.000000000000e+00       7.711225759316e-16      -5.998374054068e-18       2.378323424269e-17 
 1708       5.752562938011e-11       1.701422810974e-12      -4.649684286739e-12       0.000000000000e+00       7.692608589255e-16      -6.315844108105e-18       2.344947984544e-17 
 1709       5.760145308488e-11       1.682163656607e-12      -4.625317198083e-12       0.000000000000e+00       7.674045461233e-16      -6.616766393626e-18       2.311522949366e-17 
 1710       5.767514344904e-11       1.663066714398e-12      -4.599961957673e-12       0.000000000000e+00       7.655536145379e-16      -6.900810937965e-18       2.278053899965e-17 
 1711       5.774660593085e-11       1.644139675923e-12      -4.573628623491e-12       0.000000000000e+00       7.637080409616e-16      -7.167646434596e-18       2.244546443615e-17 
 1712       5.781574557347e-11       1.625390266335e-12      -4.546327312172e-12       0.000000000000e+00       7.618678019654e-16      -7.416940241283e-18       2.211006213676e-17 
 1713       5.788246700429e-11       1.606826244404e-12      -4.518068199092e-12       0.000000000000e+00       7.600328738988e-16      -7.648358378234e-18       2.177438869632e-17 
 1714       5.794667443439e-11       1.588455402571e-12      -4.488861518467e-12       0.000000000000e+00       7.582032328893e-16      -7.861565526260e-18       2.143850097122e-17 
 1715       5.800827165792e-11       1.570285566995e-12      -4.458717563433e-12       0.000000000000e+00       7.563788548421e-16      -8.056225024925e-18       2.110245607989e-17 
 1716       5.806716205151e-11       1.552324597596e-12      -4.427646686150e-12       0.000000000000e+00       7.545597154397e-16      -8.231998870706e-18       2.076631140308e-17 
 1717       5.812326250541e-11       1.534579427650e-12      -4.395660888193e-12       0.000000000000e+00       7.527457922579e-16      -8.388639472808e-18       2.043011656829e-17 
 1718       5.817654534799e-11       1.517053173503e-12      -4.362778606406e-12       0.000000000000e+00       7.509370711354e-16      -8.526265779374e-18       2.009388932742e-17 
 1719       5.822699677732e-11       1.499748000320e-12      -4.329019968020e-12       0.000000000000e+00       7.491335398577e-16      -8.645089500659e-18       1.975763947431e-17 
 1720       5.827460296184e-11       1.482666080315e-12      -4.294405204194e-12       0.000000000000e+00       7.473351860452e-16      -8.745323566826e-18       1.942137684211e-17 
 1721       5.831935004035e-11       1.465809592763e-12      -4.258954650175e-12       0.000000000000e+00       7.455419971533e-16      -8.827182129831e-18       1.908511130336e-17 
 1722       5.836122412197e-11       1.449180724005e-12      -4.222688745454e-12       0.000000000000e+00       7.437539604714e-16      -8.890880565315e-18       1.874885277002e-17 
 1723       5.840021128611e-11       1.432781667460e-12      -4.185628033919e-12       0.000000000000e+00       7.419710631233e-16      -8.936635474488e-18       1.841261119353e-17 
 1724       5.843629758247e-11       1.416614623631e-12      -4.147793164013e-12       0.000000000000e+00       7.401932920664e-16      -8.964664686020e-18       1.807639656485e-17 
 1725       5.846946903096e-11       1.400681800116e-12      -4.109204888889e-12       0.000000000000e+00       7.384206340916e-16      -8.975187257923e-18       1.774021891457e-17 
 1726       5.849971162175e-11       1.384985411615e-12      -4.069884066567e-12       0.000000000000e+00       7.366530758231e-16      -8.968423479444e-18       1.740408831285e-17 
 1727       5.852701131517e-11       1.369527679940e-12      -4.029851660088e-12       0.000000000000e+00       7.348906037178e-16      -8.944594872950e-18       1.706801486961e-17 
 1728       5.855135404172e-11       1.354310834021e-12      -3.989128737670e-12       0.000000000000e+00       7.331332040652e-16      -8.903924195813e-18       1.673200873445e-17 
 1729       5.857272570204e-11       1.339337109919e-12      -3.947736472869e-12       0.000000000000e+00       7.313808629870e-16      -8.846635442305e-18       1.639608009682e-17 
 1730       5.859111216689e-11       1.324608750831e-12      -3.905696144726e-12       0.000000000000e+00       7.296335664371e-16      -8.772953845477e-18       1.606023918597e-17 
 1731       5.860649927712e-11       1.310128007101e-12      -3.863029137929e-12       0.000000000000e+00       7.278913002007e-16      -8.683105879050e-18       1.572449627109e-17 
 1732       5.861887284361e-11       1.295897136226e-12      -3.819756942968e-12       0.000000000000e+00       7.261540498945e-16      -8.577319259304e-18       1.538886166130e-17 
 1733       5.862821864731e-11       1.281918402869e-12      -3.775901156289e-12       0.000000000000e+00       7.244218009663e-16      -8.455822946965e-18       1.505334570573e-17 
 1734       5.863452243915e-11       1.268194078863e-12      -3.731483480454e-12       0.000000000000e+00       7.226945386945e-16      -8.318847149089e-18       1.471795879357e-17 
 1735       5.863776994005e-11       1.254726443222e-12      -3.686525724290e-12       0.000000000000e+00       7.209722481880e-16      -8.166623320953e-18       1.438271135411e-17 
 1736       5.863794684089e-11       1.241517782152e-12      -3.641049803050e-12       0.000000000000e+00       7.192549143859e-16      -7.999384167942e-18       1.404761385681e-17 
 1737       5.863503880247e-11       1.228570389054e-12      -3.595077738571e-12       0.000000000000e+00       7.175425220570e-16      -7.817363647435e-18       1.371267681135e-17 
 1738       5.862903145549e-11       1.215886564538e-12      -3.548631659421e-12       0.000000000000e+00       7.158350557995e-16      -7.620796970696e-18       1.337791076768e-17 
 1739       5.861991040053e-11       1.203468616427e-12      -3.501733801065e-12       0.000000000000e+00       7.141325000411e-16      -7.409920604755e-18       1.304332631605e-17 
 1740       5.860766120802e-11       1.191318859773e-12      -3.454406506014e-12       0.000000000000e+00       7.124348390382e-16      -7.184972274301e-18       1.270893408710e-17 
 1741       5.859226941821e-11       1.179439616855e-12      -3.406672223983e-12       0.000000000000e+00       7.107420568759e-16      -6.946190963570e-18       1.237474475189e-17 
 1742       5.857372054115e-11       1.167833217199e-12      -3.358553512048e-12       0.000000000000e+00       7.090541374674e-16      -6.693816918228e-18       1.204076902196e-17 
 1743       5.855200005664e-11       1.156501997578e-12      -3.310073034801e-12       0.000000000000e+00       7.073710645542e-16      -6.428091647260e-18       1.170701764937e-17 
 1744       5.852709341425e-11       1.145448302026e-12      -3.261253564504e-12       0.000000000000e+00       7.056928217051e-16      -6.149257924861e-18       1.137350142677e-17 
 1745       5.849898603325e-11       1.134674481844e-12      -3.212117981249e-12       0.000000000000e+00       7.040193923168e-16      -5.857559792320e-18       1.104023118745e-17 
 1746       5.846766330261e-11       1.124182895608e-12      -3.162689273110e-12       0.000000000000e+00       7.023507596125e-16      -5.553242559905e-18       1.070721780538e-17 
 1747       5.843311058096e-11       1.113975909181e-12      -3.112990536300e-12       0.000000000000e+00       7.006869066425e-16      -5.236552808759e-18       1.037447219526e-17 
 1748       5.839531319657e-11       1.104055895720e-12      -3.063044975328e-12       0.000000000000e+00       6.990278162836e-16      -4.907738392778e-18       1.004200531260e-17 
 1749       5.835425644732e-11       1.094425235683e-12      -3.012875903153e-12       0.000000000000e+00       6.973734712386e-16      -4.567048440506e-18       9.709828153754e-18 
 1750       5.830992560068e-11       1.085086316840e-12      -2.962506741342e-12       0.000000000000e+00       6.957238540363e-16      -4.214733357015e-18       9.377951755957e-18 
 1751       5.826230589366e-11       1.076041534282e-12      -2.911961020225e-12       0.000000000000e+00       6.940789470309e-16      -3.851044825801e-18       9.046387197406e-18 
 1752       5.821138253283e-11       1.067293290427e-12      -2.861262379050e-12       0.000000000000e+00       6.924387324019e-16      -3.476235810664e-18       8.715145597298e-18 
 1753       5.815714069425e-11       1.058843995030e-12      -2.810434566139e-12       0.000000000000e+00       6.908031921538e-16      -3.090560557600e-18       8.384238115883e-18 
 1754       5.809956552346e-11       1.050696065193e-12      -2.759501439044e-12       0.000000000000e+00       6.891723081158e-16      -2.694274596687e-18       8.053675954517e-18 
 1755       5.803864213546e-11       1.042851925374e-12      -2.708486964706e-12       0.000000000000e+00       6.875460619412e-16      -2.287634743972e-18       7.723470355719e-18 
 1756       5.797435561467e-11       1.035314007390e-12      -2.657415219605e-12       0.000000000000e+00       6.859244351075e-16      -1.870899103359e-18       7.393632603217e-18 
 1757       5.790669101493e-11       1.028084750435e-12      -2.606310389920e-12       0.000000000000e+00       6.843074089160e-16      -1.444327068498e-18       7.064174022004e-18 
 1758       5.783563335941e-11       1.021166601081e-12      -2.555196771684e-12       0.000000000000e+00       6.826949644912e-16      -1.008179324669e-18       6.735105978390e-18 
 1759       5.776116764069e-11       1.014562013290e-12      -2.504098770940e-12       0.000000000000e+00       6.810870827809e-16      -5.627178506717e-19       6.406439880055e-18 
 1760       5.768327882062e-11       1.008273448422e-12      -2.453040903896e-12       0.000000000000e+00       6.794837445557e-16      -1.082059207139e-19       6.078187176100e-18 
 1761       5.760195183036e-11       1.002303375244e-12      -2.402047797082e-12       0.000000000000e+00       6.778849304085e-16       3.550918937031e-19       5.750359357100e-18 
 1762       5.751717157036e-11       9.966542699379e-13      -2.351144187504e-12       0.000000000000e+00       6.762906207546e-16       8.269097218959e-19       5.422967955158e-18 
 1763       5.742892291029e-11       9.913286161111e-13      -2.300354922802e-12       0.000000000000e+00       6.747007958312e-16       1.306980392112e-18       5.096024543954e-18 
 1764       5.733719068905e-11       9.863289048028e-13      -2.249704961404e-12       0.000000000000e+00       6.731154356970e-16       1.795035429641e-18       4.769540738802e-18 
 1765       5.724195971471e-11       9.816576344943e-13      -2.199219372686e-12       0.000000000000e+00       6.715345202320e-16       2.290805054930e-18       4.443528196700e-18 
 1766       5.714322510037e-11       9.773163810780e-13      -2.148921348746e-12       0.000000000000e+00       6.699580308501e-16       2.794056923833e-18       4.118009006788e-18 
 1767       5.704102336529e-11       9.733029993240e-13      -2.098826221426e-12       0.000000000000e+00       6.683859556523e-16       3.304712703147e-18       3.793046955762e-18 
 1768       5.693540159141e-11       9.696143982432e-13      -2.048947396028e-12       0.000000000000e+00       6.668182843155e-16       3.822732457236e-18       3.468716521625e-18 
 1769       5.682640711121e-11       9.662474689940e-13      -1.999298335274e-12       0.000000000000e+00       6.652550063834e-16       4.348075993169e-18       3.145092507243e-18 
 1770       5.671408750813e-11       9.631990848557e-13      -1.949892559380e-12       0.000000000000e+00       6.636961112661e-16       4.880702860324e-18       2.822250040803e-18 
 1771       5.659849061691e-11       9.604661012012e-13      -1.900743646140e-12       0.000000000000e+00       6.621415882400e-16       5.420572349987e-18       2.500264576259e-18 
 1772       5.647966452398e-11       9.580453554700e-13      -1.851865231002e-12       0.000000000000e+00       6.605914264473e-16       5.967643494958e-18       2.179211893786e-18 
 1773       5.635765756782e-11       9.559336671408e-13      -1.803271007148e-12       0.000000000000e+00       6.590456148963e-16       6.521875069153e-18       1.859168100235e-18 
 1774       5.623251833936e-11       9.541278377051e-13      -1.754974725577e-12       0.000000000000e+00       6.575041424606e-16       7.083225587204e-18       1.540209629580e-18 
 1775       5.610429568229e-11       9.526246506394e-13      -1.706990195178e-12       0.000000000000e+00       6.559669978791e-16       7.651653304063e-18       1.222413243374e-18 
 1776       5.597303869349e-11       9.514208713785e-13      -1.659331282816e-12       0.000000000000e+00       6.544341697558e-16       8.227116214604e-18       9.058560312006e-19 
 1777       5.583879672338e-11       9.505132472886e-13      -1.612011913405e-12       0.000000000000e+00       6.529056465594e-16       8.809572053225e-18       5.906154111225e-19 
 1778       5.570161937628e-11       9.498985076398e-13      -1.565046069993e-12       0.000000000000e+00       6.513814166232e-16       9.398978293452e-18       2.767691301381e-19 
 1779       5.556155651079e-11       9.495733635793e-13      -1.518447793840e-12       0.000000000000e+00       6.498614681451e-16       9.995292147538e-18      -3.560473536907e-20 
 1780       5.541865824019e-11       9.495345081043e-13      -1.472231184493e-12       0.000000000000e+00       6.483457891866e-16       1.059847056607e-17      -3.464277791777e-19 
 1781       5.527297493274e-11       9.497786160348e-13      -1.426410399872e-12       0.000000000000e+00       6.468343676734e-16       1.120847023757e-17      -6.556212647765e-19 
 1782       5.512455721212e-11       9.503023439866e-13      -1.380999656346e-12       0.000000000000e+00       6.453271913948e-16       1.182524758808e-17      -9.631061249125e-19 
 1783       5.497345595779e-11       9.511023303445e-13      -1.336013228811e-12       0.000000000000e+00       6.438242480033e-16       1.244875878082e-17      -1.268802961139e-18 
 1784       5.481972230532e-11       9.521751952346e-13      -1.291465450773e-12       0.000000000000e+00       6.423255250146e-16       1.307895971570e-17      -1.572632043362e-18 
 1785       5.466340764680e-11       9.535175404980e-13      -1.247370714423e-12       0.000000000000e+00       6.408310098075e-16       1.371580602901e-17      -1.874513309392e-18 
 1786       5.450456363119e-11       9.551259496628e-13      -1.203743470722e-12       0.000000000000e+00       6.393406896230e-16       1.435925309298e-17      -2.174366364487e-18 
 1787       5.434324216473e-11       9.569969879182e-13      -1.160598229476e-12       0.000000000000e+00       6.378545515651e-16       1.500925601537e-17      -2.472110480905e-18 
 1788       5.417949541123e-11       9.591272020862e-13      -1.117949559415e-12       0.000000000000e+00       6.363725825994e-16       1.566576963910e-17      -2.767664597449e-18 
 1789       5.401337579255e-11       9.615131205955e-13      -1.075812088277e-12       0.000000000000e+00       6.348947695539e-16       1.632874854186e-17      -3.060947319015e-18 
 1790       5.384493598887e-11       9.641512534539e-13      -1.034200502883e-12       0.000000000000e+00       6.334210991181e-16       1.699814703567e-17      -3.351876916143e-18 
 1791       5.367422893913e-11       9.670380922212e-13      -9.931295492167e-13       0.000000000000e+00       6.319515578429e-16       1.767391916652e-17      -3.640371324560e-18 
 1792       5.350130784137e-11       9.701701099826e-13      -9.526140325079e-13       0.000000000000e+00       6.304861321405e-16       1.835601871396e-17      -3.926348144733e-18 
 1793       5.332622615309e-11       9.735437613211e-13      -9.126688173072e-13       0.000000000000e+00       6.290248082843e-16       1.904439919069e-17      -4.209724641415e-18 
 1794       5.314903759166e-11       9.771554822907e-13      -8.733088275678e-13       0.000000000000e+00       6.275675724080e-16       1.973901384219e-17      -4.490417743191e-18 
 1795       5.296979613467e-11       9.810016903894e-13      -8.345490467243e-13       0.000000000000e+00       6.261144105061e-16       2.043981564630e-17      -4.768344042029e-18 
 1796       5.278855602029e-11       9.850787845317e-13      -7.964045177723e-13       0.000000000000e+00       6.246653084334e-16       2.114675731284e-17      -5.043419792825e-18 
 1797       5.260537174765e-11       9.893831450221e-13      -7.588903433478e-13       0.000000000000e+00       6.232202519047e-16       2.185979128317e-17      -5.315560912955e-18 
 1798       5.242029807721e-11       9.939111335276e-13      -7.220216858064e-13       0.000000000000e+00       6.217792264944e-16       2.257886972986e-17      -5.584682981818e-18 
 1799       5.223339003116e-11       9.986590930510e-13      -6.858137673027e-13       0.000000000000e+00       6.203422176366e-16       2.330394455623e-17      -5.850701240389e-18 
 1800       5.204470289373e-11       1.003623347903e-12      -6.502818698700e-13       0.000000000000e+00       6.189092106248e-16       2.403496739601e-17      -6.113530590763e-18 
 1801       5.185429221162e-11       1.008800203677e-12      -6.154413354995e-13       0.000000000000e+00       6.174801906115e-16       2.477188961287e-17      -6.373085595704e-18 
 1802       5.166221379433e-11       1.014185947219e-12      -5.813075662196e-13       0.000000000000e+00       6.160551426079e-16       2.551466230009e-17      -6.629280478195e-18 
 1803       5.146852371457e-11       1.019776846604e-12      -5.478960241756e-13       0.000000000000e+00       6.146340514840e-16       2.626323628014e-17      -6.882029120984e-18 
 1804       5.127327830860e-11       1.025569151106e-12      -5.152222317087e-13       0.000000000000e+00       6.132169019681e-16       2.701756210426e-17      -7.131245066131e-18 
 1805       5.107653417659e-11       1.031559091173e-12      -4.833017714357e-13       0.000000000000e+00       6.118036786466e-16       2.777759005209e-17      -7.376841514559e-18 
 1806       5.087834818304e-11       1.037742878399e-12      -4.521502863283e-13       0.000000000000e+00       6.103943659637e-16       2.854327013125e-17      -7.618731325599e-18 
 1807       5.067877745712e-11       1.044116705495e-12      -4.217834797927e-13       0.000000000000e+00       6.089889482215e-16       2.931455207698e-17      -7.856827016540e-18 
 1808       5.047787939302e-11       1.050676746268e-12      -3.922171157485e-13       0.000000000000e+00       6.075874095792e-16       3.009138535170e-17      -8.091040762176e-18 
 1809       5.027571165038e-11       1.057419155585e-12      -3.634670187087e-13       0.000000000000e+00       6.061897340533e-16       3.087371914463e-17      -8.321284394354e-18 
 1810       5.007233215459e-11       1.064340069355e-12      -3.355490738587e-13       0.000000000000e+00       6.047959055173e-16       3.166150237140e-17      -8.547469401522e-18 
 1811       4.986779909723e-11       1.071435604495e-12      -3.084792271357e-13       0.000000000000e+00       6.034059077013e-16       3.245468367364e-17      -8.769506928279e-18 
 1812       4.966217093638e-11       1.078701858907e-12      -2.822734853085e-13       0.000000000000e+00       6.020197241918e-16       3.325321141859e-17      -8.987307774918e-18 
 1813       4.945550639705e-11       1.086134911449e-12      -2.569479160563e-13       0.000000000000e+00       6.006373384317e-16       3.405703369868e-17      -9.200782396979e-18 
 1814       4.924786447149e-11       1.093730821909e-12      -2.325186480488e-13       0.000000000000e+00       5.992587337197e-16       3.486609833118e-17      -9.409840904794e-18 
 1815       4.903930359852e-11       1.101485484558e-12      -2.089986399556e-13       0.000000000000e+00       5.978838946053e-16       3.568030477240e-17      -9.614421276022e-18 
 1816       4.882987919338e-11       1.109394187579e-12      -1.863879588360e-13       0.000000000000e+00       5.965128110865e-16       3.649935943727e-17      -9.814574242854e-18 
 1817       4.861964609869e-11       1.117452050032e-12      -1.646834235261e-13       0.000000000000e+00       5.951454744453e-16       3.732291921251e-17      -1.001037908832e-17 
 1818       4.840865940406e-11       1.125654167919e-12      -1.438818285557e-13       0.000000000000e+00       5.937818758557e-16       3.815063943392e-17      -1.020191549599e-17 
 1819       4.819697444645e-11       1.133995614152e-12      -1.239799441093e-13       0.000000000000e+00       5.924220063836e-16       3.898217388422e-17      -1.038926355058e-17 
 1820       4.798464681050e-11       1.142471438517e-12      -1.049745159885e-13       0.000000000000e+00       5.910658569863e-16       3.981717479096e-17      -1.057250373848e-17 
 1821       4.777173232885e-11       1.151076667647e-12      -8.686226557311e-14       0.000000000000e+00       5.897134185129e-16       4.065529282431e-17      -1.075171694839e-17 
 1822       4.755828708254e-11       1.159806304986e-12      -6.963988978365e-14       0.000000000000e+00       5.883646817034e-16       4.149617709496e-17      -1.092698447184e-17 
 1823       4.734436740129e-11       1.168655330758e-12      -5.330406104254e-14       0.000000000000e+00       5.870196371889e-16       4.233947515192e-17      -1.109838800379e-17 
 1824       4.713002986388e-11       1.177618701932e-12      -3.785142723611e-14       0.000000000000e+00       5.856782754914e-16       4.318483298042e-17      -1.126600964320e-17 
 1825       4.691533129845e-11       1.186691352194e-12      -2.327861167632e-14       0.000000000000e+00       5.843405870237e-16       4.403189499975e-17      -1.142993189362e-17 
 1826       4.670032878291e-11       1.195868191912e-12      -9.582213062557e-15       0.000000000000e+00       5.830065620888e-16       4.488030406108e-17      -1.159023766373e-17 
 1827       4.648507964521e-11       1.205144108103e-12       3.241194556655e-15       0.000000000000e+00       5.816761908802e-16       4.572970144537e-17      -1.174701026797e-17 
 1828       4.626964146371e-11       1.214513964402e-12       1.519506182184e-14       0.000000000000e+00       5.803494634815e-16       4.657972686116e-17      -1.190033342704e-17 
 1829       4.605407206755e-11       1.223972601028e-12       2.628286410083e-14       0.000000000000e+00       5.790263698660e-16       4.743001844245e-17      -1.205029126857e-17 
 1830       4.583842953692e-11       1.233514834755e-12       3.650810152700e-14       0.000000000000e+00       5.777068998972e-16       4.828021274656e-17      -1.219696832759e-17 
 1831       4.562277220349e-11       1.243135458875e-12       4.587429903746e-14       0.000000000000e+00       5.763910433275e-16       4.912994475199e-17      -1.234044954719e-17 
 1832       4.540715865068e-11       1.252829243169e-12       5.438500641135e-14       0.000000000000e+00       5.750787897993e-16       4.997884785622e-17      -1.248082027907e-17 
 1833       4.519164771402e-11       1.262590933873e-12       6.204379830806e-14       0.000000000000e+00       5.737701288436e-16       5.082655387362e-17      -1.261816628407e-17 
 1834       4.497629848153e-11       1.272415253647e-12       6.885427430541e-14       0.000000000000e+00       5.724650498808e-16       5.167269303327e-17      -1.275257373282e-17 
 1835       4.476117029399e-11       1.282296901540e-12       7.482005893795e-14       0.000000000000e+00       5.711635422198e-16       5.251689397682e-17      -1.288412920626e-17 
 1836       4.454632274535e-11       1.292230552961e-12       7.994480173517e-14       0.000000000000e+00       5.698655950584e-16       5.335878375635e-17      -1.301291969625e-17 
 1837       4.433181568303e-11       1.302210859643e-12       8.423217725972e-14       0.000000000000e+00       5.685711974824e-16       5.419798783219e-17      -1.313903260611e-17 
 1838       4.411770920827e-11       1.312232449614e-12       8.768588514566e-14       0.000000000000e+00       5.672803384663e-16       5.503413007083e-17      -1.326255575122e-17 
 1839       4.390406367650e-11       1.322289927162e-12       9.030965013670e-14       0.000000000000e+00       5.659930068723e-16       5.586683274271e-17      -1.338357735959e-17 
 1840       4.369093969761e-11       1.332377872805e-12       9.210722212440e-14       0.000000000000e+00       5.647091914505e-16       5.669571652010e-17      -1.350218607244e-17 
 1841       4.347839813637e-11       1.342490843257e-12       9.308237618646e-14       0.000000000000e+00       5.634288808389e-16       5.752040047495e-17      -1.361847094476e-17 
 1842       4.326650011274e-11       1.352623371393e-12       9.323891262489e-14       0.000000000000e+00       5.621520635625e-16       5.834050207677e-17      -1.373252144590e-17 
 1843       4.305530700219e-11       1.362769966223e-12       9.258065700431e-14       0.000000000000e+00       5.608787280341e-16       5.915563719041e-17      -1.384442746014e-17 
 1844       4.284488043608e-11       1.372925112855e-12       9.111146019011e-14       0.000000000000e+00       5.596088625534e-16       5.996542007398e-17      -1.395427928726e-17 
 1845       4.263528230196e-11       1.383083272463e-12       8.883519838677e-14       0.000000000000e+00       5.583424553068e-16       6.076946337668e-17      -1.406216764313e-17 
 1846       4.242657474395e-11       1.393238882254e-12       8.575577317600e-14       0.000000000000e+00       5.570794943677e-16       6.156737813663e-17      -1.416818366025e-17 
 1847       4.221882016306e-11       1.403386355441e-12       8.187711155506e-14       0.000000000000e+00       5.558199676960e-16       6.235877377876e-17      -1.427241888838e-17 
 1848       4.201208121753e-11       1.413520081201e-12       7.720316597494e-14       0.000000000000e+00       5.545638631377e-16       6.314325811263e-17      -1.437496529507e-17 
 1849       4.180642082319e-11       1.423634424653e-12       7.173791437861e-14       0.000000000000e+00       5.533111684254e-16       6.392043733028e-17      -1.447591526625e-17 
 1850       4.160190215377e-11       1.433723726817e-12       6.548536023925e-14       0.000000000000e+00       5.520618711773e-16       6.468991600414e-17      -1.457536160681e-17 
 1851       4.139858864128e-11       1.443782304587e-12       5.844953259849e-14       0.000000000000e+00       5.508159588974e-16       6.545129708478e-17      -1.467339754117e-17 
 1852       4.119654397631e-11       1.453804450696e-12       5.063448610466e-14       0.000000000000e+00       5.495734189756e-16       6.620418189887e-17      -1.477011671385e-17 
 1853       4.099583210839e-11       1.463784433684e-12       4.204430105097e-14       0.000000000000e+00       5.483342386868e-16       6.694817014694e-17      -1.486561319005e-17 
 1854       4.079651724637e-11       1.473716497869e-12       3.268308341382e-14       0.000000000000e+00       5.470984051914e-16       6.768285990130e-17      -1.495998145624e-17 
 1855       4.059866385868e-11       1.483594863307e-12       2.255496489097e-14       0.000000000000e+00       5.458659055348e-16       6.840784760385e-17      -1.505331642071e-17 
 1856       4.040233667373e-11       1.493413725767e-12       1.166410293978e-14       0.000000000000e+00       5.446367266471e-16       6.912272806394e-17      -1.514571341415e-17 
 1857       4.020760068024e-11       1.503167256696e-12       1.468081551283e-17       0.000000000000e+00       5.434108553432e-16       6.982709445624e-17      -1.523726819024e-17 
 1858       4.001452112759e-11       1.512849603186e-12      -1.238909239053e-14       0.000000000000e+00       5.421882783225e-16       7.052053831858e-17      -1.532807692623e-17 
 1859       3.982316352612e-11       1.522454887940e-12      -2.554298171271e-14       0.000000000000e+00       5.409689821684e-16       7.120264954979e-17      -1.541823622346e-17 
 1860       3.963359364752e-11       1.531977209244e-12      -3.944272627283e-14       0.000000000000e+00       5.397529533488e-16       7.187301640756e-17      -1.550784310802e-17 
 1861       3.944587752516e-11       1.541410640931e-12      -5.408403924191e-14       0.000000000000e+00       5.385401782151e-16       7.253122550631e-17      -1.559699503127e-17 
 1862       3.926008145439e-11       1.550749232350e-12      -6.946260780195e-14       0.000000000000e+00       5.373306430027e-16       7.317686181501e-17      -1.568578987040e-17 
 1863       3.907627199295e-11       1.559987008334e-12      -8.557409310769e-14       0.000000000000e+00       5.361243338305e-16       7.380950865505e-17      -1.577432592908e-17 
 1864       3.889450717229e-11       1.569118581163e-12      -1.024125402534e-13       0.000000000000e+00       5.349212378415e-16       7.442888422793e-17      -1.586267514247e-17 
 1865       3.871481005564e-11       1.578140991773e-12      -1.199655946017e-13       0.000000000000e+00       5.337213466361e-16       7.503525237444e-17      -1.595080246151e-17 
 1866       3.853719497303e-11       1.587051882939e-12      -1.382192478215e-13       0.000000000000e+00       5.325246528655e-16       7.562901503614e-17      -1.603864583686e-17 
 1867       3.836167629149e-11       1.595848888579e-12      -1.571594243805e-13       0.000000000000e+00       5.313311490930e-16       7.621057602076e-17      -1.612614295665e-17 
 1868       3.818826841502e-11       1.604529633742e-12      -1.767719814523e-13       0.000000000000e+00       5.301408277941e-16       7.678034100483e-17      -1.621323124604e-17 
 1869       3.801698578469e-11       1.613091734598e-12      -1.970427088232e-13       0.000000000000e+00       5.289536813561e-16       7.733871753621e-17      -1.629984786695e-17 
 1870       3.784784287863e-11       1.621532798426e-12      -2.179573287988e-13       0.000000000000e+00       5.277697020783e-16       7.788611503667e-17      -1.638592971766e-17 
 1871       3.768085421213e-11       1.629850423603e-12      -2.395014961114e-13       0.000000000000e+00       5.265888821713e-16       7.842294480445e-17      -1.647141343249e-17 
 1872       3.751603433759e-11       1.638042199591e-12      -2.616607978265e-13       0.000000000000e+00       5.254112137574e-16       7.894962001682e-17      -1.655623538143e-17 
 1873       3.735339784464e-11       1.646105706928e-12      -2.844207532496e-13       0.000000000000e+00       5.242366888702e-16       7.946655573264e-17      -1.664033166978e-17 
 1874       3.719295936012e-11       1.654038517217e-12      -3.077668138334e-13       0.000000000000e+00       5.230652994544e-16       7.997416889497e-17      -1.672363813784e-17 
 1875       3.703473354817e-11       1.661838193113e-12      -3.316843630848e-13       0.000000000000e+00       5.218970373658e-16       8.047287833355e-17      -1.680609036053e-17 
 1876       3.687873511022e-11       1.669502288312e-12      -3.561587164710e-13       0.000000000000e+00       5.207318943709e-16       8.096310476745e-17      -1.688762364703e-17 
 1877       3.672497878504e-11       1.677028347540e-12      -3.811751213273e-13       0.000000000000e+00       5.195698621471e-16       8.144527080756e-17      -1.696817304049e-17 
 1878       3.657347934880e-11       1.684413906542e-12      -4.067187567635e-13       0.000000000000e+00       5.184109322824e-16       8.191980095924e-17      -1.704767331759e-17 
 1879       3.642425161510e-11       1.691656492071e-12      -4.327747335708e-13       0.000000000000e+00       5.172550962752e-16       8.238712162478e-17      -1.712605898826e-17 
 1880       3.627731043498e-11       1.698753621877e-12      -4.593280941287e-13       0.000000000000e+00       5.161023455340e-16       8.284766110608e-17      -1.720326429531e-17 
 1881       3.613267069700e-11       1.705702804692e-12      -4.863638123122e-13       0.000000000000e+00       5.149526713777e-16       8.330184960710e-17      -1.727922321408e-17 
 1882       3.599034732723e-11       1.712501540225e-12      -5.138667933981e-13       0.000000000000e+00       5.138060650351e-16       8.375011923651e-17      -1.735386945207e-17 
 1883       3.585035528933e-11       1.719147319145e-12      -5.418218739723e-13       0.000000000000e+00       5.126625176447e-16       8.419290401023e-17      -1.742713644863e-17 
 1884       3.571270958459e-11       1.725637623075e-12      -5.702138218367e-13       0.000000000000e+00       5.115220202549e-16       8.463063985396e-17      -1.749895737457e-17 
 1885       3.557742525192e-11       1.731969924574e-12      -5.990273359157e-13       0.000000000000e+00       5.103845638235e-16       8.506376460580e-17      -1.756926513185e-17 
 1886       3.544451736793e-11       1.738141687133e-12      -6.282470461637e-13       0.000000000000e+00       5.092501392177e-16       8.549271801879e-17      -1.763799235318e-17 
 1887       3.531400104696e-11       1.744150365159e-12      -6.578575134711e-13       0.000000000000e+00       5.081187372140e-16       8.591794176344e-17      -1.770507140173e-17 
 1888       3.518589144111e-11       1.749993403965e-12      -6.878432295722e-13       0.000000000000e+00       5.069903484979e-16       8.633987943035e-17      -1.777043437073e-17 
 1889       3.506020374028e-11       1.755668239759e-12      -7.181886169514e-13       0.000000000000e+00       5.058649636640e-16       8.675897653276e-17      -1.783401308315e-17 
 1890       3.493695317221e-11       1.761172299632e-12      -7.488780287501e-13       0.000000000000e+00       5.047425732155e-16       8.717568050910e-17      -1.789573909132e-17 
 1891       3.481615500252e-11       1.766503001548e-12      -7.798957486740e-13       0.000000000000e+00       5.036231675645e-16       8.759044072554e-17      -1.795554367663e-17 
 1892       3.469782453473e-11       1.771657754330e-12      -8.112259908995e-13       0.000000000000e+00       5.025067370313e-16       8.800370847860e-17      -1.801335784912e-17 
 1893       3.458197711035e-11       1.776633957654e-12      -8.428528999810e-13       0.000000000000e+00       5.013932718449e-16       8.841593699768e-17      -1.806911234719e-17 
 1894       3.446862810884e-11       1.781429002032e-12      -8.747605507574e-13       0.000000000000e+00       5.002827621421e-16       8.882758144763e-17      -1.812273763719e-17 
 1895       3.435779294771e-11       1.786040268803e-12      -9.069329482594e-13       0.000000000000e+00       4.991751979680e-16       8.923909893134e-17      -1.817416391312e-17 
 1896       3.424948708253e-11       1.790465130122e-12      -9.393540276158e-13       0.000000000000e+00       4.980705692757e-16       8.965094849225e-17      -1.822332109625e-17 
 1897       3.414372600697e-11       1.794700948951e-12      -9.720076539611e-13       0.000000000000e+00       4.969688659258e-16       9.006359111698e-17      -1.827013883480e-17 
 1898       3.404052525286e-11       1.798745079041e-12      -1.004877622342e-12       0.000000000000e+00       4.958700776867e-16       9.047748973783e-17      -1.831454650355e-17 
 1899       3.393990039019e-11       1.802594864929e-12      -1.037947657624e-12       0.000000000000e+00       4.947741942342e-16       9.089310923541e-17      -1.835647320351e-17 
 1900       3.384186702717e-11       1.806247641919e-12      -1.071201414398e-12       0.000000000000e+00       4.936812051513e-16       9.131091644116e-17      -1.839584776159e-17 
 1901       3.374644081029e-11       1.809700736078e-12      -1.104622476889e-12       0.000000000000e+00       4.925910999284e-16       9.173138013991e-17      -1.843259873023e-17 
 1902       3.365363742429e-11       1.812951464219e-12      -1.138194358862e-12       0.000000000000e+00       4.915038679627e-16       9.215497107247e-17      -1.846665438702e-17 
 1903       3.356347259229e-11       1.815997133893e-12      -1.171900503527e-12       0.000000000000e+00       4.904194985584e-16       9.258216193821e-17      -1.849794273442e-17 
 1904       3.347596207574e-11       1.818835043374e-12      -1.205724283448e-12       0.000000000000e+00       4.893379809263e-16       9.301342739756e-17      -1.852639149936e-17 
 1905       3.339112167451e-11       1.821462481654e-12      -1.239649000451e-12       0.000000000000e+00       4.882593041839e-16       9.344924407465e-17      -1.855192813289e-17 
 1906       3.330896722693e-11       1.823876728426e-12      -1.273657885526e-12       0.000000000000e+00       4.871834573551e-16       9.389009055980e-17      -1.857447980986e-17 
 1907       3.322951460979e-11       1.826075054075e-12      -1.307734098741e-12       0.000000000000e+00       4.861104293699e-16       9.433644741216e-17      -1.859397342853e-17 
 1908       3.315277973841e-11       1.828054719666e-12      -1.341860729142e-12       0.000000000000e+00       4.850402090646e-16       9.478879716222e-17      -1.861033561028e-17 
 1909       3.307877856667e-11       1.829812976934e-12      -1.376020794664e-12       0.000000000000e+00       4.839727851815e-16       9.524762431440e-17      -1.862349269918e-17 
 1910       3.300752708705e-11       1.831347068273e-12      -1.410197242038e-12       0.000000000000e+00       4.829081463685e-16       9.571341534959e-17      -1.863337076171e-17 
 1911       3.293904133065e-11       1.832654226720e-12      -1.444372946694e-12       0.000000000000e+00       4.818462811795e-16       9.618665872776e-17      -1.863989558637e-17 
 1912       3.287333736726e-11       1.833731675952e-12      -1.478530712672e-12       0.000000000000e+00       4.807871780736e-16       9.666784489047e-17      -1.864299268337e-17 
 1913       3.281042352749e-11       1.834577364833e-12      -1.512654299109e-12       0.000000000000e+00       4.797308263503e-16       9.715729017294e-17      -1.864260842671e-17 
 1914       3.275027700418e-11       1.835192177256e-12      -1.546731508465e-12       0.000000000000e+00       4.786772189608e-16       9.765460706216e-17      -1.863877365821e-17 
 1915       3.269286707208e-11       1.835577739185e-12      -1.580751121739e-12       0.000000000000e+00       4.776263497180e-16       9.815922989111e-17      -1.863154056943e-17 
 1916       3.263816284922e-11       1.835735685643e-12      -1.614701873970e-12       0.000000000000e+00       4.765782123627e-16       9.867059055822e-17      -1.862096160366e-17 
 1917       3.258613329676e-11       1.835667660720e-12      -1.648572454181e-12       0.000000000000e+00       4.755328005646e-16       9.918811852412e-17      -1.860708945630e-17 
 1918       3.253674721870e-11       1.835375317585e-12      -1.682351505315e-12       0.000000000000e+00       4.744901079211e-16       9.971124080844e-17      -1.858997707518e-17 
 1919       3.248997326172e-11       1.834860318502e-12      -1.716027624181e-12       0.000000000000e+00       4.734501279580e-16       1.002393819866e-16      -1.856967766091e-17 
 1920       3.244577991492e-11       1.834124334843e-12      -1.749589361388e-12       0.000000000000e+00       4.724128541290e-16       1.007719641867e-16      -1.854624466722e-17 
 1921       3.240413550964e-11       1.833169047098e-12      -1.783025221293e-12       0.000000000000e+00       4.713782798154e-16       1.013084070861e-16      -1.851973180131e-17 
 1922       3.236500821923e-11       1.831996144888e-12      -1.816323661936e-12       0.000000000000e+00       4.703463983266e-16       1.018481279085e-16      -1.849019302419e-17 
 1923       3.232836605880e-11       1.830607326982e-12      -1.849473094983e-12       0.000000000000e+00       4.693172028994e-16       1.023905414204e-16      -1.845768255103e-17 
 1924       3.229417688506e-11       1.829004301303e-12      -1.882461885663e-12       0.000000000000e+00       4.682906866980e-16       1.029350599282e-16      -1.842225485147e-17 
 1925       3.226240839607e-11       1.827188784947e-12      -1.915278352715e-12       0.000000000000e+00       4.672668428142e-16       1.034810932748e-16      -1.838396465002e-17 
 1926       3.223302813101e-11       1.825162504192e-12      -1.947910768323e-12       0.000000000000e+00       4.662456642669e-16       1.040280488365e-16      -1.834286692636e-17 
 1927       3.220600346999e-11       1.822927194514e-12      -1.980347358059e-12       0.000000000000e+00       4.652271440021e-16       1.045753315198e-16      -1.829901691568e-17 
 1928       3.218130163384e-11       1.820484600596e-12      -2.012576300823e-12       0.000000000000e+00       4.642112748929e-16       1.051223437579e-16      -1.825247010905e-17 
 1929       3.215888968385e-11       1.817836476343e-12      -2.044585728781e-12       0.000000000000e+00       4.631980497394e-16       1.056684855080e-16      -1.820328225376e-17 
 1930       3.213873452160e-11       1.814984584894e-12      -2.076363727312e-12       0.000000000000e+00       4.621874612683e-16       1.062131542478e-16      -1.815150935364e-17 
 1931       3.212080288871e-11       1.811930698638e-12      -2.107898334941e-12       0.000000000000e+00       4.611795021329e-16       1.067557449722e-16      -1.809720766942e-17 
 1932       3.210506136663e-11       1.808676599221e-12      -2.139177543285e-12       0.000000000000e+00       4.601741649133e-16       1.072956501903e-16      -1.804043371907e-17 
 1933       3.209147637645e-11       1.805224077563e-12      -2.170189296991e-12       0.000000000000e+00       4.591714421159e-16       1.078322599221e-16      -1.798124427816e-17 
 1934       3.208001417863e-11       1.801574933870e-12      -2.200921493677e-12       0.000000000000e+00       4.581713261734e-16       1.083649616953e-16      -1.791969638015e-17 
 1935       3.207064087285e-11       1.797730977646e-12      -2.231361983872e-12       0.000000000000e+00       4.571738094446e-16       1.088931405420e-16      -1.785584731681e-17 
 1936       3.206332239773e-11       1.793694027707e-12      -2.261498570957e-12       0.000000000000e+00       4.561788842146e-16       1.094161789958e-16      -1.778975463849e-17 
 1937       3.205802453065e-11       1.789465912192e-12      -2.291319011108e-12       0.000000000000e+00       4.551865426943e-16       1.099334570883e-16      -1.772147615452e-17 
 1938       3.205471288751e-11       1.785048468577e-12      -2.320811013231e-12       0.000000000000e+00       4.541967770204e-16       1.104443523458e-16      -1.765106993351e-17 
 1939       3.205335292254e-11       1.780443543688e-12      -2.349962238908e-12       0.000000000000e+00       4.532095792555e-16       1.109482397866e-16      -1.757859430372e-17 
 1940       3.205390992808e-11       1.775652993714e-12      -2.378760302333e-12       0.000000000000e+00       4.522249413875e-16       1.114444919171e-16      -1.750410785340e-17 
 1941       3.205634903432e-11       1.770678684219e-12      -2.407192770257e-12       0.000000000000e+00       4.512428553301e-16       1.119324787293e-16      -1.742766943112e-17 
 1942       3.206063520913e-11       1.765522490154e-12      -2.435247161924e-12       0.000000000000e+00       4.502633129223e-16       1.124115676970e-16      -1.734933814613e-17 
 1943       3.206673325784e-11       1.760186295871e-12      -2.462910949017e-12       0.000000000000e+00       4.492863059281e-16       1.128811237730e-16      -1.726917336867e-17 
 1944       3.207460782299e-11       1.754671995139e-12      -2.490171555591e-12       0.000000000000e+00       4.483118260369e-16       1.133405093857e-16      -1.718723473038e-17 
 1945       3.208422338414e-11       1.748981491147e-12      -2.517016358022e-12       0.000000000000e+00       4.473398648631e-16       1.137890844358e-16      -1.710358212456e-17 
 1946       3.209554425765e-11       1.743116696530e-12      -2.543432684940e-12       0.000000000000e+00       4.463704139458e-16       1.142262062934e-16      -1.701827570657e-17 
 1947       3.210853459646e-11       1.737079533370e-12      -2.569407817176e-12       0.000000000000e+00       4.454034647491e-16       1.146512297946e-16      -1.693137589416e-17 
 1948       3.212315838986e-11       1.730871933217e-12      -2.594928987696e-12       0.000000000000e+00       4.444390086616e-16       1.150635072382e-16      -1.684294336781e-17 
 1949       3.213937946330e-11       1.724495837096e-12      -2.619983381548e-12       0.000000000000e+00       4.434770369964e-16       1.154623883827e-16      -1.675303907105e-17 
 1950       3.215716147816e-11       1.717953195525e-12      -2.644558135797e-12       0.000000000000e+00       4.425175409913e-16       1.158472204430e-16      -1.666172421087e-17 
 1951       3.217646793150e-11       1.711245968523e-12      -2.668640339471e-12       0.000000000000e+00       4.415605118081e-16       1.162173480871e-16      -1.656906025797e-17 
 1952       3.219726215592e-11       1.704376125627e-12      -2.692217033494e-12       0.000000000000e+00       4.406059405329e-16       1.165721134331e-16      -1.647510894719e-17 
 1953       3.221950731925e-11       1.697345645902e-12      -2.715275210636e-12       0.000000000000e+00       4.396538181759e-16       1.169108560459e-16      -1.637993227779e-17 
 1954       3.224316642442e-11       1.690156517953e-12      -2.737801815445e-12       0.000000000000e+00       4.387041356713e-16       1.172329129338e-16      -1.628359251383e-17 
 1955       3.226820230919e-11       1.682810739942e-12      -2.759783744193e-12       0.000000000000e+00       4.377568838770e-16       1.175376185455e-16      -1.618615218451e-17 
 1956       3.229457764592e-11       1.675310319596e-12      -2.781207844813e-12       0.000000000000e+00       4.368120535747e-16       1.178243047671e-16      -1.608767408448e-17 
 1957       3.232225494141e-11       1.667657274224e-12      -2.802060916843e-12       0.000000000000e+00       4.358696354696e-16       1.180923009185e-16      -1.598822127423e-17 
 1958       3.235119653664e-11       1.659853630727e-12      -2.822329711364e-12       0.000000000000e+00       4.349296201905e-16       1.183409337501e-16      -1.588785708039e-17 
 1959       3.238136460656e-11       1.651901425610e-12      -2.842000930940e-12       0.000000000000e+00       4.339919982895e-16       1.185695274403e-16      -1.578664509612e-17 
 1960       3.241272115989e-11       1.643802704999e-12      -2.861061229561e-12       0.000000000000e+00       4.330567602419e-16       1.187774035915e-16      -1.568464918141e-17 
 1961       3.244522803888e-11       1.635559524649e-12      -2.879497212582e-12       0.000000000000e+00       4.321238964464e-16       1.189638812273e-16      -1.558193346344e-17 
 1962       3.247884638320e-11       1.627174191747e-12      -2.897297738429e-12       0.000000000000e+00       4.311933979904e-16       1.191284647302e-16      -1.547855163161e-17 
 1963       3.251353501766e-11       1.618649992254e-12      -2.914460842608e-12       0.000000000000e+00       4.302652589555e-16       1.192714091933e-16      -1.537451473468e-17 
 1964       3.254925205201e-11       1.609990469011e-12      -2.930986865228e-12       0.000000000000e+00       4.293394741292e-16       1.193931592794e-16      -1.526982314408e-17 
 1965       3.258595541557e-11       1.601199180470e-12      -2.946876153941e-12       0.000000000000e+00       4.284160382406e-16       1.194941616660e-16      -1.516447723743e-17 
 1966       3.262360285693e-11       1.592279700710e-12      -2.962129063947e-12       0.000000000000e+00       4.274949459599e-16       1.195748650474e-16      -1.505847739856e-17 
 1967       3.266215194377e-11       1.583235619459e-12      -2.976745958014e-12       0.000000000000e+00       4.265761918989e-16       1.196357201379e-16      -1.495182401752e-17 
 1968       3.270156006261e-11       1.574070542113e-12      -2.990727206485e-12       0.000000000000e+00       4.256597706102e-16       1.196771796739e-16      -1.484451749054e-17 
 1969       3.274178441856e-11       1.564788089760e-12      -3.004073187294e-12       0.000000000000e+00       4.247456765876e-16       1.196996984172e-16      -1.473655822014e-17 
 1970       3.278278203511e-11       1.555391899196e-12      -3.016784285973e-12       0.000000000000e+00       4.238339042659e-16       1.197037331569e-16      -1.462794661502e-17 
 1971       3.282450975386e-11       1.545885622947e-12      -3.028860895670e-12       0.000000000000e+00       4.229244480207e-16       1.196897427126e-16      -1.451868309016e-17 
 1972       3.286692423436e-11       1.536272929291e-12      -3.040303417159e-12       0.000000000000e+00       4.220173021684e-16       1.196581879371e-16      -1.440876806681e-17 
 1973       3.290998195378e-11       1.526557502275e-12      -3.051112258850e-12       0.000000000000e+00       4.211124609662e-16       1.196095317184e-16      -1.429820197245e-17 
 1974       3.295363920674e-11       1.516743041739e-12      -3.061287836805e-12       0.000000000000e+00       4.202099186116e-16       1.195442389832e-16      -1.418698524088e-17 
 1975       3.299785210508e-11       1.506833263333e-12      -3.070830574748e-12       0.000000000000e+00       4.193096692427e-16       1.194627766988e-16      -1.407511831215e-17 
 1976       3.304257657757e-11       1.496831898539e-12      -3.079740904078e-12       0.000000000000e+00       4.184117069383e-16       1.193656138764e-16      -1.396260163263e-17 
 1977       3.308776836975e-11       1.486742694692e-12      -3.088019263880e-12       0.000000000000e+00       4.175160257171e-16       1.192532215730e-16      -1.384943565499e-17 
 1978       3.313338304362e-11       1.476569414999e-12      -3.095666100939e-12       0.000000000000e+00       4.166226195381e-16       1.191260728950e-16      -1.373562083822e-17 
 1979       3.317937597749e-11       1.466315838559e-12      -3.102681869752e-12       0.000000000000e+00       4.157314823006e-16       1.189846429999e-16      -1.362115764762e-17 
 1980       3.322570236566e-11       1.455985760385e-12      -3.109067032537e-12       0.000000000000e+00       4.148426078438e-16       1.188294090997e-16      -1.350604655484e-17 
 1981       3.327231721824e-11       1.445582991423e-12      -3.114822059252e-12       0.000000000000e+00       4.139559899467e-16       1.186608504629e-16      -1.339028803786e-17 
 1982       3.331917536093e-11       1.435111358574e-12      -3.119947427601e-12       0.000000000000e+00       4.130716223284e-16       1.184794484177e-16      -1.327388258104e-17 
 1983       3.336623143472e-11       1.424574704712e-12      -3.124443623047e-12       0.000000000000e+00       4.121894986475e-16       1.182856863543e-16      -1.315683067508e-17 
 1984       3.341343989573e-11       1.413976888705e-12      -3.128311138829e-12       0.000000000000e+00       4.113096125024e-16       1.180800497280e-16      -1.303913281705e-17 
 1985       3.346075501491e-11       1.403321785437e-12      -3.131550475968e-12       0.000000000000e+00       4.104319574309e-16       1.178630260610e-16      -1.292078951043e-17 
 1986       3.350813087787e-11       1.392613285825e-12      -3.134162143284e-12       0.000000000000e+00       4.095565269105e-16       1.176351049459e-16      -1.280180126505e-17 
 1987       3.355552138460e-11       1.381855296845e-12      -3.136146657405e-12       0.000000000000e+00       4.086833143578e-16       1.173967780481e-16      -1.268216859719e-17 
 1988       3.360288024925e-11       1.371051741545e-12      -3.137504542783e-12       0.000000000000e+00       4.078123131288e-16       1.171485391080e-16      -1.256189202950e-17 
 1989       3.365016099989e-11       1.360206559072e-12      -3.138236331701e-12       0.000000000000e+00       4.069435165186e-16       1.168908839445e-16      -1.244097209107e-17 
 1990       3.369731697831e-11       1.349323704687e-12      -3.138342564289e-12       0.000000000000e+00       4.060769177615e-16       1.166243104568e-16      -1.231940931743e-17 
 1991       3.374430133973e-11       1.338407149790e-12      -3.137823788537e-12       0.000000000000e+00       4.052125100308e-16       1.163493186275e-16      -1.219720425052e-17 
 1992       3.379106705263e-11       1.327460881937e-12      -3.136680560304e-12       0.000000000000e+00       4.043502864385e-16       1.160664105253e-16      -1.207435743875e-17 
 1993       3.383756689844e-11       1.316488904860e-12      -3.134913443331e-12       0.000000000000e+00       4.034902400355e-16       1.157760903074e-16      -1.195086943699e-17 
 1994       3.388375347138e-11       1.305495238491e-12      -3.132523009258e-12       0.000000000000e+00       4.026323638114e-16       1.154788642223e-16      -1.182674080657e-17 
 1995       3.392957917818e-11       1.294483918980e-12      -3.129509837628e-12       0.000000000000e+00       4.017766506945e-16       1.151752406124e-16      -1.170197211531e-17 
 1996       3.397499623788e-11       1.283458998713e-12      -3.125874515905e-12       0.000000000000e+00       4.009230935516e-16       1.148657299166e-16      -1.157656393750e-17 
 1997       3.401995668156e-11       1.272424546338e-12      -3.121617639487e-12       0.000000000000e+00       4.000716851877e-16       1.145508446732e-16      -1.145051685393e-17 
 1998       3.406441235212e-11       1.261384646779e-12      -3.116739811712e-12       0.000000000000e+00       3.992224183464e-16       1.142310995222e-16      -1.132383145192e-17 
 1999       3.410831490407e-11       1.250343401262e-12      -3.111241643879e-12       0.000000000000e+00       3.983752857093e-16       1.139070112082e-16      -1.119650832528e-17 
 2000       3.415161580325e-11       1.239304927331e-12      -3.105123755251e-12       0.000000000000e+00       3.975302798965e-16       1.135790985828e-16      -1.106854807434e-17 
 2001       3.419426632665e-11       1.228273358870e-12      -3.098386773075e-12       0.000000000000e+00       3.966873934657e-16       1.132478826077e-16      -1.093995130600e-17 
 2002       3.423621756212e-11       1.217252846125e-12      -3.091031332590e-12       0.000000000000e+00       3.958466189128e-16       1.129138863568e-16      -1.081071863368e-17 
 2003       3.427742040819e-11       1.206247555721e-12      -3.083058077040e-12       0.000000000000e+00       3.950079486717e-16       1.125776350193e-16      -1.068085067734e-17 
 2004       3.431782557380e-11       1.195261670684e-12      -3.074467657687e-12       0.000000000000e+00       3.941713751136e-16       1.122396559019e-16      -1.055034806354e-17 
 2005       3.435738357808e-11       1.184299390463e-12      -3.065260733822e-12       0.000000000000e+00       3.933368905478e-16       1.119004784319e-16      -1.041921142539e-17 
 2006       3.439604475011e-11       1.173364930948e-12      -3.055437972780e-12       0.000000000000e+00       3.925044872211e-16       1.115606341598e-16      -1.028744140259e-17 
 2007       3.443375922868e-11       1.162462524491e-12      -3.045000049949e-12       0.000000000000e+00       3.916741573176e-16       1.112206567614e-16      -1.015503864142e-17 
 2008       3.447047696209e-11       1.151596419925e-12      -3.033947648782e-12       0.000000000000e+00       3.908458929590e-16       1.108810820412e-16      -1.002200379479e-17 
 2009       3.450614770788e-11       1.140770882587e-12      -3.022281460813e-12       0.000000000000e+00       3.900196862041e-16       1.105424479346e-16      -9.888337522182e-18 
 2010       3.454072103260e-11       1.129990194337e-12      -3.010002185666e-12       0.000000000000e+00       3.891955290490e-16       1.102052945107e-16      -9.754040489735e-18 
 2011       3.457415203237e-11       1.119258302163e-12      -2.997111986627e-12       0.000000000000e+00       3.883734140554e-16       1.098700705698e-16      -9.619116384765e-18 
 2012       3.460641854045e-11       1.108577761159e-12      -2.983618868913e-12       0.000000000000e+00       3.875533362413e-16       1.095368526884e-16      -9.483580983473e-18 
 2013       3.463750404443e-11       1.097950783895e-12      -2.969532333294e-12       0.000000000000e+00       3.867352912036e-16       1.092056241349e-16      -9.347453149274e-18 
 2014       3.466739197680e-11       1.087379591140e-12      -2.954861923482e-12       0.000000000000e+00       3.859192744913e-16       1.088763680884e-16      -9.210751824321e-18 
 2015       3.469606571480e-11       1.076866411879e-12      -2.939617226188e-12       0.000000000000e+00       3.851052816051e-16       1.085490676390e-16      -9.073496029604e-18 
 2016       3.472350858046e-11       1.066413483316e-12      -2.923807871177e-12       0.000000000000e+00       3.842933079973e-16       1.082237057872e-16      -8.935704865047e-18 
 2017       3.474970384047e-11       1.056023050887e-12      -2.907443531321e-12       0.000000000000e+00       3.834833490719e-16       1.079002654444e-16      -8.797397509612e-18 
 2018       3.477463470611e-11       1.045697368269e-12      -2.890533922658e-12       0.000000000000e+00       3.826754001846e-16       1.075787294322e-16      -8.658593221392e-18 
 2019       3.479828433323e-11       1.035438697393e-12      -2.873088804446e-12       0.000000000000e+00       3.818694566423e-16       1.072590804826e-16      -8.519311337715e-18 
 2020       3.482063582217e-11       1.025249308448e-12      -2.855117979217e-12       0.000000000000e+00       3.810655137035e-16       1.069413012376e-16      -8.379571275240e-18 
 2021       3.484167221768e-11       1.015131479897e-12      -2.836631292834e-12       0.000000000000e+00       3.802635665779e-16       1.066253742495e-16      -8.239392530058e-18 
 2022       3.486137650886e-11       1.005087498483e-12      -2.817638634546e-12       0.000000000000e+00       3.794636104266e-16       1.063112819805e-16      -8.098794677787e-18 
 2023       3.487973162911e-11       9.951196592389e-13      -2.798149937044e-12       0.000000000000e+00       3.786656403617e-16       1.059990068026e-16      -7.957797373675e-18 
 2024       3.489672045605e-11       9.852302655008e-13      -2.778175176516e-12       0.000000000000e+00       3.778696514466e-16       1.056885309975e-16      -7.816420352699e-18 
 2025       3.491232581147e-11       9.754216289145e-13      -2.757724372702e-12       0.000000000000e+00       3.770756386954e-16       1.053798367564e-16      -7.674683429661e-18 
 2026       3.492653046126e-11       9.656960694468e-13      -2.736807588948e-12       0.000000000000e+00       3.762835970735e-16       1.050729061801e-16      -7.532606499288e-18 
 2027       3.493931711534e-11       9.560559153951e-13      -2.715434932265e-12       0.000000000000e+00       3.754935214970e-16       1.047677212787e-16      -7.390209536333e-18 
 2028       3.495066842760e-11       9.465035033975e-13      -2.693616553383e-12       0.000000000000e+00       3.747054068328e-16       1.044642639715e-16      -7.247512595671e-18 
 2029       3.496056699585e-11       9.370411784428e-13      -2.671362646804e-12       0.000000000000e+00       3.739192478985e-16       1.041625160869e-16      -7.104535812400e-18 
 2030       3.496899536172e-11       9.276712938798e-13      -2.648683450861e-12       0.000000000000e+00       3.731350394624e-16       1.038624593622e-16      -6.961299401939e-18 
 2031       3.497593601065e-11       9.183962114281e-13      -2.625589247770e-12       0.000000000000e+00       3.723527762433e-16       1.035640754439e-16      -6.817823660128e-18 
 2032       3.498137137177e-11       9.092183011873e-13      -2.602090363689e-12       0.000000000000e+00       3.715724529107e-16       1.032673458867e-16      -6.674128963326e-18 
 2033       3.498528381785e-11       9.001399416471e-13      -2.578197168770e-12       0.000000000000e+00       3.707940640843e-16       1.029722521544e-16      -6.530235768508e-18 
 2034       3.498765566529e-11       8.911635196975e-13      -2.553920077217e-12       0.000000000000e+00       3.700176043341e-16       1.026787756191e-16      -6.386164613369e-18 
 2035       3.498846917397e-11       8.822914306382e-13      -2.529269547341e-12       0.000000000000e+00       3.692430681806e-16       1.023868975611e-16      -6.241936116418e-18 
 2036       3.498770654725e-11       8.735260781890e-13      -2.504256081612e-12       0.000000000000e+00       3.684704500944e-16       1.020965991692e-16      -6.097570977079e-18 
 2037       3.498534993188e-11       8.648698744993e-13      -2.478890226720e-12       0.000000000000e+00       3.676997444960e-16       1.018078615403e-16      -5.953089975793e-18 
 2038       3.498138141794e-11       8.563252401584e-13      -2.453182573627e-12       0.000000000000e+00       3.669309457563e-16       1.015206656793e-16      -5.808513974108e-18 
 2039       3.497578303877e-11       8.478946042050e-13      -2.427143757622e-12       0.000000000000e+00       3.661640481960e-16       1.012349924988e-16      -5.663863914790e-18 
 2040       3.496853677092e-11       8.395804041373e-13      -2.400784458379e-12       0.000000000000e+00       3.653990460856e-16       1.009508228195e-16      -5.519160821911e-18 
 2041       3.495962453407e-11       8.313850859232e-13      -2.374115400009e-12       0.000000000000e+00       3.646359336455e-16       1.006681373694e-16      -5.374425800956e-18 
 2042       3.494902819099e-11       8.233111040095e-13      -2.347147351119e-12       0.000000000000e+00       3.638747050459e-16       1.003869167844e-16      -5.229680038916e-18 
 2043       3.493672954743e-11       8.153609213326e-13      -2.319891124865e-12       0.000000000000e+00       3.631153544065e-16       1.001071416075e-16      -5.084944804391e-18 
 2044       3.492271035212e-11       8.075370093278e-13      -2.292357579007e-12       0.000000000000e+00       3.623578757969e-16       9.982879228905e-17      -4.940241447688e-18 
 2045       3.490695229665e-11       7.998418479395e-13      -2.264557615967e-12       0.000000000000e+00       3.616022632359e-16       9.955184918667e-17      -4.795591400918e-18 
 2046       3.488943701544e-11       7.922779256312e-13      -2.236502182884e-12       0.000000000000e+00       3.608485106918e-16       9.927629256494e-17      -4.651016178097e-18 
 2047       3.487014608564e-11       7.848477393951e-13      -2.208202271664e-12       0.000000000000e+00       3.600966120824e-16       9.900210259538e-17      -4.506537375245e-18 
 2048       3.484906102711e-11       7.775537947621e-13      -2.179668919045e-12       0.000000000000e+00       3.593465612747e-16       9.872925935633e-17      -4.362176670483e-18 
 2049       3.482616330233e-11       7.703986058120e-13      -2.150913206643e-12       0.000000000000e+00       3.585983520849e-16       9.845774283276e-17      -4.217955824135e-18 
 2050       3.480143431635e-11       7.633846951830e-13      -2.121946261014e-12       0.000000000000e+00       3.578519782783e-16       9.818753291626e-17      -4.073896678824e-18 
 2051       3.477485541670e-11       7.565145940819e-13      -2.092779253706e-12       0.000000000000e+00       3.571074335694e-16       9.791860940482e-17      -3.930021159572e-18 
 2052       3.474640789335e-11       7.497908422938e-13      -2.063423401316e-12       0.000000000000e+00       3.563647116216e-16       9.765095200275e-17      -3.786351273900e-18 
 2053       3.471607297863e-11       7.432159881922e-13      -2.033889965544e-12       0.000000000000e+00       3.556238060471e-16       9.738454032057e-17      -3.642909111924e-18 
 2054       3.468383184721e-11       7.367925887487e-13      -2.004190253249e-12       0.000000000000e+00       3.548847104072e-16       9.711935387486e-17      -3.499716846460e-18 
 2055       3.464966561595e-11       7.305232095431e-13      -1.974335616506e-12       0.000000000000e+00       3.541474182117e-16       9.685537208817e-17      -3.356796733114e-18 
 2056       3.461355534392e-11       7.244104247733e-13      -1.944337452659e-12       0.000000000000e+00       3.534119229192e-16       9.659257428886e-17      -3.214171110390e-18 
 2057       3.457548203229e-11       7.184568172650e-13      -1.914207204378e-12       0.000000000000e+00       3.526782179370e-16       9.633093971103e-17      -3.071862399782e-18 
 2058       3.453542662428e-11       7.126649784818e-13      -1.883956359712e-12       0.000000000000e+00       3.519462966208e-16       9.607044749435e-17      -2.929893105877e-18 
 2059       3.449337000510e-11       7.070375085349e-13      -1.853596452150e-12       0.000000000000e+00       3.512161522748e-16       9.581107668396e-17      -2.788285816453e-18 
 2060       3.444929909809e-11       7.015764706485e-13      -1.823138667147e-12       0.000000000000e+00       3.504877786680e-16       9.555278493273e-17      -2.647060544801e-18 
 2061       3.440322520063e-11       6.962817502967e-13      -1.792592658559e-12       0.000000000000e+00       3.497611715878e-16       9.529544444279e-17      -2.506226735849e-18 
 2062       3.435516577841e-11       6.911526844267e-13      -1.761967723910e-12       0.000000000000e+00       3.490363272974e-16       9.503890556855e-17      -2.365791203439e-18 
 2063       3.430513838113e-11       6.861886059399e-13      -1.731273197200e-12       0.000000000000e+00       3.483132420202e-16       9.478301807235e-17      -2.225760782960e-18 
 2064       3.425316064262e-11       6.813888436861e-13      -1.700518448943e-12       0.000000000000e+00       3.475919119397e-16       9.452763112365e-17      -2.086142331381e-18 
 2065       3.419925028092e-11       6.767527224583e-13      -1.669712886217e-12       0.000000000000e+00       3.468723331993e-16       9.427259329839e-17      -1.946942727270e-18 
 2066       3.414342509846e-11       6.722795629870e-13      -1.638865952703e-12       0.000000000000e+00       3.461545019029e-16       9.401775257819e-17      -1.808168870819e-18 
 2067       3.408570298206e-11       6.679686819347e-13      -1.607987128736e-12       0.000000000000e+00       3.454384141140e-16       9.376295634970e-17      -1.669827683869e-18 
 2068       3.402610190314e-11       6.638193918902e-13      -1.577085931340e-12       0.000000000000e+00       3.447240658561e-16       9.350805140382e-17      -1.531926109930e-18 
 2069       3.396463991777e-11       6.598310013636e-13      -1.546171914283e-12       0.000000000000e+00       3.440114531126e-16       9.325288393502e-17      -1.394471114211e-18 
 2070       3.390133516679e-11       6.560028147803e-13      -1.515254668112e-12       0.000000000000e+00       3.433005718265e-16       9.299729954057e-17      -1.257469683638e-18 
 2071       3.383620587594e-11       6.523341324758e-13      -1.484343820204e-12       0.000000000000e+00       3.425914179009e-16       9.274114321987e-17      -1.120928826881e-18 
 2072       3.376927035593e-11       6.488242506900e-13      -1.453449034805e-12       0.000000000000e+00       3.418839871981e-16       9.248425937368e-17      -9.848555743760e-19 
 2073       3.370054700258e-11       6.454724615617e-13      -1.422580013078e-12       0.000000000000e+00       3.411782755404e-16       9.222649180343e-17      -8.492569783511e-19 
 2074       3.363005429692e-11       6.422780531231e-13      -1.391746493147e-12       0.000000000000e+00       3.404742787095e-16       9.196768371049e-17      -7.141401128485e-19 
 2075       3.355781080528e-11       6.392403092944e-13      -1.360958250138e-12       0.000000000000e+00       3.397719924465e-16       9.170767769542e-17      -5.795120737489e-19 
 2076       3.348383517942e-11       6.363585098783e-13      -1.330225096229e-12       0.000000000000e+00       3.390714124519e-16       9.144631575729e-17      -4.453799787954e-19 
 2077       3.340814615665e-11       6.336319305542e-13      -1.299556880687e-12       0.000000000000e+00       3.383725343859e-16       9.118343929293e-17      -3.117509676170e-19 
 2078       3.333076255990e-11       6.310598428731e-13      -1.268963489920e-12       0.000000000000e+00       3.376753538675e-16       9.091888909620e-17      -1.786322017530e-19 
 2079       3.325170329784e-11       6.286415142517e-13      -1.238454847514e-12       0.000000000000e+00       3.369798664753e-16       9.065250535730e-17      -4.603086467606e-20 
 2080       3.317098736501e-11       6.263762079671e-13      -1.208040914283e-12       0.000000000000e+00       3.362860677470e-16       9.038412766202e-17       8.604583818318e-20 
 2081       3.308863384192e-11       6.242631831513e-13      -1.177731688311e-12       0.000000000000e+00       3.355939531793e-16       9.011359499102e-17       2.175906794128e-19 
 2082       3.300466189515e-11       6.223016947857e-13      -1.147537204996e-12       0.000000000000e+00       3.349035182282e-16       8.984074571910e-17       3.485964095957e-19 
 2083       3.291909077744e-11       6.204909936954e-13      -1.117467537095e-12       0.000000000000e+00       3.342147583084e-16       8.956541761452e-17       4.790557572855e-19 
 2084       3.283193982784e-11       6.188303265438e-13      -1.087532794767e-12       0.000000000000e+00       3.335276687937e-16       8.928744783821e-17       6.089614289831e-19 
 2085       3.274322847180e-11       6.173189358272e-13      -1.057743125618e-12       0.000000000000e+00       3.328422450167e-16       8.900667294311e-17       7.383061091125e-19 
 2086       3.265297622126e-11       6.159560598693e-13      -1.028108714749e-12       0.000000000000e+00       3.321584822690e-16       8.872292887340e-17       8.670824599972e-19 
 2087       3.256120267478e-11       6.147409328154e-13      -9.986397847917e-13       0.000000000000e+00       3.314763758008e-16       8.843605096381e-17       9.952831218363e-19 
 2088       3.246792751765e-11       6.136727846270e-13      -9.693465959618e-13       0.000000000000e+00       3.307959208209e-16       8.814587393886e-17       1.122900712681e-18 
 2089       3.237317052197e-11       6.127508410765e-13      -9.402394460979e-13       0.000000000000e+00       3.301171124970e-16       8.785223191219e-17       1.249927828409e-18 
 2090       3.227695154680e-11       6.119743237417e-13      -9.113286707073e-13       0.000000000000e+00       3.294399459550e-16       8.755495838580e-17       1.376357042705e-18 
 2091       3.217929053823e-11       6.113424499998e-13      -8.826246430106e-13       0.000000000000e+00       3.287644162798e-16       8.725388624931e-17       1.502180907031e-18 
 2092       3.208020752952e-11       6.108544330224e-13      -8.541377739855e-13       0.000000000000e+00       3.280905185142e-16       8.694884777929e-17       1.627391950607e-18 
 2093       3.197972264118e-11       6.105094817699e-13      -8.258785124114e-13       0.000000000000e+00       3.274182476599e-16       8.663967463849e-17       1.751982680385e-18 
 2094       3.187785608109e-11       6.103068009857e-13      -7.978573449134e-13       0.000000000000e+00       3.267475986765e-16       8.632619787516e-17       1.875945581028e-18 
 2095       3.177462814463e-11       6.102455911909e-13      -7.700847960068e-13       0.000000000000e+00       3.260785664822e-16       8.600824792226e-17       1.999273114880e-18 
 2096       3.167005921473e-11       6.103250486790e-13      -7.425714281414e-13       0.000000000000e+00       3.254111459532e-16       8.568565459683e-17       2.121957721949e-18 
 2097       3.156416976206e-11       6.105443655100e-13      -7.153278417457e-13       0.000000000000e+00       3.247453319238e-16       8.535824709917e-17       2.243991819880e-18 
 2098       3.145698034506e-11       6.109027295050e-13      -6.883646752712e-13       0.000000000000e+00       3.240811191867e-16       8.502585401219e-17       2.365367803931e-18 
 2099       3.134851161009e-11       6.113993242409e-13      -6.616926052367e-13       0.000000000000e+00       3.234185024923e-16       8.468830330066e-17       2.486078046950e-18 
 2100       3.123878429154e-11       6.120333290446e-13      -6.353223462725e-13       0.000000000000e+00       3.227574765492e-16       8.434542231048e-17       2.606114899350e-18 
 2101       3.112781921193e-11       6.128039189876e-13      -6.092646511650e-13       0.000000000000e+00       3.220980360236e-16       8.399703776796e-17       2.725470689089e-18 
 2102       3.101563728199e-11       6.137102648807e-13      -5.835303109006e-13       0.000000000000e+00       3.214401755398e-16       8.364297577912e-17       2.844137721638e-18 
 2103       3.090225950084e-11       6.147515332680e-13      -5.581301547102e-13       0.000000000000e+00       3.207838896798e-16       8.328306182893e-17       2.962108279968e-18 
 2104       3.078770695600e-11       6.159268864220e-13      -5.330750501134e-13       0.000000000000e+00       3.201291729833e-16       8.291712078061e-17       3.079374624516e-18 
 2105       3.067200082359e-11       6.172354823374e-13      -5.083759029631e-13       0.000000000000e+00       3.194760199478e-16       8.254497687490e-17       3.195928993168e-18 
 2106       3.055516236840e-11       6.186764747264e-13      -4.840436574891e-13       0.000000000000e+00       3.188244250281e-16       8.216645372936e-17       3.311763601234e-18 
 2107       3.043721294396e-11       6.202490130124e-13      -4.600892963432e-13       0.000000000000e+00       3.181743826369e-16       8.178137433760e-17       3.426870641420e-18 
 2108       3.031817399274e-11       6.219522423249e-13      -4.365238406428e-13       0.000000000000e+00       3.175258871441e-16       8.138956106860e-17       3.541242283809e-18 
 2109       3.019806856128e-11       6.237850390709e-13      -4.133567866609e-13       0.000000000000e+00       3.168789333028e-16       8.099087783642e-17       3.654868618824e-18 
 2110       3.007692585727e-11       6.257452156544e-13      -3.905914039442e-13       0.000000000000e+00       3.162335175293e-16       8.058535693079e-17       3.767731470556e-18 
 2111       2.995477672434e-11       6.278303102258e-13      -3.682294046481e-13       0.000000000000e+00       3.155896366318e-16       8.017307306539e-17       3.879810540450e-18 
 2112       2.983165213000e-11       6.300378505913e-13      -3.462725039310e-13       0.000000000000e+00       3.149472873854e-16       7.975410128775e-17       3.991085460335e-18 
 2113       2.970758316576e-11       6.323653542005e-13      -3.247224199557e-13       0.000000000000e+00       3.143064665322e-16       7.932851697964e-17       4.101535792346e-18 
 2114       2.958260104729e-11       6.348103281335e-13      -3.035808738923e-13       0.000000000000e+00       3.136671707811e-16       7.889639585749e-17       4.211141028846e-18 
 2115       2.945673711455e-11       6.373702690880e-13      -2.828495899198e-13       0.000000000000e+00       3.130293968075e-16       7.845781397282e-17       4.319880592345e-18 
 2116       2.933002283199e-11       6.400426633676e-13      -2.625302952286e-13       0.000000000000e+00       3.123931412540e-16       7.801284771264e-17       4.427733835420e-18 
 2117       2.920248978863e-11       6.428249868679e-13      -2.426247200223e-13       0.000000000000e+00       3.117584007297e-16       7.756157379986e-17       4.534680040640e-18 
 2118       2.907416969828e-11       6.457147050648e-13      -2.231345975202e-13       0.000000000000e+00       3.111251718101e-16       7.710406929374e-17       4.640698420480e-18 
 2119       2.894509439961e-11       6.487092730016e-13      -2.040616639589e-13       0.000000000000e+00       3.104934510377e-16       7.664041159023e-17       4.745768117249e-18 
 2120       2.881529585638e-11       6.518061352761e-13      -1.854076585952e-13       0.000000000000e+00       3.098632349212e-16       7.617067842248e-17       4.849868203004e-18 
 2121       2.868480615753e-11       6.550027260283e-13      -1.671743237074e-13       0.000000000000e+00       3.092345199361e-16       7.569494786116e-17       4.952977679477e-18 
 2122       2.855365751735e-11       6.582964689275e-13      -1.493634045980e-13       0.000000000000e+00       3.086073025240e-16       7.521329831495e-17       5.055075477990e-18 
 2123       2.842188227566e-11       6.616847771601e-13      -1.319766495956e-13       0.000000000000e+00       3.079815790933e-16       7.472580853091e-17       5.156140459378e-18 
 2124       2.828951289788e-11       6.651650534161e-13      -1.150158100572e-13       0.000000000000e+00       3.073573460184e-16       7.423255759491e-17       5.256151413913e-18 
 2125       2.815658197527e-11       6.687346898775e-13      -9.848264037003e-14       0.000000000000e+00       3.067345996401e-16       7.373362493204e-17       5.355087061218e-18 
 2126       2.802312222500e-11       6.723910682048e-13      -8.237889795404e-14       0.000000000000e+00       3.061133362656e-16       7.322909030703e-17       5.452926050194e-18 
 2127       2.788916649038e-11       6.761315595249e-13      -6.670634326375e-14       0.000000000000e+00       3.054935521680e-16       7.271903382465e-17       5.549646958937e-18 
 2128       2.775474774091e-11       6.799535244182e-13      -5.146673979054e-14       0.000000000000e+00       3.048752435869e-16       7.220353593014e-17       5.645228294658e-18 
 2129       2.761989907254e-11       6.838543129059e-13      -3.666185406470e-14       0.000000000000e+00       3.042584067276e-16       7.168267740963e-17       5.739648493610e-18 
 2130       2.748465370771e-11       6.878312644378e-13      -2.229345565761e-14       0.000000000000e+00       3.036430377619e-16       7.115653939052e-17       5.832885920999e-18 
 2131       2.734904499560e-11       6.918817078790e-13      -8.363317183860e-15       0.000000000000e+00       3.030291328272e-16       7.062520334193e-17       5.924918870913e-18 
 2132       2.721310641220e-11       6.960029614979e-13       5.126785696639e-15       0.000000000000e+00       3.024166880271e-16       7.008875107509e-17       6.015725566239e-18 
 2133       2.707687156050e-11       7.001923329529e-13       1.817507427650e-14       0.000000000000e+00       3.018056994309e-16       6.954726474379e-17       6.105284158583e-18 
 2134       2.694037417062e-11       7.044471192803e-13       3.077976679874e-14       0.000000000000e+00       3.011961630740e-16       6.900082684475e-17       6.193572728195e-18 
 2135       2.680364809999e-11       7.087646068816e-13       4.293907845464e-14       0.000000000000e+00       3.005880749575e-16       6.844952021804e-17       6.280569283883e-18 
 2136       2.666672733346e-11       7.131420715106e-13       5.465122138164e-14       0.000000000000e+00       2.999814310481e-16       6.789342804755e-17       6.366251762939e-18 
 2137       2.652964598346e-11       7.175767782607e-13       6.591440466116e-14       0.000000000000e+00       2.993762272784e-16       6.733263386131e-17       6.450598031058e-18 
 2138       2.639243829017e-11       7.220659815528e-13       7.672683431651e-14       0.000000000000e+00       2.987724595465e-16       6.676722153200e-17       6.533585882261e-18 
 2139       2.625513862165e-11       7.266069251221e-13       8.708671331074e-14       0.000000000000e+00       2.981701237164e-16       6.619727527729e-17       6.615193038808e-18 
 2140       2.611778147399e-11       7.311968420055e-13       9.699224154453e-14       0.000000000000e+00       2.975692156173e-16       6.562287966031e-17       6.695397151130e-18 
 2141       2.598040147148e-11       7.358329545295e-13       1.064416158540e-13       0.000000000000e+00       2.969697310440e-16       6.504411959002e-17       6.774175797741e-18 
 2142       2.584303336671e-11       7.405124742969e-13       1.154330300087e-13       0.000000000000e+00       2.963716657570e-16       6.446108032164e-17       6.851506485161e-18 
 2143       2.570571204077e-11       7.452326021744e-13       1.239646747093e-13       0.000000000000e+00       2.957750154818e-16       6.387384745709e-17       6.927366647839e-18 
 2144       2.556847250338e-11       7.499905282801e-13       1.320347375856e-13       0.000000000000e+00       2.951797759097e-16       6.328250694537e-17       7.001733648072e-18 
 2145       2.543134989305e-11       7.547834319708e-13       1.396414031944e-13       0.000000000000e+00       2.945859426969e-16       6.268714508296e-17       7.074584775923e-18 
 2146       2.529437947719e-11       7.596084818292e-13       1.467828530173e-13       0.000000000000e+00       2.939935114652e-16       6.208784851431e-17       7.145897249148e-18 
 2147       2.515759665230e-11       7.644628356514e-13       1.534572654585e-13       0.000000000000e+00       2.934024778014e-16       6.148470423215e-17       7.215648213112e-18 
 2148       2.502103694411e-11       7.693436404341e-13       1.596628158429e-13       0.000000000000e+00       2.928128372575e-16       6.087779957801e-17       7.283814740708e-18 
 2149       2.488473600772e-11       7.742480323623e-13       1.653976764137e-13       0.000000000000e+00       2.922245853507e-16       6.026722224255e-17       7.350373832285e-18 
 2150       2.474872962777e-11       7.791731367963e-13       1.706600163306e-13       0.000000000000e+00       2.916377175632e-16       5.965306026600e-17       7.415302415561e-18 
 2151       2.461305371855e-11       7.841160682591e-13       1.754480016672e-13       0.000000000000e+00       2.910522293421e-16       5.903540203861e-17       7.478577345548e-18 
 2152       2.447774432418e-11       7.890739304240e-13       1.797597954094e-13       0.000000000000e+00       2.904681160997e-16       5.841433630102e-17       7.540175404472e-18 
 2153       2.434283761875e-11       7.940438161019e-13       1.835935574528e-13       0.000000000000e+00       2.898853732131e-16       5.778995214469e-17       7.600073301693e-18 
 2154       2.420836990649e-11       7.990228072282e-13       1.869474446009e-13       0.000000000000e+00       2.893039960242e-16       5.716233901230e-17       7.658247673625e-18 
 2155       2.407437762187e-11       8.040079748509e-13       1.898196105627e-13       0.000000000000e+00       2.887239798398e-16       5.653158669820e-17       7.714675083659e-18 
 2156       2.394089732979e-11       8.089963791173e-13       1.922082059509e-13       0.000000000000e+00       2.881453199314e-16       5.589778534880e-17       7.769332022083e-18 
 2157       2.380796572573e-11       8.139850692619e-13       1.941113782795e-13       0.000000000000e+00       2.875680115353e-16       5.526102546296e-17       7.822194906000e-18 
 2158       2.367561633361e-11       8.189712564930e-13       1.955285211729e-13       0.000000000000e+00       2.869920502050e-16       5.462143483391e-17       7.873250197192e-18 
 2159       2.354386957465e-11       8.239528339610e-13       1.964640312602e-13       0.000000000000e+00       2.864174328706e-16       5.397928964781e-17       7.922524830869e-18 
 2160       2.341274263149e-11       8.289278602927e-13       1.969235767616e-13       0.000000000000e+00       2.858441567868e-16       5.333490413963e-17       7.970055993175e-18 
 2161       2.328225274432e-11       8.338943870027e-13       1.969128506212e-13       0.000000000000e+00       2.852722191805e-16       5.268859372149e-17       8.015881022171e-18 
 2162       2.315241721102e-11       8.388504584863e-13       1.964375705369e-13       0.000000000000e+00       2.847016172510e-16       5.204067498402e-17       8.060037408013e-18 
 2163       2.302325338717e-11       8.437941120105e-13       1.955034789907e-13       0.000000000000e+00       2.841323481699e-16       5.139146569771e-17       8.102562793137e-18 
 2164       2.289477868615e-11       8.487233777063e-13       1.941163432787e-13       0.000000000000e+00       2.835644090808e-16       5.074128481434e-17       8.143494972441e-18 
 2165       2.276701057917e-11       8.536362785601e-13       1.922819555408e-13       0.000000000000e+00       2.829977970999e-16       5.009045246824e-17       8.182871893462e-18 
 2166       2.263996659538e-11       8.585308304060e-13       1.900061327912e-13       0.000000000000e+00       2.824325093153e-16       4.943928997776e-17       8.220731656560e-18 
 2167       2.251366432188e-11       8.634050419171e-13       1.872947169482e-13       0.000000000000e+00       2.818685427873e-16       4.878811984657e-17       8.257112515101e-18 
 2168       2.238812140383e-11       8.682569145977e-13       1.841535748641e-13       0.000000000000e+00       2.813058945484e-16       4.813726576505e-17       8.292052875634e-18 
 2169       2.226335554449e-11       8.730844427749e-13       1.805885983557e-13       0.000000000000e+00       2.807445616030e-16       4.748705261166e-17       8.325591298076e-18 
 2170       2.213938450529e-11       8.778856135905e-13       1.766057042339e-13       0.000000000000e+00       2.801845409276e-16       4.683780645429e-17       8.357766495892e-18 
 2171       2.201622610588e-11       8.826584069928e-13       1.722108343338e-13       0.000000000000e+00       2.796258294705e-16       4.618985455163e-17       8.388617336275e-18 
 2172       2.189389822423e-11       8.874007957284e-13       1.674099555452e-13       0.000000000000e+00       2.790684241523e-16       4.554352535455e-17       8.418182840331e-18 
 2173       2.177241879666e-11       8.921107453339e-13       1.622090598420e-13       0.000000000000e+00       2.785123218651e-16       4.489914850745e-17       8.446502183254e-18 
 2174       2.165180581790e-11       8.967862141280e-13       1.566141643126e-13       0.000000000000e+00       2.779575194730e-16       4.425705484962e-17       8.473614694516e-18 
 2175       2.153207734120e-11       9.014251532031e-13       1.506313111900e-13       0.000000000000e+00       2.774040138120e-16       4.361757641664e-17       8.499559858039e-18 
 2176       2.141325147834e-11       9.060255064169e-13       1.442665678815e-13       0.000000000000e+00       2.768518016898e-16       4.298104644169e-17       8.524377312383e-18 
 2177       2.129534639973e-11       9.105852103848e-13       1.375260269992e-13       0.000000000000e+00       2.763008798857e-16       4.234779935698e-17       8.548106850924e-18 
 2178       2.117838033446e-11       9.151021944712e-13       1.304158063897e-13       0.000000000000e+00       2.757512451509e-16       4.171817079506e-17       8.570788422039e-18 
 2179       2.106237157034e-11       9.195743807813e-13       1.229420491642e-13       0.000000000000e+00       2.752028942082e-16       4.109249759022e-17       8.592462129282e-18 
 2180       2.094733845404e-11       9.239996841534e-13       1.151109237287e-13       0.000000000000e+00       2.746558237518e-16       4.047111777984e-17       8.613168231567e-18 
 2181       2.083329939105e-11       9.283760121502e-13       1.069286238140e-13       0.000000000000e+00       2.741100304477e-16       3.985437060576e-17       8.632947143354e-18 
 2182       2.072027284583e-11       9.327012650510e-13       9.840136850553e-14       0.000000000000e+00       2.735655109333e-16       3.924259651565e-17       8.651839434824e-18 
 2183       2.060827734184e-11       9.369733358429e-13       8.953540227358e-14       0.000000000000e+00       2.730222618177e-16       3.863613716437e-17       8.669885832062e-18 
 2184       2.049733146159e-11       9.411901102136e-13       8.033699500337e-14       0.000000000000e+00       2.724802796812e-16       3.803533541534e-17       8.687127217241e-18 
 2185       2.038745384673e-11       9.453494665421e-13       7.081244202499e-14       0.000000000000e+00       2.719395610756e-16       3.744053534188e-17       8.703604628802e-18 
 2186       2.027866319810e-11       9.494492758914e-13       6.096806414352e-14       0.000000000000e+00       2.714001025240e-16       3.685208222864e-17       8.719359261633e-18 
 2187       2.017097827580e-11       9.534874019999e-13       5.081020766901e-14       0.000000000000e+00       2.708619005210e-16       3.627032257289e-17       8.734432467252e-18 
 2188       2.006441789925e-11       9.574617012732e-13       4.034524444658e-14       0.000000000000e+00       2.703249515323e-16       3.569560408594e-17       8.748865753990e-18 
 2189       1.995900094725e-11       9.613700227760e-13       2.957957188641e-14       0.000000000000e+00       2.697892519949e-16       3.512827569446e-17       8.762700787169e-18 
 2190       1.985474635806e-11       9.652102082239e-13       1.851961299383e-14       0.000000000000e+00       2.692547983171e-16       3.456868754191e-17       8.775979389286e-18 
 2191       1.975167312945e-11       9.689800919752e-13       7.171816399337e-15       0.000000000000e+00       2.687215868782e-16       3.401719098983e-17       8.788743540193e-18 
 2192       1.964980031876e-11       9.726775010227e-13      -4.457343611362e-15       0.000000000000e+00       2.681896140288e-16       3.347413861927e-17       8.801035377279e-18 
 2193       1.954914704298e-11       9.763002549856e-13      -1.636136706729e-14       0.000000000000e+00       2.676588760905e-16       3.293988423210e-17       8.812897195649e-18 
 2194       1.944973247881e-11       9.798461661011e-13      -2.853372828218e-14       0.000000000000e+00       2.671293693559e-16       3.241478285243e-17       8.824371448310e-18 
 2195       1.935157586270e-11       9.833130392166e-13      -4.096787582440e-14       0.000000000000e+00       2.666010900887e-16       3.189919072794e-17       8.835500746347e-18 
 2196       1.925469649095e-11       9.866986717809e-13      -5.365723248694e-14       0.000000000000e+00       2.660740345234e-16       3.139346533125e-17       8.846327859107e-18 
 2197       1.915911371975e-11       9.900008538367e-13      -6.659519525737e-14       0.000000000000e+00       2.655481988657e-16       3.089796536130e-17       8.856895714382e-18 
 2198       1.906484696526e-11       9.932173680119e-13      -7.977513528777e-14       0.000000000000e+00       2.650235792919e-16       3.041305074470e-17       8.867247398587e-18 
 2199       1.897191570366e-11       9.963459895117e-13      -9.319039786469e-14       0.000000000000e+00       2.645001719493e-16       2.993908263710e-17       8.877426156942e-18 
 2200       1.888033947122e-11       9.993844861101e-13      -1.068343023791e-13       0.000000000000e+00       2.639779729560e-16       2.947642342457e-17       8.887475393655e-18 
 2201       1.879013786436e-11       1.002330618142e-12      -1.207001422965e-13       0.000000000000e+00       2.634569784008e-16       2.902543672495e-17       8.897438672103e-18 
 2202       1.870133053973e-11       1.005182138495e-12      -1.347811851266e-13       0.000000000000e+00       2.629371843433e-16       2.858648738920e-17       8.907359715010e-18 
 2203       1.861393721424e-11       1.007936792602e-12      -1.490706723934e-13       0.000000000000e+00       2.624185868137e-16       2.815994150282e-17       8.917282404633e-18 
 2204       1.852797766516e-11       1.010592318430e-12      -1.635618196052e-13       0.000000000000e+00       2.619011818128e-16       2.774616638714e-17       8.927250782940e-18 
 2205       1.844347173018e-11       1.013146446475e-12      -1.782478162247e-13       0.000000000000e+00       2.613849653122e-16       2.734553060076e-17       8.937309051794e-18 
 2206       1.836043930744e-11       1.015596899755e-12      -1.931218256385e-13       0.000000000000e+00       2.608699332539e-16       2.695840394086e-17       8.947501573131e-18 
 2207       1.827889588587e-11       1.017941779335e-12      -2.081769680792e-13       0.000000000000e+00       2.603560818439e-16       2.658504199490e-17       8.957857878592e-18 
 2208       1.819883910356e-11       1.020180723733e-12      -2.234062693270e-13       0.000000000000e+00       2.598434084348e-16       2.622523895584e-17       8.968347589376e-18 
 2209       1.812026210032e-11       1.022313757192e-12      -2.388027116076e-13       0.000000000000e+00       2.593319106488e-16       2.587867250670e-17       8.978925197721e-18 
 2210       1.804315797934e-11       1.024340904840e-12      -2.543592505795e-13       0.000000000000e+00       2.588215860851e-16       2.554501905965e-17       8.989545030119e-18 
 2211       1.796751980713e-11       1.026262192692e-12      -2.700688153035e-13       0.000000000000e+00       2.583124323194e-16       2.522395375457e-17       9.000161247129e-18 
 2212       1.789334061345e-11       1.028077647650e-12      -2.859243082117e-13       0.000000000000e+00       2.578044469044e-16       2.491515045756e-17       9.010727843188e-18 
 2213       1.782061339131e-11       1.029787297507e-12      -3.019186050778e-13       0.000000000000e+00       2.572976273694e-16       2.461828175944e-17       9.021198646423e-18 
 2214       1.774933109688e-11       1.031391170945e-12      -3.180445549863e-13       0.000000000000e+00       2.567919712202e-16       2.433301897430e-17       9.031527318464e-18 
 2215       1.767948664947e-11       1.032889297540e-12      -3.342949803017e-13       0.000000000000e+00       2.562874759394e-16       2.405903213803e-17       9.041667354256e-18 
 2216       1.761107293148e-11       1.034281707759e-12      -3.506626766387e-13       0.000000000000e+00       2.557841389862e-16       2.379599000681e-17       9.051572081870e-18 
 2217       1.754408278835e-11       1.035568432966e-12      -3.671404128313e-13       0.000000000000e+00       2.552819577962e-16       2.354356005564e-17       9.061194662317e-18 
 2218       1.747850902850e-11       1.036749505419e-12      -3.837209309022e-13       0.000000000000e+00       2.547809297819e-16       2.330140847691e-17       9.070488089358e-18 
 2219       1.741434442331e-11       1.037824958273e-12      -4.003969460329e-13       0.000000000000e+00       2.542810523318e-16       2.306920017884e-17       9.079405189319e-18 
 2220       1.735158170707e-11       1.038794825584e-12      -4.171611465327e-13       0.000000000000e+00       2.537823228112e-16       2.284659878409e-17       9.087898620900e-18 
 2221       1.729021357692e-11       1.039659142306e-12      -4.340061938085e-13       0.000000000000e+00       2.532847385617e-16       2.263326662821e-17       9.095920874989e-18 
 2222       1.723023269279e-11       1.040417944294e-12      -4.509247223343e-13       0.000000000000e+00       2.527882969013e-16       2.242886475820e-17       9.103424274473e-18 
 2223       1.717163167741e-11       1.041071268305e-12      -4.679093396208e-13       0.000000000000e+00       2.522929951245e-16       2.223305293103e-17       9.110360974054e-18 
 2224       1.711440311620e-11       1.041619152002e-12      -4.849526261847e-13       0.000000000000e+00       2.517988305020e-16       2.204548961217e-17       9.116682960055e-18 
 2225       1.705853955727e-11       1.042061633951e-12      -5.020471355183e-13       0.000000000000e+00       2.513058002808e-16       2.186583197408e-17       9.122342050237e-18 
 2226       1.700403351134e-11       1.042398753625e-12      -5.191853940595e-13       0.000000000000e+00       2.508139016842e-16       2.169373589477e-17       9.127289893607e-18 
 2227       1.695087745172e-11       1.042630551404e-12      -5.363599011607e-13       0.000000000000e+00       2.503231319118e-16       2.152885595630e-17       9.131477970236e-18 
 2228       1.689906381425e-11       1.042757068578e-12      -5.535631290585e-13       0.000000000000e+00       2.498334881392e-16       2.137084544331e-17       9.134857591065e-18 
 2229       1.684858499726e-11       1.042778347347e-12      -5.707875228437e-13       0.000000000000e+00       2.493449675183e-16       2.121935634155e-17       9.137379897721e-18 
 2230       1.679943336153e-11       1.042694430822e-12      -5.880255004301e-13       0.000000000000e+00       2.488575671772e-16       2.107403933637e-17       9.138995862329e-18 
 2231       1.675160123021e-11       1.042505363027e-12      -6.052694525246e-13       0.000000000000e+00       2.483712842199e-16       2.093454381131e-17       9.139656287321e-18 
 2232       1.670508088883e-11       1.042211188902e-12      -6.225117425965e-13       0.000000000000e+00       2.478861157268e-16       2.080051784653e-17       9.139311805252e-18 
 2233       1.665986458521e-11       1.041811954299e-12      -6.397447068472e-13       0.000000000000e+00       2.474020587539e-16       2.067160821743e-17       9.137912878610e-18 
 2234       1.661594452942e-11       1.041307705989e-12      -6.569606541795e-13       0.000000000000e+00       2.469191103336e-16       2.054746039310e-17       9.135409799628e-18 
 2235       1.657331289375e-11       1.040698491661e-12      -6.741518661673e-13       0.000000000000e+00       2.464372674740e-16       2.042771853487e-17       9.131752690098e-18 
 2236       1.653196181266e-11       1.039984359924e-12      -6.913105970251e-13       0.000000000000e+00       2.459565271593e-16       2.031202549483e-17       9.126891501182e-18 
 2237       1.649188338272e-11       1.039165360306e-12      -7.084290735776e-13       0.000000000000e+00       2.454768863494e-16       2.020002281437e-17       9.120776013223e-18 
 2238       1.645306966258e-11       1.038241543257e-12      -7.254994952289e-13       0.000000000000e+00       2.449983419803e-16       2.009135072267e-17       9.113355835558e-18 
 2239       1.641551267290e-11       1.037212960153e-12      -7.425140339327e-13       0.000000000000e+00       2.445208909637e-16       1.998564813525e-17       9.104580406333e-18 
 2240       1.637920439635e-11       1.036079663292e-12      -7.594648341612e-13       0.000000000000e+00       2.440445301872e-16       1.988255265246e-17       9.094398992310e-18 
 2241       1.634413677752e-11       1.034841705899e-12      -7.763440128749e-13       0.000000000000e+00       2.435692565140e-16       1.978170055805e-17       9.082760688682e-18 
 2242       1.631030172288e-11       1.033499142125e-12      -7.931436594923e-13       0.000000000000e+00       2.430950667833e-16       1.968272681767e-17       9.069614418886e-18 
 2243       1.627769110076e-11       1.032052027052e-12      -8.098558358589e-13       0.000000000000e+00       2.426219578097e-16       1.958526507736e-17       9.054908934413e-18 
 2244       1.624629674128e-11       1.030500416689e-12      -8.264725762175e-13       0.000000000000e+00       2.421499263836e-16       1.948894766213e-17       9.038592814623e-18 
 2245       1.621611043631e-11       1.028844367977e-12      -8.429858871771e-13       0.000000000000e+00       2.416789692712e-16       1.939340557444e-17       9.020614466553e-18 
 2246       1.618712393941e-11       1.027083938792e-12      -8.593877476827e-13       0.000000000000e+00       2.412090832141e-16       1.929826849275e-17       9.000922124733e-18 
 2247       1.615932896583e-11       1.025219187939e-12      -8.756701089848e-13       0.000000000000e+00       2.407402649296e-16       1.920316477003e-17       8.979463850997e-18 
 2248       1.613271719241e-11       1.023250175163e-12      -8.918248946089e-13       0.000000000000e+00       2.402725111103e-16       1.910772143227e-17       8.956187534293e-18 
 2249       1.610728025757e-11       1.021176961142e-12      -9.078440003253e-13       0.000000000000e+00       2.398058184247e-16       1.901156417703e-17       8.931040890498e-18 
 2250       1.608300976123e-11       1.018999607492e-12      -9.237192941182e-13       0.000000000000e+00       2.393401835164e-16       1.891431737195e-17       8.903971462230e-18 
 2251       1.605989726482e-11       1.016718176770e-12      -9.394426161554e-13       0.000000000000e+00       2.388756030046e-16       1.881560405325e-17       8.874926618659e-18 
 2252       1.603793429115e-11       1.014332732471e-12      -9.550057787581e-13       0.000000000000e+00       2.384120734839e-16       1.871504592431e-17       8.843853555317e-18 
 2253       1.601711232445e-11       1.011843339033e-12      -9.704005663701e-13       0.000000000000e+00       2.379495915244e-16       1.861226335412e-17       8.810699293916e-18 
 2254       1.599742281029e-11       1.009250061837e-12      -9.856187355275e-13       0.000000000000e+00       2.374881536712e-16       1.850687537586e-17       8.775410682156e-18 
 2255       1.597885715549e-11       1.006552967206e-12      -1.000652014828e-12       0.000000000000e+00       2.370277564451e-16       1.839849968541e-17       8.737934393535e-18 
 2256       1.596140486301e-11       1.003752372603e-12      -1.015493070284e-12       0.000000000000e+00       2.365683965880e-16       1.828683155382e-17       8.698235903567e-18 
 2257       1.594504792313e-11       1.000849598976e-12      -1.030138408285e-12       0.000000000000e+00       2.361100718032e-16       1.817188112747e-17       8.656356553366e-18 
 2258       1.592976638575e-11       9.978462232968e-13      -1.044585491411e-12       0.000000000000e+00       2.356527800201e-16       1.805373766492e-17       8.612356855992e-18 
 2259       1.591554022213e-11       9.947438288172e-13      -1.058831774758e-12       0.000000000000e+00       2.351965191484e-16       1.793249076312e-17       8.566297553933e-18 
 2260       1.590234932480e-11       9.915440050770e-13      -1.072874705921e-12       0.000000000000e+00       2.347412870783e-16       1.780823035784e-17       8.518239619366e-18 
 2261       1.589017350747e-11       9.882483479116e-13      -1.086711724995e-12       0.000000000000e+00       2.342870816805e-16       1.768104672399e-17       8.468244254416e-18 
 2262       1.587899250494e-11       9.848584594587e-13      -1.100340264562e-12       0.000000000000e+00       2.338339008056e-16       1.755103047606e-17       8.416372891412e-18 
 2263       1.586878597301e-11       9.813759481658e-13      -1.113757749685e-12       0.000000000000e+00       2.333817422850e-16       1.741827256847e-17       8.362687193153e-18 
 2264       1.585953348838e-11       9.778024287971e-13      -1.126961597902e-12       0.000000000000e+00       2.329306039302e-16       1.728286429594e-17       8.307249053162e-18 
 2265       1.585121454860e-11       9.741395224412e-13      -1.139949219216e-12       0.000000000000e+00       2.324804835328e-16       1.714489729393e-17       8.250120595946e-18 
 2266       1.584380857191e-11       9.703888565178e-13      -1.152718016085e-12       0.000000000000e+00       2.320313788648e-16       1.700446353896e-17       8.191364177258e-18 
 2267       1.583729489722e-11       9.665520647850e-13      -1.165265383421e-12       0.000000000000e+00       2.315832876784e-16       1.686165534902e-17       8.131042384355e-18 
 2268       1.583165278398e-11       9.626307873469e-13      -1.177588708577e-12       0.000000000000e+00       2.311362077059e-16       1.671656538396e-17       8.069218036256e-18 
 2269       1.582686141211e-11       9.586266706602e-13      -1.189685371340e-12       0.000000000000e+00       2.306901366598e-16       1.656928664585e-17       8.005954184003e-18 
 2270       1.582289988188e-11       9.545413675418e-13      -1.201552743925e-12       0.000000000000e+00       2.302450722327e-16       1.641991247938e-17       7.941314110920e-18 
 2271       1.581974721386e-11       9.503765371760e-13      -1.213188190966e-12       0.000000000000e+00       2.298010120973e-16       1.626853657225e-17       7.875361332874e-18 
 2272       1.581738234880e-11       9.461338451216e-13      -1.224589069509e-12       0.000000000000e+00       2.293579539065e-16       1.611525295551e-17       7.808159598529e-18 
 2273       1.581578414756e-11       9.418149633188e-13      -1.235752729003e-12       0.000000000000e+00       2.289158952928e-16       1.596015600401e-17       7.739772889613e-18 
 2274       1.581493139099e-11       9.374215700971e-13      -1.246676511293e-12       0.000000000000e+00       2.284748338693e-16       1.580334043673e-17       7.670265421170e-18 
 2275       1.581480277987e-11       9.329553501819e-13      -1.257357750615e-12       0.000000000000e+00       2.280347672287e-16       1.564490131715e-17       7.599701641827e-18 
 2276       1.581537693484e-11       9.284179947019e-13      -1.267793773583e-12       0.000000000000e+00       2.275956929437e-16       1.548493405371e-17       7.528146234044e-18 
 2277       1.581663239623e-11       9.238112011963e-13      -1.277981899184e-12       0.000000000000e+00       2.271576085670e-16       1.532353440010e-17       7.455664114383e-18 
 2278       1.581854762404e-11       9.191366736222e-13      -1.287919438773e-12       0.000000000000e+00       2.267205116313e-16       1.516079845571e-17       7.382320433761e-18 
 2279       1.582110099786e-11       9.143961223614e-13      -1.297603696059e-12       0.000000000000e+00       2.262843996489e-16       1.499682266597e-17       7.308180577712e-18 
 2280       1.582427081670e-11       9.095912642278e-13      -1.307031967105e-12       0.000000000000e+00       2.258492701122e-16       1.483170382278e-17       7.233310166645e-18 
 2281       1.582803529899e-11       9.047238224748e-13      -1.316201540313e-12       0.000000000000e+00       2.254151204933e-16       1.466553906482e-17       7.157775056106e-18 
 2282       1.583237258242e-11       8.997955268021e-13      -1.325109696420e-12       0.000000000000e+00       2.249819482442e-16       1.449842587801e-17       7.081641337032e-18 
 2283       1.583726072390e-11       8.948081133633e-13      -1.333753708491e-12       0.000000000000e+00       2.245497507965e-16       1.433046209584e-17       7.004975336016e-18 
 2284       1.584267769946e-11       8.897633247727e-13      -1.342130841910e-12       0.000000000000e+00       2.241185255616e-16       1.416174589978e-17       6.927843615566e-18 
 2285       1.584860140411e-11       8.846629101130e-13      -1.350238354371e-12       0.000000000000e+00       2.236882699307e-16       1.399237581964e-17       6.850312974360e-18 
 2286       1.585500965183e-11       8.795086249420e-13      -1.358073495872e-12       0.000000000000e+00       2.232589812747e-16       1.382245073397e-17       6.772450447508e-18 
 2287       1.586188017542e-11       8.743022313001e-13      -1.365633508708e-12       0.000000000000e+00       2.228306569440e-16       1.365206987045e-17       6.694323306813e-18 
 2288       1.586919062644e-11       8.690454977174e-13      -1.372915627461e-12       0.000000000000e+00       2.224032942687e-16       1.348133280624e-17       6.615999061029e-18 
 2289       1.587691857509e-11       8.637401992208e-13      -1.379917078995e-12       0.000000000000e+00       2.219768905585e-16       1.331033946840e-17       6.537545456117e-18 
 2290       1.588504151018e-11       8.583881173417e-13      -1.386635082445e-12       0.000000000000e+00       2.215514431028e-16       1.313919013424e-17       6.459030475510e-18 
 2291       1.589353683895e-11       8.529910401224e-13      -1.393066849212e-12       0.000000000000e+00       2.211269491703e-16       1.296798543172e-17       6.380522340371e-18 
 2292       1.590238188707e-11       8.475507621239e-13      -1.399209582955e-12       0.000000000000e+00       2.207034060095e-16       1.279682633985e-17       6.302089509848e-18 
 2293       1.591155389849e-11       8.420690844330e-13      -1.405060479582e-12       0.000000000000e+00       2.202808108481e-16       1.262581418902e-17       6.223800681340e-18 
 2294       1.592103003538e-11       8.365478146692e-13      -1.410616727241e-12       0.000000000000e+00       2.198591608936e-16       1.245505066145e-17       6.145724790750e-18 
 2295       1.593078737802e-11       8.309887669925e-13      -1.415875506319e-12       0.000000000000e+00       2.194384533326e-16       1.228463779150e-17       6.067931012750e-18 
 2296       1.594080292472e-11       8.253937621099e-13      -1.420833989425e-12       0.000000000000e+00       2.190186853314e-16       1.211467796611e-17       5.990488761037e-18 
 2297       1.595105359175e-11       8.197646272830e-13      -1.425489341389e-12       0.000000000000e+00       2.185998540354e-16       1.194527392518e-17       5.913467688591e-18 
 2298       1.596151621320e-11       8.141031963352e-13      -1.429838719252e-12       0.000000000000e+00       2.181819565697e-16       1.177652876190e-17       5.836937687940e-18 
 2299       1.597216754093e-11       8.084113096588e-13      -1.433879272258e-12       0.000000000000e+00       2.177649900385e-16       1.160854592318e-17       5.760968891413e-18 
 2300       1.598298424450e-11       8.026908142223e-13      -1.437608141845e-12       0.000000000000e+00       2.173489515253e-16       1.144142921004e-17       5.685631671405e-18 
 2301       1.599394291100e-11       7.969435635774e-13      -1.441022461643e-12       0.000000000000e+00       2.169338380930e-16       1.127528277794e-17       5.610996640631e-18 
 2302       1.600502004504e-11       7.911714178664e-13      -1.444119357459e-12       0.000000000000e+00       2.165196467836e-16       1.111021113722e-17       5.537134652390e-18 
 2303       1.601619206863e-11       7.853762438295e-13      -1.446895947274e-12       0.000000000000e+00       2.161063746184e-16       1.094631915344e-17       5.464116800822e-18 
 2304       1.602743532108e-11       7.795599148115e-13      -1.449349341232e-12       0.000000000000e+00       2.156940185980e-16       1.078371204780e-17       5.392014421166e-18 
 2305       1.603872766311e-11       7.737242569985e-13      -1.451477613769e-12       0.000000000000e+00       2.152825759097e-16       1.062249233417e-17       5.320883088329e-18 
 2306       1.605005330041e-11       7.678708877376e-13      -1.453282726744e-12       0.000000000000e+00       2.148720445529e-16       1.046275060830e-17       5.250714500977e-18 
 2307       1.606139799057e-11       7.620013762045e-13      -1.454767624858e-12       0.000000000000e+00       2.144624227178e-16       1.030457470092e-17       5.181484292344e-18 
 2308       1.607274744154e-11       7.561172970871e-13      -1.455935265218e-12       0.000000000000e+00       2.140537085778e-16       1.014805273600e-17       5.113168004070e-18 
 2309       1.608408731166e-11       7.502202305916e-13      -1.456788617358e-12       0.000000000000e+00       2.136459002900e-16       9.993273131069e-18       5.045741086104e-18 
 2310       1.609540320955e-11       7.443117624484e-13      -1.457330663246e-12       0.000000000000e+00       2.132389959947e-16       9.840324597579e-18       4.979178896599e-18 
 2311       1.610668069407e-11       7.383934839182e-13      -1.457564397303e-12       0.000000000000e+00       2.128329938156e-16       9.689296141163e-18       4.913456701809e-18 
 2312       1.611790527429e-11       7.324669917980e-13      -1.457492826414e-12       0.000000000000e+00       2.124278918598e-16       9.540277061972e-18       4.848549675993e-18 
 2313       1.612906240940e-11       7.265338884271e-13      -1.457118969945e-12       0.000000000000e+00       2.120236882175e-16       9.393356954988e-18       4.784432901305e-18 
 2314       1.614013750869e-11       7.205957816928e-13      -1.456445859757e-12       0.000000000000e+00       2.116203809625e-16       9.248625710332e-18       4.721081367699e-18 
 2315       1.615111593146e-11       7.146542850367e-13      -1.455476540217e-12       0.000000000000e+00       2.112179681515e-16       9.106173513582e-18       4.658469972823e-18 
 2316       1.616198298700e-11       7.087110174608e-13      -1.454214068216e-12       0.000000000000e+00       2.108164478248e-16       8.966090846083e-18       4.596573521919e-18 
 2317       1.617272393453e-11       7.027676035329e-13      -1.452661513183e-12       0.000000000000e+00       2.104158180056e-16       8.828468485263e-18       4.535366727720e-18 
 2318       1.618332398311e-11       6.968256733933e-13      -1.450821957096e-12       0.000000000000e+00       2.100160767004e-16       8.693397504944e-18       4.474824210350e-18 
 2319       1.619376829165e-11       6.908868627603e-13      -1.448698494498e-12       0.000000000000e+00       2.096172218991e-16       8.560969275656e-18       4.414920497221e-18 
 2320       1.620404196879e-11       6.849528129364e-13      -1.446294232514e-12       0.000000000000e+00       2.092192515744e-16       8.431275464951e-18       4.355630022928e-18 
 2321       1.621413007289e-11       6.790251708142e-13      -1.443612290860e-12       0.000000000000e+00       2.088221636823e-16       8.304408037718e-18       4.296927129153e-18 
 2322       1.622401761198e-11       6.731055888824e-13      -1.440655801862e-12       0.000000000000e+00       2.084259561619e-16       8.180459256492e-18       4.238786064560e-18 
 2323       1.623368954365e-11       6.671957252318e-13      -1.437427910467e-12       0.000000000000e+00       2.080306269355e-16       8.059521681770e-18       4.181180984692e-18 
 2324       1.624313077507e-11       6.612972435614e-13      -1.433931774258e-12       0.000000000000e+00       2.076361739081e-16       7.941688172325e-18       4.124085951871e-18 
 2325       1.625232616290e-11       6.554118131841e-13      -1.430170563471e-12       0.000000000000e+00       2.072425949681e-16       7.827051885516e-18       4.067474935097e-18 
 2326       1.626126051321e-11       6.495411090332e-13      -1.426147461005e-12       0.000000000000e+00       2.068498879868e-16       7.715706277608e-18       4.011321809942e-18 
 2327       1.626991858148e-11       6.436868116676e-13      -1.421865662439e-12       0.000000000000e+00       2.064580508183e-16       7.607745104076e-18       3.955600358454e-18 
 2328       1.627828507252e-11       6.378506072785e-13      -1.417328376044e-12       0.000000000000e+00       2.060670813001e-16       7.503262419928e-18       3.900284269048e-18 
 2329       1.628634464041e-11       6.320341876952e-13      -1.412538822801e-12       0.000000000000e+00       2.056769772522e-16       7.402352580009e-18       3.845347136412e-18 
 2330       1.629408188844e-11       6.262392503909e-13      -1.407500236410e-12       0.000000000000e+00       2.052877364778e-16       7.305110239324e-18       3.790762461399e-18 
 2331       1.630148136909e-11       6.204674984888e-13      -1.402215863309e-12       0.000000000000e+00       2.048993567629e-16       7.211630353342e-18       3.736503650927e-18 
 2332       1.630852758395e-11       6.147206407681e-13      -1.396688962687e-12       0.000000000000e+00       2.045118358763e-16       7.122008178316e-18       3.682544017879e-18 
 2333       1.631520498367e-11       6.090003916699e-13      -1.390922806495e-12       0.000000000000e+00       2.041251715699e-16       7.036339271594e-18       3.628856780998e-18 
 2334       1.632149796790e-11       6.033084713035e-13      -1.384920679466e-12       0.000000000000e+00       2.037393615781e-16       6.954719491931e-18       3.575415064788e-18 
 2335       1.632739088526e-11       5.976466054520e-13      -1.378685879123e-12       0.000000000000e+00       2.033544036185e-16       6.877244999806e-18       3.522191899410e-18 
 2336       1.633286803325e-11       5.920165255783e-13      -1.372221715798e-12       0.000000000000e+00       2.029702953911e-16       6.804012257730e-18       3.469160220580e-18 
 2337       1.633791365823e-11       5.864199688316e-13      -1.365531512644e-12       0.000000000000e+00       2.025870345790e-16       6.735118030564e-18       3.416292869471e-18 
 2338       1.634251195535e-11       5.808586780526e-13      -1.358618605650e-12       0.000000000000e+00       2.022046188478e-16       6.670659385832e-18       3.363562592605e-18 
 2339       1.634664706850e-11       5.753344017802e-13      -1.351486343655e-12       0.000000000000e+00       2.018230458460e-16       6.610733694030e-18       3.310942041755e-18 
 2340       1.635030309025e-11       5.698488942570e-13      -1.344138088363e-12       0.000000000000e+00       2.014423132046e-16       6.555438628945e-18       3.258403773843e-18 
 2341       1.635346406181e-11       5.644039154356e-13      -1.336577214353e-12       0.000000000000e+00       2.010624185375e-16       6.504872167964e-18       3.205920250839e-18 
 2342       1.635611397296e-11       5.590012309844e-13      -1.328807109102e-12       0.000000000000e+00       2.006833594410e-16       6.459132592390e-18       3.153463839654e-18 
 2343       1.635823676201e-11       5.536426122937e-13      -1.320831172990e-12       0.000000000000e+00       2.003051334944e-16       6.418318487755e-18       3.101006812044e-18 
 2344       1.635981631572e-11       5.483298364816e-13      -1.312652819319e-12       0.000000000000e+00       1.999277382592e-16       6.382528744129e-18       3.048521344506e-18 
 2345       1.636083646929e-11       5.430646864001e-13      -1.304275474327e-12       0.000000000000e+00       1.995511712797e-16       6.351862556443e-18       2.995979518175e-18 
 2346       1.636128100627e-11       5.378489506408e-13      -1.295702577201e-12       0.000000000000e+00       1.991754300828e-16       6.326419424790e-18       2.943353318725e-18 
 2347       1.636113365853e-11       5.326844235413e-13      -1.286937580094e-12       0.000000000000e+00       1.988005121779e-16       6.306299154750e-18       2.890614636262e-18 
 2348       1.636037810618e-11       5.275729051910e-13      -1.277983948133e-12       0.000000000000e+00       1.984264150568e-16       6.291601857694e-18       2.837735265228e-18 
 2349       1.635899797753e-11       5.225162014370e-13      -1.268845159440e-12       0.000000000000e+00       1.980531361939e-16       6.282427951105e-18       2.784686904296e-18 
 2350       1.635697684905e-11       5.175161238901e-13      -1.259524705145e-12       0.000000000000e+00       1.976806730461e-16       6.278878158884e-18       2.731441156268e-18 
 2351       1.635429824531e-11       5.125744899309e-13      -1.250026089395e-12       0.000000000000e+00       1.973090230527e-16       6.281053511669e-18       2.677969527974e-18 
 2352       1.635094563888e-11       5.076931227159e-13      -1.240352829376e-12       0.000000000000e+00       1.969381836355e-16       6.289055347147e-18       2.624243430170e-18 
 2353       1.634690245036e-11       5.028738511830e-13      -1.230508455319e-12       0.000000000000e+00       1.965681521986e-16       6.302985310366e-18       2.570234177435e-18 
 2354       1.634215503895e-11       4.981182587110e-13      -1.220496720551e-12       0.000000000000e+00       1.961989263051e-16       6.322906163880e-18       2.515919369890e-18 
 2355       1.633670169486e-11       4.934269273755e-13      -1.210322233015e-12       0.000000000000e+00       1.958305042078e-16       6.348723951191e-18       2.461302081927e-18 
 2356       1.633054370272e-11       4.888001890041e-13      -1.199989827703e-12       0.000000000000e+00       1.954628843217e-16       6.380305101025e-18       2.406391792623e-18 
 2357       1.632368235604e-11       4.842383760976e-13      -1.189504357000e-12       0.000000000000e+00       1.950960650478e-16       6.417515550417e-18       2.351198014796e-18 
 2358       1.631611895716e-11       4.797418218297e-13      -1.178870690707e-12       0.000000000000e+00       1.947300447727e-16       6.460220744173e-18       2.295730295040e-18 
 2359       1.630785481728e-11       4.753108600486e-13      -1.168093716058e-12       0.000000000000e+00       1.943648218693e-16       6.508285634338e-18       2.239998213764e-18 
 2360       1.629889125651e-11       4.709458252767e-13      -1.157178337738e-12       0.000000000000e+00       1.940003946962e-16       6.561574679659e-18       2.184011385222e-18 
 2361       1.628922960380e-11       4.666470527116e-13      -1.146129477902e-12       0.000000000000e+00       1.936367615977e-16       6.619951845051e-18       2.127779457558e-18 
 2362       1.627887119705e-11       4.624148782264e-13      -1.134952076195e-12       0.000000000000e+00       1.932739209040e-16       6.683280601060e-18       2.071312112834e-18 
 2363       1.626781738303e-11       4.582496383704e-13      -1.123651089769e-12       0.000000000000e+00       1.929118709313e-16       6.751423923332e-18       2.014619067073e-18 
 2364       1.625606951744e-11       4.541516703698e-13      -1.112231493303e-12       0.000000000000e+00       1.925506099814e-16       6.824244292073e-18       1.957710070290e-18 
 2365       1.624362896493e-11       4.501213121278e-13      -1.100698279022e-12       0.000000000000e+00       1.921901363419e-16       6.901603691520e-18       1.900594906531e-18 
 2366       1.623049709907e-11       4.461589022254e-13      -1.089056456715e-12       0.000000000000e+00       1.918304482861e-16       6.983363609400e-18       1.843283393909e-18 
 2367       1.621667530238e-11       4.422647799222e-13      -1.077311053754e-12       0.000000000000e+00       1.914715440733e-16       7.069385036398e-18       1.785785384640e-18 
 2368       1.620216496638e-11       4.384392851564e-13      -1.065467115113e-12       0.000000000000e+00       1.911134219481e-16       7.159528465622e-18       1.728110765079e-18 
 2369       1.618696749152e-11       4.346827585458e-13      -1.053529703385e-12       0.000000000000e+00       1.907560801411e-16       7.253653892069e-18       1.670269455758e-18 
 2370       1.617108428726e-11       4.309955413881e-13      -1.041503898806e-12       0.000000000000e+00       1.903995168685e-16       7.351620812085e-18       1.612271411418e-18 
 2371       1.615451677206e-11       4.273779756617e-13      -1.029394799266e-12       0.000000000000e+00       1.900437303321e-16       7.453288222839e-18       1.554126621050e-18 
 2372       1.613726637338e-11       4.238304040259e-13      -1.017207520335e-12       0.000000000000e+00       1.896887187195e-16       7.558514621778e-18       1.495845107929e-18 
 2373       1.611933452769e-11       4.203531698216e-13      -1.004947195278e-12       0.000000000000e+00       1.893344802038e-16       7.667158006099e-18       1.437436929651e-18 
 2374       1.610072268051e-11       4.169466170721e-13      -9.926189750732e-13       0.000000000000e+00       1.889810129436e-16       7.779075872211e-18       1.378912178168e-18 
 2375       1.608143228638e-11       4.136110904832e-13      -9.802280284342e-13       0.000000000000e+00       1.886283150833e-16       7.894125215202e-18       1.320280979825e-18 
 2376       1.606146480891e-11       4.103469354440e-13      -9.677795418252e-13       0.000000000000e+00       1.882763847528e-16       8.012162528301e-18       1.261553495396e-18 
 2377       1.604082172076e-11       4.071544980275e-13      -9.552787194818e-13       0.000000000000e+00       1.879252200674e-16       8.133043802345e-18       1.202739920124e-18 
 2378       1.601950450367e-11       4.040341249910e-13      -9.427307834292e-13       0.000000000000e+00       1.875748191281e-16       8.256624525246e-18       1.143850483749e-18 
 2379       1.599751464847e-11       4.009861637767e-13      -9.301409735009e-13       0.000000000000e+00       1.872251800214e-16       8.382759681452e-18       1.084895450552e-18 
 2380       1.597485365506e-11       3.980109625123e-13      -9.175145473580e-13       0.000000000000e+00       1.868763008192e-16       8.511303751412e-18       1.025885119389e-18 
 2381       1.595152303248e-11       3.951088700113e-13      -9.048567805071e-13       0.000000000000e+00       1.865281795790e-16       8.642110711046e-18       9.668298237240e-19 
 2382       1.592752429886e-11       3.922802357741e-13      -8.921729663199e-13       0.000000000000e+00       1.861808143435e-16       8.775034031206e-18       9.077399316704e-19 
 2383       1.590285898148e-11       3.895254099879e-13      -8.794684160516e-13       0.000000000000e+00       1.858342031412e-16       8.909926677141e-18       8.486258460239e-19 
 2384       1.587752861675e-11       3.868447435275e-13      -8.667484588598e-13       0.000000000000e+00       1.854883439856e-16       9.046641107963e-18       7.894980042995e-19 
 2385       1.585153475021e-11       3.842385879563e-13      -8.540184418232e-13       0.000000000000e+00       1.851432348760e-16       9.185029276112e-18       7.303668787683e-19 
 2386       1.582487893661e-11       3.817072955258e-13      -8.412837299602e-13       0.000000000000e+00       1.847988737969e-16       9.324942626822e-18       6.712429764933e-19 
 2387       1.579756273981e-11       3.792512191774e-13      -8.285497062483e-13       0.000000000000e+00       1.844552587181e-16       9.466232097582e-18       6.121368393655e-19 
 2388       1.576958773291e-11       3.768707125418e-13      -8.158217716421e-13       0.000000000000e+00       1.841123875947e-16       9.608748117607e-18       5.530590441408e-19 
 2389       1.574095549816e-11       3.745661299405e-13      -8.031053450926e-13       0.000000000000e+00       1.837702583674e-16       9.752340607299e-18       4.940202024757e-19 
 2390       1.571166762705e-11       3.723378263855e-13      -7.904058635659e-13       0.000000000000e+00       1.834288689620e-16       9.896858977711e-18       4.350309609638e-19 
 2391       1.568172572025e-11       3.701861575807e-13      -7.777287820619e-13       0.000000000000e+00       1.830882172895e-16       1.004215213002e-17       3.761020011719e-19 
 2392       1.565113138770e-11       3.681114799217e-13      -7.650795736331e-13       0.000000000000e+00       1.827483012464e-16       1.018806845497e-17       3.172440396766e-19 
 2393       1.561988624853e-11       3.661141504967e-13      -7.524637294032e-13       0.000000000000e+00       1.824091187142e-16       1.033445583238e-17       2.584678281002e-19 
 2394       1.558799193116e-11       3.641945270870e-13      -7.398867585864e-13       0.000000000000e+00       1.820706675599e-16       1.048116163055e-17       1.997841531471e-19 
 2395       1.555545007325e-11       3.623529681678e-13      -7.273541885056e-13       0.000000000000e+00       1.817329456354e-16       1.062803270579e-17       1.412038366402e-19 
 2396       1.552226232172e-11       3.605898329080e-13      -7.148715646114e-13       0.000000000000e+00       1.813959507782e-16       1.077491540182e-17       8.273773555676e-20 
 2397       1.548843033279e-11       3.589054811718e-13      -7.024444505012e-13       0.000000000000e+00       1.810596808105e-16       1.092165554931e-17       2.439674206522e-20 
 2398       1.545395577197e-11       3.573002735182e-13      -6.900784279374e-13       0.000000000000e+00       1.807241335399e-16       1.106809846525e-17      -3.380821643897e-20 
 2399       1.541884031407e-11       3.557745712024e-13      -6.777790968665e-13       0.000000000000e+00       1.803893067593e-16       1.121408895251e-17      -9.186617729688e-20 
 2400       1.538308564320e-11       3.543287361757e-13      -6.655520754381e-13       0.000000000000e+00       1.800551982464e-16       1.135947129925e-17      -1.497661425499e-19 
 2401       1.534669345282e-11       3.529631310865e-13      -6.534030000232e-13       0.000000000000e+00       1.797218057641e-16       1.150408927840e-17      -2.074970789036e-19 
 2402       1.530966544571e-11       3.516781192807e-13      -6.413375252333e-13       0.000000000000e+00       1.793891270606e-16       1.164778614711e-17      -2.650479176910e-19 
 2403       1.527200501770e-11       3.504738548818e-13      -6.293607787864e-13       0.000000000000e+00       1.790571600195e-16       1.179043356409e-17      -3.224064319372e-19 
 2404       1.523372231992e-11       3.493496516338e-13      -6.174757224376e-13       0.000000000000e+00       1.787259031138e-16       1.193201853514e-17      -3.795558601459e-19 
 2405       1.519482922741e-11       3.483046102136e-13      -6.056847810990e-13       0.000000000000e+00       1.783953549549e-16       1.207255699631e-17      -4.364782618688e-19 
 2406       1.515533765827e-11       3.473378277988e-13      -5.939903870928e-13       0.000000000000e+00       1.780655141421e-16       1.221206494420e-17      -4.931556386775e-19 
 2407       1.511525957372e-11       3.464483980634e-13      -5.823949801592e-13       0.000000000000e+00       1.777363792630e-16       1.235055843606e-17      -5.495699341043e-19 
 2408       1.507460697812e-11       3.456354111741e-13      -5.709010074633e-13       0.000000000000e+00       1.774079488928e-16       1.248805358983e-17      -6.057030335825e-19 
 2409       1.503339191902e-11       3.448979537867e-13      -5.595109236029e-13       0.000000000000e+00       1.770802215951e-16       1.262456658424e-17      -6.615367643866e-19 
 2410       1.499162648723e-11       3.442351090421e-13      -5.482271906159e-13       0.000000000000e+00       1.767531959210e-16       1.276011365882e-17      -7.170528955729e-19 
 2411       1.494932281685e-11       3.436459565625e-13      -5.370522779879e-13       0.000000000000e+00       1.764268704100e-16       1.289471111402e-17      -7.722331379199e-19 
 2412       1.490649308529e-11       3.431295724476e-13      -5.259886626591e-13       0.000000000000e+00       1.761012435891e-16       1.302837531124e-17      -8.270591438687e-19 
 2413       1.486314951338e-11       3.426850292708e-13      -5.150388290325e-13       0.000000000000e+00       1.757763139737e-16       1.316112267292e-17      -8.815125074634e-19 
 2414       1.481930436536e-11       3.423113960754e-13      -5.042052689810e-13       0.000000000000e+00       1.754520800665e-16       1.329296968258e-17      -9.355747642915e-19 
 2415       1.477496994893e-11       3.420077383707e-13      -4.934904818546e-13       0.000000000000e+00       1.751285403586e-16       1.342393288492e-17      -9.892273914242e-19 
 2416       1.473015861533e-11       3.417731181283e-13      -4.828969744884e-13       0.000000000000e+00       1.748056933288e-16       1.355402888585e-17      -1.042451807357e-18 
 2417       1.468488275936e-11       3.416065937784e-13      -4.724272612097e-13       0.000000000000e+00       1.744835374435e-16       1.368327435258e-17      -1.095229371950e-18 
 2418       1.463915481943e-11       3.415072202054e-13      -4.620838638455e-13       0.000000000000e+00       1.741620711573e-16       1.381168601367e-17      -1.147541386369e-18 
 2419       1.459298727760e-11       3.414740487449e-13      -4.518693117301e-13       0.000000000000e+00       1.738412929125e-16       1.393928065912e-17      -1.199369093025e-18 
 2420       1.454639265965e-11       3.415061271794e-13      -4.417861417123e-13       0.000000000000e+00       1.735212011390e-16       1.406607514039e-17      -1.250693675513e-18 
 2421       1.449938353511e-11       3.416024997345e-13      -4.318368981631e-13       0.000000000000e+00       1.732017942547e-16       1.419208637052e-17      -1.301496258557e-18 
 2422       1.445197251727e-11       3.417622070753e-13      -4.220241329832e-13       0.000000000000e+00       1.728830706654e-16       1.431733132416e-17      -1.351757907946e-18 
 2423       1.440417226330e-11       3.419842863022e-13      -4.123504056101e-13       0.000000000000e+00       1.725650287642e-16       1.444182703765e-17      -1.401459630477e-18 
 2424       1.435599547425e-11       3.422677709476e-13      -4.028182830259e-13       0.000000000000e+00       1.722476669324e-16       1.456559060908e-17      -1.450582373894e-18 
 2425       1.430745489509e-11       3.426116909717e-13      -3.934303397647e-13       0.000000000000e+00       1.719309835388e-16       1.468863919835e-17      -1.499107026830e-18 
 2426       1.425856331477e-11       3.430150727588e-13      -3.841891579199e-13       0.000000000000e+00       1.716149769400e-16       1.481099002726e-17      -1.547014418744e-18 
 2427       1.420933356628e-11       3.434769391136e-13      -3.750973271518e-13       0.000000000000e+00       1.712996454801e-16       1.493266037955e-17      -1.594285319866e-18 
 2428       1.415977852666e-11       3.439963092572e-13      -3.661574446951e-13       0.000000000000e+00       1.709849874911e-16       1.505366760096e-17      -1.640900441134e-18 
 2429       1.410991111709e-11       3.445721988233e-13      -3.573721153662e-13       0.000000000000e+00       1.706710012927e-16       1.517402909934e-17      -1.686840434137e-18 
 2430       1.405974430289e-11       3.452036198547e-13      -3.487439515707e-13       0.000000000000e+00       1.703576851919e-16       1.529376234466e-17      -1.732085891051e-18 
 2431       1.400929109361e-11       3.458895807989e-13      -3.402755733109e-13       0.000000000000e+00       1.700450374838e-16       1.541288486912e-17      -1.776617344586e-18 
 2432       1.395856454302e-11       3.466290865049e-13      -3.319696081933e-13       0.000000000000e+00       1.697330564507e-16       1.553141426719e-17      -1.820415267921e-18 
 2433       1.390757774924e-11       3.474211382191e-13      -3.238286914360e-13       0.000000000000e+00       1.694217403627e-16       1.564936819567e-17      -1.863460074646e-18 
 2434       1.385634385469e-11       3.482647335812e-13      -3.158554658762e-13       0.000000000000e+00       1.691110874775e-16       1.576676437380e-17      -1.905732118702e-18 
 2435       1.380487604621e-11       3.491588666209e-13      -3.080525819774e-13       0.000000000000e+00       1.688010960403e-16       1.588362058326e-17      -1.947211694325e-18 
 2436       1.375318755507e-11       3.501025277541e-13      -3.004226978375e-13       0.000000000000e+00       1.684917642840e-16       1.599995466829e-17      -1.987879035980e-18 
 2437       1.370129165702e-11       3.510947037784e-13      -2.929684791954e-13       0.000000000000e+00       1.681830904287e-16       1.611578453574e-17      -2.027714318307e-18 
 2438       1.364920167234e-11       3.521343778700e-13      -2.856925994392e-13       0.000000000000e+00       1.678750726824e-16       1.623112815512e-17      -2.066697656058e-18 
 2439       1.359693096589e-11       3.532205295797e-13      -2.785977396131e-13       0.000000000000e+00       1.675677092405e-16       1.634600355868e-17      -2.104809104040e-18 
 2440       1.354449294715e-11       3.543521348287e-13      -2.716865884254e-13       0.000000000000e+00       1.672609982856e-16       1.646042884148e-17      -2.142028657054e-18 
 2441       1.349190107028e-11       3.555281659054e-13      -2.649618422554e-13       0.000000000000e+00       1.669549379883e-16       1.657442216144e-17      -2.178336249833e-18 
 2442       1.343916883413e-11       3.567475914612e-13      -2.584262051612e-13       0.000000000000e+00       1.666495265061e-16       1.668800173942e-17      -2.213711756988e-18 
 2443       1.338630978231e-11       3.580093765068e-13      -2.520823888873e-13       0.000000000000e+00       1.663447619845e-16       1.680118585927e-17      -2.248134992944e-18 
 2444       1.333333750327e-11       3.593124824081e-13      -2.459331128715e-13       0.000000000000e+00       1.660406425559e-16       1.691399286793e-17      -2.281585711883e-18 
 2445       1.328026563028e-11       3.606558668831e-13      -2.399811042529e-13       0.000000000000e+00       1.657371663405e-16       1.702644117545e-17      -2.314043607680e-18 
 2446       1.322710784150e-11       3.620384839971e-13      -2.342290978792e-13       0.000000000000e+00       1.654343314457e-16       1.713854925508e-17      -2.345488313850e-18 
 2447       1.317387786006e-11       3.634592841600e-13      -2.286798363139e-13       0.000000000000e+00       1.651321359663e-16       1.725033564335e-17      -2.375899403483e-18 
 2448       1.312058945407e-11       3.649172141213e-13      -2.233360698441e-13       0.000000000000e+00       1.648305779846e-16       1.736181894009e-17      -2.405256389187e-18 
 2449       1.306725643666e-11       3.664112169674e-13      -2.182005564879e-13       0.000000000000e+00       1.645296555701e-16       1.747301780855e-17      -2.433538723029e-18 
 2450       1.301389266606e-11       3.679402321169e-13      -2.132760620018e-13       0.000000000000e+00       1.642293667797e-16       1.758395097542e-17      -2.460725796472e-18 
 2451       1.296051204562e-11       3.695031953174e-13      -2.085653598878e-13       0.000000000000e+00       1.639297096576e-16       1.769463723095e-17      -2.486796940318e-18 
 2452       1.290712787481e-11       3.710990251213e-13      -2.040705329006e-13       0.000000000000e+00       1.636306823645e-16       1.780509922778e-17      -2.511738831297e-18 
 2453       1.285375089786e-11       3.727265822343e-13      -1.997908729930e-13       0.000000000000e+00       1.633322835654e-16       1.791537490245e-17      -2.535567760278e-18 
 2454       1.280039124358e-11       3.743847099168e-13      -1.957249688446e-13       0.000000000000e+00       1.630345120443e-16       1.802550612222e-17      -2.558307496914e-18 
 2455       1.274705907335e-11       3.760722474774e-13      -1.918714032174e-13       0.000000000000e+00       1.627373665748e-16       1.813553489266e-17      -2.579981895156e-18 
 2456       1.269376458116e-11       3.777880302693e-13      -1.882287529493e-13       0.000000000000e+00       1.624408459204e-16       1.824550335771e-17      -2.600614893340e-18 
 2457       1.264051799369e-11       3.795308896859e-13      -1.847955889475e-13       0.000000000000e+00       1.621449488342e-16       1.835545379987e-17      -2.620230514280e-18 
 2458       1.258732957027e-11       3.812996531568e-13      -1.815704761825e-13       0.000000000000e+00       1.618496740592e-16       1.846542864031e-17      -2.638852865351e-18 
 2459       1.253420960295e-11       3.830931441438e-13      -1.785519736809e-13       0.000000000000e+00       1.615550203280e-16       1.857547043905e-17      -2.656506138581e-18 
 2460       1.248116841656e-11       3.849101821367e-13      -1.757386345196e-13       0.000000000000e+00       1.612609863630e-16       1.868562189505e-17      -2.673214610735e-18 
 2461       1.242821636869e-11       3.867495826493e-13      -1.731290058190e-13       0.000000000000e+00       1.609675708765e-16       1.879592584640e-17      -2.689002643409e-18 
 2462       1.237536384975e-11       3.886101572150e-13      -1.707216287364e-13       0.000000000000e+00       1.606747725701e-16       1.890642527044e-17      -2.703894683113e-18 
 2463       1.232262128301e-11       3.904907133835e-13      -1.685150384598e-13       0.000000000000e+00       1.603825901353e-16       1.901716328390e-17      -2.717915261360e-18 
 2464       1.226999912460e-11       3.923900547157e-13      -1.665077642014e-13       0.000000000000e+00       1.600910222534e-16       1.912818314303e-17      -2.731088994757e-18 
 2465       1.221750786360e-11       3.943069807804e-13      -1.646983291909e-13       0.000000000000e+00       1.598000675951e-16       1.923952824377e-17      -2.743440585091e-18 
 2466       1.216515802202e-11       3.962402871499e-13      -1.630852506691e-13       0.000000000000e+00       1.595097248209e-16       1.935124212188e-17      -2.754994819418e-18 
 2467       1.211296015484e-11       3.981887653958e-13      -1.616670398816e-13       0.000000000000e+00       1.592199925809e-16       1.946336845308e-17      -2.765776570149e-18 
 2468       1.206092485008e-11       4.001512030854e-13      -1.604422020720e-13       0.000000000000e+00       1.589308695148e-16       1.957595105318e-17      -2.775810795143e-18 
 2469       1.200906272880e-11       4.021263837769e-13      -1.594092364759e-13       0.000000000000e+00       1.586423542520e-16       1.968903387823e-17      -2.785122537789e-18 
 2470       1.195738444513e-11       4.041130870159e-13      -1.585666363139e-13       0.000000000000e+00       1.583544454113e-16       1.980266102467e-17      -2.793736927099e-18 
 2471       1.190590068633e-11       4.061100883311e-13      -1.579128887854e-13       0.000000000000e+00       1.580671416012e-16       1.991687672947e-17      -2.801679177794e-18 
 2472       1.185462217278e-11       4.081161592304e-13      -1.574464750622e-13       0.000000000000e+00       1.577804414199e-16       2.003172537025e-17      -2.808974590393e-18 
 2473       1.180355965808e-11       4.101300671962e-13      -1.571658702816e-13       0.000000000000e+00       1.574943434550e-16       2.014725146546e-17      -2.815648551301e-18 
 2474       1.175272392902e-11       4.121505756822e-13      -1.570695435407e-13       0.000000000000e+00       1.572088462835e-16       2.026349967449e-17      -2.821726532897e-18 
 2475       1.170212580562e-11       4.141764441087e-13      -1.571559578890e-13       0.000000000000e+00       1.569239484722e-16       2.038051479780e-17      -2.827234093621e-18 
 2476       1.165177614122e-11       4.162064278588e-13      -1.574235703226e-13       0.000000000000e+00       1.566396485772e-16       2.049834177712e-17      -2.832196878066e-18 
 2477       1.160168582243e-11       4.182392782740e-13      -1.578708317774e-13       0.000000000000e+00       1.563559451444e-16       2.061702569552e-17      -2.836640617060e-18 
 2478       1.155186576922e-11       4.202737426506e-13      -1.584961871227e-13       0.000000000000e+00       1.560728367088e-16       2.073661177761e-17      -2.840591127761e-18 
 2479       1.150232693495e-11       4.223085642351e-13      -1.592980751548e-13       0.000000000000e+00       1.557903217952e-16       2.085714538963e-17      -2.844074313741e-18 
 2480       1.145308030639e-11       4.243424822205e-13      -1.602749285904e-13       0.000000000000e+00       1.555083989177e-16       2.097867203965e-17      -2.847116165074e-18 
 2481       1.140413690372e-11       4.263742317421e-13      -1.614251740602e-13       0.000000000000e+00       1.552270665798e-16       2.110123737766e-17      -2.849742758426e-18 
 2482       1.135550778064e-11       4.284025438734e-13      -1.627472321024e-13       0.000000000000e+00       1.549463232747e-16       2.122488719574e-17      -2.851980257144e-18 
 2483       1.130720402434e-11       4.304261456218e-13      -1.642395171562e-13       0.000000000000e+00       1.546661674846e-16       2.134966742818e-17      -2.853854911340e-18 
 2484       1.125923675554e-11       4.324437599251e-13      -1.659004375553e-13       0.000000000000e+00       1.543865976816e-16       2.147562415164e-17      -2.855393057984e-18 
 2485       1.121161712856e-11       4.344541056467e-13      -1.677283955215e-13       0.000000000000e+00       1.541076123267e-16       2.160280358530e-17      -2.856621120989e-18 
 2486       1.116435633132e-11       4.364558975720e-13      -1.697217871583e-13       0.000000000000e+00       1.538292098708e-16       2.173125209097e-17      -2.857565611300e-18 
 2487       1.111746558536e-11       4.384478464042e-13      -1.718790024441e-13       0.000000000000e+00       1.535513887538e-16       2.186101617326e-17      -2.858253126982e-18 
 2488       1.107095614593e-11       4.404286587602e-13      -1.741984252261e-13       0.000000000000e+00       1.532741474050e-16       2.199214247969e-17      -2.858710353312e-18 
 2489       1.102483930197e-11       4.423970371664e-13      -1.766784332134e-13       0.000000000000e+00       1.529974842432e-16       2.212467780088e-17      -2.858964062859e-18 
 2490       1.097912637616e-11       4.443516800548e-13      -1.793173979712e-13       0.000000000000e+00       1.527213976764e-16       2.225866907065e-17      -2.859041115579e-18 
 2491       1.093382872494e-11       4.462912817589e-13      -1.821136849134e-13       0.000000000000e+00       1.524458861020e-16       2.239416336616e-17      -2.858968458902e-18 
 2492       1.088895773859e-11       4.482145325094e-13      -1.850656532969e-13       0.000000000000e+00       1.521709479068e-16       2.253120790810e-17      -2.858773127819e-18 
 2493       1.084452484119e-11       4.501201184305e-13      -1.881716562149e-13       0.000000000000e+00       1.518965814665e-16       2.266985006077e-17      -2.858482244969e-18 
 2494       1.080054149072e-11       4.520067215353e-13      -1.914300405902e-13       0.000000000000e+00       1.516227851466e-16       2.281013733226e-17      -2.858123020729e-18 
 2495       1.075701917907e-11       4.538730197223e-13      -1.948391471688e-13       0.000000000000e+00       1.513495573015e-16       2.295211737458e-17      -2.857722753304e-18 
 2496       1.071396943203e-11       4.557176867708e-13      -1.983973105138e-13       0.000000000000e+00       1.510768962750e-16       2.309583798379e-17      -2.857308828811e-18 
 2497       1.067140380940e-11       4.575393923371e-13      -2.021028589984e-13       0.000000000000e+00       1.508048004001e-16       2.324134710019e-17      -2.856908721369e-18 
 2498       1.062933390497e-11       4.593368019505e-13      -2.059541147996e-13       0.000000000000e+00       1.505332679991e-16       2.338869280837e-17      -2.856549993189e-18 
 2499       1.058777134656e-11       4.611085770088e-13      -2.099493938920e-13       0.000000000000e+00       1.502622973835e-16       2.353792333747e-17      -2.856260294659e-18 
 2500       1.054672779608e-11       4.628533747747e-13      -2.140870060408e-13       0.000000000000e+00       1.499918868538e-16       2.368908706120e-17      -2.856067364434e-18 
 2501       1.050621304674e-11       4.645699984656e-13      -2.183649938321e-13       0.000000000000e+00       1.497220348108e-16       2.384220013756e-17      -2.855994398965e-18 
 2502       1.046622930260e-11       4.662578484932e-13      -2.227803481043e-13       0.000000000000e+00       1.494527400880e-16       2.399714922038e-17      -2.856046131282e-18 
 2503       1.042677686565e-11       4.679164738572e-13      -2.273297879104e-13       0.000000000000e+00       1.491840016210e-16       2.415378817844e-17      -2.856222670880e-18 
 2504       1.038785603547e-11       4.695454222910e-13      -2.320100210528e-13       0.000000000000e+00       1.489158183365e-16       2.431197040375e-17      -2.856524126878e-18 
 2505       1.034946710929e-11       4.711442402594e-13      -2.368177440717e-13       0.000000000000e+00       1.486481891526e-16       2.447154881112e-17      -2.856950608020e-18 
 2506       1.031161038197e-11       4.727124729578e-13      -2.417496422340e-13       0.000000000000e+00       1.483811129787e-16       2.463237583763e-17      -2.857502222672e-18 
 2507       1.027428614597e-11       4.742496643114e-13      -2.468023895214e-13       0.000000000000e+00       1.481145887152e-16       2.479430344220e-17      -2.858179078821e-18 
 2508       1.023749469139e-11       4.757553569733e-13      -2.519726486194e-13       0.000000000000e+00       1.478486152539e-16       2.495718310506e-17      -2.858981284076e-18 
 2509       1.020123630594e-11       4.772290923237e-13      -2.572570709054e-13       0.000000000000e+00       1.475831914780e-16       2.512086582732e-17      -2.859908945668e-18 
 2510       1.016551127493e-11       4.786704104686e-13      -2.626522964373e-13       0.000000000000e+00       1.473183162616e-16       2.528520213044e-17      -2.860962170447e-18 
 2511       1.013031988128e-11       4.800788502385e-13      -2.681549539422e-13       0.000000000000e+00       1.470539884701e-16       2.545004205581e-17      -2.862141064882e-18 
 2512       1.009566240552e-11       4.814539491876e-13      -2.737616608049e-13       0.000000000000e+00       1.467902069603e-16       2.561523516423e-17      -2.863445735062e-18 
 2513       1.006153912579e-11       4.827952435920e-13      -2.794690230562e-13       0.000000000000e+00       1.465269705798e-16       2.578063053542e-17      -2.864876286696e-18 
 2514       1.002795031780e-11       4.841022684488e-13      -2.852736353614e-13       0.000000000000e+00       1.462642781678e-16       2.594607676758e-17      -2.866432825107e-18 
 2515       9.994896254868e-12       4.853745574750e-13      -2.911720810092e-13       0.000000000000e+00       1.460021285543e-16       2.611142197689e-17      -2.868115455238e-18 
 2516       9.962377207911e-12       4.866116431062e-13      -2.971609318999e-13       0.000000000000e+00       1.457405205607e-16       2.627651379704e-17      -2.869924281647e-18 
 2517       9.930393445418e-12       4.878130564952e-13      -3.032367485340e-13       0.000000000000e+00       1.454794529994e-16       2.644119937873e-17      -2.871859408510e-18 
 2518       9.898945233465e-12       4.889783275110e-13      -3.093960800006e-13       0.000000000000e+00       1.452189246740e-16       2.660532538921e-17      -2.873920939615e-18 
 2519       9.868032835710e-12       4.901069847377e-13      -3.156354639661e-13       0.000000000000e+00       1.449589343791e-16       2.676873801180e-17      -2.876108978368e-18 
 2520       9.837656513382e-12       4.911985554731e-13      -3.219514266628e-13       0.000000000000e+00       1.446994809005e-16       2.693128294541e-17      -2.878423627786e-18 
 2521       9.807816525286e-12       4.922525657274e-13      -3.283404828770e-13       0.000000000000e+00       1.444405630152e-16       2.709280540404e-17      -2.880864990501e-18 
 2522       9.778513127793e-12       4.932685402222e-13      -3.347991359379e-13       0.000000000000e+00       1.441821794910e-16       2.725315011634e-17      -2.883433168759e-18 
 2523       9.749746574840e-12       4.942460023894e-13      -3.413238777060e-13       0.000000000000e+00       1.439243290871e-16       2.741216132510e-17      -2.886128264416e-18 
 2524       9.721517117927e-12       4.951844743697e-13      -3.479111885616e-13       0.000000000000e+00       1.436670105535e-16       2.756968278678e-17      -2.888950378941e-18 
 2525       9.693825006109e-12       4.960834770114e-13      -3.545575373934e-13       0.000000000000e+00       1.434102226315e-16       2.772555777104e-17      -2.891899613412e-18 
 2526       9.666670485998e-12       4.969425298696e-13      -3.612593815868e-13       0.000000000000e+00       1.431539640531e-16       2.787962906023e-17      -2.894976068519e-18 
 2527       9.640053801756e-12       4.977611512045e-13      -3.680131670127e-13       0.000000000000e+00       1.428982335417e-16       2.803173894897e-17      -2.898179844562e-18 
 2528       9.613975195092e-12       4.985388579804e-13      -3.748153280158e-13       0.000000000000e+00       1.426430298114e-16       2.818172924360e-17      -2.901511041449e-18 
 2529       9.588434905260e-12       4.992751658646e-13      -3.816622874033e-13       0.000000000000e+00       1.423883515676e-16       2.832944126175e-17      -2.904969758697e-18 
 2530       9.563433169054e-12       4.999695892261e-13      -3.885504564332e-13       0.000000000000e+00       1.421341975065e-16       2.847471583184e-17      -2.908556095430e-18 
 2531       9.538970220804e-12       5.006216411344e-13      -3.954762348031e-13       0.000000000000e+00       1.418805663153e-16       2.861739329263e-17      -2.912270150381e-18 
 2532       9.515046292375e-12       5.012308333581e-13      -4.024360106382e-13       0.000000000000e+00       1.416274566723e-16       2.875731349268e-17      -2.916112021889e-18 
 2533       9.491661613160e-12       5.017966763641e-13      -4.094261604806e-13       0.000000000000e+00       1.413748672466e-16       2.889431578995e-17      -2.920081807896e-18 
 2534       9.468816410079e-12       5.023186793160e-13      -4.164430492772e-13       0.000000000000e+00       1.411227966984e-16       2.902823905124e-17      -2.924179605954e-18 
 2535       9.446510907576e-12       5.027963500733e-13      -4.234830303683e-13       0.000000000000e+00       1.408712436787e-16       2.915892165178e-17      -2.928405513216e-18 
 2536       9.424745327613e-12       5.032291951898e-13      -4.305424454763e-13       0.000000000000e+00       1.406202068296e-16       2.928620147471e-17      -2.932759626442e-18 
 2537       9.403519889668e-12       5.036167199125e-13      -4.376176246943e-13       0.000000000000e+00       1.403696847840e-16       2.940991591061e-17      -2.937242041994e-18 
 2538       9.382834810730e-12       5.039584281805e-13      -4.447048864743e-13       0.000000000000e+00       1.401196761657e-16       2.952990185704e-17      -2.941852855837e-18 
 2539       9.362690305299e-12       5.042538226239e-13      -4.518005376158e-13       0.000000000000e+00       1.398701795895e-16       2.964599571803e-17      -2.946592163537e-18 
 2540       9.343086585378e-12       5.045024045622e-13      -4.589008732545e-13       0.000000000000e+00       1.396211936611e-16       2.975803340360e-17      -2.951460060265e-18 
 2541       9.324023860474e-12       5.047036740036e-13      -4.660021768508e-13       0.000000000000e+00       1.393727169768e-16       2.986585032934e-17      -2.956456640790e-18 
 2542       9.305502337590e-12       5.048571296432e-13      -4.731007201780e-13       0.000000000000e+00       1.391247481242e-16       2.996928141585e-17      -2.961581999482e-18 
 2543       9.287522221225e-12       5.049622688624e-13      -4.801927633111e-13       0.000000000000e+00       1.388772856814e-16       3.006816108831e-17      -2.966836230312e-18 
 2544       9.270083713367e-12       5.050185877274e-13      -4.872745546155e-13       0.000000000000e+00       1.386303282175e-16       3.016232327598e-17      -2.972219426848e-18 
 2545       9.253187013494e-12       5.050255809878e-13      -4.943423307351e-13       0.000000000000e+00       1.383838742925e-16       3.025160141176e-17      -2.977731682260e-18 
 2546       9.236832318567e-12       5.049827420758e-13      -5.013923165808e-13       0.000000000000e+00       1.381379224571e-16       3.033582843165e-17      -2.983373089311e-18 
 2547       9.221019823027e-12       5.048895631048e-13      -5.084207253195e-13       0.000000000000e+00       1.378924712527e-16       3.041483677431e-17      -2.989143740367e-18 
 2548       9.205749718793e-12       5.047455348681e-13      -5.154237583623e-13       0.000000000000e+00       1.376475192119e-16       3.048845838058e-17      -2.995043727386e-18 
 2549       9.191022195257e-12       5.045501468378e-13      -5.223976053530e-13       0.000000000000e+00       1.374030648576e-16       3.055652469299e-17      -3.001073141924e-18 
 2550       9.176836111972e-12       5.043030470818e-13      -5.293387299532e-13       0.000000000000e+00       1.371591067990e-16       3.061892202865e-17      -3.007229307666e-18 
 2551       9.163185008397e-12       5.040045230199e-13      -5.362447290147e-13       0.000000000000e+00       1.369156440169e-16       3.067575804628e-17      -3.013498460661e-18 
 2552       9.150061071234e-12       5.036550234261e-13      -5.431134783178e-13       0.000000000000e+00       1.366726755794e-16       3.072719623416e-17      -3.019864021310e-18 
 2553       9.137456459622e-12       5.032549987624e-13      -5.499428472170e-13       0.000000000000e+00       1.364302005476e-16       3.077340062410e-17      -3.026309357443e-18 
 2554       9.125363305116e-12       5.028049011811e-13      -5.567306986342e-13       0.000000000000e+00       1.361882179747e-16       3.081453579197e-17      -3.032817784267e-18 
 2555       9.113773711653e-12       5.023051845264e-13      -5.634748890529e-13       0.000000000000e+00       1.359467269067e-16       3.085076685826e-17      -3.039372564313e-18 
 2556       9.102679755527e-12       5.017563043357e-13      -5.701732685119e-13       0.000000000000e+00       1.357057263819e-16       3.088225948862e-17      -3.045956907388e-18 
 2557       9.092073485361e-12       5.011587178420e-13      -5.768236805991e-13       0.000000000000e+00       1.354652154312e-16       3.090917989440e-17      -3.052553970519e-18 
 2558       9.081946922079e-12       5.005128839754e-13      -5.834239624450e-13       0.000000000000e+00       1.352251930781e-16       3.093169483318e-17      -3.059146857904e-18 
 2559       9.072292058874e-12       4.998192633644e-13      -5.899719447170e-13       0.000000000000e+00       1.349856583385e-16       3.094997160933e-17      -3.065718620859e-18 
 2560       9.063100861188e-12       4.990783183384e-13      -5.964654516129e-13       0.000000000000e+00       1.347466102207e-16       3.096417807457e-17      -3.072252257768e-18 
 2561       9.054365266676e-12       4.982905129290e-13      -6.029023008546e-13       0.000000000000e+00       1.345080477255e-16       3.097448262845e-17      -3.078730714029e-18 
 2562       9.046077185183e-12       4.974563128717e-13      -6.092803036820e-13       0.000000000000e+00       1.342699698463e-16       3.098105421895e-17      -3.085136882005e-18 
 2563       9.038228498715e-12       4.965761856079e-13      -6.155972648470e-13       0.000000000000e+00       1.340323755688e-16       3.098406234301e-17      -3.091453600970e-18 
 2564       9.030811061407e-12       4.956506002865e-13      -6.218509826068e-13       0.000000000000e+00       1.337952638711e-16       3.098367704706e-17      -3.097663657058e-18 
 2565       9.023816699503e-12       4.946800277655e-13      -6.280392487182e-13       0.000000000000e+00       1.335586337238e-16       3.098006892756e-17      -3.103749783213e-18 
 2566       9.017237211319e-12       4.936649406142e-13      -6.341598484310e-13       0.000000000000e+00       1.333224840901e-16       3.097340913157e-17      -3.109694659133e-18 
 2567       9.011064367224e-12       4.926058131143e-13      -6.402105604821e-13       0.000000000000e+00       1.330868139253e-16       3.096386935725e-17      -3.115480911225e-18 
 2568       9.005289909602e-12       4.915031212622e-13      -6.461891570891e-13       0.000000000000e+00       1.328516221773e-16       3.095162185445e-17      -3.121091112546e-18 
 2569       8.999905552833e-12       4.903573427705e-13      -6.520934039440e-13       0.000000000000e+00       1.326169077863e-16       3.093683942522e-17      -3.126507782758e-18 
 2570       8.994902983261e-12       4.891689570698e-13      -6.579210602074e-13       0.000000000000e+00       1.323826696850e-16       3.091969542435e-17      -3.131713388071e-18 
 2571       8.990273859164e-12       4.879384453104e-13      -6.636698785017e-13       0.000000000000e+00       1.321489067984e-16       3.090036375993e-17      -3.136690341193e-18 
 2572       8.986009810732e-12       4.866662903641e-13      -6.693376049053e-13       0.000000000000e+00       1.319156180437e-16       3.087901889389e-17      -3.141421001283e-18 
 2573       8.982102440032e-12       4.853529768258e-13      -6.749219789464e-13       0.000000000000e+00       1.316828023309e-16       3.085583584253e-17      -3.145887673890e-18 
 2574       8.978543320984e-12       4.839989910154e-13      -6.804207335967e-13       0.000000000000e+00       1.314504585618e-16       3.083099017708e-17      -3.150072610909e-18 
 2575       8.975323999334e-12       4.826048209797e-13      -6.858315952650e-13       0.000000000000e+00       1.312185856310e-16       3.080465802422e-17      -3.153958010528e-18 
 2576       8.972435992621e-12       4.811709564937e-13      -6.911522837912e-13       0.000000000000e+00       1.309871824252e-16       3.077701606665e-17      -3.157526017173e-18 
 2577       8.969870790157e-12       4.796978890626e-13      -6.963805124401e-13       0.000000000000e+00       1.307562478234e-16       3.074824154361e-17      -3.160758721460e-18 
 2578       8.967619852989e-12       4.781861119237e-13      -7.015139878952e-13       0.000000000000e+00       1.305257806971e-16       3.071851225142e-17      -3.163638160140e-18 
 2579       8.965674613880e-12       4.766361200479e-13      -7.065504102523e-13       0.000000000000e+00       1.302957799099e-16       3.068800654406e-17      -3.166146316052e-18 
 2580       8.964026477275e-12       4.750484101415e-13      -7.114874730134e-13       0.000000000000e+00       1.300662443178e-16       3.065690333365e-17      -3.168265118066e-18 
 2581       8.962666819278e-12       4.734234806479e-13      -7.163228630807e-13       0.000000000000e+00       1.298371727690e-16       3.062538209105e-17      -3.169976441034e-18 
 2582       8.961586987617e-12       4.717618317497e-13      -7.210542607500e-13       0.000000000000e+00       1.296085641041e-16       3.059362284638e-17      -3.171262105740e-18 
 2583       8.960778301624e-12       4.700639653698e-13      -7.256793397047e-13       0.000000000000e+00       1.293804171560e-16       3.056180618955e-17      -3.172103878845e-18 
 2584       8.960232052202e-12       4.683303851738e-13      -7.301957670098e-13       0.000000000000e+00       1.291527307495e-16       3.053011327082e-17      -3.172483472838e-18 
 2585       8.959939501796e-12       4.665615965712e-13      -7.346012031051e-13       0.000000000000e+00       1.289255037021e-16       3.049872580134e-17      -3.172382545980e-18 
 2586       8.959891884372e-12       4.647581067175e-13      -7.388933017997e-13       0.000000000000e+00       1.286987348234e-16       3.046782605369e-17      -3.171782702260e-18 
 2587       8.960080405378e-12       4.629204245159e-13      -7.430697102652e-13       0.000000000000e+00       1.284724229150e-16       3.043759686241e-17      -3.170665491336e-18 
 2588       8.960496241728e-12       4.610490606189e-13      -7.471280690299e-13       0.000000000000e+00       1.282465667710e-16       3.040822162456e-17      -3.169012408486e-18 
 2589       8.961130541765e-12       4.591445274302e-13      -7.510660119723e-13       0.000000000000e+00       1.280211651776e-16       3.037988430027e-17      -3.166804894558e-18 
 2590       8.961974425236e-12       4.572073391063e-13      -7.548811663150e-13       0.000000000000e+00       1.277962169132e-16       3.035276941326e-17      -3.164024335915e-18 
 2591       8.963018983265e-12       4.552380115583e-13      -7.585711526187e-13       0.000000000000e+00       1.275717207484e-16       3.032706205137e-17      -3.160652064387e-18 
 2592       8.964255278324e-12       4.532370624538e-13      -7.621335847755e-13       0.000000000000e+00       1.273476754460e-16       3.030294786716e-17      -3.156669357216e-18 
 2593       8.965674344205e-12       4.512050112182e-13      -7.655660700032e-13       0.000000000000e+00       1.271240797610e-16       3.028061307839e-17      -3.152057437006e-18 
 2594       8.967267185993e-12       4.491423790371e-13      -7.688662088388e-13       0.000000000000e+00       1.269009324405e-16       3.026024446861e-17      -3.146797471671e-18 
 2595       8.969024780035e-12       4.470496888576e-13      -7.720315951323e-13       0.000000000000e+00       1.266782322238e-16       3.024202938765e-17      -3.140870574385e-18 
 2596       8.970938073916e-12       4.449274653900e-13      -7.750598160407e-13       0.000000000000e+00       1.264559778423e-16       3.022615575222e-17      -3.134257803527e-18 
 2597       8.972997986428e-12       4.427762351097e-13      -7.779484520214e-13       0.000000000000e+00       1.262341680196e-16       3.021281204642e-17      -3.126940162630e-18 
 2598       8.975195407545e-12       4.405965262591e-13      -7.806950768266e-13       0.000000000000e+00       1.260128014714e-16       3.020218732228e-17      -3.118898600334e-18 
 2599       8.977521406274e-12       4.383889119016e-13      -7.832977455013e-13       0.000000000000e+00       1.257918769872e-16       3.019441411636e-17      -3.110117871332e-18 
 2600       8.979967855566e-12       4.361541393467e-13      -7.857564613974e-13       0.000000000000e+00       1.255713936754e-16       3.018939684695e-17      -3.100598143096e-18 
 2601       8.982526810874e-12       4.338930014576e-13      -7.880717174130e-13       0.000000000000e+00       1.253513507196e-16       3.018698245110e-17      -3.090343454448e-18 
 2602       8.985190302562e-12       4.316062936676e-13      -7.902440087407e-13       0.000000000000e+00       1.251317472971e-16       3.018701738025e-17      -3.079357860511e-18 
 2603       8.987950335882e-12       4.292948139826e-13      -7.922738328704e-13       0.000000000000e+00       1.249125825784e-16       3.018934759983e-17      -3.067645432723e-18 
 2604       8.990798890952e-12       4.269593629833e-13      -7.941616895909e-13       0.000000000000e+00       1.246938557281e-16       3.019381858874e-17      -3.055210258857e-18 
 2605       8.993727922727e-12       4.246007438281e-13      -7.959080809933e-13       0.000000000000e+00       1.244755659041e-16       3.020027533888e-17      -3.042056443037e-18 
 2606       8.996729360980e-12       4.222197622554e-13      -7.975135114729e-13       0.000000000000e+00       1.242577122579e-16       3.020856235471e-17      -3.028188105753e-18 
 2607       8.999795110272e-12       4.198172265860e-13      -7.989784877317e-13       0.000000000000e+00       1.240402939345e-16       3.021852365273e-17      -3.013609383883e-18 
 2608       9.002917049934e-12       4.173939477260e-13      -8.003035187811e-13       0.000000000000e+00       1.238233100726e-16       3.023000276108e-17      -2.998324430703e-18 
 2609       9.006087034036e-12       4.149507391689e-13      -8.014891159440e-13       0.000000000000e+00       1.236067598043e-16       3.024284271899e-17      -2.982337415910e-18 
 2610       9.009296891369e-12       4.124884169983e-13      -8.025357928577e-13       0.000000000000e+00       1.233906422555e-16       3.025688607635e-17      -2.965652525635e-18 
 2611       9.012538425414e-12       4.100077998904e-13      -8.034440654758e-13       0.000000000000e+00       1.231749565453e-16       3.027197489326e-17      -2.948273962462e-18 
 2612       9.015803414326e-12       4.075097091165e-13      -8.042144520712e-13       0.000000000000e+00       1.229597017866e-16       3.028795073949e-17      -2.930205945443e-18 
 2613       9.019083610901e-12       4.049949685455e-13      -8.048474732384e-13       0.000000000000e+00       1.227448770856e-16       3.030465469409e-17      -2.911452710118e-18 
 2614       9.022370742558e-12       4.024644046463e-13      -8.053436518956e-13       0.000000000000e+00       1.225304815421e-16       3.032192734486e-17      -2.892018508528e-18 
 2615       9.025656511312e-12       3.999188464906e-13      -8.057035132875e-13       0.000000000000e+00       1.223165142495e-16       3.033960878790e-17      -2.871907609235e-18 
 2616       9.028932593750e-12       3.973591257551e-13      -8.059275849879e-13       0.000000000000e+00       1.221029742946e-16       3.035753862715e-17      -2.851124297337e-18 
 2617       9.032190641006e-12       3.947860767242e-13      -8.060163969018e-13       0.000000000000e+00       1.218898607576e-16       3.037555597387e-17      -2.829672874485e-18 
 2618       9.035422278739e-12       3.922005362924e-13      -8.059704812679e-13       0.000000000000e+00       1.216771727124e-16       3.039349944625e-17      -2.807557658903e-18 
 2619       9.038619107106e-12       3.896033439669e-13      -8.057903726612e-13       0.000000000000e+00       1.214649092262e-16       3.041120716886e-17      -2.784782985400e-18 
 2620       9.041772700740e-12       3.869953418699e-13      -8.054766079956e-13       0.000000000000e+00       1.212530693597e-16       3.042851677224e-17      -2.761353205389e-18 
 2621       9.044874608723e-12       3.843773747416e-13      -8.050297265260e-13       0.000000000000e+00       1.210416521671e-16       3.044526539237e-17      -2.737272686906e-18 
 2622       9.047916354564e-12       3.817502899421e-13      -8.044502698509e-13       0.000000000000e+00       1.208306566960e-16       3.046128967025e-17      -2.712545814624e-18 
 2623       9.050889436174e-12       3.791149374543e-13      -8.037387819149e-13       0.000000000000e+00       1.206200819874e-16       3.047642575140e-17      -2.687176989872e-18 
 2624       9.053785325841e-12       3.764721698862e-13      -8.028958090112e-13       0.000000000000e+00       1.204099270759e-16       3.049050928541e-17      -2.661170630649e-18 
 2625       9.056595470207e-12       3.738228424736e-13      -8.019218997840e-13       0.000000000000e+00       1.202001909894e-16       3.050337542542e-17      -2.634531171644e-18 
 2626       9.059311290243e-12       3.711678130826e-13      -8.008176052308e-13       0.000000000000e+00       1.199908727491e-16       3.051485882773e-17      -2.607263064251e-18 
 2627       9.061924181224e-12       3.685079422119e-13      -7.995834787051e-13       0.000000000000e+00       1.197819713700e-16       3.052479365125e-17      -2.579370776588e-18 
 2628       9.064425512706e-12       3.658440929954e-13      -7.982200759187e-13       0.000000000000e+00       1.195734858600e-16       3.053301355708e-17      -2.550858793510e-18 
 2629       9.066806628500e-12       3.631771312049e-13      -7.967279549444e-13       0.000000000000e+00       1.193654152208e-16       3.053935170800e-17      -2.521731616631e-18 
 2630       9.069058846649e-12       3.605079252523e-13      -7.951076762180e-13       0.000000000000e+00       1.191577584474e-16       3.054364076804e-17      -2.491993764336e-18 
 2631       9.071173459404e-12       3.578373461923e-13      -7.933598025411e-13       0.000000000000e+00       1.189505145279e-16       3.054571290198e-17      -2.461649771801e-18 
 2632       9.073141733199e-12       3.551662677250e-13      -7.914848990836e-13       0.000000000000e+00       1.187436824441e-16       3.054539977488e-17      -2.430704191009e-18 
 2633       9.074954908626e-12       3.524955661981e-13      -7.894835333860e-13       0.000000000000e+00       1.185372611711e-16       3.054253255162e-17      -2.399161590768e-18 
 2634       9.076604200411e-12       3.498261206098e-13      -7.873562753617e-13       0.000000000000e+00       1.183312496773e-16       3.053694189642e-17      -2.367026556724e-18 
 2635       9.078080797392e-12       3.471588126108e-13      -7.851036972999e-13       0.000000000000e+00       1.181256469244e-16       3.052845797238e-17      -2.334303691383e-18 
 2636       9.079375862491e-12       3.444945265073e-13      -7.827263738677e-13       0.000000000000e+00       1.179204518675e-16       3.051691044100e-17      -2.300997614124e-18 
 2637       9.080480532693e-12       3.418341492635e-13      -7.802248821125e-13       0.000000000000e+00       1.177156634551e-16       3.050212846170e-17      -2.267112961220e-18 
 2638       9.081385919018e-12       3.391785705035e-13      -7.775998014649e-13       0.000000000000e+00       1.175112806289e-16       3.048394069137e-17      -2.232654385850e-18 
 2639       9.082083106501e-12       3.365286825145e-13      -7.748517137406e-13       0.000000000000e+00       1.173073023241e-16       3.046217528387e-17      -2.197626558119e-18 
 2640       9.082563154163e-12       3.338853802492e-13      -7.719812031433e-13       0.000000000000e+00       1.171037274689e-16       3.043665988960e-17      -2.162034165073e-18 
 2641       9.082817094993e-12       3.312495613277e-13      -7.689888562670e-13       0.000000000000e+00       1.169005549851e-16       3.040722165499e-17      -2.125881910720e-18 
 2642       9.082835935916e-12       3.286221260409e-13      -7.658752620982e-13       0.000000000000e+00       1.166977837877e-16       3.037368722204e-17      -2.089174516040e-18 
 2643       9.082610657775e-12       3.260039773523e-13      -7.626410120188e-13       0.000000000000e+00       1.164954127850e-16       3.033588272786e-17      -2.051916719010e-18 
 2644       9.082132215303e-12       3.233960209009e-13      -7.592866998083e-13       0.000000000000e+00       1.162934408785e-16       3.029363380418e-17      -2.014113274613e-18 
 2645       9.081391537101e-12       3.207991650036e-13      -7.558129216464e-13       0.000000000000e+00       1.160918669631e-16       3.024676557691e-17      -1.975768954861e-18 
 2646       9.080379525611e-12       3.182143206576e-13      -7.522202761150e-13       0.000000000000e+00       1.158906899268e-16       3.019510266563e-17      -1.936888548808e-18 
 2647       9.079087057094e-12       3.156424015432e-13      -7.485093642015e-13       0.000000000000e+00       1.156899086510e-16       3.013846918313e-17      -1.897476862570e-18 
 2648       9.077506228801e-12       3.130842430244e-13      -7.446810483160e-13       0.000000000000e+00       1.154895220804e-16       3.007674423222e-17      -1.857541990652e-18 
 2649       9.075634108062e-12       3.105403586577e-13      -7.407372309062e-13       0.000000000000e+00       1.152895294335e-16       3.001002873230e-17      -1.817105149671e-18 
 2650       9.073469003881e-12       3.080111823418e-13      -7.366800801538e-13       0.000000000000e+00       1.150899299933e-16       2.993847951444e-17      -1.776190899052e-18 
 2651       9.071009221621e-12       3.054971491983e-13      -7.325117713564e-13       0.000000000000e+00       1.148907230373e-16       2.986225390833e-17      -1.734823874724e-18 
 2652       9.068253063001e-12       3.029986955726e-13      -7.282344869349e-13       0.000000000000e+00       1.146919078373e-16       2.978150974281e-17      -1.693028789194e-18 
 2653       9.065198826092e-12       3.005162590348e-13      -7.238504164402e-13       0.000000000000e+00       1.144934836600e-16       2.969640534632e-17      -1.650830431620e-18 
 2654       9.061844805314e-12       2.980502783814e-13      -7.193617565597e-13       0.000000000000e+00       1.142954497662e-16       2.960709954741e-17      -1.608253667883e-18 
 2655       9.058189291435e-12       2.956011936358e-13      -7.147707111249e-13       0.000000000000e+00       1.140978054113e-16       2.951375167516e-17      -1.565323440661e-18 
 2656       9.054230571567e-12       2.931694460500e-13      -7.100794911179e-13       0.000000000000e+00       1.139005498452e-16       2.941652155972e-17      -1.522064769502e-18 
 2657       9.049966929161e-12       2.907554781052e-13      -7.052903146779e-13       0.000000000000e+00       1.137036823123e-16       2.931556953276e-17      -1.478502750894e-18 
 2658       9.045396644008e-12       2.883597335134e-13      -7.004054071091e-13       0.000000000000e+00       1.135072020512e-16       2.921105642793e-17      -1.434662558342e-18 
 2659       9.040517992231e-12       2.859826572179e-13      -6.954270008864e-13       0.000000000000e+00       1.133111082954e-16       2.910314358138e-17      -1.390569442439e-18 
 2660       9.035329246287e-12       2.836246953953e-13      -6.903573356633e-13       0.000000000000e+00       1.131154002723e-16       2.899199283220e-17      -1.346248730937e-18 
 2661       9.029828674962e-12       2.812862954558e-13      -6.851986582782e-13       0.000000000000e+00       1.129200772042e-16       2.887776652294e-17      -1.301725828824e-18 
 2662       9.024014543366e-12       2.789679060447e-13      -6.799532227612e-13       0.000000000000e+00       1.127251383076e-16       2.876062750002e-17      -1.257026218392e-18 
 2663       9.017885112933e-12       2.766699770435e-13      -6.746232903417e-13       0.000000000000e+00       1.125305827934e-16       2.864073911429e-17      -1.212175459314e-18 
 2664       9.011438641418e-12       2.743929595712e-13      -6.692111294544e-13       0.000000000000e+00       1.123364098670e-16       2.851826522144e-17      -1.167199188715e-18 
 2665       9.004673382891e-12       2.721373059849e-13      -6.637190157468e-13       0.000000000000e+00       1.121426187281e-16       2.839337018253e-17      -1.122123121244e-18 
 2666       8.997587587737e-12       2.699034698815e-13      -6.581492320858e-13       0.000000000000e+00       1.119492085710e-16       2.826621886443e-17      -1.076973049150e-18 
 2667       8.990179502651e-12       2.676919060984e-13      -6.525040685648e-13       0.000000000000e+00       1.117561785842e-16       2.813697664032e-17      -1.031774842349e-18 
 2668       8.982447370637e-12       2.655030707149e-13      -6.467858225103e-13       0.000000000000e+00       1.115635279507e-16       2.800580939015e-17      -9.865544485048e-19 
 2669       8.974389431004e-12       2.633374210532e-13      -6.409967984890e-13       0.000000000000e+00       1.113712558478e-16       2.787288350113e-17      -9.413378930953e-19 
 2670       8.966003919362e-12       2.611954156796e-13      -6.351393083148e-13       0.000000000000e+00       1.111793614472e-16       2.773836586823e-17      -8.961512794882e-19 
 2671       8.957289067620e-12       2.590775144055e-13      -6.292156710552e-13       0.000000000000e+00       1.109878439150e-16       2.760242389461e-17      -8.510207890135e-19 
 2672       8.948243103985e-12       2.569841782885e-13      -6.232282130387e-13       0.000000000000e+00       1.107967024117e-16       2.746522549212e-17      -8.059726810361e-19 
 2673       8.938864252955e-12       2.549158696338e-13      -6.171792678616e-13       0.000000000000e+00       1.106059360920e-16       2.732693908181e-17      -7.610332930288e-19 
 2674       8.929150735320e-12       2.528730519951e-13      -6.110711763945e-13       0.000000000000e+00       1.104155441052e-16       2.718773359435e-17      -7.162290406454e-19 
 2675       8.919100768154e-12       2.508561901755e-13      -6.049062867896e-13       0.000000000000e+00       1.102255255947e-16       2.704777847056e-17      -6.715864177929e-19 
 2676       8.908712564818e-12       2.488657502293e-13      -5.986869544876e-13       0.000000000000e+00       1.100358796983e-16       2.690724366185e-17      -6.271319967050e-19 
 2677       8.897984334953e-12       2.469021994625e-13      -5.924155422243e-13       0.000000000000e+00       1.098466055482e-16       2.676629963072e-17      -5.828924280148e-19 
 2678       8.886914284478e-12       2.449660064340e-13      -5.860944200375e-13       0.000000000000e+00       1.096577022710e-16       2.662511735123e-17      -5.388944408272e-19 
 2679       8.875500615589e-12       2.430576409571e-13      -5.797259652742e-13       0.000000000000e+00       1.094691689873e-16       2.648386830947e-17      -4.951648427926e-19 
 2680       8.863741526751e-12       2.411775741002e-13      -5.733125625973e-13       0.000000000000e+00       1.092810048123e-16       2.634272450408e-17      -4.517305201790e-19 
 2681       8.851635212700e-12       2.393262781882e-13      -5.668566039923e-13       0.000000000000e+00       1.090932088554e-16       2.620185844666e-17      -4.086184379452e-19 
 2682       8.839179864439e-12       2.375042268035e-13      -5.603604887747e-13       0.000000000000e+00       1.089057802204e-16       2.606144316230e-17      -3.658556398135e-19 
 2683       8.826373669234e-12       2.357118947871e-13      -5.538266235961e-13       0.000000000000e+00       1.087187180053e-16       2.592165219005e-17      -3.234692483430e-19 
 2684       8.813214810609e-12       2.339497582398e-13      -5.472574224521e-13       0.000000000000e+00       1.085320213022e-16       2.578265958337e-17      -2.814864650017e-19 
 2685       8.799701468348e-12       2.322182945233e-13      -5.406553066881e-13       0.000000000000e+00       1.083456891979e-16       2.564463991065e-17      -2.399345702400e-19 
 2686       8.785831818488e-12       2.305179822615e-13      -5.340227050071e-13       0.000000000000e+00       1.081597207731e-16       2.550776825566e-17      -1.988409235632e-19 
 2687       8.771604033318e-12       2.288493013410e-13      -5.273620534760e-13       0.000000000000e+00       1.079741151030e-16       2.537222021802e-17      -1.582329636047e-19 
 2688       8.757016281375e-12       2.272127329130e-13      -5.206757955327e-13       0.000000000000e+00       1.077888712569e-16       2.523817191372e-17      -1.181382081985e-19 
 2689       8.742066727441e-12       2.256087593942e-13      -5.139663819932e-13       0.000000000000e+00       1.076039882984e-16       2.510579997554e-17      -7.858425445203e-20 
 2690       8.726753532540e-12       2.240378644674e-13      -5.072362710580e-13       0.000000000000e+00       1.074194652854e-16       2.497528155358e-17      -3.959877881950e-20 
 2691       8.711074853938e-12       2.225005330833e-13      -5.004879283193e-13       0.000000000000e+00       1.072353012701e-16       2.484679431572e-17      -1.209537174218e-21 
 2692       8.695028845134e-12       2.209972514614e-13      -4.937238267681e-13       0.000000000000e+00       1.070514952986e-16       2.472051644808e-17       3.655563511828e-20 
 2693       8.678613655863e-12       2.195285070910e-13      -4.869464468004e-13       0.000000000000e+00       1.068680464116e-16       2.459662665552e-17       7.366882312744e-20 
 2694       8.661827432089e-12       2.180947887323e-13      -4.801582762248e-13       0.000000000000e+00       1.066849536440e-16       2.447530416212e-17       1.101020322848e-19 
 2695       8.644668316003e-12       2.166965864179e-13      -4.733618102691e-13       0.000000000000e+00       1.065022160245e-16       2.435672871164e-17       1.458271883113e-19 
 2696       8.627134446024e-12       2.153343914533e-13      -4.665595515871e-13       0.000000000000e+00       1.063198325766e-16       2.424108056800e-17       1.808161371440e-19 
 2697       8.609225035587e-12       2.140085830208e-13      -4.597538881071e-13       0.000000000000e+00       1.061378023777e-16       2.412849026049e-17       2.150476991644e-19 
 2698       8.590943615945e-12       2.127190873141e-13      -4.529467258391e-13       0.000000000000e+00       1.059561247405e-16       2.401888752024e-17       2.485288738770e-19 
 2699       8.572294810972e-12       2.114657165546e-13      -4.461398540873e-13       0.000000000000e+00       1.057747990333e-16       2.391215152440e-17       2.812737502238e-19 
 2700       8.553283259981e-12       2.102482822209e-13      -4.393350674328e-13       0.000000000000e+00       1.055938246192e-16       2.380816107664e-17       3.132964627841e-19 
 2701       8.533913617735e-12       2.090665950476e-13      -4.325341657381e-13       0.000000000000e+00       1.054132008569e-16       2.370679460679e-17       3.446111918178e-19 
 2702       8.514190554466e-12       2.079204650248e-13      -4.257389541523e-13       0.000000000000e+00       1.052329271002e-16       2.360793017044e-17       3.752321633088e-19 
 2703       8.494118755888e-12       2.068097013971e-13      -4.189512431158e-13       0.000000000000e+00       1.050530026981e-16       2.351144544867e-17       4.051736490086e-19 
 2704       8.473702923210e-12       2.057341126634e-13      -4.121728483649e-13       0.000000000000e+00       1.048734269949e-16       2.341721774762e-17       4.344499664799e-19 
 2705       8.452947773154e-12       2.046935065755e-13      -4.054055909374e-13       0.000000000000e+00       1.046941993303e-16       2.332512399821e-17       4.630754791397e-19 
 2706       8.431858037968e-12       2.036876901377e-13      -3.986512971766e-13       0.000000000000e+00       1.045153190388e-16       2.323504075571e-17       4.910645963032e-19 
 2707       8.410438465442e-12       2.027164696060e-13      -3.919117987370e-13       0.000000000000e+00       1.043367854504e-16       2.314684419948e-17       5.184317732270e-19 
 2708       8.388693818919e-12       2.017796504875e-13      -3.851889325883e-13       0.000000000000e+00       1.041585978903e-16       2.306041013254e-17       5.451915111526e-19 
 2709       8.366628877316e-12       2.008770375393e-13      -3.784845410212e-13       0.000000000000e+00       1.039807556789e-16       2.297561398127e-17       5.713583573501e-19 
 2710       8.344248435134e-12       2.000084347679e-13      -3.718004716515e-13       0.000000000000e+00       1.038032581317e-16       2.289233079503e-17       5.969469051614e-19 
 2711       8.321557302476e-12       1.991736454288e-13      -3.651385774254e-13       0.000000000000e+00       1.036261045595e-16       2.281043524584e-17       6.219717940440e-19 
 2712       8.298560305057e-12       1.983724720253e-13      -3.585007166243e-13       0.000000000000e+00       1.034492942682e-16       2.272980162799e-17       6.464477096140e-19 
 2713       8.275262284225e-12       1.976047163079e-13      -3.518887528696e-13       0.000000000000e+00       1.032728265590e-16       2.265030385773e-17       6.703893836900e-19 
 2714       8.251668096972e-12       1.968701792734e-13      -3.453045551275e-13       0.000000000000e+00       1.030967007281e-16       2.257181547286e-17       6.938115943366e-19 
 2715       8.227782615949e-12       1.961686611648e-13      -3.387499977141e-13       0.000000000000e+00       1.029209160670e-16       2.249420963248e-17       7.167291659073e-19 
 2716       8.203610729482e-12       1.954999614696e-13      -3.322269603002e-13       0.000000000000e+00       1.027454718623e-16       2.241735911652e-17       7.391569690890e-19 
 2717       8.179157341585e-12       1.948638789198e-13      -3.257373279158e-13       0.000000000000e+00       1.025703673959e-16       2.234113632548e-17       7.611099209442e-19 
 2718       8.154427371979e-12       1.942602114907e-13      -3.192829909557e-13       0.000000000000e+00       1.023956019447e-16       2.226541328003e-17       7.826029849558e-19 
 2719       8.129425756101e-12       1.936887564004e-13      -3.128658451837e-13       0.000000000000e+00       1.022211747808e-16       2.219006162070e-17       8.036511710694e-19 
 2720       8.104157445122e-12       1.931493101092e-13      -3.064877917378e-13       0.000000000000e+00       1.020470851715e-16       2.211495260747e-17       8.242695357376e-19 
 2721       8.078627405964e-12       1.926416683183e-13      -3.001507371350e-13       0.000000000000e+00       1.018733323790e-16       2.203995711948e-17       8.444731819633e-19 
 2722       8.052840621309e-12       1.921656259696e-13      -2.938565932763e-13       0.000000000000e+00       1.016999156611e-16       2.196494565464e-17       8.642772593427e-19 
 2723       8.026802089619e-12       1.917209772448e-13      -2.876072774512e-13       0.000000000000e+00       1.015268342702e-16       2.188978832931e-17       8.836969641094e-19 
 2724       8.000516825149e-12       1.913075155643e-13      -2.814047123431e-13       0.000000000000e+00       1.013540874541e-16       2.181435487792e-17       9.027475391777e-19 
 2725       7.973989857960e-12       1.909250335872e-13      -2.752508260336e-13       0.000000000000e+00       1.011816744558e-16       2.173851465263e-17       9.214442741859e-19 
 2726       7.947226233938e-12       1.905733232096e-13      -2.691475520080e-13       0.000000000000e+00       1.010095945132e-16       2.166213662299e-17       9.398025055397e-19 
 2727       7.920231014804e-12       1.902521755649e-13      -2.630968291595e-13       0.000000000000e+00       1.008378468594e-16       2.158508937556e-17       9.578376164562e-19 
 2728       7.893009278133e-12       1.899613810220e-13      -2.571006017947e-13       0.000000000000e+00       1.006664307227e-16       2.150724111361e-17       9.755650370069e-19 
 2729       7.865566117367e-12       1.897007291855e-13      -2.511608196381e-13       0.000000000000e+00       1.004953453262e-16       2.142845965672e-17       9.930002441612e-19 
 2730       7.837906641827e-12       1.894700088943e-13      -2.452794378369e-13       0.000000000000e+00       1.003245898885e-16       2.134861244044e-17       1.010158761830e-18 
 2731       7.810035976734e-12       1.892690082210e-13      -2.394584169661e-13       0.000000000000e+00       1.001541636228e-16       2.126756651598e-17       1.027056160910e-18 
 2732       7.781959263220e-12       1.890975144715e-13      -2.336997230335e-13       0.000000000000e+00       9.998406573789e-17       2.118518854979e-17       1.043708059325e-18 
 2733       7.753681658340e-12       1.889553141836e-13      -2.280053274841e-13       0.000000000000e+00       9.981429543725e-17       2.110134482327e-17       1.060130122071e-18 
 2734       7.725208335093e-12       1.888421931271e-13      -2.223772072055e-13       0.000000000000e+00       9.964485191959e-17       2.101590123239e-17       1.076338061261e-18 
 2735       7.696544482434e-12       1.887579363022e-13      -2.168173445322e-13       0.000000000000e+00       9.947573437866e-17       2.092872328733e-17       1.092347636165e-18 
 2736       7.667695305287e-12       1.887023279393e-13      -2.113277272511e-13       0.000000000000e+00       9.930694200325e-17       2.083967611218e-17       1.108174653256e-18 
 2737       7.638666024562e-12       1.886751514981e-13      -2.059103486058e-13       0.000000000000e+00       9.913847397720e-17       2.074862444451e-17       1.123834966253e-18 
 2738       7.609461877169e-12       1.886761896668e-13      -2.005672073020e-13       0.000000000000e+00       9.897032947941e-17       2.065543263509e-17       1.139344476165e-18 
 2739       7.580088116035e-12       1.887052243614e-13      -1.953003075119e-13       0.000000000000e+00       9.880250768382e-17       2.055996464751e-17       1.154719131332e-18 
 2740       7.550550010115e-12       1.887620367250e-13      -1.901116588793e-13       0.000000000000e+00       9.863500775939e-17       2.046208405783e-17       1.169974927472e-18 
 2741       7.520852844408e-12       1.888464071271e-13      -1.850032765245e-13       0.000000000000e+00       9.846782887011e-17       2.036165405422e-17       1.185127907722e-18 
 2742       7.491001919974e-12       1.889581151625e-13      -1.799771810492e-13       0.000000000000e+00       9.830097017500e-17       2.025853743663e-17       1.200194162682e-18 
 2743       7.461002553948e-12       1.890969396510e-13      -1.750353985411e-13       0.000000000000e+00       9.813443082810e-17       2.015259661644e-17       1.215189830460e-18 
 2744       7.430860079551e-12       1.892626586365e-13      -1.701799605791e-13       0.000000000000e+00       9.796820997846e-17       2.004369361607e-17       1.230131096713e-18 
 2745       7.400579846112e-12       1.894550493861e-13      -1.654129042380e-13       0.000000000000e+00       9.780230677012e-17       1.993169006868e-17       1.245034194692e-18 
 2746       7.370167317022e-12       1.896738383388e-13      -1.607359484594e-13       0.000000000000e+00       9.763672039395e-17       1.981649183553e-17       1.259910992952e-18 
 2747       7.339628364166e-12       1.899185506609e-13      -1.561495212688e-13       0.000000000000e+00       9.747145024324e-17       1.969818311878e-17       1.274755732695e-18 
 2748       7.308968975093e-12       1.901886598868e-13      -1.516537273803e-13       0.000000000000e+00       9.730649575890e-17       1.957689306323e-17       1.289558219781e-18 
 2749       7.278195155229e-12       1.904836378951e-13      -1.472486713591e-13       0.000000000000e+00       9.714185637776e-17       1.945275120392e-17       1.304308230613e-18 
 2750       7.247312927894e-12       1.908029549074e-13      -1.429344576210e-13       0.000000000000e+00       9.697753153249e-17       1.932588746645e-17       1.318995512107e-18 
 2751       7.216328334321e-12       1.911460794863e-13      -1.387111904327e-13       0.000000000000e+00       9.681352065169e-17       1.919643216739e-17       1.333609781671e-18 
 2752       7.185247433665e-12       1.915124785342e-13      -1.345789739110e-13       0.000000000000e+00       9.664982315980e-17       1.906451601461e-17       1.348140727172e-18 
 2753       7.154076303028e-12       1.919016172918e-13      -1.305379120226e-13       0.000000000000e+00       9.648643847714e-17       1.893027010761e-17       1.362578006913e-18 
 2754       7.122821037468e-12       1.923129593362e-13      -1.265881085841e-13       0.000000000000e+00       9.632336601992e-17       1.879382593796e-17       1.376911249606e-18 
 2755       7.091487750021e-12       1.927459665798e-13      -1.227296672615e-13       0.000000000000e+00       9.616060520019e-17       1.865531538956e-17       1.391130054343e-18 
 2756       7.060082571715e-12       1.932000992682e-13      -1.189626915699e-13       0.000000000000e+00       9.599815542587e-17       1.851487073910e-17       1.405223990573e-18 
 2757       7.028611651584e-12       1.936748159795e-13      -1.152872848735e-13       0.000000000000e+00       9.583601610072e-17       1.837262465633e-17       1.419182598071e-18 
 2758       6.997081156689e-12       1.941695736217e-13      -1.117035503848e-13       0.000000000000e+00       9.567418662437e-17       1.822871020448e-17       1.432995386914e-18 
 2759       6.965497272132e-12       1.946838274321e-13      -1.082115911648e-13       0.000000000000e+00       9.551266639228e-17       1.808326084058e-17       1.446651837456e-18 
 2760       6.933866201071e-12       1.952170309752e-13      -1.048115101227e-13       0.000000000000e+00       9.535145479575e-17       1.793641041585e-17       1.460141400296e-18 
 2761       6.902194164741e-12       1.957686361413e-13      -1.015034100152e-13       0.000000000000e+00       9.519055122192e-17       1.778829317604e-17       1.473453496255e-18 
 2762       6.870487402463e-12       1.963380931450e-13      -9.828739344684e-14       0.000000000000e+00       9.502995505377e-17       1.763904376178e-17       1.486577516351e-18 
 2763       6.838752171669e-12       1.969248505236e-13      -9.516356286913e-14       0.000000000000e+00       9.486966567008e-17       1.748879720899e-17       1.499502821768e-18 
 2764       6.806994747910e-12       1.975283551358e-13      -9.213202058067e-14       0.000000000000e+00       9.470968244549e-17       1.733768894917e-17       1.512218743830e-18 
 2765       6.775221424879e-12       1.981480521597e-13      -8.919286872670e-14       0.000000000000e+00       9.455000475041e-17       1.718585480979e-17       1.524714583977e-18 
 2766       6.743438514423e-12       1.987833850916e-13      -8.634620929889e-14       0.000000000000e+00       9.439063195109e-17       1.703343101468e-17       1.536979613738e-18 
 2767       6.711652346563e-12       1.994337957443e-13      -8.359214413504e-14       0.000000000000e+00       9.423156340960e-17       1.688055418433e-17       1.549003074700e-18 
 2768       6.679869269508e-12       2.000987242457e-13      -8.093077491878e-14       0.000000000000e+00       9.407279848378e-17       1.672736133629e-17       1.560774178488e-18 
 2769       6.648095649670e-12       2.007776090371e-13      -7.836220317934e-14       0.000000000000e+00       9.391433652729e-17       1.657398988552e-17       1.572282106730e-18 
 2770       6.616337871684e-12       2.014698868719e-13      -7.588653029126e-14       0.000000000000e+00       9.375617688958e-17       1.642057764475e-17       1.583516011040e-18 
 2771       6.584602338422e-12       2.021749928137e-13      -7.350385747408e-14       0.000000000000e+00       9.359831891589e-17       1.626726282482e-17       1.594465012982e-18 
 2772       6.552895471010e-12       2.028923602349e-13      -7.121428579211e-14       0.000000000000e+00       9.344076194722e-17       1.611418403509e-17       1.605118204050e-18 
 2773       6.521223708844e-12       2.036214208155e-13      -6.901791615413e-14       0.000000000000e+00       9.328350532040e-17       1.596148028371e-17       1.615464645638e-18 
 2774       6.489593509608e-12       2.043616045410e-13      -6.691484931310e-14       0.000000000000e+00       9.312654836798e-17       1.580929097809e-17       1.625493369013e-18 
 2775       6.458011349287e-12       2.051123397012e-13      -6.490518586592e-14       0.000000000000e+00       9.296989041832e-17       1.565775592517e-17       1.635193375292e-18 
 2776       6.426483722186e-12       2.058730528885e-13      -6.298902625313e-14       0.000000000000e+00       9.281353079552e-17       1.550701533181e-17       1.644553635411e-18 
 2777       6.395017140948e-12       2.066431689966e-13      -6.116647075864e-14       0.000000000000e+00       9.265746881946e-17       1.535720980517e-17       1.653563090098e-18 
 2778       6.363618136564e-12       2.074221112187e-13      -5.943761950944e-14       0.000000000000e+00       9.250170380576e-17       1.520848035304e-17       1.662210649852e-18 
 2779       6.332293258398e-12       2.082093010459e-13      -5.780257247534e-14       0.000000000000e+00       9.234623506581e-17       1.506096838420e-17       1.670485194909e-18 
 2780       6.301049074195e-12       2.090041582661e-13      -5.626142946869e-14       0.000000000000e+00       9.219106190672e-17       1.491481570881e-17       1.678375575222e-18 
 2781       6.269892170104e-12       2.098061009619e-13      -5.481429014412e-14       0.000000000000e+00       9.203618363138e-17       1.477016453873e-17       1.685870610429e-18 
 2782       6.238829150691e-12       2.106145455095e-13      -5.346125399822e-14       0.000000000000e+00       9.188159953837e-17       1.462715748789e-17       1.692959089829e-18 
 2783       6.207866638954e-12       2.114289065768e-13      -5.220242036930e-14       0.000000000000e+00       9.172730892205e-17       1.448593757268e-17       1.699629772353e-18 
 2784       6.177011276344e-12       2.122485971222e-13      -5.103788843710e-14       0.000000000000e+00       9.157331107248e-17       1.434664821227e-17       1.705871386542e-18 
 2785       6.146269722778e-12       2.130730283928e-13      -4.996775722252e-14       0.000000000000e+00       9.141960527545e-17       1.420943322898e-17       1.711672630515e-18 
 2786       6.115648656654e-12       2.139016099229e-13      -4.899212558736e-14       0.000000000000e+00       9.126619081247e-17       1.407443684865e-17       1.717022171945e-18 
 2787       6.085154774873e-12       2.147337495326e-13      -4.811109223398e-14       0.000000000000e+00       9.111306696076e-17       1.394180370099e-17       1.721908648032e-18 
 2788       6.054794792850e-12       2.155688533261e-13      -4.732475570512e-14       0.000000000000e+00       9.096023299326e-17       1.381167881994e-17       1.726320665476e-18 
 2789       6.024575444532e-12       2.164063256903e-13      -4.663321438353e-14       0.000000000000e+00       9.080768817860e-17       1.368420764403e-17       1.730246800449e-18 
 2790       5.994503482413e-12       2.172455692931e-13      -4.603656649176e-14       0.000000000000e+00       9.065543178112e-17       1.355953601675e-17       1.733675598573e-18 
 2791       5.964585677556e-12       2.180859850818e-13      -4.553491009185e-14       0.000000000000e+00       9.050346306087e-17       1.343781018687e-17       1.736595574887e-18 
 2792       5.934828819603e-12       2.189269722820e-13      -4.512834308506e-14       0.000000000000e+00       9.035178127356e-17       1.331917680886e-17       1.738995213824e-18 
 2793       5.905239716792e-12       2.197679283956e-13      -4.481696321161e-14       0.000000000000e+00       9.020038567060e-17       1.320378294320e-17       1.740862969183e-18 
 2794       5.875825195978e-12       2.206082491992e-13      -4.460086805039e-14       0.000000000000e+00       9.004927549910e-17       1.309177605675e-17       1.742187264103e-18 
 2795       5.846591364791e-12       2.214473667819e-13      -4.447992657798e-14       0.000000000000e+00       8.989845004653e-17       1.298326157868e-17       1.742961397403e-18 
 2796       5.817541393869e-12       2.222848638779e-13      -4.445309253872e-14       0.000000000000e+00       8.974790877522e-17       1.287817532442e-17       1.743198290726e-18 
 2797       5.788677723037e-12       2.231203601294e-13      -4.451908747632e-14       0.000000000000e+00       8.959765118855e-17       1.277641040396e-17       1.742915818616e-18 
 2798       5.760002798115e-12       2.239534741017e-13      -4.467662884400e-14       0.000000000000e+00       8.944767678636e-17       1.267785960524e-17       1.742131909211e-18 
 2799       5.731519070917e-12       2.247838232818e-13      -4.492443000074e-14       0.000000000000e+00       8.929798506492e-17       1.258241539395e-17       1.740864544298e-18 
 2800       5.703228999262e-12       2.256110240776e-13      -4.526120020746e-14       0.000000000000e+00       8.914857551690e-17       1.248996991313e-17       1.739131759358e-18 
 2801       5.675135046973e-12       2.264346918169e-13      -4.568564462325e-14       0.000000000000e+00       8.899944763142e-17       1.240041498296e-17       1.736951643616e-18 
 2802       5.647239683889e-12       2.272544407465e-13      -4.619646430160e-14       0.000000000000e+00       8.885060089399e-17       1.231364210044e-17       1.734342340091e-18 
 2803       5.619545385863e-12       2.280698840313e-13      -4.679235618660e-14       0.000000000000e+00       8.870203478654e-17       1.222954243908e-17       1.731322045641e-18 
 2804       5.592054634773e-12       2.288806337532e-13      -4.747201310913e-14       0.000000000000e+00       8.855374878743e-17       1.214800684864e-17       1.727909011014e-18 
 2805       5.564769918522e-12       2.296863009101e-13      -4.823412378314e-14       0.000000000000e+00       8.840574237139e-17       1.206892585481e-17       1.724121540898e-18 
 2806       5.537693731046e-12       2.304864954152e-13      -4.907737280182e-14       0.000000000000e+00       8.825801500957e-17       1.199218965893e-17       1.719977993966e-18 
 2807       5.510828572321e-12       2.312808260958e-13      -5.000044063380e-14       0.000000000000e+00       8.811056616951e-17       1.191768813768e-17       1.715496782928e-18 
 2808       5.484176948362e-12       2.320689006924e-13      -5.100200361944e-14       0.000000000000e+00       8.796339531516e-17       1.184531084283e-17       1.710696374578e-18 
 2809       5.457741371232e-12       2.328503258578e-13      -5.208073396695e-14       0.000000000000e+00       8.781650190682e-17       1.177494700091e-17       1.705595289842e-18 
 2810       5.431524359050e-12       2.336247071561e-13      -5.323529974867e-14       0.000000000000e+00       8.766988540122e-17       1.170648551292e-17       1.700212103828e-18 
 2811       5.405528435988e-12       2.343916490618e-13      -5.446436489728e-14       0.000000000000e+00       8.752354525143e-17       1.163981495404e-17       1.694565445875e-18 
 2812       5.379756132283e-12       2.351507549587e-13      -5.576658920200e-14       0.000000000000e+00       8.737748090693e-17       1.157482357336e-17       1.688673999598e-18 
 2813       5.354209984241e-12       2.359016271389e-13      -5.714062830480e-14       0.000000000000e+00       8.723169181355e-17       1.151139929355e-17       1.682556502944e-18 
 2814       5.328892534237e-12       2.366438668024e-13      -5.858513369664e-14       0.000000000000e+00       8.708617741350e-17       1.144942971060e-17       1.676231748231e-18 
 2815       5.303806330726e-12       2.373770740552e-13      -6.009875271367e-14       0.000000000000e+00       8.694093714535e-17       1.138880209350e-17       1.669718582204e-18 
 2816       5.278953928248e-12       2.381008479092e-13      -6.168012853343e-14       0.000000000000e+00       8.679597044402e-17       1.132940338399e-17       1.663035906082e-18 
 2817       5.254337887426e-12       2.388147862807e-13      -6.332790017111e-14       0.000000000000e+00       8.665127674082e-17       1.127112019620e-17       1.656202675605e-18 
 2818       5.229960774979e-12       2.395184859898e-13      -6.504070247573e-14       0.000000000000e+00       8.650685546337e-17       1.121383881643e-17       1.649237901082e-18 
 2819       5.205825163723e-12       2.402115427591e-13      -6.681716612636e-14       0.000000000000e+00       8.636270603567e-17       1.115744520279e-17       1.642160647444e-18 
 2820       5.181933632578e-12       2.408935512131e-13      -6.865591762835e-14       0.000000000000e+00       8.621882787806e-17       1.110182498498e-17       1.634990034288e-18 
 2821       5.158288766571e-12       2.415641048769e-13      -7.055557930954e-14       0.000000000000e+00       8.607522040720e-17       1.104686346392e-17       1.627745235927e-18 
 2822       5.134893156841e-12       2.422227961754e-13      -7.251476931646e-14       0.000000000000e+00       8.593188303612e-17       1.099244561152e-17       1.620445481440e-18 
 2823       5.111749400648e-12       2.428692164324e-13      -7.453210161058e-14       0.000000000000e+00       8.578881517415e-17       1.093845607035e-17       1.613110054719e-18 
 2824       5.088860101372e-12       2.435029558697e-13      -7.660618596449e-14       0.000000000000e+00       8.564601622696e-17       1.088477915337e-17       1.605758294519e-18 
 2825       5.066227868522e-12       2.441236036057e-13      -7.873562795813e-14       0.000000000000e+00       8.550348559657e-17       1.083129884362e-17       1.598409594505e-18 
 2826       5.043855317743e-12       2.447307476552e-13      -8.091902897501e-14       0.000000000000e+00       8.536122268128e-17       1.077789879393e-17       1.591083403301e-18 
 2827       5.021745070813e-12       2.453239749275e-13      -8.315498619844e-14       0.000000000000e+00       8.521922687574e-17       1.072446232666e-17       1.583799224541e-18 
 2828       4.999899755658e-12       2.459028712264e-13      -8.544209260770e-14       0.000000000000e+00       8.507749757089e-17       1.067087243333e-17       1.576576616915e-18 
 2829       4.978322006349e-12       2.464670212486e-13      -8.777893697430e-14       0.000000000000e+00       8.493603415399e-17       1.061701177443e-17       1.569435194217e-18 
 2830       4.957014463113e-12       2.470160085827e-13      -9.016410385818e-14       0.000000000000e+00       8.479483600861e-17       1.056276267904e-17       1.562394625396e-18 
 2831       4.935979772333e-12       2.475494157089e-13      -9.259617360394e-14       0.000000000000e+00       8.465390251460e-17       1.050800714458e-17       1.555474634605e-18 
 2832       4.915220586557e-12       2.480668239974e-13      -9.507372233701e-14       0.000000000000e+00       8.451323304815e-17       1.045262683651e-17       1.548695001246e-18 
 2833       4.894739564501e-12       2.485678137075e-13      -9.759532195992e-14       0.000000000000e+00       8.437282698169e-17       1.039650308804e-17       1.542075560021e-18 
 2834       4.874539371054e-12       2.490519639870e-13      -1.001595401485e-13       0.000000000000e+00       8.423268368397e-17       1.033951689983e-17       1.535636200983e-18 
 2835       4.854622677283e-12       2.495188528710e-13      -1.027649403481e-13       0.000000000000e+00       8.409280252003e-17       1.028154893970e-17       1.529396869579e-18 
 2836       4.834992160441e-12       2.499680572810e-13      -1.054100817697e-13       0.000000000000e+00       8.395318285117e-17       1.022247954234e-17       1.523377566704e-18 
 2837       4.815650503968e-12       2.503991530238e-13      -1.080935193864e-13       0.000000000000e+00       8.381382403498e-17       1.016218870902e-17       1.517598348746e-18 
 2838       4.796600397496e-12       2.508117147907e-13      -1.108138039293e-13       0.000000000000e+00       8.367472542533e-17       1.010055610728e-17       1.512079327637e-18 
 2839       4.777844536859e-12       2.512053161565e-13      -1.135694818839e-13       0.000000000000e+00       8.353588637235e-17       1.003746107066e-17       1.506840670899e-18 
 2840       4.759385624092e-12       2.515795295786e-13      -1.163590954863e-13       0.000000000000e+00       8.339730622242e-17       9.972782598400e-18       1.501902601697e-18 
 2841       4.741226367441e-12       2.519339263960e-13      -1.191811827196e-13       0.000000000000e+00       8.325898431822e-17       9.906399355142e-18       1.497285398883e-18 
 2842       4.723369481363e-12       2.522680768282e-13      -1.220342773095e-13       0.000000000000e+00       8.312091999865e-17       9.838189670639e-18       1.493009397046e-18 
 2843       4.705817686536e-12       2.525815499744e-13      -1.249169087214e-13       0.000000000000e+00       8.298311259888e-17       9.768031539466e-18       1.489094986562e-18 
 2844       4.688572898578e-12       2.528739903189e-13      -1.278276240410e-13       0.000000000000e+00       8.284556148911e-17       9.695838779206e-18       1.485556826786e-18 
 2845       4.671633789646e-12       2.531453476797e-13      -1.307650537498e-13       0.000000000000e+00       8.270826619107e-17       9.621669709026e-18       1.482386452975e-18 
 2846       4.654998214289e-12       2.533956484420e-13      -1.337278462810e-13       0.000000000000e+00       8.257122626210e-17       9.545619030172e-18       1.479569579894e-18 
 2847       4.638664019585e-12       2.536249191598e-13      -1.367146461618e-13       0.000000000000e+00       8.243444125644e-17       9.467781718561e-18       1.477091880501e-18 
 2848       4.622629045136e-12       2.538331865559e-13      -1.397240940099e-13       0.000000000000e+00       8.229791072522e-17       9.388253025023e-18       1.474938985906e-18 
 2849       4.606891123061e-12       2.540204775221e-13      -1.427548265298e-13       0.000000000000e+00       8.216163421646e-17       9.307128475543e-18       1.473096485340e-18 
 2850       4.591448077985e-12       2.541868191193e-13      -1.458054765099e-13       0.000000000000e+00       8.202561127504e-17       9.224503871510e-18       1.471549926113e-18 
 2851       4.576297727035e-12       2.543322385779e-13      -1.488746728184e-13       0.000000000000e+00       8.188984144276e-17       9.140475289955e-18       1.470284813577e-18 
 2852       4.561437879835e-12       2.544567632978e-13      -1.519610404002e-13       0.000000000000e+00       8.175432425826e-17       9.055139083797e-18       1.469286611092e-18 
 2853       4.546866338494e-12       2.545604208486e-13      -1.550632002734e-13       0.000000000000e+00       8.161905925706e-17       8.968591882087e-18       1.468540739986e-18 
 2854       4.532580897602e-12       2.546432389698e-13      -1.581797695258e-13       0.000000000000e+00       8.148404597156e-17       8.880930590253e-18       1.468032579518e-18 
 2855       4.518579344225e-12       2.547052455709e-13      -1.613093613114e-13       0.000000000000e+00       8.134928393101e-17       8.792252390337e-18       1.467747466843e-18 
 2856       4.504859457892e-12       2.547464687319e-13      -1.644505848470e-13       0.000000000000e+00       8.121477266154e-17       8.702654741249e-18       1.467670696972e-18 
 2857       4.491419010595e-12       2.547669367028e-13      -1.676020454089e-13       0.000000000000e+00       8.108051168613e-17       8.612235379002e-18       1.467787522736e-18 
 2858       4.478255766777e-12       2.547666779046e-13      -1.707623443290e-13       0.000000000000e+00       8.094650052462e-17       8.521092316958e-18       1.468083154749e-18 
 2859       4.465367483327e-12       2.547457209288e-13      -1.739300789917e-13       0.000000000000e+00       8.081273869368e-17       8.429323846074e-18       1.468542761372e-18 
 2860       4.452751909572e-12       2.547040945380e-13      -1.771038428306e-13       0.000000000000e+00       8.067922570687e-17       8.337028535143e-18       1.469151468672e-18 
 2861       4.440406787272e-12       2.546418276659e-13      -1.802822253244e-13       0.000000000000e+00       8.054596107455e-17       8.244305231039e-18       1.469894360389e-18 
 2862       4.428329850611e-12       2.545589494175e-13      -1.834638119941e-13       0.000000000000e+00       8.041294430395e-17       8.151253058959e-18       1.470756477896e-18 
 2863       4.416518826190e-12       2.544554890692e-13      -1.866471843991e-13       0.000000000000e+00       8.028017489915e-17       8.057971422671e-18       1.471722820165e-18 
 2864       4.404971433022e-12       2.543314760691e-13      -1.898309201341e-13       0.000000000000e+00       8.014765236102e-17       7.964560004749e-18       1.472778343723e-18 
 2865       4.393685382523e-12       2.541869400371e-13      -1.930135928253e-13       0.000000000000e+00       8.001537618730e-17       7.871118766828e-18       1.473907962625e-18 
 2866       4.382658378505e-12       2.540219107653e-13      -1.961937721271e-13       0.000000000000e+00       7.988334587255e-17       7.777747949837e-18       1.475096548408e-18 
 2867       4.371888117173e-12       2.538364182176e-13      -1.993700237188e-13       0.000000000000e+00       7.975156090816e-17       7.684548074249e-18       1.476328930058e-18 
 2868       4.361372287110e-12       2.536304925307e-13      -2.025409093008e-13       0.000000000000e+00       7.962002078231e-17       7.591619940323e-18       1.477589893970e-18 
 2869       4.351108569277e-12       2.534041640134e-13      -2.057049865913e-13       0.000000000000e+00       7.948872498004e-17       7.499064628348e-18       1.478864183916e-18 
 2870       4.341094637006e-12       2.531574631475e-13      -2.088608093231e-13       0.000000000000e+00       7.935767298319e-17       7.406983498884e-18       1.480136501002e-18 
 2871       4.331328155986e-12       2.528904205876e-13      -2.120069272395e-13       0.000000000000e+00       7.922686427039e-17       7.315478193011e-18       1.481391503634e-18 
 2872       4.321806784265e-12       2.526030671613e-13      -2.151418860917e-13       0.000000000000e+00       7.909629831711e-17       7.224650632566e-18       1.482613807480e-18 
 2873       4.312528172237e-12       2.522954338695e-13      -2.182642276344e-13       0.000000000000e+00       7.896597459560e-17       7.134603020393e-18       1.483787985432e-18 
 2874       4.303489962636e-12       2.519675518866e-13      -2.213724896232e-13       0.000000000000e+00       7.883589257493e-17       7.045437840581e-18       1.484898567571e-18 
 2875       4.294689790531e-12       2.516194525603e-13      -2.244652058106e-13       0.000000000000e+00       7.870605172096e-17       6.957257858712e-18       1.485930041129e-18 
 2876       4.286125283317e-12       2.512511674124e-13      -2.275409059427e-13       0.000000000000e+00       7.857645149634e-17       6.870166122102e-18       1.486866850448e-18 
 2877       4.277794060710e-12       2.508627281384e-13      -2.305981157557e-13       0.000000000000e+00       7.844709136052e-17       6.784265960046e-18       1.487693396950e-18 
 2878       4.269693734738e-12       2.504541666080e-13      -2.336353569725e-13       0.000000000000e+00       7.831797076972e-17       6.699660984060e-18       1.488394039093e-18 
 2879       4.261821909734e-12       2.500255148651e-13      -2.366511472994e-13       0.000000000000e+00       7.818908917696e-17       6.616455088128e-18       1.488953092339e-18 
 2880       4.254176182330e-12       2.495768051284e-13      -2.396440004222e-13       0.000000000000e+00       7.806044603205e-17       6.534752448942e-18       1.489354829111e-18 
 2881       4.246754141452e-12       2.491080697907e-13      -2.426124260032e-13       0.000000000000e+00       7.793204078155e-17       6.454657526145e-18       1.489583478764e-18 
 2882       4.239553368309e-12       2.486193414201e-13      -2.455549296773e-13       0.000000000000e+00       7.780387286882e-17       6.376275062580e-18       1.489623227539e-18 
 2883       4.232571436387e-12       2.481106527594e-13      -2.484700130490e-13       0.000000000000e+00       7.767594173397e-17       6.299710084529e-18       1.489458218531e-18 
 2884       4.225805911444e-12       2.475820367267e-13      -2.513561736887e-13       0.000000000000e+00       7.754824681389e-17       6.225067901956e-18       1.489072551652e-18 
 2885       4.219254351503e-12       2.470335264154e-13      -2.542119051291e-13       0.000000000000e+00       7.742078754223e-17       6.152454108756e-18       1.488450283591e-18 
 2886       4.212914306841e-12       2.464651550945e-13      -2.570356968622e-13       0.000000000000e+00       7.729356334941e-17       6.081974582991e-18       1.487575427779e-18 
 2887       4.206783319988e-12       2.458769562085e-13      -2.598260343352e-13       0.000000000000e+00       7.716657366258e-17       6.013735487142e-18       1.486431954351e-18 
 2888       4.200858925714e-12       2.452689633780e-13      -2.625813989476e-13       0.000000000000e+00       7.703981790568e-17       5.947843268345e-18       1.485003790108e-18 
 2889       4.195138651026e-12       2.446412103995e-13      -2.653002680474e-13       0.000000000000e+00       7.691329549936e-17       5.884404658639e-18       1.483274818482e-18 
 2890       4.189620015161e-12       2.439937312457e-13      -2.679811149280e-13       0.000000000000e+00       7.678700586106e-17       5.823526675209e-18       1.481228879497e-18 
 2891       4.184300529576e-12       2.433265600660e-13      -2.706224088242e-13       0.000000000000e+00       7.666094840494e-17       5.765316620629e-18       1.478849769731e-18 
 2892       4.179177697944e-12       2.426397311859e-13      -2.732226149093e-13       0.000000000000e+00       7.653512254189e-17       5.709882083106e-18       1.476121242282e-18 
 2893       4.174248775934e-12       2.419333262989e-13      -2.757803897916e-13       0.000000000000e+00       7.640952771331e-17       5.657304338332e-18       1.473030180252e-18 
 2894       4.169510049239e-12       2.412076162998e-13      -2.782951690943e-13       0.000000000000e+00       7.628416349255e-17       5.607558407457e-18       1.469576134835e-18 
 2895       4.164957551879e-12       2.404629201695e-13      -2.807665828433e-13       0.000000000000e+00       7.615902948394e-17       5.560592594892e-18       1.465761835443e-18 
 2896       4.160587306072e-12       2.396995578501e-13      -2.831942602367e-13       0.000000000000e+00       7.603412528914e-17       5.516355049809e-18       1.461590020574e-18 
 2897       4.156395322219e-12       2.389178502456e-13      -2.855778296441e-13       0.000000000000e+00       7.590945050704e-17       5.474793766002e-18       1.457063437822e-18 
 2898       4.152377598900e-12       2.381181192233e-13      -2.879169186054e-13       0.000000000000e+00       7.578500473384e-17       5.435856581746e-18       1.452184843887e-18 
 2899       4.148530122858e-12       2.373006876137e-13      -2.902111538310e-13       0.000000000000e+00       7.566078756303e-17       5.399491179665e-18       1.446957004579e-18 
 2900       4.144848868992e-12       2.364658792125e-13      -2.924601612005e-13       0.000000000000e+00       7.553679858535e-17       5.365645086592e-18       1.441382694829e-18 
 2901       4.141329800345e-12       2.356140187803e-13      -2.946635657622e-13       0.000000000000e+00       7.541303738883e-17       5.334265673429e-18       1.435464698697e-18 
 2902       4.137968868093e-12       2.347454320446e-13      -2.968209917326e-13       0.000000000000e+00       7.528950355877e-17       5.305300155012e-18       1.429205809380e-18 
 2903       4.134762011538e-12       2.338604456996e-13      -2.989320624955e-13       0.000000000000e+00       7.516619667772e-17       5.278695589975e-18       1.422608829220e-18 
 2904       4.131705158092e-12       2.329593874077e-13      -3.009964006016e-13       0.000000000000e+00       7.504311632550e-17       5.254398880607e-18       1.415676569713e-18 
 2905       4.128794223272e-12       2.320425858003e-13      -3.030136277677e-13       0.000000000000e+00       7.492026207922e-17       5.232356772720e-18       1.408411851518e-18 
 2906       4.126025110685e-12       2.311103704783e-13      -3.049833648759e-13       0.000000000000e+00       7.479763351320e-17       5.212515855508e-18       1.400817504463e-18 
 2907       4.123393712022e-12       2.301630720133e-13      -3.069052319733e-13       0.000000000000e+00       7.467523019906e-17       5.194822561411e-18       1.392896367553e-18 
 2908       4.120895907044e-12       2.292010219483e-13      -3.087788482710e-13       0.000000000000e+00       7.455305170564e-17       5.179223165977e-18       1.384651288983e-18 
 2909       4.118527563573e-12       2.282245527987e-13      -3.106038321437e-13       0.000000000000e+00       7.443109759904e-17       5.165663787722e-18       1.376085126141e-18 
 2910       4.116284537482e-12       2.272339980528e-13      -3.123798011287e-13       0.000000000000e+00       7.430936744261e-17       5.154090387999e-18       1.367200745618e-18 
 2911       4.114162672682e-12       2.262296921732e-13      -3.141063719259e-13       0.000000000000e+00       7.418786079695e-17       5.144448770851e-18       1.358001023220e-18 
 2912       4.112157801117e-12       2.252119705970e-13      -3.157831603962e-13       0.000000000000e+00       7.406657721988e-17       5.136684582881e-18       1.348488843968e-18 
 2913       4.110265742747e-12       2.241811697373e-13      -3.174097815617e-13       0.000000000000e+00       7.394551626649e-17       5.130743313113e-18       1.338667102115e-18 
 2914       4.108482305542e-12       2.231376269835e-13      -3.189858496046e-13       0.000000000000e+00       7.382467748906e-17       5.126570292851e-18       1.328538701149e-18 
 2915       4.106803285471e-12       2.220816807026e-13      -3.205109778665e-13       0.000000000000e+00       7.370406043715e-17       5.124110695544e-18       1.318106553803e-18 
 2916       4.105224466488e-12       2.210136702397e-13      -3.219847788482e-13       0.000000000000e+00       7.358366465751e-17       5.123309536648e-18       1.307373582063e-18 
 2917       4.103741620529e-12       2.199339359191e-13      -3.234068642084e-13       0.000000000000e+00       7.346348969414e-17       5.124111673488e-18       1.296342717176e-18 
 2918       4.102350507492e-12       2.188428190450e-13      -3.247768447635e-13       0.000000000000e+00       7.334353508825e-17       5.126461805123e-18       1.285016899661e-18 
 2919       4.101046875235e-12       2.177406619024e-13      -3.260943304868e-13       0.000000000000e+00       7.322380037829e-17       5.130304472203e-18       1.273399079311e-18 
 2920       4.099826459560e-12       2.166278077580e-13      -3.273589305080e-13       0.000000000000e+00       7.310428509990e-17       5.135584056836e-18       1.261492215208e-18 
 2921       4.098684984206e-12       2.155046008610e-13      -3.285702531120e-13       0.000000000000e+00       7.298498878595e-17       5.142244782448e-18       1.249299275729e-18 
 2922       4.097618160837e-12       2.143713864440e-13      -3.297279057392e-13       0.000000000000e+00       7.286591096652e-17       5.150230713649e-18       1.236823238551e-18 
 2923       4.096621689030e-12       2.132285107237e-13      -3.308314949837e-13       0.000000000000e+00       7.274705116891e-17       5.159485756089e-18       1.224067090665e-18 
 2924       4.095691256269e-12       2.120763209019e-13      -3.318806265936e-13       0.000000000000e+00       7.262840891760e-17       5.169953656326e-18       1.211033828379e-18 
 2925       4.094822537929e-12       2.109151651665e-13      -3.328749054698e-13       0.000000000000e+00       7.250998373430e-17       5.181578001687e-18       1.197726457331e-18 
 2926       4.094011197272e-12       2.097453926919e-13      -3.338139356656e-13       0.000000000000e+00       7.239177513789e-17       5.194302220129e-18       1.184147992493e-18 
 2927       4.093252885430e-12       2.085673536403e-13      -3.346973203859e-13       0.000000000000e+00       7.227378264448e-17       5.208069580102e-18       1.170301458182e-18 
 2928       4.092543241398e-12       2.073813991624e-13      -3.355246619866e-13       0.000000000000e+00       7.215600576735e-17       5.222823190411e-18       1.156189888069e-18 
 2929       4.091877892024e-12       2.061878813981e-13      -3.362955619739e-13       0.000000000000e+00       7.203844401699e-17       5.238506000081e-18       1.141816325182e-18 
 2930       4.091252451998e-12       2.049871534776e-13      -3.370096210037e-13       0.000000000000e+00       7.192109690106e-17       5.255060798217e-18       1.127183821923e-18 
 2931       4.090662523841e-12       2.037795695219e-13      -3.376664388810e-13       0.000000000000e+00       7.180396392441e-17       5.272430213865e-18       1.112295440067e-18 
 2932       4.090103697893e-12       2.025654846443e-13      -3.382656145591e-13       0.000000000000e+00       7.168704458908e-17       5.290556715877e-18       1.097154250777e-18 
 2933       4.089571552307e-12       2.013452549505e-13      -3.388067461388e-13       0.000000000000e+00       7.157033839429e-17       5.309382612775e-18       1.081763334610e-18 
 2934       4.089061653034e-12       2.001192375399e-13      -3.392894308684e-13       0.000000000000e+00       7.145384483643e-17       5.328850052607e-18       1.066125781525e-18 
 2935       4.088569553817e-12       1.988877905063e-13      -3.397132651421e-13       0.000000000000e+00       7.133756340906e-17       5.348901022816e-18       1.050244690890e-18 
 2936       4.088090796174e-12       1.976512729389e-13      -3.400778445003e-13       0.000000000000e+00       7.122149360293e-17       5.369477350098e-18       1.034123171495e-18 
 2937       4.087620909395e-12       1.964100449229e-13      -3.403827636280e-13       0.000000000000e+00       7.110563490593e-17       5.390520700269e-18       1.017764341553e-18 
 2938       4.087155410528e-12       1.951644675406e-13      -3.406276163549e-13       0.000000000000e+00       7.098998680314e-17       5.411972578122e-18       1.001171328717e-18 
 2939       4.086689804367e-12       1.939149028721e-13      -3.408119956546e-13       0.000000000000e+00       7.087454877680e-17       5.433774327293e-18       9.843472700796e-19 
 2940       4.086219583445e-12       1.926617139963e-13      -3.409354936434e-13       0.000000000000e+00       7.075932030628e-17       5.455867130120e-18       9.672953121881e-19 
 2941       4.085740228021e-12       1.914052649916e-13      -3.409977015803e-13       0.000000000000e+00       7.064430086815e-17       5.478192007512e-18       9.500186110488e-19 
 2942       4.085247579755e-12       1.901459094169e-13      -3.409983869075e-13       0.000000000000e+00       7.052948996561e-17       5.500696120636e-18       9.325224168533e-19 
 2943       4.084738964788e-12       1.888839556909e-13      -3.409380253369e-13       0.000000000000e+00       7.041488721724e-17       5.523351710549e-18       9.148203394728e-19 
 2944       4.084212076231e-12       1.876197015419e-13      -3.408172714110e-13       0.000000000000e+00       7.030049226872e-17       5.546137252584e-18       8.969281141721e-19 
 2945       4.083664600985e-12       1.863534455133e-13      -3.406367817044e-13       0.000000000000e+00       7.018630476334e-17       5.569031163030e-18       8.788615197625e-19 
 2946       4.083094219735e-12       1.850854869640e-13      -3.403972148249e-13       0.000000000000e+00       7.007232434204e-17       5.592011799079e-18       8.606363786395e-19 
 2947       4.082498606944e-12       1.838161260688e-13      -3.400992314159e-13       0.000000000000e+00       6.995855064336e-17       5.615057458779e-18       8.422685568201e-19 
 2948       4.081875430849e-12       1.825456638195e-13      -3.397434941579e-13       0.000000000000e+00       6.984498330347e-17       5.638146380984e-18       8.237739639793e-19 
 2949       4.081222353456e-12       1.812744020257e-13      -3.393306677702e-13       0.000000000000e+00       6.973162195616e-17       5.661256745302e-18       8.051685534882e-19 
 2950       4.080537030532e-12       1.800026433149e-13      -3.388614190129e-13       0.000000000000e+00       6.961846623282e-17       5.684366672045e-18       7.864683224505e-19 
 2951       4.079817111604e-12       1.787306911336e-13      -3.383364166888e-13       0.000000000000e+00       6.950551576247e-17       5.707454222179e-18       7.676893117397e-19 
 2952       4.079060239950e-12       1.774588497482e-13      -3.377563316449e-13       0.000000000000e+00       6.939277017173e-17       5.730497397273e-18       7.488476060367e-19 
 2953       4.078264052595e-12       1.761874242452e-13      -3.371218367742e-13       0.000000000000e+00       6.928022908481e-17       5.753474139452e-18       7.299593338668e-19 
 2954       4.077426180306e-12       1.749167205322e-13      -3.364336070178e-13       0.000000000000e+00       6.916789212357e-17       5.776362331342e-18       7.110406676367e-19 
 2955       4.076544247587e-12       1.736470453385e-13      -3.356923193666e-13       0.000000000000e+00       6.905575890742e-17       5.799139796022e-18       6.921078236717e-19 
 2956       4.075615872674e-12       1.723787062158e-13      -3.348986528627e-13       0.000000000000e+00       6.894382905340e-17       5.821784296974e-18       6.731770622533e-19 
 2957       4.074638667528e-12       1.711120115388e-13      -3.340532886019e-13       0.000000000000e+00       6.883210217614e-17       5.844273538034e-18       6.542646876558e-19 
 2958       4.073610237832e-12       1.698472705063e-13      -3.331569097347e-13       0.000000000000e+00       6.872057788786e-17       5.866585163338e-18       6.353870481839e-19 
 2959       4.072528182984e-12       1.685847931413e-13      -3.322102014689e-13       0.000000000000e+00       6.860925579838e-17       5.888696757275e-18       6.165605362097e-19 
 2960       4.071390096091e-12       1.673248902920e-13      -3.312138510706e-13       0.000000000000e+00       6.849813551511e-17       5.910585844436e-18       5.978015882097e-19 
 2961       4.070193563968e-12       1.660678736327e-13      -3.301685478668e-13       0.000000000000e+00       6.838721664302e-17       5.932229889561e-18       5.791266848026e-19 
 2962       4.068936167128e-12       1.648140556640e-13      -3.290749832466e-13       0.000000000000e+00       6.827649878471e-17       5.953606297494e-18       5.605523507858e-19 
 2963       4.067615479778e-12       1.635637497138e-13      -3.279338506631e-13       0.000000000000e+00       6.816598154032e-17       5.974692413128e-18       5.420951551728e-19 
 2964       4.066229069816e-12       1.623172699382e-13      -3.267458456354e-13       0.000000000000e+00       6.805566450760e-17       5.995465521357e-18       5.237717112305e-19 
 2965       4.064774498823e-12       1.610749313217e-13      -3.255116657503e-13       0.000000000000e+00       6.794554728185e-17       6.015902847026e-18       5.055986765165e-19 
 2966       4.063249322059e-12       1.598370496780e-13      -3.242320106640e-13       0.000000000000e+00       6.783562945597e-17       6.035981554880e-18       4.875927529158e-19 
 2967       4.061651088458e-12       1.586039416513e-13      -3.229075821041e-13       0.000000000000e+00       6.772591062042e-17       6.055678749511e-18       4.697706866785e-19 
 2968       4.059977340623e-12       1.573759247161e-13      -3.215390838711e-13       0.000000000000e+00       6.761639036321e-17       6.074971475314e-18       4.521492684566e-19 
 2969       4.058225614817e-12       1.561533171784e-13      -3.201272218404e-13       0.000000000000e+00       6.750706826996e-17       6.093836716431e-18       4.347453333413e-19 
 2970       4.056393440964e-12       1.549364381765e-13      -3.186727039643e-13       0.000000000000e+00       6.739794392381e-17       6.112251396704e-18       4.175757609004e-19 
 2971       4.054478342640e-12       1.537256076812e-13      -3.171762402732e-13       0.000000000000e+00       6.728901690549e-17       6.130192379624e-18       4.006574752151e-19 
 2972       4.052477837066e-12       1.525211464970e-13      -3.156385428780e-13       0.000000000000e+00       6.718028679329e-17       6.147636468279e-18       3.840074449176e-19 
 2973       4.050389435107e-12       1.513233762626e-13      -3.140603259716e-13       0.000000000000e+00       6.707175316303e-17       6.164560405306e-18       3.676426832278e-19 
 2974       4.048210641266e-12       1.501326194514e-13      -3.124423058308e-13       0.000000000000e+00       6.696341558812e-17       6.180940872839e-18       3.515802479908e-19 
 2975       4.045938953674e-12       1.489491993725e-13      -3.107852008178e-13       0.000000000000e+00       6.685527363949e-17       6.196754492461e-18       3.358372417141e-19 
 2976       4.043571864091e-12       1.477734401712e-13      -3.090897313825e-13       0.000000000000e+00       6.674732688564e-17       6.211977825151e-18       3.204308116046e-19 
 2977       4.041106857897e-12       1.466056668298e-13      -3.073566200640e-13       0.000000000000e+00       6.663957489260e-17       6.226587371236e-18       3.053781496061e-19 
 2978       4.038541414088e-12       1.454462051683e-13      -3.055865914923e-13       0.000000000000e+00       6.653201722397e-17       6.240559570339e-18       2.906964924358e-19 
 2979       4.035873005270e-12       1.442953818449e-13      -3.037803723905e-13       0.000000000000e+00       6.642465344087e-17       6.253870801330e-18       2.764031216224e-19 
 2980       4.033099097654e-12       1.431535243569e-13      -3.019386915759e-13       0.000000000000e+00       6.631748310196e-17       6.266497382275e-18       2.625153635425e-19 
 2981       4.030217151053e-12       1.420209610414e-13      -3.000622799626e-13       0.000000000000e+00       6.621050576344e-17       6.278415570386e-18       2.490505894582e-19 
 2982       4.027224618872e-12       1.408980210757e-13      -2.981518705628e-13       0.000000000000e+00       6.610372097906e-17       6.289601561971e-18       2.360262155543e-19 
 2983       4.024118948107e-12       1.397850344783e-13      -2.962081984886e-13       0.000000000000e+00       6.599712830007e-17       6.300031492383e-18       2.234597029752e-19 
 2984       4.020897579337e-12       1.386823321097e-13      -2.942320009541e-13       0.000000000000e+00       6.589072727528e-17       6.309681435970e-18       2.113685578621e-19 
 2985       4.017557946722e-12       1.375902456727e-13      -2.922240172769e-13       0.000000000000e+00       6.578451745102e-17       6.318527406026e-18       1.997703313907e-19 
 2986       4.014097477994e-12       1.365091077133e-13      -2.901849888800e-13       0.000000000000e+00       6.567849837112e-17       6.326545354738e-18       1.886826198076e-19 
 2987       4.010513594453e-12       1.354392516214e-13      -2.881156592937e-13       0.000000000000e+00       6.557266957696e-17       6.333711173138e-18       1.781230644682e-19 
 2988       4.006803710964e-12       1.343810116315e-13      -2.860167741571e-13       0.000000000000e+00       6.546703060743e-17       6.340000691053e-18       1.681093518733e-19 
 2989       4.002965235948e-12       1.333347228232e-13      -2.838890812202e-13       0.000000000000e+00       6.536158099894e-17       6.345389677052e-18       1.586592137066e-19 
 2990       3.998995571380e-12       1.323007211224e-13      -2.817333303457e-13       0.000000000000e+00       6.525632028540e-17       6.349853838399e-18       1.497904268719e-19 
 2991       3.994892659060e-12       1.312792959220e-13      -2.795502997811e-13       0.000000000000e+00       6.515124802415e-17       6.353380766039e-18       1.415146379820e-19 
 2992       3.990656622368e-12       1.302705476926e-13      -2.773408751133e-13       0.000000000000e+00       6.504636387383e-17       6.356005833555e-18       1.338188037156e-19 
 2993       3.986288132536e-12       1.292745296759e-13      -2.751059707043e-13       0.000000000000e+00       6.494166751683e-17       6.357776473906e-18       1.266836596505e-19 
 2994       3.981787863109e-12       1.282912952013e-13      -2.728465034582e-13       0.000000000000e+00       6.483715863349e-17       6.358740250462e-18       1.200898875112e-19 
 2995       3.977156489940e-12       1.273208976858e-13      -2.705633928227e-13       0.000000000000e+00       6.473283690208e-17       6.358944857115e-18       1.140181151230e-19 
 2996       3.972394691194e-12       1.263633906338e-13      -2.682575607919e-13       0.000000000000e+00       6.462870199876e-17       6.358438118390e-18       1.084489163670e-19 
 2997       3.967503147352e-12       1.254188276376e-13      -2.659299319084e-13       0.000000000000e+00       6.452475359761e-17       6.357267989552e-18       1.033628111340e-19 
 2998       3.962482541213e-12       1.244872623771e-13      -2.635814332649e-13       0.000000000000e+00       6.442099137063e-17       6.355482556722e-18       9.874026527880e-20 
 2999       3.957333557892e-12       1.235687486199e-13      -2.612129945068e-13       0.000000000000e+00       6.431741498773e-17       6.353130036980e-18       9.456169057508e-20 
 3000       3.952056884829e-12       1.226633402216e-13      -2.588255478345e-13       0.000000000000e+00       6.421402411672e-17       6.350258778478e-18       9.080744466926e-20 
 3001       3.946653211784e-12       1.217710911255e-13      -2.564200280049e-13       0.000000000000e+00       6.411081842332e-17       6.346917260550e-18       8.745783103513e-20 
 3002       3.941123230842e-12       1.208920553630e-13      -2.539973723343e-13       0.000000000000e+00       6.400779757115e-17       6.343154093822e-18       8.449309892816e-20 
 3003       3.935467636418e-12       1.200262870535e-13      -2.515585207000e-13       0.000000000000e+00       6.390496122173e-17       6.339018020321e-18       8.189344333984e-20 
 3004       3.929687125253e-12       1.191738404043e-13      -2.491044155427e-13       0.000000000000e+00       6.380230903449e-17       6.334557913586e-18       7.963900495212e-20 
 3005       3.923782396421e-12       1.183347697111e-13      -2.466360018686e-13       0.000000000000e+00       6.369984066675e-17       6.329822778778e-18       7.770987009172e-20 
 3006       3.917754151331e-12       1.175091293575e-13      -2.441542272515e-13       0.000000000000e+00       6.359755577373e-17       6.324861752787e-18       7.608607068451e-20 
 3007       3.911603093725e-12       1.166969738154e-13      -2.416600418351e-13       0.000000000000e+00       6.349545400851e-17       6.319724104346e-18       7.474758420993e-20 
 3008       3.905329929682e-12       1.158983576451e-13      -2.391543983349e-13       0.000000000000e+00       6.339353502212e-17       6.314459234138e-18       7.367433365530e-20 
 3009       3.898935367624e-12       1.151133354952e-13      -2.366382520407e-13       0.000000000000e+00       6.329179846342e-17       6.309116674908e-18       7.284618747022e-20 
 3010       3.892420118312e-12       1.143419621026e-13      -2.341125608182e-13       0.000000000000e+00       6.319024397920e-17       6.303746091572e-18       7.224295952092e-20 
 3011       3.885784894851e-12       1.135842922928e-13      -2.315782851119e-13       0.000000000000e+00       6.308887121410e-17       6.298397281324e-18       7.184440904469e-20 
 3012       3.879030412693e-12       1.128403809797e-13      -2.290363879464e-13       0.000000000000e+00       6.298767981067e-17       6.293120173753e-18       7.163024060416e-20 
 3013       3.872157389637e-12       1.121102831660e-13      -2.264878349294e-13       0.000000000000e+00       6.288666940932e-17       6.287964830944e-18       7.158010404175e-20 
 3014       3.865166545832e-12       1.113940539427e-13      -2.239335942531e-13       0.000000000000e+00       6.278583964834e-17       6.282981447597e-18       7.167359443400e-20 
 3015       3.858058603780e-12       1.106917484897e-13      -2.213746366968e-13       0.000000000000e+00       6.268519016391e-17       6.278220351130e-18       7.189025204595e-20 
 3016       3.850834288335e-12       1.100034220757e-13      -2.188119356291e-13       0.000000000000e+00       6.258472059007e-17       6.273732001790e-18       7.220956228551e-20 
 3017       3.843494326710e-12       1.093291300581e-13      -2.162464670096e-13       0.000000000000e+00       6.248443055872e-17       6.269566992766e-18       7.261095565785e-20 
 3018       3.836039448473e-12       1.086689278832e-13      -2.136792093914e-13       0.000000000000e+00       6.238431969966e-17       6.265776050298e-18       7.307380771972e-20 
 3019       3.828470385556e-12       1.080228710860e-13      -2.111111439234e-13       0.000000000000e+00       6.228438764053e-17       6.262410033783e-18       7.357743903388e-20 
 3020       3.820787872250e-12       1.073910152909e-13      -2.085432543519e-13       0.000000000000e+00       6.218463400685e-17       6.259519935891e-18       7.410111512345e-20 
 3021       3.812992645212e-12       1.067734162111e-13      -2.059765270232e-13       0.000000000000e+00       6.208505842198e-17       6.257156882670e-18       7.462404642626e-20 
 3022       3.805085443466e-12       1.061701296488e-13      -2.034119508857e-13       0.000000000000e+00       6.198566050718e-17       6.255372133658e-18       7.512538824923e-20 
 3023       3.797067008403e-12       1.055812114955e-13      -2.008505174920e-13       0.000000000000e+00       6.188643988153e-17       6.254217081993e-18       7.558424072278e-20 
 3024       3.788938083786e-12       1.050067177319e-13      -1.982932210007e-13       0.000000000000e+00       6.178739616199e-17       6.253743254522e-18       7.597964875514e-20 
 3025       3.780699415751e-12       1.044467044278e-13      -1.957410581792e-13       0.000000000000e+00       6.168852896335e-17       6.254002311912e-18       7.629060198675e-20 
 3026       3.772351752807e-12       1.039012277426e-13      -1.931950284054e-13       0.000000000000e+00       6.158983789827e-17       6.255046048759e-18       7.649603474466e-20 
 3027       3.763895845841e-12       1.033703439249e-13      -1.906561336699e-13       0.000000000000e+00       6.149132257727e-17       6.256926393698e-18       7.657482599685e-20 
 3028       3.755332448120e-12       1.028541093126e-13      -1.881253785784e-13       0.000000000000e+00       6.139298260868e-17       6.259695409514e-18       7.650579930661e-20 
 3029       3.746662315290e-12       1.023525803334e-13      -1.856037703534e-13       0.000000000000e+00       6.129481759872e-17       6.263405293250e-18       7.626772278694e-20 
 3030       3.737886205380e-12       1.018658135044e-13      -1.830923188368e-13       0.000000000000e+00       6.119682715142e-17       6.268108376319e-18       7.583930905492e-20 
 3031       3.729004878806e-12       1.013938654322e-13      -1.805920364918e-13       0.000000000000e+00       6.109901086865e-17       6.273857124611e-18       7.519921518603e-20 
 3032       3.720019098370e-12       1.009367928133e-13      -1.781039384051e-13       0.000000000000e+00       6.100136835016e-17       6.280704138608e-18       7.432604266858e-20 
 3033       3.710929629263e-12       1.004946524336e-13      -1.756290422891e-13       0.000000000000e+00       6.090389919348e-17       6.288702153487e-18       7.319833735806e-20 
 3034       3.701737239069e-12       1.000675011692e-13      -1.731683684838e-13       0.000000000000e+00       6.080660299401e-17       6.297904039235e-18       7.179458943148e-20 
 3035       3.692442697762e-12       9.965539598565e-14      -1.707229399595e-13       0.000000000000e+00       6.070947934497e-17       6.308362800760e-18       7.009323334181e-20 
 3036       3.683046777715e-12       9.925839393859e-14      -1.682937823183e-13       0.000000000000e+00       6.061252783743e-17       6.320131577993e-18       6.807264777227e-20 
 3037       3.673550253696e-12       9.887655217358e-14      -1.658819237966e-13       0.000000000000e+00       6.051574806025e-17       6.333263646009e-18       6.571115559077e-20 
 3038       3.663953902875e-12       9.850992792617e-14      -1.634883952674e-13       0.000000000000e+00       6.041913960015e-17       6.347812415127e-18       6.298702380423e-20 
 3039       3.654258504821e-12       9.815857852197e-14      -1.611142302419e-13       0.000000000000e+00       6.032270204167e-17       6.363831431026e-18       5.987846351299e-20 
 3040       3.644465093515e-12       9.782252307094e-14      -1.587603571162e-13       0.000000000000e+00       6.022643498994e-17       6.381357879463e-18       5.636882362419e-20 
 3041       3.634575714694e-12       9.750162734843e-14      -1.564272753367e-13       0.000000000000e+00       6.013033813925e-17       6.400363013395e-18       5.246219941878e-20 
 3042       3.624592672156e-12       9.719571835959e-14      -1.541153776785e-13       0.000000000000e+00       6.003441120482e-17       6.420801487233e-18       4.816789909646e-20 
 3043       3.614518276096e-12       9.690462259435e-14      -1.518250578605e-13       0.000000000000e+00       5.993865390005e-17       6.442627830429e-18       4.349525686888e-20 
 3044       3.604354843105e-12       9.662816602696e-14      -1.495567105460e-13       0.000000000000e+00       5.984306593652e-17       6.465796447379e-18       3.845363298150e-20 
 3045       3.594104696180e-12       9.636617411556e-14      -1.473107313437e-13       0.000000000000e+00       5.974764702397e-17       6.490261617313e-18       3.305241373534e-20 
 3046       3.583770164727e-12       9.611847180173e-14      -1.450875168081e-13       0.000000000000e+00       5.965239687032e-17       6.515977494193e-18       2.730101150877e-20 
 3047       3.573353584566e-12       9.588488351007e-14      -1.428874644408e-13       0.000000000000e+00       5.955731518164e-17       6.542898106609e-18       2.120886477932e-20 
 3048       3.562857297938e-12       9.566523314776e-14      -1.407109726907e-13       0.000000000000e+00       5.946240166219e-17       6.570977357674e-18       1.478543814544e-20 
 3049       3.552283653511e-12       9.545934410408e-14      -1.385584409548e-13       0.000000000000e+00       5.936765601438e-17       6.600169024920e-18       8.040222348321e-21 
 3050       3.541635006381e-12       9.526703925003e-14      -1.364302695795e-13       0.000000000000e+00       5.927307793879e-17       6.630426760194e-18       9.827342936452e-22 
 3051       3.530913718082e-12       9.508814093784e-14      -1.343268598607e-13       0.000000000000e+00       5.917866713415e-17       6.661704089555e-18      -6.377482926591e-21 
 3052       3.520122156589e-12       9.492247100055e-14      -1.322486140448e-13       0.000000000000e+00       5.908442329735e-17       6.693954413166e-18      -1.403086001231e-20 
 3053       3.509262696326e-12       9.476985075159e-14      -1.301959353297e-13       0.000000000000e+00       5.899034612345e-17       6.727131005195e-18      -2.196780143355e-20 
 3054       3.498337718166e-12       9.463010098429e-14      -1.281692278650e-13       0.000000000000e+00       5.889643530566e-17       6.761187013705e-18      -3.017868540869e-20 
 3055       3.487349609442e-12       9.450304197149e-14      -1.261688967534e-13       0.000000000000e+00       5.880269053533e-17       6.796075460555e-18      -3.865386388266e-20 
 3056       3.476300763949e-12       9.438849346506e-14      -1.241953480507e-13       0.000000000000e+00       5.870911150198e-17       6.831749241293e-18      -4.738366250514e-20 
 3057       3.465193581950e-12       9.428627469552e-14      -1.222489887674e-13       0.000000000000e+00       5.861569789326e-17       6.868161125054e-18      -5.635838060877e-20 
 3058       3.454030470182e-12       9.419620437150e-14      -1.203302268688e-13       0.000000000000e+00       5.852244939499e-17       6.905263754451e-18      -6.556829118739e-20 
 3059       3.442813841862e-12       9.411810067942e-14      -1.184394712759e-13       0.000000000000e+00       5.842936569111e-17       6.943009645477e-18      -7.500364087423e-20 
 3060       3.431546116689e-12       9.405178128294e-14      -1.165771318663e-13       0.000000000000e+00       5.833644646373e-17       6.981351187395e-18      -8.465464992010e-20 
 3061       3.420229720855e-12       9.399706332260e-14      -1.147436194748e-13       0.000000000000e+00       5.824369139308e-17       7.020240642640e-18      -9.451151217167e-20 
 3062       3.408867087042e-12       9.395376341533e-14      -1.129393458943e-13       0.000000000000e+00       5.815110015754e-17       7.059630146708e-18      -1.045643950496e-19 
 3063       3.397460654438e-12       9.392169765405e-14      -1.111647238765e-13       0.000000000000e+00       5.805867243364e-17       7.099471708058e-18      -1.148034395268e-19 
 3064       3.386012868733e-12       9.390068160720e-14      -1.094201671325e-13       0.000000000000e+00       5.796640789602e-17       7.139717208002e-18      -1.252187601066e-19 
 3065       3.374526182128e-12       9.389053031831e-14      -1.077060903337e-13       0.000000000000e+00       5.787430621748e-17       7.180318400605e-18      -1.358004448010e-19 
 3066       3.363003053343e-12       9.389105830554e-14      -1.060229091124e-13       0.000000000000e+00       5.778236706893e-17       7.221226912581e-18      -1.465385551090e-19 
 3067       3.351445947617e-12       9.390207956130e-14      -1.043710400629e-13       0.000000000000e+00       5.769059011943e-17       7.262394243186e-18      -1.574231259945e-19 
 3068       3.339857336716e-12       9.392340755173e-14      -1.027509007418e-13       0.000000000000e+00       5.759897503616e-17       7.303771764114e-18      -1.684441658648e-19 
 3069       3.328239698941e-12       9.395485521633e-14      -1.011629096691e-13       0.000000000000e+00       5.750752148443e-17       7.345310719396e-18      -1.795916565486e-19 
 3070       3.316595519129e-12       9.399623496747e-14      -9.960748632871e-14       0.000000000000e+00       5.741622912767e-17       7.386962225291e-18      -1.908555532746e-19 
 3071       3.304927288659e-12       9.404735868998e-14      -9.808505116935e-14       0.000000000000e+00       5.732509762743e-17       7.428677270187e-18      -2.022257846490e-19 
 3072       3.293237505460e-12       9.410803774069e-14      -9.659602560525e-14       0.000000000000e+00       5.723412664341e-17       7.470406714494e-18      -2.136922526345e-19 
 3073       3.281528674013e-12       9.417808294801e-14      -9.514083201689e-14       0.000000000000e+00       5.714331583339e-17       7.512101290538e-18      -2.252448325281e-19 
 3074       3.269803305361e-12       9.425730461148e-14      -9.371989375174e-14       0.000000000000e+00       5.705266485329e-17       7.553711602459e-18      -2.368733729391e-19 
 3075       3.258063917109e-12       9.434551250131e-14      -9.233363512508e-14       0.000000000000e+00       5.696217335714e-17       7.595188126110e-18      -2.485676957679e-19 
 3076       3.246313033432e-12       9.444251585799e-14      -9.098248142065e-14       0.000000000000e+00       5.687184099710e-17       7.636481208945e-18      -2.603175961838e-19 
 3077       3.234553185080e-12       9.454812339179e-14      -8.966685889147e-14       0.000000000000e+00       5.678166742341e-17       7.677541069922e-18      -2.721128426031e-19 
 3078       3.222786909384e-12       9.466214328238e-14      -8.838719476057e-14       0.000000000000e+00       5.669165228445e-17       7.718317799394e-18      -2.839431766678e-19 
 3079       3.211016750261e-12       9.478438317833e-14      -8.714391722173e-14       0.000000000000e+00       5.660179522669e-17       7.758761359009e-18      -2.957983132233e-19 
 3080       3.199245258218e-12       9.491465019673e-14      -8.593745544025e-14       0.000000000000e+00       5.651209589473e-17       7.798821581601e-18      -3.076679402971e-19 
 3081       3.187474990360e-12       9.505275092268e-14      -8.476823955368e-14       0.000000000000e+00       5.642255393124e-17       7.838448171089e-18      -3.195417190764e-19 
 3082       3.175708510391e-12       9.519849140894e-14      -8.363670067258e-14       0.000000000000e+00       5.633316897702e-17       7.877590702374e-18      -3.314092838869e-19 
 3083       3.163948388625e-12       9.535167717539e-14      -8.254327088126e-14       0.000000000000e+00       5.624394067096e-17       7.916198621231e-18      -3.432602421707e-19 
 3084       3.152197201987e-12       9.551211320867e-14      -8.148838323856e-14       0.000000000000e+00       5.615486865006e-17       7.954221244206e-18      -3.550841744646e-19 
 3085       3.140457534020e-12       9.567960396171e-14      -8.047247177854e-14       0.000000000000e+00       5.606595254941e-17       7.991607758515e-18      -3.668706343782e-19 
 3086       3.128731974891e-12       9.585395335328e-14      -7.949597151130e-14       0.000000000000e+00       5.597719200218e-17       8.028307221934e-18      -3.786091485723e-19 
 3087       3.117023121393e-12       9.603496476755e-14      -7.855931842369e-14       0.000000000000e+00       5.588858663967e-17       8.064268562700e-18      -3.902892167371e-19 
 3088       3.105333576956e-12       9.622244105369e-14      -7.766294948006e-14       0.000000000000e+00       5.580013609123e-17       8.099440579406e-18      -4.019003115701e-19 
 3089       3.093665786299e-12       9.641618229990e-14      -7.680717711052e-14       0.000000000000e+00       5.571184000444e-17       8.133782393820e-18      -4.134324161032e-19 
 3090       3.082021538538e-12       9.661597914507e-14      -7.599181202418e-14       0.000000000000e+00       5.562369810546e-17       8.167294863711e-18      -4.248776385089e-19 
 3091       3.070402461736e-12       9.682161943457e-14      -7.521653860887e-14       0.000000000000e+00       5.553571013894e-17       8.199989318770e-18      -4.362286049076e-19 
 3092       3.058810188039e-12       9.703289044233e-14      -7.448104028038e-14       0.000000000000e+00       5.544787584793e-17       8.231877121238e-18      -4.474779226992e-19 
 3093       3.047246353677e-12       9.724957887043e-14      -7.378499948164e-14       0.000000000000e+00       5.536019497385e-17       8.262969665932e-18      -4.586181805485e-19 
 3094       3.035712598972e-12       9.747147084859e-14      -7.312809768187e-14       0.000000000000e+00       5.527266725655e-17       8.293278380273e-18      -4.696419483697e-19 
 3095       3.024210568336e-12       9.769835193372e-14      -7.251001537577e-14       0.000000000000e+00       5.518529243424e-17       8.322814724316e-18      -4.805417773116e-19 
 3096       3.012741910280e-12       9.793000710943e-14      -7.193043208268e-14       0.000000000000e+00       5.509807024355e-17       8.351590190774e-18      -4.913101997428e-19 
 3097       3.001308277412e-12       9.816622078560e-14      -7.138902634577e-14       0.000000000000e+00       5.501100041947e-17       8.379616305045e-18      -5.019397292361e-19 
 3098       2.989911326444e-12       9.840677679789e-14      -7.088547573117e-14       0.000000000000e+00       5.492408269540e-17       8.406904625241e-18      -5.124228605541e-19 
 3099       2.978552718191e-12       9.865145840726e-14      -7.041945682719e-14       0.000000000000e+00       5.483731680312e-17       8.433466742214e-18      -5.227520696337e-19 
 3100       2.967234117580e-12       9.890004829953e-14      -6.999064524348e-14       0.000000000000e+00       5.475070247279e-17       8.459314279585e-18      -5.329198135711e-19 
 3101       2.955957193648e-12       9.915232858489e-14      -6.959871561016e-14       0.000000000000e+00       5.466423943295e-17       8.484458893768e-18      -5.429185306073e-19 
 3102       2.944723619550e-12       9.940808079744e-14      -6.924334157706e-14       0.000000000000e+00       5.457792741054e-17       8.508912274001e-18      -5.527406401122e-19 
 3103       2.933535072558e-12       9.966708589471e-14      -6.892419581285e-14       0.000000000000e+00       5.449176613084e-17       8.532686142369e-18      -5.623785425703e-19 
 3104       2.922393234065e-12       9.992912425723e-14      -6.864095000420e-14       0.000000000000e+00       5.440575531756e-17       8.555792253835e-18      -5.718246195655e-19 
 3105       2.911299789591e-12       1.001939756880e-13      -6.839327485499e-14       0.000000000000e+00       5.431989469274e-17       8.578242396266e-18      -5.810712337656e-19 
 3106       2.900256428784e-12       1.004614194121e-13      -6.818084008545e-14       0.000000000000e+00       5.423418397683e-17       8.600048390458e-18      -5.901107289079e-19 
 3107       2.889264845425e-12       1.007312340762e-13      -6.800331443136e-14       0.000000000000e+00       5.414862288863e-17       8.621222090168e-18      -5.989354297838e-19 
 3108       2.878326737427e-12       1.010031977479e-13      -6.786036564320e-14       0.000000000000e+00       5.406321114531e-17       8.641775382135e-18      -6.075376422241e-19 
 3109       2.867443806845e-12       1.012770879157e-13      -6.775166048532e-14       0.000000000000e+00       5.397794846244e-17       8.661720186112e-18      -6.159096530833e-19 
 3110       2.856617759873e-12       1.015526814881e-13      -6.767686473512e-14       0.000000000000e+00       5.389283455391e-17       8.681068454892e-18      -6.240437302253e-19 
 3111       2.845850306850e-12       1.018297547933e-13      -6.763564318224e-14       0.000000000000e+00       5.380786913203e-17       8.699832174335e-18      -6.319321225081e-19 
 3112       2.835143162265e-12       1.021080835787e-13      -6.762765962771e-14       0.000000000000e+00       5.372305190744e-17       8.718023363394e-18      -6.395670597686e-19 
 3113       2.824498044756e-12       1.023874430106e-13      -6.765257688309e-14       0.000000000000e+00       5.363838258914e-17       8.735654074144e-18      -6.469407528077e-19 
 3114       2.813916677117e-12       1.026676076735e-13      -6.771005676973e-14       0.000000000000e+00       5.355386088452e-17       8.752736391807e-18      -6.540453933754e-19 
 3115       2.803400786300e-12       1.029483515697e-13      -6.779976011786e-14       0.000000000000e+00       5.346948649930e-17       8.769282434784e-18      -6.608731541554e-19 
 3116       2.792952103417e-12       1.032294481189e-13      -6.792134676579e-14       0.000000000000e+00       5.338525913758e-17       8.785304354676e-18      -6.674161887505e-19 
 3117       2.782572363745e-12       1.035106701578e-13      -6.807447555909e-14       0.000000000000e+00       5.330117850182e-17       8.800814336314e-18      -6.736666316674e-19 
 3118       2.772263306730e-12       1.037917899393e-13      -6.825880434975e-14       0.000000000000e+00       5.321724429281e-17       8.815824597789e-18      -6.796165983015e-19 
 3119       2.762026675986e-12       1.040725791323e-13      -6.847398999538e-14       0.000000000000e+00       5.313345620972e-17       8.830347390472e-18      -6.852581849221e-19 
 3120       2.751864219303e-12       1.043528088214e-13      -6.871968835832e-14       0.000000000000e+00       5.304981395005e-17       8.844394999051e-18      -6.905834686572e-19 
 3121       2.741777688649e-12       1.046322495060e-13      -6.899555430488e-14       0.000000000000e+00       5.296631720968e-17       8.857979741548e-18      -6.955845074786e-19 
 3122       2.731768840171e-12       1.049106711001e-13      -6.930124170446e-14       0.000000000000e+00       5.288296568280e-17       8.871113969354e-18      -7.002533401867e-19 
 3123       2.721839434202e-12       1.051878429319e-13      -6.963640342877e-14       0.000000000000e+00       5.279975906198e-17       8.883810067252e-18      -7.045819863957e-19 
 3124       2.711991235260e-12       1.054635337429e-13      -7.000069135096e-14       0.000000000000e+00       5.271669703812e-17       8.896080453447e-18      -7.085624465184e-19 
 3125       2.702226012056e-12       1.057375116881e-13      -7.039375634481e-14       0.000000000000e+00       5.263377930048e-17       8.907937579589e-18      -7.121867017511e-19 
 3126       2.692545537491e-12       1.060095443351e-13      -7.081524828389e-14       0.000000000000e+00       5.255100553664e-17       8.919393930806e-18      -7.154467140590e-19 
 3127       2.682951588667e-12       1.062793986635e-13      -7.126481604076e-14       0.000000000000e+00       5.246837543253e-17       8.930462025725e-18      -7.183344261603e-19 
 3128       2.673445946884e-12       1.065468410649e-13      -7.174210748611e-14       0.000000000000e+00       5.238588867243e-17       8.941154416505e-18      -7.208417615123e-19 
 3129       2.664030397646e-12       1.068116373421e-13      -7.224676948796e-14       0.000000000000e+00       5.230354493894e-17       8.951483688860e-18      -7.229606242953e-19 
 3130       2.654706730664e-12       1.070735527085e-13      -7.277844791080e-14       0.000000000000e+00       5.222134391301e-17       8.961462462088e-18      -7.246828993984e-19 
 3131       2.645476739859e-12       1.073323517882e-13      -7.333678761478e-14       0.000000000000e+00       5.213928527393e-17       8.971103389097e-18      -7.260004524038e-19 
 3132       2.636342223364e-12       1.075877986148e-13      -7.392143245489e-14       0.000000000000e+00       5.205736869930e-17       8.980419156434e-18      -7.269051295723e-19 
 3133       2.627304983530e-12       1.078396566316e-13      -7.453202528013e-14       0.000000000000e+00       5.197559386506e-17       8.989422484312e-18      -7.273887578279e-19 
 3134       2.618366826929e-12       1.080876886907e-13      -7.516820793265e-14       0.000000000000e+00       5.189396044550e-17       8.998126126635e-18      -7.274431447430e-19 
 3135       2.609529564353e-12       1.083316570527e-13      -7.582962124696e-14       0.000000000000e+00       5.181246811321e-17       9.006542871027e-18      -7.270600785233e-19 
 3136       2.600795010822e-12       1.085713233862e-13      -7.651590504910e-14       0.000000000000e+00       5.173111653913e-17       9.014685538860e-18      -7.262313279927e-19 
 3137       2.592164985585e-12       1.088064487672e-13      -7.722669815578e-14       0.000000000000e+00       5.164990539250e-17       9.022566985278e-18      -7.249486425782e-19 
 3138       2.583640966868e-12       1.090368203978e-13      -7.796159759546e-14       0.000000000000e+00       5.156883435864e-17       9.030200379670e-18      -7.232081906338e-19 
 3139       2.575223054337e-12       1.092623318982e-13      -7.872003606530e-14       0.000000000000e+00       5.148790319215e-17       9.037600048447e-18      -7.210238970706e-19 
 3140       2.566911001796e-12       1.094829033885e-13      -7.950140390053e-14       0.000000000000e+00       5.140711166395e-17       9.044780636252e-18      -7.184141679538e-19 
 3141       2.558704562008e-12       1.096984548034e-13      -8.030508979931e-14       0.000000000000e+00       5.132645954354e-17       9.051756825906e-18      -7.153974578578e-19 
 3142       2.550603486688e-12       1.099089058924e-13      -8.113048082141e-14       0.000000000000e+00       5.124594659902e-17       9.058543338435e-18      -7.119922699053e-19 
 3143       2.542607526505e-12       1.101141762196e-13      -8.197696238686e-14       0.000000000000e+00       5.116557259707e-17       9.065154933108e-18      -7.082171558062e-19 
 3144       2.534716431080e-12       1.103141851633e-13      -8.284391827466e-14       0.000000000000e+00       5.108533730294e-17       9.071606407459e-18      -7.040907158969e-19 
 3145       2.526929948988e-12       1.105088519162e-13      -8.373073062141e-14       0.000000000000e+00       5.100524048049e-17       9.077912597325e-18      -6.996315991791e-19 
 3146       2.519247827752e-12       1.106980954850e-13      -8.463677992003e-14       0.000000000000e+00       5.092528189215e-17       9.084088376872e-18      -6.948585033588e-19 
 3147       2.511669813847e-12       1.108818346905e-13      -8.556144501840e-14       0.000000000000e+00       5.084546129892e-17       9.090148658628e-18      -6.897901748857e-19 
 3148       2.504195652697e-12       1.110599881672e-13      -8.650410311807e-14       0.000000000000e+00       5.076577846042e-17       9.096108393511e-18      -6.844454089918e-19 
 3149       2.496825088672e-12       1.112324743632e-13      -8.746412977291e-14       0.000000000000e+00       5.068623313480e-17       9.101982570863e-18      -6.788430497308e-19 
 3150       2.489557865090e-12       1.113992115404e-13      -8.844089888776e-14       0.000000000000e+00       5.060682507883e-17       9.107786218478e-18      -6.730019900167e-19 
 3151       2.482393724217e-12       1.115601177739e-13      -8.943378271718e-14       0.000000000000e+00       5.052755404781e-17       9.113534402634e-18      -6.669411716635e-19 
 3152       2.475332407261e-12       1.117151109520e-13      -9.044215186406e-14       0.000000000000e+00       5.044841979566e-17       9.119242228123e-18      -6.606795854234e-19 
 3153       2.468373654376e-12       1.118641087763e-13      -9.146537527831e-14       0.000000000000e+00       5.036942207486e-17       9.124924838283e-18      -6.542362710267e-19 
 3154       2.461517204659e-12       1.120070287611e-13      -9.250282025555e-14       0.000000000000e+00       5.029056063643e-17       9.130597415025e-18      -6.476303172200e-19 
 3155       2.454762796148e-12       1.121437882339e-13      -9.355385243577e-14       0.000000000000e+00       5.021183523001e-17       9.136275178867e-18      -6.408808618061e-19 
 3156       2.448110165826e-12       1.122743043344e-13      -9.461783580201e-14       0.000000000000e+00       5.013324560378e-17       9.141973388966e-18      -6.340070916823e-19 
 3157       2.441559049612e-12       1.123984940153e-13      -9.569413267905e-14       0.000000000000e+00       5.005479150449e-17       9.147707343142e-18      -6.270282428797e-19 
 3158       2.435109182366e-12       1.125162740413e-13      -9.678210373206e-14       0.000000000000e+00       4.997647267746e-17       9.153492377917e-18      -6.199636006025e-19 
 3159       2.428760297889e-12       1.126275609897e-13      -9.788110796528e-14       0.000000000000e+00       4.989828886658e-17       9.159343868538e-18      -6.128324992665e-19 
 3160       2.422512128915e-12       1.127322712496e-13      -9.899050272071e-14       0.000000000000e+00       4.982023981429e-17       9.165277229014e-18      -6.056543225388e-19 
 3161       2.416364407119e-12       1.128303210223e-13      -1.001096436768e-13       0.000000000000e+00       4.974232526160e-17       9.171307912142e-18      -5.984485033761e-19 
 3162       2.410316863109e-12       1.129216263208e-13      -1.012378848470e-13       0.000000000000e+00       4.966454494810e-17       9.177451409539e-18      -5.912345240645e-19 
 3163       2.404369226429e-12       1.130061029699e-13      -1.023745785787e-13       0.000000000000e+00       4.958689861190e-17       9.183723251675e-18      -5.840319162578e-19 
 3164       2.398521225555e-12       1.130836666057e-13      -1.035190755516e-13       0.000000000000e+00       4.950938598970e-17       9.190139007899e-18      -5.768602610171e-19 
 3165       2.392772587899e-12       1.131542326759e-13      -1.046707247766e-13       0.000000000000e+00       4.943200681674e-17       9.196714286475e-18      -5.697391888495e-19 
 3166       2.387123039801e-12       1.132177164395e-13      -1.058288735943e-13       0.000000000000e+00       4.935476082682e-17       9.203464734608e-18      -5.626883797475e-19 
 3167       2.381572306535e-12       1.132740329665e-13      -1.069928676740e-13       0.000000000000e+00       4.927764775230e-17       9.210406038476e-18      -5.557275632275e-19 
 3168       2.376120112304e-12       1.133230971377e-13      -1.081620510120e-13       0.000000000000e+00       4.920066732409e-17       9.217553923263e-18      -5.488765183694e-19 
 3169       2.370766180239e-12       1.133648236452e-13      -1.093357659303e-13       0.000000000000e+00       4.912381927164e-17       9.224924153185e-18      -5.421550738551e-19 
 3170       2.365510232402e-12       1.133991269912e-13      -1.105133530756e-13       0.000000000000e+00       4.904710332296e-17       9.232532531526e-18      -5.355831080080e-19 
 3171       2.360351989778e-12       1.134259214890e-13      -1.116941514177e-13       0.000000000000e+00       4.897051920461e-17       9.240394900664e-18      -5.291805488319e-19 
 3172       2.355291172282e-12       1.134451212619e-13      -1.128774982484e-13       0.000000000000e+00       4.889406664169e-17       9.248527142105e-18      -5.229673740499e-19 
 3173       2.350327498753e-12       1.134566402436e-13      -1.140627291797e-13       0.000000000000e+00       4.881774535785e-17       9.256945176510e-18      -5.169636111434e-19 
 3174       2.345460686952e-12       1.134603921780e-13      -1.152491781431e-13       0.000000000000e+00       4.874155507529e-17       9.265664963731e-18      -5.111893373916e-19 
 3175       2.340690453568e-12       1.134562906188e-13      -1.164361773878e-13       0.000000000000e+00       4.866549551473e-17       9.274702502835e-18      -5.056646799098e-19 
 3176       2.336016514208e-12       1.134442489296e-13      -1.176230574798e-13       0.000000000000e+00       4.858956639546e-17       9.284073832139e-18      -5.004098156891e-19 
 3177       2.331438583403e-12       1.134241802837e-13      -1.188091472999e-13       0.000000000000e+00       4.851376743529e-17       9.293795029241e-18      -4.954449716351e-19 
 3178       2.326956374604e-12       1.133959976640e-13      -1.199937740432e-13       0.000000000000e+00       4.843809835058e-17       9.303882211049e-18      -4.907904246071e-19 
 3179       2.322569600181e-12       1.133596138628e-13      -1.211762632173e-13       0.000000000000e+00       4.836255885622e-17       9.314351533809e-18      -4.864665014568e-19 
 3180       2.318277971424e-12       1.133149414814e-13      -1.223559386408e-13       0.000000000000e+00       4.828714866564e-17       9.325219193142e-18      -4.824935790678e-19 
 3181       2.314081198539e-12       1.132618929306e-13      -1.235321224425e-13       0.000000000000e+00       4.821186749080e-17       9.336501424069e-18      -4.788920843944e-19 
 3182       2.309978990649e-12       1.132003804300e-13      -1.247041350598e-13       0.000000000000e+00       4.813671504220e-17       9.348214501045e-18      -4.756824945007e-19 
 3183       2.305971055795e-12       1.131303160079e-13      -1.258712952371e-13       0.000000000000e+00       4.806169102887e-17       9.360374737987e-18      -4.728853365994e-19 
 3184       2.302057100930e-12       1.130516115015e-13      -1.270329200251e-13       0.000000000000e+00       4.798679515837e-17       9.372998488306e-18      -4.705211880912e-19 
 3185       2.298236831922e-12       1.129641785565e-13      -1.281883247789e-13       0.000000000000e+00       4.791202713678e-17       9.386102144939e-18      -4.686106766036e-19 
 3186       2.294509953553e-12       1.128679286270e-13      -1.293368231570e-13       0.000000000000e+00       4.783738666871e-17       9.399702140377e-18      -4.671744800301e-19 
 3187       2.290875964573e-12       1.127628010612e-13      -1.304777827974e-13       0.000000000000e+00       4.776287347298e-17       9.413806976456e-18      -4.662265447052e-19 
 3188       2.287333541848e-12       1.126488475007e-13      -1.316107926284e-13       0.000000000000e+00       4.768848732963e-17       9.428393273650e-18      -4.657537058041e-19 
 3189       2.283881153379e-12       1.125261478689e-13      -1.327354963243e-13       0.000000000000e+00       4.761422803311e-17       9.443429611761e-18      -4.657359733540e-19 
 3190       2.280517262989e-12       1.123947823205e-13      -1.338515366966e-13       0.000000000000e+00       4.754009537663e-17       9.458884490094e-18      -4.661533055494e-19 
 3191       2.277240330315e-12       1.122548312418e-13      -1.349585556940e-13       0.000000000000e+00       4.746608915218e-17       9.474726327394e-18      -4.669856087103e-19 
 3192       2.274048810806e-12       1.121063752506e-13      -1.360561944011e-13       0.000000000000e+00       4.739220915046e-17       9.490923461787e-18      -4.682127372419e-19 
 3193       2.270941155721e-12       1.119494951968e-13      -1.371440930380e-13       0.000000000000e+00       4.731845516096e-17       9.507444150709e-18      -4.698144935932e-19 
 3194       2.267915812124e-12       1.117842721621e-13      -1.382218909598e-13       0.000000000000e+00       4.724482697191e-17       9.524256570850e-18      -4.717706282158e-19 
 3195       2.264971222882e-12       1.116107874606e-13      -1.392892266556e-13       0.000000000000e+00       4.717132437029e-17       9.541328818083e-18      -4.740608395231e-19 
 3196       2.262105826661e-12       1.114291226390e-13      -1.403457377481e-13       0.000000000000e+00       4.709794714184e-17       9.558628907409e-18      -4.766647738491e-19 
 3197       2.259318057922e-12       1.112393594763e-13      -1.413910609926e-13       0.000000000000e+00       4.702469507104e-17       9.576124772885e-18      -4.795620254074e-19 
 3198       2.256606346918e-12       1.110415799847e-13      -1.424248322769e-13       0.000000000000e+00       4.695156794113e-17       9.593784267566e-18      -4.827321362501e-19 
 3199       2.253969119690e-12       1.108358664090e-13      -1.434466866200e-13       0.000000000000e+00       4.687856553408e-17       9.611575163441e-18      -4.861545962267e-19 
 3200       2.251404798068e-12       1.106223012274e-13      -1.444562581718e-13       0.000000000000e+00       4.680568763062e-17       9.629465151367e-18      -4.898088429432e-19 
 3201       2.248911799660e-12       1.104009671517e-13      -1.454531802124e-13       0.000000000000e+00       4.673293401023e-17       9.647421841007e-18      -4.936742617206e-19 
 3202       2.246488537855e-12       1.101719471270e-13      -1.464370851514e-13       0.000000000000e+00       4.666030445111e-17       9.665412760766e-18      -4.977301855546e-19 
 3203       2.244133421816e-12       1.099353243321e-13      -1.474076045271e-13       0.000000000000e+00       4.658779873023e-17       9.683405357728e-18      -5.019558950738e-19 
 3204       2.241844856479e-12       1.096911821801e-13      -1.483643690061e-13       0.000000000000e+00       4.651541662328e-17       9.701366997594e-18      -5.063306184990e-19 
 3205       2.239621242549e-12       1.094396043179e-13      -1.493070083824e-13       0.000000000000e+00       4.644315790470e-17       9.719264964614e-18      -5.108335316021e-19 
 3206       2.237460976495e-12       1.091806746270e-13      -1.502351515767e-13       0.000000000000e+00       4.637102234766e-17       9.737066461528e-18      -5.154437576650e-19 
 3207       2.235362450549e-12       1.089144772233e-13      -1.511484266362e-13       0.000000000000e+00       4.629900972410e-17       9.754738609501e-18      -5.201403674384e-19 
 3208       2.233324052701e-12       1.086410964574e-13      -1.520464607332e-13       0.000000000000e+00       4.622711980464e-17       9.772248448057e-18      -5.249023791012e-19 
 3209       2.231344166696e-12       1.083606169147e-13      -1.529288801650e-13       0.000000000000e+00       4.615535235868e-17       9.789562935020e-18      -5.297087582189e-19 
 3210       2.229421172030e-12       1.080731234161e-13      -1.537953103531e-13       0.000000000000e+00       4.608370715435e-17       9.806648946448e-18      -5.345384177027e-19 
 3211       2.227553443949e-12       1.077787010173e-13      -1.546453758422e-13       0.000000000000e+00       4.601218395849e-17       9.823473276568e-18      -5.393702177686e-19 
 3212       2.225739353445e-12       1.074774350097e-13      -1.554787003002e-13       0.000000000000e+00       4.594078253668e-17       9.840002637716e-18      -5.441829658963e-19 
 3213       2.223977267247e-12       1.071694109204e-13      -1.562949065169e-13       0.000000000000e+00       4.586950265326e-17       9.856203660271e-18      -5.489554167879e-19 
 3214       2.222265547829e-12       1.068547145123e-13      -1.570936164037e-13       0.000000000000e+00       4.579834407125e-17       9.872042892591e-18      -5.536662723272e-19 
 3215       2.220602553393e-12       1.065334317843e-13      -1.578744509925e-13       0.000000000000e+00       4.572730655243e-17       9.887486800953e-18      -5.582941815382e-19 
 3216       2.218986637878e-12       1.062056489716e-13      -1.586370304359e-13       0.000000000000e+00       4.565638985730e-17       9.902501769484e-18      -5.628177405446e-19 
 3217       2.217416150949e-12       1.058714525457e-13      -1.593809740054e-13       0.000000000000e+00       4.558559374508e-17       9.917054100103e-18      -5.672154925282e-19 
 3218       2.215889437996e-12       1.055309292148e-13      -1.601059000917e-13       0.000000000000e+00       4.551491797373e-17       9.931110012454e-18      -5.714659276881e-19 
 3219       2.214404840130e-12       1.051841659239e-13      -1.608114262035e-13       0.000000000000e+00       4.544436229991e-17       9.944635643845e-18      -5.755474831996e-19 
 3220       2.212960694181e-12       1.048312498550e-13      -1.614971689670e-13       0.000000000000e+00       4.537392647903e-17       9.957597049179e-18      -5.794385431731e-19 
 3221       2.211555332694e-12       1.044722684272e-13      -1.621627441251e-13       0.000000000000e+00       4.530361026519e-17       9.969960200900e-18      -5.831174386132e-19 
 3222       2.210187083923e-12       1.041073092971e-13      -1.628077665370e-13       0.000000000000e+00       4.523341341123e-17       9.981690988919e-18      -5.865624473774e-19 
 3223       2.208854271834e-12       1.037364603586e-13      -1.634318501772e-13       0.000000000000e+00       4.516333566870e-17       9.992755220559e-18      -5.897517941352e-19 
 3224       2.207555216094e-12       1.033598097436e-13      -1.640346081352e-13       0.000000000000e+00       4.509337678788e-17       1.000311862049e-17      -5.926636503269e-19 
 3225       2.206288232073e-12       1.029774458218e-13      -1.646156526146e-13       0.000000000000e+00       4.502353651775e-17       1.001274683065e-17      -5.952761341227e-19 
 3226       2.205051630840e-12       1.025894572011e-13      -1.651745949323e-13       0.000000000000e+00       4.495381460601e-17       1.002160541021e-17      -5.975673103816e-19 
 3227       2.203843719155e-12       1.021959327276e-13      -1.657110455181e-13       0.000000000000e+00       4.488421079907e-17       1.002965983550e-17      -5.995151906103e-19 
 3228       2.202662799473e-12       1.017969614861e-13      -1.662246139139e-13       0.000000000000e+00       4.481472484207e-17       1.003687549991e-17      -6.010977329219e-19 
 3229       2.201507169935e-12       1.013926327998e-13      -1.667149087733e-13       0.000000000000e+00       4.474535647883e-17       1.004321771390e-17      -6.022928419954e-19 
 3230       2.200375124366e-12       1.009830362310e-13      -1.671815378603e-13       0.000000000000e+00       4.467610545191e-17       1.004865170486e-17      -6.030783690341e-19 
 3231       2.199264952273e-12       1.005682615810e-13      -1.676241080494e-13       0.000000000000e+00       4.460697150257e-17       1.005314261709e-17      -6.034321117249e-19 
 3232       2.198174938841e-12       1.001483988904e-13      -1.680422253244e-13       0.000000000000e+00       4.453795437076e-17       1.005665551174e-17      -6.033318141969e-19 
 3233       2.197103364929e-12       9.972353843915e-14      -1.684354947778e-13       0.000000000000e+00       4.446905379517e-17       1.005915536672e-17      -6.027551669807e-19 
 3234       2.196048507066e-12       9.929377074691e-14      -1.688035206104e-13       0.000000000000e+00       4.440026951316e-17       1.006060707665e-17      -6.016798069671e-19 
 3235       2.195008637450e-12       9.885918657316e-14      -1.691459061304e-13       0.000000000000e+00       4.433160126081e-17       1.006097545279e-17      -6.000833173661e-19 
 3236       2.193982092846e-12       9.841988458070e-14      -1.694623396954e-13       0.000000000000e+00       4.426304878667e-17       1.006023372280e-17      -5.979496669998e-19 
 3237       2.192967481639e-12       9.797599436381e-14      -1.697528529652e-13       0.000000000000e+00       4.419461189307e-17       1.005838907211e-17      -5.952885601023e-19 
 3238       2.191963477709e-12       9.752765352475e-14      -1.700175638165e-13       0.000000000000e+00       4.412629039502e-17       1.005545721798e-17      -5.921161740267e-19 
 3239       2.190968751616e-12       9.707500002014e-14      -1.702565905069e-13       0.000000000000e+00       4.405808410640e-17       1.005145392033e-17      -5.884487278999e-19 
 3240       2.189981970594e-12       9.661817216126e-14      -1.704700516756e-13       0.000000000000e+00       4.398999284000e-17       1.004639498168e-17      -5.843024826550e-19 
 3241       2.189001798549e-12       9.615730861431e-14      -1.706580663432e-13       0.000000000000e+00       4.392201640754e-17       1.004029624725e-17      -5.796937410643e-19 
 3242       2.188026896057e-12       9.569254840071e-14      -1.708207539123e-13       0.000000000000e+00       4.385415461959e-17       1.003317360496e-17      -5.746388477720e-19 
 3243       2.187055920361e-12       9.522403089736e-14      -1.709582341676e-13       0.000000000000e+00       4.378640728566e-17       1.002504298547e-17      -5.691541893267e-19 
 3244       2.186087525368e-12       9.475189583692e-14      -1.710706272765e-13       0.000000000000e+00       4.371877421415e-17       1.001592036222e-17      -5.632561942143e-19 
 3245       2.185120361647e-12       9.427628330809e-14      -1.711580537892e-13       0.000000000000e+00       4.365125521234e-17       1.000582175146e-17      -5.569613328905e-19 
 3246       2.184153076427e-12       9.379733375588e-14      -1.712206346392e-13       0.000000000000e+00       4.358385008642e-17       9.994763212282e-18      -5.502861178138e-19 
 3247       2.183184313592e-12       9.331518798190e-14      -1.712584911435e-13       0.000000000000e+00       4.351655864148e-17       9.982760846657e-18      -5.432471034778e-19 
 3248       2.182212713682e-12       9.282998714462e-14      -1.712717450027e-13       0.000000000000e+00       4.344938068150e-17       9.969830799471e-18      -5.358608864445e-19 
 3249       2.181236913887e-12       9.234187275967e-14      -1.712605183017e-13       0.000000000000e+00       4.338231600933e-17       9.955989258551e-18      -5.281441053764e-19 
 3250       2.180255548047e-12       9.185098670009e-14      -1.712249335100e-13       0.000000000000e+00       4.331536442676e-17       9.941252454705e-18      -5.201134410694e-19 
 3251       2.179267246649e-12       9.135747119662e-14      -1.711651134817e-13       0.000000000000e+00       4.324852573442e-17       9.925636661757e-18      -5.117856164857e-19 
 3252       2.178270636822e-12       9.086146883800e-14      -1.710811814561e-13       0.000000000000e+00       4.318179973186e-17       9.909158196575e-18      -5.031773967864e-19 
 3253       2.177264342337e-12       9.036312257119e-14      -1.709732610577e-13       0.000000000000e+00       4.311518621751e-17       9.891833419109e-18      -4.943055893641e-19 
 3254       2.176246983603e-12       8.986257570172e-14      -1.708414762969e-13       0.000000000000e+00       4.304868498869e-17       9.873678732425e-18      -4.851870438756e-19 
 3255       2.175217177668e-12       8.935997189389e-14      -1.706859515703e-13       0.000000000000e+00       4.298229584161e-17       9.854710582737e-18      -4.758386522749e-19 
 3256       2.174173538210e-12       8.885545517111e-14      -1.705068116605e-13       0.000000000000e+00       4.291601857136e-17       9.834945459440e-18      -4.662773488456e-19 
 3257       2.173114675540e-12       8.834916991616e-14      -1.703041817371e-13       0.000000000000e+00       4.284985297191e-17       9.814399895150e-18      -4.565201102336e-19 
 3258       2.172039196595e-12       8.784126087142e-14      -1.700781873565e-13       0.000000000000e+00       4.278379883612e-17       9.793090465729e-18      -4.465839554800e-19 
 3259       2.170945704942e-12       8.733187313924e-14      -1.698289544625e-13       0.000000000000e+00       4.271785595574e-17       9.771033790324e-18      -4.364859460537e-19 
 3260       2.169832800766e-12       8.682115218212e-14      -1.695566093866e-13       0.000000000000e+00       4.265202412138e-17       9.748246531403e-18      -4.262431858841e-19 
 3261       2.168699080877e-12       8.630924382307e-14      -1.692612788481e-13       0.000000000000e+00       4.258630312256e-17       9.724745394783e-18      -4.158728213940e-19 
 3262       2.167543138701e-12       8.579629424580e-14      -1.689430899546e-13       0.000000000000e+00       4.252069274766e-17       9.700547129667e-18      -4.053920415317e-19 
 3263       2.166363564279e-12       8.528244999509e-14      -1.686021702024e-13       0.000000000000e+00       4.245519278393e-17       9.675668528679e-18      -3.948180778047e-19 
 3264       2.165158944267e-12       8.476785797700e-14      -1.682386474766e-13       0.000000000000e+00       4.238980301751e-17       9.650126427896e-18      -3.841682043114e-19 
 3265       2.163927861928e-12       8.425266545917e-14      -1.678526500515e-13       0.000000000000e+00       4.232452323343e-17       9.623937706882e-18      -3.734597377744e-19 
 3266       2.162668897136e-12       8.373702007110e-14      -1.674443065911e-13       0.000000000000e+00       4.225935321557e-17       9.597119288722e-18      -3.627100375731e-19 
 3267       2.161380626368e-12       8.322106980442e-14      -1.670137461490e-13       0.000000000000e+00       4.219429274669e-17       9.569688140057e-18      -3.519365057763e-19 
 3268       2.160061622705e-12       8.270496301319e-14      -1.665610981691e-13       0.000000000000e+00       4.212934160843e-17       9.541661271116e-18      -3.411565871751e-19 
 3269       2.158710455828e-12       8.218884841412e-14      -1.660864924859e-13       0.000000000000e+00       4.206449958131e-17       9.513055735751e-18      -3.303877693153e-19 
 3270       2.157325692013e-12       8.167287508691e-14      -1.655900593246e-13       0.000000000000e+00       4.199976644470e-17       9.483888631472e-18      -3.196475825303e-19 
 3271       2.155905894135e-12       8.115719247451e-14      -1.650719293014e-13       0.000000000000e+00       4.193514197685e-17       9.454177099478e-18      -3.089535999739e-19 
 3272       2.154449621656e-12       8.064195038336e-14      -1.645322334241e-13       0.000000000000e+00       4.187062595488e-17       9.423938324691e-18      -2.983234376529e-19 
 3273       2.152955430633e-12       8.012729898371e-14      -1.639711030923e-13       0.000000000000e+00       4.180621815478e-17       9.393189535795e-18      -2.877747544596e-19 
 3274       2.151421873707e-12       7.961338880989e-14      -1.633886700975e-13       0.000000000000e+00       4.174191835140e-17       9.361948005263e-18      -2.773252522049e-19 
 3275       2.149847500104e-12       7.910037076057e-14      -1.627850666237e-13       0.000000000000e+00       4.167772631846e-17       9.330231049394e-18      -2.669926756508e-19 
 3276       2.148230855632e-12       7.858839609905e-14      -1.621604252477e-13       0.000000000000e+00       4.161364182855e-17       9.298056028349e-18      -2.567948125430e-19 
 3277       2.146570482679e-12       7.807761645353e-14      -1.615148789390e-13       0.000000000000e+00       4.154966465312e-17       9.265440346181e-18      -2.467494936438e-19 
 3278       2.144864920210e-12       7.756818381740e-14      -1.608485610608e-13       0.000000000000e+00       4.148579456247e-17       9.232401450869e-18      -2.368745927648e-19 
 3279       2.143112703762e-12       7.706025054949e-14      -1.601616053698e-13       0.000000000000e+00       4.142203132578e-17       9.198956834358e-18      -2.271880267994e-19 
 3280       2.141312365447e-12       7.655396937440e-14      -1.594541460167e-13       0.000000000000e+00       4.135837471107e-17       9.165124032582e-18      -2.177077557557e-19 
 3281       2.139462433942e-12       7.604949338269e-14      -1.587263175464e-13       0.000000000000e+00       4.129482448525e-17       9.130920625510e-18      -2.084517827892e-19 
 3282       2.137561434496e-12       7.554697603126e-14      -1.579782548987e-13       0.000000000000e+00       4.123138041406e-17       9.096364237169e-18      -1.994381542354e-19 
 3283       2.135607888916e-12       7.504657114354e-14      -1.572100934079e-13       0.000000000000e+00       4.116804226211e-17       9.061472535686e-18      -1.906849596426e-19 
 3284       2.133600315574e-12       7.454843290982e-14      -1.564219688039e-13       0.000000000000e+00       4.110480979287e-17       9.026263233317e-18      -1.822103318044e-19 
 3285       2.131537457577e-12       7.405270241010e-14      -1.556140597358e-13       0.000000000000e+00       4.104168278104e-17       8.990753092930e-18      -1.740283284952e-19 
 3286       2.129418968405e-12       7.355946711647e-14      -1.547867155501e-13       0.000000000000e+00       4.097866104978e-17       8.954954942542e-18      -1.661365575498e-19 
 3287       2.127244729326e-12       7.306880121071e-14      -1.539403290835e-13       0.000000000000e+00       4.091574443367e-17       8.918880647536e-18      -1.585284966672e-19 
 3288       2.125014621498e-12       7.258077904541e-14      -1.530752941908e-13       0.000000000000e+00       4.085293276631e-17       8.882542103028e-18      -1.511976066824e-19 
 3289       2.122728525965e-12       7.209547514410e-14      -1.521920057462e-13       0.000000000000e+00       4.079022588034e-17       8.845951233888e-18      -1.441373315536e-19 
 3290       2.120386323663e-12       7.161296420135e-14      -1.512908596442e-13       0.000000000000e+00       4.072762360741e-17       8.809119994768e-18      -1.373410983489e-19 
 3291       2.117987895413e-12       7.113332108296e-14      -1.503722528000e-13       0.000000000000e+00       4.066512577824e-17       8.772060370118e-18      -1.308023172334e-19 
 3292       2.115533121928e-12       7.065662082602e-14      -1.494365831506e-13       0.000000000000e+00       4.060273222255e-17       8.734784374215e-18      -1.245143814560e-19 
 3293       2.113021883805e-12       7.018293863910e-14      -1.484842496553e-13       0.000000000000e+00       4.054044276910e-17       8.697304051180e-18      -1.184706673363e-19 
 3294       2.110454061535e-12       6.971234990231e-14      -1.475156522970e-13       0.000000000000e+00       4.047825724566e-17       8.659631475006e-18      -1.126645342518e-19 
 3295       2.107829535492e-12       6.924493016748e-14      -1.465311920823e-13       0.000000000000e+00       4.041617547906e-17       8.621778749578e-18      -1.070893246245e-19 
 3296       2.105148185943e-12       6.878075515828e-14      -1.455312710428e-13       0.000000000000e+00       4.035419729512e-17       8.583758008695e-18      -1.017383639079e-19 
 3297       2.102409893039e-12       6.831990077030e-14      -1.445162922358e-13       0.000000000000e+00       4.029232251872e-17       8.545581416097e-18      -9.660496057410e-20 
 3298       2.099614536823e-12       6.786244307125e-14      -1.434866597450e-13       0.000000000000e+00       4.023055097374e-17       8.507261165482e-18      -9.168240610056e-20 
 3299       2.096761997224e-12       6.740845830104e-14      -1.424427786812e-13       0.000000000000e+00       4.016888248309e-17       8.468809480533e-18      -8.696397495700e-20 
 3300       2.093852154059e-12       6.695802287190e-14      -1.413850551833e-13       0.000000000000e+00       4.010731686870e-17       8.430238614941e-18      -8.244292459244e-20 
 3301       2.090884887036e-12       6.651121336856e-14      -1.403138964191e-13       0.000000000000e+00       4.004585395152e-17       8.391560852425e-18      -7.811249542206e-20 
 3302       2.087860075746e-12       6.606810654831e-14      -1.392297105857e-13       0.000000000000e+00       3.998449355154e-17       8.352788506755e-18      -7.396591081412e-20 
 3303       2.084777599673e-12       6.562877934117e-14      -1.381329069108e-13       0.000000000000e+00       3.992323548774e-17       8.313933921778e-18      -6.999637707692e-20 
 3304       2.081637338187e-12       6.519330885002e-14      -1.370238956533e-13       0.000000000000e+00       3.986207957815e-17       8.275009471439e-18      -6.619708344567e-20 
 3305       2.078439170546e-12       6.476177235069e-14      -1.359030881038e-13       0.000000000000e+00       3.980102563978e-17       8.236027559802e-18      -6.256120206949e-20 
 3306       2.075182975895e-12       6.433424729214e-14      -1.347708965860e-13       0.000000000000e+00       3.974007348870e-17       8.197000621076e-18      -5.908188799824e-20 
 3307       2.071868633269e-12       6.391081129653e-14      -1.336277344569e-13       0.000000000000e+00       3.967922293995e-17       8.157941119635e-18      -5.575227916954e-20 
 3308       2.068496021589e-12       6.349154215939e-14      -1.324740161078e-13       0.000000000000e+00       3.961847380764e-17       8.118861550043e-18      -5.256549639563e-20 
 3309       2.065065019665e-12       6.307651784973e-14      -1.313101569652e-13       0.000000000000e+00       3.955782590484e-17       8.079774437076e-18      -4.951464335029e-20 
 3310       2.061575506194e-12       6.266581651018e-14      -1.301365734917e-13       0.000000000000e+00       3.949727904366e-17       8.040692335745e-18      -4.659280655581e-20 
 3311       2.058027359761e-12       6.225951645710e-14      -1.289536831861e-13       0.000000000000e+00       3.943683303523e-17       8.001627831316e-18      -4.379305536990e-20 
 3312       2.054420458839e-12       6.185769618070e-14      -1.277619045852e-13       0.000000000000e+00       3.937648768968e-17       7.962593539338e-18      -4.110844197259e-20 
 3313       2.050754681787e-12       6.146043434521e-14      -1.265616572638e-13       0.000000000000e+00       3.931624281614e-17       7.923602105663e-18      -3.853200135316e-20 
 3314       2.047029906855e-12       6.106780978895e-14      -1.253533618358e-13       0.000000000000e+00       3.925609822278e-17       7.884666206467e-18      -3.605675129708e-20 
 3315       2.043246012178e-12       6.067990152452e-14      -1.241374399551e-13       0.000000000000e+00       3.919605371674e-17       7.845798548277e-18      -3.367569237294e-20 
 3316       2.039402875778e-12       6.029678873886e-14      -1.229143143159e-13       0.000000000000e+00       3.913610910420e-17       7.807011867990e-18      -3.138180791934e-20 
 3317       2.035500375567e-12       5.991855079343e-14      -1.216844086542e-13       0.000000000000e+00       3.907626419034e-17       7.768318932899e-18      -2.916806403185e-20 
 3318       2.031538389341e-12       5.954526722431e-14      -1.204481477481e-13       0.000000000000e+00       3.901651877933e-17       7.729732540711e-18      -2.702740954990e-20 
 3319       2.027516794787e-12       5.917701774234e-14      -1.192059574187e-13       0.000000000000e+00       3.895687267437e-17       7.691265519577e-18      -2.495277604376e-20 
 3320       2.023435469478e-12       5.881388223324e-14      -1.179582645309e-13       0.000000000000e+00       3.889732567764e-17       7.652930728109e-18      -2.293707780138e-20 
 3321       2.019294290873e-12       5.845594075774e-14      -1.167054969942e-13       0.000000000000e+00       3.883787759033e-17       7.614741055403e-18      -2.097321181539e-20 
 3322       2.015093136319e-12       5.810327355171e-14      -1.154480837634e-13       0.000000000000e+00       3.877852821265e-17       7.576709421066e-18      -1.905405776999e-20 
 3323       2.010831883052e-12       5.775596102628e-14      -1.141864548397e-13       0.000000000000e+00       3.871927734379e-17       7.538848775234e-18      -1.717247802788e-20 
 3324       2.006510408193e-12       5.741408376797e-14      -1.129210412711e-13       0.000000000000e+00       3.866012478196e-17       7.501172098600e-18      -1.532131761717e-20 
 3325       2.002128588751e-12       5.707772253882e-14      -1.116522751533e-13       0.000000000000e+00       3.860107032434e-17       7.463692402431e-18      -1.349340421834e-20 
 3326       1.997686301622e-12       5.674695827653e-14      -1.103805896308e-13       0.000000000000e+00       3.854211376714e-17       7.426422728595e-18      -1.168154815113e-20 
 3327       1.993183423590e-12       5.642187209454e-14      -1.091064188971e-13       0.000000000000e+00       3.848325490556e-17       7.389376149583e-18      -9.878542361462e-21 
 3328       1.988619831324e-12       5.610254528222e-14      -1.078301981961e-13       0.000000000000e+00       3.842449353378e-17       7.352565768528e-18      -8.077162408399e-21 
 3329       1.983995401381e-12       5.578905930496e-14      -1.065523638224e-13       0.000000000000e+00       3.836582944500e-17       7.316004719236e-18      -6.270166451035e-21 
 3330       1.979310010206e-12       5.548149580429e-14      -1.052733531225e-13       0.000000000000e+00       3.830726243139e-17       7.279706166200e-18      -4.450295235437e-21 
 3331       1.974563534130e-12       5.517993659805e-14      -1.039936044952e-13       0.000000000000e+00       3.824879228415e-17       7.243683304629e-18      -2.610272081561e-21 
 3332       1.969755849371e-12       5.488446368046e-14      -1.027135573929e-13       0.000000000000e+00       3.819041879342e-17       7.207949360468e-18      -7.428028701773e-22 
 3333       1.964886832033e-12       5.459515922229e-14      -1.014336523216e-13       0.000000000000e+00       3.813214174840e-17       7.172517590420e-18       1.159423970200e-21 
 3334       1.959956532151e-12       5.431208657191e-14      -1.001543072124e-13       0.000000000000e+00       3.807396094725e-17       7.137397644528e-18       3.102705074070e-21 
 3335       1.954965696650e-12       5.403523316701e-14      -9.887584641712e-14       0.000000000000e+00       3.801587622734e-17       7.102584636414e-18       5.089219990490e-21 
 3336       1.949915248685e-12       5.376456737229e-14      -9.759857140206e-14       0.000000000000e+00       3.795788743520e-17       7.068070025062e-18       7.120119727679e-21 
 3337       1.944806113804e-12       5.350005745571e-14      -9.632278435008e-14       0.000000000000e+00       3.789999441646e-17       7.033845247882e-18       9.196557919203e-21 
 3338       1.939639219953e-12       5.324167158834e-14      -9.504878816123e-14       0.000000000000e+00       3.784219701590e-17       6.999901720695e-18       1.131969082590e-20 
 3339       1.934415497475e-12       5.298937784434e-14      -9.377688645335e-14       0.000000000000e+00       3.778449507746e-17       6.966230837715e-18       1.349067733783e-20 
 3340       1.929135879115e-12       5.274314420087e-14      -9.250738356253e-14       0.000000000000e+00       3.772688844416e-17       6.932823971537e-18       1.571067897619e-20 
 3341       1.923801300020e-12       5.250293853797e-14      -9.124058454365e-14       0.000000000000e+00       3.766937695819e-17       6.899672473113e-18       1.798085989525e-20 
 3342       1.918412697742e-12       5.226872863857e-14      -8.997679517098e-14       0.000000000000e+00       3.761196046085e-17       6.866767671741e-18       2.030238688432e-20 
 3343       1.912971012236e-12       5.204048218831e-14      -8.871632193863e-14       0.000000000000e+00       3.755463879257e-17       6.834100875049e-18       2.267642936962e-20 
 3344       1.907477185870e-12       5.181816677555e-14      -8.745947206114e-14       0.000000000000e+00       3.749741179292e-17       6.801663368975e-18       2.510415941629e-20 
 3345       1.901932163416e-12       5.160174989122e-14      -8.620655347399e-14       0.000000000000e+00       3.744027930058e-17       6.769446417752e-18       2.758675173024e-20 
 3346       1.896336892061e-12       5.139119892879e-14      -8.495787483416e-14       0.000000000000e+00       3.738324115337e-17       6.737441263893e-18       3.012538366017e-20 
 3347       1.890692321406e-12       5.118648118420e-14      -8.371374552063e-14       0.000000000000e+00       3.732629718823e-17       6.705639128173e-18       3.272123519944e-20 
 3348       1.884999403465e-12       5.098756385572e-14      -8.247447563495e-14       0.000000000000e+00       3.726944724122e-17       6.674031209614e-18       3.537548898804e-20 
 3349       1.879259092670e-12       5.079441404393e-14      -8.124037600175e-14       0.000000000000e+00       3.721269114753e-17       6.642608685465e-18       3.808933031448e-20 
 3350       1.873472345872e-12       5.060699875164e-14      -8.001175816927e-14       0.000000000000e+00       3.715602874148e-17       6.611362711190e-18       4.086394711779e-20 
 3351       1.867640122343e-12       5.042528488378e-14      -7.878893440994e-14       0.000000000000e+00       3.709945985649e-17       6.580284420449e-18       4.370052998940e-20 
 3352       1.861763383777e-12       5.024923924734e-14      -7.757221772085e-14       0.000000000000e+00       3.704298432513e-17       6.549364925083e-18       4.660027217508e-20 
 3353       1.855843094291e-12       5.007882855130e-14      -7.636192182434e-14       0.000000000000e+00       3.698660197906e-17       6.518595315097e-18       4.956436957692e-20 
 3354       1.849880220432e-12       4.991401940651e-14      -7.515836116851e-14       0.000000000000e+00       3.693031264910e-17       6.487966658641e-18       5.259402075519e-20 
 3355       1.843875731173e-12       4.975477832570e-14      -7.396185092776e-14       0.000000000000e+00       3.687411616514e-17       6.457470001998e-18       5.569042693033e-20 
 3356       1.837830597915e-12       4.960107172331e-14      -7.277270700330e-14       0.000000000000e+00       3.681801235622e-17       6.427096369564e-18       5.885479198486e-20 
 3357       1.831745794494e-12       4.945286591546e-14      -7.159124602374e-14       0.000000000000e+00       3.676200105050e-17       6.396836763836e-18       6.208832246534e-20 
 3358       1.825622297178e-12       4.931012711985e-14      -7.041778534556e-14       0.000000000000e+00       3.670608207524e-17       6.366682165387e-18       6.539222758427e-20 
 3359       1.819461084670e-12       4.917282145572e-14      -6.925264305372e-14       0.000000000000e+00       3.665025525682e-17       6.336623532861e-18       6.876771922202e-20 
 3360       1.813263138112e-12       4.904091494372e-14      -6.809613796211e-14       0.000000000000e+00       3.659452042074e-17       6.306651802947e-18       7.221601192880e-20 
 3361       1.807029441084e-12       4.891437350588e-14      -6.694858961416e-14       0.000000000000e+00       3.653887739162e-17       6.276757890366e-18       7.573832292659e-20 
 3362       1.800760979606e-12       4.879316296548e-14      -6.581031828331e-14       0.000000000000e+00       3.648332599318e-17       6.246932687857e-18       7.933587211103e-20 
 3363       1.794458742143e-12       4.867724904704e-14      -6.468164497361e-14       0.000000000000e+00       3.642786604826e-17       6.217167066157e-18       8.300988205339e-20 
 3364       1.788123719602e-12       4.856659737619e-14      -6.356289142019e-14       0.000000000000e+00       3.637249737881e-17       6.187451873986e-18       8.676157800251e-20 
 3365       1.781756905339e-12       4.846117347959e-14      -6.245438008987e-14       0.000000000000e+00       3.631721980589e-17       6.157777938030e-18       9.059218788672e-20 
 3366       1.775359295157e-12       4.836094278489e-14      -6.135643418160e-14       0.000000000000e+00       3.626203314967e-17       6.128136062925e-18       9.450294231575e-20 
 3367       1.768931887309e-12       4.826587062063e-14      -6.026937762709e-14       0.000000000000e+00       3.620693722944e-17       6.098517031241e-18       9.849507458272e-20 
 3368       1.762475682500e-12       4.817592221616e-14      -5.919353509128e-14       0.000000000000e+00       3.615193186357e-17       6.068911603465e-18       1.025698206660e-19 
 3369       1.755991683890e-12       4.809106270156e-14      -5.812923197290e-14       0.000000000000e+00       3.609701686958e-17       6.039310517983e-18       1.067284192313e-19 
 3370       1.749480897094e-12       4.801125710757e-14      -5.707679440500e-14       0.000000000000e+00       3.604219206407e-17       6.009704491068e-18       1.109721116332e-19 
 3371       1.742944330183e-12       4.793647036551e-14      -5.603654925550e-14       0.000000000000e+00       3.598745726274e-17       5.980084216859e-18       1.153021419178e-19 
 3372       1.736382993689e-12       4.786666730722e-14      -5.500882412769e-14       0.000000000000e+00       3.593281228041e-17       5.950440367346e-18       1.197197568239e-19 
 3373       1.729797900604e-12       4.780181266494e-14      -5.399394736081e-14       0.000000000000e+00       3.587825693101e-17       5.920763592354e-18       1.242262057854e-19 
 3374       1.723190066386e-12       4.774187107127e-14      -5.299224803054e-14       0.000000000000e+00       3.582379102755e-17       5.891044519527e-18       1.288227409330e-19 
 3375       1.716560508953e-12       4.768680705908e-14      -5.200405594957e-14       0.000000000000e+00       3.576941438218e-17       5.861273754310e-18       1.335106170963e-19 
 3376       1.709910248694e-12       4.763658506141e-14      -5.102970166811e-14       0.000000000000e+00       3.571512680610e-17       5.831441879935e-18       1.382910918057e-19 
 3377       1.703240308464e-12       4.759116941145e-14      -5.006951647444e-14       0.000000000000e+00       3.566092810967e-17       5.801539457401e-18       1.431654252941e-19 
 3378       1.696551713589e-12       4.755052434239e-14      -4.912383239546e-14       0.000000000000e+00       3.560681810231e-17       5.771557025461e-18       1.481348804994e-19 
 3379       1.689845491868e-12       4.751461398740e-14      -4.819298219717e-14       0.000000000000e+00       3.555279659255e-17       5.741485100603e-18       1.532007230657e-19 
 3380       1.683122673573e-12       4.748340237952e-14      -4.727729938528e-14       0.000000000000e+00       3.549886338802e-17       5.711314177036e-18       1.583642213457e-19 
 3381       1.676384291451e-12       4.745685345159e-14      -4.637711820567e-14       0.000000000000e+00       3.544501829545e-17       5.681034726671e-18       1.636266464026e-19 
 3382       1.669631380730e-12       4.743493103619e-14      -4.549277364497e-14       0.000000000000e+00       3.539126112068e-17       5.650637199107e-18       1.689892720120e-19 
 3383       1.662864978781e-12       4.741759042951e-14      -4.462454755159e-14       0.000000000000e+00       3.533759168099e-17       5.620115501412e-18       1.744517461680e-19 
 3384       1.656086124126e-12       4.740475304336e-14      -4.377250674277e-14       0.000000000000e+00       3.528400984231e-17       5.589477453969e-18       1.800071978969e-19 
 3385       1.649295857430e-12       4.739633164329e-14      -4.293666419760e-14       0.000000000000e+00       3.523051548223e-17       5.558734379871e-18       1.856471092592e-19 
 3386       1.642495221842e-12       4.739223877439e-14      -4.211703287275e-14       0.000000000000e+00       3.517710847755e-17       5.527897629259e-18       1.913629419055e-19 
 3387       1.635685262991e-12       4.739238676123e-14      -4.131362570248e-14       0.000000000000e+00       3.512378870439e-17       5.496978579338e-18       1.971461370614e-19 
 3388       1.628867028990e-12       4.739668770762e-14      -4.052645559862e-14       0.000000000000e+00       3.507055603812e-17       5.465988634400e-18       2.029881155126e-19 
 3389       1.622041570438e-12       4.740505349645e-14      -3.975553545051e-14       0.000000000000e+00       3.501741035337e-17       5.434939225841e-18       2.088802775892e-19 
 3390       1.615209940422e-12       4.741739578958e-14      -3.900087812500e-14       0.000000000000e+00       3.496435152405e-17       5.403841812185e-18       2.148140031512e-19 
 3391       1.608373194519e-12       4.743362602758e-14      -3.826249646639e-14       0.000000000000e+00       3.491137942334e-17       5.372707879098e-18       2.207806515729e-19 
 3392       1.601532390795e-12       4.745365542967e-14      -3.754040329642e-14       0.000000000000e+00       3.485849392366e-17       5.341548939415e-18       2.267715617279e-19 
 3393       1.594688589812e-12       4.747739499345e-14      -3.683461141425e-14       0.000000000000e+00       3.480569489673e-17       5.310376533156e-18       2.327780519742e-19 
 3394       1.587842854626e-12       4.750475549482e-14      -3.614513359641e-14       0.000000000000e+00       3.475298221352e-17       5.279202227545e-18       2.387914201386e-19 
 3395       1.580996250789e-12       4.753564748777e-14      -3.547198259675e-14       0.000000000000e+00       3.470035574424e-17       5.248037617034e-18       2.448029435020e-19 
 3396       1.574149846352e-12       4.756998130420e-14      -3.481517114648e-14       0.000000000000e+00       3.464781535841e-17       5.216894323319e-18       2.508038787839e-19 
 3397       1.567304711868e-12       4.760766705380e-14      -3.417471195407e-14       0.000000000000e+00       3.459536092477e-17       5.185783995363e-18       2.567854621277e-19 
 3398       1.560461920390e-12       4.764861462386e-14      -3.355061770525e-14       0.000000000000e+00       3.454299231135e-17       5.154718309415e-18       2.627389090852e-19 
 3399       1.553622547477e-12       4.769273367908e-14      -3.294290106298e-14       0.000000000000e+00       3.449070938543e-17       5.123708969029e-18       2.686554146014e-19 
 3400       1.546787671193e-12       4.773993366144e-14      -3.235157466741e-14       0.000000000000e+00       3.443851201355e-17       5.092767705084e-18       2.745261529998e-19 
 3401       1.539958372110e-12       4.779012379003e-14      -3.177665113587e-14       0.000000000000e+00       3.438640006150e-17       5.061906275809e-18       2.803422779668e-19 
 3402       1.533135733310e-12       4.784321306085e-14      -3.121814306282e-14       0.000000000000e+00       3.433437339436e-17       5.031136466794e-18       2.860949225370e-19 
 3403       1.526320840386e-12       4.789911024669e-14      -3.067606301983e-14       0.000000000000e+00       3.428243187645e-17       5.000470091018e-18       2.917751990775e-19 
 3404       1.519514781445e-12       4.795772389693e-14      -3.015042355553e-14       0.000000000000e+00       3.423057537133e-17       4.969918988864e-18       2.973741992734e-19 
 3405       1.512718647108e-12       4.801896233739e-14      -2.964123719564e-14       0.000000000000e+00       3.417880374184e-17       4.939495028145e-18       3.028829941121e-19 
 3406       1.505933530515e-12       4.808273367014e-14      -2.914851644285e-14       0.000000000000e+00       3.412711685007e-17       4.909210104114e-18       3.082926338688e-19 
 3407       1.499160527323e-12       4.814894577339e-14      -2.867227377686e-14       0.000000000000e+00       3.407551455738e-17       4.879076139496e-18       3.135941480905e-19 
 3408       1.492400735710e-12       4.821750630125e-14      -2.821252165434e-14       0.000000000000e+00       3.402399672436e-17       4.849105084499e-18       3.187785455816e-19 
 3409       1.485655256378e-12       4.828832268362e-14      -2.776927250887e-14       0.000000000000e+00       3.397256321087e-17       4.819308916837e-18       3.238368143886e-19 
 3410       1.478925192551e-12       4.836130212600e-14      -2.734253875093e-14       0.000000000000e+00       3.392121387601e-17       4.789699641751e-18       3.287599217848e-19 
 3411       1.472211649981e-12       4.843635160933e-14      -2.693233276788e-14       0.000000000000e+00       3.386994857816e-17       4.760289292029e-18       3.335388142551e-19 
 3412       1.465515736946e-12       4.851337788981e-14      -2.653866692390e-14       0.000000000000e+00       3.381876717493e-17       4.731089928024e-18       3.381644174811e-19 
 3413       1.458838564257e-12       4.859228749875e-14      -2.616155356000e-14       0.000000000000e+00       3.376766952319e-17       4.702113637676e-18       3.426276363260e-19 
 3414       1.452181245255e-12       4.867298674241e-14      -2.580100499396e-14       0.000000000000e+00       3.371665547906e-17       4.673372536530e-18       3.469193548191e-19 
 3415       1.445544895812e-12       4.875538170181e-14      -2.545703352030e-14       0.000000000000e+00       3.366572489790e-17       4.644878767760e-18       3.510304361410e-19 
 3416       1.438930634340e-12       4.883937823258e-14      -2.512965141027e-14       0.000000000000e+00       3.361487763434e-17       4.616644502183e-18       3.549517226084e-19 
 3417       1.432339581786e-12       4.892488196480e-14      -2.481887091181e-14       0.000000000000e+00       3.356411354224e-17       4.588681938285e-18       3.586740356589e-19 
 3418       1.425772861634e-12       4.901179830280e-14      -2.452470424952e-14       0.000000000000e+00       3.351343247473e-17       4.561003302238e-18       3.621881758358e-19 
 3419       1.419231599912e-12       4.910003242503e-14      -2.424716362462e-14       0.000000000000e+00       3.346283428417e-17       4.533620847919e-18       3.654849227732e-19 
 3420       1.412716925189e-12       4.918948928390e-14      -2.398626121494e-14       0.000000000000e+00       3.341231882216e-17       4.506546856934e-18       3.685550351805e-19 
 3421       1.406229968580e-12       4.928007360556e-14      -2.374200917488e-14       0.000000000000e+00       3.336188593958e-17       4.479793638632e-18       3.713892508277e-19 
 3422       1.399771863745e-12       4.937168988980e-14      -2.351441963536e-14       0.000000000000e+00       3.331153548652e-17       4.453373530131e-18       3.739782865299e-19 
 3423       1.393343746891e-12       4.946424240984e-14      -2.330350470385e-14       0.000000000000e+00       3.326126731234e-17       4.427298896336e-18       3.763128381324e-19 
 3424       1.386946756778e-12       4.955763521216e-14      -2.310927646425e-14       0.000000000000e+00       3.321108126562e-17       4.401582129957e-18       3.783835804954e-19 
 3425       1.380582034716e-12       4.965177211639e-14      -2.293174697697e-14       0.000000000000e+00       3.316097719421e-17       4.376235651532e-18       3.801811674788e-19 
 3426       1.374250724569e-12       4.974655671505e-14      -2.277092827878e-14       0.000000000000e+00       3.311095494519e-17       4.351271909444e-18       3.816962319275e-19 
 3427       1.367953972757e-12       4.984189237349e-14      -2.262683238288e-14       0.000000000000e+00       3.306101436489e-17       4.326703379943e-18       3.829193856558e-19 
 3428       1.361692928257e-12       4.993768222964e-14      -2.249947127883e-14       0.000000000000e+00       3.301115529886e-17       4.302542567169e-18       3.838412194323e-19 
 3429       1.355468742604e-12       5.003382919388e-14      -2.238885693249e-14       0.000000000000e+00       3.296137759191e-17       4.278802003163e-18       3.844523029650e-19 
 3430       1.349282569896e-12       5.013023594888e-14      -2.229500128606e-14       0.000000000000e+00       3.291168108810e-17       4.255494247898e-18       3.847431848862e-19 
 3431       1.343135566792e-12       5.022680494942e-14      -2.221791625799e-14       0.000000000000e+00       3.286206563071e-17       4.232631889291e-18       3.847043927369e-19 
 3432       1.337028750127e-12       5.032344363387e-14      -2.215756864381e-14       0.000000000000e+00       3.281253105981e-17       4.210223010646e-18       3.843304133495e-19 
 3433       1.330962569064e-12       5.042008008341e-14      -2.211374460843e-14       0.000000000000e+00       3.276307720490e-17       4.188257571806e-18       3.836316525805e-19 
 3434       1.324937331122e-12       5.051664742932e-14      -2.208618461535e-14       0.000000000000e+00       3.271370389221e-17       4.166720969909e-18       3.826225265962e-19 
 3435       1.318953344393e-12       5.061307864729e-14      -2.207462847283e-14       0.000000000000e+00       3.266441094720e-17       4.145598566663e-18       3.813174861380e-19 
 3436       1.313010917546e-12       5.070930655733e-14      -2.207881533341e-14       0.000000000000e+00       3.261519819452e-17       4.124875688319e-18       3.797310165481e-19 
 3437       1.307110359830e-12       5.080526382362e-14      -2.209848369339e-14       0.000000000000e+00       3.256606545801e-17       4.104537625646e-18       3.778776377942e-19 
 3438       1.301251981069e-12       5.090088295441e-14      -2.213337139235e-14       0.000000000000e+00       3.251701256073e-17       4.084569633905e-18       3.757719044957e-19 
 3439       1.295436091668e-12       5.099609630192e-14      -2.218321561267e-14       0.000000000000e+00       3.246803932494e-17       4.064956932820e-18       3.734284059484e-19 
 3440       1.289663002607e-12       5.109083606221e-14      -2.224775287904e-14       0.000000000000e+00       3.241914557207e-17       4.045684706554e-18       3.708617661505e-19 
 3441       1.283933025449e-12       5.118503427508e-14      -2.232671905797e-14       0.000000000000e+00       3.237033112278e-17       4.026738103684e-18       3.680866438276e-19 
 3442       1.278246472333e-12       5.127862282394e-14      -2.241984935727e-14       0.000000000000e+00       3.232159579692e-17       4.008102237173e-18       3.651177324583e-19 
 3443       1.272603655979e-12       5.137153343571e-14      -2.252687832562e-14       0.000000000000e+00       3.227293941354e-17       3.989762184345e-18       3.619697602996e-19 
 3444       1.267004889688e-12       5.146369768072e-14      -2.264753985203e-14       0.000000000000e+00       3.222436179086e-17       3.971702986858e-18       3.586574904120e-19 
 3445       1.261450487340e-12       5.155504697256e-14      -2.278156716538e-14       0.000000000000e+00       3.217586274634e-17       3.953909650677e-18       3.551957206855e-19 
 3446       1.255940763397e-12       5.164551256799e-14      -2.292869283392e-14       0.000000000000e+00       3.212744209661e-17       3.936367146051e-18       3.515992838645e-19 
 3447       1.250476032902e-12       5.173502556683e-14      -2.308864876477e-14       0.000000000000e+00       3.207909965748e-17       3.919060407484e-18       3.478830475732e-19 
 3448       1.245056611479e-12       5.182351691185e-14      -2.326116620344e-14       0.000000000000e+00       3.203083524398e-17       3.901974333710e-18       3.440619143415e-19 
 3449       1.239682815334e-12       5.191091738863e-14      -2.344597573337e-14       0.000000000000e+00       3.198264867033e-17       3.885093787665e-18       3.401508216299e-19 
 3450       1.234354961258e-12       5.199715762547e-14      -2.364280727539e-14       0.000000000000e+00       3.193453974992e-17       3.868403596466e-18       3.361647418549e-19 
 3451       1.229073366621e-12       5.208216809328e-14      -2.385139008726e-14       0.000000000000e+00       3.188650829536e-17       3.851888551378e-18       3.321186824149e-19 
 3452       1.223838349378e-12       5.216587910545e-14      -2.407145276317e-14       0.000000000000e+00       3.183855411844e-17       3.835533407794e-18       3.280276857151e-19 
 3453       1.218650228068e-12       5.224822081774e-14      -2.430272323326e-14       0.000000000000e+00       3.179067703014e-17       3.819322885203e-18       3.239068291932e-19 
 3454       1.213509321814e-12       5.232912322820e-14      -2.454492876313e-14       0.000000000000e+00       3.174287684061e-17       3.803241667170e-18       3.197712253444e-19 
 3455       1.208415950322e-12       5.240851617700e-14      -2.479779595336e-14       0.000000000000e+00       3.169515335923e-17       3.787274401305e-18       3.156360217475e-19 
 3456       1.203370433883e-12       5.248632934635e-14      -2.506105073897e-14       0.000000000000e+00       3.164750639453e-17       3.771405699239e-18       3.115164010897e-19 
 3457       1.198373093375e-12       5.256249226040e-14      -2.533441838901e-14       0.000000000000e+00       3.159993575425e-17       3.755620136598e-18       3.074275811922e-19 
 3458       1.193424250260e-12       5.263693428508e-14      -2.561762350601e-14       0.000000000000e+00       3.155244124530e-17       3.739902252977e-18       3.033848150355e-19 
 3459       1.188524226585e-12       5.270958462804e-14      -2.591039002551e-14       0.000000000000e+00       3.150502267380e-17       3.724236551912e-18       2.994033907851e-19 
 3460       1.183673344985e-12       5.278037233851e-14      -2.621244121558e-14       0.000000000000e+00       3.145767984504e-17       3.708607500855e-18       2.954986318168e-19 
 3461       1.178871928681e-12       5.284922630719e-14      -2.652349967632e-14       0.000000000000e+00       3.141041256348e-17       3.692999531150e-18       2.916858967416e-19 
 3462       1.174120301480e-12       5.291607526612e-14      -2.684328733937e-14       0.000000000000e+00       3.136322063280e-17       3.677397038003e-18       2.879805794320e-19 
 3463       1.169418787779e-12       5.298084778861e-14      -2.717152546743e-14       0.000000000000e+00       3.131610385583e-17       3.661784380457e-18       2.843981090466e-19 
 3464       1.164767712559e-12       5.304347228908e-14      -2.750793465375e-14       0.000000000000e+00       3.126906203460e-17       3.646145881370e-18       2.809539500560e-19 
 3465       1.160167401393e-12       5.310387702297e-14      -2.785223482168e-14       0.000000000000e+00       3.122209497032e-17       3.630465827383e-18       2.776636022679e-19 
 3466       1.155618180440e-12       5.316199008664e-14      -2.820414522413e-14       0.000000000000e+00       3.117520246337e-17       3.614728468896e-18       2.745426008529e-19 
 3467       1.151120376450e-12       5.321773941722e-14      -2.856338444313e-14       0.000000000000e+00       3.112838431334e-17       3.598918020044e-18       2.716065163693e-19 
 3468       1.146674316760e-12       5.327105279253e-14      -2.892967038930e-14       0.000000000000e+00       3.108164031895e-17       3.583018658667e-18       2.688709547890e-19 
 3469       1.142280329298e-12       5.332185783096e-14      -2.930272030140e-14       0.000000000000e+00       3.103497027815e-17       3.567014526287e-18       2.663515575229e-19 
 3470       1.137938742582e-12       5.337008199132e-14      -2.968225074580e-14       0.000000000000e+00       3.098837398804e-17       3.550889728082e-18       2.640640014459e-19 
 3471       1.133649885721e-12       5.341565257280e-14      -3.006797761601e-14       0.000000000000e+00       3.094185124491e-17       3.534628332856e-18       2.620239989227e-19 
 3472       1.129414088414e-12       5.345849671480e-14      -3.045961613222e-14       0.000000000000e+00       3.089540184422e-17       3.518214373019e-18       2.602472978330e-19 
 3473       1.125231680951e-12       5.349854139681e-14      -3.085688084074e-14       0.000000000000e+00       3.084902558060e-17       3.501631844553e-18       2.587496815971e-19 
 3474       1.121102994215e-12       5.353571343835e-14      -3.125948561359e-14       0.000000000000e+00       3.080272224788e-17       3.484864706994e-18       2.575469692011e-19 
 3475       1.117028359679e-12       5.356993949880e-14      -3.166714364794e-14       0.000000000000e+00       3.075649163903e-17       3.467896883400e-18       2.566550152222e-19 
 3476       1.113008109411e-12       5.360114607734e-14      -3.207956746570e-14       0.000000000000e+00       3.071033354622e-17       3.450712260329e-18       2.560897098545e-19 
 3477       1.109042576070e-12       5.362925951278e-14      -3.249646891293e-14       0.000000000000e+00       3.066424776080e-17       3.433294687808e-18       2.558669789341e-19 
 3478       1.105132092909e-12       5.365420598350e-14      -3.291755915945e-14       0.000000000000e+00       3.061823407326e-17       3.415627979312e-18       2.560027839647e-19 
 3479       1.101276993773e-12       5.367591150730e-14      -3.334254869830e-14       0.000000000000e+00       3.057229227329e-17       3.397695911736e-18       2.565131221426e-19 
 3480       1.097477613102e-12       5.369430194130e-14      -3.377114734522e-14       0.000000000000e+00       3.052642214975e-17       3.379482225365e-18       2.574140263828e-19 
 3481       1.093734207723e-12       5.370932604252e-14      -3.420316392052e-14       0.000000000000e+00       3.048062363231e-17       3.360975949519e-18       2.587163888046e-19 
 3482       1.090046721858e-12       5.372102475585e-14      -3.463880575341e-14       0.000000000000e+00       3.043489721711e-17       3.342187403991e-18       2.604104073474e-19 
 3483       1.086415021131e-12       5.372946221744e-14      -3.507838043711e-14       0.000000000000e+00       3.038924354289e-17       3.323132264893e-18       2.624810737512e-19 
 3484       1.082838970678e-12       5.373470272060e-14      -3.552219626152e-14       0.000000000000e+00       3.034366324952e-17       3.303826245135e-18       2.649133441243e-19 
 3485       1.079318435152e-12       5.373681071597e-14      -3.597056221371e-14       0.000000000000e+00       3.029815697801e-17       3.284285094456e-18       2.676921389172e-19 
 3486       1.075853278722e-12       5.373585081154e-14      -3.642378797847e-14       0.000000000000e+00       3.025272537048e-17       3.264524599444e-18       2.708023428967e-19 
 3487       1.072443365071e-12       5.373188777285e-14      -3.688218393877e-14       0.000000000000e+00       3.020736907016e-17       3.244560583566e-18       2.742288051204e-19 
 3488       1.069088557396e-12       5.372498652308e-14      -3.734606117627e-14       0.000000000000e+00       3.016208872145e-17       3.224408907197e-18       2.779563389106e-19 
 3489       1.065788718408e-12       5.371521214315e-14      -3.781573147179e-14       0.000000000000e+00       3.011688496983e-17       3.204085467641e-18       2.819697218285e-19 
 3490       1.062543710333e-12       5.370262987183e-14      -3.829150730587e-14       0.000000000000e+00       3.007175846194e-17       3.183606199163e-18       2.862536956483e-19 
 3491       1.059353394909e-12       5.368730510589e-14      -3.877370185921e-14       0.000000000000e+00       3.002670984555e-17       3.162987073011e-18       2.907929663315e-19 
 3492       1.056217633387e-12       5.366930340020e-14      -3.926262901316e-14       0.000000000000e+00       2.998173976954e-17       3.142244097447e-18       2.955722040011e-19 
 3493       1.053136286530e-12       5.364869046781e-14      -3.975860335030e-14       0.000000000000e+00       2.993684888393e-17       3.121393317768e-18       3.005760429153e-19 
 3494       1.050109214614e-12       5.362553218013e-14      -4.026194015484e-14       0.000000000000e+00       2.989203783986e-17       3.100450816341e-18       3.057890814422e-19 
 3495       1.047136277426e-12       5.359989456698e-14      -4.077295541318e-14       0.000000000000e+00       2.984730728964e-17       3.079432712619e-18       3.111958820337e-19 
 3496       1.044217334264e-12       5.357184381676e-14      -4.129196581437e-14       0.000000000000e+00       2.980265788666e-17       3.058355163177e-18       3.167809711997e-19 
 3497       1.041352243939e-12       5.354144627653e-14      -4.181928875064e-14       0.000000000000e+00       2.975809028548e-17       3.037234361733e-18       3.225288394823e-19 
 3498       1.038540864769e-12       5.350876845213e-14      -4.235524231788e-14       0.000000000000e+00       2.971360514179e-17       3.016086539178e-18       3.284239414297e-19 
 3499       1.035783054585e-12       5.347387700830e-14      -4.290014531615e-14       0.000000000000e+00       2.966920311239e-17       2.994927963598e-18       3.344506955708e-19 
 3500       1.033078670726e-12       5.343683876881e-14      -4.345431725015e-14       0.000000000000e+00       2.962488485524e-17       2.973774940306e-18       3.405934843890e-19 
