# dimensionless total [l(l+1)/2pi] C_l's
# for l=2 to 3000, i.e. number of multipoles equal to 2999
#
# -> if you prefer output in CAMB/HealPix/LensPix units/order, set 'format' to 'camb' in input file
# -> if you don't want to see such a header, set 'headers' to 'no' in input file
#
# 1:l     2:TT                     3:EE                     4:TE                     5:BB                     6:phiphi                 7:TPhi                   8:Ephi               
    2       1.494301154868e-10       7.288816292925e-15       4.813069971659e-13       0.000000000000e+00       8.899650915393e-09       4.878506545349e-10      -2.508514717918e-12 
    3       1.408198240773e-10       1.233740975752e-14       6.052796300625e-13       0.000000000000e+00       5.431374004403e-09       3.466556784040e-10      -2.206662565569e-12 
    4       1.323522352842e-10       1.440321307404e-14       6.260869492961e-13       0.000000000000e+00       3.759177533415e-09       2.634186267705e-10      -1.760161378801e-12 
    5       1.256468079132e-10       1.331969181789e-14       5.863165820071e-13       0.000000000000e+00       2.796936566715e-09       2.087947023124e-10      -1.306443583053e-12 
    6       1.207069962040e-10       1.027758571886e-14       5.159486585300e-13       0.000000000000e+00       2.179019431629e-09       1.703536298561e-10      -8.927258087465e-13 
    7       1.172358729485e-10       6.811822491198e-15       4.353424760528e-13       0.000000000000e+00       1.753900323423e-09       1.419996445260e-10      -5.430635541789e-13 
    8       1.149132552600e-10       4.025399020101e-15       3.567472613304e-13       0.000000000000e+00       1.446439817833e-09       1.203420901632e-10      -2.681960369967e-13 
    9       1.134950707819e-10       2.327261894685e-15       2.874047356631e-13       0.000000000000e+00       1.215618898674e-09       1.033480778053e-10      -6.976882822695e-14 
   10       1.127665601661e-10       1.566232196726e-15       2.313532885049e-13       0.000000000000e+00       1.037367408155e-09       8.975839610032e-11       5.751586824162e-14 
   11       1.125881071327e-10       1.341736981762e-15       1.902879271664e-13       0.000000000000e+00       8.886952080635e-10       7.949649555951e-11       1.232397419372e-13 
   12       1.128512905405e-10       1.284550363052e-15       1.638991964617e-13       0.000000000000e+00       7.765325951819e-10       7.027397112298e-11       1.420007168471e-13 
   13       1.134362291226e-10       1.197288952559e-15       1.504427051354e-13       0.000000000000e+00       6.844604505618e-10       6.273668631984e-11       1.275711371596e-13 
   14       1.142445960407e-10       1.051918391144e-15       1.473556913712e-13       0.000000000000e+00       6.078542928000e-10       5.620008389383e-11       9.267990016771e-14 
   15       1.152822775825e-10       9.081864368245e-16       1.516215106375e-13       0.000000000000e+00       5.433726132699e-10       5.073843351438e-11       4.955493299883e-14 
   16       1.165106098353e-10       8.273766500715e-16       1.602385809791e-13       0.000000000000e+00       4.885483371825e-10       4.610960264803e-11       7.280256459177e-15 
   17       1.178467239615e-10       8.268390045152e-16       1.707226319186e-13       0.000000000000e+00       4.415180461995e-10       4.211412700280e-11      -2.781561865512e-14 
   18       1.192860812014e-10       8.815709703804e-16       1.812706957521e-13       0.000000000000e+00       4.008525705998e-10       3.858670966692e-11      -5.223499145710e-14 
   19       1.208620866946e-10       9.521356860937e-16       1.906998806550e-13       0.000000000000e+00       3.654396204638e-10       3.543683472786e-11      -6.497758246728e-14 
   20       1.225070888863e-10       1.012519207440e-15       1.984805413779e-13       0.000000000000e+00       3.344040573930e-10       3.267140062582e-11      -6.688775266515e-14 
   21       1.242005326776e-10       1.061812727926e-15       2.046926783310e-13       0.000000000000e+00       3.070475907759e-10       3.022515039319e-11      -6.029340532733e-14 
   22       1.260072154058e-10       1.118327873848e-15       2.096533545414e-13       0.000000000000e+00       2.828077382703e-10       2.802472660030e-11      -4.824209613253e-14 
   23       1.278307534073e-10       1.204789167467e-15       2.138774304632e-13       0.000000000000e+00       2.612263762349e-10       2.601329272742e-11      -3.395380051975e-14 
   24       1.297270772054e-10       1.335628173308e-15       2.179200697681e-13       0.000000000000e+00       2.419279304063e-10       2.417103096411e-11      -2.032880533271e-14 
   25       1.316394076980e-10       1.512769060786e-15       2.222942034479e-13       0.000000000000e+00       2.246014311600e-10       2.253782701222e-11      -9.363923058284e-15 
   26       1.336103334738e-10       1.729562271265e-15       2.273444603113e-13       0.000000000000e+00       2.089874510384e-10       2.108815678750e-11      -2.266471147512e-15 
   27       1.356650929821e-10       1.977970538036e-15       2.330078057525e-13       0.000000000000e+00       1.948680691265e-10       1.977066368963e-11       6.404760162815e-16 
   28       1.376586579200e-10       2.253297761968e-15       2.393021992323e-13       0.000000000000e+00       1.820589950190e-10       1.855456776047e-11      -2.099164094846e-16 
   29       1.397639147673e-10       2.554935506728e-15       2.458895046485e-13       0.000000000000e+00       1.704036219932e-10       1.745120570854e-11      -3.838856002316e-15 
   30       1.418549297305e-10       2.884103683903e-15       2.522438027419e-13       0.000000000000e+00       1.597681318904e-10       1.644700594695e-11      -9.194470862548e-15 
   31       1.439676896331e-10       3.240936477540e-15       2.580531346513e-13       0.000000000000e+00       1.500392087254e-10       1.551890068851e-11      -1.513632893578e-14 
   32       1.461995503127e-10       3.623305141365e-15       2.626476517446e-13       0.000000000000e+00       1.411175815550e-10       1.468501890063e-11      -2.020724785256e-14 
   33       1.483369480950e-10       4.027620819934e-15       2.657630648554e-13       0.000000000000e+00       1.329170154753e-10       1.391658547084e-11      -2.354884084889e-14 
   34       1.505759556655e-10       4.451588298441e-15       2.671680435784e-13       0.000000000000e+00       1.253621797898e-10       1.319980392747e-11      -2.478941375499e-14 
   35       1.528476994659e-10       4.896497245378e-15       2.664553746768e-13       0.000000000000e+00       1.183890606621e-10       1.248392838309e-11      -2.448019979656e-14 
   36       1.550590665814e-10       5.366893022742e-15       2.639541771835e-13       0.000000000000e+00       1.119405480587e-10       1.185258895249e-11      -2.231621192526e-14 
   37       1.574109311333e-10       5.868276874403e-15       2.597613976666e-13       0.000000000000e+00       1.059656225988e-10       1.129407933977e-11      -1.877597870757e-14 
   38       1.597233029098e-10       6.404850272266e-15       2.539143265392e-13       0.000000000000e+00       1.004195469959e-10       1.074563598594e-11      -1.494506050046e-14 
   39       1.620469209330e-10       6.979230555790e-15       2.467608430835e-13       0.000000000000e+00       9.526425783012e-11       1.021548704508e-11      -1.143475791362e-14 
   40       1.644698304455e-10       7.592400546893e-15       2.382123359925e-13       0.000000000000e+00       9.046407931510e-11       9.748024958755e-12      -8.336711729935e-15 
   41       1.668150143635e-10       8.243782346530e-15       2.285042281869e-13       0.000000000000e+00       8.598732747238e-11       9.315719249922e-12      -6.257902012073e-15 
   42       1.692397975711e-10       8.932390259543e-15       2.179149258929e-13       0.000000000000e+00       8.180727070524e-11       8.886640483940e-12      -5.695324260228e-15 
   43       1.717394909853e-10       9.657310045420e-15       2.061050033475e-13       0.000000000000e+00       7.789864350361e-11       8.504464305137e-12      -5.880084223134e-15 
   44       1.741445120376e-10       1.041865985754e-14       1.930517711127e-13       0.000000000000e+00       7.423842638275e-11       8.141116960175e-12      -6.858748651751e-15 
   45       1.766273975814e-10       1.121774168940e-14       1.787125398726e-13       0.000000000000e+00       7.080756406938e-11       7.783632941864e-12      -8.632161699656e-15 
   46       1.791378532526e-10       1.205466402358e-14       1.627172705337e-13       0.000000000000e+00       6.758652678348e-11       7.467725758629e-12      -1.026991527289e-14 
   47       1.816713487034e-10       1.292894704672e-14       1.449598334500e-13       0.000000000000e+00       6.456120985601e-11       7.184044194578e-12      -1.146178550795e-14 
   48       1.842507651797e-10       1.384005446586e-14       1.254097754351e-13       0.000000000000e+00       6.171453416235e-11       6.908943206369e-12      -1.214234409357e-14 
   49       1.868431689684e-10       1.478794033435e-14       1.039293109793e-13       0.000000000000e+00       5.903464547447e-11       6.637410233238e-12      -1.228164848560e-14 
   50       1.894141782472e-10       1.577290849544e-14       8.037878988702e-14       0.000000000000e+00       5.650788605466e-11       6.371074136235e-12      -1.187055054463e-14 
   51       1.920113296786e-10       1.679634319203e-14       5.477742311801e-14       0.000000000000e+00       5.412441203497e-11       6.119204563442e-12      -1.093657115708e-14 
   52       1.946856014544e-10       1.785960851507e-14       2.722000956493e-14       0.000000000000e+00       5.187288579359e-11       5.890310597982e-12      -9.562908686088e-15 
   53       1.973864446800e-10       1.896231333901e-14      -2.101713676477e-15       0.000000000000e+00       4.974509226575e-11       5.677813116147e-12      -8.001527427860e-15 
   54       2.000552026056e-10       2.010364542886e-14      -3.300585870130e-14       0.000000000000e+00       4.773164260810e-11       5.472274531282e-12      -6.549090460615e-15 
   55       2.027467464900e-10       2.128349663879e-14      -6.554779248698e-14       0.000000000000e+00       4.582559941020e-11       5.274175853909e-12      -5.394057318962e-15 
   56       2.055246326651e-10       2.250173946863e-14      -9.979969442298e-14       0.000000000000e+00       4.401907277511e-11       5.086665749716e-12      -4.677837129700e-15 
   57       2.083334374521e-10       2.375743568484e-14      -1.355953362860e-13       0.000000000000e+00       4.230618163139e-11       4.912434914692e-12      -4.423841116665e-15 
   58       2.111065041009e-10       2.504962803874e-14      -1.727555980199e-13       0.000000000000e+00       4.068027819426e-11       4.752293889370e-12      -4.616856567977e-15 
   59       2.138964307955e-10       2.637863700750e-14      -2.113928176550e-13       0.000000000000e+00       3.913632965835e-11       4.599416550533e-12      -5.227364393602e-15 
   60       2.167679909907e-10       2.774512184207e-14      -2.516833554092e-13       0.000000000000e+00       3.766868019374e-11       4.446490779287e-12      -6.180266786575e-15 
   61       2.196778904431e-10       2.914955585976e-14      -2.936831788858e-13       0.000000000000e+00       3.627303171954e-11       4.295998805352e-12      -7.241771344414e-15 
   62       2.225700690554e-10       3.059209100224e-14      -3.374196193882e-13       0.000000000000e+00       3.494458341536e-11       4.152673250413e-12      -8.154931806402e-15 
   63       2.254807861142e-10       3.207164661255e-14      -3.829313733301e-13       0.000000000000e+00       3.367963892659e-11       4.018449305730e-12      -8.826967643620e-15 
   64       2.284571292831e-10       3.358687130703e-14      -4.302522888900e-13       0.000000000000e+00       3.247409273051e-11       3.893685053151e-12      -9.218318695898e-15 
   65       2.314718996172e-10       3.513707469064e-14      -4.793742129303e-13       0.000000000000e+00       3.132479327995e-11       3.775259331119e-12      -9.337202612551e-15 
   66       2.344875854110e-10       3.672162355276e-14      -5.302754973643e-13       0.000000000000e+00       3.022822192754e-11       3.659664809529e-12      -9.214304075227e-15 
   67       2.375216089646e-10       3.833948952175e-14      -5.829329013400e-13       0.000000000000e+00       2.918147829351e-11       3.547064223087e-12      -8.910642009285e-15 
   68       2.406009917160e-10       3.998950971595e-14      -6.373134508715e-13       0.000000000000e+00       2.818143521051e-11       3.438507841949e-12      -8.506469495454e-15 
   69       2.437243569259e-10       4.167063679742e-14      -6.933523309389e-13       0.000000000000e+00       2.722607151754e-11       3.334548993643e-12      -8.108279458462e-15 
   70       2.468814226058e-10       4.338179496409e-14      -7.509699574118e-13       0.000000000000e+00       2.631289889122e-11       3.235580497297e-12      -7.839515694293e-15 
   71       2.500627308706e-10       4.512195588214e-14      -8.100965603230e-13       0.000000000000e+00       2.543893933245e-11       3.141731477411e-12      -7.808100556073e-15 
   72       2.532683457344e-10       4.689055341782e-14      -8.707317857284e-13       0.000000000000e+00       2.460254308946e-11       3.052144516547e-12      -8.012037269333e-15 
   73       2.565007066571e-10       4.868714720716e-14      -9.328963076209e-13       0.000000000000e+00       2.380183566154e-11       2.965552206165e-12      -8.416237367870e-15 
   74       2.597622818183e-10       5.051125724433e-14      -9.966108727837e-13       0.000000000000e+00       2.303454203081e-11       2.880954976564e-12      -8.971749708201e-15 
   75       2.630563332449e-10       5.236222071302e-14      -1.061884852116e-12       0.000000000000e+00       2.229926207857e-11       2.799140544797e-12      -9.588663931752e-15 
   76       2.663862622916e-10       5.423931098885e-14      -1.128725892220e-12       0.000000000000e+00       2.159436875586e-11       2.721435410931e-12      -1.015774432653e-14 
   77       2.697539903112e-10       5.614156422119e-14      -1.197121472247e-12       0.000000000000e+00       2.091793828784e-11       2.648786055483e-12      -1.058695939031e-14 
   78       2.731555329359e-10       5.806708520358e-14      -1.266968485125e-12       0.000000000000e+00       2.026882642577e-11       2.580249456184e-12      -1.089411211630e-14 
   79       2.765846012987e-10       6.001361688346e-14      -1.338131127794e-12       0.000000000000e+00       1.964573665904e-11       2.514233509351e-12      -1.113026873676e-14 
   80       2.800360769335e-10       6.197879269787e-14      -1.410486057670e-12       0.000000000000e+00       1.904713028703e-11       2.449360191672e-12      -1.133137234516e-14 
   81       2.835130428982e-10       6.396029471393e-14      -1.484000822612e-12       0.000000000000e+00       1.847202942623e-11       2.385812264622e-12      -1.145104279150e-14 
   82       2.870209054728e-10       6.595571616171e-14      -1.558668527153e-12       0.000000000000e+00       1.791931621066e-11       2.324208432301e-12      -1.141640536471e-14 
   83       2.905639360891e-10       6.796266228967e-14      -1.634466618046e-12       0.000000000000e+00       1.738768747722e-11       2.265093689300e-12      -1.118634934751e-14 
   84       2.941409390306e-10       6.997923226508e-14      -1.711299721432e-12       0.000000000000e+00       1.687632673139e-11       2.208595221357e-12      -1.087402298027e-14 
   85       2.977488546441e-10       7.200361323092e-14      -1.789047420387e-12       0.000000000000e+00       1.638431608920e-11       2.154709733743e-12      -1.064461488409e-14 
   86       3.013851262435e-10       7.403402999324e-14      -1.867613843772e-12       0.000000000000e+00       1.591058753832e-11       2.103314050000e-12      -1.062353326260e-14 
   87       3.050511724075e-10       7.606904608325e-14      -1.947031572472e-12       0.000000000000e+00       1.545444852733e-11       2.053873770484e-12      -1.071948170321e-14 
   88       3.087494379809e-10       7.810731128248e-14      -2.027374332082e-12       0.000000000000e+00       1.501511939778e-11       2.005684955659e-12      -1.077342585379e-14 
   89       3.124817999361e-10       8.014761136456e-14      -2.108704893246e-12       0.000000000000e+00       1.459169659443e-11       1.958190798733e-12      -1.065546446642e-14 
   90       3.162478389542e-10       8.218931044284e-14      -2.191007775119e-12       0.000000000000e+00       1.418356883820e-11       1.911718053756e-12      -1.040484255210e-14 
   91       3.200462855845e-10       8.423198068823e-14      -2.274246578428e-12       0.000000000000e+00       1.379004889446e-11       1.866851755841e-12      -1.011121557611e-14 
   92       3.238757030947e-10       8.627500856065e-14      -2.358373521032e-12       0.000000000000e+00       1.341036774474e-11       1.824059785794e-12      -9.851887251344e-15 
   93       3.277350401901e-10       8.831675852887e-14      -2.443295101557e-12       0.000000000000e+00       1.304407873376e-11       1.783204622218e-12      -9.626086299570e-15 
   94       3.316231377916e-10       9.035528787077e-14      -2.528901248739e-12       0.000000000000e+00       1.269070113689e-11       1.743958555860e-12      -9.411087397258e-15 
   95       3.355385473067e-10       9.238859954441e-14      -2.615075564018e-12       0.000000000000e+00       1.234959023672e-11       1.705949842725e-12      -9.182045550480e-15 
   96       3.394800457016e-10       9.441444826115e-14      -2.701699035290e-12       0.000000000000e+00       1.202005183500e-11       1.668851627594e-12      -8.919610969172e-15 
   97       3.434482903350e-10       9.642972715373e-14      -2.788662061398e-12       0.000000000000e+00       1.170171733779e-11       1.632666447827e-12      -8.634167767755e-15 
   98       3.474443863366e-10       9.843099055492e-14      -2.875853963998e-12       0.000000000000e+00       1.139421298359e-11       1.597480937149e-12      -8.345041014005e-15 
   99       3.514693779520e-10       1.004146367787e-13      -2.963159236661e-12       0.000000000000e+00       1.109704030941e-11       1.563379079757e-12      -8.073180151034e-15 
  100       3.555238887990e-10       1.023774660938e-13      -3.050476494917e-12       0.000000000000e+00       1.080966008481e-11       1.530423555772e-12      -7.836553234643e-15 
  101       3.596069941328e-10       1.043184500762e-13      -3.137778515070e-12       0.000000000000e+00       1.053176662176e-11       1.498597183961e-12      -7.635503705650e-15 
  102       3.637171818536e-10       1.062372063179e-13      -3.225060521955e-12       0.000000000000e+00       1.026304431049e-11       1.467852889785e-12      -7.465406527351e-15 
  103       3.678526856310e-10       1.081334635172e-13      -3.312322069446e-12       0.000000000000e+00       1.000307979994e-11       1.438131050356e-12      -7.321118041978e-15 
  104       3.720118887619e-10       1.100066934568e-13      -3.399549869001e-12       0.000000000000e+00       9.751429371870e-12       1.409357647330e-12      -7.197508594649e-15 
  105       3.761946160033e-10       1.118549421070e-13      -3.486663303001e-12       0.000000000000e+00       9.507838225355e-12       1.381439304139e-12      -7.091172500516e-15 
  106       3.804010013693e-10       1.136758469959e-13      -3.573561802918e-12       0.000000000000e+00       9.272045069149e-12       1.354266828496e-12      -6.998924045182e-15 
  107       3.846310876014e-10       1.154669946756e-13      -3.660141480519e-12       0.000000000000e+00       9.043711885158e-12       1.327716187659e-12      -6.917263591891e-15 
  108       3.888846749451e-10       1.172260230761e-13      -3.746302561220e-12       0.000000000000e+00       8.822477196612e-12       1.301690520777e-12      -6.842958562251e-15 
  109       3.931608534197e-10       1.189509443198e-13      -3.831972864693e-12       0.000000000000e+00       8.608128878197e-12       1.276253294570e-12      -6.774889619404e-15 
  110       3.974584020741e-10       1.206398636442e-13      -3.917087328158e-12       0.000000000000e+00       8.400449511617e-12       1.251511795183e-12      -6.712431153103e-15 
  111       4.017759255553e-10       1.222908812970e-13      -4.001580848232e-12       0.000000000000e+00       8.199160956058e-12       1.227576265258e-12      -6.654881830787e-15 
  112       4.061121159778e-10       1.239021609360e-13      -4.085388107256e-12       0.000000000000e+00       8.003965487230e-12       1.204513663439e-12      -6.600784692649e-15 
  113       4.104665874846e-10       1.254721429425e-13      -4.168442943379e-12       0.000000000000e+00       7.814678977364e-12       1.182202302670e-12      -6.545794569734e-15 
  114       4.148391370446e-10       1.269993595111e-13      -4.250678974406e-12       0.000000000000e+00       7.631111145865e-12       1.160458874421e-12      -6.484537471195e-15 
  115       4.192294837607e-10       1.284823708213e-13      -4.332029840439e-12       0.000000000000e+00       7.453022714382e-12       1.139082652626e-12      -6.411256193518e-15 
  116       4.236371486118e-10       1.299197398979e-13      -4.412427431902e-12       0.000000000000e+00       7.280163725084e-12       1.117911645160e-12      -6.321875983361e-15 
  117       4.280610831925e-10       1.313099506994e-13      -4.491796249623e-12       0.000000000000e+00       7.112396786984e-12       1.096999696669e-12      -6.220504439598e-15 
  118       4.324999902663e-10       1.326514826807e-13      -4.570058425755e-12       0.000000000000e+00       6.949586243275e-12       1.076460224880e-12      -6.113709749857e-15 
  119       4.369524332818e-10       1.339428376244e-13      -4.647135492618e-12       0.000000000000e+00       6.791558744262e-12       1.056411650084e-12      -6.008527135611e-15 
  120       4.414168324814e-10       1.351825408203e-13      -4.722948403927e-12       0.000000000000e+00       6.638102192459e-12       1.036977472818e-12      -5.912468773853e-15 
  121       4.458917010475e-10       1.363691764884e-13      -4.797419608090e-12       0.000000000000e+00       6.488999593311e-12       1.018258783022e-12      -5.831718720240e-15 
  122       4.503763930669e-10       1.375014962144e-13      -4.870479496981e-12       0.000000000000e+00       6.344137332805e-12       1.000247986729e-12      -5.765457835431e-15 
  123       4.548704359480e-10       1.385783254515e-13      -4.942060753337e-12       0.000000000000e+00       6.203407610693e-12       9.829051089678e-13      -5.710892063284e-15 
  124       4.593732962799e-10       1.395985318539e-13      -5.012096403600e-12       0.000000000000e+00       6.066673903427e-12       9.661843157134e-13      -5.665003334705e-15 
  125       4.638843778915e-10       1.405610267351e-13      -5.080519855828e-12       0.000000000000e+00       5.933770193001e-12       9.500337674599e-13      -5.624544735220e-15 
  126       4.684029200258e-10       1.414647756990e-13      -5.147263954537e-12       0.000000000000e+00       5.804526391993e-12       9.343908683278e-13      -5.586221265989e-15 
  127       4.729276830576e-10       1.423088287819e-13      -5.212257944556e-12       0.000000000000e+00       5.678849487506e-12       9.191677215371e-13      -5.547265359086e-15 
  128       4.774572236766e-10       1.430922964613e-13      -5.275430236376e-12       0.000000000000e+00       5.556650091195e-12       9.042637576372e-13      -5.504917134082e-15 
  129       4.819899889511e-10       1.438143422983e-13      -5.336709388921e-12       0.000000000000e+00       5.437816490158e-12       8.895700135752e-13      -5.456241186227e-15 
  130       4.865243136377e-10       1.444741844649e-13      -5.396024140083e-12       0.000000000000e+00       5.322214072228e-12       8.749689517423e-13      -5.398123145816e-15 
  131       4.910586079602e-10       1.450711131163e-13      -5.453304543547e-12       0.000000000000e+00       5.209704922497e-12       8.603761911221e-13      -5.328537270548e-15 
  132       4.955919495871e-10       1.456045413901e-13      -5.508485453311e-12       0.000000000000e+00       5.100210225974e-12       8.458711816778e-13      -5.250511344587e-15 
  133       5.001235508437e-10       1.460739628330e-13      -5.561503475274e-12       0.000000000000e+00       4.993653553571e-12       8.315803762893e-13      -5.168585779288e-15 
  134       5.046525726267e-10       1.464789376713e-13      -5.612295932560e-12       0.000000000000e+00       4.889940865055e-12       8.176366937682e-13      -5.087586329177e-15 
  135       5.091781230362e-10       1.468190944474e-13      -5.660800903731e-12       0.000000000000e+00       4.788960074317e-12       8.041796287583e-13      -5.012629471800e-15 
  136       5.136992208181e-10       1.470941414714e-13      -5.706957043861e-12       0.000000000000e+00       4.690598145028e-12       7.913117013211e-13      -4.947574933777e-15 
  137       5.182146842872e-10       1.473038990532e-13      -5.750702945756e-12       0.000000000000e+00       4.594795309463e-12       7.789624493826e-13      -4.890189820595e-15 
  138       5.227232281822e-10       1.474482737482e-13      -5.791977784279e-12       0.000000000000e+00       4.501495702621e-12       7.670104041537e-13      -4.836488352097e-15 
  139       5.272234962371e-10       1.475272505283e-13      -5.830721563997e-12       0.000000000000e+00       4.410630019970e-12       7.553253090831e-13      -4.782234922806e-15 
  140       5.317140595872e-10       1.475408944834e-13      -5.866875155990e-12       0.000000000000e+00       4.322115195624e-12       7.437679485625e-13      -4.722939480571e-15 
  141       5.361934151749e-10       1.474893525208e-13      -5.900380334675e-12       0.000000000000e+00       4.235854080518e-12       7.321899766313e-13      -4.653852905207e-15 
  142       5.406600717160e-10       1.473728608251e-13      -5.931180155593e-12       0.000000000000e+00       4.151750321939e-12       7.204806954216e-13      -4.571587213066e-15 
  143       5.451128206536e-10       1.471917644853e-13      -5.959220053566e-12       0.000000000000e+00       4.069755358588e-12       7.087130231928e-13      -4.479168492438e-15 
  144       5.495504893802e-10       1.469465030679e-13      -5.984446924733e-12       0.000000000000e+00       3.989825532571e-12       6.970118563677e-13      -4.381482513545e-15 
  145       5.539718550404e-10       1.466376067531e-13      -6.006808833913e-12       0.000000000000e+00       3.911907079772e-12       6.855085346059e-13      -4.283700172944e-15 
  146       5.583756434539e-10       1.462656980688e-13      -6.026255053437e-12       0.000000000000e+00       3.835935897863e-12       6.743409469626e-13      -4.191282474213e-15 
  147       5.627605280392e-10       1.458314936254e-13      -6.042736101975e-12       0.000000000000e+00       3.761837314310e-12       6.636536380466e-13      -4.109985508640e-15 
  148       5.671251719384e-10       1.453358079653e-13      -6.056204015428e-12       0.000000000000e+00       3.689537007467e-12       6.535570819268e-13      -4.044206380853e-15 
  149       5.714683612183e-10       1.447795618738e-13      -6.066613107013e-12       0.000000000000e+00       3.618995439557e-12       6.440008772353e-13      -3.991831667034e-15 
  150       5.757888824655e-10       1.441637781713e-13      -6.073919354396e-12       0.000000000000e+00       3.550176302802e-12       6.348885250740e-13      -3.948901622876e-15 
  151       5.800854798985e-10       1.434895814006e-13      -6.078080213942e-12       0.000000000000e+00       3.483035493439e-12       6.261170527652e-13      -3.911220803343e-15 
  152       5.843568545254e-10       1.427581995717e-13      -6.079054660804e-12       0.000000000000e+00       3.417520940423e-12       6.175768978131e-13      -3.874354015312e-15 
  153       5.886016633028e-10       1.419709659090e-13      -6.076803229022e-12       0.000000000000e+00       3.353572434132e-12       6.091517918663e-13      -3.833622270207e-15 
  154       5.928185509537e-10       1.411293113856e-13      -6.071287927223e-12       0.000000000000e+00       3.291130034912e-12       6.007440850035e-13      -3.785208346177e-15 
  155       5.970062505001e-10       1.402347378818e-13      -6.062471892627e-12       0.000000000000e+00       3.230160532759e-12       5.923535938156e-13      -3.729596853491e-15 
  156       6.011634904523e-10       1.392888458666e-13      -6.050319781409e-12       0.000000000000e+00       3.170633115836e-12       5.840058474641e-13      -3.668445615931e-15 
  157       6.052889623115e-10       1.382933450705e-13      -6.034797929357e-12       0.000000000000e+00       3.112510883159e-12       5.757273136071e-13      -3.603506134263e-15 
  158       6.093813198922e-10       1.372500561852e-13      -6.015874391347e-12       0.000000000000e+00       3.055750716425e-12       5.675454102561e-13      -3.536625117132e-15 
  159       6.134391786443e-10       1.361609125632e-13      -5.993518980804e-12       0.000000000000e+00       3.000303151849e-12       5.594885176324e-13      -3.469746011963e-15 
  160       6.174611707045e-10       1.350279475479e-13      -5.967703427095e-12       0.000000000000e+00       2.946119556557e-12       5.515803198595e-13      -3.404509610029e-15 
  161       6.214461169766e-10       1.338532516280e-13      -5.938401780543e-12       0.000000000000e+00       2.893174644558e-12       5.438222393096e-13      -3.341012707271e-15 
  162       6.253928691384e-10       1.326390147003e-13      -5.905590119019e-12       0.000000000000e+00       2.841445728507e-12       5.362094547888e-13      -3.278941410223e-15 
  163       6.293002548745e-10       1.313875417164e-13      -5.869246472970e-12       0.000000000000e+00       2.790905501918e-12       5.287364167108e-13      -3.217961795310e-15 
  164       6.331670774592e-10       1.301012543147e-13      -5.829350865433e-12       0.000000000000e+00       2.741521945026e-12       5.213968325394e-13      -3.157719572077e-15 
  165       6.369921153381e-10       1.287826924538e-13      -5.785885352053e-12       0.000000000000e+00       2.693258230648e-12       5.141836522314e-13      -3.097839746423e-15 
  166       6.407741217102e-10       1.274345160445e-13      -5.738834061102e-12       0.000000000000e+00       2.646072630044e-12       5.070890536795e-13      -3.037926283833e-15 
  167       6.445118401322e-10       1.260594757388e-13      -5.688182908497e-12       0.000000000000e+00       2.599924579600e-12       5.001065088336e-13      -2.977654681324e-15 
  168       6.482040537020e-10       1.246603190759e-13      -5.633918631685e-12       0.000000000000e+00       2.554793659414e-12       4.932372105256e-13      -2.917059258262e-15 
  169       6.518495392912e-10       1.232398794154e-13      -5.576029749539e-12       0.000000000000e+00       2.510662061502e-12       4.864841687378e-13      -2.856269849775e-15 
  170       6.554470515543e-10       1.218011075499e-13      -5.514506918273e-12       0.000000000000e+00       2.467508507433e-12       4.798501736576e-13      -2.795421164146e-15 
  171       6.589953225789e-10       1.203470732057e-13      -5.449342970069e-12       0.000000000000e+00       2.425308180546e-12       4.733377900202e-13      -2.734652843427e-15 
  172       6.624930615365e-10       1.188809665437e-13      -5.380532951705e-12       0.000000000000e+00       2.384032658158e-12       4.669493514501e-13      -2.674109524055e-15 
  173       6.659389543326e-10       1.174060996596e-13      -5.308074163183e-12       0.000000000000e+00       2.343649843776e-12       4.606869548040e-13      -2.613940897475e-15 
  174       6.693317261362e-10       1.159258693613e-13      -5.231966027020e-12       0.000000000000e+00       2.304128367588e-12       4.545500757684e-13      -2.554255257439e-15 
  175       6.726703354468e-10       1.144436389364e-13      -5.152209603287e-12       0.000000000000e+00       2.265451334366e-12       4.485282082347e-13      -2.494975743612e-15 
  176       6.759537953398e-10       1.129628495252e-13      -5.068808108703e-12       0.000000000000e+00       2.227603577819e-12       4.426076078688e-13      -2.435972374730e-15 
  177       6.791811119199e-10       1.114870593097e-13      -4.981767120076e-12       0.000000000000e+00       2.190567243974e-12       4.367736016075e-13      -2.377107379118e-15 
  178       6.823512842193e-10       1.100199448619e-13      -4.891094612261e-12       0.000000000000e+00       2.154321741001e-12       4.310105726267e-13      -2.318235072004e-15 
  179       6.854633040964e-10       1.085653024918e-13      -4.796800996124e-12       0.000000000000e+00       2.118843689031e-12       4.253019453090e-13      -2.259201732831e-15 
  180       6.885161561335e-10       1.071270495956e-13      -4.698899156501e-12       0.000000000000e+00       2.084106869980e-12       4.196301702113e-13      -2.199845482571e-15 
  181       6.915088264029e-10       1.057091693134e-13      -4.597403859654e-12       0.000000000000e+00       2.050085943190e-12       4.139819176150e-13      -2.140048544890e-15 
  182       6.944403297510e-10       1.043155367950e-13      -4.492329843987e-12       0.000000000000e+00       2.016768025621e-12       4.083641486664e-13      -2.079898905625e-15 
  183       6.973096844805e-10       1.029500817562e-13      -4.383693650946e-12       0.000000000000e+00       1.984141932921e-12       4.027892888848e-13      -2.019541227996e-15 
  184       7.001159036089e-10       1.016168450684e-13      -4.271514277370e-12       0.000000000000e+00       1.952194459687e-12       3.972701376793e-13      -1.959125685009e-15 
  185       7.028579947985e-10       1.003199799002e-13      -4.155813211153e-12       0.000000000000e+00       1.920910342998e-12       3.918198722909e-13      -1.898808027587e-15 
  186       7.055349602876e-10       9.906375285876e-14      -4.036614466910e-12       0.000000000000e+00       1.890272225957e-12       3.864520517335e-13      -1.838749652708e-15 
  187       7.081457968209e-10       9.785254513188e-14      -3.913944621638e-12       0.000000000000e+00       1.860260621228e-12       3.811806207358e-13      -1.779117671538e-15 
  188       7.106894955801e-10       9.669085362909e-14      -3.787832850384e-12       0.000000000000e+00       1.830853874578e-12       3.760199136822e-13      -1.720084977572e-15 
  189       7.131650833818e-10       9.558321461217e-14      -3.658310198034e-12       0.000000000000e+00       1.802031223941e-12       3.709819048187e-13      -1.661811948268e-15 
  190       7.155717499031e-10       9.453396574067e-14      -3.525407258710e-12       0.000000000000e+00       1.773782311592e-12       3.660677178659e-13      -1.604389858874e-15 
  191       7.179087299865e-10       9.354746814802e-14      -3.389156388723e-12       0.000000000000e+00       1.746098324358e-12       3.612754790663e-13      -1.547893301458e-15 
  192       7.201752633078e-10       9.262818320787e-14      -3.249592487513e-12       0.000000000000e+00       1.718968936971e-12       3.566030078399e-13      -1.492398172525e-15 
  193       7.223705944447e-10       9.178067341673e-14      -3.106753030766e-12       0.000000000000e+00       1.692382285953e-12       3.520478115230e-13      -1.437981679776e-15 
  194       7.244939729452e-10       9.100960327653e-14      -2.960678103519e-12       0.000000000000e+00       1.666324943498e-12       3.476070801080e-13      -1.384722348867e-15 
  195       7.265446533964e-10       9.031974017720e-14      -2.811410433276e-12       0.000000000000e+00       1.640781891357e-12       3.432776809824e-13      -1.332700030173e-15 
  196       7.285218954930e-10       8.971595527922e-14      -2.658995423114e-12       0.000000000000e+00       1.615736494718e-12       3.390561536683e-13      -1.281995905545e-15 
  197       7.304249864306e-10       8.920313736110e-14      -2.503480231462e-12       0.000000000000e+00       1.591172736303e-12       3.349375514590e-13      -1.232638957925e-15 
  198       7.322533097618e-10       8.878592552767e-14      -2.344910867758e-12       0.000000000000e+00       1.567082154442e-12       3.309118831970e-13      -1.184441018471e-15 
  199       7.340062816946e-10       8.846895870708e-14      -2.183334948765e-12       0.000000000000e+00       1.543457360713e-12       3.269674018325e-13      -1.137149701299e-15 
  200       7.356833293543e-10       8.825696154700e-14      -2.018802662872e-12       0.000000000000e+00       1.520289806112e-12       3.230917254823e-13      -1.090500703874e-15 
  201       7.372838909210e-10       8.815474502937e-14      -1.851366800279e-12       0.000000000000e+00       1.497569761889e-12       3.192718286209e-13      -1.044217649066e-15 
  202       7.388074157668e-10       8.816720708527e-14      -1.681082783171e-12       0.000000000000e+00       1.475286300388e-12       3.154940332733e-13      -9.980119272062e-16 
  203       7.402533645930e-10       8.829933320968e-14      -1.508008695899e-12       0.000000000000e+00       1.453427275881e-12       3.117440002060e-13      -9.515825381427e-16 
  204       7.416212095673e-10       8.855619707637e-14      -1.332205315156e-12       0.000000000000e+00       1.431979305407e-12       3.080067201195e-13      -9.046159332961e-16 
  205       7.429104476010e-10       8.894285190318e-14      -1.153734744035e-12       0.000000000000e+00       1.410929604828e-12       3.042693068555e-13      -8.568644667873e-16 
  206       7.441206409324e-10       8.946399479173e-14      -9.726561448632e-13       0.000000000000e+00       1.390271680120e-12       3.005296133291e-13      -8.083882000483e-16 
  207       7.452513796547e-10       9.012428002900e-14      -7.890297652845e-13       0.000000000000e+00       1.369999998327e-12       2.967882029716e-13      -7.593297540321e-16 
  208       7.463022690056e-10       9.092842652503e-14      -6.029183335469e-13       0.000000000000e+00       1.350108154375e-12       2.930456011443e-13      -7.098372882393e-16 
  209       7.472729295420e-10       9.188121811726e-14      -4.143870847151e-13       0.000000000000e+00       1.330588857187e-12       2.893022942922e-13      -6.600645661479e-16 
  210       7.481629973139e-10       9.298750387492e-14      -2.235037868819e-13       0.000000000000e+00       1.311433915790e-12       2.855587290983e-13      -6.101710206436e-16 
  211       7.489721240397e-10       9.425219840340e-14      -3.033876737904e-14       0.000000000000e+00       1.292634225425e-12       2.818153116375e-13      -5.603218194497e-16 
  212       7.496999772803e-10       9.568028214865e-14       1.650350610114e-13       0.000000000000e+00       1.274179753654e-12       2.780724065306e-13      -5.106879305576e-16 
  213       7.503462406139e-10       9.727680170153e-14       3.625421738460e-13       0.000000000000e+00       1.256059526466e-12       2.743303360985e-13      -4.614461876570e-16 
  214       7.509106346891e-10       9.904674236970e-14       5.621060060445e-13       0.000000000000e+00       1.238263135896e-12       2.705920871939e-13      -4.127544469149e-16 
  215       7.513929815956e-10       1.009946357344e-13       7.636538368065e-13       0.000000000000e+00       1.220785404393e-12       2.668716358332e-13      -3.646750641253e-16 
  216       7.517931451595e-10       1.031249262899e-13       9.671121825509e-13       0.000000000000e+00       1.203622007286e-12       2.631861807696e-13      -3.172463977808e-16 
  217       7.521110106822e-10       1.054420967760e-13       1.172405207281e-12       0.000000000000e+00       1.186767969594e-12       2.595534922888e-13      -2.705072558549e-16 
  218       7.523464851685e-10       1.079506681496e-13       1.379454700538e-12       0.000000000000e+00       1.170217656105e-12       2.559919184248e-13      -2.244968962670e-16 
  219       7.524994975563e-10       1.106551995557e-13       1.588180055359e-12       0.000000000000e+00       1.153964761452e-12       2.525203911760e-13      -1.792550273477e-16 
  220       7.525699989455e-10       1.135602882990e-13       1.798498246228e-12       0.000000000000e+00       1.138002300192e-12       2.491584327211e-13      -1.348218083039e-16 
  221       7.525579628268e-10       1.166705698146e-13       2.010323807030e-12       0.000000000000e+00       1.122322596880e-12       2.459261616354e-13      -9.123784968385e-17 
  222       7.524633853107e-10       1.199907176397e-13       2.223568809011e-12       0.000000000000e+00       1.106917276147e-12       2.428442991063e-13      -4.854421384273e-17 
  223       7.522862942723e-10       1.235253120529e-13       2.438144702827e-12       0.000000000000e+00       1.091778353820e-12       2.399269046867e-13      -6.760430140141e-18 
  224       7.520267769646e-10       1.272784366289e-13       2.653968022553e-12       0.000000000000e+00       1.076901609120e-12       2.371590494748e-13       3.418303781505e-17 
  225       7.516849546318e-10       1.312540555711e-13       2.870955007405e-12       0.000000000000e+00       1.062283411054e-12       2.345177129760e-13       7.438162014625e-17 
  226       7.512609740029e-10       1.354561423600e-13       3.089019753286e-12       0.000000000000e+00       1.047919629709e-12       2.319789127767e-13       1.139350995058e-16 
  227       7.507550075425e-10       1.398886794078e-13       3.308074195218e-12       0.000000000000e+00       1.033805628979e-12       2.295176932950e-13       1.529476634248e-16 
  228       7.501672537011e-10       1.445556577148e-13       3.528028089777e-12       0.000000000000e+00       1.019936259282e-12       2.271081145306e-13       1.915279566639e-16 
  229       7.494979371658e-10       1.494610765252e-13       3.748788997521e-12       0.000000000000e+00       1.006305850285e-12       2.247232408147e-13       2.297891335629e-16 
  230       7.487473091101e-10       1.546089429825e-13       3.970262265427e-12       0.000000000000e+00       9.929082036251e-13       2.223351295606e-13       2.678489103908e-16 
  231       7.479156474453e-10       1.600032717852e-13       4.192351009323e-12       0.000000000000e+00       9.797365856320e-13       2.199148200133e-13       3.058296176966e-16 
  232       7.470032504363e-10       1.656479437085e-13       4.414958394311e-12       0.000000000000e+00       9.667846250340e-13       2.174390319499e-13       3.438269161980e-16 
  233       7.460104165947e-10       1.715462721240e-13       4.637994669664e-12       0.000000000000e+00       9.540490830521e-13       2.149107470353e-13       3.818136786133e-16 
  234       7.449374640223e-10       1.777014088830e-13       4.861370536918e-12       0.000000000000e+00       9.415272412899e-13       2.123398842465e-13       4.197302381045e-16 
  235       7.437847371669e-10       1.841164823766e-13       5.084994878780e-12       0.000000000000e+00       9.292160069819e-13       2.097367085119e-13       4.575151707174e-16 
  236       7.425526070579e-10       1.907945968772e-13       5.308774746658e-12       0.000000000000e+00       9.171119077243e-13       2.071118343576e-13       4.951052781681e-16 
  237       7.412414715422e-10       1.977388318815e-13       5.532615348201e-12       0.000000000000e+00       9.052110862059e-13       2.044762295524e-13       5.324355706283e-16 
  238       7.398517555199e-10       2.049522414529e-13       5.756420034830e-12       0.000000000000e+00       8.935092949389e-13       2.018412187538e-13       5.694392495112e-16 
  239       7.383839111800e-10       2.124378535635e-13       5.980090289271e-12       0.000000000000e+00       8.820018909900e-13       1.992184871535e-13       6.060476902570e-16 
  240       7.368384182361e-10       2.201986694370e-13       6.203525713092e-12       0.000000000000e+00       8.706838307115e-13       1.966200841233e-13       6.421904251190e-16 
  241       7.352157841620e-10       2.282376628908e-13       6.426624014234e-12       0.000000000000e+00       8.595496644717e-13       1.940584268604e-13       6.777951259487e-16 
  242       7.335165496906e-10       2.365576352365e-13       6.649283408285e-12       0.000000000000e+00       8.485942548595e-13       1.915440639325e-13       7.128066467753e-16 
  243       7.317413051865e-10       2.451607717449e-13       6.871410006813e-12       0.000000000000e+00       8.378149896672e-13       1.890788105144e-13       7.472454461225e-16 
  244       7.298906757064e-10       2.540490574710e-13       7.092910845180e-12       0.000000000000e+00       8.272096905745e-13       1.866622110946e-13       7.811526131815e-16 
  245       7.279653160692e-10       2.632244183709e-13       7.313691500910e-12       0.000000000000e+00       8.167758977667e-13       1.842937418526e-13       8.145711427913e-16 
  246       7.259659111024e-10       2.726887203495e-13       7.533656086152e-12       0.000000000000e+00       8.065108661420e-13       1.819728097332e-13       8.475459571170e-16 
  247       7.238931758885e-10       2.824437683083e-13       7.752707240139e-12       0.000000000000e+00       7.964115615186e-13       1.796987515217e-13       8.801239273297e-16 
  248       7.217478560116e-10       2.924913051931e-13       7.970746121648e-12       0.000000000000e+00       7.864746568426e-13       1.774708329176e-13       9.123538952856e-16 
  249       7.195307278038e-10       3.028330110414e-13       8.187672401457e-12       0.000000000000e+00       7.766965283942e-13       1.752882476095e-13       9.442866952052e-16 
  250       7.172425985917e-10       3.134705020304e-13       8.403384254810e-12       0.000000000000e+00       7.670732519960e-13       1.731501163495e-13       9.759751753526e-16 
  251       7.148843069427e-10       3.244053295246e-13       8.617778353868e-12       0.000000000000e+00       7.576005992195e-13       1.710554860279e-13       1.007474219715e-15 
  252       7.124567063105e-10       3.356388515834e-13       8.830752731687e-12       0.000000000000e+00       7.482745959767e-13       1.690029732620e-13       1.038824219045e-15 
  253       7.099606144237e-10       3.471718412910e-13       9.042215571514e-12       0.000000000000e+00       7.390932415866e-13       1.669896744449e-13       1.070000389795e-15 
  254       7.073968614774e-10       3.590048541451e-13       9.252076906212e-12       0.000000000000e+00       7.300548807932e-13       1.650121914759e-13       1.100960594728e-15 
  255       7.047663066877e-10       3.711383523920e-13       9.460245789926e-12       0.000000000000e+00       7.211576475215e-13       1.630669800422e-13       1.131661622936e-15 
  256       7.020698385066e-10       3.835727038341e-13       9.666630295947e-12       0.000000000000e+00       7.123994621432e-13       1.611503480240e-13       1.162059180363e-15 
  257       6.993083748376e-10       3.963081806376e-13       9.871137514573e-12       0.000000000000e+00       7.037780287423e-13       1.592584539003e-13       1.192107880335e-15 
  258       6.964828632505e-10       4.093449581403e-13       1.007367355098e-11       0.000000000000e+00       6.952908323810e-13       1.573873051540e-13       1.221761234090e-15 
  259       6.935942811972e-10       4.226831136588e-13       1.027414352307e-11       0.000000000000e+00       6.869351363652e-13       1.555327566775e-13       1.250971641303e-15 
  260       6.906436362263e-10       4.363226252966e-13       1.047245155938e-11       0.000000000000e+00       6.787079795107e-13       1.536905091778e-13       1.279690380616e-15 
  261       6.876319661986e-10       4.502633707514e-13       1.066850079686e-11       0.000000000000e+00       6.706061734086e-13       1.518561075824e-13       1.307867600166e-15 
  262       6.845603395024e-10       4.645051261228e-13       1.086219337884e-11       0.000000000000e+00       6.626262996911e-13       1.500249394442e-13       1.335452308111e-15 
  263       6.814298356139e-10       4.790474539480e-13       1.105343332875e-11       0.000000000000e+00       6.547651588943e-13       1.481935529141e-13       1.362407916176e-15 
  264       6.782414851520e-10       4.938893629533e-13       1.124213535072e-11       0.000000000000e+00       6.470211499873e-13       1.463636941247e-13       1.388759835408e-15 
  265       6.749963269504e-10       5.090296272995e-13       1.142821650811e-11       0.000000000000e+00       6.393929612783e-13       1.445384884075e-13       1.414550475597e-15 
  266       6.716954275965e-10       5.244668942950e-13       1.161159339390e-11       0.000000000000e+00       6.318791236928e-13       1.427211413679e-13       1.439823944874e-15 
  267       6.683398816123e-10       5.401996830114e-13       1.179218213355e-11       0.000000000000e+00       6.244780088203e-13       1.409149395705e-13       1.464626067118e-15 
  268       6.649308116358e-10       5.562263829003e-13       1.196989838782e-11       0.000000000000e+00       6.171878269604e-13       1.391232512259e-13       1.489004399366e-15 
  269       6.614693686023e-10       5.725452524094e-13       1.214465735559e-11       0.000000000000e+00       6.100066251690e-13       1.373495268763e-13       1.513008249220e-15 
  270       6.579567319256e-10       5.891544175983e-13       1.231637377672e-11       0.000000000000e+00       6.029322853047e-13       1.355973000817e-13       1.536688692257e-15 
  271       6.543941096793e-10       6.060518707550e-13       1.248496193486e-11       0.000000000000e+00       5.959625220750e-13       1.338701881056e-13       1.560098589437e-15 
  272       6.507827387779e-10       6.232354690119e-13       1.265033566031e-11       0.000000000000e+00       5.890948810824e-13       1.321718926015e-13       1.583292604509e-15 
  273       6.471238851582e-10       6.407029329622e-13       1.281240833284e-11       0.000000000000e+00       5.823267368710e-13       1.305062002987e-13       1.606327221426e-15 
  274       6.434188194024e-10       6.584517852424e-13       1.297109582033e-11       0.000000000000e+00       5.756556367086e-13       1.288758962805e-13       1.629243689677e-15 
  275       6.396687418109e-10       6.764791655419e-13       1.312632546036e-11       0.000000000000e+00       5.690803560315e-13       1.272794389503e-13       1.652015828591e-15 
  276       6.358748537307e-10       6.947820031425e-13       1.327802755785e-11       0.000000000000e+00       5.625998948599e-13       1.257141110379e-13       1.674599504114e-15 
  277       6.320383818991e-10       7.133570746006e-13       1.342613249936e-11       0.000000000000e+00       5.562131356784e-13       1.241770901741e-13       1.696949443240e-15 
  278       6.281605785860e-10       7.322010022679e-13       1.357057076064e-11       0.000000000000e+00       5.499188420323e-13       1.226654478446e-13       1.719019224223e-15 
  279       6.242427217358e-10       7.513102528118e-13       1.371127291407e-11       0.000000000000e+00       5.437156571253e-13       1.211761483440e-13       1.740761266800e-15 
  280       6.202861151096e-10       7.706811357362e-13       1.384816963627e-11       0.000000000000e+00       5.376021024156e-13       1.197060477308e-13       1.762126822411e-15 
  281       6.162920884273e-10       7.903098019021e-13       1.398119171553e-11       0.000000000000e+00       5.315765762131e-13       1.182518927809e-13       1.783065964421e-15 
  282       6.122619975101e-10       8.101922420476e-13       1.411027005935e-11       0.000000000000e+00       5.256373522764e-13       1.168103199421e-13       1.803527578336e-15 
  283       6.081972244219e-10       8.303242853095e-13       1.423533570195e-11       0.000000000000e+00       5.197825784095e-13       1.153778542885e-13       1.823459352025e-15 
  284       6.040991776122e-10       8.507015977427e-13       1.435631981177e-11       0.000000000000e+00       5.140102750585e-13       1.139509084749e-13       1.842807765941e-15 
  285       5.999692920579e-10       8.713196808417e-13       1.447315369901e-11       0.000000000000e+00       5.083183339087e-13       1.125257816904e-13       1.861518083341e-15 
  286       5.958089920378e-10       8.921738638085e-13       1.458577161075e-11       0.000000000000e+00       5.027047921122e-13       1.110996548292e-13       1.879551262421e-15 
  287       5.916195770826e-10       9.132592829670e-13       1.469411925743e-11       0.000000000000e+00       4.971686731967e-13       1.096736338245e-13       1.896935658968e-15 
  288       5.874023305359e-10       9.345708984237e-13       1.479814573214e-11       0.000000000000e+00       4.917091859361e-13       1.082498581423e-13       1.913717918653e-15 
  289       5.831585564893e-10       9.561034987446e-13       1.489780077329e-11       0.000000000000e+00       4.863254515550e-13       1.068305188363e-13       1.929946305510e-15 
  290       5.788895798699e-10       9.778516994666e-13       1.499303477623e-11       0.000000000000e+00       4.810165027281e-13       1.054178589587e-13       1.945670716888e-15 
  291       5.745967465281e-10       9.998099416088e-13       1.508379880481e-11       0.000000000000e+00       4.757812825805e-13       1.040141739709e-13       1.960942698419e-15 
  292       5.702814233244e-10       1.021972490184e-12       1.517004460301e-11       0.000000000000e+00       4.706186436867e-13       1.026218121541e-13       1.975815458968e-15 
  293       5.659449982177e-10       1.044333432710e-12       1.525172460647e-11       0.000000000000e+00       4.655273470714e-13       1.012431750199e-13       1.990343885600e-15 
  294       5.615888803523e-10       1.066886677721e-12       1.532879195411e-11       0.000000000000e+00       4.605060612086e-13       9.988071772128e-14       2.004584558534e-15 
  295       5.572145001455e-10       1.089625953279e-12       1.540120049971e-11       0.000000000000e+00       4.555533610218e-13       9.853694946295e-14       2.018595766105e-15 
  296       5.528233093754e-10       1.112544805487e-12       1.546890482348e-11       0.000000000000e+00       4.506677268836e-13       9.721443391218e-14       2.032437519721e-15 
  297       5.484167812678e-10       1.135636596997e-12       1.553186024368e-11       0.000000000000e+00       4.458475436157e-13       9.591578960946e-14       2.046171568823e-15 
  298       5.439963742021e-10       1.158894580499e-12       1.559002514118e-11       0.000000000000e+00       4.410913097524e-13       9.464303986094e-14       2.059846413478e-15 
  299       5.395634206973e-10       1.182312126189e-12       1.564336803424e-11       0.000000000000e+00       4.363982786213e-13       9.339562666746e-14       2.073451506733e-15 
  300       5.351192332067e-10       1.205882502438e-12       1.569186086987e-11       0.000000000000e+00       4.317678464350e-13       9.217230117296e-14       2.086960857975e-15 
  301       5.306651400531e-10       1.229598800430e-12       1.573547675634e-11       0.000000000000e+00       4.271993441192e-13       9.097176502931e-14       2.100347829683e-15 
  302       5.262024854667e-10       1.253453932779e-12       1.577418997793e-11       0.000000000000e+00       4.226920365951e-13       8.979266993090e-14       2.113585132183e-15 
  303       5.217326296241e-10       1.277440632137e-12       1.580797600963e-11       0.000000000000e+00       4.182451220630e-13       8.863361714916e-14       2.126644818406e-15 
  304       5.172569486867e-10       1.301551449809e-12       1.583681153181e-11       0.000000000000e+00       4.138577312846e-13       8.749315706720e-14       2.139498278640e-15 
  305       5.127768348391e-10       1.325778754361e-12       1.586067444496e-11       0.000000000000e+00       4.095289268666e-13       8.636978871434e-14       2.152116235283e-15 
  306       5.082936963278e-10       1.350114730239e-12       1.587954388434e-11       0.000000000000e+00       4.052577025435e-13       8.526195930072e-14       2.164468737599e-15 
  307       5.038089574994e-10       1.374551376377e-12       1.589340023475e-11       0.000000000000e+00       4.010429824604e-13       8.416806375185e-14       2.176525156474e-15 
  308       4.993240588395e-10       1.399080504810e-12       1.590222514516e-11       0.000000000000e+00       3.968836204562e-13       8.308644424322e-14       2.188254179168e-15 
  309       4.948404570109e-10       1.423693739286e-12       1.590600154345e-11       0.000000000000e+00       3.927783993467e-13       8.201538973483e-14       2.199623804067e-15 
  310       4.903596248921e-10       1.448382513881e-12       1.590471365112e-11       0.000000000000e+00       3.887260302075e-13       8.095313550581e-14       2.210601335443e-15 
  311       4.858830077191e-10       1.473138239188e-12       1.589834878976e-11       0.000000000000e+00       3.847253182657e-13       7.989816323962e-14       2.221156146108e-15 
  312       4.814118891748e-10       1.497952812289e-12       1.588690286340e-11       0.000000000000e+00       3.807756705819e-13       7.885011767291e-14       2.231268118267e-15 
  313       4.769475191415e-10       1.522818127811e-12       1.587037516010e-11       0.000000000000e+00       3.768766105987e-13       7.780893170472e-14       2.240919585316e-15 
  314       4.724911570202e-10       1.547725911311e-12       1.584876659995e-11       0.000000000000e+00       3.730276131535e-13       7.677452959908e-14       2.250092597544e-15 
  315       4.680440717148e-10       1.572667718095e-12       1.582207975203e-11       0.000000000000e+00       3.692281039676e-13       7.574682689137e-14       2.258768920309e-15 
  316       4.636075416167e-10       1.597634932040e-12       1.579031885132e-11       0.000000000000e+00       3.654774591354e-13       7.472573029448e-14       2.266930032219e-15 
  317       4.591828545884e-10       1.622618764413e-12       1.575348981559e-11       0.000000000000e+00       3.617750046128e-13       7.371113760519e-14       2.274557123306e-15 
  318       4.547713079482e-10       1.647610252687e-12       1.571160026234e-11       0.000000000000e+00       3.581200157073e-13       7.270293761035e-14       2.281631093204e-15 
  319       4.503742084541e-10       1.672600259366e-12       1.566465952572e-11       0.000000000000e+00       3.545117165658e-13       7.170100999319e-14       2.288132549331e-15 
  320       4.459928722884e-10       1.697579470801e-12       1.561267867343e-11       0.000000000000e+00       3.509492796649e-13       7.070522523960e-14       2.294041805058e-15 
  321       4.416286250414e-10       1.722538396012e-12       1.555567052364e-11       0.000000000000e+00       3.474318252989e-13       6.971544454437e-14       2.299338877896e-15 
  322       4.372828016961e-10       1.747467365506e-12       1.549364966192e-11       0.000000000000e+00       3.439584210696e-13       6.873151971747e-14       2.304003487663e-15 
  323       4.329567466123e-10       1.772356530095e-12       1.542663245815e-11       0.000000000000e+00       3.405280813749e-13       6.775329309034e-14       2.308015054673e-15 
  324       4.286517689725e-10       1.797196118950e-12       1.535463780813e-11       0.000000000000e+00       3.371398926699e-13       6.678071187969e-14       2.311362989630e-15 
  325       4.243690069534e-10       1.821977228902e-12       1.527768936041e-11       0.000000000000e+00       3.337933964835e-13       6.581417711860e-14       2.314078075229e-15 
  326       4.201095574518e-10       1.846691068115e-12       1.519581342209e-11       0.000000000000e+00       3.304882225247e-13       6.485421014031e-14       2.316202483832e-15 
  327       4.158745200088e-10       1.871328699155e-12       1.510903826078e-11       0.000000000000e+00       3.272239640883e-13       6.390133956385e-14       2.317779622124e-15 
  328       4.116649967432e-10       1.895881038108e-12       1.501739412231e-11       0.000000000000e+00       3.240001776875e-13       6.295610133078e-14       2.318854141012e-15 
  329       4.074820922854e-10       1.920338853693e-12       1.492091324849e-11       0.000000000000e+00       3.208163826864e-13       6.201903874190e-14       2.319471945539e-15 
  330       4.033269137101e-10       1.944692766379e-12       1.481962989486e-11       0.000000000000e+00       3.176720609320e-13       6.109070249391e-14       2.319680204783e-15 
  331       3.992005704706e-10       1.968933247496e-12       1.471358034842e-11       0.000000000000e+00       3.145666563871e-13       6.017165071618e-14       2.319527361765e-15 
  332       3.951041743316e-10       1.993050618356e-12       1.460280294538e-11       0.000000000000e+00       3.114995747621e-13       5.926244900740e-14       2.319063143358e-15 
  333       3.910388393030e-10       2.017035049364e-12       1.448733808889e-11       0.000000000000e+00       3.084701831478e-13       5.836367047232e-14       2.318338570188e-15 
  334       3.870056815732e-10       2.040876559133e-12       1.436722826680e-11       0.000000000000e+00       3.054778096475e-13       5.747589575846e-14       2.317405966542e-15 
  335       3.830058194428e-10       2.064565013600e-12       1.424251806941e-11       0.000000000000e+00       3.025217430097e-13       5.659971309276e-14       2.316318970277e-15 
  336       3.790403732578e-10       2.088090125144e-12       1.411325420716e-11       0.000000000000e+00       2.996012322600e-13       5.573571831836e-14       2.315132542721e-15 
  337       3.751104653432e-10       2.111441451695e-12       1.397948552845e-11       0.000000000000e+00       2.967154863342e-13       5.488451493125e-14       2.313902978580e-15 
  338       3.712171793700e-10       2.134608772898e-12       1.384126270277e-11       0.000000000000e+00       2.938637772825e-13       5.404660095737e-14       2.312678884522e-15 
  339       3.673614366682e-10       2.157583238207e-12       1.369863721912e-11       0.000000000000e+00       2.910457555230e-13       5.322202415370e-14       2.311473667585e-15 
  340       3.635441144809e-10       2.180356266280e-12       1.355166237937e-11       0.000000000000e+00       2.882611473853e-13       5.241071209636e-14       2.310291886648e-15 
  341       3.597660859432e-10       2.202919171889e-12       1.340039364630e-11       0.000000000000e+00       2.855096524983e-13       5.161258392528e-14       2.309138177794e-15 
  342       3.560282199740e-10       2.225263165425e-12       1.324488866099e-11       0.000000000000e+00       2.827909435316e-13       5.082755026233e-14       2.308017254762e-15 
  343       3.523313811665e-10       2.247379352412e-12       1.308520726015e-11       0.000000000000e+00       2.801046659362e-13       5.005551312956e-14       2.306933909389e-15 
  344       3.486764296791e-10       2.269258733018e-12       1.292141149362e-11       0.000000000000e+00       2.774504376851e-13       4.929636586735e-14       2.305893012062e-15 
  345       3.450642211267e-10       2.290892201560e-12       1.275356564165e-11       0.000000000000e+00       2.748278490147e-13       4.854999305265e-14       2.304899512163e-15 
  346       3.414956064715e-10       2.312270546017e-12       1.258173623237e-11       0.000000000000e+00       2.722364621649e-13       4.781627041716e-14       2.303958438518e-15 
  347       3.379714319139e-10       2.333384447542e-12       1.240599205915e-11       0.000000000000e+00       2.696758111208e-13       4.709506476550e-14       2.303074899844e-15 
  348       3.344925387837e-10       2.354224479968e-12       1.222640419800e-11       0.000000000000e+00       2.671454013527e-13       4.638623389344e-14       2.302254085196e-15 
  349       3.310597634309e-10       2.374781109319e-12       1.204304602496e-11       0.000000000000e+00       2.646447095576e-13       4.568962650607e-14       2.301501264415e-15 
  350       3.276739371167e-10       2.395044693322e-12       1.185599323347e-11       0.000000000000e+00       2.621731833998e-13       4.500508213603e-14       2.300821788574e-15 
  351       3.243358859047e-10       2.415005480914e-12       1.166532385182e-11       0.000000000000e+00       2.597302412515e-13       4.433243106165e-14       2.300221090430e-15 
  352       3.210464305514e-10       2.434653611755e-12       1.147111826049e-11       0.000000000000e+00       2.573152719342e-13       4.367149422520e-14       2.299704684866e-15 
  353       3.178063483002e-10       2.453979582800e-12       1.127345740461e-11       0.000000000000e+00       2.549277128213e-13       4.302202354240e-14       2.299268911825e-15 
  354       3.146162567519e-10       2.472975670180e-12       1.107241731468e-11       0.000000000000e+00       2.525672882181e-13       4.238352029277e-14       2.298872744592e-15 
  355       3.114767250108e-10       2.491634564761e-12       1.086807439491e-11       0.000000000000e+00       2.502337802651e-13       4.175540910996e-14       2.298464824498e-15 
  356       3.083883112065e-10       2.509948910308e-12       1.066050722339e-11       0.000000000000e+00       2.479269512759e-13       4.113709677875e-14       2.297992605529e-15 
  357       3.053515623487e-10       2.527911303445e-12       1.044979656781e-11       0.000000000000e+00       2.456465435538e-13       4.052797209600e-14       2.297402345893e-15 
  358       3.023670141813e-10       2.545514293611e-12       1.023602540109e-11       0.000000000000e+00       2.433922792070e-13       3.992740573160e-14       2.296639099569e-15 
  359       2.994351910368e-10       2.562750383021e-12       1.001927891703e-11       0.000000000000e+00       2.411638599657e-13       3.933475008945e-14       2.295646707871e-15 
  360       2.965566056907e-10       2.579612026623e-12       9.799644545990e-12       0.000000000000e+00       2.389609669974e-13       3.874933916838e-14       2.294367791005e-15 
  361       2.937317592161e-10       2.596091632057e-12       9.577211970550e-12       0.000000000000e+00       2.367832607235e-13       3.817048842311e-14       2.292743739622e-15 
  362       2.909611408379e-10       2.612181559611e-12       9.352073141150e-12       0.000000000000e+00       2.346303806351e-13       3.759749462524e-14       2.290714706381e-15 
  363       2.882452277874e-10       2.627874122186e-12       9.124322291761e-12       0.000000000000e+00       2.325019451093e-13       3.702963572414e-14       2.288219597503e-15 
  364       2.855844851562e-10       2.643161585245e-12       8.894055955541e-12       0.000000000000e+00       2.303975512253e-13       3.646617070798e-14       2.285196064329e-15 
  365       2.829793657511e-10       2.658036166781e-12       8.661372980497e-12       0.000000000000e+00       2.283167745802e-13       3.590633946459e-14       2.281580494882e-15 
  366       2.804303099485e-10       2.672490037268e-12       8.426374545139e-12       0.000000000000e+00       2.262591691054e-13       3.534936264251e-14       2.277308005418e-15 
  367       2.779377455485e-10       2.686515319624e-12       8.189164174143e-12       0.000000000000e+00       2.242242668827e-13       3.479444151188e-14       2.272312431986e-15 
  368       2.755020631607e-10       2.700104524802e-12       7.949844538049e-12       0.000000000000e+00       2.222116372998e-13       3.424098130388e-14       2.266549264919e-15 
  369       2.731235415894e-10       2.713251877595e-12       7.708507681214e-12       0.000000000000e+00       2.202210674649e-13       3.368927122356e-14       2.260065466689e-15 
  370       2.708024192219e-10       2.725952043009e-12       7.465244439381e-12       0.000000000000e+00       2.182523885430e-13       3.313983096800e-14       2.252932389467e-15 
  371       2.685389180652e-10       2.738199695686e-12       7.220147633641e-12       0.000000000000e+00       2.163054169271e-13       3.259318972562e-14       2.245223092386e-15 
  372       2.663332435786e-10       2.749989520250e-12       6.973312083251e-12       0.000000000000e+00       2.143799541068e-13       3.204988623451e-14       2.237012353378e-15 
  373       2.641855845065e-10       2.761316211649e-12       6.724834618450e-12       0.000000000000e+00       2.124757865368e-13       3.151046884096e-14       2.228376681003e-15 
  374       2.620961127111e-10       2.772174475498e-12       6.474814093277e-12       0.000000000000e+00       2.105926855055e-13       3.097549555787e-14       2.219394326285e-15 
  375       2.600649830055e-10       2.782559028422e-12       6.223351398385e-12       0.000000000000e+00       2.087304070035e-13       3.044553412317e-14       2.210145294539e-15 
  376       2.580923329861e-10       2.792464598403e-12       5.970549473861e-12       0.000000000000e+00       2.068886915923e-13       2.992116205829e-14       2.200711357209e-15 
  377       2.561782828654e-10       2.801885925117e-12       5.716513322045e-12       0.000000000000e+00       2.050672642723e-13       2.940296672662e-14       2.191176063697e-15 
  378       2.543229353052e-10       2.810817760286e-12       5.461350020339e-12       0.000000000000e+00       2.032658343519e-13       2.889154539190e-14       2.181624753198e-15 
  379       2.525263752487e-10       2.819254868012e-12       5.205168734033e-12       0.000000000000e+00       2.014840953161e-13       2.838750527670e-14       2.172144566529e-15 
  380       2.507886697539e-10       2.827192025128e-12       4.948080729116e-12       0.000000000000e+00       1.997217246944e-13       2.789146362086e-14       2.162824457963e-15 
  381       2.491098678260e-10       2.834624021539e-12       4.690199385095e-12       0.000000000000e+00       1.979783839299e-13       2.740404773993e-14       2.153755207063e-15 
  382       2.474900002501e-10       2.841545660561e-12       4.431640207813e-12       0.000000000000e+00       1.962537182477e-13       2.692589508358e-14       2.145029430511e-15 
  383       2.459290794245e-10       2.847951759273e-12       4.172520842263e-12       0.000000000000e+00       1.945473565233e-13       2.645765329410e-14       2.136741593944e-15 
  384       2.444270900195e-10       2.853837769012e-12       3.912956271664e-12       0.000000000000e+00       1.928589590464e-13       2.599980390493e-14       2.128961748997e-15 
  385       2.429839609089e-10       2.859201662030e-12       3.653044188473e-12       0.000000000000e+00       1.911883630705e-13       2.555212597110e-14       2.121655626001e-15 
  386       2.415995918494e-10       2.864042116813e-12       3.392879095672e-12       0.000000000000e+00       1.895354425056e-13       2.511421228336e-14       2.114761544700e-15 
  387       2.402738623852e-10       2.868357905205e-12       3.132557079474e-12       0.000000000000e+00       1.879000604279e-13       2.468564381345e-14       2.108216406918e-15 
  388       2.390066316722e-10       2.872147893251e-12       2.872175818236e-12       0.000000000000e+00       1.862820689869e-13       2.426598962933e-14       2.101955687056e-15 
  389       2.377977383039e-10       2.875411042046e-12       2.611834591361e-12       0.000000000000e+00       1.846813093128e-13       2.385480681055e-14       2.095913422608e-15 
  390       2.366470001367e-10       2.878146408585e-12       2.351634288217e-12       0.000000000000e+00       1.830976114242e-13       2.345164036347e-14       2.090022204659e-15 
  391       2.355542141152e-10       2.880353146604e-12       2.091677417040e-12       0.000000000000e+00       1.815307941350e-13       2.305602313661e-14       2.084213168391e-15 
  392       2.345191560974e-10       2.882030507431e-12       1.832068113846e-12       0.000000000000e+00       1.799806649624e-13       2.266747573592e-14       2.078415983593e-15 
  393       2.335415806801e-10       2.883177840831e-12       1.572912151341e-12       0.000000000000e+00       1.784470200340e-13       2.228550644007e-14       2.072558845162e-15 
  394       2.326212210242e-10       2.883794595852e-12       1.314316947830e-12       0.000000000000e+00       1.769296439951e-13       2.190961111574e-14       2.066568463610e-15 
  395       2.317577886801e-10       2.883880321675e-12       1.056391576128e-12       0.000000000000e+00       1.754283099163e-13       2.153927313292e-14       2.060370055568e-15 
  396       2.309509734130e-10       2.883434668458e-12       7.992467724671e-13       0.000000000000e+00       1.739427792010e-13       2.117396328023e-14       2.053887334295e-15 
  397       2.302004430282e-10       2.882457388184e-12       5.429949454083e-13       0.000000000000e+00       1.724728014926e-13       2.081313968015e-14       2.047042500181e-15 
  398       2.295058431964e-10       2.880948335506e-12       2.877501847511e-13       0.000000000000e+00       1.710181145821e-13       2.045624770437e-14       2.039756231251e-15 
  399       2.288667972791e-10       2.878907468598e-12       3.362827044228e-14       0.000000000000e+00       1.695784443152e-13       2.010271988905e-14       2.031947673674e-15 
  400       2.282829061540e-10       2.876334849997e-12      -2.192533185137e-13       0.000000000000e+00       1.681535045000e-13       1.975197585015e-14       2.023534432264e-15 
  401       2.277537551454e-10       2.873230923852e-12      -4.707812629783e-13       0.000000000000e+00       1.667430329582e-13       1.940354301071e-14       2.014453120691e-15 
  402       2.272789354503e-10       2.869597357010e-12      -7.208642323958e-13       0.000000000000e+00       1.653469013048e-13       1.905742377274e-14       2.004721851418e-15 
  403       2.268580231453e-10       2.865436230040e-12      -9.694156840748e-13       0.000000000000e+00       1.639650089611e-13       1.871374147259e-14       1.994379989587e-15 
  404       2.264905719824e-10       2.860749764641e-12      -1.216348049127e-12       0.000000000000e+00       1.625972473046e-13       1.837262077477e-14       1.983467803448e-15 
  405       2.261761132193e-10       2.855540324689e-12      -1.461572727924e-12       0.000000000000e+00       1.612434996030e-13       1.803418767714e-14       1.972026470168e-15 
  406       2.259141554504e-10       2.849810417291e-12      -1.705000085560e-12       0.000000000000e+00       1.599036409488e-13       1.769856951619e-14       1.960098081641e-15 
  407       2.257041844375e-10       2.843562693837e-12      -1.946539447306e-12       0.000000000000e+00       1.585775381933e-13       1.736589497220e-14       1.947725650302e-15 
  408       2.255456629398e-10       2.836799951054e-12      -2.186099094069e-12       0.000000000000e+00       1.572650498816e-13       1.703629407452e-14       1.934953114932e-15 
  409       2.254380305452e-10       2.829525132056e-12      -2.423586257851e-12       0.000000000000e+00       1.559660261859e-13       1.670989820680e-14       1.921825346471e-15 
  410       2.253807035005e-10       2.821741327401e-12      -2.658907117208e-12       0.000000000000e+00       1.546803088407e-13       1.638684011216e-14       1.908388153829e-15 
  411       2.253730745421e-10       2.813451776139e-12      -2.891966792708e-12       0.000000000000e+00       1.534077310767e-13       1.606725389847e-14       1.894688289693e-15 
  412       2.254145127269e-10       2.804659866865e-12      -3.122669342388e-12       0.000000000000e+00       1.521481175552e-13       1.575127504355e-14       1.880773456342e-15 
  413       2.255043632625e-10       2.795369138774e-12      -3.350917757213e-12       0.000000000000e+00       1.509012843025e-13       1.543904040042e-14       1.866692311453e-15 
  414       2.256419473378e-10       2.785583282715e-12      -3.576613956536e-12       0.000000000000e+00       1.496670386440e-13       1.513068820249e-14       1.852494473912e-15 
  415       2.258265619542e-10       2.775306142236e-12      -3.799658783556e-12       0.000000000000e+00       1.484451791388e-13       1.482635806883e-14       1.838230529627e-15 
  416       2.260574797555e-10       2.764541714647e-12      -4.019952000772e-12       0.000000000000e+00       1.472354955137e-13       1.452619100935e-14       1.823952037336e-15 
  417       2.263339488591e-10       2.753294152061e-12      -4.237392285449e-12       0.000000000000e+00       1.460377685980e-13       1.423032943008e-14       1.809711534416e-15 
  418       2.266552201084e-10       2.741568039287e-12      -4.451883506330e-12       0.000000000000e+00       1.448517975814e-13       1.393889162104e-14       1.795553570775e-15 
  419       2.270206302211e-10       2.729369235953e-12      -4.663353803319e-12       0.000000000000e+00       1.436774829679e-13       1.365189423287e-14       1.781487455478e-15 
  420       2.274295211974e-10       2.716704065708e-12      -4.871737161839e-12       0.000000000000e+00       1.425147463754e-13       1.336932711678e-14       1.767513574561e-15 
  421       2.278812130085e-10       2.703579043276e-12      -5.076967191225e-12       0.000000000000e+00       1.413635034251e-13       1.309117858628e-14       1.753632277066e-15 
  422       2.283750034461e-10       2.690000875694e-12      -5.278977124491e-12       0.000000000000e+00       1.402236636949e-13       1.281743540491e-14       1.739843874706e-15 
  423       2.289101679719e-10       2.675976463562e-12      -5.477699818087e-12       0.000000000000e+00       1.390951306719e-13       1.254808277404e-14       1.726148641528e-15 
  424       2.294859595669e-10       2.661512902275e-12      -5.673067751663e-12       0.000000000000e+00       1.379778017059e-13       1.228310432054e-14       1.712546813573e-15 
  425       2.301016085807e-10       2.646617483275e-12      -5.865013027830e-12       0.000000000000e+00       1.368715679623e-13       1.202248208457e-14       1.699038588543e-15 
  426       2.307563225810e-10       2.631297695287e-12      -6.053467371924e-12       0.000000000000e+00       1.357763143749e-13       1.176619650730e-14       1.685624125463e-15 
  427       2.314492862032e-10       2.615561225563e-12      -6.238362131767e-12       0.000000000000e+00       1.346919195992e-13       1.151422641867e-14       1.672303544340e-15 
  428       2.321796609994e-10       2.599415961126e-12      -6.419628277428e-12       0.000000000000e+00       1.336182559655e-13       1.126654902513e-14       1.659076925833e-15 
  429       2.329465852882e-10       2.582869990009e-12      -6.597196400985e-12       0.000000000000e+00       1.325551894317e-13       1.102313989736e-14       1.645944310910e-15 
  430       2.337491740036e-10       2.565931602500e-12      -6.770996716291e-12       0.000000000000e+00       1.315025795364e-13       1.078397295806e-14       1.632905700514e-15 
  431       2.345865185453e-10       2.548609292381e-12      -6.940959058730e-12       0.000000000000e+00       1.304602793522e-13       1.054902046964e-14       1.619961055228e-15 
  432       2.354576866269e-10       2.530911758176e-12      -7.107012884984e-12       0.000000000000e+00       1.294281354383e-13       1.031825302200e-14       1.607110294931e-15 
  433       2.363617221264e-10       2.512847904387e-12      -7.269087272791e-12       0.000000000000e+00       1.284059877940e-13       1.009163952025e-14       1.594353298469e-15 
  434       2.372976449348e-10       2.494426842738e-12      -7.427110920711e-12       0.000000000000e+00       1.273936698112e-13       9.869147172478e-15       1.581689903313e-15 
  435       2.382644508063e-10       2.475657893421e-12      -7.581012147884e-12       0.000000000000e+00       1.263910082281e-13       9.650741477473e-15       1.569119905226e-15 
  436       2.392611586742e-10       2.456550550432e-12      -7.730725222601e-12       0.000000000000e+00       1.253978448599e-13       9.436388390003e-15       1.556640247985e-15 
  437       2.402869546459e-10       2.437114373800e-12      -7.876209580729e-12       0.000000000000e+00       1.244141026859e-13       9.226060921049e-15       1.544236490114e-15 
  438       2.413410525106e-10       2.417359096212e-12      -8.017431247286e-12       0.000000000000e+00       1.234397218726e-13       9.019732733429e-15       1.531891053115e-15 
  439       2.424226465859e-10       2.397294659804e-12      -8.154356569252e-12       0.000000000000e+00       1.224746381616e-13       8.817375973283e-15       1.519586003600e-15 
  440       2.435309115964e-10       2.376931217383e-12      -8.286952219313e-12       0.000000000000e+00       1.215187828360e-13       8.618961259197e-15       1.507303051189e-15 
  441       2.446650025534e-10       2.356279133644e-12      -8.415185199613e-12       0.000000000000e+00       1.205720826873e-13       8.424457671312e-15       1.495023546402e-15 
  442       2.458240546342e-10       2.335348986391e-12      -8.539022845498e-12       0.000000000000e+00       1.196344599824e-13       8.233832740441e-15       1.482728478553e-15 
  443       2.470071830611e-10       2.314151567758e-12      -8.658432829267e-12       0.000000000000e+00       1.187058324298e-13       8.047052437183e-15       1.470398473641e-15 
  444       2.482134829810e-10       2.292697885425e-12      -8.773383163916e-12       0.000000000000e+00       1.177861131470e-13       7.864081161036e-15       1.458013792246e-15 
  445       2.494420293447e-10       2.270999163840e-12      -8.883842206892e-12       0.000000000000e+00       1.168752106268e-13       7.684881729514e-15       1.445554327420e-15 
  446       2.506918767859e-10       2.249066845441e-12      -8.989778663836e-12       0.000000000000e+00       1.159730287043e-13       7.509415367259e-15       1.432999602584e-15 
  447       2.519620595008e-10       2.226912591870e-12      -9.091161592334e-12       0.000000000000e+00       1.150794665235e-13       7.337641695159e-15       1.420328769416e-15 
  448       2.532515911274e-10       2.204548285197e-12      -9.187960405661e-12       0.000000000000e+00       1.141944185041e-13       7.169518719458e-15       1.407520605749e-15 
  449       2.545594646244e-10       2.181986029137e-12      -9.280144876536e-12       0.000000000000e+00       1.133177743083e-13       7.005002820876e-15       1.394553513463e-15 
  450       2.558846521512e-10       2.159238150273e-12      -9.367685140863e-12       0.000000000000e+00       1.124494188075e-13       6.844048743717e-15       1.381405516375e-15 
  451       2.572261049464e-10       2.136317199271e-12      -9.450551701482e-12       0.000000000000e+00       1.115892320491e-13       6.686609584990e-15       1.368054258137e-15 
  452       2.585827532078e-10       2.113235952103e-12      -9.528715431916e-12       0.000000000000e+00       1.107370892233e-13       6.532636783520e-15       1.354477000128e-15 
  453       2.599535059712e-10       2.090007411267e-12      -9.602147580123e-12       0.000000000000e+00       1.098928606298e-13       6.382080109063e-15       1.340650619345e-15 
  454       2.613372509900e-10       2.066644807005e-12      -9.670819772237e-12       0.000000000000e+00       1.090564116445e-13       6.234887651419e-15       1.326551606300e-15 
  455       2.627329187780e-10       2.043161253578e-12      -9.734709177229e-12       0.000000000000e+00       1.082276195657e-13       6.091000909993e-15       1.312163437524e-15 
  456       2.641396772355e-10       2.019568703536e-12      -9.793814174851e-12       0.000000000000e+00       1.074064248131e-13       5.950339911933e-15       1.297498956637e-15 
  457       2.655567430036e-10       1.995878962443e-12      -9.848139195607e-12       0.000000000000e+00       1.065927812992e-13       5.812817597139e-15       1.282578704135e-15 
  458       2.669833177786e-10       1.972104031814e-12      -9.897689611797e-12       0.000000000000e+00       1.057866396740e-13       5.678344661174e-15       1.267423609552e-15 
  459       2.684185882291e-10       1.948256110142e-12      -9.942471744254e-12       0.000000000000e+00       1.049879473017e-13       5.546829541539e-15       1.252054993622e-15 
  460       2.698617259117e-10       1.924347593913e-12      -9.982492869073e-12       0.000000000000e+00       1.041966482370e-13       5.418178403957e-15       1.236494570433e-15 
  461       2.713118871882e-10       1.900391078625e-12      -1.001776122435e-11       0.000000000000e+00       1.034126832022e-13       5.292295128655e-15       1.220764449589e-15 
  462       2.727682131412e-10       1.876399359815e-12      -1.004828601689e-11       0.000000000000e+00       1.026359895630e-13       5.169081296642e-15       1.204887138365e-15 
  463       2.742298294913e-10       1.852385434070e-12      -1.007407742900e-11       0.000000000000e+00       1.018665013053e-13       5.048436175992e-15       1.188885543870e-15 
  464       2.756958465128e-10       1.828362500054e-12      -1.009514662515e-11       0.000000000000e+00       1.011041490120e-13       4.930256708123e-15       1.172782975202e-15 
  465       2.771653589505e-10       1.804343959527e-12      -1.011150575875e-11       0.000000000000e+00       1.003488598390e-13       4.814437494079e-15       1.156603145609e-15 
  466       2.786374459362e-10       1.780343418362e-12      -1.012316797887e-11       0.000000000000e+00       9.960055749212e-14       4.700870780811e-15       1.140370174646e-15 
  467       2.801111709048e-10       1.756374687568e-12      -1.013014743697e-11       0.000000000000e+00       9.885916220354e-14       4.589446447456e-15       1.124108590332e-15 
  468       2.815855815108e-10       1.732451784309e-12      -1.013245929364e-11       0.000000000000e+00       9.812459070816e-14       4.480051991620e-15       1.107843331313e-15 
  469       2.830597095450e-10       1.708588932924e-12      -1.013011972534e-11       0.000000000000e+00       9.739675622026e-14       4.372572515659e-15       1.091599749017e-15 
  470       2.845325708504e-10       1.684800565947e-12      -1.012314593110e-11       0.000000000000e+00       9.667556840997e-14       4.266890712956e-15       1.075403609815e-15 
  471       2.860031652390e-10       1.661101325130e-12      -1.011155613930e-11       0.000000000000e+00       9.596093337982e-14       4.162886854206e-15       1.059281097175e-15 
  472       2.874704764081e-10       1.637506062458e-12      -1.009536961437e-11       0.000000000000e+00       9.525275364122e-14       4.060438773696e-15       1.043258813828e-15 
  473       2.889334718569e-10       1.614029841174e-12      -1.007460666352e-11       0.000000000000e+00       9.455092809099e-14       3.959421855583e-15       1.027363783918e-15 
  474       2.903911028023e-10       1.590687936794e-12      -1.004928864350e-11       0.000000000000e+00       9.385535198791e-14       3.859709020178e-15       1.011623455169e-15 
  475       2.918423788198e-10       1.567495152096e-12      -1.001944104234e-11       0.000000000000e+00       9.316593004674e-14       3.761202495152e-15       9.960599874077e-16 
  476       2.932865944472e-10       1.544463736908e-12      -9.985102814742e-12       0.000000000000e+00       9.248261620924e-14       3.663930227242e-15       9.806729213884e-16 
  477       2.947231093529e-10       1.521605406647e-12      -9.946317345746e-12       0.000000000000e+00       9.180537504444e-14       3.567952394987e-15       9.654559836608e-16 
  478       2.961512741957e-10       1.498932023249e-12      -9.903129409866e-12       0.000000000000e+00       9.113416872468e-14       3.473329893768e-15       9.504027513629e-16 
  479       2.975704305807e-10       1.476455595828e-12      -9.855585179463e-12       0.000000000000e+00       9.046895700913e-14       3.380124338960e-15       9.355066513458e-16 
  480       2.989799110156e-10       1.454188281329e-12      -9.803732233108e-12       0.000000000000e+00       8.980969722719e-14       3.288398069084e-15       9.207609593009e-16 
  481       3.003790388663e-10       1.432142385188e-12      -9.747619563949e-12       0.000000000000e+00       8.915634426206e-14       3.198214148953e-15       9.061587988852e-16 
  482       3.017671283136e-10       1.410330361983e-12      -9.687297588074e-12       0.000000000000e+00       8.850885053415e-14       3.109636372827e-15       8.916931408479e-16 
  483       3.031434843087e-10       1.388764816095e-12      -9.622818152874e-12       0.000000000000e+00       8.786716598462e-14       3.022729267560e-15       8.773568021562e-16 
  484       3.045074025297e-10       1.367458502361e-12      -9.554234545415e-12       0.000000000000e+00       8.723123805880e-14       2.937558095752e-15       8.631424451216e-16 
  485       3.058581693374e-10       1.346424326729e-12      -9.481601500794e-12       0.000000000000e+00       8.660101168972e-14       2.854188858897e-15       8.490425765260e-16 
  486       3.071950617313e-10       1.325675346920e-12      -9.404975210510e-12       0.000000000000e+00       8.597642928157e-14       2.772688300537e-15       8.350495467478e-16 
  487       3.085173473063e-10       1.305224773075e-12      -9.324413330827e-12       0.000000000000e+00       8.535743069318e-14       2.693123909409e-15       8.211555488878e-16 
  488       3.098242842076e-10       1.285085968420e-12      -9.239974991141e-12       0.000000000000e+00       8.474395322150e-14       2.615563922596e-15       8.073526178958e-16 
  489       3.111151210881e-10       1.265272449914e-12      -9.151720802339e-12       0.000000000000e+00       8.413593158509e-14       2.540077328680e-15       7.936326296963e-16 
  490       3.123890970635e-10       1.245797888912e-12      -9.059712865172e-12       0.000000000000e+00       8.353329790758e-14       2.466733870889e-15       7.799873003145e-16 
  491       3.136454416686e-10       1.226676111817e-12      -8.964014778613e-12       0.000000000000e+00       8.293598170119e-14       2.395604050245e-15       7.664081850030e-16 
  492       3.148833748138e-10       1.207921100735e-12      -8.864691648228e-12       0.000000000000e+00       8.234390985015e-14       2.326759128723e-15       7.528866773674e-16 
  493       3.161021067406e-10       1.189546994134e-12      -8.761810094534e-12       0.000000000000e+00       8.175700659423e-14       2.260271132393e-15       7.394140084927e-16 
  494       3.173008379779e-10       1.171568087501e-12      -8.655438261372e-12       0.000000000000e+00       8.117519351223e-14       2.196212854573e-15       7.259812460689e-16 
  495       3.184787592982e-10       1.153998833993e-12      -8.545645824264e-12       0.000000000000e+00       8.059838950540e-14       2.134657858981e-15       7.125792935180e-16 
  496       3.196351264691e-10       1.136852875427e-12      -8.432503905415e-12       0.000000000000e+00       8.002652088971e-14       2.075658057399e-15       6.992002317947e-16 
  497       3.207694870094e-10       1.120140102650e-12      -8.316084798948e-12       0.000000000000e+00       7.945955203161e-14       2.019175712983e-15       6.858413898506e-16 
  498       3.218814599968e-10       1.103869510246e-12      -8.196462254095e-12       0.000000000000e+00       7.889745557816e-14       1.965149448981e-15       6.725013918249e-16 
  499       3.229706618659e-10       1.088050158599e-12      -8.073711576130e-12       0.000000000000e+00       7.834020241799e-14       1.913516486155e-15       6.591788249444e-16 
  500       3.240367064008e-10       1.072691174072e-12      -7.947909634694e-12       0.000000000000e+00       7.778776166969e-14       1.864212635007e-15       6.458722393025e-16 
  501       3.250792047278e-10       1.057801749194e-12      -7.819134872112e-12       0.000000000000e+00       7.724010067022e-14       1.817172288013e-15       6.325801476397e-16 
  502       3.260977653072e-10       1.043391142844e-12      -7.687467311712e-12       0.000000000000e+00       7.669718496329e-14       1.772328411862e-15       6.193010251229e-16 
  503       3.270919939267e-10       1.029468680433e-12      -7.552988566144e-12       0.000000000000e+00       7.615897828781e-14       1.729612539685e-15       6.060333091249e-16 
  504       3.280614936932e-10       1.016043754088e-12      -7.415781845702e-12       0.000000000000e+00       7.562544256623e-14       1.688954763290e-15       5.927753990048e-16 
  505       3.290058650254e-10       1.003125822839e-12      -7.275931966642e-12       0.000000000000e+00       7.509653789297e-14       1.650283725397e-15       5.795256558872e-16 
  506       3.299247056465e-10       9.907244128003e-13      -7.133525359501e-12       0.000000000000e+00       7.457222252284e-14       1.613526611868e-15       5.662824024419e-16 
  507       3.308176105765e-10       9.788491173551e-13      -6.988650077419e-12       0.000000000000e+00       7.405245285941e-14       1.578609143947e-15       5.530439226639e-16 
  508       3.316841721247e-10       9.675095973395e-13      -6.841395804453e-12       0.000000000000e+00       7.353718344343e-14       1.545455570489e-15       5.398084616530e-16 
  509       3.325239798823e-10       9.567155812267e-13      -6.691853863904e-12       0.000000000000e+00       7.302636694121e-14       1.513988660193e-15       5.265742253934e-16 
  510       3.333366207147e-10       9.464768653111e-13      -6.540117226629e-12       0.000000000000e+00       7.251995413307e-14       1.484129693841e-15       5.133393805334e-16 
  511       3.341216787540e-10       9.368033138917e-13      -6.386280519367e-12       0.000000000000e+00       7.201789390167e-14       1.455798456525e-15       5.001020541656e-16 
  512       3.348787353916e-10       9.277048594566e-13      -6.230440033055e-12       0.000000000000e+00       7.152013322048e-14       1.428913229886e-15       4.868603336058e-16 
  513       3.356073692708e-10       9.191915028667e-13      -6.072693731146e-12       0.000000000000e+00       7.102661714213e-14       1.403390784346e-15       4.736122661735e-16 
  514       3.363071562787e-10       9.112733135401e-13      -5.913141257932e-12       0.000000000000e+00       7.053728878684e-14       1.379146371341e-15       4.603558589711e-16 
  515       3.369776695394e-10       9.039604296353e-13      -5.751883946864e-12       0.000000000000e+00       7.005208933082e-14       1.356093715556e-15       4.470890786638e-16 
  516       3.376184794061e-10       8.972630582361e-13      -5.589024828866e-12       0.000000000000e+00       6.957095799465e-14       1.334145007158e-15       4.338098512594e-16 
  517       3.382291534536e-10       8.911914755351e-13      -5.424668640661e-12       0.000000000000e+00       6.909383203172e-14       1.313210894029e-15       4.205160618879e-16 
  518       3.388093196390e-10       8.857549383304e-13      -5.258918212385e-12       0.000000000000e+00       6.862065449948e-14       1.293216673313e-15       4.072068320408e-16 
  519       3.393588577508e-10       8.809583845220e-13      -5.091863501973e-12       0.000000000000e+00       6.815139783697e-14       1.274151381949e-15       3.938863911883e-16 
  520       3.398777133231e-10       8.768056402894e-13      -4.923592269136e-12       0.000000000000e+00       6.768604092679e-14       1.256020069859e-15       3.805603134881e-16 
  521       3.403658349747e-10       8.733005000943e-13      -4.754193674888e-12       0.000000000000e+00       6.722456136398e-14       1.238827724837e-15       3.672342505120e-16 
  522       3.408231744292e-10       8.704467263790e-13      -4.583758288249e-12       0.000000000000e+00       6.676693544791e-14       1.222579272007e-15       3.539139315960e-16 
  523       3.412496865362e-10       8.682480492640e-13      -4.412378092948e-12       0.000000000000e+00       6.631313817415e-14       1.207279573292e-15       3.406051641895e-16 
  524       3.416453292918e-10       8.667081662462e-13      -4.240146494127e-12       0.000000000000e+00       6.586314322634e-14       1.192933426876e-15       3.273138342061e-16 
  525       3.420100638592e-10       8.658307418969e-13      -4.067158325043e-12       0.000000000000e+00       6.541692296807e-14       1.179545566668e-15       3.140459063728e-16 
  526       3.423438545894e-10       8.656194075600e-13      -3.893509853775e-12       0.000000000000e+00       6.497444843478e-14       1.167120661769e-15       3.008074245806e-16 
  527       3.426466690420e-10       8.660777610499e-13      -3.719298789921e-12       0.000000000000e+00       6.453568932559e-14       1.155663315936e-15       2.876045122336e-16 
  528       3.429184780058e-10       8.672093663494e-13      -3.544624291308e-12       0.000000000000e+00       6.410061399519e-14       1.145178067042e-15       2.744433725999e-16 
  529       3.431592555193e-10       8.690177533081e-13      -3.369586970692e-12       0.000000000000e+00       6.366918944576e-14       1.135669386547e-15       2.613302891605e-16 
  530       3.433689788916e-10       8.715064173401e-13      -3.194288902460e-12       0.000000000000e+00       6.324138131877e-14       1.127141678959e-15       2.482716259600e-16 
  531       3.435476287231e-10       8.746788191222e-13      -3.018833629339e-12       0.000000000000e+00       6.281715388692e-14       1.119599281296e-15       2.352738279563e-16 
  532       3.436951889259e-10       8.785383842920e-13      -2.843326169092e-12       0.000000000000e+00       6.239647004597e-14       1.113046462558e-15       2.223434213703e-16 
  533       3.438116467450e-10       8.830885031457e-13      -2.667873021226e-12       0.000000000000e+00       6.197929130663e-14       1.107487423183e-15       2.094870140361e-16 
  534       3.438969927781e-10       8.883325303365e-13      -2.492582173696e-12       0.000000000000e+00       6.156557778647e-14       1.102926294516e-15       1.967112957509e-16 
  535       3.439512209973e-10       8.942737845723e-13      -2.317563109603e-12       0.000000000000e+00       6.115528820175e-14       1.099367138273e-15       1.840230386245e-16 
  536       3.439743287690e-10       9.009155483138e-13      -2.142926813906e-12       0.000000000000e+00       6.074837985928e-14       1.096813946005e-15       1.714290974299e-16 
  537       3.439663168750e-10       9.082610674729e-13      -1.968785780116e-12       0.000000000000e+00       6.034480864837e-14       1.095270638563e-15       1.589364099528e-16 
  538       3.439271895328e-10       9.163135511101e-13      -1.795254017006e-12       0.000000000000e+00       5.994452903264e-14       1.094741065560e-15       1.465519973415e-16 
  539       3.438569544168e-10       9.250761711332e-13      -1.622447055312e-12       0.000000000000e+00       5.954749404192e-14       1.095229004840e-15       1.342829644570e-16 
  540       3.437556226784e-10       9.345520619948e-13      -1.450481954436e-12       0.000000000000e+00       5.915365526412e-14       1.096738161937e-15       1.221365002230e-16 
  541       3.436232479921e-10       9.447433568720e-13      -1.279470454787e-12       0.000000000000e+00       5.876296879976e-14       1.099269758309e-15       1.101183129523e-16 
  542       3.434600448041e-10       9.556482683117e-13      -1.109498218672e-12       0.000000000000e+00       5.837541331817e-14       1.102815225769e-15       9.822788934272e-17 
  543       3.432662733062e-10       9.672639284398e-13      -9.406450440775e-13       0.000000000000e+00       5.799097247109e-14       1.107363314431e-15       8.646310860847e-17 
  544       3.430422007348e-10       9.795873446798e-13      -7.729916723935e-13       0.000000000000e+00       5.760962896831e-14       1.112902484640e-15       7.482179567322e-17 
  545       3.427881014077e-10       9.926153990562e-13      -6.066197923093e-13       0.000000000000e+00       5.723136457195e-14       1.119420905453e-15       6.330172087966e-17 
  546       3.425042567610e-10       1.006344847498e-12      -4.416120437130e-13       0.000000000000e+00       5.685616009080e-14       1.126906453113e-15       5.190059969891e-17 
  547       3.421909553853e-10       1.020772319143e-12      -2.780520215900e-13       0.000000000000e+00       5.648399537463e-14       1.135346709532e-15       4.061609243996e-17 
  548       3.418484930628e-10       1.035894315642e-12      -1.160242799204e-13       0.000000000000e+00       5.611484930850e-14       1.144728960765e-15       2.944580395915e-17 
  549       3.414771728034e-10       1.051707210460e-12       4.438566442172e-14       0.000000000000e+00       5.574869980709e-14       1.155040195487e-15       1.838728336954e-17 
  550       3.410773048820e-10       1.068207248182e-12       2.030913277710e-13       0.000000000000e+00       5.538552380900e-14       1.166267103472e-15       7.438023750426e-18 
  551       3.406492068747e-10       1.085390543819e-12       3.600052557721e-13       0.000000000000e+00       5.502529727107e-14       1.178396074073e-15      -3.404538143263e-18 
  552       3.401932036955e-10       1.103253082106e-12       5.150390194813e-13       0.000000000000e+00       5.466799516271e-14       1.191413194695e-15      -1.414302217150e-17 
  553       3.397096276330e-10       1.121790716810e-12       6.681032114687e-13       0.000000000000e+00       5.431359146019e-14       1.205304249277e-15      -2.478010509975e-17 
  554       3.391988183871e-10       1.140999170033e-12       8.191074419196e-13       0.000000000000e+00       5.396205914096e-14       1.220054716766e-15      -3.531852088946e-17 
  555       3.386611231056e-10       1.160874031514e-12       9.679603347365e-13       0.000000000000e+00       5.361337017800e-14       1.235649769596e-15      -4.576106098870e-17 
  556       3.380968964209e-10       1.181410757936e-12       1.114569523641e-12       0.000000000000e+00       5.326749553409e-14       1.252074272168e-15      -5.611057462265e-17 
  557       3.375065004863e-10       1.202604672227e-12       1.258841648274e-12       0.000000000000e+00       5.292440515615e-14       1.269312779325e-15      -6.636996908422e-17 
  558       3.368903050133e-10       1.224450962862e-12       1.400682350301e-12       0.000000000000e+00       5.258406796955e-14       1.287349534829e-15      -7.654221002454e-17 
  559       3.362486873077e-10       1.246944683174e-12       1.539996269510e-12       0.000000000000e+00       5.224645187242e-14       1.306168469840e-15      -8.663032174357e-17 
  560       3.355820323064e-10       1.270080750649e-12       1.676687039916e-12       0.000000000000e+00       5.191152372998e-14       1.325753201396e-15      -9.663738748063e-17 
  561       3.348907326140e-10       1.293853946235e-12       1.810657285860e-12       0.000000000000e+00       5.157924936885e-14       1.346087030887e-15      -1.065665497050e-16 
  562       3.341751885398e-10       1.318258913644e-12       1.941808618113e-12       0.000000000000e+00       5.124959357136e-14       1.367152942532e-15      -1.164210104064e-16 
  563       3.334358081338e-10       1.343290158657e-12       2.070041629979e-12       0.000000000000e+00       5.092252006984e-14       1.388933601861e-15      -1.262040313856e-16 
  564       3.326730072239e-10       1.368942048425e-12       2.195255893392e-12       0.000000000000e+00       5.059799154101e-14       1.411411354190e-15      -1.359189345449e-16 
  565       3.318872170401e-10       1.395208264974e-12       2.317358764479e-12       0.000000000000e+00       5.027597416417e-14       1.434567137163e-15      -1.455683764592e-16 
  566       3.310789072295e-10       1.422080151633e-12       2.436292057498e-12       0.000000000000e+00       4.995645143666e-14       1.458377190679e-15      -1.551521509552e-16 
  567       3.302485635067e-10       1.449548322618e-12       2.552006050633e-12       0.000000000000e+00       4.963941070326e-14       1.482816259170e-15      -1.646693304743e-16 
  568       3.293966801592e-10       1.477603204070e-12       2.664450738153e-12       0.000000000000e+00       4.932483862049e-14       1.507858667937e-15      -1.741189866867e-16 
  569       3.285237600871e-10       1.506235033166e-12       2.773575829814e-12       0.000000000000e+00       4.901272115261e-14       1.533478321222e-15      -1.835001905089e-16 
  570       3.276303148420e-10       1.535433857207e-12       2.879330750270e-12       0.000000000000e+00       4.870304356771e-14       1.559648700277e-15      -1.928120121227e-16 
  571       3.267168646672e-10       1.565189532723e-12       2.981664638478e-12       0.000000000000e+00       4.839579043368e-14       1.586342861434e-15      -2.020535209929e-16 
  572       3.257839385367e-10       1.595491724570e-12       3.080526347109e-12       0.000000000000e+00       4.809094561426e-14       1.613533434178e-15      -2.112237858860e-16 
  573       3.248320741950e-10       1.626329905031e-12       3.175864441951e-12       0.000000000000e+00       4.778849226507e-14       1.641192619212e-15      -2.203218748878e-16 
  574       3.238618181963e-10       1.657693352912e-12       3.267627201320e-12       0.000000000000e+00       4.748841282964e-14       1.669292186532e-15      -2.293468554224e-16 
  575       3.228737259442e-10       1.689571152641e-12       3.355762615466e-12       0.000000000000e+00       4.719068903543e-14       1.697803473494e-15      -2.382977942697e-16 
  576       3.218683617312e-10       1.721952193371e-12       3.440218385980e-12       0.000000000000e+00       4.689530188987e-14       1.726697382885e-15      -2.471737575841e-16 
  577       3.208462987781e-10       1.754825168074e-12       3.520941925204e-12       0.000000000000e+00       4.660223167636e-14       1.755944380997e-15      -2.559738109128e-16 
  578       3.198081192733e-10       1.788178572641e-12       3.597880355634e-12       0.000000000000e+00       4.631145795033e-14       1.785514495689e-15      -2.646970192134e-16 
  579       3.187544144129e-10       1.822000704984e-12       3.670980509333e-12       0.000000000000e+00       4.602295953527e-14       1.815377314464e-15      -2.733424468731e-16 
  580       3.176857844396e-10       1.856279664133e-12       3.740188927332e-12       0.000000000000e+00       4.573671451872e-14       1.845501982538e-15      -2.819091577259e-16 
  581       3.166028386823e-10       1.891003349332e-12       3.805451859044e-12       0.000000000000e+00       4.545270024834e-14       1.875857200907e-15      -2.903962150717e-16 
  582       3.155061955958e-10       1.926159459142e-12       3.866715261668e-12       0.000000000000e+00       4.517089332791e-14       1.906411224422e-15      -2.988026816940e-16 
  583       3.143964828004e-10       1.961735490540e-12       3.923924799595e-12       0.000000000000e+00       4.489126961337e-14       1.937131859853e-15      -3.071276198785e-16 
  584       3.132743371207e-10       1.997718738014e-12       3.977025843820e-12       0.000000000000e+00       4.461380420887e-14       1.967986463967e-15      -3.153700914308e-16 
  585       3.121404046260e-10       2.034096292666e-12       4.025963471346e-12       0.000000000000e+00       4.433847146273e-14       1.998941941590e-15      -3.235291576953e-16 
  586       3.109953406692e-10       2.070855041308e-12       4.070682464591e-12       0.000000000000e+00       4.406524496356e-14       2.029964743683e-15      -3.316038795730e-16 
  587       3.098398099264e-10       2.107981665562e-12       4.111127310800e-12       0.000000000000e+00       4.379409753620e-14       2.061020865410e-15      -3.395933175398e-16 
  588       3.086744864365e-10       2.145462640961e-12       4.147242201445e-12       0.000000000000e+00       4.352500123783e-14       2.092075844208e-15      -3.474965316647e-16 
  589       3.075000536406e-10       2.183284236043e-12       4.178971031641e-12       0.000000000000e+00       4.325792735391e-14       2.123094757858e-15      -3.553125816284e-16 
  590       3.063171789276e-10       2.221432624454e-12       4.206266057915e-12       0.000000000000e+00       4.299284987685e-14       2.154050297191e-15      -3.630406566799e-16 
  591       3.051264364996e-10       2.259894226101e-12       4.229114107522e-12       0.000000000000e+00       4.272975604400e-14       2.184947207042e-15      -3.706804689959e-16 
  592       3.039283826803e-10       2.298655372638e-12       4.247511014996e-12       0.000000000000e+00       4.246863605195e-14       2.215798444865e-15      -3.782318700687e-16 
  593       3.027235812671e-10       2.337702194371e-12       4.261453024720e-12       0.000000000000e+00       4.220947959473e-14       2.246617161549e-15      -3.856947217088e-16 
  594       3.015126035620e-10       2.377020619393e-12       4.270936793316e-12       0.000000000000e+00       4.195227586102e-14       2.277416702263e-15      -3.930688961079e-16 
  595       3.002960284024e-10       2.416596372727e-12       4.275959392028e-12       0.000000000000e+00       4.169701353141e-14       2.308210607311e-15      -4.003542759019e-16 
  596       2.990744421916e-10       2.456414975457e-12       4.276518309113e-12       0.000000000000e+00       4.144368077562e-14       2.339012612977e-15      -4.075507542338e-16 
  597       2.978484389294e-10       2.496461743871e-12       4.272611452227e-12       0.000000000000e+00       4.119226524971e-14       2.369836652376e-15      -4.146582348167e-16 
  598       2.966186202432e-10       2.536721788598e-12       4.264237150812e-12       0.000000000000e+00       4.094275409331e-14       2.400696856301e-15      -4.216766319965e-16 
  599       2.953855954187e-10       2.577180013744e-12       4.251394158481e-12       0.000000000000e+00       4.069513392687e-14       2.431607554075e-15      -4.286058708154e-16 
  600       2.941499814303e-10       2.617821116030e-12       4.234081655409e-12       0.000000000000e+00       4.044939084886e-14       2.462583274396e-15      -4.354458870742e-16 
  601       2.929124029719e-10       2.658629583931e-12       4.212299250720e-12       0.000000000000e+00       4.020551043300e-14       2.493638746190e-15      -4.421966273959e-16 
  602       2.916734924878e-10       2.699589696814e-12       4.186046984869e-12       0.000000000000e+00       3.996347772550e-14       2.524788899458e-15      -4.488580492880e-16 
  603       2.904338902033e-10       2.740685524075e-12       4.155325332037e-12       0.000000000000e+00       3.972327724228e-14       2.556048866126e-15      -4.554301212060e-16 
  604       2.891942441556e-10       2.781900924275e-12       4.120135202512e-12       0.000000000000e+00       3.948489296619e-14       2.587433980891e-15      -4.619128226160e-16 
  605       2.879552102240e-10       2.823219544283e-12       4.080477945078e-12       0.000000000000e+00       3.924830834426e-14       2.618959782075e-15      -4.683061440578e-16 
  606       2.867174521614e-10       2.864624818408e-12       4.036355349404e-12       0.000000000000e+00       3.901350628488e-14       2.650642012469e-15      -4.746100872079e-16 
  607       2.854816416242e-10       2.906099967540e-12       3.987769648429e-12       0.000000000000e+00       3.878046915507e-14       2.682496620186e-15      -4.808246649423e-16 
  608       2.842484582036e-10       2.947627998288e-12       3.934723520750e-12       0.000000000000e+00       3.854917877770e-14       2.714539759508e-15      -4.869499013995e-16 
  609       2.830185894563e-10       2.989191702115e-12       3.877220093009e-12       0.000000000000e+00       3.831961642871e-14       2.746787791735e-15      -4.929858320435e-16 
  610       2.817927309347e-10       3.030773654479e-12       3.815262942282e-12       0.000000000000e+00       3.809176283432e-14       2.779257286035e-15      -4.989325037269e-16 
  611       2.805715862183e-10       3.072356213970e-12       3.748856098463e-12       0.000000000000e+00       3.786559816827e-14       2.811965020292e-15      -5.047899747534e-16 
  612       2.793558669439e-10       3.113921521446e-12       3.678004046653e-12       0.000000000000e+00       3.764110204908e-14       2.844927981955e-15      -5.105583149414e-16 
  613       2.781462928365e-10       3.155451499174e-12       3.602711729548e-12       0.000000000000e+00       3.741825353721e-14       2.878163368889e-15      -5.162376056861e-16 
  614       2.769435917401e-10       3.196927849963e-12       3.522984549824e-12       0.000000000000e+00       3.719703113234e-14       2.911688590220e-15      -5.218279400234e-16 
  615       2.757484996483e-10       3.238332056307e-12       3.438828372526e-12       0.000000000000e+00       3.697741277058e-14       2.945521267188e-15      -5.273294226922e-16 
  616       2.745617093820e-10       3.279646242613e-12       3.350255555611e-12       0.000000000000e+00       3.675937847797e-14       2.979671845102e-15      -5.327419776913e-16 
  617       2.733837152264e-10       3.320855786030e-12       3.257303193370e-12       0.000000000000e+00       3.654291840560e-14       3.014121235588e-15      -5.380647658232e-16 
  618       2.722149646799e-10       3.361946765668e-12       3.160015309222e-12       0.000000000000e+00       3.632802497906e-14       3.048842647211e-15      -5.432967534986e-16 
  619       2.710559094892e-10       3.402905104508e-12       3.058436870891e-12       0.000000000000e+00       3.611469025743e-14       3.083808925022e-15      -5.484369039976e-16 
  620       2.699070056639e-10       3.443716568808e-12       2.952613794702e-12       0.000000000000e+00       3.590290593137e-14       3.118992549070e-15      -5.534841774717e-16 
  621       2.687687134907e-10       3.484366767517e-12       2.842592949867e-12       0.000000000000e+00       3.569266332113e-14       3.154365632922e-15      -5.584375309465e-16 
  622       2.676414975482e-10       3.524841151686e-12       2.728422162781e-12       0.000000000000e+00       3.548395337468e-14       3.189899922179e-15      -5.632959183231e-16 
  623       2.665258267214e-10       3.565125013874e-12       2.610150221304e-12       0.000000000000e+00       3.527676666572e-14       3.225566792990e-15      -5.680582903810e-16 
  624       2.654221742158e-10       3.605203487563e-12       2.487826879062e-12       0.000000000000e+00       3.507109339179e-14       3.261337250569e-15      -5.727235947800e-16 
  625       2.643310175725e-10       3.645061546563e-12       2.361502859728e-12       0.000000000000e+00       3.486692337229e-14       3.297181927712e-15      -5.772907760621e-16 
  626       2.632528386823e-10       3.684684004429e-12       2.231229861319e-12       0.000000000000e+00       3.466424604659e-14       3.333071083311e-15      -5.817587756542e-16 
  627       2.621881238003e-10       3.724055513866e-12       2.097060560483e-12       0.000000000000e+00       3.446305047207e-14       3.368974600873e-15      -5.861265318697e-16 
  628       2.611373635604e-10       3.763160566142e-12       1.959048616791e-12       0.000000000000e+00       3.426332532218e-14       3.404861987035e-15      -5.903929799113e-16 
  629       2.601010529900e-10       3.801983490495e-12       1.817248677027e-12       0.000000000000e+00       3.406505888453e-14       3.440702370078e-15      -5.945570518726e-16 
  630       2.590796915240e-10       3.840508453550e-12       1.671716379477e-12       0.000000000000e+00       3.386823905894e-14       3.476464498445e-15      -5.986176767405e-16 
  631       2.580737830199e-10       3.878719458720e-12       1.522508358222e-12       0.000000000000e+00       3.367285335550e-14       3.512116739260e-15      -6.025737803975e-16 
  632       2.570838357721e-10       3.916600345626e-12       1.369682247428e-12       0.000000000000e+00       3.347888889263e-14       3.547627076836e-15      -6.064242856237e-16 
  633       2.561103625261e-10       3.954134789499e-12       1.213296685636e-12       0.000000000000e+00       3.328633239519e-14       3.582963111202e-15      -6.101681120989e-16 
  634       2.551538804935e-10       3.991306300595e-12       1.053411320051e-12       0.000000000000e+00       3.309517019247e-14       3.618092056608e-15      -6.138041764051e-16 
  635       2.542149113660e-10       4.028098223605e-12       8.900868108336e-13       0.000000000000e+00       3.290538821633e-14       3.652980740051e-15      -6.173313920284e-16 
  636       2.532939813304e-10       4.064493737064e-12       7.233848353927e-13       0.000000000000e+00       3.271697199922e-14       3.687595599784e-15      -6.207486693611e-16 
  637       2.523916210828e-10       4.100475852763e-12       5.533680926726e-13       0.000000000000e+00       3.252990667226e-14       3.721902683834e-15      -6.240549157042e-16 
  638       2.515083658430e-10       4.136027415154e-12       3.801003074449e-13       0.000000000000e+00       3.234417696330e-14       3.755867648522e-15      -6.272490352692e-16 
  639       2.506447553695e-10       4.171131100770e-12       2.036462345993e-13       0.000000000000e+00       3.215976719499e-14       3.789455756973e-15      -6.303299291806e-16 
  640       2.498013339734e-10       4.205769417626e-12       2.407166343339e-14       0.000000000000e+00       3.197666128284e-14       3.822631877636e-15      -6.332964954779e-16 
  641       2.489786505333e-10       4.239924704634e-12      -1.585565780564e-13       0.000000000000e+00       3.179484273330e-14       3.855360482800e-15      -6.361476291177e-16 
  642       2.481772585098e-10       4.273579131013e-12      -3.441706188846e-13       0.000000000000e+00       3.161429464181e-14       3.887605647109e-15      -6.388822219760e-16 
  643       2.473976547074e-10       4.306716143002e-12      -5.327002274563e-13       0.000000000000e+00       3.143500170410e-14       3.919339557854e-15      -6.414995420784e-16 
  644       2.466400940083e-10       4.339324841205e-12      -7.240688346079e-13       0.000000000000e+00       3.125695630403e-14       3.950568260614e-15      -6.440003807228e-16 
  645       2.459047704684e-10       4.371395701292e-12      -9.181974119442e-13       0.000000000000e+00       3.108015255995e-14       3.981306494217e-15      -6.463859313607e-16 
  646       2.451918781861e-10       4.402919135511e-12      -1.115005772346e-12       0.000000000000e+00       3.090458432254e-14       4.011569232763e-15      -6.486574128351e-16 
  647       2.445016112993e-10       4.433885492516e-12      -1.314412565298e-12       0.000000000000e+00       3.073024517349e-14       4.041371686616e-15      -6.508160694921e-16 
  648       2.438341639817e-10       4.464285057195e-12      -1.516335272221e-12       0.000000000000e+00       3.055712842416e-14       4.070729303383e-15      -6.528631712934e-16 
  649       2.431897304402e-10       4.494108050502e-12      -1.720690201797e-12       0.000000000000e+00       3.038522711421e-14       4.099657768896e-15      -6.548000139282e-16 
  650       2.425685049109e-10       4.523344629288e-12      -1.927392485299e-12       0.000000000000e+00       3.021453401026e-14       4.128173008196e-15      -6.566279189253e-16 
  651       2.419706816565e-10       4.551984886126e-12      -2.136356071922e-12       0.000000000000e+00       3.004504160452e-14       4.156291186516e-15      -6.583482337651e-16 
  652       2.413964549628e-10       4.580018849145e-12      -2.347493724110e-12       0.000000000000e+00       2.987674211347e-14       4.184028710263e-15      -6.599623319918e-16 
  653       2.408460191355e-10       4.607436481858e-12      -2.560717012886e-12       0.000000000000e+00       2.970962747647e-14       4.211402228002e-15      -6.614716133253e-16 
  654       2.403195684967e-10       4.634227682992e-12      -2.775936313179e-12       0.000000000000e+00       2.954368935445e-14       4.238428631436e-15      -6.628775037733e-16 
  655       2.398172973821e-10       4.660382286318e-12      -2.993060799157e-12       0.000000000000e+00       2.937891912853e-14       4.265125056392e-15      -6.641814557437e-16 
  656       2.393394001373e-10       4.685890060479e-12      -3.211998439551e-12       0.000000000000e+00       2.921530789867e-14       4.291508883803e-15      -6.653849481561e-16 
  657       2.388860711151e-10       4.710740708822e-12      -3.432655992986e-12       0.000000000000e+00       2.905284648235e-14       4.317597740687e-15      -6.664894865543e-16 
  658       2.384575046716e-10       4.734923869228e-12      -3.654939003313e-12       0.000000000000e+00       2.889152541315e-14       4.343409501136e-15      -6.674966032183e-16 
  659       2.380538951635e-10       4.758429113938e-12      -3.878751794932e-12       0.000000000000e+00       2.873133493950e-14       4.368962287294e-15      -6.684078572760e-16 
  660       2.376754369446e-10       4.781245949387e-12      -4.103997468126e-12       0.000000000000e+00       2.857226502322e-14       4.394274470343e-15      -6.692248348159e-16 
  661       2.373223243625e-10       4.803363816032e-12      -4.330577894386e-12       0.000000000000e+00       2.841430533825e-14       4.419364671481e-15      -6.699491489987e-16 
  662       2.369947517556e-10       4.824772088181e-12      -4.558393711745e-12       0.000000000000e+00       2.825744526927e-14       4.444251762912e-15      -6.705824401695e-16 
  663       2.366929134497e-10       4.845460073824e-12      -4.787344320101e-12       0.000000000000e+00       2.810167391033e-14       4.468954868820e-15      -6.711263759700e-16 
  664       2.364170037546e-10       4.865417014461e-12      -5.017327876550e-12       0.000000000000e+00       2.794698006353e-14       4.493493366360e-15      -6.715826514501e-16 
  665       2.361672169612e-10       4.884632084935e-12      -5.248241290714e-12       0.000000000000e+00       2.779335223765e-14       4.517886886635e-15      -6.719529891807e-16 
  666       2.359437473380e-10       4.903094393257e-12      -5.479980220069e-12       0.000000000000e+00       2.764077864681e-14       4.542155315682e-15      -6.722391393652e-16 
  667       2.357467891280e-10       4.920792980440e-12      -5.712439065274e-12       0.000000000000e+00       2.748924720911e-14       4.566318795454e-15      -6.724428799517e-16 
  668       2.355765365451e-10       4.937716820327e-12      -5.945510965503e-12       0.000000000000e+00       2.733874554527e-14       4.590397724801e-15      -6.725660167452e-16 
  669       2.354331837716e-10       4.953854819420e-12      -6.179087793768e-12       0.000000000000e+00       2.718926097731e-14       4.614412760455e-15      -6.726103835195e-16 
  670       2.353169249541e-10       4.969195816710e-12      -6.413060152254e-12       0.000000000000e+00       2.704078052717e-14       4.638384818011e-15      -6.725778421296e-16 
  671       2.352279016743e-10       4.983730247194e-12      -6.647321784269e-12       0.000000000000e+00       2.689329247126e-14       4.662329220422e-15      -6.724701548314e-16 
  672       2.351660441136e-10       4.997455172427e-12      -6.881782924759e-12       0.000000000000e+00       2.674679104385e-14       4.686238001961e-15      -6.722885979717e-16 
  673       2.351312264310e-10       5.010369358922e-12      -7.116357230596e-12       0.000000000000e+00       2.660127183323e-14       4.710097221752e-15      -6.720343401278e-16 
  674       2.351233189603e-10       5.022471624631e-12      -7.350957386727e-12       0.000000000000e+00       2.645673023406e-14       4.733892780874e-15      -6.717085692168e-16 
  675       2.351421881928e-10       5.033760839219e-12      -7.585495102678e-12       0.000000000000e+00       2.631316144648e-14       4.757610421791e-15      -6.713124925740e-16 
  676       2.351876967597e-10       5.044235924337e-12      -7.819881109058e-12       0.000000000000e+00       2.617056047516e-14       4.781235727771e-15      -6.708473370308e-16 
  677       2.352597034155e-10       5.053895853890e-12      -8.054025154064e-12       0.000000000000e+00       2.602892212835e-14       4.804754122316e-15      -6.703143489927e-16 
  678       2.353580630204e-10       5.062739654316e-12      -8.287835999988e-12       0.000000000000e+00       2.588824101697e-14       4.828150868584e-15      -6.697147945176e-16 
  679       2.354826265230e-10       5.070766404855e-12      -8.521221419714e-12       0.000000000000e+00       2.574851155366e-14       4.851411068817e-15      -6.690499593938e-16 
  680       2.356332409434e-10       5.077975237820e-12      -8.754088193231e-12       0.000000000000e+00       2.560972795182e-14       4.874519663765e-15      -6.683211492178e-16 
  681       2.358097493556e-10       5.084365338872e-12      -8.986342104130e-12       0.000000000000e+00       2.547188422470e-14       4.897461432108e-15      -6.675296894727e-16 
  682       2.360119908705e-10       5.089935947293e-12      -9.217887936113e-12       0.000000000000e+00       2.533497418448e-14       4.920220989890e-15      -6.666769256058e-16 
  683       2.362398006189e-10       5.094686356256e-12      -9.448629469497e-12       0.000000000000e+00       2.519899144129e-14       4.942782789932e-15      -6.657642231074e-16 
  684       2.364930097337e-10       5.098615913097e-12      -9.678469477715e-12       0.000000000000e+00       2.506392940227e-14       4.965131121270e-15      -6.647929675882e-16 
  685       2.367714453331e-10       5.101724019593e-12      -9.907309723823e-12       0.000000000000e+00       2.492978127070e-14       4.987250108570e-15      -6.637645648574e-16 
  686       2.370749305033e-10       5.104010132226e-12      -1.013505095700e-11       0.000000000000e+00       2.479654004497e-14       5.009123711560e-15      -6.626804410012e-16 
  687       2.374032842812e-10       5.105473762465e-12      -1.036159290907e-11       0.000000000000e+00       2.466419851774e-14       5.030735724451e-15      -6.615420424606e-16 
  688       2.377563216373e-10       5.106114477030e-12      -1.058683429098e-11       0.000000000000e+00       2.453274927490e-14       5.052069775363e-15      -6.603508361093e-16 
  689       2.381338534583e-10       5.105931898169e-12      -1.081067278932e-11       0.000000000000e+00       2.440218469473e-14       5.073109325754e-15      -6.591083093320e-16 
  690       2.385356865301e-10       5.104925703929e-12      -1.103300506281e-11       0.000000000000e+00       2.427249694689e-14       5.093837669841e-15      -6.578159701024e-16 
  691       2.389616235204e-10       5.103095628430e-12      -1.125372673885e-11       0.000000000000e+00       2.414367799152e-14       5.114237934025e-15      -6.564753470612e-16 
  692       2.394114629613e-10       5.100441462136e-12      -1.147273240997e-11       0.000000000000e+00       2.401571957830e-14       5.134293076321e-15      -6.550879895942e-16 
  693       2.398849992328e-10       5.096963052128e-12      -1.168991563035e-11       0.000000000000e+00       2.388861324549e-14       5.153985885777e-15      -6.536554679104e-16 
  694       2.403820225445e-10       5.092660302374e-12      -1.190516891236e-11       0.000000000000e+00       2.376235031902e-14       5.173298981904e-15      -6.521793731199e-16 
  695       2.409023189194e-10       5.087533174009e-12      -1.211838372301e-11       0.000000000000e+00       2.363692191155e-14       5.192214814100e-15      -6.506613173122e-16 
  696       2.414456701761e-10       5.081581685597e-12      -1.232945048049e-11       0.000000000000e+00       2.351231892151e-14       5.210715661073e-15      -6.491029336341e-16 
  697       2.420118539116e-10       5.074805913412e-12      -1.253825855066e-11       0.000000000000e+00       2.338853203218e-14       5.228783630271e-15      -6.475058763678e-16 
  698       2.426006434843e-10       5.067205991705e-12      -1.274469624357e-11       0.000000000000e+00       2.326555171076e-14       5.246400657300e-15      -6.458718210089e-16 
  699       2.432118079966e-10       5.058782112982e-12      -1.294865080993e-11       0.000000000000e+00       2.314336820741e-14       5.263548505359e-15      -6.442024643445e-16 
  700       2.438451122778e-10       5.049534528270e-12      -1.315000843766e-11       0.000000000000e+00       2.302197155433e-14       5.280208764655e-15      -6.424995245314e-16 
  701       2.445002933731e-10       5.039464814304e-12      -1.334866350883e-11       0.000000000000e+00       2.290135276367e-14       5.296366440169e-15      -6.407642722227e-16 
  702       2.451769895097e-10       5.028579703449e-12      -1.354454658890e-11       0.000000000000e+00       2.278150745050e-14       5.312020797975e-15      -6.389961130884e-16 
  703       2.458748096190e-10       5.016887333982e-12      -1.373759701276e-11       0.000000000000e+00       2.266243228333e-14       5.327174743395e-15      -6.371939759646e-16 
  704       2.465933566737e-10       5.004395990975e-12      -1.392775367578e-11       0.000000000000e+00       2.254412379145e-14       5.341831253393e-15      -6.353567790985e-16 
  705       2.473322276647e-10       4.991114106880e-12      -1.411495503254e-11       0.000000000000e+00       2.242657836430e-14       5.355993376882e-15      -6.334834301118e-16 
  706       2.480910135784e-10       4.977050262107e-12      -1.429913909562e-11       0.000000000000e+00       2.230979225083e-14       5.369664235016e-15      -6.315728259645e-16 
  707       2.488692993734e-10       4.962213185607e-12      -1.448024343433e-11       0.000000000000e+00       2.219376155882e-14       5.382847021498e-15      -6.296238529188e-16 
  708       2.496666639578e-10       4.946611755453e-12      -1.465820517353e-11       0.000000000000e+00       2.207848225425e-14       5.395545002877e-15      -6.276353865025e-16 
  709       2.504826801661e-10       4.930254999423e-12      -1.483296099231e-11       0.000000000000e+00       2.196395016069e-14       5.407761518846e-15      -6.256062914728e-16 
  710       2.513169147364e-10       4.913152095579e-12      -1.500444712283e-11       0.000000000000e+00       2.185016095859e-14       5.419499982547e-15      -6.235354217804e-16 
  711       2.521689282873e-10       4.895312372848e-12      -1.517259934905e-11       0.000000000000e+00       2.173711018471e-14       5.430763880866e-15      -6.214216205324e-16 
  712       2.530382752949e-10       4.876745311606e-12      -1.533735300547e-11       0.000000000000e+00       2.162479323140e-14       5.441556774739e-15      -6.192637199568e-16 
  713       2.539245040703e-10       4.857460544261e-12      -1.549864297594e-11       0.000000000000e+00       2.151320534602e-14       5.451882299448e-15      -6.170605413658e-16 
  714       2.548271567359e-10       4.837467855826e-12      -1.565640369239e-11       0.000000000000e+00       2.140234163024e-14       5.461744164922e-15      -6.148108951194e-16 
  715       2.557457692030e-10       4.816777184511e-12      -1.581056913359e-11       0.000000000000e+00       2.129219703945e-14       5.471146156039e-15      -6.125135805896e-16 
  716       2.566798711488e-10       4.795398622297e-12      -1.596107282394e-11       0.000000000000e+00       2.118276638207e-14       5.480092132924e-15      -6.101673861234e-16 
  717       2.576289859933e-10       4.773342415520e-12      -1.610784783221e-11       0.000000000000e+00       2.107404431892e-14       5.488586031251e-15      -6.077710890073e-16 
  718       2.585926308762e-10       4.750618965453e-12      -1.625082677030e-11       0.000000000000e+00       2.096602536257e-14       5.496631862544e-15      -6.053234554302e-16 
  719       2.595703166344e-10       4.727238828886e-12      -1.638994179201e-11       0.000000000000e+00       2.085870387674e-14       5.504233714473e-15      -6.028232404478e-16 
  720       2.605615477787e-10       4.703212718710e-12      -1.652512459183e-11       0.000000000000e+00       2.075207407557e-14       5.511395751160e-15      -6.002691879459e-16 
  721       2.615658224707e-10       4.678551504493e-12      -1.665630640364e-11       0.000000000000e+00       2.064613002305e-14       5.518122213476e-15      -5.976600306042e-16 
  722       2.625826325005e-10       4.653266213068e-12      -1.678341799952e-11       0.000000000000e+00       2.054086563233e-14       5.524417419339e-15      -5.949944898600e-16 
  723       2.636114632630e-10       4.627368029110e-12      -1.690638968851e-11       0.000000000000e+00       2.043627466512e-14       5.530285764021e-15      -5.922712758719e-16 
  724       2.646517937354e-10       4.600868295719e-12      -1.702515131536e-11       0.000000000000e+00       2.033235073098e-14       5.535731720441e-15      -5.894890874837e-16 
  725       2.657030964540e-10       4.573778515002e-12      -1.713963225929e-11       0.000000000000e+00       2.022908728675e-14       5.540759839471e-15      -5.866466121877e-16 
  726       2.667648374915e-10       4.546110348651e-12      -1.724976143276e-11       0.000000000000e+00       2.012647763583e-14       5.545374750232e-15      -5.837425260888e-16 
  727       2.678364764340e-10       4.517875618530e-12      -1.735546728023e-11       0.000000000000e+00       2.002451492762e-14       5.549581160398e-15      -5.807754938679e-16 
  728       2.689174663577e-10       4.489086307252e-12      -1.745667777693e-11       0.000000000000e+00       1.992319215677e-14       5.553383856492e-15      -5.777441687459e-16 
  729       2.700072538064e-10       4.459754558761e-12      -1.755332042760e-11       0.000000000000e+00       1.982250216265e-14       5.556787704190e-15      -5.746471924470e-16 
  730       2.711052787682e-10       4.429892678916e-12      -1.764532226528e-11       0.000000000000e+00       1.972243762861e-14       5.559797648621e-15      -5.714831951630e-16 
  731       2.722109746529e-10       4.399513136069e-12      -1.773260985007e-11       0.000000000000e+00       1.962299108138e-14       5.562418714663e-15      -5.682507955165e-16 
  732       2.733237842371e-10       4.368628812974e-12      -1.781511998446e-11       0.000000000000e+00       1.952415577674e-14       5.564655575893e-15      -5.649489923616e-16 
  733       2.744432078956e-10       4.337253766834e-12      -1.789283209622e-11       0.000000000000e+00       1.942592837714e-14       5.566511251386e-15      -5.615783488238e-16 
  734       2.755687562854e-10       4.305402485548e-12      -1.796573649827e-11       0.000000000000e+00       1.932830632616e-14       5.567988383540e-15      -5.581398317801e-16 
  735       2.766999344456e-10       4.273089638394e-12      -1.803382373175e-11       0.000000000000e+00       1.923128696654e-14       5.569089667287e-15      -5.546344222101e-16 
  736       2.778362417776e-10       4.240330076669e-12      -1.809708456712e-11       0.000000000000e+00       1.913486753980e-14       5.569817850295e-15      -5.510631152476e-16 
  737       2.789771720258e-10       4.207138834321e-12      -1.815551000535e-11       0.000000000000e+00       1.903904518572e-14       5.570175733173e-15      -5.474269202316e-16 
  738       2.801222132584e-10       4.173531128593e-12      -1.820909127908e-11       0.000000000000e+00       1.894381694196e-14       5.570166169672e-15      -5.437268607579e-16 
  739       2.812708478476e-10       4.139522360655e-12      -1.825781985376e-11       0.000000000000e+00       1.884917974356e-14       5.569792066892e-15      -5.399639747304e-16 
  740       2.824225524508e-10       4.105128116248e-12      -1.830168742882e-11       0.000000000000e+00       1.875513042253e-14       5.569056385483e-15      -5.361393144124e-16 
  741       2.835767979906e-10       4.070364166315e-12      -1.834068593884e-11       0.000000000000e+00       1.866166570738e-14       5.567962139853e-15      -5.322539464776e-16 
  742       2.847330496360e-10       4.035246467643e-12      -1.837480755469e-11       0.000000000000e+00       1.856878222270e-14       5.566512398367e-15      -5.283089520623e-16 
  743       2.858907667827e-10       3.999791163498e-12      -1.840404468470e-11       0.000000000000e+00       1.847647648868e-14       5.564710283554e-15      -5.243054268159e-16 
  744       2.870494030335e-10       3.964014584265e-12      -1.842838997583e-11       0.000000000000e+00       1.838474492068e-14       5.562558972307e-15      -5.202444809524e-16 
  745       2.882084061794e-10       3.927933248084e-12      -1.844783631479e-11       0.000000000000e+00       1.829358382879e-14       5.560061696094e-15      -5.161272393022e-16 
  746       2.893672181801e-10       3.891563861487e-12      -1.846237682926e-11       0.000000000000e+00       1.820298941737e-14       5.557221741152e-15      -5.119548413630e-16 
  747       2.905252751443e-10       3.854923320040e-12      -1.847200488899e-11       0.000000000000e+00       1.811295778462e-14       5.554042448702e-15      -5.077284413512e-16 
  748       2.916820073106e-10       3.818028708973e-12      -1.847671410698e-11       0.000000000000e+00       1.802348492212e-14       5.550527215141e-15      -5.034492082534e-16 
  749       2.928368390282e-10       3.780897303824e-12      -1.847649834068e-11       0.000000000000e+00       1.793456671437e-14       5.546679492255e-15      -4.991183258774e-16 
  750       2.939891887372e-10       3.743546571076e-12      -1.847135169307e-11       0.000000000000e+00       1.784619893837e-14       5.542502787420e-15      -4.947369929042e-16 
  751       2.951384689494e-10       3.705994168791e-12      -1.846126851389e-11       0.000000000000e+00       1.775837726318e-14       5.538000663802e-15      -4.903064229385e-16 
  752       2.962840862290e-10       3.668257947249e-12      -1.844624340076e-11       0.000000000000e+00       1.767109724943e-14       5.533176740567e-15      -4.858278445607e-16 
  753       2.974254411731e-10       3.630355949590e-12      -1.842627120036e-11       0.000000000000e+00       1.758435434891e-14       5.528034693081e-15      -4.813025013779e-16 
  754       2.985619283923e-10       3.592306412444e-12      -1.840134700957e-11       0.000000000000e+00       1.749814390412e-14       5.522578253115e-15      -4.767316520754e-16 
  755       2.996929364914e-10       3.554127766576e-12      -1.837146617664e-11       0.000000000000e+00       1.741246114780e-14       5.516811209046e-15      -4.721165704678e-16 
  756       3.008178480501e-10       3.515838637517e-12      -1.833662430235e-11       0.000000000000e+00       1.732730120252e-14       5.510737406067e-15      -4.674585455508e-16 
  757       3.019360396032e-10       3.477457846208e-12      -1.829681724118e-11       0.000000000000e+00       1.724265908020e-14       5.504360746384e-15      -4.627588815519e-16 
  758       3.030468816219e-10       3.439004409632e-12      -1.825204110245e-11       0.000000000000e+00       1.715852968167e-14       5.497685189424e-15      -4.580188979823e-16 
  759       3.041497384937e-10       3.400497541456e-12      -1.820229225147e-11       0.000000000000e+00       1.707490779624e-14       5.490714752038e-15      -4.532399296880e-16 
  760       3.052439685036e-10       3.361956652665e-12      -1.814756731073e-11       0.000000000000e+00       1.699178810125e-14       5.483453508703e-15      -4.484233269012e-16 
  761       3.063289238144e-10       3.323401352203e-12      -1.808786316105e-11       0.000000000000e+00       1.690916516159e-14       5.475905591729e-15      -4.435704552915e-16 
  762       3.074039504474e-10       3.284851447607e-12      -1.802317694273e-11       0.000000000000e+00       1.682703342931e-14       5.468075191460e-15      -4.386826960174e-16 
  763       3.084683882628e-10       3.246326945649e-12      -1.795350605671e-11       0.000000000000e+00       1.674538724312e-14       5.459966556479e-15      -4.337614457775e-16 
  764       3.095216220621e-10       3.207847035143e-12      -1.787885608090e-11       0.000000000000e+00       1.666422150436e-14       5.451583488811e-15      -4.288081209467e-16 
  765       3.105632360018e-10       3.169427012789e-12      -1.779926468257e-11       0.000000000000e+00       1.658353371986e-14       5.442927818558e-15      -4.238241699668e-16 
  766       3.115928620893e-10       3.131081299894e-12      -1.771477816488e-11       0.000000000000e+00       1.650332199719e-14       5.434000900540e-15      -4.188110612939e-16 
  767       3.126101293205e-10       3.092824455309e-12      -1.762544359581e-11       0.000000000000e+00       1.642358437150e-14       5.424804116759e-15      -4.137702793875e-16 
  768       3.136146636700e-10       3.054671175856e-12      -1.753130881098e-11       0.000000000000e+00       1.634431880524e-14       5.415338876498e-15      -4.087033247628e-16 
  769       3.146060880831e-10       3.016636296757e-12      -1.743242241642e-11       0.000000000000e+00       1.626552318779e-14       5.405606616423e-15      -4.036117140425e-16 
  770       3.155840224662e-10       2.978734792066e-12      -1.732883379135e-11       0.000000000000e+00       1.618719533524e-14       5.395608800678e-15      -3.984969800091e-16 
  771       3.165480836785e-10       2.940981775091e-12      -1.722059309098e-11       0.000000000000e+00       1.610933299000e-14       5.385346920993e-15      -3.933606716573e-16 
  772       3.174978855226e-10       2.903392498829e-12      -1.710775124928e-11       0.000000000000e+00       1.603193382055e-14       5.374822496775e-15      -3.882043542460e-16 
  773       3.184330387362e-10       2.865982356391e-12      -1.699035998178e-11       0.000000000000e+00       1.595499542108e-14       5.364037075216e-15      -3.830296093505e-16 
  774       3.193531509826e-10       2.828766881432e-12      -1.686847178832e-11       0.000000000000e+00       1.587851531123e-14       5.352992231389e-15      -3.778380349145e-16 
  775       3.202578268422e-10       2.791761748580e-12      -1.674213995587e-11       0.000000000000e+00       1.580249093578e-14       5.341689568349e-15      -3.726312453027e-16 
  776       3.211466678035e-10       2.754982773864e-12      -1.661141856132e-11       0.000000000000e+00       1.572691966429e-14       5.330130717233e-15      -3.674108713526e-16 
  777       3.220192722541e-10       2.718445915142e-12      -1.647636247423e-11       0.000000000000e+00       1.565179879085e-14       5.318317337360e-15      -3.621785604268e-16 
  778       3.228752354723e-10       2.682167272529e-12      -1.633702735962e-11       0.000000000000e+00       1.557712553375e-14       5.306251116331e-15      -3.569359764653e-16 
  779       3.237141496174e-10       2.646163088831e-12      -1.619346968080e-11       0.000000000000e+00       1.550289703516e-14       5.293933770132e-15      -3.516848000374e-16 
  780       3.245356037216e-10       2.610449749965e-12      -1.604574670208e-11       0.000000000000e+00       1.542911036085e-14       5.281367043227e-15      -3.464267283941e-16 
  781       3.253391836806e-10       2.575043785396e-12      -1.589391649163e-11       0.000000000000e+00       1.535576249985e-14       5.268552708667e-15      -3.411634755203e-16 
  782       3.261244722449e-10       2.539961868559e-12      -1.573803792421e-11       0.000000000000e+00       1.528285036417e-14       5.255492568184e-15      -3.358967721867e-16 
  783       3.268910490112e-10       2.505220817292e-12      -1.557817068397e-11       0.000000000000e+00       1.521037078848e-14       5.242188452291e-15      -3.306283660025e-16 
  784       3.276384904128e-10       2.470837594263e-12      -1.541437526725e-11       0.000000000000e+00       1.513832052980e-14       5.228642220388e-15      -3.253600214669e-16 
  785       3.283663697114e-10       2.436829307399e-12      -1.524671298535e-11       0.000000000000e+00       1.506669626720e-14       5.214855760856e-15      -3.200935200218e-16 
  786       3.290742569879e-10       2.403213210314e-12      -1.507524596731e-11       0.000000000000e+00       1.499549460147e-14       5.200830991157e-15      -3.148306601037e-16 
  787       3.297617191336e-10       2.370006702738e-12      -1.490003716270e-11       0.000000000000e+00       1.492471205487e-14       5.186569857941e-15      -3.095732571962e-16 
  788       3.304283198412e-10       2.337227330946e-12      -1.472115034441e-11       0.000000000000e+00       1.485434507073e-14       5.172074337137e-15      -3.043231438818e-16 
  789       3.310736195961e-10       2.304892788186e-12      -1.453865011143e-11       0.000000000000e+00       1.478439001323e-14       5.157346434061e-15      -2.990821698941e-16 
  790       3.316971756673e-10       2.273020915109e-12      -1.435260189163e-11       0.000000000000e+00       1.471484316705e-14       5.142388183510e-15      -2.938522021703e-16 
  791       3.322985420987e-10       2.241629700195e-12      -1.416307194456e-11       0.000000000000e+00       1.464570073707e-14       5.127201649866e-15      -2.886351249033e-16 
  792       3.328772697002e-10       2.210737280185e-12      -1.397012736421e-11       0.000000000000e+00       1.457695884804e-14       5.111788927195e-15      -2.834328395934e-16 
  793       3.334329060386e-10       2.180361940507e-12      -1.377383608181e-11       0.000000000000e+00       1.450861354431e-14       5.096152139348e-15      -2.782472651012e-16 
  794       3.339649954290e-10       2.150522115705e-12      -1.357426686860e-11       0.000000000000e+00       1.444066078952e-14       5.080293440057e-15      -2.730803376993e-16 
  795       3.344730789258e-10       2.121236389870e-12      -1.337148933866e-11       0.000000000000e+00       1.437309646625e-14       5.064215013041e-15      -2.679340111244e-16 
  796       3.349566943137e-10       2.092523497065e-12      -1.316557395162e-11       0.000000000000e+00       1.430591637576e-14       5.047919072102e-15      -2.628102566301e-16 
  797       3.354153760989e-10       2.064402321756e-12      -1.295659201552e-11       0.000000000000e+00       1.423911623763e-14       5.031407861227e-15      -2.577110630382e-16 
  798       3.358487198245e-10       2.036889922318e-12      -1.274461693727e-11       0.000000000000e+00       1.417269220076e-14       5.014683871345e-15      -2.526380129659e-16 
  799       3.362565763229e-10       2.009995561052e-12      -1.252972799376e-11       0.000000000000e+00       1.410664238690e-14       4.997750494742e-15      -2.475910029026e-16 
  800       3.366388609977e-10       1.983726565855e-12      -1.231200663523e-11       0.000000000000e+00       1.404096537472e-14       4.980611382812e-15      -2.425694998324e-16 
  801       3.369954898246e-10       1.958090297306e-12      -1.209153524683e-11       0.000000000000e+00       1.397565969086e-14       4.963270230623e-15      -2.375729629119e-16 
  802       3.373263793543e-10       1.933094148726e-12      -1.186839715163e-11       0.000000000000e+00       1.391072380979e-14       4.945730777057e-15      -2.326008434422e-16 
  803       3.376314467163e-10       1.908745546229e-12      -1.164267661360e-11       0.000000000000e+00       1.384615615354e-14       4.927996804952e-15      -2.276525848422e-16 
  804       3.379106096215e-10       1.885051948787e-12      -1.141445884070e-11       0.000000000000e+00       1.378195509153e-14       4.910072141242e-15      -2.227276226199e-16 
  805       3.381637863660e-10       1.862020848278e-12      -1.118382998783e-11       0.000000000000e+00       1.371811894031e-14       4.891960657100e-15      -2.178253843457e-16 
  806       3.383908958339e-10       1.839659769548e-12      -1.095087715990e-11       0.000000000000e+00       1.365464596340e-14       4.873666268077e-15      -2.129452896242e-16 
  807       3.385918575005e-10       1.817976270465e-12      -1.071568841481e-11       0.000000000000e+00       1.359153437106e-14       4.855192934242e-15      -2.080867500673e-16 
  808       3.387665914361e-10       1.796977941978e-12      -1.047835276649e-11       0.000000000000e+00       1.352878232006e-14       4.836544660325e-15      -2.032491692657e-16 
  809       3.389150183083e-10       1.776672408171e-12      -1.023896018795e-11       0.000000000000e+00       1.346638791348e-14       4.817725495858e-15      -1.984319427621e-16 
  810       3.390370593861e-10       1.757067326320e-12      -9.997601614211e-12       0.000000000000e+00       1.340434920053e-14       4.798739535313e-15      -1.936344580232e-16 
  811       3.391326365426e-10       1.738170386950e-12      -9.754368945425e-12       0.000000000000e+00       1.334266417628e-14       4.779590918248e-15      -1.888560944123e-16 
  812       3.392016722583e-10       1.719989313895e-12      -9.509355049829e-12       0.000000000000e+00       1.328133078149e-14       4.760283829440e-15      -1.840962231616e-16 
  813       3.392440896246e-10       1.702531864347e-12      -9.262653766784e-12       0.000000000000e+00       1.322034690238e-14       4.740822499036e-15      -1.793542073446e-16 
  814       3.392598123467e-10       1.685805828920e-12      -9.014359909799e-12       0.000000000000e+00       1.315971037043e-14       4.721211202684e-15      -1.746294018487e-16 
  815       3.392487647467e-10       1.669819031702e-12      -8.764569269543e-12       0.000000000000e+00       1.309941896218e-14       4.701454261681e-15      -1.699211533472e-16 
  816       3.392108717673e-10       1.654579330314e-12      -8.513378616865e-12       0.000000000000e+00       1.303947039897e-14       4.681556043110e-15      -1.652288002723e-16 
  817       3.391460589748e-10       1.640094615965e-12      -8.260885705816e-12       0.000000000000e+00       1.297986234678e-14       4.661520959983e-15      -1.605516727869e-16 
  818       3.390542525622e-10       1.626372813508e-12      -8.007189276668e-12       0.000000000000e+00       1.292059241599e-14       4.641353471381e-15      -1.558890927576e-16 
  819       3.389353793524e-10       1.613421881501e-12      -7.752389058930e-12       0.000000000000e+00       1.286165816120e-14       4.621058082594e-15      -1.512403737265e-16 
  820       3.387893668017e-10       1.601249812257e-12      -7.496585774371e-12       0.000000000000e+00       1.280305708096e-14       4.600639345264e-15      -1.466048208842e-16 
  821       3.386161430027e-10       1.589864631907e-12      -7.239881140035e-12       0.000000000000e+00       1.274478661762e-14       4.580101857523e-15      -1.419817310417e-16 
  822       3.384156366879e-10       1.579274400450e-12      -6.982377871266e-12       0.000000000000e+00       1.268684415708e-14       4.559450264138e-15      -1.373703926032e-16 
  823       3.381877772325e-10       1.569487211817e-12      -6.724179684721e-12       0.000000000000e+00       1.262922702860e-14       4.538689256649e-15      -1.327700855383e-16 
  824       3.379324946578e-10       1.560511193920e-12      -6.465391301393e-12       0.000000000000e+00       1.257193250457e-14       4.517823573507e-15      -1.281800813546e-16 
  825       3.376497196346e-10       1.552354508714e-12      -6.206118449631e-12       0.000000000000e+00       1.251495780032e-14       4.496858000223e-15      -1.235996430696e-16 
  826       3.373393834860e-10       1.545025352253e-12      -5.946467868154e-12       0.000000000000e+00       1.245830007388e-14       4.475797369501e-15      -1.190280251840e-16 
  827       3.370014181911e-10       1.538531954743e-12      -5.686547309077e-12       0.000000000000e+00       1.240195642580e-14       4.454646561384e-15      -1.144644736533e-16 
  828       3.366357563879e-10       1.532882580602e-12      -5.426465540926e-12       0.000000000000e+00       1.234592389890e-14       4.433410503391e-15      -1.099082258604e-16 
  829       3.362423313767e-10       1.528085528516e-12      -5.166332351656e-12       0.000000000000e+00       1.229019947812e-14       4.412094170661e-15      -1.053585105885e-16 
  830       3.358210771230e-10       1.524149131495e-12      -4.906258551676e-12       0.000000000000e+00       1.223478009023e-14       4.390702586093e-15      -1.008145479928e-16 
  831       3.353719282613e-10       1.521081756928e-12      -4.646355976862e-12       0.000000000000e+00       1.217966260368e-14       4.369240820485e-15      -9.627554957341e-17 
  832       3.348948200977e-10       1.518891806643e-12      -4.386737491579e-12       0.000000000000e+00       1.212484382835e-14       4.347713992678e-15      -9.174071814755e-17 
  833       3.343897366008e-10       1.517585671621e-12      -4.127510286178e-12       0.000000000000e+00       1.207032089556e-14       4.326126156025e-15      -8.720954372929e-17 
  834       3.338568552882e-10       1.517161556739e-12      -3.868755634643e-12       0.000000000000e+00       1.201609240561e-14       4.304476936134e-15      -8.268269690747e-17 
  835       3.332964048849e-10       1.517615547948e-12      -3.610548788268e-12       0.000000000000e+00       1.196215729991e-14       4.282764834494e-15      -7.816115106576e-17 
  836       3.327086175775e-10       1.518943647504e-12      -3.352965650900e-12       0.000000000000e+00       1.190851448246e-14       4.260988336759e-15      -7.364588791726e-17 
  837       3.320937290255e-10       1.521141773680e-12      -3.096082780794e-12       0.000000000000e+00       1.185516281973e-14       4.239145912691e-15      -6.913789752804e-17 
  838       3.314519783729e-10       1.524205760466e-12      -2.839977392482e-12       0.000000000000e+00       1.180210114047e-14       4.217236016115e-15      -6.463817834064e-17 
  839       3.307836082600e-10       1.528131357268e-12      -2.584727358628e-12       0.000000000000e+00       1.174932823562e-14       4.195257084861e-15      -6.014773719764e-17 
  840       3.300888648344e-10       1.532914228619e-12      -2.330411211893e-12       0.000000000000e+00       1.169684285811e-14       4.173207540719e-15      -5.566758936511e-17 
  841       3.293679977631e-10       1.538549953878e-12      -2.077108146792e-12       0.000000000000e+00       1.164464372276e-14       4.151085789383e-15      -5.119875855621e-17 
  842       3.286212602434e-10       1.545034026932e-12      -1.824898021559e-12       0.000000000000e+00       1.159272950611e-14       4.128890220400e-15      -4.674227695466e-17 
  843       3.278489090149e-10       1.552361855903e-12      -1.573861360005e-12       0.000000000000e+00       1.154109884625e-14       4.106619207119e-15      -4.229918523830e-17 
  844       3.270512043707e-10       1.560528762848e-12      -1.324079353380e-12       0.000000000000e+00       1.148975034275e-14       4.084271106641e-15      -3.787053260258e-17 
  845       3.262284101690e-10       1.569529983465e-12      -1.075633862235e-12       0.000000000000e+00       1.143868255642e-14       4.061844259767e-15      -3.345737678410e-17 
  846       3.253807938448e-10       1.579360666793e-12      -8.286074182803e-13       0.000000000000e+00       1.138789400923e-14       4.039336990944e-15      -2.906078408414e-17 
  847       3.245086264211e-10       1.590015874919e-12      -5.830832262489e-13       0.000000000000e+00       1.133738318415e-14       4.016747608217e-15      -2.468182939218e-17 
  848       3.236121825205e-10       1.601490582679e-12      -3.391451657568e-13       0.000000000000e+00       1.128714852499e-14       3.994074403175e-15      -2.032159620941e-17 
  849       3.226917403770e-10       1.613779677361e-12      -9.687779316346e-14       0.000000000000e+00       1.123718843625e-14       3.971315650899e-15      -1.598117667227e-17 
  850       3.217475818471e-10       1.626877958410e-12       1.436336565669e-13       0.000000000000e+00       1.118750128301e-14       3.948469609916e-15      -1.166167157596e-17 
  851       3.207799924213e-10       1.640780137130e-12       3.823032680043e-13       0.000000000000e+00       1.113808539074e-14       3.925534522140e-15      -7.364190397989e-18 
  852       3.197892612362e-10       1.655480836387e-12       6.190444433920e-13       0.000000000000e+00       1.108893904519e-14       3.902508612824e-15      -3.089851321655e-18 
  853       3.187756810853e-10       1.670974590314e-12       8.537699007860e-13       0.000000000000e+00       1.104006049221e-14       3.879390090511e-15       1.160218740392e-18 
  854       3.177395484309e-10       1.687255844011e-12       1.086391672193e-12       0.000000000000e+00       1.099144793765e-14       3.856177146979e-15       5.384884122645e-18 
  855       3.166811634155e-10       1.704318953254e-12       1.316821101712e-12       0.000000000000e+00       1.094309954715e-14       3.832867957189e-15       9.583000383212e-18 
  856       3.156008298734e-10       1.722158184192e-12       1.544968843668e-12       0.000000000000e+00       1.089501344605e-14       3.809460679236e-15       1.375341428029e-17 
  857       3.144988553420e-10       1.740767713053e-12       1.770744860759e-12       0.000000000000e+00       1.084718771924e-14       3.785953454298e-15       1.789496374866e-17 
  858       3.133755510736e-10       1.760141625849e-12       1.994058422187e-12       0.000000000000e+00       1.079962041096e-14       3.762344406582e-15       2.200647787612e-17 
  859       3.122312320466e-10       1.780273918076e-12       2.214818101803e-12       0.000000000000e+00       1.075230952474e-14       3.738631643273e-15       2.608677688002e-17 
  860       3.110662169773e-10       1.801158494419e-12       2.432931776242e-12       0.000000000000e+00       1.070525302317e-14       3.714813254483e-15       3.013467208369e-17 
  861       3.098808283312e-10       1.822789168456e-12       2.648306623064e-12       0.000000000000e+00       1.065844882779e-14       3.690887313203e-15       3.414896589294e-17 
  862       3.086753923346e-10       1.845159662360e-12       2.860849118894e-12       0.000000000000e+00       1.061189481898e-14       3.666851875243e-15       3.812845177253e-17 
  863       3.074502389861e-10       1.868263606601e-12       3.070465037559e-12       0.000000000000e+00       1.056558883574e-14       3.642704979190e-15       4.207191422265e-17 
  864       3.062057020682e-10       1.892094539655e-12       3.277059448228e-12       0.000000000000e+00       1.051952867562e-14       3.618444646350e-15       4.597812875540e-17 
  865       3.049421191584e-10       1.916645907698e-12       3.480536713551e-12       0.000000000000e+00       1.047371209449e-14       3.594068880700e-15       4.984586187125e-17 
  866       3.036598316414e-10       1.941911064320e-12       3.680800487797e-12       0.000000000000e+00       1.042813680649e-14       3.569575668835e-15       5.367387103553e-17 
  867       3.023591847201e-10       1.967883270218e-12       3.877753714995e-12       0.000000000000e+00       1.038280048380e-14       3.544962979915e-15       5.746090465491e-17 
  868       3.010405274271e-10       1.994555692906e-12       4.071298627072e-12       0.000000000000e+00       1.033770075655e-14       3.520228765619e-15       6.120570205386e-17 
  869       2.997042126365e-10       2.021921406418e-12       4.261336741992e-12       0.000000000000e+00       1.029283521265e-14       3.495370960087e-15       6.490699345116e-17 
  870       2.983506039202e-10       2.049972396189e-12       4.447780706577e-12       0.000000000000e+00       1.024820168834e-14       3.470388625531e-15       6.856379936546e-17 
  871       2.969800962198e-10       2.078696556011e-12       4.630590046533e-12       0.000000000000e+00       1.020379914553e-14       3.445285410231e-15       7.217633438586e-17 
  872       2.955930955443e-10       2.108080640104e-12       4.809736012584e-12       0.000000000000e+00       1.015962680890e-14       3.420066148460e-15       7.574511851922e-17 
  873       2.941900121696e-10       2.138111252912e-12       4.985189790177e-12       0.000000000000e+00       1.011568387644e-14       3.394735720209e-15       7.927067915916e-17 
  874       2.927712606502e-10       2.168774848647e-12       5.156922499491e-12       0.000000000000e+00       1.007196951933e-14       3.369299051323e-15       8.275355111005e-17 
  875       2.913372598329e-10       2.200057730840e-12       5.324905195454e-12       0.000000000000e+00       1.002848288187e-14       3.343761113626e-15       8.619427661081e-17 
  876       2.898884328686e-10       2.231946051882e-12       5.489108867756e-12       0.000000000000e+00       9.985223081342e-15       3.318126925051e-15       8.959340535886e-17 
  877       2.884252072249e-10       2.264425812571e-12       5.649504440868e-12       0.000000000000e+00       9.942189207951e-15       3.292401549774e-15       9.295149453401e-17 
  878       2.869480146993e-10       2.297482861659e-12       5.806062774051e-12       0.000000000000e+00       9.899380324696e-15       3.266590098340e-15       9.626910882233e-17 
  879       2.854572914312e-10       2.331102895396e-12       5.958754661375e-12       0.000000000000e+00       9.856795467282e-15       3.240697727795e-15       9.954682044008e-17 
  880       2.839534779148e-10       2.365271457077e-12       6.107550831731e-12       0.000000000000e+00       9.814433644021e-15       3.214729641815e-15       1.027852091576e-16 
  881       2.824370190116e-10       2.399973936588e-12       6.252421948849e-12       0.000000000000e+00       9.772293835724e-15       3.188691090838e-15       1.059848623230e-16 
  882       2.809083639629e-10       2.435195569951e-12       6.393338611309e-12       0.000000000000e+00       9.730374995609e-15       3.162587372190e-15       1.091463748866e-16 
  883       2.793679664027e-10       2.470921438867e-12       6.530271352559e-12       0.000000000000e+00       9.688676049200e-15       3.136423830217e-15       1.122703494242e-16 
  884       2.778162843698e-10       2.507136470269e-12       6.663190640926e-12       0.000000000000e+00       9.647195894221e-15       3.110205856417e-15       1.153573961613e-16 
  885       2.762537803209e-10       2.543825435860e-12       6.792066879638e-12       0.000000000000e+00       9.605933400504e-15       3.083938889568e-15       1.184081329968e-16 
  886       2.746809211429e-10       2.580972951664e-12       6.916870406828e-12       0.000000000000e+00       9.564887409886e-15       3.057628415857e-15       1.214231855274e-16 
  887       2.730981781655e-10       2.618563477568e-12       7.037571495558e-12       0.000000000000e+00       9.524056736106e-15       3.031279969010e-15       1.244031870707e-16 
  888       2.715060271740e-10       2.656581316870e-12       7.154140353830e-12       0.000000000000e+00       9.483440164710e-15       3.004899130426e-15       1.273487786897e-16 
  889       2.699049484217e-10       2.695010615825e-12       7.266547124602e-12       0.000000000000e+00       9.443036452949e-15       2.978491529301e-15       1.302606092166e-16 
  890       2.682954266425e-10       2.733835363191e-12       7.374761885799e-12       0.000000000000e+00       9.402844329679e-15       2.952062842762e-15       1.331393352764e-16 
  891       2.666779510635e-10       2.773039389770e-12       7.478754650334e-12       0.000000000000e+00       9.362862495260e-15       2.925618795996e-15       1.359856213112e-16 
  892       2.650530154177e-10       2.812606367962e-12       7.578495366116e-12       0.000000000000e+00       9.323089621460e-15       2.899165162380e-15       1.388001396038e-16 
  893       2.634211179566e-10       2.852519811302e-12       7.673953916073e-12       0.000000000000e+00       9.283524351349e-15       2.872707763610e-15       1.415835703016e-16 
  894       2.617827614625e-10       2.892763074014e-12       7.765100118157e-12       0.000000000000e+00       9.244165299206e-15       2.846252469831e-15       1.443366014406e-16 
  895       2.601384532617e-10       2.933319350549e-12       7.851903725366e-12       0.000000000000e+00       9.205011050414e-15       2.819805199768e-15       1.470599289695e-16 
  896       2.584887052362e-10       2.974171675137e-12       7.934334425756e-12       0.000000000000e+00       9.166060161363e-15       2.793371920858e-15       1.497542567730e-16 
  897       2.568340338373e-10       3.015302921330e-12       8.012361842458e-12       0.000000000000e+00       9.127311159347e-15       2.766958649373e-15       1.524202966964e-16 
  898       2.551749600972e-10       3.056695801545e-12       8.085955533689e-12       0.000000000000e+00       9.088762542468e-15       2.740571450558e-15       1.550587685690e-16 
  899       2.535120096425e-10       3.098332866617e-12       8.155084992769e-12       0.000000000000e+00       9.050412779533e-15       2.714216438756e-15       1.576704002280e-16 
  900       2.518457127062e-10       3.140196505337e-12       8.219719648135e-12       0.000000000000e+00       9.012260309957e-15       2.687899777538e-15       1.602559275429e-16 
  901       2.501766041406e-10       3.182268944004e-12       8.279828863358e-12       0.000000000000e+00       8.974303543659e-15       2.661627679838e-15       1.628160944387e-16 
  902       2.485052234294e-10       3.224532245964e-12       8.335381937154e-12       0.000000000000e+00       8.936540860967e-15       2.635406408075e-15       1.653516529203e-16 
  903       2.468321147012e-10       3.266968311164e-12       8.386348103404e-12       0.000000000000e+00       8.898970612515e-15       2.609242274290e-15       1.678633630962e-16 
  904       2.451578267411e-10       3.309558875690e-12       8.432696531161e-12       0.000000000000e+00       8.861591119142e-15       2.583141640271e-15       1.703519932023e-16 
  905       2.434829130040e-10       3.352285511319e-12       8.474396324673e-12       0.000000000000e+00       8.824400671796e-15       2.557110917687e-15       1.728183196262e-16 
  906       2.418079316269e-10       3.395129625058e-12       8.511416523393e-12       0.000000000000e+00       8.787397531432e-15       2.531156568215e-15       1.752631269304e-16 
  907       2.401334454414e-10       3.438072458697e-12       8.543726101994e-12       0.000000000000e+00       8.750579928911e-15       2.505285103671e-15       1.776872078770e-16 
  908       2.384600219867e-10       3.481095088350e-12       8.571293970385e-12       0.000000000000e+00       8.713946064901e-15       2.479503086140e-15       1.800913634509e-16 
  909       2.367881948353e-10       3.524179224112e-12       8.594099378721e-12       0.000000000000e+00       8.677494324835e-15       2.453816168940e-15       1.824761580658e-16 
  910       2.351183468669e-10       3.567309624015e-12       8.612163315552e-12       0.000000000000e+00       8.641223927759e-15       2.428226202379e-15       1.848411808230e-16 
  911       2.334508251444e-10       3.610471717946e-12       8.625517614033e-12       0.000000000000e+00       8.605134287706e-15       2.402734081767e-15       1.871857724340e-16 
  912       2.317859794382e-10       3.653650810712e-12       8.634194594166e-12       0.000000000000e+00       8.569224799516e-15       2.377340702359e-15       1.895092689515e-16 
  913       2.301241622323e-10       3.696832081701e-12       8.638227064324e-12       0.000000000000e+00       8.533494838768e-15       2.352046959344e-15       1.918110017576e-16 
  914       2.284657287319e-10       3.740000584549e-12       8.637648322775e-12       0.000000000000e+00       8.497943761713e-15       2.326853747841e-15       1.940902975528e-16 
  915       2.268110368700e-10       3.783141246796e-12       8.632492159206e-12       0.000000000000e+00       8.462570905200e-15       2.301761962884e-15       1.963464783437e-16 
  916       2.251604473148e-10       3.826238869549e-12       8.622792856247e-12       0.000000000000e+00       8.427375586614e-15       2.276772499416e-15       1.985788614316e-16 
  917       2.235143234762e-10       3.869278127147e-12       8.608585190997e-12       0.000000000000e+00       8.392357103802e-15       2.251886252277e-15       2.007867594011e-16 
  918       2.218730315129e-10       3.912243566819e-12       8.589904436546e-12       0.000000000000e+00       8.357514735008e-15       2.227104116200e-15       2.029694801083e-16 
  919       2.202369403398e-10       3.955119608350e-12       8.566786363499e-12       0.000000000000e+00       8.322847738800e-15       2.202426985796e-15       2.051263266691e-16 
  920       2.186064216343e-10       3.997890543736e-12       8.539267241503e-12       0.000000000000e+00       8.288355354007e-15       2.177855755548e-15       2.072565974477e-16 
  921       2.169818498440e-10       4.040540536855e-12       8.507383840768e-12       0.000000000000e+00       8.254036799645e-15       2.153391319801e-15       2.093595860449e-16 
  922       2.153636021929e-10       4.083053623121e-12       8.471173433593e-12       0.000000000000e+00       8.219891274853e-15       2.129034572753e-15       2.114345812867e-16 
  923       2.137520586892e-10       4.125413709149e-12       8.430673795890e-12       0.000000000000e+00       8.185917958820e-15       2.104786408447e-15       2.134808672123e-16 
  924       2.121476021317e-10       4.167604572417e-12       8.385923208709e-12       0.000000000000e+00       8.152116010719e-15       2.080647720759e-15       2.154977230628e-16 
  925       2.105506181170e-10       4.209609860927e-12       8.336960459759e-12       0.000000000000e+00       8.118484569637e-15       2.056619403390e-15       2.174844232694e-16 
  926       2.089614950464e-10       4.251413092867e-12       8.283824844936e-12       0.000000000000e+00       8.085022754508e-15       2.032702349859e-15       2.194402374418e-16 
  927       2.073806241330e-10       4.292997656275e-12       8.226556169846e-12       0.000000000000e+00       8.051729664042e-15       2.008897453489e-15       2.213644303567e-16 
  928       2.058083994085e-10       4.334346808696e-12       8.165194751328e-12       0.000000000000e+00       8.018604376659e-15       1.985205607405e-15       2.232562619461e-16 
  929       2.042452177304e-10       4.375443676847e-12       8.099781418979e-12       0.000000000000e+00       7.985645950417e-15       1.961627704516e-15       2.251149872857e-16 
  930       2.026914787889e-10       4.416271256281e-12       8.030357516678e-12       0.000000000000e+00       7.952853422947e-15       1.938164637514e-15       2.269398565830e-16 
  931       2.011475851137e-10       4.456812411044e-12       7.956964904113e-12       0.000000000000e+00       7.920225811381e-15       1.914817298859e-15       2.287301151662e-16 
  932       1.996139420812e-10       4.497049873338e-12       7.879645958299e-12       0.000000000000e+00       7.887762112285e-15       1.891586580772e-15       2.304850034722e-16 
  933       1.980909579216e-10       4.536966243187e-12       7.798443575109e-12       0.000000000000e+00       7.855461301591e-15       1.868473375227e-15       2.322037570352e-16 
  934       1.965790437254e-10       4.576543988093e-12       7.713401170792e-12       0.000000000000e+00       7.823322334526e-15       1.845478573939e-15       2.338856064747e-16 
  935       1.950786134508e-10       4.615765442702e-12       7.624562683504e-12       0.000000000000e+00       7.791344145547e-15       1.822603068358e-15       2.355297774845e-16 
  936       1.935900839306e-10       4.654612808463e-12       7.531972574826e-12       0.000000000000e+00       7.759525648268e-15       1.799847749657e-15       2.371354908204e-16 
  937       1.921138748792e-10       4.693068153294e-12       7.435675831290e-12       0.000000000000e+00       7.727865735395e-15       1.777213508724e-15       2.387019622891e-16 
  938       1.906504088993e-10       4.731113411236e-12       7.335717965907e-12       0.000000000000e+00       7.696363278652e-15       1.754701236154e-15       2.402284027362e-16 
  939       1.892001114893e-10       4.768730382124e-12       7.232145019686e-12       0.000000000000e+00       7.665017128721e-15       1.732311822237e-15       2.417140180349e-16 
  940       1.877634110501e-10       4.805900731243e-12       7.125003563159e-12       0.000000000000e+00       7.633826115166e-15       1.710046156951e-15       2.431580090742e-16 
  941       1.863407388919e-10       4.842605988991e-12       7.014340697911e-12       0.000000000000e+00       7.602789046365e-15       1.687905129952e-15       2.445595717473e-16 
  942       1.849325292415e-10       4.878827550542e-12       6.900204058096e-12       0.000000000000e+00       7.571904709446e-15       1.665889630565e-15       2.459178969400e-16 
  943       1.835392192490e-10       4.914546675507e-12       6.782641811965e-12       0.000000000000e+00       7.541171870214e-15       1.644000547775e-15       2.472321705191e-16 
  944       1.821612489950e-10       4.949744487594e-12       6.661702663392e-12       0.000000000000e+00       7.510589273081e-15       1.622238770218e-15       2.485015733206e-16 
  945       1.807990614976e-10       4.984401974274e-12       6.537435853395e-12       0.000000000000e+00       7.480155641005e-15       1.600605186170e-15       2.497252811383e-16 
  946       1.794531027189e-10       5.018499986438e-12       6.409891161663e-12       0.000000000000e+00       7.449869675412e-15       1.579100683540e-15       2.509024647123e-16 
  947       1.781238215728e-10       5.052019238065e-12       6.279118908078e-12       0.000000000000e+00       7.419730056133e-15       1.557726149860e-15       2.520322897169e-16 
  948       1.768116699312e-10       5.084940305876e-12       6.145169954239e-12       0.000000000000e+00       7.389735441335e-15       1.536482472277e-15       2.531139167493e-16 
  949       1.755170420619e-10       5.117245863417e-12       6.008098313513e-12       0.000000000000e+00       7.359884626673e-15       1.515370506531e-15       2.541467445374e-16 
  950       1.742400919049e-10       5.148927421641e-12       5.867969022108e-12       0.000000000000e+00       7.330177025589e-15       1.494390983406e-15       2.551311436865e-16 
  951       1.729809129982e-10       5.179978691379e-12       5.724850392150e-12       0.000000000000e+00       7.300612196269e-15       1.473544600821e-15       2.560677342004e-16 
  952       1.717395987908e-10       5.210393358286e-12       5.578811415999e-12       0.000000000000e+00       7.271189683042e-15       1.452832054701e-15       2.569571433067e-16 
  953       1.705162426424e-10       5.240165082805e-12       5.429921768130e-12       0.000000000000e+00       7.241909016335e-15       1.432254038959e-15       2.578000054772e-16 
  954       1.693109378216e-10       5.269287500119e-12       5.278251806996e-12       0.000000000000e+00       7.212769712620e-15       1.411811245484e-15       2.585969624489e-16 
  955       1.681237775054e-10       5.297754220118e-12       5.123872576906e-12       0.000000000000e+00       7.183771274372e-15       1.391504364128e-15       2.593486632448e-16 
  956       1.669548547777e-10       5.325558827351e-12       4.966855809891e-12       0.000000000000e+00       7.154913190019e-15       1.371334082693e-15       2.600557641942e-16 
  957       1.658042626284e-10       5.352694880990e-12       4.807273927581e-12       0.000000000000e+00       7.126194933896e-15       1.351301086916e-15       2.607189289542e-16 
  958       1.646720939524e-10       5.379155914788e-12       4.645200043070e-12       0.000000000000e+00       7.097615966193e-15       1.331406060458e-15       2.613388285298e-16 
  959       1.635584415484e-10       5.404935437037e-12       4.480707962793e-12       0.000000000000e+00       7.069175732914e-15       1.311649684890e-15       2.619161412947e-16 
  960       1.624633981176e-10       5.430026930530e-12       4.313872188395e-12       0.000000000000e+00       7.040873665826e-15       1.292032639678e-15       2.624515530126e-16 
  961       1.613870562633e-10       5.454423852517e-12       4.144767918602e-12       0.000000000000e+00       7.012709182411e-15       1.272555602171e-15       2.629457568574e-16 
  962       1.603295084889e-10       5.478119634666e-12       3.973471051093e-12       0.000000000000e+00       6.984681685818e-15       1.253219247588e-15       2.633994534341e-16 
  963       1.592908471978e-10       5.501107683021e-12       3.800058184372e-12       0.000000000000e+00       6.956790564821e-15       1.234024249005e-15       2.638133507997e-16 
  964       1.582711646913e-10       5.523381377963e-12       3.624606619639e-12       0.000000000000e+00       6.929035193763e-15       1.214971277339e-15       2.641881644837e-16 
  965       1.572705531684e-10       5.544934074169e-12       3.447194362660e-12       0.000000000000e+00       6.901414932515e-15       1.196061001339e-15       2.645246175091e-16 
  966       1.562891047243e-10       5.565759100570e-12       3.267900125641e-12       0.000000000000e+00       6.873929126428e-15       1.177294087567e-15       2.648234404131e-16 
  967       1.553269113492e-10       5.585849760310e-12       3.086803329098e-12       0.000000000000e+00       6.846577106280e-15       1.158671200392e-15       2.650853712677e-16 
  968       1.543840649277e-10       5.605199330707e-12       2.903984103728e-12       0.000000000000e+00       6.819358188236e-15       1.140193001969e-15       2.653111557004e-16 
  969       1.534606572370e-10       5.623801063210e-12       2.719523292280e-12       0.000000000000e+00       6.792271673795e-15       1.121860152231e-15       2.655015469154e-16 
  970       1.525567799466e-10       5.641648183360e-12       2.533502451430e-12       0.000000000000e+00       6.765316849746e-15       1.103673308874e-15       2.656573057140e-16 
  971       1.516725246166e-10       5.658733890751e-12       2.346003853647e-12       0.000000000000e+00       6.738492988116e-15       1.085633127344e-15       2.657792005151e-16 
  972       1.508079826972e-10       5.675051358982e-12       2.157110489068e-12       0.000000000000e+00       6.711799346129e-15       1.067740260822e-15       2.658680073766e-16 
  973       1.499632455269e-10       5.690593735626e-12       1.966906067370e-12       0.000000000000e+00       6.685235166154e-15       1.049995360212e-15       2.659245100156e-16 
  974       1.491384043320e-10       5.705354142181e-12       1.775475019638e-12       0.000000000000e+00       6.658799675656e-15       1.032399074130e-15       2.659494998296e-16 
  975       1.483335502253e-10       5.719325674034e-12       1.582902500239e-12       0.000000000000e+00       6.632492087154e-15       1.014952048886e-15       2.659437759166e-16 
  976       1.475487742052e-10       5.732501400418e-12       1.389274388693e-12       0.000000000000e+00       6.606311598170e-15       9.976549284734e-16       2.659081450967e-16 
  977       1.467841671542e-10       5.744874364374e-12       1.194677291545e-12       0.000000000000e+00       6.580257391181e-15       9.805083545557e-16       2.658434219322e-16 
  978       1.460398198382e-10       5.756437582705e-12       9.991985442333e-13       0.000000000000e+00       6.554328633572e-15       9.635129664527e-16       2.657504287485e-16 
  979       1.453158229054e-10       5.767184045940e-12       8.029262129660e-13       0.000000000000e+00       6.528524477592e-15       9.466694011271e-16       2.656299956550e-16 
  980       1.446122668851e-10       5.777106718294e-12       6.059490965879e-13       0.000000000000e+00       6.502844060300e-15       9.299782931716e-16       2.654829605658e-16 
  981       1.439292421864e-10       5.786198537620e-12       4.083567284541e-13       0.000000000000e+00       6.477286503523e-15       9.134402747949e-16       2.653101692205e-16 
  982       1.432668390978e-10       5.794452415378e-12       2.102393783009e-13       0.000000000000e+00       6.451850913807e-15       8.970559758089e-16       2.651124752046e-16 
  983       1.426251477852e-10       5.801861236586e-12       1.168805411741e-14       0.000000000000e+00       6.426536382367e-15       8.808260236154e-16       2.648907399707e-16 
  984       1.420042582917e-10       5.808417859783e-12      -1.872054959832e-13       0.000000000000e+00       6.401341985044e-15       8.647510431924e-16       2.646458328591e-16 
  985       1.414042605359e-10       5.814115116989e-12      -3.863487818924e-13       0.000000000000e+00       6.376266782252e-15       8.488316570809e-16       2.643786311186e-16 
  986       1.408252443111e-10       5.818945813663e-12      -5.856485696346e-13       0.000000000000e+00       6.351309818938e-15       8.330684853720e-16       2.640900199269e-16 
  987       1.402672992842e-10       5.822902728661e-12      -7.850108794959e-13       0.000000000000e+00       6.326470124526e-15       8.174621456929e-16       2.637808924119e-16 
  988       1.397305149945e-10       5.825978614197e-12      -9.843409841527e-13       0.000000000000e+00       6.301746712876e-15       8.020132531941e-16       2.634521496720e-16 
  989       1.392149808528e-10       5.828166195801e-12      -1.183543406800e-12       0.000000000000e+00       6.277138582233e-15       7.867224205358e-16       2.631047007971e-16 
  990       1.387207861400e-10       5.829458172281e-12      -1.382521919281e-12       0.000000000000e+00       6.252644715181e-15       7.715902578745e-16       2.627394628895e-16 
  991       1.382479752237e-10       5.829849469519e-12      -1.581186446459e-12       0.000000000000e+00       6.228264199381e-15       7.566170908814e-16       2.623571923518e-16 
  992       1.377964124847e-10       5.829344038347e-12      -1.779473894581e-12       0.000000000000e+00       6.203996591831e-15       7.418021102695e-16       2.619579759875e-16 
  993       1.373659153973e-10       5.827948156782e-12      -1.977327626187e-12       0.000000000000e+00       6.179841559881e-15       7.271442097050e-16       2.615417324411e-16 
  994       1.369562991249e-10       5.825668185511e-12      -2.174690580668e-12       0.000000000000e+00       6.155798760902e-15       7.126422665913e-16       2.611083802510e-16 
  995       1.365673765138e-10       5.822510568114e-12      -2.371505273240e-12       0.000000000000e+00       6.131867842249e-15       6.982951420219e-16       2.606578378494e-16 
  996       1.361989580863e-10       5.818481831310e-12      -2.567713793914e-12       0.000000000000e+00       6.108048441234e-15       6.841016807322e-16       2.601900235622e-16 
  997       1.358508520343e-10       5.813588585182e-12      -2.763257806468e-12       0.000000000000e+00       6.084340185089e-15       6.700607110520e-16       2.597048556097e-16 
  998       1.355228642129e-10       5.807837523418e-12      -2.958078547420e-12       0.000000000000e+00       6.060742690934e-15       6.561710448575e-16       2.592022521065e-16 
  999       1.352147981335e-10       5.801235423540e-12      -3.152116824997e-12       0.000000000000e+00       6.037255565746e-15       6.424314775240e-16       2.586821310613e-16 
 1000       1.349264549576e-10       5.793789147143e-12      -3.345313018108e-12       0.000000000000e+00       6.013878406326e-15       6.288407878776e-16       2.581444103778e-16 
 1001       1.346576334901e-10       5.785505640125e-12      -3.537607075316e-12       0.000000000000e+00       5.990610799264e-15       6.153977381480e-16       2.575890078542e-16 
 1002       1.344081301726e-10       5.776391932926e-12      -3.728938513810e-12       0.000000000000e+00       5.967452320908e-15       6.021010739201e-16       2.570158411836e-16 
 1003       1.341777390773e-10       5.766455140757e-12      -3.919246418374e-12       0.000000000000e+00       5.944402537331e-15       5.889495240870e-16       2.564248279542e-16 
 1004       1.339662518999e-10       5.755702463841e-12      -4.108469440363e-12       0.000000000000e+00       5.921461004299e-15       5.759418008019e-16       2.558158856495e-16 
 1005       1.337734579534e-10       5.744141187640e-12      -4.296545796669e-12       0.000000000000e+00       5.898627267237e-15       5.630765994300e-16       2.551889316482e-16 
 1006       1.335991441615e-10       5.731778683095e-12      -4.483413268697e-12       0.000000000000e+00       5.875900861196e-15       5.503525985015e-16       2.545438832247e-16 
 1007       1.334430950521e-10       5.718622406857e-12      -4.669009201337e-12       0.000000000000e+00       5.853281310821e-15       5.377684596633e-16       2.538806575489e-16 
 1008       1.333050927506e-10       5.704679901523e-12      -4.853270501931e-12       0.000000000000e+00       5.830768130319e-15       5.253228276314e-16       2.531991716865e-16 
 1009       1.331849169734e-10       5.689958795870e-12      -5.036133639249e-12       0.000000000000e+00       5.808360823426e-15       5.130143301432e-16       2.524993425995e-16 
 1010       1.330823450214e-10       5.674466805090e-12      -5.217534642459e-12       0.000000000000e+00       5.786058883373e-15       5.008415779098e-16       2.517810871457e-16 
 1011       1.329971517735e-10       5.658211731023e-12      -5.397409100098e-12       0.000000000000e+00       5.763861792852e-15       4.888031645680e-16       2.510443220793e-16 
 1012       1.329291096798e-10       5.641201462391e-12      -5.575692159045e-12       0.000000000000e+00       5.741769023989e-15       4.768976666329e-16       2.502889640511e-16 
 1013       1.328779887556e-10       5.623443975035e-12      -5.752318523491e-12       0.000000000000e+00       5.719780038305e-15       4.651236434501e-16       2.495149296083e-16 
 1014       1.328435565742e-10       5.604947332146e-12      -5.927222453913e-12       0.000000000000e+00       5.697894286686e-15       4.534796371476e-16       2.487221351950e-16 
 1015       1.328255782606e-10       5.585719684501e-12      -6.100337766042e-12       0.000000000000e+00       5.676111209350e-15       4.419641725885e-16       2.479104971521e-16 
 1016       1.328238164853e-10       5.565769270700e-12      -6.271597829840e-12       0.000000000000e+00       5.654430235816e-15       4.305757573229e-16       2.470799317176e-16 
 1017       1.328380314572e-10       5.545104417395e-12      -6.440935568464e-12       0.000000000000e+00       5.632850784867e-15       4.193128815405e-16       2.462303550268e-16 
 1018       1.328679809174e-10       5.523733539527e-12      -6.608283457246e-12       0.000000000000e+00       5.611372264520e-15       4.081740180225e-16       2.453616831124e-16 
 1019       1.329134201325e-10       5.501665140561e-12      -6.773573522657e-12       0.000000000000e+00       5.589994071995e-15       3.971576220942e-16       2.444738319045e-16 
 1020       1.329741018883e-10       5.478907812720e-12      -6.936737341286e-12       0.000000000000e+00       5.568715593679e-15       3.862621315771e-16       2.435667172311e-16 
 1021       1.330497764827e-10       5.455470237218e-12      -7.097706038804e-12       0.000000000000e+00       5.547536205094e-15       3.754859667408e-16       2.426402548178e-16 
 1022       1.331401917199e-10       5.431361184497e-12      -7.256410288941e-12       0.000000000000e+00       5.526455270866e-15       3.648275302561e-16       2.416943602883e-16 
 1023       1.332450929033e-10       5.406589514458e-12      -7.412780312457e-12       0.000000000000e+00       5.505472144689e-15       3.542852071464e-16       2.407289491646e-16 
 1024       1.333642228291e-10       5.381164176697e-12      -7.566745876112e-12       0.000000000000e+00       5.484586169296e-15       3.438573647404e-16       2.397439368668e-16 
 1025       1.334973217798e-10       5.355094210742e-12      -7.718236291636e-12       0.000000000000e+00       5.463796676424e-15       3.335423526242e-16       2.387392387136e-16 
 1026       1.336441275176e-10       5.328388746281e-12      -7.867180414706e-12       0.000000000000e+00       5.443102986783e-15       3.233385025939e-16       2.377147699223e-16 
 1027       1.338043752779e-10       5.301057003403e-12      -8.013506643912e-12       0.000000000000e+00       5.422504410019e-15       3.132441286072e-16       2.366704456089e-16 
 1028       1.339777977628e-10       5.273108292827e-12      -8.157142919733e-12       0.000000000000e+00       5.402000244687e-15       3.032575267363e-16       2.356061807886e-16 
 1029       1.341641251345e-10       5.244552016141e-12      -8.298016723505e-12       0.000000000000e+00       5.381589778214e-15       2.933769751197e-16       2.345218903752e-16 
 1030       1.343630850085e-10       5.215397666032e-12      -8.436055076395e-12       0.000000000000e+00       5.361272286870e-15       2.836007339148e-16       2.334174891823e-16 
 1031       1.345744024476e-10       5.185654826524e-12      -8.571184538372e-12       0.000000000000e+00       5.341047035729e-15       2.739270452499e-16       2.322928919226e-16 
 1032       1.347977999548e-10       5.155333173210e-12      -8.703331207177e-12       0.000000000000e+00       5.320913278644e-15       2.643541331766e-16       2.311480132083e-16 
 1033       1.350329974672e-10       5.124442473488e-12      -8.832420717299e-12       0.000000000000e+00       5.300870258210e-15       2.548802036219e-16       2.299827675514e-16 
 1034       1.352797123490e-10       5.092992586792e-12      -8.958378238940e-12       0.000000000000e+00       5.280917205729e-15       2.455034443408e-16       2.287970693639e-16 
 1035       1.355376600228e-10       5.060994062615e-12      -9.081140202744e-12       0.000000000000e+00       5.261053431861e-15       2.362224688729e-16       2.275908897763e-16 
 1036       1.358065558839e-10       5.028459943330e-12      -9.200689657283e-12       0.000000000000e+00       5.241278600020e-15       2.270376553732e-16       2.263644279730e-16 
 1037       1.360861133998e-10       4.995403987277e-12      -9.317021408587e-12       0.000000000000e+00       5.221592456768e-15       2.179498265838e-16       2.251179422755e-16 
 1038       1.363760434687e-10       4.961840073591e-12      -9.430130339931e-12       0.000000000000e+00       5.201994741468e-15       2.089598075449e-16       2.238516935501e-16 
 1039       1.366760544132e-10       4.927782202498e-12      -9.540011412114e-12       0.000000000000e+00       5.182485186256e-15       2.000684255965e-16       2.225659452139e-16 
 1040       1.369858519740e-10       4.893244495623e-12      -9.646659663750e-12       0.000000000000e+00       5.163063516022e-15       1.912765103801e-16       2.212609632415e-16 
 1041       1.373051393027e-10       4.858241196283e-12      -9.750070211544e-12       0.000000000000e+00       5.143729448387e-15       1.825848938413e-16       2.199370161714e-16 
 1042       1.376336169563e-10       4.822786669797e-12      -9.850238250583e-12       0.000000000000e+00       5.124482693680e-15       1.739944102311e-16       2.185943751129e-16 
 1043       1.379709828899e-10       4.786895403780e-12      -9.947159054613e-12       0.000000000000e+00       5.105322954914e-15       1.655058961081e-16       2.172333137521e-16 
 1044       1.383169324506e-10       4.750582008447e-12      -1.004082797633e-11       0.000000000000e+00       5.086249927766e-15       1.571201903406e-16       2.158541083587e-16 
 1045       1.386711583712e-10       4.713861216918e-12      -1.013124044766e-11       0.000000000000e+00       5.067263300553e-15       1.488381341084e-16       2.144570377925e-16 
 1046       1.390333507632e-10       4.676747885511e-12      -1.021839198003e-11       0.000000000000e+00       5.048362754210e-15       1.406605709045e-16       2.130423835098e-16 
 1047       1.394031971109e-10       4.639256994052e-12      -1.030227816470e-11       0.000000000000e+00       5.029547962265e-15       1.325883465376e-16       2.116104295701e-16 
 1048       1.397803822645e-10       4.601403646168e-12      -1.038289467297e-11       0.000000000000e+00       5.010818590820e-15       1.246223091335e-16       2.101614626424e-16 
 1049       1.401645884339e-10       4.563203069597e-12      -1.046023725653e-11       0.000000000000e+00       4.992174298527e-15       1.167633091374e-16       2.086957720119e-16 
 1050       1.405554951818e-10       4.524670616480e-12      -1.053430174771e-11       0.000000000000e+00       4.973614736564e-15       1.090121993157e-16       2.072136495863e-16 
 1051       1.409527794180e-10       4.485821763670e-12      -1.060508405979e-11       0.000000000000e+00       4.955139548614e-15       1.013698347579e-16       2.057153899026e-16 
 1052       1.413561153920e-10       4.446672113030e-12      -1.067258018724e-11       0.000000000000e+00       4.936748370841e-15       9.383707287877e-17       2.042012901334e-16 
 1053       1.417651746873e-10       4.407237391732e-12      -1.073678620606e-11       0.000000000000e+00       4.918440831871e-15       8.641477341997e-17       2.026716500934e-16 
 1054       1.421796262143e-10       4.367533452563e-12      -1.079769827401e-11       0.000000000000e+00       4.900216552765e-15       7.910379845226e-17       2.011267722461e-16 
 1055       1.425991362045e-10       4.327576274222e-12      -1.085531263094e-11       0.000000000000e+00       4.882075146996e-15       7.190501237735e-17       1.995669617101e-16 
 1056       1.430233682033e-10       4.287381961625e-12      -1.090962559904e-11       0.000000000000e+00       4.864016220433e-15       6.481928192980e-17       1.979925262658e-16 
 1057       1.434519830640e-10       4.246966746203e-12      -1.096063358315e-11       0.000000000000e+00       4.846039371311e-15       5.784747617907e-17       1.964037763618e-16 
 1058       1.438846389412e-10       4.206346986205e-12      -1.100833307100e-11       0.000000000000e+00       4.828144190211e-15       5.099046653137e-17       1.948010251214e-16 
 1059       1.443209912844e-10       4.165539166998e-12      -1.105272063356e-11       0.000000000000e+00       4.810330260040e-15       4.424912673166e-17       1.931845883492e-16 
 1060       1.447606928313e-10       4.124559901369e-12      -1.109379292528e-11       0.000000000000e+00       4.792597156005e-15       3.762433286556e-17       1.915547845375e-16 
 1061       1.452033936015e-10       4.083425929828e-12      -1.113154668436e-11       0.000000000000e+00       4.774944445590e-15       3.111696336133e-17       1.899119348731e-16 
 1062       1.456487408901e-10       4.042154120906e-12      -1.116597873309e-11       0.000000000000e+00       4.757371688538e-15       2.472789899180e-17       1.882563632433e-16 
 1063       1.460963792609e-10       4.000761471458e-12      -1.119708597807e-11       0.000000000000e+00       4.739878436822e-15       1.845802287631e-17       1.865883962430e-16 
 1064       1.465459505404e-10       3.959265106965e-12      -1.122486541054e-11       0.000000000000e+00       4.722464234629e-15       1.230822048267e-17       1.849083631806e-16 
 1065       1.469970938109e-10       3.917682281831e-12      -1.124931410664e-11       0.000000000000e+00       4.705128618332e-15       6.279379629076e-18       1.832165960851e-16 
 1066       1.474494454042e-10       3.876030379692e-12      -1.127042922772e-11       0.000000000000e+00       4.687871116469e-15       3.723904860958e-19       1.815134297123e-16 
 1067       1.479026388950e-10       3.834326913709e-12      -1.128820802057e-11       0.000000000000e+00       4.670691249724e-15      -5.411854421415e-18       1.797992015514e-16 
 1068       1.483563050949e-10       3.792589526875e-12      -1.130264781779e-11       0.000000000000e+00       4.653588530899e-15      -1.107246021236e-17       1.780742518313e-16 
 1069       1.488100720452e-10       3.750835992313e-12      -1.131374603796e-11       0.000000000000e+00       4.636562464893e-15      -1.660852964744e-17       1.763389235275e-16 
 1070       1.492635650109e-10       3.709084213580e-12      -1.132150018605e-11       0.000000000000e+00       4.619612548682e-15      -2.201916312725e-17       1.745935623683e-16 
 1071       1.497164064742e-10       3.667352224965e-12      -1.132590785360e-11       0.000000000000e+00       4.602738271295e-15      -2.730345869027e-17       1.728385168415e-16 
 1072       1.501682161277e-10       3.625658191793e-12      -1.132696671906e-11       0.000000000000e+00       4.585939113788e-15      -3.246051201099e-17       1.710741382008e-16 
 1073       1.506186108684e-10       3.584020410723e-12      -1.132467454806e-11       0.000000000000e+00       4.569214549227e-15      -3.748941639791e-17       1.693007804723e-16 
 1074       1.510672047909e-10       3.542457310055e-12      -1.131902919367e-11       0.000000000000e+00       4.552564042662e-15      -4.238926279163e-17       1.675188004612e-16 
 1075       1.515136091809e-10       3.500987450026e-12      -1.131002859675e-11       0.000000000000e+00       4.535987051104e-15      -4.715913976286e-17       1.657285577580e-16 
 1076       1.519574325089e-10       3.459629523110e-12      -1.129767078615e-11       0.000000000000e+00       4.519483023507e-15      -5.179813351053e-17       1.639304147453e-16 
 1077       1.523982804237e-10       3.418402354327e-12      -1.128195387906e-11       0.000000000000e+00       4.503051400737e-15      -5.630532785981e-17       1.621247366043e-16 
 1078       1.528357557459e-10       3.377324901536e-12      -1.126287608125e-11       0.000000000000e+00       4.486691615558e-15      -6.067980426017e-17       1.603118913210e-16 
 1079       1.532694584613e-10       3.336416255741e-12      -1.124043568739e-11       0.000000000000e+00       4.470403092605e-15      -6.492064178346e-17       1.584922496932e-16 
 1080       1.536989857145e-10       3.295695641390e-12      -1.121463108129e-11       0.000000000000e+00       4.454185248362e-15      -6.902691712189e-17       1.566661853364e-16 
 1081       1.541239743233e-10       3.255180790786e-12      -1.118546825672e-11       0.000000000000e+00       4.438037559602e-15      -7.299807362956e-17       1.548340541937e-16 
 1082       1.545442289635e-10       3.214883042646e-12      -1.115298349042e-11       0.000000000000e+00       4.421959769770e-15      -7.683503391273e-17       1.529961327462e-16 
 1083       1.549595957037e-10       3.174812177893e-12      -1.111722097609e-11       0.000000000000e+00       4.405951685346e-15      -8.053910227385e-17       1.511526789799e-16 
 1084       1.553699196397e-10       3.134978039669e-12      -1.107822533273e-11       0.000000000000e+00       4.390013107618e-15      -8.411159706775e-17       1.493039528119e-16 
 1085       1.557750448922e-10       3.095390533471e-12      -1.103604160573e-11       0.000000000000e+00       4.374143832668e-15      -8.755385073758e-17       1.474502160948e-16 
 1086       1.561748146047e-10       3.056059627288e-12      -1.099071526790e-11       0.000000000000e+00       4.358343651353e-15      -9.086720985071e-17       1.455917326210e-16 
 1087       1.565690709415e-10       3.016995351732e-12      -1.094229222053e-11       0.000000000000e+00       4.342612349296e-15      -9.405303513465e-17       1.437287681270e-16 
 1088       1.569576550857e-10       2.978207800176e-12      -1.089081879444e-11       0.000000000000e+00       4.326949706862e-15      -9.711270151295e-17       1.418615902981e-16 
 1089       1.573404072366e-10       2.939707128883e-12      -1.083634175108e-11       0.000000000000e+00       4.311355499148e-15      -1.000475981412e-16       1.399904687727e-16 
 1090       1.577171666082e-10       2.901503557148e-12      -1.077890828350e-11       0.000000000000e+00       4.295829495969e-15      -1.028591284427e-16       1.381156751465e-16 
 1091       1.580877714266e-10       2.863607367425e-12      -1.071856601748e-11       0.000000000000e+00       4.280371461836e-15      -1.055487101449e-16       1.362374829772e-16 
 1092       1.584520589281e-10       2.826028905466e-12      -1.065536301257e-11       0.000000000000e+00       4.264981155945e-15      -1.081177753146e-16       1.343561677889e-16 
 1093       1.588098653572e-10       2.788778580454e-12      -1.058934776310e-11       0.000000000000e+00       4.249658332161e-15      -1.105677703945e-16       1.324720070762e-16 
 1094       1.591610259643e-10       2.751866865138e-12      -1.052056919931e-11       0.000000000000e+00       4.234402739002e-15      -1.129001562387e-16       1.305852803089e-16 
 1095       1.595053750036e-10       2.715304295966e-12      -1.044907668833e-11       0.000000000000e+00       4.219214119622e-15      -1.151164081489e-16       1.286962689364e-16 
 1096       1.598427457309e-10       2.679101473221e-12      -1.037492003531e-11       0.000000000000e+00       4.204092211798e-15      -1.172180159101e-16       1.268052563920e-16 
 1097       1.601729704019e-10       2.643269061154e-12      -1.029814948440e-11       0.000000000000e+00       4.189036747912e-15      -1.192064838266e-16       1.249125280974e-16 
 1098       1.604958802697e-10       2.607817788122e-12      -1.021881571986e-11       0.000000000000e+00       4.174047454937e-15      -1.210833307580e-16       1.230183714670e-16 
 1099       1.608113055826e-10       2.572758446716e-12      -1.013696986711e-11       0.000000000000e+00       4.159124054422e-15      -1.228500901551e-16       1.211230759123e-16 
 1100       1.611190755823e-10       2.538101893902e-12      -1.005266349374e-11       0.000000000000e+00       4.144266262474e-15      -1.245083100955e-16       1.192269328466e-16 
 1101       1.614190185018e-10       2.503859051151e-12      -9.965948610630e-12       0.000000000000e+00       4.129473789745e-15      -1.260595533201e-16       1.173302356891e-16 
 1102       1.617109615630e-10       2.470040904575e-12      -9.876877672958e-12       0.000000000000e+00       4.114746341413e-15      -1.275053972684e-16       1.154332798693e-16 
 1103       1.619947309746e-10       2.436658505063e-12      -9.785503581276e-12       0.000000000000e+00       4.100083617171e-15      -1.288474341150e-16       1.135363628316e-16 
 1104       1.622701519304e-10       2.403722968411e-12      -9.691879682561e-12       0.000000000000e+00       4.085485311208e-15      -1.300872708049e-16       1.116397840398e-16 
 1105       1.625370486067e-10       2.371245475463e-12      -9.596059771269e-12       0.000000000000e+00       4.070951112195e-15      -1.312265290899e-16       1.097438449810e-16 
 1106       1.627952441606e-10       2.339237272240e-12      -9.498098090392e-12       0.000000000000e+00       4.056480703269e-15      -1.322668455646e-16       1.078488491707e-16 
 1107       1.630445607273e-10       2.307709670074e-12      -9.398049332515e-12       0.000000000000e+00       4.042073762016e-15      -1.332098717016e-16       1.059551021566e-16 
 1108       1.632848194188e-10       2.276674045747e-12      -9.295968640869e-12       0.000000000000e+00       4.027729960459e-15      -1.340572738883e-16       1.040629115235e-16 
 1109       1.635158403212e-10       2.246141841624e-12      -9.191911610385e-12       0.000000000000e+00       4.013448965039e-15      -1.348107334621e-16       1.021725868972e-16 
 1110       1.637374424925e-10       2.216124565784e-12      -9.085934288754e-12       0.000000000000e+00       3.999230436600e-15      -1.354719467469e-16       1.002844399495e-16 
 1111       1.639494439610e-10       2.186633792157e-12      -8.978093177480e-12       0.000000000000e+00       3.985074030374e-15      -1.360426250886e-16       9.839878440225e-17 
 1112       1.641516617229e-10       2.157681160661e-12      -8.868445232934e-12       0.000000000000e+00       3.970979395968e-15      -1.365244948911e-16       9.651593603161e-17 
 1113       1.643439117400e-10       2.129278377331e-12      -8.757047867412e-12       0.000000000000e+00       3.956946177344e-15      -1.369192976524e-16       9.463621267287e-17 
 1114       1.645260089381e-10       2.101437214458e-12      -8.643958950190e-12       0.000000000000e+00       3.942974012803e-15      -1.372287900003e-16       9.275993422461e-17 
 1115       1.646977672042e-10       2.074169510719e-12      -8.529236808577e-12       0.000000000000e+00       3.929062534977e-15      -1.374547437285e-16       9.088742265316e-17 
 1116       1.648589993850e-10       2.047487171317e-12      -8.412940228973e-12       0.000000000000e+00       3.915211370804e-15      -1.375989458324e-16       8.901900199701e-17 
 1117       1.650095172844e-10       2.021402168111e-12      -8.295128457925e-12       0.000000000000e+00       3.901420141519e-15      -1.376631985449e-16       8.715499837123e-17 
 1118       1.651491316618e-10       1.995926539752e-12      -8.175861203179e-12       0.000000000000e+00       3.887688462633e-15      -1.376493193727e-16       8.529573997189e-17 
 1119       1.652776522293e-10       1.971072391818e-12      -8.055198634738e-12       0.000000000000e+00       3.874015943925e-15      -1.375591411318e-16       8.344155708044e-17 
 1120       1.653948876504e-10       1.946851896947e-12      -7.933201385919e-12       0.000000000000e+00       3.860402189417e-15      -1.373945119836e-16       8.159278206814e-17 
 1121       1.655006455373e-10       1.923277294972e-12      -7.809930554405e-12       0.000000000000e+00       3.846846797367e-15      -1.371572954710e-16       7.974974940049e-17 
 1122       1.655947324488e-10       1.900360893056e-12      -7.685447703301e-12       0.000000000000e+00       3.833349360248e-15      -1.368493705539e-16       7.791279564161e-17 
 1123       1.656769538888e-10       1.878115065826e-12      -7.559814862192e-12       0.000000000000e+00       3.819909464735e-15      -1.364726316454e-16       7.608225945864e-17 
 1124       1.657471143034e-10       1.856552255509e-12      -7.433094528195e-12       0.000000000000e+00       3.806526691687e-15      -1.360289886477e-16       7.425848162621e-17 
 1125       1.658050170792e-10       1.835684972062e-12      -7.305349667018e-12       0.000000000000e+00       3.793200616135e-15      -1.355203669880e-16       7.244180503079e-17 
 1126       1.658504645412e-10       1.815525793311e-12      -7.176643714014e-12       0.000000000000e+00       3.779930807264e-15      -1.349487076544e-16       7.063257467514e-17 
 1127       1.658832579506e-10       1.796087365084e-12      -7.047040575233e-12       0.000000000000e+00       3.766716828395e-15      -1.343159672316e-16       6.883113768269e-17 
 1128       1.659031975026e-10       1.777382401345e-12      -6.916604628484e-12       0.000000000000e+00       3.753558236978e-15      -1.336241179373e-16       6.703784330199e-17 
 1129       1.659101289173e-10       1.759421186914e-12      -6.785398104504e-12       0.000000000000e+00       3.740454635828e-15      -1.328748381190e-16       6.525297824663e-17 
 1130       1.659040838768e-10       1.742204049970e-12      -6.653473191242e-12       0.000000000000e+00       3.727405827640e-15      -1.320685792868e-16       6.347657178989e-17 
 1131       1.658851414013e-10       1.725728792380e-12      -6.520879829474e-12       0.000000000000e+00       3.714411662448e-15      -1.312054870759e-16       6.170858815605e-17 
 1132       1.658533814241e-10       1.709993178179e-12      -6.387668324220e-12       0.000000000000e+00       3.701471986531e-15      -1.302857096970e-16       5.994899095439e-17 
 1133       1.658088847931e-10       1.694994933465e-12      -6.253889345561e-12       0.000000000000e+00       3.688586642407e-15      -1.293093979429e-16       5.819774317749e-17 
 1134       1.657517332737e-10       1.680731746305e-12      -6.119593929437e-12       0.000000000000e+00       3.675755468820e-15      -1.282767051957e-16       5.645480719958e-17 
 1135       1.656820095507e-10       1.667201266628e-12      -5.984833478465e-12       0.000000000000e+00       3.662978300727e-15      -1.271877874331e-16       5.472014477485e-17 
 1136       1.655997972307e-10       1.654401106128e-12      -5.849659762746e-12       0.000000000000e+00       3.650254969290e-15      -1.260428032354e-16       5.299371703580e-17 
 1137       1.655051808443e-10       1.642328838163e-12      -5.714124920668e-12       0.000000000000e+00       3.637585301866e-15      -1.248419137927e-16       5.127548449156e-17 
 1138       1.653982458484e-10       1.630981997655e-12      -5.578281459726e-12       0.000000000000e+00       3.624969121993e-15      -1.235852829109e-16       4.956540702621e-17 
 1139       1.652790786285e-10       1.620358080988e-12      -5.442182257319e-12       0.000000000000e+00       3.612406249380e-15      -1.222730770192e-16       4.786344389711e-17 
 1140       1.651477665010e-10       1.610454545910e-12      -5.305880561569e-12       0.000000000000e+00       3.599896499900e-15      -1.209054651765e-16       4.616955373325e-17 
 1141       1.650043977155e-10       1.601268811429e-12      -5.169429992124e-12       0.000000000000e+00       3.587439685575e-15      -1.194826190787e-16       4.448369453355e-17 
 1142       1.648490614566e-10       1.592798257715e-12      -5.032884540970e-12       0.000000000000e+00       3.575035614566e-15      -1.180047130646e-16       4.280582366521e-17 
 1143       1.646818478471e-10       1.585040225999e-12      -4.896298573237e-12       0.000000000000e+00       3.562684091164e-15      -1.164719241237e-16       4.113589786203e-17 
 1144       1.645028479493e-10       1.577992018475e-12      -4.759726828012e-12       0.000000000000e+00       3.550384915778e-15      -1.148844319023e-16       3.947387322273e-17 
 1145       1.643121537678e-10       1.571650898193e-12      -4.623224419144e-12       0.000000000000e+00       3.538137884924e-15      -1.132424187107e-16       3.781970520930e-17 
 1146       1.641098582518e-10       1.566014088965e-12      -4.486846836057e-12       0.000000000000e+00       3.525942791216e-15      -1.115460695298e-16       3.617334864530e-17 
 1147       1.638960552971e-10       1.561078775262e-12      -4.350649944555e-12       0.000000000000e+00       3.513799423352e-15      -1.097955720178e-16       3.453475771423e-17 
 1148       1.636708397486e-10       1.556842102113e-12      -4.214689987635e-12       0.000000000000e+00       3.501707566107e-15      -1.079911165175e-16       3.290388595780e-17 
 1149       1.634343074023e-10       1.553301175006e-12      -4.079023586291e-12       0.000000000000e+00       3.489667000318e-15      -1.061328960623e-16       3.128068627432e-17 
 1150       1.631865550080e-10       1.550453059785e-12      -3.943707740330e-12       0.000000000000e+00       3.477677502879e-15      -1.042211063840e-16       2.966511091700e-17 
 1151       1.629276802710e-10       1.548294782553e-12      -3.808799829173e-12       0.000000000000e+00       3.465738846723e-15      -1.022559459186e-16       2.805711149226e-17 
 1152       1.626577818549e-10       1.546823329569e-12      -3.674357612670e-12       0.000000000000e+00       3.453850800820e-15      -1.002376158137e-16       2.645663895809e-17 
 1153       1.623769593837e-10       1.546035647147e-12      -3.540439231908e-12       0.000000000000e+00       3.442013130157e-15      -9.816631993531e-17       2.486364362238e-17 
 1154       1.620853134437e-10       1.545928641560e-12      -3.407103210016e-12       0.000000000000e+00       3.430225595734e-15      -9.604226487432e-17       2.327807514121e-17 
 1155       1.617829455864e-10       1.546499178933e-12      -3.274408452981e-12       0.000000000000e+00       3.418487954549e-15      -9.386565995355e-17       2.169988251721e-17 
 1156       1.614699583304e-10       1.547744085147e-12      -3.142414250449e-12       0.000000000000e+00       3.406799959592e-15      -9.163671723450e-17       2.012901409791e-17 
 1157       1.611464551635e-10       1.549660145738e-12      -3.011180276542e-12       0.000000000000e+00       3.395161359830e-15      -8.935565152411e-17       1.856541757401e-17 
 1158       1.608125405454e-10       1.552244105795e-12      -2.880766590660e-12       0.000000000000e+00       3.383571900196e-15      -8.702268038161e-17       1.700903997776e-17 
 1159       1.604683199098e-10       1.555492669860e-12      -2.751233638294e-12       0.000000000000e+00       3.372031321583e-15      -8.463802412527e-17       1.545982768125e-17 
 1160       1.601138996665e-10       1.559402501829e-12      -2.622642251835e-12       0.000000000000e+00       3.360539360827e-15      -8.220190583926e-17       1.391772639477e-17 
 1161       1.597493872039e-10       1.563970224850e-12      -2.495053651382e-12       0.000000000000e+00       3.349095750702e-15      -7.971455138040e-17       1.238268116514e-17 
 1162       1.593748908910e-10       1.569192421222e-12      -2.368529445550e-12       0.000000000000e+00       3.337700219905e-15      -7.717618938500e-17       1.085463637399e-17 
 1163       1.589905200800e-10       1.575065632297e-12      -2.243131632280e-12       0.000000000000e+00       3.326352493048e-15      -7.458705127564e-17       9.333535736157e-18 
 1164       1.585963851084e-10       1.581586358378e-12      -2.118922599650e-12       0.000000000000e+00       3.315052290645e-15      -7.194737126795e-17       7.819322297963e-18 
 1165       1.581925973011e-10       1.588751058616e-12      -1.995965126681e-12       0.000000000000e+00       3.303799329103e-15      -6.925738637748e-17       6.311938435567e-18 
 1166       1.577792689732e-10       1.596556150915e-12      -1.874322384148e-12       0.000000000000e+00       3.292593320710e-15      -6.651733642642e-17       4.811325853285e-18 
 1167       1.573565134315e-10       1.604998011827e-12      -1.754057935387e-12       0.000000000000e+00       3.281433973626e-15      -6.372746405045e-17       3.317425581922e-18 
 1168       1.569244449774e-10       1.614072976454e-12      -1.635235737105e-12       0.000000000000e+00       3.270320991871e-15      -6.088801470555e-17       1.830177977101e-18 
 1169       1.564831789090e-10       1.623777338345e-12      -1.517920140192e-12       0.000000000000e+00       3.259254075312e-15      -5.799923667474e-17       3.495227175908e-19 
 1170       1.560328315232e-10       1.634107349398e-12      -1.402175890523e-12       0.000000000000e+00       3.248232919659e-15      -5.506138107497e-17      -1.124601196367e-18 
 1171       1.555735201182e-10       1.645059219760e-12      -1.288068129776e-12       0.000000000000e+00       3.237257216445e-15      -5.207470186384e-17      -2.592255444725e-18 
 1172       1.551053629955e-10       1.656629117723e-12      -1.175662396232e-12       0.000000000000e+00       3.226326653024e-15      -4.903945584645e-17      -4.053502389308e-18 
 1173       1.546284794624e-10       1.668813169627e-12      -1.065024625590e-12       0.000000000000e+00       3.215440912554e-15      -4.595590268218e-17      -5.508405075476e-18 
 1174       1.541429898343e-10       1.681607459757e-12      -9.562211517766e-13       0.000000000000e+00       3.204599673990e-15      -4.282430489149e-17      -6.957027233804e-18 
 1175       1.536490154368e-10       1.695008030245e-12      -8.493187077488e-13       0.000000000000e+00       3.193802612070e-15      -3.964492786276e-17      -8.399433281745e-18 
 1176       1.531466786080e-10       1.709010880968e-12      -7.443844263092e-13       0.000000000000e+00       3.183049397308e-15      -3.641803985901e-17      -9.835688325311e-18 
 1177       1.526361027008e-10       1.723611969447e-12      -6.414858409123e-13       0.000000000000e+00       3.172339695981e-15      -3.314391202480e-17      -1.126585816073e-17 
 1178       1.521174239948e-10       1.738806064342e-12      -5.406813993357e-13       0.000000000000e+00       3.161673207799e-15      -2.982293525589e-17      -1.268997305358e-17 
 1179       1.515908275892e-10       1.754583290566e-12      -4.419918742164e-13       0.000000000000e+00       3.151049779457e-15      -2.645597238216e-17      -1.410791858074e-17 
 1180       1.510565119598e-10       1.770932541103e-12      -3.454285994056e-13       0.000000000000e+00       3.140469292470e-15      -2.304401036785e-17      -1.551954343741e-17 
 1181       1.505146770929e-10       1.787842619330e-12      -2.510029249225e-13       0.000000000000e+00       3.129931625615e-15      -1.958804386186e-17      -1.692469553536e-17 
 1182       1.499655244888e-10       1.805302238816e-12      -1.587262169437e-13       0.000000000000e+00       3.119436654921e-15      -1.608907521463e-17      -1.832322200144e-17 
 1183       1.494092571648e-10       1.823300023122e-12      -6.860985779254e-14       0.000000000000e+00       3.108984253663e-15      -1.254811449506e-17      -1.971496917619e-17 
 1184       1.488460796589e-10       1.841824505602e-12       1.933475407150e-14       0.000000000000e+00       3.098574292352e-15      -8.966179507389e-18      -2.109978261232e-17 
 1185       1.482761980328e-10       1.860864129204e-12       1.050962040637e-13       0.000000000000e+00       3.088206638731e-15      -5.344295808087e-18      -2.247750707326e-17 
 1186       1.476998198754e-10       1.880407246270e-12       1.886630614846e-13       0.000000000000e+00       3.077881157766e-15      -1.683496722778e-18      -2.384798653174e-17 
 1187       1.471171543058e-10       1.900442118335e-12       2.700238795309e-13       0.000000000000e+00       3.067597711637e-15       2.015176636876e-18      -2.521106416829e-17 
 1188       1.465284119771e-10       1.920956915930e-12       3.491671953058e-13       0.000000000000e+00       3.057356159733e-15       5.750675356276e-18      -2.656658236982e-17 
 1189       1.459338050789e-10       1.941939718382e-12       4.260815298301e-13       0.000000000000e+00       3.047156358642e-15       9.521942700988e-18      -2.791438272812e-17 
 1190       1.453335473416e-10       1.963378513612e-12       5.007553880527e-13       0.000000000000e+00       3.036998162147e-15       1.332791409984e-17      -2.925430603841e-17 
 1191       1.447278540388e-10       1.985261197939e-12       5.731772588611e-13       0.000000000000e+00       3.026881421214e-15       1.716751712803e-17      -3.058619229793e-17 
 1192       1.441169419913e-10       2.007575575878e-12       6.433356150926e-13       0.000000000000e+00       3.016805983989e-15       2.103967149021e-17      -3.190988070442e-17 
 1193       1.435010295698e-10       2.030309359940e-12       7.112189135443e-13       0.000000000000e+00       3.006771695785e-15       2.494328900363e-17      -3.322520965468e-17 
 1194       1.428803366986e-10       2.053450170437e-12       7.768155949846e-13       0.000000000000e+00       2.996778399082e-15       2.887727358119e-17      -3.453201674314e-17 
 1195       1.422550848589e-10       2.076985535276e-12       8.401140841630e-13       0.000000000000e+00       2.986825933513e-15       3.284052121457e-17      -3.583013876037e-17 
 1196       1.416254970916e-10       2.100902889763e-12       9.011027898216e-13       0.000000000000e+00       2.976914135859e-15       3.683191995732e-17      -3.711941169163e-17 
 1197       1.409917980015e-10       2.125189576405e-12       9.597701047053e-13       0.000000000000e+00       2.967042840041e-15       4.085034990796e-17      -3.839967071541e-17 
 1198       1.403542137596e-10       2.149832844708e-12       1.016104405573e-12       0.000000000000e+00       2.957211877114e-15       4.489468319312e-17      -3.967075020197e-17 
 1199       1.397129721070e-10       2.174819850975e-12       1.070094053206e-12       0.000000000000e+00       2.947421075258e-15       4.896378395056e-17      -4.093248371192e-17 
 1200       1.390683023584e-10       2.200137658115e-12       1.121727392425e-12       0.000000000000e+00       2.937670259771e-15       5.305650831236e-17      -4.218470399468e-17 
 1201       1.384204354045e-10       2.225773235432e-12       1.170992752091e-12       0.000000000000e+00       2.927959253059e-15       5.717170438797e-17      -4.342724298710e-17 
 1202       1.377696037162e-10       2.251713458437e-12       1.217878445125e-12       0.000000000000e+00       2.918287874635e-15       6.130821224733e-17      -4.465993181196e-17 
 1203       1.371160413476e-10       2.277945108638e-12       1.262372768515e-12       0.000000000000e+00       2.908655941104e-15       6.546486390394e-17      -4.588260077653e-17 
 1204       1.364599839392e-10       2.304454873350e-12       1.304464003324e-12       0.000000000000e+00       2.899063266160e-15       6.964048329803e-17      -4.709507937110e-17 
 1205       1.358016687211e-10       2.331229345487e-12       1.344140414706e-12       0.000000000000e+00       2.889509660578e-15       7.383388627959e-17      -4.829719626753e-17 
 1206       1.351413345165e-10       2.358255023369e-12       1.381390251915e-12       0.000000000000e+00       2.879994932205e-15       7.804388059150e-17      -4.948877931779e-17 
 1207       1.344792217453e-10       2.385518310518e-12       1.416201748311e-12       0.000000000000e+00       2.870518885954e-15       8.226926585265e-17      -5.066965555248e-17 
 1208       1.338155724266e-10       2.413005515461e-12       1.448563121379e-12       0.000000000000e+00       2.861081323794e-15       8.650883354101e-17      -5.183965117941e-17 
 1209       1.331506301826e-10       2.440702851531e-12       1.478462572731e-12       0.000000000000e+00       2.851682044748e-15       9.076136697674e-17      -5.299859158213e-17 
 1210       1.324846402418e-10       2.468596436664e-12       1.505888288125e-12       0.000000000000e+00       2.842320844879e-15       9.502564130532e-17      -5.414630131844e-17 
 1211       1.318178494423e-10       2.496672293202e-12       1.530828437469e-12       0.000000000000e+00       2.832997517286e-15       9.930042348060e-17      -5.528260411897e-17 
 1212       1.311505062349e-10       2.524916347696e-12       1.553271174834e-12       0.000000000000e+00       2.823711852096e-15       1.035844722480e-16      -5.640732288571e-17 
 1213       1.304828606866e-10       2.553314430700e-12       1.573204638468e-12       0.000000000000e+00       2.814463636456e-15       1.078765381274e-16      -5.752027969055e-17 
 1214       1.298151644839e-10       2.581852276577e-12       1.590616950800e-12       0.000000000000e+00       2.805252654527e-15       1.121753633965e-16      -5.862129577381e-17 
 1215       1.291476709358e-10       2.610515523297e-12       1.605496218456e-12       0.000000000000e+00       2.796078687474e-15       1.164796820738e-16      -5.971019154281e-17 
 1216       1.284806349777e-10       2.639289712239e-12       1.617830532270e-12       0.000000000000e+00       2.786941513461e-15       1.207882199017e-16      -6.078678657036e-17 
 1217       1.278143131741e-10       2.668160287989e-12       1.627607967289e-12       0.000000000000e+00       2.777840907642e-15       1.250996943295e-16      -6.185089959339e-17 
 1218       1.271489637222e-10       2.697112598143e-12       1.634816582790e-12       0.000000000000e+00       2.768776642154e-15       1.294128144968e-16      -6.290234851138e-17 
 1219       1.264848464551e-10       2.726131893106e-12       1.639444422287e-12       0.000000000000e+00       2.759748486109e-15       1.337262812163e-16      -6.394095038500e-17 
 1220       1.258222228450e-10       2.755203325894e-12       1.641479513544e-12       0.000000000000e+00       2.750756205587e-15       1.380387869570e-16      -6.496652143460e-17 
 1221       1.251613560069e-10       2.784311951932e-12       1.640909868584e-12       0.000000000000e+00       2.741799563629e-15       1.423490158273e-16      -6.597887703875e-17 
 1222       1.245025107015e-10       2.813442728857e-12       1.637723483700e-12       0.000000000000e+00       2.732878320228e-15       1.466556435583e-16      -6.697783173280e-17 
 1223       1.238459533385e-10       2.842580516316e-12       1.631908339466e-12       0.000000000000e+00       2.723992232323e-15       1.509573374864e-16      -6.796319920744e-17 
 1224       1.231919519802e-10       2.871710075770e-12       1.623452400747e-12       0.000000000000e+00       2.715141053790e-15       1.552527565370e-16      -6.893479230717e-17 
 1225       1.225407763445e-10       2.900816070289e-12       1.612343616711e-12       0.000000000000e+00       2.706324535438e-15       1.595405512072e-16      -6.989242302894e-17 
 1226       1.218926978084e-10       2.929883064359e-12       1.598569920840e-12       0.000000000000e+00       2.697542424996e-15       1.638193635490e-16      -7.083590252060e-17 
 1227       1.212479637989e-10       2.958896586502e-12       1.582126500230e-12       0.000000000000e+00       2.688794494838e-15       1.680879977083e-16      -7.176506775109e-17 
 1228       1.206067206252e-10       2.987846331418e-12       1.563037698276e-12       0.000000000000e+00       2.680080625525e-15       1.723459337995e-16      -7.267986187155e-17 
 1229       1.199690897342e-10       3.016722995595e-12       1.541335372945e-12       0.000000000000e+00       2.671400723243e-15       1.765928201190e-16      -7.358025480866e-17 
 1230       1.193351932396e-10       3.045517217831e-12       1.517051651746e-12       0.000000000000e+00       2.662754692156e-15       1.808283031419e-16      -7.446621668057e-17 
 1231       1.187051539244e-10       3.074219579123e-12       1.490218932314e-12       0.000000000000e+00       2.654142434406e-15       1.850520275183e-16      -7.533771779758e-17 
 1232       1.180790952409e-10       3.102820602545e-12       1.460869883007e-12       0.000000000000e+00       2.645563850105e-15       1.892636360703e-16      -7.619472866275e-17 
 1233       1.174571413131e-10       3.131310753140e-12       1.429037443486e-12       0.000000000000e+00       2.637018837329e-15       1.934627697883e-16      -7.703721997266e-17 
 1234       1.168394169371e-10       3.159680437801e-12       1.394754825316e-12       0.000000000000e+00       2.628507292115e-15       1.976490678279e-16      -7.786516261797e-17 
 1235       1.162260475829e-10       3.187920005156e-12       1.358055512545e-12       0.000000000000e+00       2.620029108452e-15       2.018221675069e-16      -7.867852768418e-17 
 1236       1.156171593953e-10       3.216019745458e-12       1.318973262301e-12       0.000000000000e+00       2.611584178280e-15       2.059817043012e-16      -7.947728645223e-17 
 1237       1.150128791954e-10       3.243969890462e-12       1.277542105378e-12       0.000000000000e+00       2.603172391483e-15       2.101273118424e-16      -8.026141039920e-17 
 1238       1.144133344817e-10       3.271760613318e-12       1.233796346826e-12       0.000000000000e+00       2.594793635881e-15       2.142586219136e-16      -8.103087119894e-17 
 1239       1.138186534315e-10       3.299382028452e-12       1.187770566543e-12       0.000000000000e+00       2.586447797230e-15       2.183752644469e-16      -8.178564072280e-17 
 1240       1.132289649021e-10       3.326824191449e-12       1.139499619861e-12       0.000000000000e+00       2.578134759212e-15       2.224768675195e-16      -8.252569104022e-17 
 1241       1.126443984320e-10       3.354077098945e-12       1.089018638138e-12       0.000000000000e+00       2.569854403432e-15       2.265630573506e-16      -8.325099441946e-17 
 1242       1.120650842422e-10       3.381130688506e-12       1.036363029349e-12       0.000000000000e+00       2.561606609413e-15       2.306334582982e-16      -8.396152332822e-17 
 1243       1.114911532375e-10       3.407974838516e-12       9.815684786707e-13       0.000000000000e+00       2.553391254590e-15       2.346876928554e-16      -8.465725043434e-17 
 1244       1.109227370077e-10       3.434599368059e-12       9.246709490757e-13       0.000000000000e+00       2.545208214304e-15       2.387253816477e-16      -8.533814860643e-17 
 1245       1.103599678288e-10       3.460994036810e-12       8.657066819207e-13       0.000000000000e+00       2.537057361797e-15       2.427461434290e-16      -8.600419091457e-17 
 1246       1.098029786644e-10       3.487148544913e-12       8.047121975356e-13       0.000000000000e+00       2.528938568208e-15       2.467495950789e-16      -8.665535063095e-17 
 1247       1.092519031670e-10       3.513052532873e-12       7.417242958136e-13       0.000000000000e+00       2.520851702568e-15       2.507353515988e-16      -8.729160123057e-17 
 1248       1.087068756790e-10       3.538695581435e-12       6.767800568008e-13       0.000000000000e+00       2.512796631790e-15       2.547030261091e-16      -8.791291639186e-17 
 1249       1.081680312341e-10       3.564067211473e-12       6.099168412860e-13       0.000000000000e+00       2.504773220671e-15       2.586522298457e-16      -8.851926999737e-17 
 1250       1.076355055588e-10       3.589156883874e-12       5.411722913898e-13       0.000000000000e+00       2.496781331881e-15       2.625825721565e-16      -8.911063613444e-17 
 1251       1.071094350731e-10       3.613953999424e-12       4.705843311546e-13       0.000000000000e+00       2.488820825960e-15       2.664936604982e-16      -8.968698909587e-17 
 1252       1.065899568924e-10       3.638447898689e-12       3.981911671343e-13       0.000000000000e+00       2.480891561313e-15       2.703851004333e-16      -9.024830338055e-17 
 1253       1.060772088282e-10       3.662627861908e-12       3.240312889838e-13       0.000000000000e+00       2.472993394204e-15       2.742564956262e-16      -9.079455369419e-17 
 1254       1.055713293896e-10       3.686483108869e-12       2.481434700484e-13       0.000000000000e+00       2.465126178750e-15       2.781074478404e-16      -9.132571494992e-17 
 1255       1.050724577849e-10       3.710002798801e-12       1.705667679540e-13       0.000000000000e+00       2.457289766917e-15       2.819375569349e-16      -9.184176226898e-17 
 1256       1.045807339221e-10       3.733176030257e-12       9.134052519603e-14       0.000000000000e+00       2.449484008514e-15       2.857464208610e-16      -9.234267098140e-17 
 1257       1.040962984108e-10       3.755991840998e-12       1.050436972964e-14       0.000000000000e+00       2.441708751189e-15       2.895336356588e-16      -9.282841662667e-17 
 1258       1.036192925631e-10       3.778439207878e-12      -7.190178444094e-14       0.000000000000e+00       2.433963840421e-15       2.932987954543e-16      -9.329897495436e-17 
 1259       1.031498583953e-10       3.800507046732e-12      -1.558377366727e-13       0.000000000000e+00       2.426249119518e-15       2.970414924555e-16      -9.375432192483e-17 
 1260       1.026881386284e-10       3.822184212257e-12      -2.412629990944e-13       0.000000000000e+00       2.418564429610e-15       3.007613169498e-16      -9.419443370990e-17 
 1261       1.022342766902e-10       3.843459497901e-12      -3.281367960165e-13       0.000000000000e+00       2.410909609641e-15       3.044578572999e-16      -9.461928669347e-17 
 1262       1.017884167160e-10       3.864321635745e-12      -4.164180633421e-13       0.000000000000e+00       2.403284496371e-15       3.081306999410e-16      -9.502885747223e-17 
 1263       1.013507035500e-10       3.884759296392e-12      -5.060654479768e-13       0.000000000000e+00       2.395688924363e-15       3.117794293776e-16      -9.542312285631e-17 
 1264       1.009212827466e-10       3.904761088846e-12      -5.970373072395e-13       0.000000000000e+00       2.388122725982e-15       3.154036281795e-16      -9.580205986994e-17 
 1265       1.005003005718e-10       3.924315560403e-12      -6.892917082725e-13       0.000000000000e+00       2.380585731387e-15       3.190028769793e-16      -9.616564575212e-17 
 1266       1.000879040040e-10       3.943411196534e-12      -7.827864274519e-13       0.000000000000e+00       2.373077768531e-15       3.225767544685e-16      -9.651385795729e-17 
 1267       9.968424073582e-11       3.962036420769e-12      -8.774789497980e-13       0.000000000000e+00       2.365598663149e-15       3.261248373945e-16      -9.684667415601e-17 
 1268       9.928945917501e-11       3.980179594582e-12      -9.733264683859e-13       0.000000000000e+00       2.358148238757e-15       3.296467005572e-16      -9.716407223557e-17 
 1269       9.890370844581e-11       3.997829017281e-12      -1.070285883755e-12       0.000000000000e+00       2.350726316644e-15       3.331419168055e-16      -9.746603030074e-17 
 1270       9.852713839016e-11       4.014972925885e-12      -1.168313803322e-12       0.000000000000e+00       2.343332715871e-15       3.366100570344e-16      -9.775252667436e-17 
 1271       9.815989956902e-11       4.031599495016e-12      -1.267366540786e-12       0.000000000000e+00       2.335967253260e-15       3.400506901812e-16      -9.802353989803e-17 
 1272       9.780214326361e-11       4.047696836780e-12      -1.367400115546e-12       0.000000000000e+00       2.328629743393e-15       3.434633832227e-16      -9.827904873282e-17 
 1273       9.745402147663e-11       4.063253000656e-12      -1.468370252104e-12       0.000000000000e+00       2.321319998606e-15       3.468477011712e-16      -9.851903215987e-17 
 1274       9.711568693358e-11       4.078255973375e-12      -1.570232379481e-12       0.000000000000e+00       2.314037828982e-15       3.502032070720e-16      -9.874346938108e-17 
 1275       9.678729308396e-11       4.092693678813e-12      -1.672941630625e-12       0.000000000000e+00       2.306783042346e-15       3.535294619995e-16      -9.895233981979e-17 
 1276       9.646896021606e-11       4.106556072651e-12      -1.776453563006e-12       0.000000000000e+00       2.299555464922e-15       3.568261470277e-16      -9.914565595922e-17 
 1277       9.616067337370e-11       4.119841452873e-12      -1.880726330630e-12       0.000000000000e+00       2.292355003563e-15       3.600934306778e-16      -9.932356226822e-17 
 1278       9.586238327240e-11       4.132550221345e-12      -1.985718535739e-12       0.000000000000e+00       2.285181584222e-15       3.633316056740e-16      -9.948623741029e-17 
 1279       9.557404007849e-11       4.144682795632e-12      -2.091388509347e-12       0.000000000000e+00       2.278035131353e-15       3.665409673573e-16      -9.963386151168e-17 
 1280       9.529559340790e-11       4.156239609033e-12      -2.197694310705e-12       0.000000000000e+00       2.270915567907e-15       3.697218136916e-16      -9.976661616448e-17 
 1281       9.502699232492e-11       4.167221110626e-12      -2.304593726762e-12       0.000000000000e+00       2.263822815328e-15       3.728744452689e-16      -9.988468442969e-17 
 1282       9.476818534100e-11       4.177627765305e-12      -2.412044271629e-12       0.000000000000e+00       2.256756793551e-15       3.759991653152e-16      -9.998825084033e-17 
 1283       9.451912041343e-11       4.187460053819e-12      -2.520003186045e-12       0.000000000000e+00       2.249717420995e-15       3.790962796961e-16      -1.000775014045e-16 
 1284       9.427974494418e-11       4.196718472811e-12      -2.628427436839e-12       0.000000000000e+00       2.242704614561e-15       3.821660969225e-16      -1.001526236086e-16 
 1285       9.405000577864e-11       4.205403534860e-12      -2.737273716392e-12       0.000000000000e+00       2.235718289631e-15       3.852089281561e-16      -1.002138064200e-16 
 1286       9.382984920435e-11       4.213515768516e-12      -2.846498442101e-12       0.000000000000e+00       2.228758360058e-15       3.882250872156e-16      -1.002612402906e-16 
 1287       9.361922094981e-11       4.221055718344e-12      -2.956057755844e-12       0.000000000000e+00       2.221824738168e-15       3.912148905815e-16      -1.002951171599e-16 
 1288       9.341806618322e-11       4.228023944961e-12      -3.065907523445e-12       0.000000000000e+00       2.214917334753e-15       3.941786574027e-16      -1.003156304576e-16 
 1289       9.322632951125e-11       4.234421025074e-12      -3.176003334130e-12       0.000000000000e+00       2.208036059068e-15       3.971167095013e-16      -1.003229751071e-16 
 1290       9.304395497777e-11       4.240247551525e-12      -3.286300500001e-12       0.000000000000e+00       2.201180818830e-15       4.000293713791e-16      -1.003173475287e-16 
 1291       9.287088606267e-11       4.245504133322e-12      -3.396754055491e-12       0.000000000000e+00       2.194351520207e-15       4.029169702225e-16      -1.002989456420e-16 
 1292       9.270706568058e-11       4.250191395686e-12      -3.507318756831e-12       0.000000000000e+00       2.187548067824e-15       4.057798359088e-16      -1.002679688699e-16 
 1293       9.255243617965e-11       4.254309980086e-12      -3.617949081513e-12       0.000000000000e+00       2.180770364750e-15       4.086183010114e-16      -1.002246181410e-16 
 1294       9.240693934031e-11       4.257860544279e-12      -3.728599227755e-12       0.000000000000e+00       2.174018312501e-15       4.114327008058e-16      -1.001690958930e-16 
 1295       9.227051637403e-11       4.260843762351e-12      -3.839223113961e-12       0.000000000000e+00       2.167291811032e-15       4.142233732750e-16      -1.001016060757e-16 
 1296       9.214310792207e-11       4.263260324755e-12      -3.949774378188e-12       0.000000000000e+00       2.160590758736e-15       4.169906591153e-16      -1.000223541540e-16 
 1297       9.202465405428e-11       4.265110938352e-12      -4.060206377607e-12       0.000000000000e+00       2.153915052438e-15       4.197349017421e-16      -9.993154711114e-17 
 1298       9.191509426782e-11       4.266396326447e-12      -4.170472187969e-12       0.000000000000e+00       2.147264587393e-15       4.224564472954e-16      -9.982939345173e-17 
 1299       9.181436748596e-11       4.267117228832e-12      -4.280524603066e-12       0.000000000000e+00       2.140639257282e-15       4.251556446453e-16      -9.971610320477e-17 
 1300       9.172241205680e-11       4.267274401824e-12      -4.390316134195e-12       0.000000000000e+00       2.134038954207e-15       4.278328453981e-16      -9.959188792682e-17 
 1301       9.163916575209e-11       4.266868618303e-12      -4.499799009623e-12       0.000000000000e+00       2.127463568688e-15       4.304884039016e-16      -9.945696070501e-17 
 1302       9.156456576593e-11       4.265900667755e-12      -4.608925174048e-12       0.000000000000e+00       2.120912989660e-15       4.331226772509e-16      -9.931153616020e-17 
 1303       9.149854871358e-11       4.264371356307e-12      -4.717646288065e-12       0.000000000000e+00       2.114387104466e-15       4.357360252942e-16      -9.915583044998e-17 
 1304       9.144105063020e-11       4.262281506769e-12      -4.825913727629e-12       0.000000000000e+00       2.107885798860e-15       4.383288106382e-16      -9.899006127185e-17 
 1305       9.139200696962e-11       4.259631958674e-12      -4.933678583517e-12       0.000000000000e+00       2.101408956994e-15       4.409013986538e-16      -9.881444786620e-17 
 1306       9.135135260311e-11       4.256423568315e-12      -5.040891660792e-12       0.000000000000e+00       2.094956461424e-15       4.434541574822e-16      -9.862921101947e-17 
 1307       9.131902181811e-11       4.252657208786e-12      -5.147503478267e-12       0.000000000000e+00       2.088528193097e-15       4.459874580400e-16      -9.843457306724e-17 
 1308       9.129494831703e-11       4.248333770020e-12      -5.253464267970e-12       0.000000000000e+00       2.082124031355e-15       4.485016740251e-16      -9.823075789722e-17 
 1309       9.127906521602e-11       4.243454158832e-12      -5.358723974604e-12       0.000000000000e+00       2.075743853925e-15       4.509971819225e-16      -9.801799095246e-17 
 1310       9.127130504367e-11       4.238019298953e-12      -5.463232255012e-12       0.000000000000e+00       2.069387536921e-15       4.534743610096e-16      -9.779649923435e-17 
 1311       9.127159973985e-11       4.232030131074e-12      -5.566938477643e-12       0.000000000000e+00       2.063054954836e-15       4.559335933624e-16      -9.756651130570e-17 
 1312       9.127988065443e-11       4.225487612883e-12      -5.669791722011e-12       0.000000000000e+00       2.056745980539e-15       4.583752638608e-16      -9.732825729391e-17 
 1313       9.129607854603e-11       4.218392719105e-12      -5.771740778162e-12       0.000000000000e+00       2.050460485271e-15       4.607997601942e-16      -9.708196889393e-17 
 1314       9.132012358083e-11       4.210746441540e-12      -5.872734146137e-12       0.000000000000e+00       2.044198338645e-15       4.632074728674e-16      -9.682787937147e-17 
 1315       9.135194533129e-11       4.202549789106e-12      -5.972720035431e-12       0.000000000000e+00       2.037959408637e-15       4.655987952062e-16      -9.656622356598e-17 
 1316       9.139147277492e-11       4.193803787875e-12      -6.071646364466e-12       0.000000000000e+00       2.031743561584e-15       4.679741233630e-16      -9.629723789380e-17 
 1317       9.143863429308e-11       4.184509481114e-12      -6.169460760044e-12       0.000000000000e+00       2.025550662183e-15       4.703338563225e-16      -9.602116035121e-17 
 1318       9.149335766969e-11       4.174667929322e-12      -6.266110556816e-12       0.000000000000e+00       2.019380573483e-15       4.726783959076e-16      -9.573823051753e-17 
 1319       9.155557009003e-11       4.164280210273e-12      -6.361542796747e-12       0.000000000000e+00       2.013233156883e-15       4.750081467844e-16      -9.544868955820e-17 
 1320       9.162519813946e-11       4.153347419054e-12      -6.455704228575e-12       0.000000000000e+00       2.007108272131e-15       4.773235164688e-16      -9.515278022788e-17 
 1321       9.170216780226e-11       4.141870668102e-12      -6.548541307278e-12       0.000000000000e+00       2.001005777314e-15       4.796249153313e-16      -9.485074687349e-17 
 1322       9.178640446030e-11       4.129851087248e-12      -6.640000193534e-12       0.000000000000e+00       1.994925528861e-15       4.819127566034e-16      -9.454283543735e-17 
 1323       9.187783289188e-11       4.117289823752e-12      -6.730026753189e-12       0.000000000000e+00       1.988867381534e-15       4.841874563826e-16      -9.422929346021e-17 
 1324       9.197637727044e-11       4.104188042344e-12      -6.818566556717e-12       0.000000000000e+00       1.982831188428e-15       4.864494336385e-16      -9.391037008437e-17 
 1325       9.208194910424e-11       4.090548149690e-12      -6.905571742295e-12       0.000000000000e+00       1.976816816432e-15       4.886989018306e-16      -9.358627380106e-17 
 1326       9.219441091215e-11       4.076377482490e-12      -6.991021688980e-12       0.000000000000e+00       1.970824192826e-15       4.909352412340e-16      -9.325704517605e-17 
 1327       9.231361214457e-11       4.061684660155e-12      -7.074902570594e-12       0.000000000000e+00       1.964853259188e-15       4.931576196986e-16      -9.292268272569e-17 
 1328       9.243940120407e-11       4.046478364198e-12      -7.157200512743e-12       0.000000000000e+00       1.958903955978e-15       4.953652003999e-16      -9.258318504541e-17 
 1329       9.257162544340e-11       4.030767338355e-12      -7.237901592747e-12       0.000000000000e+00       1.952976222530e-15       4.975571418301e-16      -9.223855080987e-17 
 1330       9.271013116334e-11       4.014560388711e-12      -7.316991839575e-12       0.000000000000e+00       1.947069997050e-15       4.997325977903e-16      -9.188877877322e-17 
 1331       9.285476361073e-11       3.997866383821e-12      -7.394457233777e-12       0.000000000000e+00       1.941185216616e-15       5.018907173813e-16      -9.153386776925e-17 
 1332       9.300536697634e-11       3.980694254833e-12      -7.470283707412e-12       0.000000000000e+00       1.935321817172e-15       5.040306449951e-16      -9.117381671161e-17 
 1333       9.316178439284e-11       3.963052995611e-12      -7.544457143988e-12       0.000000000000e+00       1.929479733526e-15       5.061515203067e-16      -9.080862459400e-17 
 1334       9.332385793274e-11       3.944951662859e-12      -7.616963378388e-12       0.000000000000e+00       1.923658899350e-15       5.082524782651e-16      -9.043829049038e-17 
 1335       9.349142860631e-11       3.926399376243e-12      -7.687788196802e-12       0.000000000000e+00       1.917859247171e-15       5.103326490851e-16      -9.006281355515e-17 
 1336       9.366433635955e-11       3.907405318515e-12      -7.756917336667e-12       0.000000000000e+00       1.912080708378e-15       5.123911582383e-16      -8.968219302337e-17 
 1337       9.384242007210e-11       3.887978735635e-12      -7.824336486587e-12       0.000000000000e+00       1.906323213209e-15       5.144271264451e-16      -8.929642821094e-17 
 1338       9.402551755519e-11       3.868128936895e-12      -7.890031286278e-12       0.000000000000e+00       1.900586690755e-15       5.164396696658e-16      -8.890551851479e-17 
 1339       9.421346554958e-11       3.847865295040e-12      -7.953987326491e-12       0.000000000000e+00       1.894871068957e-15       5.184278990917e-16      -8.850946341312e-17 
 1340       9.440609972351e-11       3.827197246394e-12      -8.016190148949e-12       0.000000000000e+00       1.889176274597e-15       5.203909211374e-16      -8.810826246555e-17 
 1341       9.460325467060e-11       3.806134290981e-12      -8.076625246276e-12       0.000000000000e+00       1.883502233305e-15       5.223278374314e-16      -8.770191531334e-17 
 1342       9.480476390786e-11       3.784685992649e-12      -8.135278061933e-12       0.000000000000e+00       1.877848869548e-15       5.242377448080e-16      -8.729042167959e-17 
 1343       9.501045987354e-11       3.762861979191e-12      -8.192133990148e-12       0.000000000000e+00       1.872216106631e-15       5.261197352987e-16      -8.687378136944e-17 
 1344       9.522017392514e-11       3.740671942471e-12      -8.247178375847e-12       0.000000000000e+00       1.866603866694e-15       5.279728961232e-16      -8.645199427025e-17 
 1345       9.543373633733e-11       3.718125638546e-12      -8.300396514592e-12       0.000000000000e+00       1.861012070709e-15       5.297963096816e-16      -8.602506035181e-17 
 1346       9.565097629985e-11       3.695232887786e-12      -8.351773652504e-12       0.000000000000e+00       1.855440638479e-15       5.315890535451e-16      -8.559297966656e-17 
 1347       9.587172191552e-11       3.672003575003e-12      -8.401294986204e-12       0.000000000000e+00       1.849889488630e-15       5.333502004480e-16      -8.515575234973e-17 
 1348       9.609580019812e-11       3.648447649567e-12      -8.448945662740e-12       0.000000000000e+00       1.844358538614e-15       5.350788182786e-16      -8.471337861962e-17 
 1349       9.632303707036e-11       3.624575125535e-12      -8.494710779523e-12       0.000000000000e+00       1.838847704706e-15       5.367739700711e-16      -8.426585877770e-17 
 1350       9.655325736180e-11       3.600396081771e-12      -8.538575384256e-12       0.000000000000e+00       1.833356901995e-15       5.384347139968e-16      -8.381319320891e-17 
 1351       9.678628480681e-11       3.575920662071e-12      -8.580524474866e-12       0.000000000000e+00       1.827886044391e-15       5.400601033556e-16      -8.335538238178e-17 
 1352       9.702194204248e-11       3.551159075281e-12      -8.620542999440e-12       0.000000000000e+00       1.822435044612e-15       5.416491865674e-16      -8.289242684866e-17 
 1353       9.726005060658e-11       3.526121595427e-12      -8.658615856156e-12       0.000000000000e+00       1.817003814191e-15       5.432010071636e-16      -8.242432724592e-17 
 1354       9.750043093553e-11       3.500818561834e-12      -8.694727893210e-12       0.000000000000e+00       1.811592263464e-15       5.447146037784e-16      -8.195108429414e-17 
 1355       9.774290236225e-11       3.475260379248e-12      -8.728863908758e-12       0.000000000000e+00       1.806200301577e-15       5.461890101403e-16      -8.147269879830e-17 
 1356       9.798728311420e-11       3.449457517963e-12      -8.761008650839e-12       0.000000000000e+00       1.800827836473e-15       5.476232550638e-16      -8.098917164802e-17 
 1357       9.823339031124e-11       3.423420513940e-12      -8.791146817313e-12       0.000000000000e+00       1.795474774899e-15       5.490163624403e-16      -8.050050381770e-17 
 1358       9.848103996362e-11       3.397159968933e-12      -8.819263055791e-12       0.000000000000e+00       1.790141022395e-15       5.503673512299e-16      -8.000669636675e-17 
 1359       9.873004696990e-11       3.370686550609e-12      -8.845341963567e-12       0.000000000000e+00       1.784826483299e-15       5.516752354530e-16      -7.950775043978e-17 
 1360       9.898022511488e-11       3.344010992675e-12      -8.869368087552e-12       0.000000000000e+00       1.779531060736e-15       5.529390241811e-16      -7.900366726681e-17 
 1361       9.923138706757e-11       3.317144094996e-12      -8.891325924205e-12       0.000000000000e+00       1.774254656624e-15       5.541577215289e-16      -7.849444816345e-17 
 1362       9.948334437908e-11       3.290096723724e-12      -8.911199919466e-12       0.000000000000e+00       1.768997171663e-15       5.553303266453e-16      -7.798009453112e-17 
 1363       9.973590748061e-11       3.262879811415e-12      -8.928974468686e-12       0.000000000000e+00       1.763758505340e-15       5.564558337053e-16      -7.746060785722e-17 
 1364       9.998888568135e-11       3.235504357157e-12      -8.944633916562e-12       0.000000000000e+00       1.758538555919e-15       5.575332319008e-16      -7.693598971535e-17 
 1365       1.002420871664e-10       3.207981426688e-12      -8.958162557070e-12       0.000000000000e+00       1.753337220444e-15       5.585615054326e-16      -7.640624176551e-17 
 1366       1.004953189949e-10       3.180322152524e-12      -8.969544633394e-12       0.000000000000e+00       1.748154394734e-15       5.595396335013e-16      -7.587136575426e-17 
 1367       1.007483870977e-10       3.152537734080e-12      -8.978764337859e-12       0.000000000000e+00       1.742989973379e-15       5.604665902994e-16      -7.533136351499e-17 
 1368       1.010010962752e-10       3.124639437792e-12      -8.985805811866e-12       0.000000000000e+00       1.737843849741e-15       5.613413450022e-16      -7.478623696804e-17 
 1369       1.012532501960e-10       3.096638597241e-12      -8.990653145821e-12       0.000000000000e+00       1.732715915946e-15       5.621628617594e-16      -7.423598812095e-17 
 1370       1.015046513939e-10       3.068546613275e-12      -8.993290379070e-12       0.000000000000e+00       1.727606062886e-15       5.629300996865e-16      -7.368061906863e-17 
 1371       1.017551012664e-10       3.040374954135e-12      -8.993701499828e-12       0.000000000000e+00       1.722514180215e-15       5.636420128565e-16      -7.312013199359e-17 
 1372       1.020044000727e-10       3.012135155574e-12      -8.991870445116e-12       0.000000000000e+00       1.717440156346e-15       5.642975502908e-16      -7.255452916609e-17 
 1373       1.022523469311e-10       2.983838820982e-12      -8.987781100687e-12       0.000000000000e+00       1.712383878445e-15       5.648956559511e-16      -7.198381294440e-17 
 1374       1.024987558352e-10       2.955497056787e-12      -8.981423595781e-12       0.000000000000e+00       1.707345244082e-15       5.654355348407e-16      -7.140798916294e-17 
 1375       1.027435038895e-10       2.927118771828e-12      -8.972813260795e-12       0.000000000000e+00       1.702324196293e-15       5.659174544247e-16      -7.082707733604e-17 
 1376       1.029864835829e-10       2.898712360126e-12      -8.961971871238e-12       0.000000000000e+00       1.697320688885e-15       5.663419517219e-16      -7.024110056322e-17 
 1377       1.032275868165e-10       2.870286264053e-12      -8.948921371546e-12       0.000000000000e+00       1.692334674815e-15       5.667095679769e-16      -6.965008215141e-17 
 1378       1.034667049023e-10       2.841848974416e-12      -8.933683875420e-12       0.000000000000e+00       1.687366106193e-15       5.670208486690e-16      -6.905404561538e-17 
 1379       1.037037285627e-10       2.813409030552e-12      -8.916281666156e-12       0.000000000000e+00       1.682414934278e-15       5.672763435198e-16      -6.845301467816e-17 
 1380       1.039385479291e-10       2.784975020404e-12      -8.896737196975e-12       0.000000000000e+00       1.677481109476e-15       5.674766065020e-16      -6.784701327145e-17 
 1381       1.041710525406e-10       2.756555580618e-12      -8.875073091357e-12       0.000000000000e+00       1.672564581337e-15       5.676221958476e-16      -6.723606553603e-17 
 1382       1.044011313438e-10       2.728159396624e-12      -8.851312143375e-12       0.000000000000e+00       1.667665298558e-15       5.677136740563e-16      -6.662019582217e-17 
 1383       1.046286726910e-10       2.699795202726e-12      -8.825477318024e-12       0.000000000000e+00       1.662783208973e-15       5.677516079037e-16      -6.599942869004e-17 
 1384       1.048535643392e-10       2.671471782189e-12      -8.797591751553e-12       0.000000000000e+00       1.657918259558e-15       5.677365684499e-16      -6.537378891015e-17 
 1385       1.050756934495e-10       2.643197967324e-12      -8.767678751801e-12       0.000000000000e+00       1.653070396425e-15       5.676691310475e-16      -6.474330146373e-17 
 1386       1.052949465858e-10       2.614982639579e-12      -8.735761798524e-12       0.000000000000e+00       1.648239564823e-15       5.675498753501e-16      -6.410799154315e-17 
 1387       1.055112097137e-10       2.586834729621e-12      -8.701864543730e-12       0.000000000000e+00       1.643425709133e-15       5.673793853206e-16      -6.346788455236e-17 
 1388       1.057243681994e-10       2.558763217429e-12      -8.666010812011e-12       0.000000000000e+00       1.638628772868e-15       5.671582492399e-16      -6.282300610727e-17 
 1389       1.059343068091e-10       2.530777132375e-12      -8.628224600876e-12       0.000000000000e+00       1.633848698670e-15       5.668870597145e-16      -6.217338203618e-17 
 1390       1.061409097072e-10       2.502885553317e-12      -8.588530081080e-12       0.000000000000e+00       1.629085428310e-15       5.665664136856e-16      -6.151903838019e-17 
 1391       1.063440604561e-10       2.475097608681e-12      -8.546951596958e-12       0.000000000000e+00       1.624338902682e-15       5.661969124367e-16      -6.086000139360e-17 
 1392       1.065436420145e-10       2.447422476554e-12      -8.503513666758e-12       0.000000000000e+00       1.619609061807e-15       5.657791616027e-16      -6.019629754437e-17 
 1393       1.067395367366e-10       2.419869384764e-12      -8.458240982972e-12       0.000000000000e+00       1.614895844824e-15       5.653137711776e-16      -5.952795351446e-17 
 1394       1.069316263713e-10       2.392447610972e-12      -8.411158412667e-12       0.000000000000e+00       1.610199189994e-15       5.648013555233e-16      -5.885499620030e-17 
 1395       1.071197920605e-10       2.365166482759e-12      -8.362290997819e-12       0.000000000000e+00       1.605519034696e-15       5.642425333777e-16      -5.817745271320e-17 
 1396       1.073039143389e-10       2.338035377712e-12      -8.311663955646e-12       0.000000000000e+00       1.600855315422e-15       5.636379278628e-16      -5.749535037973e-17 
 1397       1.074838731322e-10       2.311063723509e-12      -8.259302678936e-12       0.000000000000e+00       1.596207967781e-15       5.629881664938e-16      -5.680871674215e-17 
 1398       1.076595477567e-10       2.284260998012e-12      -8.205232736383e-12       0.000000000000e+00       1.591576926491e-15       5.622938811864e-16      -5.611757955885e-17 
 1399       1.078308169176e-10       2.257636729349e-12      -8.149479872918e-12       0.000000000000e+00       1.586962125382e-15       5.615557082662e-16      -5.542196680471e-17 
 1400       1.079975587086e-10       2.231200496000e-12      -8.092070010040e-12       0.000000000000e+00       1.582363497390e-15       5.607742884762e-16      -5.472190667156e-17 
 1401       1.081596506102e-10       2.204961926892e-12      -8.033029246148e-12       0.000000000000e+00       1.577780974558e-15       5.599502669856e-16      -5.401742756858e-17 
 1402       1.083169694895e-10       2.178930701476e-12      -7.972383856877e-12       0.000000000000e+00       1.573214488032e-15       5.590842933978e-16      -5.330855812268e-17 
 1403       1.084693915981e-10       2.153116549823e-12      -7.910160295424e-12       0.000000000000e+00       1.568663968062e-15       5.581770217592e-16      -5.259532717898e-17 
 1404       1.086167925722e-10       2.127529252705e-12      -7.846385192885e-12       0.000000000000e+00       1.564129343994e-15       5.572291105672e-16      -5.187776380115e-17 
 1405       1.087590474305e-10       2.102178641685e-12      -7.781085358585e-12       0.000000000000e+00       1.559610544276e-15       5.562412227785e-16      -5.115589727189e-17 
 1406       1.088960305738e-10       2.077074599204e-12      -7.714287780410e-12       0.000000000000e+00       1.555107496450e-15       5.552140258176e-16      -5.042975709330e-17 
 1407       1.090276157840e-10       2.052227058667e-12      -7.646019625140e-12       0.000000000000e+00       1.550620127151e-15       5.541481915851e-16      -4.969937298728e-17 
 1408       1.091536762226e-10       2.027646004531e-12      -7.576308238780e-12       0.000000000000e+00       1.546148362109e-15       5.530443964660e-16      -4.896477489601e-17 
 1409       1.092740844299e-10       2.003341472393e-12      -7.505181146893e-12       0.000000000000e+00       1.541692126141e-15       5.519033213381e-16      -4.822599298230e-17 
 1410       1.093887123241e-10       1.979323549075e-12      -7.432666054932e-12       0.000000000000e+00       1.537251343154e-15       5.507256515803e-16      -4.748305763001e-17 
 1411       1.094974312001e-10       1.955602372713e-12      -7.358790848573e-12       0.000000000000e+00       1.532825936141e-15       5.495120770809e-16      -4.673599944451e-17 
 1412       1.096001117283e-10       1.932188132842e-12      -7.283583594043e-12       0.000000000000e+00       1.528415827179e-15       5.482632922460e-16      -4.598484925305e-17 
 1413       1.096966239540e-10       1.909091070486e-12      -7.207072538459e-12       0.000000000000e+00       1.524020937425e-15       5.469799960077e-16      -4.522963810516e-17 
 1414       1.097868372958e-10       1.886321478244e-12      -7.129286110152e-12       0.000000000000e+00       1.519641187120e-15       5.456628918327e-16      -4.447039727312e-17 
 1415       1.098706205452e-10       1.863889700375e-12      -7.050252919006e-12       0.000000000000e+00       1.515276495580e-15       5.443126877303e-16      -4.370715825232e-17 
 1416       1.099478418648e-10       1.841806132889e-12      -6.970001756787e-12       0.000000000000e+00       1.510926781200e-15       5.429300962611e-16      -4.293995276172e-17 
 1417       1.100183687879e-10       1.820081223631e-12      -6.888561597477e-12       0.000000000000e+00       1.506591961447e-15       5.415158345452e-16      -4.216881274420e-17 
 1418       1.100820682173e-10       1.798725472370e-12      -6.805961597600e-12       0.000000000000e+00       1.502271952861e-15       5.400706242702e-16      -4.139377036704e-17 
 1419       1.101388064238e-10       1.777749430884e-12      -6.722231096564e-12       0.000000000000e+00       1.497966671053e-15       5.385951917000e-16      -4.061485802229e-17 
 1420       1.101884490460e-10       1.757163703051e-12      -6.637399616984e-12       0.000000000000e+00       1.493676030702e-15       5.370902676832e-16      -3.983210832720e-17 
 1421       1.102308610883e-10       1.736978944931e-12      -6.551496865021e-12       0.000000000000e+00       1.489399945553e-15       5.355565876607e-16      -3.904555412464e-17 
 1422       1.102659069208e-10       1.717205864858e-12      -6.464552730708e-12       0.000000000000e+00       1.485138328417e-15       5.339948916750e-16      -3.825522848349e-17 
 1423       1.102934760870e-10       1.697853594814e-12      -6.376597874540e-12       0.000000000000e+00       1.480891099979e-15       5.324058420138e-16      -3.746119577573e-17 
 1424       1.103135610222e-10       1.678924786084e-12      -6.287665493161e-12       0.000000000000e+00       1.476658215345e-15       5.307897752001e-16      -3.666364525626e-17 
 1425       1.103261801317e-10       1.660420463368e-12      -6.197789572478e-12       0.000000000000e+00       1.472439637765e-15       5.291469474701e-16      -3.586279844564e-17 
 1426       1.103313520551e-10       1.642341648918e-12      -6.107004303430e-12       0.000000000000e+00       1.468235329845e-15       5.274776169094e-16      -3.505887814294e-17 
 1427       1.103290956659e-10       1.624689362520e-12      -6.015344082347e-12       0.000000000000e+00       1.464045253543e-15       5.257820434565e-16      -3.425210842801e-17 
 1428       1.103194300726e-10       1.607464621489e-12      -5.922843511321e-12       0.000000000000e+00       1.459869370169e-15       5.240604889060e-16      -3.344271466371e-17 
 1429       1.103023746189e-10       1.590668440657e-12      -5.829537398573e-12       0.000000000000e+00       1.455707640384e-15       5.223132169125e-16      -3.263092349820e-17 
 1430       1.102779488840e-10       1.574301832368e-12      -5.735460758816e-12       0.000000000000e+00       1.451560024197e-15       5.205404929938e-16      -3.181696286716e-17 
 1431       1.102461726837e-10       1.558365806463e-12      -5.640648813626e-12       0.000000000000e+00       1.447426480965e-15       5.187425845342e-16      -3.100106199604e-17 
 1432       1.102070660703e-10       1.542861370277e-12      -5.545136991807e-12       0.000000000000e+00       1.443306969390e-15       5.169197607885e-16      -3.018345140235e-17 
 1433       1.101606493334e-10       1.527789528624e-12      -5.448960929758e-12       0.000000000000e+00       1.439201447519e-15       5.150722928847e-16      -2.936436289789e-17 
 1434       1.101069430001e-10       1.513151283791e-12      -5.352156471838e-12       0.000000000000e+00       1.435109872742e-15       5.132004538282e-16      -2.854402959099e-17 
 1435       1.100459678359e-10       1.498947635526e-12      -5.254759670738e-12       0.000000000000e+00       1.431032201791e-15       5.113045185048e-16      -2.772268588880e-17 
 1436       1.099777448447e-10       1.485179581033e-12      -5.156806787842e-12       0.000000000000e+00       1.426968390737e-15       5.093847636843e-16      -2.690056749951e-17 
 1437       1.099022952698e-10       1.471848114959e-12      -5.058334293596e-12       0.000000000000e+00       1.422918394991e-15       5.074414680239e-16      -2.607791143462e-17 
 1438       1.098196405940e-10       1.458954229385e-12      -4.959378867878e-12       0.000000000000e+00       1.418882169300e-15       5.054749120719e-16      -2.525495601119e-17 
 1439       1.097298025400e-10       1.446498913820e-12      -4.859977400357e-12       0.000000000000e+00       1.414859667748e-15       5.034853782706e-16      -2.443194085410e-17 
 1440       1.096328030715e-10       1.434483155186e-12      -4.760166990870e-12       0.000000000000e+00       1.410850843751e-15       5.014731509605e-16      -2.360910689828e-17 
 1441       1.095286643930e-10       1.422907937813e-12      -4.659984949780e-12       0.000000000000e+00       1.406855650061e-15       4.994385163833e-16      -2.278669639099e-17 
 1442       1.094174089505e-10       1.411774243431e-12      -4.559468798346e-12       0.000000000000e+00       1.402874038760e-15       4.973817626853e-16      -2.196495289408e-17 
 1443       1.092990594323e-10       1.401083051155e-12      -4.458656269094e-12       0.000000000000e+00       1.398905961259e-15       4.953031799211e-16      -2.114412128621e-17 
 1444       1.091736387691e-10       1.390835337481e-12      -4.357585306177e-12       0.000000000000e+00       1.394951368299e-15       4.932030600571e-16      -2.032444776513e-17 
 1445       1.090411701345e-10       1.381032076273e-12      -4.256294065743e-12       0.000000000000e+00       1.391010209947e-15       4.910816969745e-16      -1.950617984992e-17 
 1446       1.089016769457e-10       1.371674238757e-12      -4.154820916309e-12       0.000000000000e+00       1.387082435596e-15       4.889393864735e-16      -1.868956638324e-17 
 1447       1.087551828640e-10       1.362762793509e-12      -4.053204439117e-12       0.000000000000e+00       1.383167993964e-15       4.867764262759e-16      -1.787485753362e-17 
 1448       1.086017117950e-10       1.354298706447e-12      -3.951483428509e-12       0.000000000000e+00       1.379266833090e-15       4.845931160295e-16      -1.706230479765e-17 
 1449       1.084412878892e-10       1.346282940823e-12      -3.849696892292e-12       0.000000000000e+00       1.375378900335e-15       4.823897573106e-16      -1.625216100232e-17 
 1450       1.082739355429e-10       1.338716457209e-12      -3.747884052101e-12       0.000000000000e+00       1.371504142381e-15       4.801666536282e-16      -1.544468030716e-17 
 1451       1.080996793978e-10       1.331600213493e-12      -3.646084343770e-12       0.000000000000e+00       1.367642505227e-15       4.779241104272e-16      -1.464011820662e-17 
 1452       1.079185443425e-10       1.324935164867e-12      -3.544337417699e-12       0.000000000000e+00       1.363793934190e-15       4.756624350916e-16      -1.383873153220e-17 
 1453       1.077305555121e-10       1.318722263818e-12      -3.442683139218e-12       0.000000000000e+00       1.359958373901e-15       4.733819369485e-16      -1.304077845482e-17 
 1454       1.075357382894e-10       1.312962460119e-12      -3.341161588953e-12       0.000000000000e+00       1.356135768305e-15       4.710829272711e-16      -1.224651848698e-17 
 1455       1.073341183048e-10       1.307656700821e-12      -3.239813063200e-12       0.000000000000e+00       1.352326060662e-15       4.687657192823e-16      -1.145621248507e-17 
 1456       1.071257214372e-10       1.302805930239e-12      -3.138678074281e-12       0.000000000000e+00       1.348529193540e-15       4.664306281583e-16      -1.067012265159e-17 
 1457       1.069105738144e-10       1.298411089950e-12      -3.037797350922e-12       0.000000000000e+00       1.344745108819e-15       4.640779710318e-16      -9.888512537428e-18 
 1458       1.066887018132e-10       1.294473118776e-12      -2.937211838611e-12       0.000000000000e+00       1.340973747687e-15       4.617080669958e-16      -9.111647044110e-18 
 1459       1.064601320607e-10       1.290992952780e-12      -2.836962699968e-12       0.000000000000e+00       1.337215050637e-15       4.593212371067e-16      -8.339792426036e-18 
 1460       1.062248914337e-10       1.287971525255e-12      -2.737091315115e-12       0.000000000000e+00       1.333468957468e-15       4.569178043880e-16      -7.573216292751e-18 
 1461       1.059830070603e-10       1.285409766715e-12      -2.637639282037e-12       0.000000000000e+00       1.329735407285e-15       4.544980938336e-16      -6.812187611191e-18 
 1462       1.057345063195e-10       1.283308604886e-12      -2.538648416953e-12       0.000000000000e+00       1.326014338493e-15       4.520624324113e-16      -6.056976707941e-18 
 1463       1.054794168422e-10       1.281668964694e-12      -2.440160754681e-12       0.000000000000e+00       1.322305688799e-15       4.496111490666e-16      -5.307855271483e-18 
 1464       1.052177665116e-10       1.280491768259e-12      -2.342218549006e-12       0.000000000000e+00       1.318609395208e-15       4.471445747256e-16      -4.565096354455e-18 
 1465       1.049495834634e-10       1.279777934885e-12      -2.244864273045e-12       0.000000000000e+00       1.314925394026e-15       4.446630422987e-16      -3.828974375900e-18 
 1466       1.046748960867e-10       1.279528381050e-12      -2.148140619617e-12       0.000000000000e+00       1.311253620853e-15       4.421668866841e-16      -3.099765123524e-18 
 1467       1.043937330242e-10       1.279744020396e-12      -2.052090501604e-12       0.000000000000e+00       1.307594010586e-15       4.396564447715e-16      -2.377745755947e-18 
 1468       1.041061231726e-10       1.280425763722e-12      -1.956757052326e-12       0.000000000000e+00       1.303946497413e-15       4.371320554449e-16      -1.663194804956e-18 
 1469       1.038120956836e-10       1.281574518972e-12      -1.862183625901e-12       0.000000000000e+00       1.300311014818e-15       4.345940595868e-16      -9.563921777600e-19 
 1470       1.035116799638e-10       1.283191191227e-12      -1.768413797615e-12       0.000000000000e+00       1.296687495573e-15       4.320428000811e-16      -2.576191592440e-19 
 1471       1.032049056754e-10       1.285276682696e-12      -1.675491364286e-12       0.000000000000e+00       1.293075871741e-15       4.294786218168e-16       4.328415857789e-19 
 1472       1.028918156180e-10       1.287830714552e-12      -1.583455668497e-12       0.000000000000e+00       1.289476081387e-15       4.269019026155e-16       1.114770914235e-18 
 1473       1.025725045123e-10       1.290848279649e-12      -1.492327519707e-12       0.000000000000e+00       1.285888088794e-15       4.243131463425e-16       1.788208619781e-18 
 1474       1.022470806024e-10       1.294323154539e-12      -1.402123133981e-12       0.000000000000e+00       1.282311864448e-15       4.217128907276e-16       2.453259954984e-18 
 1475       1.019156528112e-10       1.298249074356e-12      -1.312858797539e-12       0.000000000000e+00       1.278747378337e-15       4.191016765303e-16       3.110030904930e-18 
 1476       1.015783307414e-10       1.302619732739e-12      -1.224550866864e-12       0.000000000000e+00       1.275194599950e-15       4.164800475449e-16       3.758628188563e-18 
 1477       1.012352246766e-10       1.307428781762e-12      -1.137215768812e-12       0.000000000000e+00       1.271653498278e-15       4.138485506060e-16       4.399159260018e-18 
 1478       1.008864455826e-10       1.312669831852e-12      -1.050870000721e-12       0.000000000000e+00       1.268124041813e-15       4.112077355932e-16       5.031732309966e-18 
 1479       1.005321051086e-10       1.318336451724e-12      -9.655301305152e-13       0.000000000000e+00       1.264606198543e-15       4.085581554364e-16       5.656456266950e-18 
 1480       1.001723155884e-10       1.324422168298e-12      -8.812127968148e-13       0.000000000000e+00       1.261099935955e-15       4.059003661214e-16       6.273440798721e-18 
 1481       9.980719004154e-11       1.330920466629e-12      -7.979347090456e-13       0.000000000000e+00       1.257605221033e-15       4.032349266944e-16       6.882796313581e-18 
 1482       9.943684217461e-11       1.337824789831e-12      -7.157126475450e-13       0.000000000000e+00       1.254122020257e-15       4.005623992675e-16       7.484633961716e-18 
 1483       9.906138638232e-11       1.345128539004e-12      -6.345634636710e-13       0.000000000000e+00       1.250650299599e-15       3.978833490242e-16       8.079065636541e-18 
 1484       9.868093774880e-11       1.352825073157e-12      -5.545040799099e-13       0.000000000000e+00       1.247190024527e-15       3.951983442240e-16       8.666203976034e-18 
 1485       9.829561204870e-11       1.360907709136e-12      -4.755514899843e-13       0.000000000000e+00       1.243741160000e-15       3.925079562077e-16       9.246162364073e-18 
 1486       9.790552574850e-11       1.369369721548e-12      -3.977227589614e-13       0.000000000000e+00       1.240303670469e-15       3.898127594029e-16       9.819054931779e-18 
 1487       9.751079600760e-11       1.378204342688e-12      -3.210350233605e-13       0.000000000000e+00       1.236877519874e-15       3.871133313289e-16       1.038499655885e-17 
 1488       9.711154067961e-11       1.387404762460e-12      -2.455054912617e-13       0.000000000000e+00       1.233462671644e-15       3.844102526019e-16       1.094410287491e-17 
 1489       9.670787831348e-11       1.396964128310e-12      -1.711514424133e-13       0.000000000000e+00       1.230059088698e-15       3.817041069403e-16       1.149649026083e-17 
 1490       9.629992815471e-11       1.406875545145e-12      -9.799022834021e-14       0.000000000000e+00       1.226666733439e-15       3.789954811695e-16       1.204227585007e-17 
 1491       9.588781014661e-11       1.417132075261e-12      -2.603927245180e-14       0.000000000000e+00       1.223285567759e-15       3.762849652275e-16       1.258157753005e-17 
 1492       9.547164493139e-11       1.427726738269e-12       4.468392985003e-14       0.000000000000e+00       1.219915553031e-15       3.735731521701e-16       1.311451394342e-17 
 1493       9.505155385147e-11       1.438652511018e-12       1.141618110628e-13       0.000000000000e+00       1.216556650115e-15       3.708606381756e-16       1.364120448948e-17 
 1494       9.462765895058e-11       1.449902327526e-12       1.823767314755e-13       0.000000000000e+00       1.213208819353e-15       3.681480225504e-16       1.416176932546e-17 
 1495       9.420008297502e-11       1.461469078898e-12       2.493109790605e-13       0.000000000000e+00       1.209872020566e-15       3.654359077339e-16       1.467632936787e-17 
 1496       9.376894937485e-11       1.473345613257e-12       3.149467693655e-13       0.000000000000e+00       1.206546213058e-15       3.627248993039e-16       1.518500629387e-17 
 1497       9.333438230507e-11       1.485524735668e-12       3.792662454058e-13       0.000000000000e+00       1.203231355611e-15       3.600156059817e-16       1.568792254255e-17 
 1498       9.289650662681e-11       1.497999208062e-12       4.422514775558e-13       0.000000000000e+00       1.199927406487e-15       3.573086396372e-16       1.618520131632e-17 
 1499       9.245544790858e-11       1.510761749164e-12       5.038844634413e-13       0.000000000000e+00       1.196634323423e-15       3.546046152940e-16       1.667696658225e-17 
 1500       9.201133242738e-11       1.523805034416e-12       5.641471278315e-13       0.000000000000e+00       1.193352063633e-15       3.519041511347e-16       1.716334307335e-17 
 1501       9.156428716999e-11       1.537121695906e-12       6.230213225307e-13       0.000000000000e+00       1.190080583807e-15       3.492078685063e-16       1.764445628998e-17 
 1502       9.111443983412e-11       1.550704322288e-12       6.804888262706e-13       0.000000000000e+00       1.186819840107e-15       3.465163919249e-16       1.812043250114e-17 
 1503       9.066191882960e-11       1.564545458713e-12       7.365313446022e-13       0.000000000000e+00       1.183569788170e-15       3.438303490810e-16       1.859139874582e-17 
 1504       9.020685327960e-11       1.578637606751e-12       7.911305097876e-13       0.000000000000e+00       1.180330383103e-15       3.411503708450e-16       1.905748283436e-17 
 1505       8.974937302181e-11       1.592973224319e-12       8.442678806920e-13       0.000000000000e+00       1.177101579484e-15       3.384770912721e-16       1.951881334976e-17 
 1506       8.928960860968e-11       1.607544725603e-12       8.959249426762e-13       0.000000000000e+00       1.173883331363e-15       3.358111476072e-16       1.997551964903e-17 
 1507       8.882769131354e-11       1.622344480988e-12       9.460831074876e-13       0.000000000000e+00       1.170675592255e-15       3.331531802909e-16       2.042773186453e-17 
 1508       8.836375312188e-11       1.637364816980e-12       9.947237131531e-13       0.000000000000e+00       1.167478315145e-15       3.305038329636e-16       2.087558090531e-17 
 1509       8.789792674249e-11       1.652598016132e-12       1.041828023871e-12       0.000000000000e+00       1.164291452483e-15       3.278637524717e-16       2.131919845845e-17 
 1510       8.743034560369e-11       1.668036316970e-12       1.087377229901e-12       0.000000000000e+00       1.161114956186e-15       3.252335888719e-16       2.175871699037e-17 
 1511       8.696114385551e-11       1.683671913922e-12       1.131352447461e-12       0.000000000000e+00       1.157948777633e-15       3.226139954370e-16       2.219426974822e-17 
 1512       8.649045637090e-11       1.699496957234e-12       1.173734718614e-12       0.000000000000e+00       1.154792867667e-15       3.200056286608e-16       2.262599076117e-17 
 1513       8.601841874691e-11       1.715503552908e-12       1.214505011160e-12       0.000000000000e+00       1.151647176595e-15       3.174091482633e-16       2.305401484178e-17 
 1514       8.554516730593e-11       1.731683762615e-12       1.253644218535e-12       0.000000000000e+00       1.148511654182e-15       3.148252171957e-16       2.347847758733e-17 
 1515       8.507083909682e-11       1.748029603632e-12       1.291133159694e-12       0.000000000000e+00       1.145386249656e-15       3.122545016459e-16       2.389951538115e-17 
 1516       8.459557189617e-11       1.764533048759e-12       1.326952579007e-12       0.000000000000e+00       1.142270911700e-15       3.096976710437e-16       2.431726539397e-17 
 1517       8.411950420946e-11       1.781186026247e-12       1.361083146154e-12       0.000000000000e+00       1.139165588459e-15       3.071553980654e-16       2.473186558523e-17 
 1518       8.364277527228e-11       1.797980419727e-12       1.393505456012e-12       0.000000000000e+00       1.136070227533e-15       3.046283586397e-16       2.514345470448e-17 
 1519       8.316552505152e-11       1.814908068128e-12       1.424200028548e-12       0.000000000000e+00       1.132984775975e-15       3.021172319523e-16       2.555217229265e-17 
 1520       8.268789424657e-11       1.831960765611e-12       1.453147308712e-12       0.000000000000e+00       1.129909180297e-15       2.996227004513e-16       2.595815868342e-17 
 1521       8.221001627482e-11       1.849130448356e-12       1.480332899361e-12       0.000000000000e+00       1.126843391620e-15       2.971452833294e-16       2.636152173919e-17 
 1522       8.173199314157e-11       1.866409757049e-12       1.505763315281e-12       0.000000000000e+00       1.123787381202e-15       2.946848352066e-16       2.676223670630e-17 
 1523       8.125391934045e-11       1.883791479659e-12       1.529450380450e-12       0.000000000000e+00       1.120741125061e-15       2.922410426369e-16       2.716024539937e-17 
 1524       8.077588984884e-11       1.901268364996e-12       1.551406008924e-12       0.000000000000e+00       1.117704598828e-15       2.898135901897e-16       2.755548937892e-17 
 1525       8.029800012867e-11       1.918833122644e-12       1.571642204997e-12       0.000000000000e+00       1.114677777747e-15       2.874021604471e-16       2.794790995098e-17 
 1526       7.982034612715e-11       1.936478422900e-12       1.590171063363e-12       0.000000000000e+00       1.111660636671e-15       2.850064339998e-16       2.833744816671e-17 
 1527       7.934302427761e-11       1.954196896705e-12       1.607004769285e-12       0.000000000000e+00       1.108653150068e-15       2.826260894443e-16       2.872404482198e-17 
 1528       7.886613150022e-11       1.971981135584e-12       1.622155598751e-12       0.000000000000e+00       1.105655292014e-15       2.802608033788e-16       2.910764045703e-17 
 1529       7.838976520285e-11       1.989823691575e-12       1.635635918641e-12       0.000000000000e+00       1.102667036194e-15       2.779102504000e-16       2.948817535605e-17 
 1530       7.791402328177e-11       2.007717077171e-12       1.647458186893e-12       0.000000000000e+00       1.099688355902e-15       2.755741031000e-16       2.986558954682e-17 
 1531       7.743900412251e-11       2.025653765251e-12       1.657634952659e-12       0.000000000000e+00       1.096719224040e-15       2.732520320621e-16       3.023982280029e-17 
 1532       7.696480660058e-11       2.043626189014e-12       1.666178856475e-12       0.000000000000e+00       1.093759613118e-15       2.709437058581e-16       3.061081463025e-17 
 1533       7.649153008228e-11       2.061626741918e-12       1.673102630422e-12       0.000000000000e+00       1.090809495248e-15       2.686487910441e-16       3.097850429287e-17 
 1534       7.601927442548e-11       2.079647777614e-12       1.678419098287e-12       0.000000000000e+00       1.087868842153e-15       2.663669521577e-16       3.134283078638e-17 
 1535       7.554813998041e-11       2.097681609880e-12       1.682141175729e-12       0.000000000000e+00       1.084937625156e-15       2.640978517142e-16       3.170373285065e-17 
 1536       7.507822759042e-11       2.115720512556e-12       1.684281870442e-12       0.000000000000e+00       1.082015815185e-15       2.618411502032e-16       3.206114896680e-17 
 1537       7.460963859278e-11       2.133756719479e-12       1.684854282317e-12       0.000000000000e+00       1.079103382771e-15       2.595965060850e-16       3.241501735686e-17 
 1538       7.414247481947e-11       2.151782424423e-12       1.683871603606e-12       0.000000000000e+00       1.076200298048e-15       2.573635757875e-16       3.276527598330e-17 
 1539       7.367683859794e-11       2.169789781026e-12       1.681347119085e-12       0.000000000000e+00       1.073306530749e-15       2.551420137023e-16       3.311186254874e-17 
 1540       7.321283275189e-11       2.187770902731e-12       1.677294206217e-12       0.000000000000e+00       1.070422050211e-15       2.529314721816e-16       3.345471449548e-17 
 1541       7.275056060210e-11       2.205717862720e-12       1.671726335317e-12       0.000000000000e+00       1.067546825365e-15       2.507316015346e-16       3.379376900519e-17 
 1542       7.229012596714e-11       2.223622693849e-12       1.664657069713e-12       0.000000000000e+00       1.064680824747e-15       2.485420500238e-16       3.412896299846e-17 
 1543       7.183163316421e-11       2.241477388582e-12       1.656100065908e-12       0.000000000000e+00       1.061824016487e-15       2.463624638622e-16       3.446023313444e-17 
 1544       7.137518700990e-11       2.259273898928e-12       1.646069073749e-12       0.000000000000e+00       1.058976368313e-15       2.441924872089e-16       3.478751581046e-17 
 1545       7.092089282096e-11       2.277004136375e-12       1.634577936584e-12       0.000000000000e+00       1.056137847549e-15       2.420317621666e-16       3.511074716165e-17 
 1546       7.046885641513e-11       2.294659971824e-12       1.621640591430e-12       0.000000000000e+00       1.053308421117e-15       2.398799287774e-16       3.542986306052e-17 
 1547       7.001918411185e-11       2.312233235529e-12       1.607271069130e-12       0.000000000000e+00       1.050488055530e-15       2.377366250198e-16       3.574479911662e-17 
 1548       6.957198273310e-11       2.329715717025e-12       1.591483494526e-12       0.000000000000e+00       1.047676716898e-15       2.356014868048e-16       3.605549067611e-17 
 1549       6.912735960417e-11       2.347099165070e-12       1.574292086611e-12       0.000000000000e+00       1.044874370923e-15       2.334741479731e-16       3.636187282140e-17 
 1550       6.868542255441e-11       2.364375287576e-12       1.555711158702e-12       0.000000000000e+00       1.042080982899e-15       2.313542402909e-16       3.666388037077e-17 
 1551       6.824627991807e-11       2.381535751544e-12       1.535755118596e-12       0.000000000000e+00       1.039296517712e-15       2.292413934470e-16       3.696144787796e-17 
 1552       6.781004053503e-11       2.398572183004e-12       1.514438468738e-12       0.000000000000e+00       1.036520939837e-15       2.271352350489e-16       3.725450963180e-17 
 1553       6.737681375161e-11       2.415476166943e-12       1.491775806382e-12       0.000000000000e+00       1.033754213342e-15       2.250353906199e-16       3.754299965583e-17 
 1554       6.694670942133e-11       2.432239247246e-12       1.467781823755e-12       0.000000000000e+00       1.030996301882e-15       2.229414835950e-16       3.782685170789e-17 
 1555       6.651983790573e-11       2.448852926629e-12       1.442471308219e-12       0.000000000000e+00       1.028247168700e-15       2.208531353178e-16       3.810599927977e-17 
 1556       6.609631007512e-11       2.465308666572e-12       1.415859142437e-12       0.000000000000e+00       1.025506776628e-15       2.187699650371e-16       3.838037559677e-17 
 1557       6.567623730935e-11       2.481597887260e-12       1.387960304532e-12       0.000000000000e+00       1.022775088083e-15       2.166915899032e-16       3.864991361738e-17 
 1558       6.525973149866e-11       2.497711967512e-12       1.358789868255e-12       0.000000000000e+00       1.020052065068e-15       2.146176249646e-16       3.891454603285e-17 
 1559       6.484690504437e-11       2.513642244719e-12       1.328363003146e-12       0.000000000000e+00       1.017337669174e-15       2.125476831645e-16       3.917420526681e-17 
 1560       6.443787085974e-11       2.529380014779e-12       1.296694974694e-12       0.000000000000e+00       1.014631861571e-15       2.104813753373e-16       3.942882347490e-17 
 1561       6.403274237070e-11       2.544916532034e-12       1.263801144508e-12       0.000000000000e+00       1.011934603016e-15       2.084183102052e-16       3.967833254436e-17 
 1562       6.363163351667e-11       2.560243009201e-12       1.229696970471e-12       0.000000000000e+00       1.009245853848e-15       2.063580943748e-16       3.992266409367e-17 
 1563       6.323465875131e-11       2.575350617309e-12       1.194398006913e-12       0.000000000000e+00       1.006565573988e-15       2.043003323333e-16       4.016174947214e-17 
 1564       6.284193304333e-11       2.590230485637e-12       1.157919904764e-12       0.000000000000e+00       1.003893722937e-15       2.022446264456e-16       4.039551975955e-17 
 1565       6.245357187725e-11       2.604873701645e-12       1.120278411726e-12       0.000000000000e+00       1.001230259776e-15       2.001905769503e-16       4.062390576574e-17 
 1566       6.206969125419e-11       2.619271310912e-12       1.081489372431e-12       0.000000000000e+00       9.985751431663e-16       1.981377819567e-16       4.084683803024e-17 
 1567       6.169040769268e-11       2.633414317069e-12       1.041568728607e-12       0.000000000000e+00       9.959283313477e-16       1.960858374407e-16       4.106424682187e-17 
 1568       6.131583822938e-11       2.647293681736e-12       1.000532519240e-12       0.000000000000e+00       9.932897821371e-16       1.940343372423e-16       4.127606213838e-17 
 1569       6.094610041992e-11       2.660900324456e-12       9.583968807348e-13       0.000000000000e+00       9.906594529286e-16       1.919828730612e-16       4.148221370601e-17 
 1570       6.058129406805e-11       2.674226308253e-12       9.151795018192e-13       0.000000000000e+00       9.880373046933e-16       1.899311197820e-16       4.168264100197e-17 
 1571       6.022144622532e-11       2.687268408502e-12       8.709040027312e-13       0.000000000000e+00       9.854233140217e-16       1.878790923257e-16       4.187732342444e-17 
 1572       5.986656568051e-11       2.700024577185e-12       8.255955971565e-13       0.000000000000e+00       9.828174611918e-16       1.858268911844e-16       4.206625040289e-17 
 1573       5.951666118461e-11       2.712492760275e-12       7.792796414300e-13       0.000000000000e+00       9.802197261778e-16       1.837746173108e-16       4.224941140087e-17 
 1574       5.917174145069e-11       2.724670897730e-12       7.319816347703e-13       0.000000000000e+00       9.776300886499e-16       1.817223721194e-16       4.242679591614e-17 
 1575       5.883181515386e-11       2.736556923490e-12       6.837272195132e-13       0.000000000000e+00       9.750485279728e-16       1.796702574869e-16       4.259839348075e-17 
 1576       5.849689093108e-11       2.748148765464e-12       6.345421813462e-13       0.000000000000e+00       9.724750232060e-16       1.776183757527e-16       4.276419366113e-17 
 1577       5.816697738110e-11       2.759444345527e-12       5.844524495419e-13       0.000000000000e+00       9.699095531025e-16       1.755668297198e-16       4.292418605825e-17 
 1578       5.784208306438e-11       2.770441579511e-12       5.334840971928e-13       0.000000000000e+00       9.673520961089e-16       1.735157226557e-16       4.307836030765e-17 
 1579       5.752221650292e-11       2.781138377199e-12       4.816633414445e-13       0.000000000000e+00       9.648026303638e-16       1.714651582927e-16       4.322670607960e-17 
 1580       5.720738618018e-11       2.791532642315e-12       4.290165437304e-13       0.000000000000e+00       9.622611336983e-16       1.694152408287e-16       4.336921307914e-17 
 1581       5.689760054100e-11       2.801622272523e-12       3.755702100055e-13       0.000000000000e+00       9.597275836343e-16       1.673660749280e-16       4.350587104626e-17 
 1582       5.659286799146e-11       2.811405159412e-12       3.213509909800e-13       0.000000000000e+00       9.572019573849e-16       1.653177657219e-16       4.363666975594e-17 
 1583       5.629319689879e-11       2.820879188494e-12       2.663856823539e-13       0.000000000000e+00       9.546842318529e-16       1.632704188096e-16       4.376159901826e-17 
 1584       5.599859559124e-11       2.830042239197e-12       2.107012250510e-13       0.000000000000e+00       9.521743836308e-16       1.612241402585e-16       4.388064867854e-17 
 1585       5.570907235801e-11       2.838892184856e-12       1.543247054523e-13       0.000000000000e+00       9.496723889999e-16       1.591790366053e-16       4.399380861739e-17 
 1586       5.542463544911e-11       2.847426892704e-12       9.728335563065e-14       0.000000000000e+00       9.471782239298e-16       1.571352148562e-16       4.410106875084e-17 
 1587       5.514529307528e-11       2.855644223870e-12       3.960455358463e-14       0.000000000000e+00       9.446918640776e-16       1.550927824882e-16       4.420241903046e-17 
 1588       5.487105340786e-11       2.863542033368e-12      -1.868417652765e-14       0.000000000000e+00       9.422132847876e-16       1.530518474492e-16       4.429784944342e-17 
 1589       5.460192457870e-11       2.871118170092e-12      -7.755516415433e-14       0.000000000000e+00       9.397424610904e-16       1.510125181593e-16       4.438735001262e-17 
 1590       5.433791468005e-11       2.878370476805e-12      -1.369805921159e-13       0.000000000000e+00       9.372793677023e-16       1.489749035109e-16       4.447091079677e-17 
 1591       5.407903176444e-11       2.885296790137e-12      -1.969324963710e-13       0.000000000000e+00       9.348239790249e-16       1.469391128697e-16       4.454852189051e-17 
 1592       5.382528384460e-11       2.891894940575e-12      -2.573827657827e-13       0.000000000000e+00       9.323762691443e-16       1.449052560754e-16       4.462017342453e-17 
 1593       5.357667889332e-11       2.898162752456e-12      -3.183031418841e-13       0.000000000000e+00       9.299362118306e-16       1.428734434423e-16       4.468585556562e-17 
 1594       5.333322484336e-11       2.904098043961e-12      -3.796652186448e-13       0.000000000000e+00       9.275037805370e-16       1.408437857599e-16       4.474555851681e-17 
 1595       5.309492958737e-11       2.909698627105e-12      -4.414404422362e-13       0.000000000000e+00       9.250789483997e-16       1.388163942940e-16       4.479927251747e-17 
 1596       5.286180097772e-11       2.914962307735e-12      -5.036001107983e-13       0.000000000000e+00       9.226616882368e-16       1.367913807867e-16       4.484698784339e-17 
 1597       5.263384682647e-11       2.919886885518e-12      -5.661153742051e-13       0.000000000000e+00       9.202519725479e-16       1.347688574580e-16       4.488869480690e-17 
 1598       5.241107490520e-11       2.924470153934e-12      -6.289572338305e-13       0.000000000000e+00       9.178497735135e-16       1.327489370054e-16       4.492438375697e-17 
 1599       5.219349294492e-11       2.928709900274e-12      -6.920965423150e-13       0.000000000000e+00       9.154550629944e-16       1.307317326057e-16       4.495404507931e-17 
 1600       5.198110863599e-11       2.932603905628e-12      -7.555040033308e-13       0.000000000000e+00       9.130678125308e-16       1.287173579149e-16       4.497766919647e-17 
 1601       5.177392962798e-11       2.936149944877e-12      -8.191501713483e-13       0.000000000000e+00       9.106879933421e-16       1.267059270690e-16       4.499524656794e-17 
 1602       5.157196352959e-11       2.939345786691e-12      -8.830054514021e-13       0.000000000000e+00       9.083155763260e-16       1.246975546853e-16       4.500676769025e-17 
 1603       5.137521790852e-11       2.942189193517e-12      -9.470400988568e-13       0.000000000000e+00       9.059505320581e-16       1.226923558622e-16       4.501222309708e-17 
 1604       5.118370029138e-11       2.944677921576e-12      -1.011224219173e-12       0.000000000000e+00       9.035928307911e-16       1.206904461805e-16       4.501160335936e-17 
 1605       5.099741816357e-11       2.946809720851e-12      -1.075527767673e-12       0.000000000000e+00       9.012424424541e-16       1.186919417040e-16       4.500489908536e-17 
 1606       5.081637896919e-11       2.948582335084e-12      -1.139920549308e-12       0.000000000000e+00       8.988993366523e-16       1.166969589800e-16       4.499210092082e-17 
 1607       5.064059011092e-11       2.949993501767e-12      -1.204372218422e-12       0.000000000000e+00       8.965634826662e-16       1.147056150400e-16       4.497319954902e-17 
 1608       5.047005894990e-11       2.951040952136e-12      -1.268852278519e-12       0.000000000000e+00       8.942348494508e-16       1.127180274007e-16       4.494818569088e-17 
 1609       5.030479280568e-11       2.951722411161e-12      -1.333330082031e-12       0.000000000000e+00       8.919134056356e-16       1.107343140644e-16       4.491705010510e-17 
 1610       5.014479895604e-11       2.952035597543e-12      -1.397774830080e-12       0.000000000000e+00       8.895991195230e-16       1.087545935197e-16       4.487978358823e-17 
 1611       4.999008463692e-11       2.951978223704e-12      -1.462155572245e-12       0.000000000000e+00       8.872919590888e-16       1.067789847423e-16       4.483637697477e-17 
 1612       4.984065704233e-11       2.951547995781e-12      -1.526441206332e-12       0.000000000000e+00       8.849918919806e-16       1.048076071957e-16       4.478682113730e-17 
 1613       4.969652332420e-11       2.950742613618e-12      -1.590600478133e-12       0.000000000000e+00       8.826988855179e-16       1.028405808317e-16       4.473110698654e-17 
 1614       4.955769059232e-11       2.949559770759e-12      -1.654601981200e-12       0.000000000000e+00       8.804129066910e-16       1.008780260915e-16       4.466922547149e-17 
 1615       4.942416591419e-11       2.947997154442e-12      -1.718414156604e-12       0.000000000000e+00       8.781339221607e-16       9.892006390585e-17       4.460116757951e-17 
 1616       4.929595631495e-11       2.946052445591e-12      -1.782005292703e-12       0.000000000000e+00       8.758618982577e-16       9.696681569610e-17       4.452692433644e-17 
 1617       4.917306877725e-11       2.943723318809e-12      -1.845343524913e-12       0.000000000000e+00       8.735968009815e-16       9.501840337485e-17       4.444648680667e-17 
 1618       4.905551024115e-11       2.941007442369e-12      -1.908396835464e-12       0.000000000000e+00       8.713385960004e-16       9.307494934654e-17       4.435984609327e-17 
 1619       4.894327568531e-11       2.937903533426e-12      -1.971135843673e-12       0.000000000000e+00       8.690872517881e-16       9.113666499796e-17       4.426700997451e-17 
 1620       4.883631225300e-11       2.934414534073e-12      -2.033542204759e-12       0.000000000000e+00       8.668427490669e-16       8.920411704259e-17       4.416805297759e-17 
 1621       4.873455480173e-11       2.930544463968e-12      -2.095600286453e-12       0.000000000000e+00       8.646050714486e-16       8.727796358435e-17       4.406306675760e-17 
 1622       4.863793779185e-11       2.926297367764e-12      -2.157294385280e-12       0.000000000000e+00       8.623742023043e-16       8.535886585102e-17       4.395214350299e-17 
 1623       4.854639528591e-11       2.921677315151e-12      -2.218608726451e-12       0.000000000000e+00       8.601501247639e-16       8.344748819899e-17       4.383537593646e-17 
 1624       4.845986094803e-11       2.916688400898e-12      -2.279527463764e-12       0.000000000000e+00       8.579328217158e-16       8.154449811797e-17       4.371285731581e-17 
 1625       4.837826804322e-11       2.911334744892e-12      -2.340034679488e-12       0.000000000000e+00       8.557222758061e-16       7.965056623576e-17       4.358468143482e-17 
 1626       4.830154943673e-11       2.905620492181e-12      -2.400114384264e-12       0.000000000000e+00       8.535184694383e-16       7.776636632299e-17       4.345094262409e-17 
 1627       4.822963759341e-11       2.899549813013e-12      -2.459750516995e-12       0.000000000000e+00       8.513213847731e-16       7.589257529781e-17       4.331173575192e-17 
 1628       4.816246457707e-11       2.893126902880e-12      -2.518926944743e-12       0.000000000000e+00       8.491310037274e-16       7.402987323070e-17       4.316715622515e-17 
 1629       4.809996204978e-11       2.886355982558e-12      -2.577627462617e-12       0.000000000000e+00       8.469473079741e-16       7.217894334916e-17       4.301729999007e-17 
 1630       4.804206127128e-11       2.879241298146e-12      -2.635835793672e-12       0.000000000000e+00       8.447702789416e-16       7.034047204247e-17       4.286226353322e-17 
 1631       4.798869309828e-11       2.871787121111e-12      -2.693535588802e-12       0.000000000000e+00       8.425998978136e-16       6.851514886642e-17       4.270214388231e-17 
 1632       4.793978798383e-11       2.863997748325e-12      -2.750710426629e-12       0.000000000000e+00       8.404361455281e-16       6.670366654805e-17       4.253703860704e-17 
 1633       4.789527597667e-11       2.855877502110e-12      -2.807343813403e-12       0.000000000000e+00       8.382790027774e-16       6.490672099040e-17       4.236704581999e-17 
 1634       4.785508672055e-11       2.847430730277e-12      -2.863419182892e-12       0.000000000000e+00       8.361284500071e-16       6.312501127723e-17       4.219226417749e-17 
 1635       4.781914945362e-11       2.838661806165e-12      -2.918919896276e-12       0.000000000000e+00       8.339844674163e-16       6.135923967779e-17       4.201279288042e-17 
 1636       4.778739300776e-11       2.829575128690e-12      -2.973829242040e-12       0.000000000000e+00       8.318470349566e-16       5.961011165151e-17       4.182873167517e-17 
 1637       4.775974580791e-11       2.820175122374e-12      -3.028130435870e-12       0.000000000000e+00       8.297161323319e-16       5.787833585280e-17       4.164018085443e-17 
 1638       4.773613587144e-11       2.810466237400e-12      -3.081806620545e-12       0.000000000000e+00       8.275917389978e-16       5.616462413573e-17       4.144724125806e-17 
 1639       4.771649080750e-11       2.800452949639e-12      -3.134840865832e-12       0.000000000000e+00       8.254738341612e-16       5.446969155882e-17       4.125001427401e-17 
 1640       4.770073781635e-11       2.790139760705e-12      -3.187216168377e-12       0.000000000000e+00       8.233623967796e-16       5.279425638974e-17       4.104860183909e-17 
 1641       4.768880368872e-11       2.779531197983e-12      -3.238915451600e-12       0.000000000000e+00       8.212574055611e-16       5.113904011006e-17       4.084310643993e-17 
 1642       4.768061480516e-11       2.768631814681e-12      -3.289921565590e-12       0.000000000000e+00       8.191588389635e-16       4.950476742003e-17       4.063363111377e-17 
 1643       4.767609713537e-11       2.757446189865e-12      -3.340217286999e-12       0.000000000000e+00       8.170666751939e-16       4.789216624324e-17       4.042027944936e-17 
 1644       4.767517623757e-11       2.745978928502e-12      -3.389785318930e-12       0.000000000000e+00       8.149808922085e-16       4.630196773144e-17       4.020315558779e-17 
 1645       4.767777725785e-11       2.734234661499e-12      -3.438608290840e-12       0.000000000000e+00       8.129014677118e-16       4.473490626921e-17       3.998236422342e-17 
 1646       4.768382492950e-11       2.722218045749e-12      -3.486668758425e-12       0.000000000000e+00       8.108283791562e-16       4.319171947875e-17       3.975801060466e-17 
 1647       4.769324357236e-11       2.709933764167e-12      -3.533949203518e-12       0.000000000000e+00       8.087616037418e-16       4.167314822459e-17       3.953020053489e-17 
 1648       4.770595709217e-11       2.697386525735e-12      -3.580432033982e-12       0.000000000000e+00       8.067011184155e-16       4.017993661836e-17       3.929904037329e-17 
 1649       4.772188897993e-11       2.684581065539e-12      -3.626099583605e-12       0.000000000000e+00       8.046468998708e-16       3.871283202350e-17       3.906463703573e-17 
 1650       4.774096231125e-11       2.671522144815e-12      -3.670934111989e-12       0.000000000000e+00       8.025989245474e-16       3.727258505998e-17       3.882709799562e-17 
 1651       4.776309974568e-11       2.658214550987e-12      -3.714917804450e-12       0.000000000000e+00       8.005571686303e-16       3.585994960911e-17       3.858653128476e-17 
 1652       4.778822352604e-11       2.644663097707e-12      -3.758032771907e-12       0.000000000000e+00       7.985216080499e-16       3.447568281821e-17       3.834304549423e-17 
 1653       4.781625547784e-11       2.630872624900e-12      -3.800261050776e-12       0.000000000000e+00       7.964922184812e-16       3.312054510539e-17       3.809674977523e-17 
 1654       4.784711700854e-11       2.616847998803e-12      -3.841584602868e-12       0.000000000000e+00       7.944689753432e-16       3.179530016427e-17       3.784775383995e-17 
 1655       4.788072910697e-11       2.602594112005e-12      -3.881985315276e-12       0.000000000000e+00       7.924518537989e-16       3.050071496871e-17       3.759616796244e-17 
 1656       4.791701234263e-11       2.588115883491e-12      -3.921445000274e-12       0.000000000000e+00       7.904408287542e-16       2.923755977758e-17       3.734210297947e-17 
 1657       4.795588686506e-11       2.573418258680e-12      -3.959945395209e-12       0.000000000000e+00       7.884358748580e-16       2.800660813948e-17       3.708567029137e-17 
 1658       4.799727240318e-11       2.558506209469e-12      -3.997468162393e-12       0.000000000000e+00       7.864369665015e-16       2.680863689749e-17       3.682698186295e-17 
 1659       4.804108826466e-11       2.543384734270e-12      -4.033994888999e-12       0.000000000000e+00       7.844440778175e-16       2.564442619388e-17       3.656615022429e-17 
 1660       4.808725333523e-11       2.528058858058e-12      -4.069507086954e-12       0.000000000000e+00       7.824571826804e-16       2.451475947488e-17       3.630328847166e-17 
 1661       4.813568607806e-11       2.512533632406e-12      -4.103986192831e-12       0.000000000000e+00       7.804762547052e-16       2.342042349541e-17       3.603851026834e-17 
 1662       4.818630453307e-11       2.496814135527e-12      -4.137413567746e-12       0.000000000000e+00       7.785012672476e-16       2.236220832383e-17       3.577192984553e-17 
 1663       4.823902631634e-11       2.480905472318e-12      -4.169770497249e-12       0.000000000000e+00       7.765321934030e-16       2.134090734665e-17       3.550366200318e-17 
 1664       4.829376861941e-11       2.464812774399e-12      -4.201038191216e-12       0.000000000000e+00       7.745690060063e-16       2.035731727329e-17       3.523382211085e-17 
 1665       4.835044820862e-11       2.448541200154e-12      -4.231197783749e-12       0.000000000000e+00       7.726116776315e-16       1.941223814082e-17       3.496252610859e-17 
 1666       4.840898142450e-11       2.432095934775e-12      -4.260230333062e-12       0.000000000000e+00       7.706601805909e-16       1.850647331871e-17       3.468989050779e-17 
 1667       4.846928418109e-11       2.415482190297e-12      -4.288116821381e-12       0.000000000000e+00       7.687144869350e-16       1.764082951352e-17       3.441603239206e-17 
 1668       4.853127446417e-11       2.398705291501e-12      -4.314842117359e-12       0.000000000000e+00       7.667745709390e-16       1.681581546271e-17       3.414105523985e-17 
 1669       4.859487985117e-11       2.381770934332e-12      -4.340406901552e-12       0.000000000000e+00       7.648404165875e-16       1.603073511613e-17       3.386500625459e-17 
 1670       4.866003005592e-11       2.364684929827e-12      -4.364815845337e-12       0.000000000000e+00       7.629120101545e-16       1.528458650989e-17       3.358791866202e-17 
 1671       4.872665443524e-11       2.347453118512e-12      -4.388073657943e-12       0.000000000000e+00       7.609893377221e-16       1.457636234715e-17       3.330982585466e-17 
 1672       4.879468198836e-11       2.330081370441e-12      -4.410185086514e-12       0.000000000000e+00       7.590723851797e-16       1.390504998994e-17       3.303076139208e-17 
 1673       4.886404135637e-11       2.312575585249e-12      -4.431154916180e-12       0.000000000000e+00       7.571611382238e-16       1.326963145084e-17       3.275075900117e-17 
 1674       4.893466082173e-11       2.294941692189e-12      -4.450987970111e-12       0.000000000000e+00       7.552555823578e-16       1.266908338478e-17       3.246985257636e-17 
 1675       4.900646830768e-11       2.277185650184e-12      -4.469689109593e-12       0.000000000000e+00       7.533557028915e-16       1.210237708076e-17       3.218807617988e-17 
 1676       4.907939137769e-11       2.259313447866e-12      -4.487263234083e-12       0.000000000000e+00       7.514614849407e-16       1.156847845362e-17       3.190546404202e-17 
 1677       4.915335723496e-11       2.241331103624e-12      -4.503715281279e-12       0.000000000000e+00       7.495729134268e-16       1.106634803579e-17       3.162205056138e-17 
 1678       4.922829272182e-11       2.223244665649e-12      -4.519050227182e-12       0.000000000000e+00       7.476899730767e-16       1.059494096902e-17       3.133787030513e-17 
 1679       4.930412431924e-11       2.205060211976e-12      -4.533273086161e-12       0.000000000000e+00       7.458126484221e-16       1.015320699617e-17       3.105295800924e-17 
 1680       4.938077814625e-11       2.186783850533e-12      -4.546388911020e-12       0.000000000000e+00       7.439409237993e-16       9.740090452927e-18       3.076734857874e-17 
 1681       4.945817995941e-11       2.168421719181e-12      -4.558402793057e-12       0.000000000000e+00       7.420747833489e-16       9.354530259563e-18       3.048107708799e-17 
 1682       4.953625515225e-11       2.149979985764e-12      -4.569319862133e-12       0.000000000000e+00       7.402142110152e-16       8.995459912696e-18       3.019417878091e-17 
 1683       4.961492875474e-11       2.131464848149e-12      -4.579145286736e-12       0.000000000000e+00       7.383591905462e-16       8.661807477038e-18       2.990668907122e-17 
 1684       4.969412543275e-11       2.112882534276e-12      -4.587884274042e-12       0.000000000000e+00       7.365097054928e-16       8.352495577142e-18       2.961864354276e-17 
 1685       4.977376948751e-11       2.094239302196e-12      -4.595542069985e-12       0.000000000000e+00       7.346657392089e-16       8.066441389154e-18       2.933007794963e-17 
 1686       4.985378485502e-11       2.075541440123e-12      -4.602123959316e-12       0.000000000000e+00       7.328272748505e-16       7.802556632568e-18       2.904102821655e-17 
 1687       4.993409510557e-11       2.056795266474e-12      -4.607635265671e-12       0.000000000000e+00       7.309942953758e-16       7.559747561974e-18       2.875153043904e-17 
 1688       5.001462344316e-11       2.038007129917e-12      -4.612081351634e-12       0.000000000000e+00       7.291667835447e-16       7.336914958809e-18       2.846162088372e-17 
 1689       5.009529270496e-11       2.019183409412e-12      -4.615467618803e-12       0.000000000000e+00       7.273447219183e-16       7.132954123108e-18       2.817133598852e-17 
 1690       5.017602536076e-11       2.000330514260e-12      -4.617799507851e-12       0.000000000000e+00       7.255280928587e-16       6.946754865260e-18       2.788071236296e-17 
 1691       5.025674351244e-11       1.981454884146e-12      -4.619082498595e-12       0.000000000000e+00       7.237168785285e-16       6.777201497750e-18       2.758978678839e-17 
 1692       5.033736889341e-11       1.962562989182e-12      -4.619322110057e-12       0.000000000000e+00       7.219110608905e-16       6.623172826920e-18       2.729859621824e-17 
 1693       5.041782286810e-11       1.943661329956e-12      -4.618523900530e-12       0.000000000000e+00       7.201106217074e-16       6.483542144714e-18       2.700717777828e-17 
 1694       5.049802643135e-11       1.924756437572e-12      -4.616693467641e-12       0.000000000000e+00       7.183155425413e-16       6.357177220428e-18       2.671556876688e-17 
 1695       5.057790020795e-11       1.905854873699e-12      -4.613836448419e-12       0.000000000000e+00       7.165258047534e-16       6.242940292468e-18       2.642380665523e-17 
 1696       5.065736445201e-11       1.886963230615e-12      -4.609958519354e-12       0.000000000000e+00       7.147413895038e-16       6.139688060094e-18       2.613192908762e-17 
 1697       5.073633904649e-11       1.868088131248e-12      -4.605065396467e-12       0.000000000000e+00       7.129622777507e-16       6.046271675176e-18       2.583997388167e-17 
 1698       5.081474350261e-11       1.849236229227e-12      -4.599162835372e-12       0.000000000000e+00       7.111884502505e-16       5.961536733943e-18       2.554797902863e-17 
 1699       5.089249695932e-11       1.830414208921e-12      -4.592256631338e-12       0.000000000000e+00       7.094198875573e-16       5.884323268732e-18       2.525598269356e-17 
 1700       5.096951818274e-11       1.811628785488e-12      -4.584352619357e-12       0.000000000000e+00       7.076565700222e-16       5.813465739746e-18       2.496402321563e-17 
 1701       5.104572556566e-11       1.792886704919e-12      -4.575456674209e-12       0.000000000000e+00       7.058984777936e-16       5.747793026797e-18       2.467213910836e-17 
 1702       5.112103712694e-11       1.774194744081e-12      -4.565574710523e-12       0.000000000000e+00       7.041455908161e-16       5.686128421061e-18       2.438036905988e-17 
 1703       5.119537051101e-11       1.755559710762e-12      -4.554712682844e-12       0.000000000000e+00       7.023978888306e-16       5.627289616833e-18       2.408875193317e-17 
 1704       5.126864298729e-11       1.736988443720e-12      -4.542876585696e-12       0.000000000000e+00       7.006553513739e-16       5.570088703268e-18       2.379732676629e-17 
 1705       5.134077144968e-11       1.718487812722e-12      -4.530072453647e-12       0.000000000000e+00       6.989179577781e-16       5.513332156145e-18       2.350613277270e-17 
 1706       5.141167241598e-11       1.700064718592e-12      -4.516306361376e-12       0.000000000000e+00       6.971856871706e-16       5.455820829606e-18       2.321520934144e-17 
 1707       5.148126202739e-11       1.681726093256e-12      -4.501584423731e-12       0.000000000000e+00       6.954585184734e-16       5.396349947915e-18       2.292459603741e-17 
 1708       5.154945604793e-11       1.663478899786e-12      -4.485912795802e-12       0.000000000000e+00       6.937364304027e-16       5.333709097207e-18       2.263433260164e-17 
 1709       5.161616986388e-11       1.645330132445e-12      -4.469297672978e-12       0.000000000000e+00       6.920194014690e-16       5.266682217238e-18       2.234445895150e-17 
 1710       5.168131848330e-11       1.627286816732e-12      -4.451745291015e-12       0.000000000000e+00       6.903074099761e-16       5.194047593139e-18       2.205501518100e-17 
 1711       5.174481653542e-11       1.609356009426e-12      -4.433261926101e-12       0.000000000000e+00       6.886004340214e-16       5.114577847161e-18       2.176604156099e-17 
 1712       5.180657827015e-11       1.591544798633e-12      -4.413853894919e-12       0.000000000000e+00       6.868984514950e-16       5.027039930436e-18       2.147757853947e-17 
 1713       5.186651755749e-11       1.573860303828e-12      -4.393527554710e-12       0.000000000000e+00       6.852014400795e-16       4.930195114718e-18       2.118966674178e-17 
 1714       5.192454788700e-11       1.556309675902e-12      -4.372289303342e-12       0.000000000000e+00       6.835093772497e-16       4.822798984140e-18       2.090234697091e-17 
 1715       5.198058236727e-11       1.538900097206e-12      -4.350145579371e-12       0.000000000000e+00       6.818222402723e-16       4.703601426965e-18       2.061566020770e-17 
 1716       5.203453372538e-11       1.521638781595e-12      -4.327102862106e-12       0.000000000000e+00       6.801400062053e-16       4.571346627335e-18       2.032964761113e-17 
 1717       5.208632602580e-11       1.504532198257e-12      -4.303169418742e-12       0.000000000000e+00       6.784626538894e-16       4.425133913620e-18       2.004433965996e-17 
 1718       5.213592993762e-11       1.487583735869e-12      -4.278360561918e-12       0.000000000000e+00       6.767901699407e-16       4.265503682633e-18       1.975972347605e-17 
 1719       5.218332776678e-11       1.470796018623e-12      -4.252693437091e-12       0.000000000000e+00       6.751225428082e-16       4.093360712868e-18       1.947577522308e-17 
 1720       5.222850176384e-11       1.454171680651e-12      -4.226185279670e-12       0.000000000000e+00       6.734597607867e-16       3.909614154266e-18       1.919247093968e-17 
 1721       5.227143412386e-11       1.437713366039e-12      -4.198853415149e-12       0.000000000000e+00       6.718018120164e-16       3.715177534650e-18       1.890978653926e-17 
 1722       5.231210698638e-11       1.421423728842e-12      -4.170715259246e-12       0.000000000000e+00       6.701486844830e-16       3.510968766151e-18       1.862769780978e-17 
 1723       5.235050243532e-11       1.405305433091e-12      -4.141788318036e-12       0.000000000000e+00       6.685003660166e-16       3.297910151642e-18       1.834618041361e-17 
 1724       5.238660249892e-11       1.389361152814e-12      -4.112090188088e-12       0.000000000000e+00       6.668568442925e-16       3.076928391171e-18       1.806520988729e-17 
 1725       5.242038914968e-11       1.373593572043e-12      -4.081638556598e-12       0.000000000000e+00       6.652181068298e-16       2.848954588387e-18       1.778476164140e-17 
 1726       5.245184430430e-11       1.358005384832e-12      -4.050451201528e-12       0.000000000000e+00       6.635841409921e-16       2.614924256973e-18       1.750481096029e-17 
 1727       5.248094982359e-11       1.342599295265e-12      -4.018545991740e-12       0.000000000000e+00       6.619549339864e-16       2.375777327080e-18       1.722533300196e-17 
 1728       5.250768751240e-11       1.327378017477e-12      -3.985940887132e-12       0.000000000000e+00       6.603304728635e-16       2.132458151754e-18       1.694630279785e-17 
 1729       5.253203911959e-11       1.312344275659e-12      -3.952653938770e-12       0.000000000000e+00       6.587107445172e-16       1.885915513369e-18       1.666769525263e-17 
 1730       5.255398633793e-11       1.297500804075e-12      -3.918703289030e-12       0.000000000000e+00       6.570957356844e-16       1.637102630059e-18       1.638948514402e-17 
 1731       5.257351080404e-11       1.282850347077e-12      -3.884107171729e-12       0.000000000000e+00       6.554854329444e-16       1.386977162145e-18       1.611164712263e-17 
 1732       5.259059409832e-11       1.268395659117e-12      -3.848883912260e-12       0.000000000000e+00       6.538798227190e-16       1.136501218571e-18       1.583415571172e-17 
 1733       5.260521774489e-11       1.254139504756e-12      -3.813051927731e-12       0.000000000000e+00       6.522788912721e-16       8.866413633324e-19       1.555698530703e-17 
 1734       5.261736321151e-11       1.240084658684e-12      -3.776629727097e-12       0.000000000000e+00       6.506826247093e-16       6.383686219065e-19       1.528011017663e-17 
 1735       5.262701190954e-11       1.226233905730e-12      -3.739635911300e-12       0.000000000000e+00       6.490910089778e-16       3.926584876853e-19       1.500350446065e-17 
 1736       5.263414519383e-11       1.212590040874e-12      -3.702089173398e-12       0.000000000000e+00       6.475040298658e-16       1.504909284053e-19       1.472714217116e-17 
 1737       5.263874436269e-11       1.199155869264e-12      -3.664008298707e-12       0.000000000000e+00       6.459216730028e-16      -8.714960742125e-20       1.445099719196e-17 
 1738       5.264079065781e-11       1.185934206225e-12      -3.625412164933e-12       0.000000000000e+00       6.443439238584e-16      -3.192741840749e-19       1.417504327836e-17 
 1739       5.264026526418e-11       1.172927877274e-12      -3.586319742308e-12       0.000000000000e+00       6.427707677432e-16      -5.448893721983e-19       1.389925405703e-17 
 1740       5.263714931004e-11       1.160139718135e-12      -3.546750093726e-12       0.000000000000e+00       6.412021898074e-16      -7.629972423654e-19       1.362360302579e-17 
 1741       5.263142386681e-11       1.147572574751e-12      -3.506722374878e-12       0.000000000000e+00       6.396381750412e-16      -9.725953586499e-19       1.334806355343e-17 
 1742       5.262306994900e-11       1.135229303295e-12      -3.466255834388e-12       0.000000000000e+00       6.380787082742e-16      -1.172676772195e-18       1.307260887951e-17 
 1743       5.261206851419e-11       1.123112770187e-12      -3.425369813950e-12       0.000000000000e+00       6.365237741755e-16      -1.362230014780e-18       1.279721211418e-17 
 1744       5.259840046290e-11       1.111225852106e-12      -3.384083748460e-12       0.000000000000e+00       6.349733572526e-16      -1.540239092395e-18       1.252184623796e-17 
 1745       5.258204663858e-11       1.099571436000e-12      -3.342417166154e-12       0.000000000000e+00       6.334274418523e-16      -1.705683478801e-18       1.224648410161e-17 
 1746       5.256298782751e-11       1.088152419106e-12      -3.300389688743e-12       0.000000000000e+00       6.318860121594e-16      -1.857538109109e-18       1.197109842588e-17 
 1747       5.254120475874e-11       1.076971708956e-12      -3.258021031549e-12       0.000000000000e+00       6.303490521967e-16      -1.994773373339e-18       1.169566180136e-17 
 1748       5.251667810402e-11       1.066032223394e-12      -3.215331003640e-12       0.000000000000e+00       6.288165458251e-16      -2.116355109998e-18       1.142014668825e-17 
 1749       5.248938847775e-11       1.055336890592e-12      -3.172339507965e-12       0.000000000000e+00       6.272884767428e-16      -2.221244599642e-18       1.114452541621e-17 
 1750       5.245931643688e-11       1.044888649057e-12      -3.129066541491e-12       0.000000000000e+00       6.257648284854e-16      -2.308398558449e-18       1.086877018417e-17 
 1751       5.242644248086e-11       1.034690447648e-12      -3.085532195338e-12       0.000000000000e+00       6.242455844253e-16      -2.376769131786e-18       1.059285306009e-17 
 1752       5.239074705159e-11       1.024745245588e-12      -3.041756654912e-12       0.000000000000e+00       6.227307277717e-16      -2.425303887780e-18       1.031674598083e-17 
 1753       5.235221053333e-11       1.015056012481e-12      -2.997760200045e-12       0.000000000000e+00       6.212202415701e-16      -2.452945810884e-18       1.004042075193e-17 
 1754       5.231081325262e-11       1.005625728318e-12      -2.953563205128e-12       0.000000000000e+00       6.197141087021e-16      -2.458633295450e-18       9.763849047413e-18 
 1755       5.226653547825e-11       9.964573834976e-13      -2.909186139246e-12       0.000000000000e+00       6.182123118851e-16      -2.441300139292e-18       9.487002409614e-18 
 1756       5.221935742117e-11       9.875539788341e-13      -2.864649566315e-12       0.000000000000e+00       6.167148336721e-16      -2.399875537263e-18       9.209852248982e-18 
 1757       5.216925923442e-11       9.789185255739e-13      -2.819974145216e-12       0.000000000000e+00       6.152216564513e-16      -2.333284074817e-18       8.932369843889e-18 
 1758       5.211622101307e-11       9.705540454071e-13      -2.775180629932e-12       0.000000000000e+00       6.137327624459e-16      -2.240445721580e-18       8.654526340441e-18 
 1759       5.206022279416e-11       9.624635704814e-13      -2.730289869684e-12       0.000000000000e+00       6.122481337138e-16      -2.120275824921e-18       8.376292752290e-18 
 1760       5.200124455659e-11       9.546501434152e-13      -2.685322809064e-12       0.000000000000e+00       6.107677521472e-16      -1.971685103519e-18       8.097639960439e-18 
 1761       5.193926622113e-11       9.471168173109e-13      -2.640300488171e-12       0.000000000000e+00       6.092915994724e-16      -1.793579640933e-18       7.818538713056e-18 
 1762       5.187426765028e-11       9.398666557681e-13      -2.595244042751e-12       0.000000000000e+00       6.078196572497e-16      -1.584860879169e-18       7.538959625286e-18 
 1763       5.180622864824e-11       9.329027328970e-13      -2.550174704326e-12       0.000000000000e+00       6.063519068727e-16      -1.344425612252e-18       7.258873179053e-18 
 1764       5.173512896081e-11       9.262281333316e-13      -2.505113800334e-12       0.000000000000e+00       6.048883295685e-16      -1.071165979793e-18       6.978249722879e-18 
 1765       5.166094827539e-11       9.198459522426e-13      -2.460082754262e-12       0.000000000000e+00       6.034289063970e-16      -7.639694605581e-19       6.697059471688e-18 
 1766       5.158367572047e-11       9.137584194378e-13      -2.415101640541e-12       0.000000000000e+00       6.019736198589e-16      -4.220748755399e-19       6.415289867800e-18 
 1767       5.150333845065e-11       9.079642636974e-13      -2.370184835848e-12       0.000000000000e+00       6.005224587345e-16      -4.614363548902e-20       6.132997821571e-18 
 1768       5.141997329836e-11       9.024613266264e-13      -2.325345332044e-12       0.000000000000e+00       5.990754132840e-16       3.628026433196e-19       5.850257903228e-18 
 1769       5.133361729604e-11       8.972474365652e-13      -2.280596178220e-12       0.000000000000e+00       5.976324736437e-16       8.037373356509e-19       5.567145021456e-18 
 1770       5.124430767641e-11       8.923204085694e-13      -2.235950480779e-12       0.000000000000e+00       5.961936298249e-16       1.275628800050e-18       5.283734423870e-18 
 1771       5.115208187280e-11       8.876780443891e-13      -2.191421403519e-12       0.000000000000e+00       5.947588717143e-16       1.777440371583e-18       5.000101697502e-18 
 1772       5.105697751943e-11       8.833181324489e-13      -2.147022167707e-12       0.000000000000e+00       5.933281890736e-16       2.308130354579e-18       4.716322769271e-18 
 1773       5.095903245169e-11       8.792384478269e-13      -2.102766052167e-12       0.000000000000e+00       5.919015715390e-16       2.866652015367e-18       4.432473906463e-18 
 1774       5.085828470648e-11       8.754367522349e-13      -2.058666393350e-12       0.000000000000e+00       5.904790086217e-16       3.451953575020e-18       4.148631717210e-18 
 1775       5.075477252246e-11       8.719107939975e-13      -2.014736585424e-12       0.000000000000e+00       5.890604897066e-16       4.062978202095e-18       3.864873150966e-18 
 1776       5.064853434040e-11       8.686583080320e-13      -1.970990080348e-12       0.000000000000e+00       5.876460040530e-16       4.698664005374e-18       3.581275498984e-18 
 1777       5.053960880343e-11       8.656770158278e-13      -1.927440387951e-12       0.000000000000e+00       5.862355407942e-16       5.357944026601e-18       3.297916394796e-18 
 1778       5.042803475736e-11       8.629646254259e-13      -1.884101076016e-12       0.000000000000e+00       5.848290889367e-16       6.039746233229e-18       3.014873814689e-18 
 1779       5.031385125098e-11       8.605188313987e-13      -1.840985770360e-12       0.000000000000e+00       5.834266373609e-16       6.742993511156e-18       2.732226078183e-18 
 1780       5.019709753636e-11       8.583373148295e-13      -1.798108154908e-12       0.000000000000e+00       5.820281748199e-16       7.466603657464e-18       2.450051848508e-18 
 1781       5.007781306912e-11       8.564177432919e-13      -1.755481971781e-12       0.000000000000e+00       5.806336899402e-16       8.209489373167e-18       2.168430133083e-18 
 1782       4.995603750877e-11       8.547577708297e-13      -1.713121021369e-12       0.000000000000e+00       5.792431712207e-16       8.970558255944e-18       1.887440283992e-18 
 1783       4.983181071897e-11       8.533550379361e-13      -1.671039162417e-12       0.000000000000e+00       5.778566070331e-16       9.748712792884e-18       1.607161998462e-18 
 1784       4.970517276787e-11       8.522071715338e-13      -1.629250312098e-12       0.000000000000e+00       5.764739856211e-16       1.054285035322e-17       1.327675319343e-18 
 1785       4.957616392834e-11       8.513117849538e-13      -1.587768446101e-12       0.000000000000e+00       5.750952951007e-16       1.135186318109e-17       1.049060635581e-18 
 1786       4.944482467836e-11       8.506664779158e-13      -1.546607598704e-12       0.000000000000e+00       5.737205234597e-16       1.217463838825e-17       7.713986826996e-19 
 1787       4.931119570123e-11       8.502688365074e-13      -1.505781862858e-12       0.000000000000e+00       5.723496585576e-16       1.301005794683e-17       4.947705432769e-19 
 1788       4.917531788592e-11       8.501164331634e-13      -1.465305390267e-12       0.000000000000e+00       5.709826881250e-16       1.385699868206e-17       2.192576474213e-19 
 1789       4.903723232735e-11       8.502068266459e-13      -1.425192391463e-12       0.000000000000e+00       5.696195997641e-16       1.471433226505e-17      -5.505822674924e-20 
 1790       4.889698032669e-11       8.505375620237e-13      -1.385457135892e-12       0.000000000000e+00       5.682603809477e-16       1.558092520548e-17      -3.280949526300e-19 
 1791       4.875460339167e-11       8.511061706515e-13      -1.346113951994e-12       0.000000000000e+00       5.669050190197e-16       1.645563884438e-17      -5.997700546520e-19 
 1792       4.861014323685e-11       8.519101701501e-13      -1.307177227276e-12       0.000000000000e+00       5.655535011942e-16       1.733732934684e-17      -8.700007078044e-19 
 1793       4.846364178395e-11       8.529470643857e-13      -1.268661408399e-12       0.000000000000e+00       5.642058145557e-16       1.822484769477e-17      -1.138703737157e-18 
 1794       4.831514116213e-11       8.542143434491e-13      -1.230581001256e-12       0.000000000000e+00       5.628619460588e-16       1.911703967963e-17      -1.405795617381e-18 
 1795       4.816468370827e-11       8.557094836360e-13      -1.192950571050e-12       0.000000000000e+00       5.615218825280e-16       2.001274589521e-17      -1.671192472275e-18 
 1796       4.801231196731e-11       8.574299474260e-13      -1.155784742376e-12       0.000000000000e+00       5.601856106574e-16       2.091080173028e-17      -1.934810074284e-18 
 1797       4.785806869253e-11       8.593731834624e-13      -1.119098199301e-12       0.000000000000e+00       5.588531170103e-16       2.181003736144e-17      -2.196563844023e-18 
 1798       4.770199684582e-11       8.615366265319e-13      -1.082905685442e-12       0.000000000000e+00       5.575243880195e-16       2.270927774578e-17      -2.456368849799e-18 
 1799       4.754413959801e-11       8.639176975438e-13      -1.047222004047e-12       0.000000000000e+00       5.561994099866e-16       2.360734261365e-17      -2.714139807135e-18 
 1800       4.738454032917e-11       8.665138035101e-13      -1.012062018079e-12       0.000000000000e+00       5.548781690820e-16       2.450304646142e-17      -2.969791078289e-18 
 1801       4.722324262889e-11       8.693223375245e-13      -9.774406502863e-13       0.000000000000e+00       5.535606513444e-16       2.539519854417e-17      -3.223236671780e-18 
 1802       4.706029029658e-11       8.723406787425e-13      -9.433728832930e-13       0.000000000000e+00       5.522468426811e-16       2.628260286850e-17      -3.474390241910e-18 
 1803       4.689572734178e-11       8.755661923607e-13      -9.098737596724e-13       0.000000000000e+00       5.509367288674e-16       2.716405818518e-17      -3.723165088282e-18 
 1804       4.672959798445e-11       8.789962295962e-13      -8.769583820288e-13       0.000000000000e+00       5.496302955462e-16       2.803835798199e-17      -3.969474155329e-18 
 1805       4.656194665526e-11       8.826281276667e-13      -8.446419130781e-13       0.000000000000e+00       5.483275282283e-16       2.890429047639e-17      -4.213230031830e-18 
 1806       4.639281799589e-11       8.864592097697e-13      -8.129395757265e-13       0.000000000000e+00       5.470284122919e-16       2.976063860828e-17      -4.454344950439e-18 
 1807       4.622225685937e-11       8.904867850619e-13      -7.818666531516e-13       0.000000000000e+00       5.457329329823e-16       3.060618003276e-17      -4.692730787199e-18 
 1808       4.605030831029e-11       8.947081486394e-13      -7.514384888817e-13       0.000000000000e+00       5.444410754116e-16       3.143968711285e-17      -4.928299061074e-18 
 1809       4.587701762518e-11       8.991205815168e-13      -7.216704868757e-13       0.000000000000e+00       5.431528245589e-16       3.225992691223e-17      -5.160960933464e-18 
 1810       4.570243029279e-11       9.037213506067e-13      -6.925781116037e-13       0.000000000000e+00       5.418681652697e-16       3.306566118798e-17      -5.390627207729e-18 
 1811       4.552659201433e-11       9.085077086996e-13      -6.641768881261e-13       0.000000000000e+00       5.405870822558e-16       3.385564638334e-17      -5.617208328715e-18 
 1812       4.534954870385e-11       9.134768944435e-13      -6.364824021742e-13       0.000000000000e+00       5.393095600951e-16       3.462863362043e-17      -5.840614382272e-18 
 1813       4.517134648850e-11       9.186261323229e-13      -6.095103002298e-13       0.000000000000e+00       5.380355832313e-16       3.538336869300e-17      -6.060755094779e-18 
 1814       4.499203170880e-11       9.239526326393e-13      -5.832762896055e-13       0.000000000000e+00       5.367651359738e-16       3.611859205918e-17      -6.277539832663e-18 
 1815       4.481165113001e-11       9.294533488425e-13      -5.577933374316e-13       0.000000000000e+00       5.354982038047e-16       3.683336678129e-17      -6.490898818018e-18 
 1816       4.463025257735e-11       9.351242474301e-13      -5.330632427648e-13       0.000000000000e+00       5.342347773126e-16       3.752806525095e-17      -6.700846963420e-18 
 1817       4.444788430646e-11       9.409610321210e-13      -5.090849966886e-13       0.000000000000e+00       5.329748482902e-16       3.820339040506e-17      -6.907420550830e-18 
 1818       4.426459479317e-11       9.469593859396e-13      -4.858575772155e-13       0.000000000000e+00       5.317184084296e-16       3.886004850557e-17      -7.110656062519e-18 
 1819       4.408043273379e-11       9.531149711863e-13      -4.633799492652e-13       0.000000000000e+00       5.304654493220e-16       3.949874914413e-17      -7.310590181359e-18 
 1820       4.389544704543e-11       9.594234294082e-13      -4.416510646425e-13       0.000000000000e+00       5.292159624578e-16       4.012020524676e-17      -7.507259791121e-18 
 1821       4.370968686630e-11       9.658803813701e-13      -4.206698620152e-13       0.000000000000e+00       5.279699392261e-16       4.072513307858e-17      -7.700701976768e-18 
 1822       4.352320155599e-11       9.724814270250e-13      -4.004352668923e-13       0.000000000000e+00       5.267273709147e-16       4.131425224844e-17      -7.890954024749e-18 
 1823       4.333604069582e-11       9.792221454849e-13      -3.809461916015e-13       0.000000000000e+00       5.254882487100e-16       4.188828571362e-17      -8.078053423298e-18 
 1824       4.314825408913e-11       9.860980949919e-13      -3.622015352678e-13       0.000000000000e+00       5.242525636967e-16       4.244795978453e-17      -8.262037862722e-18 
 1825       4.295989176154e-11       9.931048128880e-13      -3.442001837911e-13       0.000000000000e+00       5.230203068576e-16       4.299400412934e-17      -8.442945235702e-18 
 1826       4.277100396135e-11       1.000237815587e-12      -3.269410098241e-13       0.000000000000e+00       5.217914690734e-16       4.352715177871e-17      -8.620813637587e-18 
 1827       4.258164115974e-11       1.007492598545e-12      -3.104228727507e-13       0.000000000000e+00       5.205660411229e-16       4.404813913045e-17      -8.795681366684e-18 
 1828       4.239185405116e-11       1.014864636229e-12      -2.946446186634e-13       0.000000000000e+00       5.193440136822e-16       4.455770595420e-17      -8.967586924558e-18 
 1829       4.220169355358e-11       1.022349382092e-12      -2.796050803417e-13       0.000000000000e+00       5.181253773251e-16       4.505659539611e-17      -9.136569016324e-18 
 1830       4.201121080882e-11       1.029942268541e-12      -2.653030772299e-13       0.000000000000e+00       5.169101225226e-16       4.554555398352e-17      -9.302666550944e-18 
 1831       4.182045718287e-11       1.037638706905e-12      -2.517374154152e-13       0.000000000000e+00       5.156982396427e-16       4.602533162965e-17      -9.465918641519e-18 
 1832       4.162948426615e-11       1.045434087411e-12      -2.389068876056e-13       0.000000000000e+00       5.144897189505e-16       4.649668163826e-17      -9.626364605586e-18 
 1833       4.143834387387e-11       1.053323779154e-12      -2.268102731076e-13       0.000000000000e+00       5.132845506078e-16       4.696036070835e-17      -9.784043965412e-18 
 1834       4.124708804628e-11       1.061303130063e-12      -2.154463378049e-13       0.000000000000e+00       5.120827246729e-16       4.741712893884e-17      -9.938996448290e-18 
 1835       4.105576904903e-11       1.069367466877e-12      -2.048138341354e-13       0.000000000000e+00       5.108842311006e-16       4.786774983323e-17      -1.009126198683e-17 
 1836       4.086443937343e-11       1.077512095113e-12      -1.949115010701e-13       0.000000000000e+00       5.096890597420e-16       4.831299030431e-17      -1.024088071926e-17 
 1837       4.067315173679e-11       1.085732299038e-12      -1.857380640905e-13       0.000000000000e+00       5.084972003441e-16       4.875362067882e-17      -1.038789298971e-17 
 1838       4.048195908270e-11       1.094023341638e-12      -1.772922351667e-13       0.000000000000e+00       5.073086425498e-16       4.919041470211e-17      -1.053233934853e-17 
 1839       4.029091458135e-11       1.102380464591e-12      -1.695727127354e-13       0.000000000000e+00       5.061233758978e-16       4.962414954288e-17      -1.067426055255e-17 
 1840       4.010007162982e-11       1.110798888236e-12      -1.625781816781e-13       0.000000000000e+00       5.049413898224e-16       5.005560579781e-17      -1.081369756541e-17 
 1841       3.990948385242e-11       1.119273811544e-12      -1.563073132987e-13       0.000000000000e+00       5.037626736531e-16       5.048556749625e-17      -1.095069155782e-17 
 1842       3.971920510095e-11       1.127800412092e-12      -1.507587653015e-13       0.000000000000e+00       5.025872166145e-16       5.091482210491e-17      -1.108528390789e-17 
 1843       3.952928945505e-11       1.136373846027e-12      -1.459311817695e-13       0.000000000000e+00       5.014150078266e-16       5.134416053255e-17      -1.121751620140e-17 
 1844       3.933979122244e-11       1.144989248044e-12      -1.418231931422e-13       0.000000000000e+00       5.002460363038e-16       5.177437713462e-17      -1.134743023211e-17 
 1845       3.915076493933e-11       1.153641731350e-12      -1.384334161935e-13       0.000000000000e+00       4.990802909555e-16       5.220626971799e-17      -1.147506800204e-17 
 1846       3.896226537062e-11       1.162326387640e-12      -1.357604540097e-13       0.000000000000e+00       4.979177605853e-16       5.264063954560e-17      -1.160047172178e-17 
 1847       3.877434751025e-11       1.171038287068e-12      -1.338028959675e-13       0.000000000000e+00       4.967584338914e-16       5.307829134115e-17      -1.172368381076e-17 
 1848       3.858706658153e-11       1.179772478210e-12      -1.325593177122e-13       0.000000000000e+00       4.956022994658e-16       5.352003329375e-17      -1.184474689759e-17 
 1849       3.840047803740e-11       1.188523988047e-12      -1.320282811351e-13       0.000000000000e+00       4.944493457948e-16       5.396667706268e-17      -1.196370382030e-17 
 1850       3.821463756077e-11       1.197287821924e-12      -1.322083343521e-13       0.000000000000e+00       4.932995612583e-16       5.441903778198e-17      -1.208059762668e-17 
 1851       3.802960106480e-11       1.206058963528e-12      -1.330980116813e-13       0.000000000000e+00       4.921529341298e-16       5.487793406517e-17      -1.219547157455e-17 
 1852       3.784542469322e-11       1.214832374856e-12      -1.346958336212e-13       0.000000000000e+00       4.910094525763e-16       5.534418800995e-17      -1.230836913206e-17 
 1853       3.766216482063e-11       1.223602996188e-12      -1.370003068283e-13       0.000000000000e+00       4.898691046581e-16       5.581862520284e-17      -1.241933397799e-17 
 1854       3.747987805282e-11       1.232365746053e-12      -1.400099240957e-13       0.000000000000e+00       4.887318783285e-16       5.630207472390e-17      -1.252841000203e-17 
 1855       3.729862122704e-11       1.241115521205e-12      -1.437231643303e-13       0.000000000000e+00       4.875977614337e-16       5.679536915136e-17      -1.263564130511e-17 
 1856       3.711845141236e-11       1.249847196591e-12      -1.481384925316e-13       0.000000000000e+00       4.864667417128e-16       5.729934456636e-17      -1.274107219964e-17 
 1857       3.693942590992e-11       1.258555625322e-12      -1.532543597688e-13       0.000000000000e+00       4.853388067973e-16       5.781484055758e-17      -1.284474720986e-17 
 1858       3.676160225326e-11       1.267235638645e-12      -1.590692031597e-13       0.000000000000e+00       4.842139442111e-16       5.834270022596e-17      -1.294671107210e-17 
 1859       3.658503820864e-11       1.275882045912e-12      -1.655814458478e-13       0.000000000000e+00       4.830921413704e-16       5.888377018934e-17      -1.304700873507e-17 
 1860       3.640979177532e-11       1.284489634552e-12      -1.727894969810e-13       0.000000000000e+00       4.819733855834e-16       5.943890058718e-17      -1.314568536021e-17 
 1861       3.623592118589e-11       1.293053170040e-12      -1.806917516889e-13       0.000000000000e+00       4.808576640501e-16       6.000894508521e-17      -1.324278632191e-17 
 1862       3.606348490653e-11       1.301567395871e-12      -1.892865910615e-13       0.000000000000e+00       4.797449638623e-16       6.059476088012e-17      -1.333835720784e-17 
 1863       3.589254163738e-11       1.310027033526e-12      -1.985723821266e-13       0.000000000000e+00       4.786352720033e-16       6.119720870427e-17      -1.343244381927e-17 
 1864       3.572314321039e-11       1.318427243845e-12      -2.085458573531e-13       0.000000000000e+00       4.775285764145e-16       6.181688945223e-17      -1.352508495622e-17 
 1865       3.555531322148e-11       1.326765015136e-12      -2.191972392944e-13       0.000000000000e+00       4.764248692045e-16       6.245335179055e-17      -1.361629071064e-17 
 1866       3.538906823124e-11       1.335037785906e-12      -2.305150776242e-13       0.000000000000e+00       4.753241434651e-16       6.310587833621e-17      -1.370606400341e-17 
 1867       3.522442485218e-11       1.343242984434e-12      -2.424878660589e-13       0.000000000000e+00       4.742263922064e-16       6.377374846555e-17      -1.379440778402e-17 
 1868       3.506139974877e-11       1.351378028764e-12      -2.551040422795e-13       0.000000000000e+00       4.731316083566e-16       6.445623830989e-17      -1.388132503062e-17 
 1869       3.490000963752e-11       1.359440326686e-12      -2.683519878536e-13       0.000000000000e+00       4.720397847620e-16       6.515262075106e-17      -1.396681875005e-17 
 1870       3.474027128702e-11       1.367427275729e-12      -2.822200281577e-13       0.000000000000e+00       4.709509141868e-16       6.586216541707e-17      -1.405089197792e-17 
 1871       3.458220151803e-11       1.375336263140e-12      -2.966964322990e-13       0.000000000000e+00       4.698649893132e-16       6.658413867760e-17      -1.413354777860e-17 
 1872       3.442581720351e-11       1.383164665878e-12      -3.117694130375e-13       0.000000000000e+00       4.687820027406e-16       6.731780363970e-17      -1.421478924533e-17 
 1873       3.427113526870e-11       1.390909850596e-12      -3.274271267080e-13       0.000000000000e+00       4.677019469864e-16       6.806242014326e-17      -1.429461950019e-17 
 1874       3.411817269117e-11       1.398569173630e-12      -3.436576731423e-13       0.000000000000e+00       4.666248144851e-16       6.881724475671e-17      -1.437304169423e-17 
 1875       3.396694650088e-11       1.406139980983e-12      -3.604490955910e-13       0.000000000000e+00       4.655505975884e-16       6.958153077253e-17      -1.445005900746e-17 
 1876       3.381747378026e-11       1.413619608317e-12      -3.777893806458e-13       0.000000000000e+00       4.644792885653e-16       7.035452820288e-17      -1.452567464891e-17 
 1877       3.366977166422e-11       1.421005380932e-12      -3.956664581612e-13       0.000000000000e+00       4.634108796016e-16       7.113548377517e-17      -1.459989185666e-17 
 1878       3.352385734028e-11       1.428294613760e-12      -4.140682011770e-13       0.000000000000e+00       4.623453628000e-16       7.192364092765e-17      -1.467271389793e-17 
 1879       3.337974804859e-11       1.435484611346e-12      -4.329824258398e-13       0.000000000000e+00       4.612827301798e-16       7.271823980501e-17      -1.474414406908e-17 
 1880       3.323746108197e-11       1.442572667840e-12      -4.523968913254e-13       0.000000000000e+00       4.602229736769e-16       7.351851725397e-17      -1.481418569568e-17 
 1881       3.309701378602e-11       1.449556066978e-12      -4.722992997609e-13       0.000000000000e+00       4.591660851436e-16       7.432370681885e-17      -1.488284213254e-17 
 1882       3.295842355915e-11       1.456432082073e-12      -4.926772961463e-13       0.000000000000e+00       4.581120563485e-16       7.513303873716e-17      -1.495011676378e-17 
 1883       3.282170785264e-11       1.463197976001e-12      -5.135184682772e-13       0.000000000000e+00       4.570608789763e-16       7.594573993522e-17      -1.501601300285e-17 
 1884       3.268688417071e-11       1.469851001184e-12      -5.348103466660e-13       0.000000000000e+00       4.560125446276e-16       7.676103402372e-17      -1.508053429259e-17 
 1885       3.255397007057e-11       1.476388399583e-12      -5.565404044649e-13       0.000000000000e+00       4.549670448191e-16       7.757814129332e-17      -1.514368410526e-17 
 1886       3.242298316251e-11       1.482807402679e-12      -5.786960573869e-13       0.000000000000e+00       4.539243709831e-16       7.839627871022e-17      -1.520546594262e-17 
 1887       3.229394110991e-11       1.489105231461e-12      -6.012646636289e-13       0.000000000000e+00       4.528845144672e-16       7.921465991178e-17      -1.526588333593e-17 
 1888       3.216686162935e-11       1.495279096417e-12      -6.242335237928e-13       0.000000000000e+00       4.518474665349e-16       8.003249520209e-17      -1.532493984604e-17 
 1889       3.204176249062e-11       1.501326197514e-12      -6.475898808081e-13       0.000000000000e+00       4.508132183647e-16       8.084899154755e-17      -1.538263906341e-17 
 1890       3.191866151684e-11       1.507243724188e-12      -6.713209198540e-13       0.000000000000e+00       4.497817610505e-16       8.166335257248e-17      -1.543898460814e-17 
 1891       3.179757658446e-11       1.513028855333e-12      -6.954137682807e-13       0.000000000000e+00       4.487530856009e-16       8.247477855470e-17      -1.549398013006e-17 
 1892       3.167852562337e-11       1.518678759283e-12      -7.198554955325e-13       0.000000000000e+00       4.477271829397e-16       8.328246642113e-17      -1.554762930875e-17 
 1893       3.156152661693e-11       1.524190593802e-12      -7.446331130691e-13       0.000000000000e+00       4.467040439053e-16       8.408560974333e-17      -1.559993585358e-17 
 1894       3.144659760204e-11       1.529561506068e-12      -7.697335742877e-13       0.000000000000e+00       4.456836592507e-16       8.488339873316e-17      -1.565090350377e-17 
 1895       3.133375666920e-11       1.534788632663e-12      -7.951437744452e-13       0.000000000000e+00       4.446660196434e-16       8.567502023832e-17      -1.570053602842e-17 
 1896       3.122302196257e-11       1.539869099557e-12      -8.208505505805e-13       0.000000000000e+00       4.436511156654e-16       8.645965773797e-17      -1.574883722658e-17 
 1897       3.111441168004e-11       1.544800022096e-12      -8.468406814360e-13       0.000000000000e+00       4.426389378127e-16       8.723649133827e-17      -1.579581092726e-17 
 1898       3.100794407325e-11       1.549578504988e-12      -8.731008873799e-13       0.000000000000e+00       4.416294764953e-16       8.800469776803e-17      -1.584146098953e-17 
 1899       3.090363744773e-11       1.554201642289e-12      -8.996178303282e-13       0.000000000000e+00       4.406227220374e-16       8.876345037425e-17      -1.588579130248e-17 
 1900       3.080151016286e-11       1.558666517393e-12      -9.263781136668e-13       0.000000000000e+00       4.396186646768e-16       8.951191911774e-17      -1.592880578538e-17 
 1901       3.070158063201e-11       1.562970203013e-12      -9.533682821737e-13       0.000000000000e+00       4.386172945649e-16       9.024927056871e-17      -1.597050838762e-17 
 1902       3.060386732258e-11       1.567109761173e-12      -9.805748219405e-13       0.000000000000e+00       4.376186017668e-16       9.097466790231e-17      -1.601090308882e-17 
 1903       3.050838875602e-11       1.571082243192e-12      -1.007984160295e-12       0.000000000000e+00       4.366225762607e-16       9.168727089429e-17      -1.604999389884e-17 
 1904       3.041516350796e-11       1.574884689672e-12      -1.035582665723e-12       0.000000000000e+00       4.356292079384e-16       9.238623591653e-17      -1.608778485786e-17 
 1905       3.032421020820e-11       1.578514130482e-12      -1.063356647790e-12       0.000000000000e+00       4.346384866045e-16       9.307071593266e-17      -1.612428003639e-17 
 1906       3.023554754082e-11       1.581967584749e-12      -1.091292357064e-12       0.000000000000e+00       4.336504019767e-16       9.373986049366e-17      -1.615948353534e-17 
 1907       3.014919424423e-11       1.585242060841e-12      -1.119375985037e-12       0.000000000000e+00       4.326649436854e-16       9.439281573340e-17      -1.619339948606e-17 
 1908       3.006516911120e-11       1.588334556355e-12      -1.147593664048e-12       0.000000000000e+00       4.316821012737e-16       9.502872436427e-17      -1.622603205039e-17 
 1909       2.998349098897e-11       1.591242058103e-12      -1.175931467202e-12       0.000000000000e+00       4.307018641975e-16       9.564672567277e-17      -1.625738542068e-17 
 1910       2.990417877927e-11       1.593961542100e-12      -1.204375408297e-12       0.000000000000e+00       4.297242218248e-16       9.624595551507e-17      -1.628746381988e-17 
 1911       2.982725143840e-11       1.596489973550e-12      -1.232911441740e-12       0.000000000000e+00       4.287491634360e-16       9.682554631263e-17      -1.631627150154e-17 
 1912       2.975272797727e-11       1.598824306833e-12      -1.261525462476e-12       0.000000000000e+00       4.277766782236e-16       9.738462704775e-17      -1.634381274989e-17 
 1913       2.968062050639e-11       1.600962146393e-12      -1.290203941168e-12       0.000000000000e+00       4.268067561643e-16       9.792253947366e-17      -1.637008538038e-17 
 1914       2.961091331242e-11       1.602903734968e-12      -1.318935835225e-12       0.000000000000e+00       4.258393906426e-16       9.843948856175e-17      -1.639506118691e-17 
 1915       2.954358362164e-11       1.604649980545e-12      -1.347710692245e-12       0.000000000000e+00       4.248745758470e-16       9.893589702173e-17      -1.641870534509e-17 
 1916       2.947860854035e-11       1.606201796846e-12      -1.376518016014e-12       0.000000000000e+00       4.239123058997e-16       9.941218954159e-17      -1.644098289803e-17 
 1917       2.941596505476e-11       1.607560103338e-12      -1.405347266453e-12       0.000000000000e+00       4.229525748558e-16       9.986879279026e-17      -1.646185875612e-17 
 1918       2.935563003072e-11       1.608725825240e-12      -1.434187859560e-12       0.000000000000e+00       4.219953767043e-16       1.003061354203e-16      -1.648129769688e-17 
 1919       2.929758021365e-11       1.609699893532e-12      -1.463029167353e-12       0.000000000000e+00       4.210407053669e-16       1.007246480706e-16      -1.649926436483e-17 
 1920       2.924179222833e-11       1.610483244962e-12      -1.491860517814e-12       0.000000000000e+00       4.200885546986e-16       1.011247633691e-16      -1.651572327125e-17 
 1921       2.918824257871e-11       1.611076822056e-12      -1.520671194828e-12       0.000000000000e+00       4.191389184872e-16       1.015069159352e-16      -1.653063879409e-17 
 1922       2.913690764780e-11       1.611481573126e-12      -1.549450438130e-12       0.000000000000e+00       4.181917904536e-16       1.018715423827e-16      -1.654397517775e-17 
 1923       2.908776369744e-11       1.611698452278e-12      -1.578187443248e-12       0.000000000000e+00       4.172471642511e-16       1.022190813226e-16      -1.655569653292e-17 
 1924       2.904078686818e-11       1.611728419419e-12      -1.606871361440e-12       0.000000000000e+00       4.163050334660e-16       1.025499733653e-16      -1.656576683645e-17 
 1925       2.899595317908e-11       1.611572440267e-12      -1.635491299645e-12       0.000000000000e+00       4.153653916168e-16       1.028646611238e-16      -1.657414993112e-17 
 1926       2.895323852759e-11       1.611231486361e-12      -1.664036320420e-12       0.000000000000e+00       4.144282321546e-16       1.031635892159e-16      -1.658080952554e-17 
 1927       2.891261868930e-11       1.610706535064e-12      -1.692495441886e-12       0.000000000000e+00       4.134935484627e-16       1.034472042672e-16      -1.658570919392e-17 
 1928       2.887406931787e-11       1.609998569578e-12      -1.720857637667e-12       0.000000000000e+00       4.125613338567e-16       1.037159549138e-16      -1.658881237596e-17 
 1929       2.883756594477e-11       1.609108578946e-12      -1.749111836837e-12       0.000000000000e+00       4.116315815842e-16       1.039702918047e-16      -1.659008237664e-17 
 1930       2.880308397918e-11       1.608037558065e-12      -1.777246923864e-12       0.000000000000e+00       4.107042848247e-16       1.042106676046e-16      -1.658948236608e-17 
 1931       2.877059870781e-11       1.606786507692e-12      -1.805251738545e-12       0.000000000000e+00       4.097794366897e-16       1.044375369968e-16      -1.658697537934e-17 
 1932       2.874008529469e-11       1.605356434453e-12      -1.833115075959e-12       0.000000000000e+00       4.088570302225e-16       1.046513566856e-16      -1.658252431629e-17 
 1933       2.871151878105e-11       1.603748350853e-12      -1.860825686401e-12       0.000000000000e+00       4.079370583979e-16       1.048525853988e-16      -1.657609194144e-17 
 1934       2.868487408515e-11       1.601963275279e-12      -1.888372275331e-12       0.000000000000e+00       4.070195141222e-16       1.050416838911e-16      -1.656764088372e-17 
 1935       2.866012600207e-11       1.600002232014e-12      -1.915743503314e-12       0.000000000000e+00       4.061043902333e-16       1.052191149458e-16      -1.655713363639e-17 
 1936       2.863724920359e-11       1.597866251244e-12      -1.942927985963e-12       0.000000000000e+00       4.051916795003e-16       1.053853433785e-16      -1.654453255682e-17 
 1937       2.861621823799e-11       1.595556369065e-12      -1.969914293884e-12       0.000000000000e+00       4.042813746236e-16       1.055408360387e-16      -1.652979986634e-17 
 1938       2.859700752990e-11       1.593073627491e-12      -1.996690952614e-12       0.000000000000e+00       4.033734682345e-16       1.056860618135e-16      -1.651289765006e-17 
 1939       2.857959138014e-11       1.590419074465e-12      -2.023246442572e-12       0.000000000000e+00       4.024679528956e-16       1.058214916296e-16      -1.649378785672e-17 
 1940       2.856394396551e-11       1.587593763862e-12      -2.049569198991e-12       0.000000000000e+00       4.015648211001e-16       1.059475984561e-16      -1.647243229853e-17 
 1941       2.855003933869e-11       1.584598755506e-12      -2.075647611871e-12       0.000000000000e+00       4.006640652721e-16       1.060648573074e-16      -1.644879265097e-17 
 1942       2.853785142800e-11       1.581435115170e-12      -2.101470025917e-12       0.000000000000e+00       3.997656777663e-16       1.061737452457e-16      -1.642283045264e-17 
 1943       2.852735403729e-11       1.578103914588e-12      -2.127024740481e-12       0.000000000000e+00       3.988696508681e-16       1.062747413836e-16      -1.639450710511e-17 
 1944       2.851852084574e-11       1.574606231463e-12      -2.152300009507e-12       0.000000000000e+00       3.979759767931e-16       1.063683268870e-16      -1.636378387272e-17 
 1945       2.851132540770e-11       1.570943149475e-12      -2.177284041473e-12       0.000000000000e+00       3.970846476874e-16       1.064549849777e-16      -1.633062188245e-17 
 1946       2.850574115252e-11       1.567115758291e-12      -2.201964999336e-12       0.000000000000e+00       3.961956556274e-16       1.065352009358e-16      -1.629498212371e-17 
 1947       2.850174138440e-11       1.563125153570e-12      -2.226331000469e-12       0.000000000000e+00       3.953089926193e-16       1.066094621028e-16      -1.625682544820e-17 
 1948       2.849929928221e-11       1.558972436975e-12      -2.250370116612e-12       0.000000000000e+00       3.944246505997e-16       1.066782578841e-16      -1.621611256975e-17 
 1949       2.849838789930e-11       1.554658716177e-12      -2.274070373807e-12       0.000000000000e+00       3.935426214347e-16       1.067420797514e-16      -1.617280406413e-17 
 1950       2.849898016337e-11       1.550185104869e-12      -2.297419752348e-12       0.000000000000e+00       3.926628969206e-16       1.068014212460e-16      -1.612686036890e-17 
 1951       2.850104887628e-11       1.545552722769e-12      -2.320406186717e-12       0.000000000000e+00       3.917854687830e-16       1.068567779807e-16      -1.607824178322e-17 
 1952       2.850456671389e-11       1.540762695631e-12      -2.343017565532e-12       0.000000000000e+00       3.909103286774e-16       1.069086476432e-16      -1.602690846772e-17 
 1953       2.850950622589e-11       1.535816155254e-12      -2.365241731488e-12       0.000000000000e+00       3.900374681884e-16       1.069575299984e-16      -1.597282044430e-17 
 1954       2.851583983563e-11       1.530714239487e-12      -2.387066481299e-12       0.000000000000e+00       3.891668788303e-16       1.070039268909e-16      -1.591593759597e-17 
 1955       2.852353983997e-11       1.525458092242e-12      -2.408479565643e-12       0.000000000000e+00       3.882985520463e-16       1.070483422482e-16      -1.585621966670e-17 
 1956       2.853257840907e-11       1.520048863498e-12      -2.429468689103e-12       0.000000000000e+00       3.874324792091e-16       1.070912820828e-16      -1.579362626123e-17 
 1957       2.854292758627e-11       1.514487709313e-12      -2.450021510110e-12       0.000000000000e+00       3.865686516201e-16       1.071332544955e-16      -1.572811684491e-17 
 1958       2.855455928791e-11       1.508775791828e-12      -2.470125640887e-12       0.000000000000e+00       3.857070605098e-16       1.071747696774e-16      -1.565965074354e-17 
 1959       2.856744530313e-11       1.502914279280e-12      -2.489768647392e-12       0.000000000000e+00       3.848476970374e-16       1.072163399130e-16      -1.558818714319e-17 
 1960       2.858155729374e-11       1.496904346007e-12      -2.508938049257e-12       0.000000000000e+00       3.839905522908e-16       1.072584795828e-16      -1.551368509007e-17 
 1961       2.859686679404e-11       1.490747172459e-12      -2.527621319738e-12       0.000000000000e+00       3.831356172867e-16       1.073017051661e-16      -1.543610349029e-17 
 1962       2.861334408082e-11       1.484444238887e-12      -2.545807800488e-12       0.000000000000e+00       3.822828836837e-16       1.073464275144e-16      -1.535542276154e-17 
 1963       2.863095477444e-11       1.477998208801e-12      -2.563494461632e-12       0.000000000000e+00       3.814323459301e-16       1.073926277900e-16      -1.527170996481e-17 
 1964       2.864966321206e-11       1.471412052123e-12      -2.580680184550e-12       0.000000000000e+00       3.805839991321e-16       1.074401791154e-16      -1.518505415815e-17 
 1965       2.866943357496e-11       1.464688752114e-12      -2.597363850942e-12       0.000000000000e+00       3.797378383418e-16       1.074889540823e-16      -1.509554478958e-17 
 1966       2.869022988838e-11       1.457831305395e-12      -2.613544342834e-12       0.000000000000e+00       3.788938585565e-16       1.075388247508e-16      -1.500327169752e-17 
 1967       2.871201602123e-11       1.450842721964e-12      -2.629220542575e-12       0.000000000000e+00       3.780520547192e-16       1.075896626486e-16      -1.490832511133e-17 
 1968       2.873475568599e-11       1.443726025212e-12      -2.644391332845e-12       0.000000000000e+00       3.772124217183e-16       1.076413387705e-16      -1.481079565184e-17 
 1969       2.875841243841e-11       1.436484251942e-12      -2.659055596653e-12       0.000000000000e+00       3.763749543873e-16       1.076937235779e-16      -1.471077433182e-17 
 1970       2.878294967740e-11       1.429120452387e-12      -2.673212217345e-12       0.000000000000e+00       3.755396475050e-16       1.077466869975e-16      -1.460835255650e-17 
 1971       2.880833064474e-11       1.421637690226e-12      -2.686860078599e-12       0.000000000000e+00       3.747064957955e-16       1.078000984212e-16      -1.450362212409e-17 
 1972       2.883451842495e-11       1.414039042599e-12      -2.699998064434e-12       0.000000000000e+00       3.738754939276e-16       1.078538267053e-16      -1.439667522627e-17 
 1973       2.886147594504e-11       1.406327600132e-12      -2.712625059211e-12       0.000000000000e+00       3.730466365154e-16       1.079077401695e-16      -1.428760444870e-17 
 1974       2.888916597432e-11       1.398506466947e-12      -2.724739947633e-12       0.000000000000e+00       3.722199181175e-16       1.079617065966e-16      -1.417650277155e-17 
 1975       2.891755112420e-11       1.390578760684e-12      -2.736341614749e-12       0.000000000000e+00       3.713953332374e-16       1.080155932317e-16      -1.406346356997e-17 
 1976       2.894659384801e-11       1.382547612515e-12      -2.747428945958e-12       0.000000000000e+00       3.705728763235e-16       1.080692667814e-16      -1.394858061464e-17 
 1977       2.897625644074e-11       1.374416167164e-12      -2.758000827010e-12       0.000000000000e+00       3.697525417685e-16       1.081225934132e-16      -1.383194807221e-17 
 1978       2.900650103890e-11       1.366187582926e-12      -2.768056144009e-12       0.000000000000e+00       3.689343239097e-16       1.081754387549e-16      -1.371366050590e-17 
 1979       2.903728962026e-11       1.357865031680e-12      -2.777593783415e-12       0.000000000000e+00       3.681182170289e-16       1.082276678939e-16      -1.359381287594e-17 
 1980       2.906858400370e-11       1.349451698908e-12      -2.786612632045e-12       0.000000000000e+00       3.673042153522e-16       1.082791453762e-16      -1.347250054009e-17 
 1981       2.910034584897e-11       1.340950783716e-12      -2.795111577081e-12       0.000000000000e+00       3.664923130498e-16       1.083297352063e-16      -1.334981925415e-17 
 1982       2.913253665651e-11       1.332365498846e-12      -2.803089506066e-12       0.000000000000e+00       3.656825042363e-16       1.083793008459e-16      -1.322586517248e-17 
 1983       2.916511776722e-11       1.323699070699e-12      -2.810545306911e-12       0.000000000000e+00       3.648747829702e-16       1.084277052139e-16      -1.310073484851e-17 
 1984       2.919805036230e-11       1.314954739347e-12      -2.817477867894e-12       0.000000000000e+00       3.640691432540e-16       1.084748106849e-16      -1.297452523520e-17 
 1985       2.923129546300e-11       1.306135758555e-12      -2.823886077667e-12       0.000000000000e+00       3.632655790343e-16       1.085204790893e-16      -1.284733368563e-17 
 1986       2.926481393044e-11       1.297245395797e-12      -2.829768825254e-12       0.000000000000e+00       3.624640842011e-16       1.085645717120e-16      -1.271925795341e-17 
 1987       2.929856646541e-11       1.288286932271e-12      -2.835125000056e-12       0.000000000000e+00       3.616646525886e-16       1.086069492923e-16      -1.259039619328e-17 
 1988       2.933251360817e-11       1.279263662920e-12      -2.839953491852e-12       0.000000000000e+00       3.608672779743e-16       1.086474720225e-16      -1.246084696156e-17 
 1989       2.936661573822e-11       1.270178896448e-12      -2.844253190806e-12       0.000000000000e+00       3.600719540794e-16       1.086859995481e-16      -1.233070921664e-17 
 1990       2.940083307415e-11       1.261035955338e-12      -2.848022987462e-12       0.000000000000e+00       3.592786745684e-16       1.087223909663e-16      -1.220008231958e-17 
 1991       2.943512567337e-11       1.251838175869e-12      -2.851261772752e-12       0.000000000000e+00       3.584874330494e-16       1.087565048258e-16      -1.206906603451e-17 
 1992       2.946945343197e-11       1.242588908133e-12      -2.853968437997e-12       0.000000000000e+00       3.576982230737e-16       1.087881991260e-16      -1.193776052921e-17 
 1993       2.950377608446e-11       1.233291516052e-12      -2.856141874910e-12       0.000000000000e+00       3.569110381358e-16       1.088173313161e-16      -1.180626637557e-17 
 1994       2.953805320361e-11       1.223949377400e-12      -2.857780975598e-12       0.000000000000e+00       3.561258716732e-16       1.088437582950e-16      -1.167468455013e-17 
 1995       2.957224420025e-11       1.214565883813e-12      -2.858884632564e-12       0.000000000000e+00       3.553427170666e-16       1.088673364098e-16      -1.154311643458e-17 
 1996       2.960630832302e-11       1.205144440812e-12      -2.859451738710e-12       0.000000000000e+00       3.545615676395e-16       1.088879214560e-16      -1.141166381626e-17 
 1997       2.964020465821e-11       1.195688467821e-12      -2.859481187342e-12       0.000000000000e+00       3.537824166584e-16       1.089053686759e-16      -1.128042888867e-17 
 1998       2.967389212955e-11       1.186201398179e-12      -2.858971872166e-12       0.000000000000e+00       3.530052573324e-16       1.089195327588e-16      -1.114951425198e-17 
 1999       2.970732949800e-11       1.176686679164e-12      -2.857922687299e-12       0.000000000000e+00       3.522300828135e-16       1.089302678398e-16      -1.101902291354e-17 
 2000       2.974047536154e-11       1.167147772004e-12      -2.856332527264e-12       0.000000000000e+00       3.514568861960e-16       1.089374274991e-16      -1.088905828837e-17 
 2001       2.977328815498e-11       1.157588151902e-12      -2.854200286997e-12       0.000000000000e+00       3.506856605169e-16       1.089408647615e-16      -1.075972419968e-17 
 2002       2.980572614976e-11       1.148011308046e-12      -2.851524861849e-12       0.000000000000e+00       3.499163987557e-16       1.089404320957e-16      -1.063112487940e-17 
 2003       2.983774745373e-11       1.138420743631e-12      -2.848305147586e-12       0.000000000000e+00       3.491490938339e-16       1.089359814137e-16      -1.050336496865e-17 
 2004       2.986931001097e-11       1.128819975875e-12      -2.844540040395e-12       0.000000000000e+00       3.483837386157e-16       1.089273640698e-16      -1.037654951826e-17 
 2005       2.990037160155e-11       1.119212536038e-12      -2.840228436884e-12       0.000000000000e+00       3.476203259069e-16       1.089144308603e-16      -1.025078398927e-17 
 2006       2.993088984139e-11       1.109601969437e-12      -2.835369234085e-12       0.000000000000e+00       3.468588484559e-16       1.088970320224e-16      -1.012617425348e-17 
 2007       2.996082218198e-11       1.099991835466e-12      -2.829961329457e-12       0.000000000000e+00       3.460992989528e-16       1.088750172340e-16      -1.000282659389e-17 
 2008       2.999012591024e-11       1.090385707610e-12      -2.824003620888e-12       0.000000000000e+00       3.453416700297e-16       1.088482356128e-16      -9.880847705265e-18 
 2009       3.001875814828e-11       1.080787173466e-12      -2.817495006700e-12       0.000000000000e+00       3.445859542603e-16       1.088165357152e-16      -9.760344694604e-18 
 2010       3.004667585322e-11       1.071199834761e-12      -2.810434385647e-12       0.000000000000e+00       3.438321441603e-16       1.087797655366e-16      -9.641425081672e-18 
 2011       3.007384023059e-11       1.061627073732e-12      -2.802822059648e-12       0.000000000000e+00       3.430802327716e-16       1.087377807123e-16      -9.524167459742e-18 
 2012       3.010023001008e-11       1.052071350386e-12      -2.794663953134e-12       0.000000000000e+00       3.423302154207e-16       1.086904691910e-16      -9.408533243427e-18 
 2013       3.012582826598e-11       1.042534900163e-12      -2.785967424414e-12       0.000000000000e+00       3.415820879732e-16       1.086377267397e-16      -9.294454279529e-18 
 2014       3.015061801233e-11       1.033019967115e-12      -2.776739865784e-12       0.000000000000e+00       3.408358462499e-16       1.085794487576e-16      -9.181862128118e-18 
 2015       3.017458220283e-11       1.023528803916e-12      -2.766988703565e-12       0.000000000000e+00       3.400914860269e-16       1.085155302750e-16      -9.070688062167e-18 
 2016       3.019770373071e-11       1.014063671872e-12      -2.756721398151e-12       0.000000000000e+00       3.393490030358e-16       1.084458659532e-16      -8.960863067185e-18 
 2017       3.021996542874e-11       1.004626840935e-12      -2.745945444054e-12       0.000000000000e+00       3.386083929628e-16       1.083703500840e-16      -8.852317840863e-18 
 2018       3.024135006911e-11       9.952205897098e-13      -2.734668369944e-12       0.000000000000e+00       3.378696514497e-16       1.082888765893e-16      -8.744982792701e-18 
 2019       3.026184036337e-11       9.858472054649e-13      -2.722897738699e-12       0.000000000000e+00       3.371327740930e-16       1.082013390206e-16      -8.638788043655e-18 
 2020       3.028141896236e-11       9.765089841453e-13      -2.710641147442e-12       0.000000000000e+00       3.363977564442e-16       1.081076305585e-16      -8.533663425765e-18 
 2021       3.030006845614e-11       9.672082303813e-13      -2.697906227592e-12       0.000000000000e+00       3.356645940096e-16       1.080076440126e-16      -8.429538481799e-18 
 2022       3.031777137389e-11       9.579472574995e-13      -2.684700644902e-12       0.000000000000e+00       3.349332822505e-16       1.079012718206e-16      -8.326342464889e-18 
 2023       3.033451018390e-11       9.487283875334e-13      -2.671032099510e-12       0.000000000000e+00       3.342038165827e-16       1.077884060481e-16      -8.224004338165e-18 
 2024       3.035026729343e-11       9.395539512341e-13      -2.656908325975e-12       0.000000000000e+00       3.334761923768e-16       1.076689383880e-16      -8.122452774394e-18 
 2025       3.036502504868e-11       9.304262880802e-13      -2.642337093329e-12       0.000000000000e+00       3.327504049578e-16       1.075427601606e-16      -8.021616155619e-18 
 2026       3.037876573471e-11       9.213477462891e-13      -2.627326205114e-12       0.000000000000e+00       3.320264496055e-16       1.074097623123e-16      -7.921422572794e-18 
 2027       3.039147157535e-11       9.123206828274e-13      -2.611883499434e-12       0.000000000000e+00       3.313043215539e-16       1.072698354159e-16      -7.821799825422e-18 
 2028       3.040312473315e-11       9.033474634210e-13      -2.596016848990e-12       0.000000000000e+00       3.305840159914e-16       1.071228696697e-16      -7.722675421190e-18 
 2029       3.041370730931e-11       8.944304625662e-13      -2.579734161132e-12       0.000000000000e+00       3.298655280609e-16       1.069687548975e-16      -7.623976575612e-18 
 2030       3.042320134358e-11       8.855720635398e-13      -2.563043377899e-12       0.000000000000e+00       3.291488528592e-16       1.068073805476e-16      -7.525630211659e-18 
 2031       3.043158881423e-11       8.767746584100e-13      -2.545952476064e-12       0.000000000000e+00       3.284339854376e-16       1.066386356928e-16      -7.427562959401e-18 
 2032       3.043885163792e-11       8.680406480469e-13      -2.528469467178e-12       0.000000000000e+00       3.277209208014e-16       1.064624090299e-16      -7.329701155643e-18 
 2033       3.044497166970e-11       8.593724421328e-13      -2.510602397615e-12       0.000000000000e+00       3.270096539097e-16       1.062785888791e-16      -7.231970843560e-18 
 2034       3.044993070288e-11       8.507724591730e-13      -2.492359348615e-12       0.000000000000e+00       3.263001796759e-16       1.060870631836e-16      -7.134297772340e-18 
 2035       3.045371046898e-11       8.422431265062e-13      -2.473748436329e-12       0.000000000000e+00       3.255924929670e-16       1.058877195093e-16      -7.036607396813e-18 
 2036       3.045629263766e-11       8.337868803153e-13      -2.454777811862e-12       0.000000000000e+00       3.248865886040e-16       1.056804450442e-16      -6.938824877095e-18 
 2037       3.045765881664e-11       8.254061656376e-13      -2.435455661319e-12       0.000000000000e+00       3.241824613616e-16       1.054651265982e-16      -6.840875078223e-18 
 2038       3.045779055164e-11       8.171034363757e-13      -2.415790205845e-12       0.000000000000e+00       3.234801059681e-16       1.052416506023e-16      -6.742682569791e-18 
 2039       3.045666932630e-11       8.088811553076e-13      -2.395789701677e-12       0.000000000000e+00       3.227795171055e-16       1.050099031084e-16      -6.644171625587e-18 
 2040       3.045427656210e-11       8.007417940977e-13      -2.375462440178e-12       0.000000000000e+00       3.220806894094e-16       1.047697697889e-16      -6.545266223234e-18 
 2041       3.045059361831e-11       7.926878333073e-13      -2.354816747890e-12       0.000000000000e+00       3.213836174686e-16       1.045211359361e-16      -6.445890043823e-18 
 2042       3.044560179189e-11       7.847217624049e-13      -2.333860986572e-12       0.000000000000e+00       3.206882958255e-16       1.042638864618e-16      -6.345966471551e-18 
 2043       3.043928231745e-11       7.768460797768e-13      -2.312603553249e-12       0.000000000000e+00       3.199947189759e-16       1.039979058971e-16      -6.245418593360e-18 
 2044       3.043161636715e-11       7.690632927379e-13      -2.291052880251e-12       0.000000000000e+00       3.193028813686e-16       1.037230783916e-16      -6.144169198572e-18 
 2045       3.042258505064e-11       7.613759175420e-13      -2.269217435262e-12       0.000000000000e+00       3.186127774059e-16       1.034392877132e-16      -6.042140778529e-18 
 2046       3.041216941499e-11       7.537864793925e-13      -2.247105721360e-12       0.000000000000e+00       3.179244014430e-16       1.031464172475e-16      -5.939255526227e-18 
 2047       3.040035044461e-11       7.462975124528e-13      -2.224726277065e-12       0.000000000000e+00       3.172377477881e-16       1.028443499975e-16      -5.835435335954e-18 
 2048       3.038710906120e-11       7.389115598570e-13      -2.202087676380e-12       0.000000000000e+00       3.165528107027e-16       1.025329685831e-16      -5.730601802931e-18 
 2049       3.037242612364e-11       7.316311737204e-13      -2.179198528835e-12       0.000000000000e+00       3.158695844008e-16       1.022121552408e-16      -5.624676222942e-18 
 2050       3.035628242795e-11       7.244589151500e-13      -2.156067479535e-12       0.000000000000e+00       3.151880630495e-16       1.018817918229e-16      -5.517579591977e-18 
 2051       3.033865870720e-11       7.173973542551e-13      -2.132703209201e-12       0.000000000000e+00       3.145082407687e-16       1.015417597975e-16      -5.409232605869e-18 
 2052       3.031953563147e-11       7.104490701579e-13      -2.109114434212e-12       0.000000000000e+00       3.138301116308e-16       1.011919402477e-16      -5.299555659928e-18 
 2053       3.029889380772e-11       7.036166510040e-13      -2.085309906655e-12       0.000000000000e+00       3.131536696609e-16       1.008322138716e-16      -5.188468848578e-18 
 2054       3.027671377977e-11       6.969026939729e-13      -2.061298414364e-12       0.000000000000e+00       3.124789088368e-16       1.004624609812e-16      -5.075891965000e-18 
 2055       3.025297602821e-11       6.903098052886e-13      -2.037088780967e-12       0.000000000000e+00       3.118058230886e-16       1.000825615025e-16      -4.961744500762e-18 
 2056       3.022766097032e-11       6.838406002302e-13      -2.012689865929e-12       0.000000000000e+00       3.111344062990e-16       9.969239497512e-17      -4.845945645461e-18 
 2057       3.020074896002e-11       6.774977031424e-13      -1.988110564595e-12       0.000000000000e+00       3.104646523028e-16       9.929184055134e-17      -4.728414286357e-18 
 2058       3.017222028777e-11       6.712837474460e-13      -1.963359808236e-12       0.000000000000e+00       3.097965548874e-16       9.888077699610e-17      -4.609069008014e-18 
 2059       3.014205518052e-11       6.652013756486e-13      -1.938446564093e-12       0.000000000000e+00       3.091301077922e-16       9.845908268643e-17      -4.487828091933e-18 
 2060       3.011023906078e-11       6.592527717232e-13      -1.913379702225e-12       0.000000000000e+00       3.084653051889e-16       9.802670534463e-17      -4.364637695906e-18 
 2061       3.007677836491e-11       6.534382545913e-13      -1.888167594929e-12       0.000000000000e+00       3.078021431252e-16       9.758387178031e-17      -4.239556611666e-18 
 2062       3.004168483708e-11       6.477576746669e-13      -1.862818514563e-12       0.000000000000e+00       3.071406180914e-16       9.713087963782e-17      -4.112672108765e-18 
 2063       3.000497028043e-11       6.422108805780e-13      -1.837340766519e-12       0.000000000000e+00       3.064807265407e-16       9.666802779948e-17      -3.984071809972e-18 
 2064       2.996664655709e-11       6.367977191641e-13      -1.811742689270e-12       0.000000000000e+00       3.058224648895e-16       9.619561638710e-17      -3.853843691710e-18 
 2065       2.992672558832e-11       6.315180354737e-13      -1.786032654406e-12       0.000000000000e+00       3.051658295173e-16       9.571394676349e-17      -3.722076084483e-18 
 2066       2.988521935453e-11       6.263716727611e-13      -1.760219066672e-12       0.000000000000e+00       3.045108167664e-16       9.522332153404e-17      -3.588857673315e-18 
 2067       2.984213989541e-11       6.213584724844e-13      -1.734310364016e-12       0.000000000000e+00       3.038574229421e-16       9.472404454822e-17      -3.454277498184e-18 
 2068       2.979749930996e-11       6.164782743022e-13      -1.708315017623e-12       0.000000000000e+00       3.032056443126e-16       9.421642090112e-17      -3.318424954452e-18 
 2069       2.975130975658e-11       6.117309160715e-13      -1.682241531955e-12       0.000000000000e+00       3.025554771088e-16       9.370075693497e-17      -3.181389793299e-18 
 2070       2.970358345318e-11       6.071162338446e-13      -1.656098444798e-12       0.000000000000e+00       3.019069175243e-16       9.317736024071e-17      -3.043262122161e-18 
 2071       2.965433267720e-11       6.026340618668e-13      -1.629894327294e-12       0.000000000000e+00       3.012599617157e-16       9.264653965948e-17      -2.904132405161e-18 
 2072       2.960356976574e-11       5.982842325733e-13      -1.603637783987e-12       0.000000000000e+00       3.006146058018e-16       9.210860528418e-17      -2.764091463539e-18 
 2073       2.955130711559e-11       5.940665765869e-13      -1.577337452863e-12       0.000000000000e+00       2.999708458643e-16       9.156386846099e-17      -2.623230476092e-18 
 2074       2.949755718335e-11       5.899809227153e-13      -1.551002005386e-12       0.000000000000e+00       2.993286779473e-16       9.101264179091e-17      -2.481640979604e-18 
 2075       2.944233248549e-11       5.860270979482e-13      -1.524640146544e-12       0.000000000000e+00       2.986880980574e-16       9.045523913128e-17      -2.339414869282e-18 
 2076       2.938564559839e-11       5.822049274548e-13      -1.498260614885e-12       0.000000000000e+00       2.980491021635e-16       8.989197559734e-17      -2.196644399185e-18 
 2077       2.932750915848e-11       5.785142345813e-13      -1.471872182560e-12       0.000000000000e+00       2.974116861969e-16       8.932316756371e-17      -2.053422182664e-18 
 2078       2.926793586228e-11       5.749548408478e-13      -1.445483655362e-12       0.000000000000e+00       2.967758460514e-16       8.874913266599e-17      -1.909841192790e-18 
 2079       2.920693846648e-11       5.715265659459e-13      -1.419103872767e-12       0.000000000000e+00       2.961415775827e-16       8.817018980225e-17      -1.765994762792e-18 
 2080       2.914452978802e-11       5.682292277363e-13      -1.392741707975e-12       0.000000000000e+00       2.955088766089e-16       8.758665913457e-17      -1.621976586488e-18 
 2081       2.908072270416e-11       5.650626422456e-13      -1.366406067948e-12       0.000000000000e+00       2.948777389102e-16       8.699886209056e-17      -1.477880718719e-18 
 2082       2.901553015259e-11       5.620266236639e-13      -1.340105893452e-12       0.000000000000e+00       2.942481602288e-16       8.640712136494e-17      -1.333801575785e-18 
 2083       2.894896513144e-11       5.591209843421e-13      -1.313850159099e-12       0.000000000000e+00       2.936201362690e-16       8.581176092100e-17      -1.189833935875e-18 
 2084       2.888104069943e-11       5.563455347895e-13      -1.287647873383e-12       0.000000000000e+00       2.929936626970e-16       8.521310599221e-17      -1.046072939503e-18 
 2085       2.881176997589e-11       5.537000836706e-13      -1.261508078725e-12       0.000000000000e+00       2.923687351408e-16       8.461148308370e-17      -9.026140899412e-19 
 2086       2.874116614088e-11       5.511844378028e-13      -1.235439851510e-12       0.000000000000e+00       2.917453491906e-16       8.400721997379e-17      -7.595532536541e-19 
 2087       2.866924243523e-11       5.487984021538e-13      -1.209452302130e-12       0.000000000000e+00       2.911235003979e-16       8.340064571556e-17      -6.169866607312e-19 
 2088       2.859601216065e-11       5.465417798386e-13      -1.183554575022e-12       0.000000000000e+00       2.905031842763e-16       8.279209063837e-17      -4.750109053213e-19 
 2089       2.852148867978e-11       5.444143721171e-13      -1.157755848709e-12       0.000000000000e+00       2.898843963010e-16       8.218188634937e-17      -3.337229460662e-19 
 2090       2.844568541627e-11       5.424159783915e-13      -1.132065335842e-12       0.000000000000e+00       2.892671319087e-16       8.157036573504e-17      -1.932201065339e-19 
 2091       2.836861585487e-11       5.405463962032e-13      -1.106492283238e-12       0.000000000000e+00       2.886513864978e-16       8.095786296276e-17      -5.360007565294e-20 
 2092       2.829029354151e-11       5.388054212307e-13      -1.081045971921e-12       0.000000000000e+00       2.880371554281e-16       8.034471348228e-17       8.503909185459e-20 
 2093       2.821073208336e-11       5.371928472865e-13      -1.055735717165e-12       0.000000000000e+00       2.874244340209e-16       7.973125402732e-17       2.225989750389e-19 
 2094       2.812994514890e-11       5.357084663147e-13      -1.030570868529e-12       0.000000000000e+00       2.868132175589e-16       7.911782261705e-17       3.589807862891e-19 
 2095       2.804794646804e-11       5.343520683882e-13      -1.005560809904e-12       0.000000000000e+00       2.862035012862e-16       7.850475855762e-17       4.940853708995e-19 
 2096       2.796474983213e-11       5.331234417060e-13      -9.807149595473e-13       0.000000000000e+00       2.855952804081e-16       7.789240244376e-17       6.278132066357e-19 
 2097       2.788036909412e-11       5.320223725907e-13      -9.560427701258e-13       0.000000000000e+00       2.849885500912e-16       7.728109616024e-17       7.600644033013e-19 
 2098       2.779481816854e-11       5.310486454857e-13      -9.315537287565e-13       0.000000000000e+00       2.843833054630e-16       7.667118288342e-17       8.907387023040e-19 
 2099       2.770811103166e-11       5.302020429526e-13      -9.072573570462e-13       0.000000000000e+00       2.837795416126e-16       7.606300708281e-17       1.019735476222e-18 
 2100       2.762026172153e-11       5.294823456683e-13      -8.831632111320e-13       0.000000000000e+00       2.831772535897e-16       7.545691452258e-17       1.146953728370e-18 
 2101       2.753128433805e-11       5.288893324229e-13      -8.592808817215e-13       0.000000000000e+00       2.825764364053e-16       7.485325226309e-17       1.272292092366e-18 
 2102       2.744119304307e-11       5.284227801164e-13      -8.356199941333e-13       0.000000000000e+00       2.819770850312e-16       7.425236866244e-17       1.395648831698e-18 
 2103       2.735000206043e-11       5.280824637563e-13      -8.121902083375e-13       0.000000000000e+00       2.813791944002e-16       7.365461337798e-17       1.516921839290e-18 
 2104       2.725772567610e-11       5.278681564551e-13      -7.890012189957e-13       0.000000000000e+00       2.807827594058e-16       7.306033736787e-17       1.636008637066e-18 
 2105       2.716437823819e-11       5.277796294273e-13      -7.660627555017e-13       0.000000000000e+00       2.801877749023e-16       7.246989289258e-17       1.752806375521e-18 
 2106       2.706997415705e-11       5.278166519872e-13      -7.433845820216e-13       0.000000000000e+00       2.795942357048e-16       7.188363351645e-17       1.867211833283e-18 
 2107       2.697452790537e-11       5.279789915456e-13      -7.209764975345e-13       0.000000000000e+00       2.790021365891e-16       7.130191410922e-17       1.979121416683e-18 
 2108       2.687805401822e-11       5.282664136077e-13      -6.988483358724e-13       0.000000000000e+00       2.784114722914e-16       7.072509084754e-17       2.088431159318e-18 
 2109       2.678056884171e-11       5.286783993459e-13      -6.770087285706e-13       0.000000000000e+00       2.778222379042e-16       7.015345840537e-17       2.195064936202e-18 
 2110       2.668209579197e-11       5.292132961826e-13      -6.554613839518e-13       0.000000000000e+00       2.772344300654e-16       6.958706104552e-17       2.299059321133e-18 
 2111       2.658266013280e-11       5.298691613064e-13      -6.342087822960e-13       0.000000000000e+00       2.766480457771e-16       6.902588021997e-17       2.400479317443e-18 
 2112       2.648228723059e-11       5.306440435510e-13      -6.132534106931e-13       0.000000000000e+00       2.760630820109e-16       6.846989726184e-17       2.499390197211e-18 
 2113       2.638100255439e-11       5.315359833847e-13      -5.925977630501e-13       0.000000000000e+00       2.754795357076e-16       6.791909338521e-17       2.595857501598e-18 
 2114       2.627883167610e-11       5.325430129004e-13      -5.722443400976e-13       0.000000000000e+00       2.748974037774e-16       6.737344968497e-17       2.689947041167e-18 
 2115       2.617580027052e-11       5.336631558050e-13      -5.521956493973e-13       0.000000000000e+00       2.743166830998e-16       6.683294713664e-17       2.781724896215e-18 
 2116       2.607193411554e-11       5.348944274093e-13      -5.324542053486e-13       0.000000000000e+00       2.737373705235e-16       6.629756659624e-17       2.871257417095e-18 
 2117       2.596725909223e-11       5.362348346178e-13      -5.130225291959e-13       0.000000000000e+00       2.731594628663e-16       6.576728880011e-17       2.958611224552e-18 
 2118       2.586180118496e-11       5.376823759181e-13      -4.939031490353e-13       0.000000000000e+00       2.725829569151e-16       6.524209436473e-17       3.043853210040e-18 
 2119       2.575558648155e-11       5.392350413710e-13      -4.750985998219e-13       0.000000000000e+00       2.720078494261e-16       6.472196378660e-17       3.127050536056e-18 
 2120       2.564864117337e-11       5.408908126000e-13      -4.566114233766e-13       0.000000000000e+00       2.714341371243e-16       6.420687744206e-17       3.208270636464e-18 
 2121       2.554099155546e-11       5.426476627809e-13      -4.384441683931e-13       0.000000000000e+00       2.708618167038e-16       6.369681558712e-17       3.287581216825e-18 
 2122       2.543266402667e-11       5.445035566318e-13      -4.205993904449e-13       0.000000000000e+00       2.702908848276e-16       6.319175835729e-17       3.365050254721e-18 
 2123       2.532368508980e-11       5.464564504028e-13      -4.030796519924e-13       0.000000000000e+00       2.697213381277e-16       6.269168576747e-17       3.440746000084e-18 
 2124       2.521408135168e-11       5.485042918655e-13      -3.858875223898e-13       0.000000000000e+00       2.691531732048e-16       6.219657771172e-17       3.514736975522e-18 
 2125       2.510387952332e-11       5.506450203027e-13      -3.690255778921e-13       0.000000000000e+00       2.685863866286e-16       6.170641396316e-17       3.587091976648e-18 
 2126       2.499310642004e-11       5.528765664985e-13      -3.524964016621e-13       0.000000000000e+00       2.680209749374e-16       6.122117417375e-17       3.657880072407e-18 
 2127       2.488178896157e-11       5.551968527276e-13      -3.363025837773e-13       0.000000000000e+00       2.674569346383e-16       6.074083787420e-17       3.727170605399e-18 
 2128       2.476995417221e-11       5.576037927453e-13      -3.204467212372e-13       0.000000000000e+00       2.668942622069e-16       6.026538447372e-17       3.795033192213e-18 
 2129       2.465762918091e-11       5.600952917769e-13      -3.049314179699e-13       0.000000000000e+00       2.663329540878e-16       5.979479325996e-17       3.861537723748e-18 
 2130       2.454484122143e-11       5.626692465079e-13      -2.897592848395e-13       0.000000000000e+00       2.657730066938e-16       5.932904339876e-17       3.926754365545e-18 
 2131       2.443161763245e-11       5.653235450732e-13      -2.749329396526e-13       0.000000000000e+00       2.652144164064e-16       5.886811393403e-17       3.990753558111e-18 
 2132       2.431798585768e-11       5.680560670473e-13      -2.604550071657e-13       0.000000000000e+00       2.646571795756e-16       5.841198378761e-17       4.053606017247e-18 
 2133       2.420397344601e-11       5.708646834334e-13      -2.463281190921e-13       0.000000000000e+00       2.641012925198e-16       5.796063175904e-17       4.115382734375e-18 
 2134       2.408960805162e-11       5.737472566539e-13      -2.325549141088e-13       0.000000000000e+00       2.635467515259e-16       5.751403652548e-17       4.176154976866e-18 
 2135       2.397491743411e-11       5.767016405395e-13      -2.191380378637e-13       0.000000000000e+00       2.629935528490e-16       5.707217664150e-17       4.235994288368e-18 
 2136       2.385992945860e-11       5.797256803192e-13      -2.060801429821e-13       0.000000000000e+00       2.624416927126e-16       5.663503053891e-17       4.294972489130e-18 
 2137       2.374467209589e-11       5.828172126099e-13      -1.933838890743e-13       0.000000000000e+00       2.618911673084e-16       5.620257652665e-17       4.353161676332e-18 
 2138       2.362917342257e-11       5.859740654062e-13      -1.810519427423e-13       0.000000000000e+00       2.613419727965e-16       5.577479279057e-17       4.410634224410e-18 
 2139       2.351346162113e-11       5.891940580700e-13      -1.690869775869e-13       0.000000000000e+00       2.607941053048e-16       5.535165739332e-17       4.467462785387e-18 
 2140       2.339756498010e-11       5.924750013205e-13      -1.574916742144e-13       0.000000000000e+00       2.602475609298e-16       5.493314827414e-17       4.523720289194e-18 
 2141       2.328151189416e-11       5.958146972236e-13      -1.462687202440e-13       0.000000000000e+00       2.597023357357e-16       5.451924324875e-17       4.579479944005e-18 
 2142       2.316533086429e-11       5.992109391817e-13      -1.354208103144e-13       0.000000000000e+00       2.591584257549e-16       5.410992000914e-17       4.634815236556e-18 
 2143       2.304905049785e-11       6.026615119235e-13      -1.249506460913e-13       0.000000000000e+00       2.586158269878e-16       5.370515612344e-17       4.689799932479e-18 
 2144       2.293269950876e-11       6.061641914938e-13      -1.148609362739e-13       0.000000000000e+00       2.580745354026e-16       5.330492903575e-17       4.744508076624e-18 
 2145       2.281630671757e-11       6.097167452428e-13      -1.051543966020e-13       0.000000000000e+00       2.575345469356e-16       5.290921606598e-17       4.799013993390e-18 
 2146       2.269990105162e-11       6.133169318165e-13      -9.583374986334e-14       0.000000000000e+00       2.569958574909e-16       5.251799440970e-17       4.853392287051e-18 
 2147       2.258351154516e-11       6.169625011457e-13      -8.690172590013e-14       0.000000000000e+00       2.564584629402e-16       5.213124113793e-17       4.907717842081e-18 
 2148       2.246716733943e-11       6.206511944363e-13      -7.836106161632e-14       0.000000000000e+00       2.559223591233e-16       5.174893319706e-17       4.962065823485e-18 
 2149       2.235089768287e-11       6.243807441585e-13      -7.021450098452e-14       0.000000000000e+00       2.553875418474e-16       5.137104740862e-17       5.016511677123e-18 
 2150       2.223473193114e-11       6.281488740370e-13      -6.246479505299e-14       0.000000000000e+00       2.548540068876e-16       5.099756046915e-17       5.071131130038e-18 
 2151       2.211869954735e-11       6.319532990406e-13      -5.511470195264e-14       0.000000000000e+00       2.543217499865e-16       5.062844895002e-17       5.126000190785e-18 
 2152       2.200283010209e-11       6.357917253715e-13      -4.816698690404e-14       0.000000000000e+00       2.537907668543e-16       5.026368929729e-17       5.181195149755e-18 
 2153       2.188715327360e-11       6.396618504556e-13      -4.162442222437e-14       0.000000000000e+00       2.532610531688e-16       4.990325783155e-17       5.236792579506e-18 
 2154       2.177169884792e-11       6.435613629318e-13      -3.548978733446e-14       0.000000000000e+00       2.527326045751e-16       4.954713074773e-17       5.292869335086e-18 
 2155       2.165649671894e-11       6.474879426421e-13      -2.976586876576e-14       0.000000000000e+00       2.522054166861e-16       4.919528411498e-17       5.349502554363e-18 
 2156       2.154157688861e-11       6.514392606208e-13      -2.445546016735e-14       0.000000000000e+00       2.516794850817e-16       4.884769387645e-17       5.406769658351e-18 
 2157       2.142696946697e-11       6.554129790848e-13      -1.956136231290e-14       0.000000000000e+00       2.511548053094e-16       4.850433584921e-17       5.464748351539e-18 
 2158       2.131270229335e-11       6.594068393639e-13      -1.508524296222e-14       0.000000000000e+00       2.506313732112e-16       4.816517109235e-17       5.523494184945e-18 
 2159       2.119879378178e-11       6.634189263659e-13      -1.102420797830e-14       0.000000000000e+00       2.501091859083e-16       4.783010190341e-17       5.582973078271e-18 
 2160       2.108526002725e-11       6.674474058851e-13      -7.374206964324e-15       0.000000000000e+00       2.495882408230e-16       4.749901552318e-17       5.643128340669e-18 
 2161       2.097211718037e-11       6.714904368163e-13      -4.131171274901e-15       0.000000000000e+00       2.490685353520e-16       4.717179873967e-17       5.703903066191e-18 
 2162       2.085938144747e-11       6.755461711465e-13      -1.291013993691e-15       0.000000000000e+00       2.485500668665e-16       4.684833788765e-17       5.765240133547e-18 
 2163       2.074706909062e-11       6.796127539474e-13       1.150370088960e-15       0.000000000000e+00       2.480328327122e-16       4.652851884802e-17       5.827082205847e-18 
 2164       2.063519642774e-11       6.836883233668e-13       3.197104498390e-15       0.000000000000e+00       2.475168302089e-16       4.621222704735e-17       5.889371730359e-18 
 2165       2.052377983259e-11       6.877710106209e-13       4.853331097999e-15       0.000000000000e+00       2.470020566510e-16       4.589934745731e-17       5.952050938249e-18 
 2166       2.041283573492e-11       6.918589399865e-13       6.123210111612e-15       0.000000000000e+00       2.464885093069e-16       4.558976459412e-17       6.015061844335e-18 
 2167       2.030238062047e-11       6.959502287924e-13       7.010920145860e-15       0.000000000000e+00       2.459761854195e-16       4.528336251804e-17       6.078346246839e-18 
 2168       2.019243103104e-11       7.000429874117e-13       7.520658212546e-15       0.000000000000e+00       2.454650822056e-16       4.498002483281e-17       6.141845727129e-18 
 2169       2.008300356459e-11       7.041353192540e-13       7.656639751017e-15       0.000000000000e+00       2.449551968565e-16       4.467963468510e-17       6.205501649475e-18 
 2170       1.997411487525e-11       7.082253207571e-13       7.423098650538e-15       0.000000000000e+00       2.444465265375e-16       4.438207476404e-17       6.269255160796e-18 
 2171       1.986578167344e-11       7.123110813789e-13       6.824287272661e-15       0.000000000000e+00       2.439390683878e-16       4.408722730058e-17       6.333047190406e-18 
 2172       1.975802072588e-11       7.163906835897e-13       5.864476473599e-15       0.000000000000e+00       2.434328195209e-16       4.379497406705e-17       6.396818449769e-18 
 2173       1.965084885568e-11       7.204622028639e-13       4.547955626597e-15       0.000000000000e+00       2.429277770242e-16       4.350519637653e-17       6.460509432246e-18 
 2174       1.954428294240e-11       7.245237076722e-13       2.879032644302e-15       0.000000000000e+00       2.424239379591e-16       4.321777508241e-17       6.524060412840e-18 
 2175       1.943833992211e-11       7.285732594735e-13       8.620340011392e-16       0.000000000000e+00       2.419212993610e-16       4.293259057777e-17       6.587411447954e-18 
 2176       1.933303678744e-11       7.326089127067e-13      -1.498695244323e-15       0.000000000000e+00       2.414198582391e-16       4.264952279488e-17       6.650502375132e-18 
 2177       1.922839058769e-11       7.366287147831e-13      -4.198791426996e-15       0.000000000000e+00       2.409196115766e-16       4.236845120465e-17       6.713272812812e-18 
 2178       1.912441842881e-11       7.406307060778e-13      -7.233872252901e-15       0.000000000000e+00       2.404205563305e-16       4.208925481611e-17       6.775662160076e-18 
 2179       1.902113747355e-11       7.446129199225e-13      -1.059953677680e-14       0.000000000000e+00       2.399226894314e-16       4.181181217584e-17       6.837609596398e-18 
 2180       1.891856494146e-11       7.485733825964e-13      -1.429136537981e-14       0.000000000000e+00       2.394260077838e-16       4.153600136748e-17       6.899054081393e-18 
 2181       1.881671810898e-11       7.525101133193e-13      -1.830491974706e-14       0.000000000000e+00       2.389305082661e-16       4.126170001113e-17       6.959934354568e-18 
 2182       1.871561430951e-11       7.564211242428e-13      -2.263574284530e-14       0.000000000000e+00       2.384361877301e-16       4.098878526287e-17       7.020188935068e-18 
 2183       1.861527093345e-11       7.603044204426e-13      -2.727935890051e-14       0.000000000000e+00       2.379430430014e-16       4.071713381419e-17       7.079756121429e-18 
 2184       1.851570542827e-11       7.641579999105e-13      -3.223127337557e-14       0.000000000000e+00       2.374510708792e-16       4.044662189146e-17       7.138573991325e-18 
 2185       1.841693529858e-11       7.679798535463e-13      -3.748697294787e-14       0.000000000000e+00       2.369602681361e-16       4.017712525537e-17       7.196580401319e-18 
 2186       1.831897810619e-11       7.717679651497e-13      -4.304192548693e-14       0.000000000000e+00       2.364706315185e-16       3.990851920045e-17       7.253712986609e-18 
 2187       1.822185147017e-11       7.755203114124e-13      -4.889158003202e-14       0.000000000000e+00       2.359821577461e-16       3.964067855446e-17       7.309909160782e-18 
 2188       1.812557306692e-11       7.792348619102e-13      -5.503136676983e-14       0.000000000000e+00       2.354948435122e-16       3.937347767792e-17       7.365106115559e-18 
 2189       1.803016063021e-11       7.829095790948e-13      -6.145669701205e-14       0.000000000000e+00       2.350086854834e-16       3.910679046352e-17       7.419240820547e-18 
 2190       1.793563195127e-11       7.865424182857e-13      -6.816296317304e-14       0.000000000000e+00       2.345236802997e-16       3.884049033559e-17       7.472250022986e-18 
 2191       1.784200487885e-11       7.901313276626e-13      -7.514553874741e-14       0.000000000000e+00       2.340398245746e-16       3.857445024960e-17       7.524070247503e-18 
 2192       1.774929731925e-11       7.936742482567e-13      -8.239977828771e-14       0.000000000000e+00       2.335571148948e-16       3.830854269157e-17       7.574637795853e-18 
 2193       1.765752723642e-11       7.971691139435e-13      -8.992101738199e-14       0.000000000000e+00       2.330755478201e-16       3.804263967758e-17       7.623888746677e-18 
 2194       1.756671265202e-11       8.006138514340e-13      -9.770457263149e-14       0.000000000000e+00       2.325951198840e-16       3.777661275318e-17       7.671758955246e-18 
 2195       1.747687164546e-11       8.040063802674e-13      -1.057457416282e-13       0.000000000000e+00       2.321158275926e-16       3.751033299291e-17       7.718184053212e-18 
 2196       1.738802235396e-11       8.073446128024e-13      -1.140398029326e-13       0.000000000000e+00       2.316376674257e-16       3.724367099972e-17       7.763099448357e-18 
 2197       1.730018297266e-11       8.106264542098e-13      -1.225820160512e-13       0.000000000000e+00       2.311606358360e-16       3.697649690445e-17       7.806440324343e-18 
 2198       1.721337175462e-11       8.138498024640e-13      -1.313676214141e-13       0.000000000000e+00       2.306847292492e-16       3.670868036526e-17       7.848141640459e-18 
 2199       1.712760701092e-11       8.170125483353e-13      -1.403918403528e-13       0.000000000000e+00       2.302099440641e-16       3.644009056717e-17       7.888138131374e-18 
 2200       1.704290711073e-11       8.201125753817e-13      -1.496498750777e-13       0.000000000000e+00       2.297362766527e-16       3.617059622142e-17       7.926364306883e-18 
 2201       1.695929048133e-11       8.231477599410e-13      -1.591369086558e-13       0.000000000000e+00       2.292637233598e-16       3.590006556501e-17       7.962754451656e-18 
 2202       1.687677560822e-11       8.261159711227e-13      -1.688481049882e-13       0.000000000000e+00       2.287922805032e-16       3.562836636013e-17       7.997242624993e-18 
 2203       1.679538103516e-11       8.290150708001e-13      -1.787786087878e-13       0.000000000000e+00       2.283219443735e-16       3.535536589363e-17       8.029762660564e-18 
 2204       1.671512536423e-11       8.318429136020e-13      -1.889235455572e-13       0.000000000000e+00       2.278527112343e-16       3.508093097647e-17       8.060248166167e-18 
 2205       1.663602725590e-11       8.345973469052e-13      -1.992780215658e-13       0.000000000000e+00       2.273845773219e-16       3.480492794320e-17       8.088632523471e-18 
 2206       1.655810542908e-11       8.372762108258e-13      -2.098371238277e-13       0.000000000000e+00       2.269175388457e-16       3.452722265139e-17       8.114848887771e-18 
 2207       1.648137494760e-11       8.398776500028e-13      -2.205957553527e-13       0.000000000000e+00       2.264515922599e-16       3.424771170242e-17       8.138848499200e-18 
 2208       1.640583605250e-11       8.424010512238e-13      -2.315481397486e-13       0.000000000000e+00       2.259867350842e-16       3.396641633102e-17       8.160655749642e-18 
 2209       1.633148525576e-11       8.448461120022e-13      -2.426883132881e-13       0.000000000000e+00       2.255229650884e-16       3.368338913740e-17       8.180313480593e-18 
 2210       1.625831904719e-11       8.472125293512e-13      -2.540102893108e-13       0.000000000000e+00       2.250602800213e-16       3.339868292279e-17       8.197864705052e-18 
 2211       1.618633389435e-11       8.494999997829e-13      -2.655080581968e-13       0.000000000000e+00       2.245986776100e-16       3.311235068963e-17       8.213352607729e-18 
 2212       1.611552624256e-11       8.517082193085e-13      -2.771755873402e-13       0.000000000000e+00       2.241381555604e-16       3.282444564184e-17       8.226820545240e-18 
 2213       1.604589251487e-11       8.538368834373e-13      -2.890068211226e-13       0.000000000000e+00       2.236787115566e-16       3.253502118500e-17       8.238312046309e-18 
 2214       1.597742911199e-11       8.558856871771e-13      -3.009956808870e-13       0.000000000000e+00       2.232203432612e-16       3.224413092663e-17       8.247870811968e-18 
 2215       1.591013241232e-11       8.578543250333e-13      -3.131360649110e-13       0.000000000000e+00       2.227630483155e-16       3.195182867640e-17       8.255540715757e-18 
 2216       1.584399877188e-11       8.597424910088e-13      -3.254218483806e-13       0.000000000000e+00       2.223068243388e-16       3.165816844637e-17       8.261365803925e-18 
 2217       1.577902452428e-11       8.615498786035e-13      -3.378468833636e-13       0.000000000000e+00       2.218516689292e-16       3.136320445119e-17       8.265390295628e-18 
 2218       1.571520598072e-11       8.632761808144e-13      -3.504049987835e-13       0.000000000000e+00       2.213975796627e-16       3.106699110839e-17       8.267658583131e-18 
 2219       1.565253942996e-11       8.649210901345e-13      -3.630900003924e-13       0.000000000000e+00       2.209445540939e-16       3.076958303853e-17       8.268215232011e-18 
 2220       1.559102113823e-11       8.664842985532e-13      -3.758956707456e-13       0.000000000000e+00       2.204925897556e-16       3.047103506551e-17       8.267104981350e-18 
 2221       1.553064734930e-11       8.679654975557e-13      -3.888157691741e-13       0.000000000000e+00       2.200416841588e-16       3.017140221676e-17       8.264372743942e-18 
 2222       1.547141428437e-11       8.693643781224e-13      -4.018440317589e-13       0.000000000000e+00       2.195918347928e-16       2.987073972347e-17       8.260063606490e-18 
 2223       1.541331814207e-11       8.706806307288e-13      -4.149741713043e-13       0.000000000000e+00       2.191430391251e-16       2.956910302084e-17       8.254222829805e-18 
 2224       1.535635509843e-11       8.719139453455e-13      -4.281998773114e-13       0.000000000000e+00       2.186952946012e-16       2.926654774827e-17       8.246895849012e-18 
 2225       1.530052130686e-11       8.730640114370e-13      -4.415148159519e-13       0.000000000000e+00       2.182485986449e-16       2.896312974966e-17       8.238128273742e-18 
 2226       1.524581289812e-11       8.741305179623e-13      -4.549126300414e-13       0.000000000000e+00       2.178029486580e-16       2.865890507357e-17       8.227965888339e-18 
 2227       1.519222598027e-11       8.751131533738e-13      -4.683869390134e-13       0.000000000000e+00       2.173583420204e-16       2.835392997349e-17       8.216454652056e-18 
 2228       1.513975663867e-11       8.760116056175e-13      -4.819313388922e-13       0.000000000000e+00       2.169147760899e-16       2.804826090808e-17       8.203640699259e-18 
 2229       1.508840093590e-11       8.768255621324e-13      -4.955394022671e-13       0.000000000000e+00       2.164722482026e-16       2.774195454136e-17       8.189570339624e-18 
 2230       1.503815491182e-11       8.775547098502e-13      -5.092046782658e-13       0.000000000000e+00       2.160307556724e-16       2.743506774296e-17       8.174290058336e-18 
 2231       1.498901458346e-11       8.781987351950e-13      -5.229206925277e-13       0.000000000000e+00       2.155902957910e-16       2.712765758838e-17       8.157846516294e-18 
 2232       1.494097594502e-11       8.787573240828e-13      -5.366809471778e-13       0.000000000000e+00       2.151508658282e-16       2.681978135918e-17       8.140286550310e-18 
 2233       1.489403496784e-11       8.792301619215e-13      -5.504789208002e-13       0.000000000000e+00       2.147124630317e-16       2.651149654323e-17       8.121657173304e-18 
 2234       1.484818760038e-11       8.796169336102e-13      -5.643080684113e-13       0.000000000000e+00       2.142750846269e-16       2.620286083493e-17       8.102005574511e-18 
 2235       1.480342976819e-11       8.799173235392e-13      -5.781618214342e-13       0.000000000000e+00       2.138387278173e-16       2.589393213545e-17       8.081379119676e-18 
 2236       1.475975737386e-11       8.801310155892e-13      -5.920335876714e-13       0.000000000000e+00       2.134033897837e-16       2.558476855297e-17       8.059825351260e-18 
 2237       1.471716629700e-11       8.802576931315e-13      -6.059167512789e-13       0.000000000000e+00       2.129690676852e-16       2.527542840288e-17       8.037391988632e-18 
 2238       1.467565239424e-11       8.802970390274e-13      -6.198046727394e-13       0.000000000000e+00       2.125357586584e-16       2.496597020805e-17       8.014126928279e-18 
 2239       1.463521149917e-11       8.802487356276e-13      -6.336906888363e-13       0.000000000000e+00       2.121034598174e-16       2.465645269904e-17       7.990078243997e-18 
 2240       1.459583942230e-11       8.801124647724e-13      -6.475681126269e-13       0.000000000000e+00       2.116721682543e-16       2.434693481431e-17       7.965294187097e-18 
 2241       1.455753195107e-11       8.798879077909e-13      -6.614302334164e-13       0.000000000000e+00       2.112418810388e-16       2.403747570049e-17       7.939823186603e-18 
 2242       1.452028484980e-11       8.795747455011e-13      -6.752703167308e-13       0.000000000000e+00       2.108125952179e-16       2.372813471260e-17       7.913713849454e-18 
 2243       1.448409385965e-11       8.791726582090e-13      -6.890816042912e-13       0.000000000000e+00       2.103843078164e-16       2.341897141426e-17       7.887014960703e-18 
 2244       1.444895469863e-11       8.786813257087e-13      -7.028573139868e-13       0.000000000000e+00       2.099570158369e-16       2.311004557795e-17       7.859775483714e-18 
 2245       1.441486306151e-11       8.781004272820e-13      -7.165906398488e-13       0.000000000000e+00       2.095307162589e-16       2.280141718519e-17       7.832044560368e-18 
 2246       1.438181461985e-11       8.774296416980e-13      -7.302747520240e-13       0.000000000000e+00       2.091054060400e-16       2.249314642686e-17       7.803871511261e-18 
 2247       1.434980502194e-11       8.766686472126e-13      -7.439027967480e-13       0.000000000000e+00       2.086810821150e-16       2.218529370334e-17       7.775305835903e-18 
 2248       1.431882989277e-11       8.758171215685e-13      -7.574678963194e-13       0.000000000000e+00       2.082577413959e-16       2.187791962480e-17       7.746397212919e-18 
 2249       1.428888483403e-11       8.748747419944e-13      -7.709631490726e-13       0.000000000000e+00       2.078353807726e-16       2.157108501138e-17       7.717195500248e-18 
 2250       1.425996542403e-11       8.738411852054e-13      -7.843816293519e-13       0.000000000000e+00       2.074139971119e-16       2.126485089349e-17       7.687750735347e-18 
 2251       1.423206721774e-11       8.727161274017e-13      -7.977163874852e-13       0.000000000000e+00       2.069935872581e-16       2.095927851196e-17       7.658113135385e-18 
 2252       1.420518574669e-11       8.714992442690e-13      -8.109604497569e-13       0.000000000000e+00       2.065741480330e-16       2.065442931834e-17       7.628333097451e-18 
 2253       1.417931651899e-11       8.701902109780e-13      -8.241068183823e-13       0.000000000000e+00       2.061556762354e-16       2.035036497510e-17       7.598461198747e-18 
 2254       1.415445501927e-11       8.687887021839e-13      -8.371484714803e-13       0.000000000000e+00       2.057381686414e-16       2.004714735585e-17       7.568548196792e-18 
 2255       1.413059670869e-11       8.672943920260e-13      -8.500783630478e-13       0.000000000000e+00       2.053216220045e-16       1.974483854560e-17       7.538645029622e-18 
 2256       1.410773518167e-11       8.657071988936e-13      -8.628901403020e-13       0.000000000000e+00       2.049060332835e-16       1.944350543387e-17       7.508792848214e-18 
 2257       1.408585662321e-11       8.640280214581e-13      -8.755803008492e-13       0.000000000000e+00       2.044914003295e-16       1.914323352627e-17       7.478993042670e-18 
 2258       1.406494531558e-11       8.622580074167e-13      -8.881460494621e-13       0.000000000000e+00       2.040777212035e-16       1.884411322304e-17       7.449237021921e-18 
 2259       1.404498547815e-11       8.603983091652e-13      -9.005845819721e-13       0.000000000000e+00       2.036649939485e-16       1.854623523457e-17       7.419516163806e-18 
 2260       1.402596126733e-11       8.584500838035e-13      -9.128930852600e-13       0.000000000000e+00       2.032532165893e-16       1.824969058180e-17       7.389821815037e-18 
 2261       1.400785677651e-11       8.564144931411e-13      -9.250687372462e-13       0.000000000000e+00       2.028423871328e-16       1.795457059651e-17       7.360145291167e-18 
 2262       1.399065603596e-11       8.542927037027e-13      -9.371087068813e-13       0.000000000000e+00       2.024325035677e-16       1.766096692168e-17       7.330477876549e-18 
 2263       1.397434301277e-11       8.520858867333e-13      -9.490101541366e-13       0.000000000000e+00       2.020235638646e-16       1.736897151184e-17       7.300810824309e-18 
 2264       1.395890161081e-11       8.497952182039e-13      -9.607702299945e-13       0.000000000000e+00       2.016155659757e-16       1.707867663339e-17       7.271135356306e-18 
 2265       1.394431567060e-11       8.474218788168e-13      -9.723860764391e-13       0.000000000000e+00       2.012085078354e-16       1.679017486492e-17       7.241442663097e-18 
 2266       1.393056896929e-11       8.449670540110e-13      -9.838548264466e-13       0.000000000000e+00       2.008023873596e-16       1.650355909761e-17       7.211723903908e-18 
 2267       1.391764522054e-11       8.424319339677e-13      -9.951736039758e-13       0.000000000000e+00       2.003972024459e-16       1.621892253551e-17       7.181970206592e-18 
 2268       1.390552807448e-11       8.398177136159e-13      -1.006339523958e-12       0.000000000000e+00       1.999929509740e-16       1.593635869592e-17       7.152172667599e-18 
 2269       1.389420111764e-11       8.371255926373e-13      -1.017349692290e-12       0.000000000000e+00       1.995896308049e-16       1.565596140969e-17       7.122322351941e-18 
 2270       1.388364787287e-11       8.343567754724e-13      -1.028201205820e-12       0.000000000000e+00       1.991872397816e-16       1.537782482160e-17       7.092410293155e-18 
 2271       1.387385179924e-11       8.315124713255e-13      -1.038891152342e-12       0.000000000000e+00       1.987857757285e-16       1.510204339066e-17       7.062427493269e-18 
 2272       1.386479629201e-11       8.285938941700e-13      -1.049416610585e-12       0.000000000000e+00       1.983852364518e-16       1.482871189049e-17       7.032364922769e-18 
 2273       1.385646468255e-11       8.256022627544e-13      -1.059774650203e-12       0.000000000000e+00       1.979856197393e-16       1.455792540961e-17       7.002213520564e-18 
 2274       1.384884023825e-11       8.225388006073e-13      -1.069962331768e-12       0.000000000000e+00       1.975869233602e-16       1.428977935183e-17       6.971964193949e-18 
 2275       1.384190616244e-11       8.194047360427e-13      -1.079976706754e-12       0.000000000000e+00       1.971891450656e-16       1.402436943656e-17       6.941607818572e-18 
 2276       1.383564559435e-11       8.162013021661e-13      -1.089814817537e-12       0.000000000000e+00       1.967922825878e-16       1.376179169915e-17       6.911135238399e-18 
 2277       1.383004160902e-11       8.129297368790e-13      -1.099473697376e-12       0.000000000000e+00       1.963963336407e-16       1.350214249122e-17       6.880537265680e-18 
 2278       1.382507721723e-11       8.095912828851e-13      -1.108950370411e-12       0.000000000000e+00       1.960012959199e-16       1.324551848105e-17       6.849804680914e-18 
 2279       1.382073536541e-11       8.061871876954e-13      -1.118241851649e-12       0.000000000000e+00       1.956071671021e-16       1.299201665385e-17       6.818928232811e-18 
 2280       1.381699893562e-11       8.027187036336e-13      -1.127345146956e-12       0.000000000000e+00       1.952139448458e-16       1.274173431213e-17       6.787898638264e-18 
 2281       1.381385074541e-11       7.991870878416e-13      -1.136257253047e-12       0.000000000000e+00       1.948216267905e-16       1.249476907606e-17       6.756706582309e-18 
 2282       1.381127354779e-11       7.955936022851e-13      -1.144975157477e-12       0.000000000000e+00       1.944302105575e-16       1.225121888378e-17       6.725342718092e-18 
 2283       1.380925003114e-11       7.919395137587e-13      -1.153495838631e-12       0.000000000000e+00       1.940396937492e-16       1.201118199173e-17       6.693797666832e-18 
 2284       1.380776281916e-11       7.882260938914e-13      -1.161816265715e-12       0.000000000000e+00       1.936500739494e-16       1.177475697504e-17       6.662062017793e-18 
 2285       1.380679447077e-11       7.844546191524e-13      -1.169933398747e-12       0.000000000000e+00       1.932613487232e-16       1.154204272781e-17       6.630126328240e-18 
 2286       1.380632748007e-11       7.806263708560e-13      -1.177844188544e-12       0.000000000000e+00       1.928735156170e-16       1.131313846349e-17       6.597981123411e-18 
 2287       1.380634427621e-11       7.767426351675e-13      -1.185545576719e-12       0.000000000000e+00       1.924865721585e-16       1.108814371518e-17       6.565616896481e-18 
 2288       1.380682722340e-11       7.728047031081e-13      -1.193034495665e-12       0.000000000000e+00       1.921005158564e-16       1.086715833603e-17       6.533024108526e-18 
 2289       1.380775862076e-11       7.688138705609e-13      -1.200307868548e-12       0.000000000000e+00       1.917153442010e-16       1.065028249952e-17       6.500193188488e-18 
 2290       1.380912070230e-11       7.647714382761e-13      -1.207362609299e-12       0.000000000000e+00       1.913310546635e-16       1.043761669981e-17       6.467114533143e-18 
 2291       1.381089563683e-11       7.606787118762e-13      -1.214195622601e-12       0.000000000000e+00       1.909476446963e-16       1.022926175211e-17       6.433778507062e-18 
 2292       1.381306552787e-11       7.565370018617e-13      -1.220803803885e-12       0.000000000000e+00       1.905651117330e-16       1.002531879300e-17       6.400175442580e-18 
 2293       1.381561241361e-11       7.523476236166e-13      -1.227184039314e-12       0.000000000000e+00       1.901834531882e-16       9.825889280758e-18       6.366295639761e-18 
 2294       1.381851826681e-11       7.481118974134e-13      -1.233333205778e-12       0.000000000000e+00       1.898026664578e-16       9.631074995710e-18       6.332129366362e-18 
 2295       1.382176499475e-11       7.438311484190e-13      -1.239248170881e-12       0.000000000000e+00       1.894227489185e-16       9.440978040572e-18       6.297666857796e-18 
 2296       1.382533443915e-11       7.395067067001e-13      -1.244925792936e-12       0.000000000000e+00       1.890436979281e-16       9.255700840786e-18       6.262898317104e-18 
 2297       1.382920837608e-11       7.351399072282e-13      -1.250362920952e-12       0.000000000000e+00       1.886655108256e-16       9.075346144857e-18       6.227813914914e-18 
 2298       1.383336851591e-11       7.307320898854e-13      -1.255556394625e-12       0.000000000000e+00       1.882881849307e-16       8.900017024693e-18       6.192403789408e-18 
 2299       1.383779650324e-11       7.262845994698e-13      -1.260503044329e-12       0.000000000000e+00       1.879117175444e-16       8.729816875947e-18       6.156658046288e-18 
 2300       1.384247391681e-11       7.217987857007e-13      -1.265199691106e-12       0.000000000000e+00       1.875361059481e-16       8.564849418350e-18       6.120566758744e-18 
 2301       1.384738226943e-11       7.172760032245e-13      -1.269643146658e-12       0.000000000000e+00       1.871613474048e-16       8.405218696057e-18       6.084119967411e-18 
 2302       1.385250300792e-11       7.127176116195e-13      -1.273830213336e-12       0.000000000000e+00       1.867874391577e-16       8.251029077982e-18       6.047307680345e-18 
 2303       1.385781751303e-11       7.081249754019e-13      -1.277757684130e-12       0.000000000000e+00       1.864143784314e-16       8.102385258137e-18       6.010119872981e-18 
 2304       1.386330709938e-11       7.034994640308e-13      -1.281422342661e-12       0.000000000000e+00       1.860421624310e-16       7.959392255974e-18       5.972546488098e-18 
 2305       1.386895403442e-11       6.988424530069e-13      -1.284821805512e-12       0.000000000000e+00       1.856707885352e-16       7.822133306553e-18       5.934578063691e-18 
 2306       1.387474460267e-11       6.941553271646e-13      -1.287957055090e-12       0.000000000000e+00       1.853002548748e-16       7.690603376920e-18       5.896207620993e-18 
 2307       1.388066606079e-11       6.894394774116e-13      -1.290829922835e-12       0.000000000000e+00       1.849305597581e-16       7.564775228125e-18       5.857428788375e-18 
 2308       1.388670562030e-11       6.846962996430e-13      -1.293442248345e-12       0.000000000000e+00       1.845617014778e-16       7.444621486883e-18       5.818235174508e-18 
 2309       1.389285044745e-11       6.799271947471e-13      -1.295795879389e-12       0.000000000000e+00       1.841936783115e-16       7.330114645420e-18       5.778620368347e-18 
 2310       1.389908766326e-11       6.751335686107e-13      -1.297892671913e-12       0.000000000000e+00       1.838264885212e-16       7.221227061304e-18       5.738577939109e-18 
 2311       1.390540434340e-11       6.703168321246e-13      -1.299734490054e-12       0.000000000000e+00       1.834601303540e-16       7.117930957293e-18       5.698101436251e-18 
 2312       1.391178751816e-11       6.654784011889e-13      -1.301323206145e-12       0.000000000000e+00       1.830946020415e-16       7.020198421167e-18       5.657184389452e-18 
 2313       1.391822417243e-11       6.606196967187e-13      -1.302660700727e-12       0.000000000000e+00       1.827299017999e-16       6.928001405577e-18       5.615820308591e-18 
 2314       1.392470124561e-11       6.557421446493e-13      -1.303748862559e-12       0.000000000000e+00       1.823660278300e-16       6.841311727877e-18       5.574002683727e-18 
 2315       1.393120563158e-11       6.508471759419e-13      -1.304589588625e-12       0.000000000000e+00       1.820029783172e-16       6.760101069968e-18       5.531724985077e-18 
 2316       1.393772417866e-11       6.459362265889e-13      -1.305184784146e-12       0.000000000000e+00       1.816407514318e-16       6.684340978135e-18       5.488980662997e-18 
 2317       1.394424368953e-11       6.410107376193e-13      -1.305536362587e-12       0.000000000000e+00       1.812793453281e-16       6.614002862892e-18       5.445763147963e-18 
 2318       1.395075092121e-11       6.360721551044e-13      -1.305646245670e-12       0.000000000000e+00       1.809187581455e-16       6.549057998816e-18       5.402065850545e-18 
 2319       1.395723258502e-11       6.311219301630e-13      -1.305516363380e-12       0.000000000000e+00       1.805589880076e-16       6.489477524390e-18       5.357882161394e-18 
 2320       1.396367534647e-11       6.261615189669e-13      -1.305148653976e-12       0.000000000000e+00       1.802000330225e-16       6.435232441844e-18       5.313205451215e-18 
 2321       1.397006582530e-11       6.211923827465e-13      -1.304545064001e-12       0.000000000000e+00       1.798418912828e-16       6.386293616990e-18       5.268029070750e-18 
 2322       1.397639059534e-11       6.162159877962e-13      -1.303707548292e-12       0.000000000000e+00       1.794845608659e-16       6.342631779068e-18       5.222346350756e-18 
 2323       1.398263618454e-11       6.112338054797e-13      -1.302638069985e-12       0.000000000000e+00       1.791280398330e-16       6.304217520583e-18       5.176150601984e-18 
 2324       1.398878907485e-11       6.062473122357e-13      -1.301338600531e-12       0.000000000000e+00       1.787723262303e-16       6.271021297143e-18       5.129435115161e-18 
 2325       1.399483570224e-11       6.012579895830e-13      -1.299811119701e-12       0.000000000000e+00       1.784174180882e-16       6.243013427302e-18       5.082193160968e-18 
 2326       1.400076245659e-11       5.962673241264e-13      -1.298057615599e-12       0.000000000000e+00       1.780633134213e-16       6.220164092400e-18       5.034417990018e-18 
 2327       1.400655568167e-11       5.912768075620e-13      -1.296080084665e-12       0.000000000000e+00       1.777100102287e-16       6.202443336398e-18       4.986102832837e-18 
 2328       1.401220167510e-11       5.862879366822e-13      -1.293880531694e-12       0.000000000000e+00       1.773575064940e-16       6.189821065726e-18       4.937240899845e-18 
 2329       1.401768668828e-11       5.813022133820e-13      -1.291460969837e-12       0.000000000000e+00       1.770058001848e-16       6.182267049114e-18       4.887825381331e-18 
 2330       1.402299692635e-11       5.763211446638e-13      -1.288823420615e-12       0.000000000000e+00       1.766548892533e-16       6.179750917441e-18       4.837849447438e-18 
 2331       1.402811854813e-11       5.713462426428e-13      -1.285969913928e-12       0.000000000000e+00       1.763047716357e-16       6.182242163565e-18       4.787306248138e-18 
 2332       1.403303766610e-11       5.663790245532e-13      -1.282902488062e-12       0.000000000000e+00       1.759554452526e-16       6.189710142172e-18       4.736188913213e-18 
 2333       1.403774034631e-11       5.614210127528e-13      -1.279623189702e-12       0.000000000000e+00       1.756069080089e-16       6.202124069611e-18       4.684490552235e-18 
 2334       1.404221260836e-11       5.564737347290e-13      -1.276134073940e-12       0.000000000000e+00       1.752591577935e-16       6.219453023734e-18       4.632204254546e-18 
 2335       1.404644042535e-11       5.515387231038e-13      -1.272437204283e-12       0.000000000000e+00       1.749121924797e-16       6.241665943737e-18       4.579323089235e-18 
 2336       1.405040972381e-11       5.466175156400e-13      -1.268534652665e-12       0.000000000000e+00       1.745660099248e-16       6.268731630000e-18       4.525840105120e-18 
 2337       1.405410638367e-11       5.417116552456e-13      -1.264428499456e-12       0.000000000000e+00       1.742206079705e-16       6.300618743927e-18       4.471748330727e-18 
 2338       1.405751623821e-11       5.368226899803e-13      -1.260120833468e-12       0.000000000000e+00       1.738759844423e-16       6.337295807783e-18       4.417040774268e-18 
 2339       1.406062507399e-11       5.319521730603e-13      -1.255613751970e-12       0.000000000000e+00       1.735321371500e-16       6.378731204539e-18       4.361710423621e-18 
 2340       1.406341863083e-11       5.271016628640e-13      -1.250909360695e-12       0.000000000000e+00       1.731890638876e-16       6.424893177709e-18       4.305750246311e-18 
 2341       1.406588260173e-11       5.222727229372e-13      -1.246009773847e-12       0.000000000000e+00       1.728467624329e-16       6.475749831188e-18       4.249153189489e-18 
 2342       1.406800263286e-11       5.174669219990e-13      -1.240917114115e-12       0.000000000000e+00       1.725052305479e-16       6.531269129097e-18       4.191912179908e-18 
 2343       1.406976432347e-11       5.126858339469e-13      -1.235633512679e-12       0.000000000000e+00       1.721644659786e-16       6.591418895616e-18       4.134020123908e-18 
 2344       1.407115322586e-11       5.079310378623e-13      -1.230161109222e-12       0.000000000000e+00       1.718244664551e-16       6.656166814830e-18       4.075469907392e-18 
 2345       1.407215484533e-11       5.032041180161e-13      -1.224502051938e-12       0.000000000000e+00       1.714852296912e-16       6.725480430568e-18       4.016254395805e-18 
 2346       1.407275464015e-11       4.985066638741e-13      -1.218658497540e-12       0.000000000000e+00       1.711467533851e-16       6.799327146239e-18       3.956366434118e-18 
 2347       1.407293802145e-11       4.938402701024e-13      -1.212632611274e-12       0.000000000000e+00       1.708090352185e-16       6.877674224676e-18       3.895798846801e-18 
 2348       1.407269035325e-11       4.892065365727e-13      -1.206426566924e-12       0.000000000000e+00       1.704720728574e-16       6.960488787972e-18       3.834544437807e-18 
 2349       1.407199695235e-11       4.846070683681e-13      -1.200042546824e-12       0.000000000000e+00       1.701358639514e-16       7.047737817326e-18       3.772595990549e-18 
 2350       1.407084308831e-11       4.800434757884e-13      -1.193482741867e-12       0.000000000000e+00       1.698004061341e-16       7.139388152876e-18       3.709946267882e-18 
 2351       1.406921398340e-11       4.755173743555e-13      -1.186749351514e-12       0.000000000000e+00       1.694656970230e-16       7.235406493543e-18       3.646588012080e-18 
 2352       1.406709481252e-11       4.710303848189e-13      -1.179844583804e-12       0.000000000000e+00       1.691317342195e-16       7.335759396869e-18       3.582513944818e-18 
 2353       1.406447070321e-11       4.665841331611e-13      -1.172770655362e-12       0.000000000000e+00       1.687985153086e-16       7.440413278860e-18       3.517716767149e-18 
 2354       1.406132913191e-11       4.621800612107e-13      -1.165530070827e-12       0.000000000000e+00       1.684660380228e-16       7.549316024066e-18       3.452196107662e-18 
 2355       1.405766712938e-11       4.578188571833e-13      -1.158126463007e-12       0.000000000000e+00       1.681343007329e-16       7.662341691165e-18       3.385979414226e-18 
 2356       1.405348412006e-11       4.535010216093e-13      -1.150563757963e-12       0.000000000000e+00       1.678033019604e-16       7.779345463146e-18       3.319101192146e-18 
 2357       1.404877952968e-11       4.492270564068e-13      -1.142845896090e-12       0.000000000000e+00       1.674730402134e-16       7.900182005283e-18       3.251596067912e-18 
 2358       1.404355278537e-11       4.449974648821e-13      -1.134976832131e-12       0.000000000000e+00       1.671435139874e-16       8.024705464570e-18       3.183498789332e-18 
 2359       1.403780331557e-11       4.408127517317e-13      -1.126960535189e-12       0.000000000000e+00       1.668147217648e-16       8.152769469169e-18       3.114844225659e-18 
 2360       1.403153055010e-11       4.366734230433e-13      -1.118800988745e-12       0.000000000000e+00       1.664866620151e-16       8.284227127848e-18       3.045667367723e-18 
 2361       1.402473392011e-11       4.325799862974e-13      -1.110502190674e-12       0.000000000000e+00       1.661593331947e-16       8.418931029426e-18       2.976003328060e-18 
 2362       1.401741285813e-11       4.285329503685e-13      -1.102068153261e-12       0.000000000000e+00       1.658327337470e-16       8.556733242209e-18       2.905887341043e-18 
 2363       1.400956679803e-11       4.245328255263e-13      -1.093502903214e-12       0.000000000000e+00       1.655068621025e-16       8.697485313439e-18       2.835354763007e-18 
 2364       1.400119517506e-11       4.205801234376e-13      -1.084810481681e-12       0.000000000000e+00       1.651817166784e-16       8.841038268731e-18       2.764441072386e-18 
 2365       1.399229742582e-11       4.166753571669e-13      -1.075994944267e-12       0.000000000000e+00       1.648572958793e-16       8.987242611518e-18       2.693181869840e-18 
 2366       1.398287298829e-11       4.128190411785e-13      -1.067060361046e-12       0.000000000000e+00       1.645335980961e-16       9.135948322488e-18       2.621612878381e-18 
 2367       1.397292130181e-11       4.090116913373e-13      -1.058010816582e-12       0.000000000000e+00       1.642106217072e-16       9.287004859031e-18       2.549769943509e-18 
 2368       1.396244180710e-11       4.052538249103e-13      -1.048850409937e-12       0.000000000000e+00       1.638883650774e-16       9.440261154679e-18       2.477689033339e-18 
 2369       1.395143394624e-11       4.015459605683e-13      -1.039583254694e-12       0.000000000000e+00       1.635668265588e-16       9.595565618548e-18       2.405406238729e-18 
 2370       1.393989716271e-11       3.978886183868e-13      -1.030213478969e-12       0.000000000000e+00       1.632460044899e-16       9.752766134777e-18       2.332957773413e-18 
 2371       1.392783090137e-11       3.942823198473e-13      -1.020745225424e-12       0.000000000000e+00       1.629258971964e-16       9.911710061974e-18       2.260379974132e-18 
 2372       1.391523460843e-11       3.907275878393e-13      -1.011182651290e-12       0.000000000000e+00       1.626065029907e-16       1.007224423266e-17       2.187709300757e-18 
 2373       1.390210773152e-11       3.872249466611e-13      -1.001529928373e-12       0.000000000000e+00       1.622878201720e-16       1.023421495269e-17       2.114982336428e-18 
 2374       1.388844971965e-11       3.837749220210e-13      -9.917912430787e-13       0.000000000000e+00       1.619698470262e-16       1.039746800074e-17       2.042235787676e-18 
 2375       1.387426002321e-11       3.803780410393e-13      -9.819707964213e-13       0.000000000000e+00       1.616525818261e-16       1.056184862769e-17       1.969506484558e-18 
 2376       1.385953809398e-11       3.770348322492e-13      -9.720728040425e-13       0.000000000000e+00       1.613360228312e-16       1.072720155613e-17       1.896831380784e-18 
 2377       1.384428338517e-11       3.737458255981e-13      -9.621014962258e-13       0.000000000000e+00       1.610201682876e-16       1.089337097973e-17       1.824247553850e-18 
 2378       1.382849535135e-11       3.705115524494e-13      -9.520611179125e-13       0.000000000000e+00       1.607050164284e-16       1.106020056275e-17       1.751792205162e-18 
 2379       1.381217344850e-11       3.673325455833e-13      -9.419559287171e-13       0.000000000000e+00       1.603905654731e-16       1.122753343943e-17       1.679502660175e-18 
 2380       1.379531713402e-11       3.642093391985e-13      -9.317902029430e-13       0.000000000000e+00       1.600768136281e-16       1.139521221348e-17       1.607416368512e-18 
 2381       1.377792586670e-11       3.611424689135e-13      -9.215682295975e-13       0.000000000000e+00       1.597637590863e-16       1.156307895748e-17       1.535570904104e-18 
 2382       1.375999910674e-11       3.581324717679e-13      -9.112943124080e-13       0.000000000000e+00       1.594514000274e-16       1.173097521232e-17       1.464003965313e-18 
 2383       1.374153631576e-11       3.551798862239e-13      -9.009727698373e-13       0.000000000000e+00       1.591397346177e-16       1.189874198669e-17       1.392753375064e-18 
 2384       1.372253695678e-11       3.522852521673e-13      -8.906079350990e-13       0.000000000000e+00       1.588287610099e-16       1.206621975647e-17       1.321857080975e-18 
 2385       1.370300049424e-11       3.494491109093e-13      -8.802041561731e-13       0.000000000000e+00       1.585184773435e-16       1.223324846420e-17       1.251353155490e-18 
 2386       1.368292639402e-11       3.466720051875e-13      -8.697657958220e-13       0.000000000000e+00       1.582088817446e-16       1.239966751852e-17       1.181279796001e-18 
 2387       1.366231412340e-11       3.439544791676e-13      -8.592972316051e-13       0.000000000000e+00       1.578999723259e-16       1.256531579360e-17       1.111675324987e-18 
 2388       1.364116315108e-11       3.412970784443e-13      -8.488028558952e-13       0.000000000000e+00       1.575917471863e-16       1.273003162859e-17       1.042578190136e-18 
 2389       1.361947294720e-11       3.387003500430e-13      -8.382870758939e-13       0.000000000000e+00       1.572842044116e-16       1.289365282705e-17       9.740269644812e-19 
 2390       1.359724298333e-11       3.361648424213e-13      -8.277543136465e-13       0.000000000000e+00       1.569773420741e-16       1.305601665642e-17       9.060603465262e-19 
 2391       1.357447273245e-11       3.336911054698e-13      -8.172090060584e-13       0.000000000000e+00       1.566711582322e-16       1.321695984743e-17       8.387171603778e-19 
 2392       1.355116166901e-11       3.312796905139e-13      -8.066556049103e-13       0.000000000000e+00       1.563656509313e-16       1.337631859356e-17       7.720363558744e-19 
 2393       1.352730926887e-11       3.289311503151e-13      -7.960985768734e-13       0.000000000000e+00       1.560608182028e-16       1.353392855048e-17       7.060570087166e-19 
 2394       1.350291500933e-11       3.266460390721e-13      -7.855424035255e-13       0.000000000000e+00       1.557566580649e-16       1.368962483548e-17       6.408183205964e-19 
 2395       1.347797836915e-11       3.244249124225e-13      -7.749915813662e-13       0.000000000000e+00       1.554531685220e-16       1.384324202693e-17       5.763596193277e-19 
 2396       1.345249882852e-11       3.222683274440e-13      -7.644506218327e-13       0.000000000000e+00       1.551503475650e-16       1.399461416371e-17       5.127203589758e-19 
 2397       1.342647586908e-11       3.201768426557e-13      -7.539240513149e-13       0.000000000000e+00       1.548481931712e-16       1.414357474465e-17       4.499401199876e-19 
 2398       1.339990897391e-11       3.181510180194e-13      -7.434164111715e-13       0.000000000000e+00       1.545467033041e-16       1.428995672799e-17       3.880586093210e-19 
 2399       1.337279762757e-11       3.161914149412e-13      -7.329322577450e-13       0.000000000000e+00       1.542458759138e-16       1.443359253079e-17       3.271156605751e-19 
 2400       1.334514131606e-11       3.142985962727e-13      -7.224761623779e-13       0.000000000000e+00       1.539457089367e-16       1.457431402840e-17       2.671512341202e-19 
 2401       1.331693952682e-11       3.124731263124e-13      -7.120527114275e-13       0.000000000000e+00       1.536462002953e-16       1.471195255389e-17       2.082054172271e-19 
 2402       1.328819174877e-11       3.107155708068e-13      -7.016665062820e-13       0.000000000000e+00       1.533473478986e-16       1.484633889750e-17       1.503184241977e-19 
 2403       1.325889903043e-11       3.090263061563e-13      -6.913217933327e-13       0.000000000000e+00       1.530491497812e-16       1.497735097087e-17       9.352049085039e-20 
 2404       1.322906866470e-11       3.074049457578e-13      -6.810213513970e-13       0.000000000000e+00       1.527516045216e-16       1.510505711828e-17       3.780149043181e-20 
 2405       1.319870953263e-11       3.058509101689e-13      -6.707675975475e-13       0.000000000000e+00       1.524547108267e-16       1.522957367752e-17      -1.685886716838e-20 
 2406       1.316783054791e-11       3.043636175846e-13      -6.605629565472e-13       0.000000000000e+00       1.521584673922e-16       1.535101739481e-17      -7.048094666467e-20 
 2407       1.313644065691e-11       3.029424838340e-13      -6.504098608575e-13       0.000000000000e+00       1.518628729028e-16       1.546950542519e-17      -1.230851874558e-19 
 2408       1.310454883871e-11       3.015869223778e-13      -6.403107506460e-13       0.000000000000e+00       1.515679260322e-16       1.558515533304e-17      -1.746921037049e-19 
 2409       1.307216410511e-11       3.002963443060e-13      -6.302680737945e-13       0.000000000000e+00       1.512736254433e-16       1.569808509241e-17      -2.253222844193e-19 
 2410       1.303929550073e-11       2.990701583351e-13      -6.202842859065e-13       0.000000000000e+00       1.509799697877e-16       1.580841308752e-17      -2.749963935310e-19 
 2411       1.300595210297e-11       2.979077708053e-13      -6.103618503154e-13       0.000000000000e+00       1.506869577060e-16       1.591625811319e-17      -3.237351699761e-19 
 2412       1.297214302209e-11       2.968085856783e-13      -6.005032380922e-13       0.000000000000e+00       1.503945878278e-16       1.602173937523e-17      -3.715594277755e-19 
 2413       1.293787740125e-11       2.957720045344e-13      -5.907109280535e-13       0.000000000000e+00       1.501028587717e-16       1.612497649091e-17      -4.184900561147e-19 
 2414       1.290316441650e-11       2.947974265700e-13      -5.809874067691e-13       0.000000000000e+00       1.498117691449e-16       1.622608948937e-17      -4.645480194234e-19 
 2415       1.286801327687e-11       2.938842485948e-13      -5.713351685701e-13       0.000000000000e+00       1.495213175439e-16       1.632519881207e-17      -5.097543574565e-19 
 2416       1.283243322436e-11       2.930318650295e-13      -5.617567155566e-13       0.000000000000e+00       1.492315025538e-16       1.642242531320e-17      -5.541301853733e-19 
 2417       1.279643353401e-11       2.922396679031e-13      -5.522545576057e-13       0.000000000000e+00       1.489423227486e-16       1.651789026013e-17      -5.976966938178e-19 
 2418       1.276002351390e-11       2.915070468502e-13      -5.428312123791e-13       0.000000000000e+00       1.486537766913e-16       1.661171533385e-17      -6.404751489990e-19 
 2419       1.272321250522e-11       2.908333891082e-13      -5.334892053315e-13       0.000000000000e+00       1.483658629335e-16       1.670402262936e-17      -6.824868927707e-19 
 2420       1.268600988228e-11       2.902180795152e-13      -5.242310697177e-13       0.000000000000e+00       1.480785800158e-16       1.679493465617e-17      -7.237533427115e-19 
 2421       1.264842505256e-11       2.896605005070e-13      -5.150593466010e-13       0.000000000000e+00       1.477919264676e-16       1.688457433865e-17      -7.642959922051e-19 
 2422       1.261046745673e-11       2.891600321146e-13      -5.059765848610e-13       0.000000000000e+00       1.475059008070e-16       1.697306501653e-17      -8.041364105202e-19 
 2423       1.257214656870e-11       2.887160519615e-13      -4.969853412012e-13       0.000000000000e+00       1.472205015409e-16       1.706053044530e-17      -8.432962428905e-19 
 2424       1.253347189566e-11       2.883279352615e-13      -4.880881801570e-13       0.000000000000e+00       1.469357271651e-16       1.714709479664e-17      -8.817972105949e-19 
 2425       1.249445297806e-11       2.879950548153e-13      -4.792876741039e-13       0.000000000000e+00       1.466515761640e-16       1.723288265888e-17      -9.196611110372e-19 
 2426       1.245509938975e-11       2.877167810088e-13      -4.705864032645e-13       0.000000000000e+00       1.463680470107e-16       1.731801903739e-17      -9.569098178268e-19 
 2427       1.241542073791e-11       2.874924818098e-13      -4.619869557174e-13       0.000000000000e+00       1.460851381672e-16       1.740262935506e-17      -9.935652808581e-19 
 2428       1.237542666313e-11       2.873215227657e-13      -4.534919274043e-13       0.000000000000e+00       1.458028480841e-16       1.748683945266e-17      -1.029649526391e-18 
 2429       1.233512683946e-11       2.872032670008e-13      -4.451039221380e-13       0.000000000000e+00       1.455211752007e-16       1.757077558938e-17      -1.065184657130e-18 
 2430       1.229453097442e-11       2.871370752140e-13      -4.368255516106e-13       0.000000000000e+00       1.452401179450e-16       1.765456444314e-17      -1.100192852307e-18 
 2431       1.225364880905e-11       2.871223056756e-13      -4.286594354009e-13       0.000000000000e+00       1.449596747336e-16       1.773833311113e-17      -1.134696367756e-18 
 2432       1.221249011793e-11       2.871583142250e-13      -4.206082009826e-13       0.000000000000e+00       1.446798439718e-16       1.782220911015e-17      -1.168717536001e-18 
 2433       1.217106470922e-11       2.872444542685e-13      -4.126744837321e-13       0.000000000000e+00       1.444006240535e-16       1.790632037713e-17      -1.202278766327e-18 
 2434       1.212938242470e-11       2.873800767758e-13      -4.048609269360e-13       0.000000000000e+00       1.441220133615e-16       1.799079526949e-17      -1.235402544867e-18 
 2435       1.208745313982e-11       2.875645302782e-13      -3.971701817996e-13       0.000000000000e+00       1.438440102667e-16       1.807576256559e-17      -1.268111434681e-18 
 2436       1.204528676368e-11       2.877971608656e-13      -3.896049074542e-13       0.000000000000e+00       1.435666131289e-16       1.816135146521e-17      -1.300428075831e-18 
 2437       1.200289323915e-11       2.880773121840e-13      -3.821677709650e-13       0.000000000000e+00       1.432898202966e-16       1.824769158990e-17      -1.332375185468e-18 
 2438       1.196028254281e-11       2.884043254328e-13      -3.748614473395e-13       0.000000000000e+00       1.430136301066e-16       1.833491298349e-17      -1.363975557907e-18 
 2439       1.191746468507e-11       2.887775393622e-13      -3.676886195347e-13       0.000000000000e+00       1.427380408843e-16       1.842314611246e-17      -1.395252064709e-18 
 2440       1.187444971015e-11       2.891962902709e-13      -3.606519784652e-13       0.000000000000e+00       1.424630509438e-16       1.851252186642e-17      -1.426227654764e-18 
 2441       1.183124769614e-11       2.896599120030e-13      -3.537542230113e-13       0.000000000000e+00       1.421886585876e-16       1.860317155851e-17      -1.456925354362e-18 
 2442       1.178786875501e-11       2.901677359456e-13      -3.469980600264e-13       0.000000000000e+00       1.419148621068e-16       1.869522692585e-17      -1.487368267285e-18 
 2443       1.174432303269e-11       2.907190910265e-13      -3.403862043452e-13       0.000000000000e+00       1.416416597808e-16       1.878882012996e-17      -1.517579574877e-18 
 2444       1.170062070905e-11       2.913133037110e-13      -3.339213787916e-13       0.000000000000e+00       1.413690498776e-16       1.888408375719e-17      -1.547582536129e-18 
 2445       1.165677199798e-11       2.919496979997e-13      -3.276063141861e-13       0.000000000000e+00       1.410970306537e-16       1.898115081918e-17      -1.577400487761e-18 
 2446       1.161278714740e-11       2.926275954259e-13      -3.214437493543e-13       0.000000000000e+00       1.408256003541e-16       1.908015475325e-17      -1.607056844295e-18 
 2447       1.156867643930e-11       2.933463150527e-13      -3.154364311341e-13       0.000000000000e+00       1.405547572121e-16       1.918122942287e-17      -1.636575098141e-18 
 2448       1.152445018979e-11       2.941051734708e-13      -3.095871143841e-13       0.000000000000e+00       1.402844994495e-16       1.928450911805e-17      -1.665978819677e-18 
 2449       1.148011874910e-11       2.949034847955e-13      -3.038985619911e-13       0.000000000000e+00       1.400148252764e-16       1.939012855583e-17      -1.695291657325e-18 
 2450       1.143569250166e-11       2.957405606644e-13      -2.983735448783e-13       0.000000000000e+00       1.397457328916e-16       1.949822288065e-17      -1.724537337634e-18 
 2451       1.139118186609e-11       2.966157102344e-13      -2.930148420128e-13       0.000000000000e+00       1.394772204818e-16       1.960892766482e-17      -1.753739665360e-18 
 2452       1.134659699697e-11       2.975281958498e-13      -2.878246631345e-13       0.000000000000e+00       1.392092863415e-16       1.972233371944e-17      -1.782917124526e-18 
 2453       1.130194688799e-11       2.984770997607e-13      -2.828029131605e-13       0.000000000000e+00       1.389419292303e-16       1.983835123136e-17      -1.812066646218e-18 
 2454       1.125724026349e-11       2.994614566033e-13      -2.779489174320e-13       0.000000000000e+00       1.386751480171e-16       1.995684481577e-17      -1.841179744016e-18 
 2455       1.121248587632e-11       3.004802976538e-13      -2.732619980491e-13       0.000000000000e+00       1.384089415616e-16       2.007767863157e-17      -1.870247904188e-18 
 2456       1.116769250787e-11       3.015326508250e-13      -2.687414738666e-13       0.000000000000e+00       1.381433087143e-16       2.020071638087e-17      -1.899262585657e-18 
 2457       1.112286896806e-11       3.026175406629e-13      -2.643866604909e-13       0.000000000000e+00       1.378782483159e-16       2.032582130858e-17      -1.928215219978e-18 
 2458       1.107802409545e-11       3.037339883430e-13      -2.601968702759e-13       0.000000000000e+00       1.376137591982e-16       2.045285620186e-17      -1.957097211308e-18 
 2459       1.103316675717e-11       3.048810116671e-13      -2.561714123193e-13       0.000000000000e+00       1.373498401833e-16       2.058168338974e-17      -1.985899936380e-18 
 2460       1.098830584904e-11       3.060576250593e-13      -2.523095924594e-13       0.000000000000e+00       1.370864900840e-16       2.071216474256e-17      -2.014614744471e-18 
 2461       1.094345029553e-11       3.072628395630e-13      -2.486107132711e-13       0.000000000000e+00       1.368237077037e-16       2.084416167158e-17      -2.043232957381e-18 
 2462       1.089860904983e-11       3.084956628374e-13      -2.450740740621e-13       0.000000000000e+00       1.365614918364e-16       2.097753512845e-17      -2.071745869399e-18 
 2463       1.085379109386e-11       3.097550991535e-13      -2.416989708698e-13       0.000000000000e+00       1.362998412665e-16       2.111214560478e-17      -2.100144747280e-18 
 2464       1.080900543830e-11       3.110401493913e-13      -2.384846964568e-13       0.000000000000e+00       1.360387547692e-16       2.124785313167e-17      -2.128420830214e-18 
 2465       1.076426112263e-11       3.123498110356e-13      -2.354305403082e-13       0.000000000000e+00       1.357782311100e-16       2.138451727918e-17      -2.156565329801e-18 
 2466       1.071956721516e-11       3.136830781732e-13      -2.325357886271e-13       0.000000000000e+00       1.355182690451e-16       2.152199715597e-17      -2.184569430022e-18 
 2467       1.067493281303e-11       3.150389414887e-13      -2.297997243316e-13       0.000000000000e+00       1.352588673211e-16       2.166015140870e-17      -2.212424287211e-18 
 2468       1.063036704229e-11       3.164163882618e-13      -2.272216270505e-13       0.000000000000e+00       1.350000246751e-16       2.179883822169e-17      -2.240121030027e-18 
 2469       1.058587905787e-11       3.178144023631e-13      -2.248007731202e-13       0.000000000000e+00       1.347417398349e-16       2.193791531634e-17      -2.267650759428e-18 
 2470       1.054147804366e-11       3.192319642508e-13      -2.225364355808e-13       0.000000000000e+00       1.344840115185e-16       2.207723995073e-17      -2.295004548644e-18 
 2471       1.049717321250e-11       3.206680509677e-13      -2.204278841724e-13       0.000000000000e+00       1.342268384344e-16       2.221666891914e-17      -2.322173443145e-18 
 2472       1.045297380624e-11       3.221216361369e-13      -2.184743853315e-13       0.000000000000e+00       1.339702192819e-16       2.235605855154e-17      -2.349148460618e-18 
 2473       1.040888909575e-11       3.235916899589e-13      -2.166752021874e-13       0.000000000000e+00       1.337141527502e-16       2.249526471317e-17      -2.375920590936e-18 
 2474       1.036492838096e-11       3.250771792079e-13      -2.150295945583e-13       0.000000000000e+00       1.334586375194e-16       2.263414280405e-17      -2.402480796134e-18 
 2475       1.032110099087e-11       3.265770672282e-13      -2.135368189480e-13       0.000000000000e+00       1.332036722598e-16       2.277254775849e-17      -2.428820010377e-18 
 2476       1.027741628361e-11       3.280903139311e-13      -2.121961285421e-13       0.000000000000e+00       1.329492556322e-16       2.291033404467e-17      -2.454929139935e-18 
 2477       1.023388364643e-11       3.296158757909e-13      -2.110067732040e-13       0.000000000000e+00       1.326953862876e-16       2.304735566412e-17      -2.480799063155e-18 
 2478       1.019051249577e-11       3.311527058417e-13      -2.099679994718e-13       0.000000000000e+00       1.324420628675e-16       2.318346615127e-17      -2.506420630434e-18 
 2479       1.014731227726e-11       3.326997536739e-13      -2.090790505543e-13       0.000000000000e+00       1.321892840040e-16       2.331851857300e-17      -2.531784664190e-18 
 2480       1.010429246577e-11       3.342559654306e-13      -2.083391663273e-13       0.000000000000e+00       1.319370483192e-16       2.345236552814e-17      -2.556881958833e-18 
 2481       1.006146256540e-11       3.358202838042e-13      -2.077475833301e-13       0.000000000000e+00       1.316853544258e-16       2.358485914701e-17      -2.581703280741e-18 
 2482       1.001883210957e-11       3.373916480330e-13      -2.073035347620e-13       0.000000000000e+00       1.314342009267e-16       2.371585109096e-17      -2.606239368231e-18 
 2483       9.976410660982e-12       3.389689938972e-13      -2.070062504782e-13       0.000000000000e+00       1.311835864151e-16       2.384519255188e-17      -2.630480931530e-18 
 2484       9.934207811714e-12       3.405512537163e-13      -2.068549569864e-13       0.000000000000e+00       1.309335094747e-16       2.397273425177e-17      -2.654418652746e-18 
 2485       9.892233183196e-12       3.421373563447e-13      -2.068488774431e-13       0.000000000000e+00       1.306839686793e-16       2.409832644220e-17      -2.678043185847e-18 
 2486       9.850496426269e-12       3.437262271687e-13      -2.069872316500e-13       0.000000000000e+00       1.304349625931e-16       2.422181890394e-17      -2.701345156625e-18 
 2487       9.809007221202e-12       3.453167881030e-13      -2.072692360503e-13       0.000000000000e+00       1.301864897705e-16       2.434306094639e-17      -2.724315162674e-18 
 2488       9.767775277725e-12       3.469079575871e-13      -2.076941037250e-13       0.000000000000e+00       1.299385487563e-16       2.446190140717e-17      -2.746943773360e-18 
 2489       9.726810335057e-12       3.484986505817e-13      -2.082610443892e-13       0.000000000000e+00       1.296911380855e-16       2.457818865165e-17      -2.769221529793e-18 
 2490       9.686122161937e-12       3.500877785654e-13      -2.089692643887e-13       0.000000000000e+00       1.294442562832e-16       2.469177057243e-17      -2.791138944802e-18 
 2491       9.645720556648e-12       3.516742495312e-13      -2.098179666958e-13       0.000000000000e+00       1.291979018648e-16       2.480249458895e-17      -2.812686502904e-18 
 2492       9.605615347053e-12       3.532569679829e-13      -2.108063509064e-13       0.000000000000e+00       1.289520733361e-16       2.491020764694e-17      -2.833854660278e-18 
 2493       9.565816390616e-12       3.548348349316e-13      -2.119336132356e-13       0.000000000000e+00       1.287067691929e-16       2.501475621800e-17      -2.854633844738e-18 
 2494       9.526333574439e-12       3.564067478923e-13      -2.131989465145e-13       0.000000000000e+00       1.284619879213e-16       2.511598629913e-17      -2.875014455703e-18 
 2495       9.487176815284e-12       3.579716008803e-13      -2.146015401864e-13       0.000000000000e+00       1.282177279974e-16       2.521374341224e-17      -2.894986864173e-18 
 2496       9.448356059608e-12       3.595282844079e-13      -2.161405803031e-13       0.000000000000e+00       1.279739878878e-16       2.530787260366e-17      -2.914541412697e-18 
 2497       9.409881283586e-12       3.610756854808e-13      -2.178152495215e-13       0.000000000000e+00       1.277307660490e-16       2.539821844375e-17      -2.933668415348e-18 
 2498       9.371762493145e-12       3.626126875943e-13      -2.196247270992e-13       0.000000000000e+00       1.274880609277e-16       2.548462502634e-17      -2.952358157696e-18 
 2499       9.334009723992e-12       3.641381707304e-13      -2.215681888920e-13       0.000000000000e+00       1.272458709607e-16       2.556693596831e-17      -2.970600896778e-18 
 2500       9.296633041640e-12       3.656510113538e-13      -2.236448073491e-13       0.000000000000e+00       1.270041945751e-16       2.564499440911e-17      -2.988386861073e-18 
 2501       9.259641086248e-12       3.671501851984e-13      -2.258534699858e-13       0.000000000000e+00       1.267630302898e-16       2.571869015360e-17      -3.005707087785e-18 
 2502       9.223036697764e-12       3.686350762893e-13      -2.281919330050e-13       0.000000000000e+00       1.265223770222e-16       2.578810140308e-17      -3.022555940125e-18 
 2503       9.186821265225e-12       3.701051697231e-13      -2.306576627128e-13       0.000000000000e+00       1.262822337833e-16       2.585335385314e-17      -3.038928604714e-18 
 2504       9.150996179627e-12       3.715599490409e-13      -2.332481165840e-13       0.000000000000e+00       1.260425995764e-16       2.591457362610e-17      -3.054820255595e-18 
 2505       9.115562833920e-12       3.729988962264e-13      -2.359607432528e-13       0.000000000000e+00       1.258034733965e-16       2.597188727145e-17      -3.070226054221e-18 
 2506       9.080522623015e-12       3.744214917051e-13      -2.387929825040e-13       0.000000000000e+00       1.255648542308e-16       2.602542176632e-17      -3.085141149445e-18 
 2507       9.045876943780e-12       3.758272143422e-13      -2.417422652637e-13       0.000000000000e+00       1.253267410586e-16       2.607530451586e-17      -3.099560677508e-18 
 2508       9.011627195048e-12       3.772155414411e-13      -2.448060135903e-13       0.000000000000e+00       1.250891328510e-16       2.612166335374e-17      -3.113479762027e-18 
 2509       8.977774777610e-12       3.785859487425e-13      -2.479816406658e-13       0.000000000000e+00       1.248520285712e-16       2.616462654252e-17      -3.126893513981e-18 
 2510       8.944321094222e-12       3.799379104221e-13      -2.512665507861e-13       0.000000000000e+00       1.246154271742e-16       2.620432277412e-17      -3.139797031705e-18 
 2511       8.911267549603e-12       3.812708990893e-13      -2.546581393525e-13       0.000000000000e+00       1.243793276073e-16       2.624088117025e-17      -3.152185400872e-18 
 2512       8.878615550437e-12       3.825843857861e-13      -2.581537928622e-13       0.000000000000e+00       1.241437288095e-16       2.627443128285e-17      -3.164053694487e-18 
 2513       8.846366505375e-12       3.838778399850e-13      -2.617508888997e-13       0.000000000000e+00       1.239086297117e-16       2.630510309449e-17      -3.175396972871e-18 
 2514       8.814521825036e-12       3.851507295880e-13      -2.654467961273e-13       0.000000000000e+00       1.236740292370e-16       2.633302701887e-17      -3.186210283653e-18 
 2515       8.783082922005e-12       3.864025209245e-13      -2.692388742765e-13       0.000000000000e+00       1.234399263001e-16       2.635833390117e-17      -3.196488661755e-18 
 2516       8.752051210839e-12       3.876326787504e-13      -2.731244741383e-13       0.000000000000e+00       1.232063198079e-16       2.638115501858e-17      -3.206227129382e-18 
 2517       8.721428108062e-12       3.888406662460e-13      -2.771009375549e-13       0.000000000000e+00       1.229732086591e-16       2.640162208063e-17      -3.215420696013e-18 
 2518       8.691215032173e-12       3.900259450149e-13      -2.811655974100e-13       0.000000000000e+00       1.227405917441e-16       2.641986722972e-17      -3.224064358385e-18 
 2519       8.661413403643e-12       3.911879750824e-13      -2.853157776201e-13       0.000000000000e+00       1.225084679456e-16       2.643602304149e-17      -3.232153100481e-18 
 2520       8.632024644915e-12       3.923262148937e-13      -2.895487931254e-13       0.000000000000e+00       1.222768361378e-16       2.645022252530e-17      -3.239681893525e-18 
 2521       8.603050180409e-12       3.934401213128e-13      -2.938619498806e-13       0.000000000000e+00       1.220456951870e-16       2.646259912461e-17      -3.246645695963e-18 
 2522       8.574491436519e-12       3.945291496206e-13      -2.982525448459e-13       0.000000000000e+00       1.218150439512e-16       2.647328671747e-17      -3.253039453455e-18 
 2523       8.546349841618e-12       3.955927535136e-13      -3.027178659781e-13       0.000000000000e+00       1.215848812803e-16       2.648241961693e-17      -3.258858098864e-18 
 2524       8.518626826055e-12       3.966303851024e-13      -3.072551922213e-13       0.000000000000e+00       1.213552060160e-16       2.649013257146e-17      -3.264096552241e-18 
 2525       8.491323822159e-12       3.976414949100e-13      -3.118617934979e-13       0.000000000000e+00       1.211260169921e-16       2.649656076541e-17      -3.268749720817e-18 
 2526       8.464442264240e-12       3.986255318703e-13      -3.165349306998e-13       0.000000000000e+00       1.208973130337e-16       2.650183981943e-17      -3.272812498991e-18 
 2527       8.437983588588e-12       3.995819433269e-13      -3.212718556788e-13       0.000000000000e+00       1.206690929582e-16       2.650610579092e-17      -3.276279768315e-18 
 2528       8.411949233477e-12       4.005101750311e-13      -3.260698112382e-13       0.000000000000e+00       1.204413555746e-16       2.650949517444e-17      -3.279146397486e-18 
 2529       8.386340639163e-12       4.014096711407e-13      -3.309260311233e-13       0.000000000000e+00       1.202140996835e-16       2.651214490216e-17      -3.281407242333e-18 
 2530       8.361159247888e-12       4.022798742184e-13      -3.358377400123e-13       0.000000000000e+00       1.199873240776e-16       2.651419234428e-17      -3.283057145806e-18 
 2531       8.336406503877e-12       4.031202252303e-13      -3.408021535075e-13       0.000000000000e+00       1.197610275413e-16       2.651577530951e-17      -3.284090937963e-18 
 2532       8.312083853344e-12       4.039301635443e-13      -3.458164781263e-13       0.000000000000e+00       1.195352088505e-16       2.651703204544e-17      -3.284503435960e-18 
 2533       8.288192744491e-12       4.047091269285e-13      -3.508779112917e-13       0.000000000000e+00       1.193098667731e-16       2.651810123901e-17      -3.284289444038e-18 
 2534       8.264734627508e-12       4.054565515501e-13      -3.559836413237e-13       0.000000000000e+00       1.190850000687e-16       2.651912201694e-17      -3.283443753512e-18 
 2535       8.241710954575e-12       4.061718719733e-13      -3.611308474300e-13       0.000000000000e+00       1.188606074885e-16       2.652023394618e-17      -3.281961142762e-18 
 2536       8.219123179864e-12       4.068545211582e-13      -3.663166996968e-13       0.000000000000e+00       1.186366877757e-16       2.652157703431e-17      -3.279836377215e-18 
 2537       8.196972759536e-12       4.075039304591e-13      -3.715383590803e-13       0.000000000000e+00       1.184132396648e-16       2.652329173001e-17      -3.277064209340e-18 
 2538       8.175261151750e-12       4.081195296230e-13      -3.767929773971e-13       0.000000000000e+00       1.181902618824e-16       2.652551892344e-17      -3.273639378633e-18 
 2539       8.153989816656e-12       4.087007467881e-13      -3.820776973152e-13       0.000000000000e+00       1.179677531465e-16       2.652839994676e-17      -3.269556611606e-18 
 2540       8.133160216400e-12       4.092470084822e-13      -3.873896523453e-13       0.000000000000e+00       1.177457121669e-16       2.653207657448e-17      -3.264810621775e-18 
 2541       8.112773815125e-12       4.097577396216e-13      -3.927259668313e-13       0.000000000000e+00       1.175241376450e-16       2.653669102396e-17      -3.259396109649e-18 
 2542       8.092832078971e-12       4.102323635087e-13      -3.980837559415e-13       0.000000000000e+00       1.173030282740e-16       2.654238595579e-17      -3.253307762718e-18 
 2543       8.073336476077e-12       4.106703018313e-13      -4.034601256595e-13       0.000000000000e+00       1.170823827387e-16       2.654930447425e-17      -3.246540255444e-18 
 2544       8.054288476581e-12       4.110709746608e-13      -4.088521727751e-13       0.000000000000e+00       1.168621997153e-16       2.655759012776e-17      -3.239088249243e-18 
 2545       8.035689552623e-12       4.114338004506e-13      -4.142569848753e-13       0.000000000000e+00       1.166424778720e-16       2.656738690930e-17      -3.230946392480e-18 
 2546       8.017541178344e-12       4.117581960347e-13      -4.196716403352e-13       0.000000000000e+00       1.164232158684e-16       2.657883925682e-17      -3.222109320455e-18 
 2547       7.999844829889e-12       4.120435766259e-13      -4.250932083089e-13       0.000000000000e+00       1.162044123558e-16       2.659209205371e-17      -3.212571655390e-18 
 2548       7.982601985404e-12       4.122893558148e-13      -4.305187487205e-13       0.000000000000e+00       1.159860659769e-16       2.660729062923e-17      -3.202328006419e-18 
 2549       7.965814125045e-12       4.124949455678e-13      -4.359453122551e-13       0.000000000000e+00       1.157681753662e-16       2.662458075893e-17      -3.191372969576e-18 
 2550       7.949481563215e-12       4.126598926143e-13      -4.413701079884e-13       0.000000000000e+00       1.155507392371e-16       2.664406761941e-17      -3.179704857298e-18 
 2551       7.933599937986e-12       4.127842884666e-13      -4.467910073471e-13       0.000000000000e+00       1.153337566440e-16       2.666569239418e-17      -3.167336910361e-18 
 2552       7.918163701524e-12       4.128683617511e-13      -4.522060430244e-13       0.000000000000e+00       1.151172267219e-16       2.668935496012e-17      -3.154286150304e-18 
 2553       7.903167285992e-12       4.129123420354e-13      -4.576132415981e-13       0.000000000000e+00       1.149011485989e-16       2.671495486844e-17      -3.140569655819e-18 
 2554       7.888605103532e-12       4.129164598285e-13      -4.630106235246e-13       0.000000000000e+00       1.146855213963e-16       2.674239134437e-17      -3.126204562807e-18 
 2555       7.874471546242e-12       4.128809465821e-13      -4.683962031331e-13       0.000000000000e+00       1.144703442284e-16       2.677156328686e-17      -3.111208064436e-18 
 2556       7.860760986157e-12       4.128060346918e-13      -4.737679886192e-13       0.000000000000e+00       1.142556162031e-16       2.680236926824e-17      -3.095597411198e-18 
 2557       7.847467775229e-12       4.126919574978e-13      -4.791239820394e-13       0.000000000000e+00       1.140413364209e-16       2.683470753389e-17      -3.079389910967e-18 
 2558       7.834586245304e-12       4.125389492859e-13      -4.844621793049e-13       0.000000000000e+00       1.138275039759e-16       2.686847600192e-17      -3.062602929054e-18 
 2559       7.822110708105e-12       4.123472452887e-13      -4.897805701757e-13       0.000000000000e+00       1.136141179552e-16       2.690357226287e-17      -3.045253888268e-18 
 2560       7.810035455209e-12       4.121170816865e-13      -4.950771382545e-13       0.000000000000e+00       1.134011774390e-16       2.693989357937e-17      -3.027360268969e-18 
 2561       7.798354758028e-12       4.118486956082e-13      -5.003498609810e-13       0.000000000000e+00       1.131886815007e-16       2.697733688579e-17      -3.008939609127e-18 
 2562       7.787062867786e-12       4.115423251324e-13      -5.055967096256e-13       0.000000000000e+00       1.129766292066e-16       2.701579878797e-17      -2.990009504379e-18 
 2563       7.776154015504e-12       4.111982092884e-13      -5.108156492838e-13       0.000000000000e+00       1.127650196165e-16       2.705517556287e-17      -2.970587608089e-18 
 2564       7.765622411971e-12       4.108165880571e-13      -5.160046388698e-13       0.000000000000e+00       1.125538517830e-16       2.709536315825e-17      -2.950691631399e-18 
 2565       7.755462247734e-12       4.103977023721e-13      -5.211616311111e-13       0.000000000000e+00       1.123431247518e-16       2.713625719233e-17      -2.930339343292e-18 
 2566       7.745667693067e-12       4.099417941206e-13      -5.262845725418e-13       0.000000000000e+00       1.121328375619e-16       2.717775295349e-17      -2.909548570646e-18 
 2567       7.736232897960e-12       4.094491061445e-13      -5.313714034974e-13       0.000000000000e+00       1.119229892451e-16       2.721974539996e-17      -2.888337198293e-18 
 2568       7.727151992090e-12       4.089198822413e-13      -5.364200581083e-13       0.000000000000e+00       1.117135788266e-16       2.726212915946e-17      -2.866723169076e-18 
 2569       7.718419084808e-12       4.083543671651e-13      -5.414284642939e-13       0.000000000000e+00       1.115046053243e-16       2.730479852890e-17      -2.844724483902e-18 
 2570       7.710028265114e-12       4.077528066277e-13      -5.463945437571e-13       0.000000000000e+00       1.112960677495e-16       2.734764747404e-17      -2.822359201807e-18 
 2571       7.701973601637e-12       4.071154472995e-13      -5.513162119776e-13       0.000000000000e+00       1.110879651063e-16       2.739056962921e-17      -2.799645440006e-18 
 2572       7.694249142617e-12       4.064425368104e-13      -5.561913782065e-13       0.000000000000e+00       1.108802963919e-16       2.743345829692e-17      -2.776601373956e-18 
 2573       7.686848915880e-12       4.057343237511e-13      -5.610179454601e-13       0.000000000000e+00       1.106730605965e-16       2.747620644761e-17      -2.753245237407e-18 
 2574       7.679766928824e-12       4.049910576736e-13      -5.657938105139e-13       0.000000000000e+00       1.104662567035e-16       2.751870671927e-17      -2.729595322465e-18 
 2575       7.672997168391e-12       4.042129890930e-13      -5.705168638968e-13       0.000000000000e+00       1.102598836890e-16       2.756085141715e-17      -2.705669979645e-18 
 2576       7.666533601055e-12       4.034003694874e-13      -5.751849898849e-13       0.000000000000e+00       1.100539405224e-16       2.760253251340e-17      -2.681487617931e-18 
 2577       7.660370172793e-12       4.025534512999e-13      -5.797960664960e-13       0.000000000000e+00       1.098484261660e-16       2.764364164682e-17      -2.657066704832e-18 
 2578       7.654500809070e-12       4.016724879390e-13      -5.843479654830e-13       0.000000000000e+00       1.096433395750e-16       2.768407012245e-17      -2.632425766439e-18 
 2579       7.648919414817e-12       4.007577337799e-13      -5.888385523282e-13       0.000000000000e+00       1.094386796976e-16       2.772370891130e-17      -2.607583387482e-18 
 2580       7.643619874412e-12       3.998094441651e-13      -5.932656862376e-13       0.000000000000e+00       1.092344454751e-16       2.776244865003e-17      -2.582558211389e-18 
 2581       7.638596051655e-12       3.988278754059e-13      -5.976272201345e-13       0.000000000000e+00       1.090306358416e-16       2.780017964060e-17      -2.557368940339e-18 
 2582       7.633841789754e-12       3.978132847832e-13      -6.019210006539e-13       0.000000000000e+00       1.088272497243e-16       2.783679184996e-17      -2.532034335327e-18 
 2583       7.629350911299e-12       3.967659305483e-13      -6.061448681364e-13       0.000000000000e+00       1.086242860432e-16       2.787217490972e-17      -2.506573216210e-18 
 2584       7.625117218245e-12       3.956860719240e-13      -6.102966566219e-13       0.000000000000e+00       1.084217437114e-16       2.790621811584e-17      -2.481004461776e-18 
 2585       7.621134491889e-12       3.945739691057e-13      -6.143741938443e-13       0.000000000000e+00       1.082196216347e-16       2.793881042832e-17      -2.455347009793e-18 
 2586       7.617396492853e-12       3.934298832625e-13      -6.183753012250e-13       0.000000000000e+00       1.080179187121e-16       2.796984047084e-17      -2.429619857067e-18 
 2587       7.613896961058e-12       3.922540765377e-13      -6.222977938670e-13       0.000000000000e+00       1.078166338353e-16       2.799919653045e-17      -2.403842059506e-18 
 2588       7.610629615711e-12       3.910468120504e-13      -6.261394805493e-13       0.000000000000e+00       1.076157658890e-16       2.802676655726e-17      -2.378032732166e-18 
 2589       7.607588155278e-12       3.898083538961e-13      -6.298981637204e-13       0.000000000000e+00       1.074153137508e-16       2.805243816412e-17      -2.352211049320e-18 
 2590       7.604766257466e-12       3.885389671477e-13      -6.335716394928e-13       0.000000000000e+00       1.072152762911e-16       2.807609862629e-17      -2.326396244506e-18 
 2591       7.602157579202e-12       3.872389178569e-13      -6.371576976367e-13       0.000000000000e+00       1.070156523733e-16       2.809763488109e-17      -2.300607610589e-18 
 2592       7.599755756616e-12       3.859084730546e-13      -6.406541215744e-13       0.000000000000e+00       1.068164408535e-16       2.811693352762e-17      -2.274864499817e-18 
 2593       7.597554405015e-12       3.845479007522e-13      -6.440586883737e-13       0.000000000000e+00       1.066176405810e-16       2.813388082644e-17      -2.249186323878e-18 
 2594       7.595547118866e-12       3.831574699429e-13      -6.473691687428e-13       0.000000000000e+00       1.064192503975e-16       2.814836269918e-17      -2.223592553957e-18 
 2595       7.593727471774e-12       3.817374506020e-13      -6.505833270234e-13       0.000000000000e+00       1.062212691378e-16       2.816026472830e-17      -2.198102720793e-18 
 2596       7.592089016463e-12       3.802881136884e-13      -6.536989211857e-13       0.000000000000e+00       1.060236956296e-16       2.816947215672e-17      -2.172736414738e-18 
 2597       7.590625284755e-12       3.788097311457e-13      -6.567137028215e-13       0.000000000000e+00       1.058265286934e-16       2.817586988751e-17      -2.147513285814e-18 
 2598       7.589329787548e-12       3.773025759026e-13      -6.596254171388e-13       0.000000000000e+00       1.056297671423e-16       2.817934248357e-17      -2.122453043765e-18 
 2599       7.588196014074e-12       3.757669788951e-13      -6.624321863258e-13       0.000000000000e+00       1.054334098573e-16       2.817980298362e-17      -2.097572591581e-18 
 2600       7.587217429694e-12       3.742035004805e-13      -6.651336620137e-13       0.000000000000e+00       1.052374560116e-16       2.817727952823e-17      -2.072877408285e-18 
 2601       7.586387478049e-12       3.726127599909e-13      -6.677298792955e-13       0.000000000000e+00       1.050419048477e-16       2.817182922125e-17      -2.048370117703e-18 
 2602       7.585699581762e-12       3.709953788025e-13      -6.702208739460e-13       0.000000000000e+00       1.048467556018e-16       2.816350935797e-17      -2.024053350605e-18 
 2603       7.585147142417e-12       3.693519803373e-13      -6.726066824228e-13       0.000000000000e+00       1.046520075045e-16       2.815237742531e-17      -1.999929744709e-18 
 2604       7.584723540540e-12       3.676831900653e-13      -6.748873418676e-13       0.000000000000e+00       1.044576597806e-16       2.813849110203e-17      -1.976001944690e-18 
 2605       7.584422135577e-12       3.659896355066e-13      -6.770628901063e-13       0.000000000000e+00       1.042637116490e-16       2.812190825889e-17      -1.952272602180e-18 
 2606       7.584236265873e-12       3.642719462331e-13      -6.791333656504e-13       0.000000000000e+00       1.040701623226e-16       2.810268695889e-17      -1.928744375783e-18 
 2607       7.584159248655e-12       3.625307538708e-13      -6.810988076976e-13       0.000000000000e+00       1.038770110086e-16       2.808088545738e-17      -1.905419931075e-18 
 2608       7.584184380009e-12       3.607666921016e-13      -6.829592561329e-13       0.000000000000e+00       1.036842569083e-16       2.805656220232e-17      -1.882301940612e-18 
 2609       7.584304934858e-12       3.589803966654e-13      -6.847147515289e-13       0.000000000000e+00       1.034918992171e-16       2.802977583445e-17      -1.859393083938e-18 
 2610       7.584514166944e-12       3.571725053623e-13      -6.863653351472e-13       0.000000000000e+00       1.032999371246e-16       2.800058518746e-17      -1.836696047587e-18 
 2611       7.584805308808e-12       3.553436580542e-13      -6.879110489389e-13       0.000000000000e+00       1.031083698143e-16       2.796904928818e-17      -1.814213525095e-18 
 2612       7.585171571766e-12       3.534944966670e-13      -6.893519355458e-13       0.000000000000e+00       1.029171964641e-16       2.793522735679e-17      -1.791948217001e-18 
 2613       7.585606145894e-12       3.516256651928e-13      -6.906880383008e-13       0.000000000000e+00       1.027264162457e-16       2.789917880701e-17      -1.769902830858e-18 
 2614       7.586102200002e-12       3.497378096916e-13      -6.919194012289e-13       0.000000000000e+00       1.025360283250e-16       2.786096324626e-17      -1.748080081235e-18 
 2615       7.586652881617e-12       3.478315782934e-13      -6.930460690483e-13       0.000000000000e+00       1.023460318622e-16       2.782064047588e-17      -1.726482689725e-18 
 2616       7.587251316960e-12       3.459076212005e-13      -6.940680871708e-13       0.000000000000e+00       1.021564260111e-16       2.777827049129e-17      -1.705113384953e-18 
 2617       7.587890610929e-12       3.439665906888e-13      -6.949855017030e-13       0.000000000000e+00       1.019672099201e-16       2.773391348222e-17      -1.683974902580e-18 
 2618       7.588563847075e-12       3.420091411108e-13      -6.957983594471e-13       0.000000000000e+00       1.017783827313e-16       2.768762983284e-17      -1.663069985310e-18 
 2619       7.589264087584e-12       3.400359288965e-13      -6.965067079014e-13       0.000000000000e+00       1.015899435809e-16       2.763948012201e-17      -1.642401382897e-18 
 2620       7.589984373255e-12       3.380476125565e-13      -6.971105952616e-13       0.000000000000e+00       1.014018915992e-16       2.758952512344e-17      -1.621971852148e-18 
 2621       7.590717723480e-12       3.360448526832e-13      -6.976100704215e-13       0.000000000000e+00       1.012142259106e-16       2.753782580585e-17      -1.601784156936e-18 
 2622       7.591457136224e-12       3.340283119530e-13      -6.980051829734e-13       0.000000000000e+00       1.010269456335e-16       2.748444333324e-17      -1.581841068200e-18 
 2623       7.592195588004e-12       3.319986551286e-13      -6.982959832098e-13       0.000000000000e+00       1.008400498803e-16       2.742943906498e-17      -1.562145363952e-18 
 2624       7.592926033869e-12       3.299565490606e-13      -6.984825221234e-13       0.000000000000e+00       1.006535377573e-16       2.737287455608e-17      -1.542699829288e-18 
 2625       7.593641407378e-12       3.279026626900e-13      -6.985648514084e-13       0.000000000000e+00       1.004674083651e-16       2.731481155733e-17      -1.523507256388e-18 
 2626       7.594334620582e-12       3.258376670496e-13      -6.985430234613e-13       0.000000000000e+00       1.002816607980e-16       2.725531201551e-17      -1.504570444528e-18 
 2627       7.594998564002e-12       3.237622352665e-13      -6.984170913818e-13       0.000000000000e+00       1.000962941444e-16       2.719443807358e-17      -1.485892200082e-18 
 2628       7.595626106608e-12       3.216770425639e-13      -6.981871089731e-13       0.000000000000e+00       9.991130748689e-17       2.713225207085e-17      -1.467475336531e-18 
 2629       7.596210095801e-12       3.195827662630e-13      -6.978531307437e-13       0.000000000000e+00       9.972669990174e-17       2.706881654320e-17      -1.449322674466e-18 
 2630       7.596743357388e-12       3.174800857853e-13      -6.974152119073e-13       0.000000000000e+00       9.954247045937e-17       2.700419422325e-17      -1.431437041599e-18 
 2631       7.597218695567e-12       3.153696826544e-13      -6.968734083842e-13       0.000000000000e+00       9.935861822413e-17       2.693844804053e-17      -1.413821272765e-18 
 2632       7.597628892903e-12       3.132522404980e-13      -6.962277768020e-13       0.000000000000e+00       9.917514225433e-17       2.687164112171e-17      -1.396478209932e-18 
 2633       7.597966710308e-12       3.111284450501e-13      -6.954783744964e-13       0.000000000000e+00       9.899204160224e-17       2.680383679075e-17      -1.379410702203e-18 
 2634       7.598224887021e-12       3.089989841526e-13      -6.946252595121e-13       0.000000000000e+00       9.880931531408e-17       2.673509856914e-17      -1.362621605826e-18 
 2635       7.598396140589e-12       3.068645477579e-13      -6.936684906036e-13       0.000000000000e+00       9.862696243001e-17       2.666549017602e-17      -1.346113784199e-18 
 2636       7.598473166842e-12       3.047258279303e-13      -6.926081272360e-13       0.000000000000e+00       9.844498198413e-17       2.659507552843e-17      -1.329890107876e-18 
 2637       7.598448639879e-12       3.025835188485e-13      -6.914442295859e-13       0.000000000000e+00       9.826337300445e-17       2.652391874146e-17      -1.313953454573e-18 
 2638       7.598315212041e-12       3.004383168072e-13      -6.901768585424e-13       0.000000000000e+00       9.808213451292e-17       2.645208412845e-17      -1.298306709175e-18 
 2639       7.598065513895e-12       2.982909202194e-13      -6.888060757076e-13       0.000000000000e+00       9.790126552540e-17       2.637963620121e-17      -1.282952763743e-18 
 2640       7.597692154212e-12       2.961420296185e-13      -6.873319433977e-13       0.000000000000e+00       9.772076505165e-17       2.630663967016e-17      -1.267894517518e-18 
 2641       7.597187719947e-12       2.939923476596e-13      -6.857545246436e-13       0.000000000000e+00       9.754063209534e-17       2.623315944453e-17      -1.253134876929e-18 
 2642       7.596544776217e-12       2.918425791226e-13      -6.840738831922e-13       0.000000000000e+00       9.736086565401e-17       2.615926063259e-17      -1.238676755599e-18 
 2643       7.595755866283e-12       2.896934309133e-13      -6.822900835066e-13       0.000000000000e+00       9.718146471913e-17       2.608500854177e-17      -1.224523074352e-18 
 2644       7.594813511527e-12       2.875456120657e-13      -6.804031907676e-13       0.000000000000e+00       9.700242827599e-17       2.601046867893e-17      -1.210676761217e-18 
 2645       7.593710211434e-12       2.853998337442e-13      -6.784132708740e-13       0.000000000000e+00       9.682375530382e-17       2.593570675048e-17      -1.197140751437e-18 
 2646       7.592438443569e-12       2.832568092453e-13      -6.763203904438e-13       0.000000000000e+00       9.664544477565e-17       2.586078866259e-17      -1.183917987473e-18 
 2647       7.590990663558e-12       2.811172540000e-13      -6.741246168148e-13       0.000000000000e+00       9.646749565841e-17       2.578578052140e-17      -1.171011419012e-18 
 2648       7.589360215518e-12       2.789818379522e-13      -6.718262669349e-13       0.000000000000e+00       9.628990697698e-17       2.571073665448e-17      -1.158421306897e-18 
 2649       7.587544068881e-12       2.768510424039e-13      -6.694266555345e-13       0.000000000000e+00       9.611267800690e-17       2.563566360248e-17      -1.146137118609e-18 
 2650       7.585540096662e-12       2.747253023824e-13      -6.669273510934e-13       0.000000000000e+00       9.593580808275e-17       2.556055592872e-17      -1.134145587978e-18 
 2651       7.583346166381e-12       2.726050541932e-13      -6.643299273323e-13       0.000000000000e+00       9.575929653406e-17       2.548540817983e-17      -1.122433407148e-18 
 2652       7.580960140059e-12       2.704907354207e-13      -6.616359632174e-13       0.000000000000e+00       9.558314268538e-17       2.541021488568e-17      -1.110987226538e-18 
 2653       7.578379874210e-12       2.683827849294e-13      -6.588470429664e-13       0.000000000000e+00       9.540734585624e-17       2.533497055941e-17      -1.099793654803e-18 
 2654       7.575603219838e-12       2.662816428656e-13      -6.559647560528e-13       0.000000000000e+00       9.523190536114e-17       2.525966969740e-17      -1.088839258790e-18 
 2655       7.572628022430e-12       2.641877506579e-13      -6.529906972115e-13       0.000000000000e+00       9.505682050955e-17       2.518430677926e-17      -1.078110563503e-18 
 2656       7.569452121956e-12       2.621015510191e-13      -6.499264664436e-13       0.000000000000e+00       9.488209060591e-17       2.510887626779e-17      -1.067594052061e-18 
 2657       7.566073352858e-12       2.600234879467e-13      -6.467736690217e-13       0.000000000000e+00       9.470771494961e-17       2.503337260898e-17      -1.057276165658e-18 
 2658       7.562489544050e-12       2.579540067246e-13      -6.435339154948e-13       0.000000000000e+00       9.453369283499e-17       2.495779023201e-17      -1.047143303525e-18 
 2659       7.558698518910e-12       2.558935539241e-13      -6.402088216937e-13       0.000000000000e+00       9.436002355137e-17       2.488212354922e-17      -1.037181822887e-18 
 2660       7.554698095277e-12       2.538425774051e-13      -6.368000087357e-13       0.000000000000e+00       9.418670638296e-17       2.480636695608e-17      -1.027378038925e-18 
 2661       7.550486085445e-12       2.518015263173e-13      -6.333091030300e-13       0.000000000000e+00       9.401374060895e-17       2.473051483120e-17      -1.017718224737e-18 
 2662       7.546060296158e-12       2.497708511014e-13      -6.297377362827e-13       0.000000000000e+00       9.384112550343e-17       2.465456153628e-17      -1.008188611297e-18 
 2663       7.541418528606e-12       2.477510034903e-13      -6.260875455021e-13       0.000000000000e+00       9.366886033544e-17       2.457850141614e-17      -9.987753874158e-19 
 2664       7.536558578420e-12       2.457424365102e-13      -6.223601730032e-13       0.000000000000e+00       9.349694436890e-17       2.450232879867e-17      -9.894646996993e-19 
 2665       7.531478235665e-12       2.437456044819e-13      -6.185572664135e-13       0.000000000000e+00       9.332537686268e-17       2.442603799483e-17      -9.802426525114e-19 
 2666       7.526175284839e-12       2.417609630221e-13      -6.146804786778e-13       0.000000000000e+00       9.315415707054e-17       2.434962329860e-17      -9.710953079324e-19 
 2667       7.520647504866e-12       2.397889690443e-13      -6.107314680633e-13       0.000000000000e+00       9.298328424113e-17       2.427307898704e-17      -9.620086857199e-19 
 2668       7.514892669088e-12       2.378300807601e-13      -6.067118981645e-13       0.000000000000e+00       9.281275761801e-17       2.419639932017e-17      -9.529687632684e-19 
 2669       7.508908545267e-12       2.358847576807e-13      -6.026234379088e-13       0.000000000000e+00       9.264257643963e-17       2.411957854106e-17      -9.439614755700e-19 
 2670       7.502692895573e-12       2.339534606175e-13      -5.984677615610e-13       0.000000000000e+00       9.247273993931e-17       2.404261087573e-17      -9.349727151744e-19 
 2671       7.496243476585e-12       2.320366516838e-13      -5.942465487290e-13       0.000000000000e+00       9.230324734525e-17       2.396549053319e-17      -9.259883321487e-19 
 2672       7.489558039282e-12       2.301347942958e-13      -5.899614843683e-13       0.000000000000e+00       9.213409788053e-17       2.388821170538e-17      -9.169941340382e-19 
 2673       7.482634329039e-12       2.282483531739e-13      -5.856142587878e-13       0.000000000000e+00       9.196529076308e-17       2.381076856720e-17      -9.079758858260e-19 
 2674       7.475470085625e-12       2.263777943436e-13      -5.812065676540e-13       0.000000000000e+00       9.179682520570e-17       2.373315527645e-17      -8.989193098935e-19 
 2675       7.468063043193e-12       2.245235851370e-13      -5.767401119970e-13       0.000000000000e+00       9.162870041605e-17       2.365536597385e-17      -8.898100859804e-19 
 2676       7.460410930280e-12       2.226861941939e-13      -5.722165982149e-13       0.000000000000e+00       9.146091559661e-17       2.357739478299e-17      -8.806338511449e-19 
 2677       7.452511469798e-12       2.208660914630e-13      -5.676377380795e-13       0.000000000000e+00       9.129346994473e-17       2.349923581035e-17      -8.713761997240e-19 
 2678       7.444362379032e-12       2.190637482029e-13      -5.630052487409e-13       0.000000000000e+00       9.112636265259e-17       2.342088314527e-17      -8.620226832934e-19 
 2679       7.435961369636e-12       2.172796369835e-13      -5.583208527328e-13       0.000000000000e+00       9.095959290718e-17       2.334233085990e-17      -8.525588106279e-19 
 2680       7.427306147623e-12       2.155142316875e-13      -5.535862779775e-13       0.000000000000e+00       9.079315989034e-17       2.326357300925e-17      -8.429700476615e-19 
 2681       7.418394413366e-12       2.137680075107e-13      -5.488032577914e-13       0.000000000000e+00       9.062706277871e-17       2.318460363111e-17      -8.332418174474e-19 
 2682       7.409223861588e-12       2.120414409642e-13      -5.439735308895e-13       0.000000000000e+00       9.046130074375e-17       2.310541674610e-17      -8.233595001185e-19 
 2683       7.399792181363e-12       2.103350098747e-13      -5.390988413910e-13       0.000000000000e+00       9.029587295173e-17       2.302600635756e-17      -8.133084328471e-19 
 2684       7.390097056104e-12       2.086491933866e-13      -5.341809388239e-13       0.000000000000e+00       9.013077856370e-17       2.294636645165e-17      -8.030739098055e-19 
 2685       7.380136163563e-12       2.069844719622e-13      -5.292215781306e-13       0.000000000000e+00       8.996601673554e-17       2.286649099724e-17      -7.926411821260e-19 
 2686       7.369907175827e-12       2.053413273839e-13      -5.242225196728e-13       0.000000000000e+00       8.980158661789e-17       2.278637394594e-17      -7.819954578610e-19 
 2687       7.359407759309e-12       2.037202427545e-13      -5.191855292366e-13       0.000000000000e+00       8.963748735618e-17       2.270600923207e-17      -7.711219019432e-19 
 2688       7.348635574744e-12       2.021217024990e-13      -5.141123780374e-13       0.000000000000e+00       8.947371809061e-17       2.262539077264e-17      -7.600056361459e-19 
 2689       7.337588277188e-12       2.005461923656e-13      -5.090048427253e-13       0.000000000000e+00       8.931027795618e-17       2.254451246736e-17      -7.486317390428e-19 
 2690       7.326263516009e-12       1.989941994266e-13      -5.038647053902e-13       0.000000000000e+00       8.914716608261e-17       2.246336819859e-17      -7.369852459687e-19 
 2691       7.314658934882e-12       1.974662120802e-13      -4.986937535666e-13       0.000000000000e+00       8.898438159442e-17       2.238195183134e-17      -7.250511489791e-19 
 2692       7.302772171787e-12       1.959627200511e-13      -4.934937802388e-13       0.000000000000e+00       8.882192361087e-17       2.230025721326e-17      -7.128143968107e-19 
 2693       7.290600859003e-12       1.944842143922e-13      -4.882665838465e-13       0.000000000000e+00       8.865979124595e-17       2.221827817462e-17      -7.002598948418e-19 
 2694       7.278142623102e-12       1.930311874854e-13      -4.830139682890e-13       0.000000000000e+00       8.849798360842e-17       2.213600852828e-17      -6.873725050517e-19 
 2695       7.265395084945e-12       1.916041330428e-13      -4.777377429310e-13       0.000000000000e+00       8.833649980175e-17       2.205344206969e-17      -6.741370459816e-19 
 2696       7.252355859676e-12       1.902035461082e-13      -4.724397226075e-13       0.000000000000e+00       8.817533892417e-17       2.197057257687e-17      -6.605382926943e-19 
 2697       7.239023456200e-12       1.888298325130e-13      -4.671216801174e-13       0.000000000000e+00       8.801450012364e-17       2.188739415398e-17      -6.465643941036e-19 
 2698       7.225399980953e-12       1.874830367051e-13      -4.617852034126e-13       0.000000000000e+00       8.785398276337e-17       2.180390226405e-17      -6.322171453131e-19 
 2699       7.211488448803e-12       1.861631124446e-13      -4.564318376438e-13       0.000000000000e+00       8.769378625723e-17       2.172009270182e-17      -6.175017709757e-19 
 2700       7.197291884911e-12       1.848700132142e-13      -4.510631326057e-13       0.000000000000e+00       8.753391001474e-17       2.163596125065e-17      -6.024235130059e-19 
 2701       7.182813324742e-12       1.836036922190e-13      -4.456806427410e-13       0.000000000000e+00       8.737435344114e-17       2.155150368253e-17      -5.869876305972e-19 
 2702       7.168055814074e-12       1.823641023864e-13      -4.402859271454e-13       0.000000000000e+00       8.721511593734e-17       2.146671575805e-17      -5.711994002382e-19 
 2703       7.153022409009e-12       1.811511963656e-13      -4.348805495714e-13       0.000000000000e+00       8.705619689990e-17       2.138159322642e-17      -5.550641157292e-19 
 2704       7.137716175982e-12       1.799649265271e-13      -4.294660784326e-13       0.000000000000e+00       8.689759572107e-17       2.129613182540e-17      -5.385870881987e-19 
 2705       7.122140191771e-12       1.788052449627e-13      -4.240440868084e-13       0.000000000000e+00       8.673931178876e-17       2.121032728135e-17      -5.217736461200e-19 
 2706       7.106297543508e-12       1.776721034853e-13      -4.186161524479e-13       0.000000000000e+00       8.658134448653e-17       2.112417530921e-17      -5.046291353275e-19 
 2707       7.090191328687e-12       1.765654536283e-13      -4.131838577746e-13       0.000000000000e+00       8.642369319360e-17       2.103767161244e-17      -4.871589190336e-19 
 2708       7.073824655178e-12       1.754852466452e-13      -4.077487898903e-13       0.000000000000e+00       8.626635728484e-17       2.095081188308e-17      -4.693683778449e-19 
 2709       7.057200641230e-12       1.744314335099e-13      -4.023125405797e-13       0.000000000000e+00       8.610933613074e-17       2.086359180170e-17      -4.512629097788e-19 
 2710       7.040322415487e-12       1.734039649157e-13      -3.968767063147e-13       0.000000000000e+00       8.595262909747e-17       2.077600703737e-17      -4.328479302801e-19 
 2711       7.023193116998e-12       1.724027912754e-13      -3.914428882586e-13       0.000000000000e+00       8.579623554679e-17       2.068805324771e-17      -4.141288722374e-19 
 2712       7.005815895220e-12       1.714278627210e-13      -3.860126922705e-13       0.000000000000e+00       8.564015483611e-17       2.059972607883e-17      -3.951111859997e-19 
 2713       6.988193910038e-12       1.704791291032e-13      -3.805877289095e-13       0.000000000000e+00       8.548438631847e-17       2.051102116533e-17      -3.758003393931e-19 
 2714       6.970330331765e-12       1.695565399912e-13      -3.751696134393e-13       0.000000000000e+00       8.532892934251e-17       2.042193413031e-17      -3.562018177368e-19 
 2715       6.952228341161e-12       1.686600446724e-13      -3.697599658322e-13       0.000000000000e+00       8.517378325248e-17       2.033246058533e-17      -3.363211238602e-19 
 2716       6.933891129436e-12       1.677895921522e-13      -3.643604107735e-13       0.000000000000e+00       8.501894738826e-17       2.024259613041e-17      -3.161637781191e-19 
 2717       6.915321898263e-12       1.669451311536e-13      -3.589725776659e-13       0.000000000000e+00       8.486442108533e-17       2.015233635406e-17      -2.957353184122e-19 
 2718       6.896523859787e-12       1.661266101167e-13      -3.535981006338e-13       0.000000000000e+00       8.471020367474e-17       2.006167683319e-17      -2.750413001979e-19 
 2719       6.877500236637e-12       1.653339771989e-13      -3.482386185275e-13       0.000000000000e+00       8.455629448317e-17       1.997061313316e-17      -2.540872965104e-19 
 2720       6.858254261933e-12       1.645671802740e-13      -3.428957749276e-13       0.000000000000e+00       8.440269283287e-17       1.987914080777e-17      -2.328788979766e-19 
 2721       6.838789179298e-12       1.638261669323e-13      -3.375712181495e-13       0.000000000000e+00       8.424939804166e-17       1.978725539920e-17      -2.114217128326e-19 
 2722       6.819108242866e-12       1.631108844804e-13      -3.322666012473e-13       0.000000000000e+00       8.409640942297e-17       1.969495243807e-17      -1.897213669397e-19 
 2723       6.799214717296e-12       1.624212799404e-13      -3.269835820185e-13       0.000000000000e+00       8.394372628578e-17       1.960222744336e-17      -1.677835038018e-19 
 2724       6.779111877775e-12       1.617573000500e-13      -3.217238230079e-13       0.000000000000e+00       8.379134793465e-17       1.950907592245e-17      -1.456137845810e-19 
 2725       6.758803010035e-12       1.611188912622e-13      -3.164889915126e-13       0.000000000000e+00       8.363927366969e-17       1.941549337109e-17      -1.232178881148e-19 
 2726       6.738291410359e-12       1.605059997447e-13      -3.112807595855e-13       0.000000000000e+00       8.348750278658e-17       1.932147527339e-17      -1.006015109324e-19 
 2727       6.717580385593e-12       1.599185713799e-13      -3.061008040403e-13       0.000000000000e+00       8.333603457656e-17       1.922701710180e-17      -7.777036727109e-20 
 2728       6.696673253152e-12       1.593565517645e-13      -3.009508064553e-13       0.000000000000e+00       8.318486832639e-17       1.913211431714e-17      -5.473018909286e-20 
 2729       6.675573341037e-12       1.588198862092e-13      -2.958324531780e-13       0.000000000000e+00       8.303400331842e-17       1.903676236853e-17      -3.148672610103e-20 
 2730       6.654283987837e-12       1.583085197382e-13      -2.907474353295e-13       0.000000000000e+00       8.288343883049e-17       1.894095669344e-17      -8.045745756631e-21 
 2731       6.632808542744e-12       1.578223970894e-13      -2.856974488084e-13       0.000000000000e+00       8.273317413600e-17       1.884469271761e-17       1.558696670502e-20 
 2732       6.611150365563e-12       1.573614627136e-13      -2.806841942957e-13       0.000000000000e+00       8.258320850388e-17       1.874796585513e-17       3.940560825779e-20 
 2733       6.589312826717e-12       1.569256607743e-13      -2.757093772584e-13       0.000000000000e+00       8.243354119857e-17       1.865077150833e-17       6.340435806824e-20 
 2734       6.567299307264e-12       1.565149351477e-13      -2.707747079547e-13       0.000000000000e+00       8.228417148005e-17       1.855310506786e-17       8.757737747908e-20 
 2735       6.545113198902e-12       1.561292294219e-13      -2.658819014374e-13       0.000000000000e+00       8.213509860379e-17       1.845496191263e-17       1.119188099927e-19 
 2736       6.522757903979e-12       1.557684868971e-13      -2.610326775590e-13       0.000000000000e+00       8.198632182079e-17       1.835633740978e-17       1.364227812545e-19 
 2737       6.500236835508e-12       1.554326505851e-13      -2.562287609753e-13       0.000000000000e+00       8.183784037753e-17       1.825722691474e-17       1.610833990366e-19 
 2738       6.477553417169e-12       1.551216632089e-13      -2.514718811503e-13       0.000000000000e+00       8.168965351601e-17       1.815762577115e-17       1.858947532211e-19 
 2739       6.454711083325e-12       1.548354672023e-13      -2.467637723603e-13       0.000000000000e+00       8.154176047372e-17       1.805752931090e-17       2.108509157837e-19 
 2740       6.431713279030e-12       1.545740047101e-13      -2.421061736982e-13       0.000000000000e+00       8.139416048363e-17       1.795693285407e-17       2.359459407771e-19 
 2741       6.408563460040e-12       1.543372175872e-13      -2.375008290777e-13       0.000000000000e+00       8.124685277420e-17       1.785583170897e-17       2.611738643146e-19 
 2742       6.385265092820e-12       1.541250473988e-13      -2.329494872379e-13       0.000000000000e+00       8.109983656938e-17       1.775422117211e-17       2.865287045535e-19 
 2743       6.361821654557e-12       1.539374354197e-13      -2.284539017473e-13       0.000000000000e+00       8.095311108858e-17       1.765209652817e-17       3.120044616783e-19 
 2744       6.338236633169e-12       1.537743226342e-13      -2.240158310085e-13       0.000000000000e+00       8.080667554668e-17       1.754945305001e-17       3.375951178847e-19 
 2745       6.314513527314e-12       1.536356497358e-13      -2.196370382620e-13       0.000000000000e+00       8.066052915402e-17       1.744628599868e-17       3.632946373630e-19 
 2746       6.290656039742e-12       1.535213037098e-13      -2.153190517787e-13       0.000000000000e+00       8.051467116367e-17       1.734259675117e-17       3.890958019149e-19 
 2747       6.266668658452e-12       1.534309572698e-13      -2.110624440301e-13       0.000000000000e+00       8.036910101346e-17       1.723841121965e-17       4.149867110556e-19 
 2748       6.242556078654e-12       1.533642285643e-13      -2.068675486821e-13       0.000000000000e+00       8.022381818466e-17       1.713376153045e-17       4.409542632137e-19 
 2749       6.218323009721e-12       1.533207345148e-13      -2.027347000590e-13       0.000000000000e+00       8.007882215484e-17       1.702867990529e-17       4.669853183670e-19 
 2750       6.193974175207e-12       1.533000908149e-13      -1.986642331437e-13       0.000000000000e+00       7.993411239781e-17       1.692319866136e-17       4.930666980078e-19 
 2751       6.169514312852e-12       1.533019119285e-13      -1.946564835782e-13       0.000000000000e+00       7.978968838367e-17       1.681735021138e-17       5.191851851074e-19 
 2752       6.144948174601e-12       1.533258110896e-13      -1.907117876644e-13       0.000000000000e+00       7.964554957875e-17       1.671116706373e-17       5.453275240816e-19 
 2753       6.120280526618e-12       1.533714003003e-13      -1.868304823643e-13       0.000000000000e+00       7.950169544567e-17       1.660468182250e-17       5.714804207551e-19 
 2754       6.095516149292e-12       1.534382903300e-13      -1.830129053005e-13       0.000000000000e+00       7.935812544326e-17       1.649792718760e-17       5.976305423269e-19 
 2755       6.070659837258e-12       1.535260907145e-13      -1.792593947570e-13       0.000000000000e+00       7.921483902663e-17       1.639093595483e-17       6.237645173348e-19 
 2756       6.045716399405e-12       1.536344097543e-13      -1.755702896792e-13       0.000000000000e+00       7.907183564712e-17       1.628374101600e-17       6.498689356210e-19 
 2757       6.020690658891e-12       1.537628545139e-13      -1.719459296751e-13       0.000000000000e+00       7.892911475230e-17       1.617637535896e-17       6.759303482963e-19 
 2758       5.995587453154e-12       1.539110308203e-13      -1.683866550151e-13       0.000000000000e+00       7.878667578599e-17       1.606887206775e-17       7.019352677058e-19 
 2759       5.970411633929e-12       1.540785432623e-13      -1.648928066329e-13       0.000000000000e+00       7.864451818823e-17       1.596126432264e-17       7.278701673933e-19 
 2760       5.945168067257e-12       1.542649951890e-13      -1.614647261258e-13       0.000000000000e+00       7.850264139528e-17       1.585358540025e-17       7.537214820663e-19 
 2761       5.919861633499e-12       1.544699887085e-13      -1.581027557555e-13       0.000000000000e+00       7.836104483962e-17       1.574586867362e-17       7.794756075614e-19 
 2762       5.894497227350e-12       1.546931246873e-13      -1.548072384483e-13       0.000000000000e+00       7.821972794998e-17       1.563814761228e-17       8.051189008089e-19 
 2763       5.869079757854e-12       1.549340027486e-13      -1.515785177956e-13       0.000000000000e+00       7.807869015125e-17       1.553045578239e-17       8.306376797977e-19 
 2764       5.843614148410e-12       1.551922212715e-13      -1.484169380546e-13       0.000000000000e+00       7.793793086457e-17       1.542282684676e-17       8.560182235404e-19 
 2765       5.818105336793e-12       1.554673773898e-13      -1.453228441488e-13       0.000000000000e+00       7.779744950726e-17       1.531529456501e-17       8.812467720382e-19 
 2766       5.792558275163e-12       1.557590669905e-13      -1.422965816682e-13       0.000000000000e+00       7.765724549286e-17       1.520789279359e-17       9.063095262461e-19 
 2767       5.766977930077e-12       1.560668847132e-13      -1.393384968702e-13       0.000000000000e+00       7.751731823109e-17       1.510065548589e-17       9.311926480375e-19 
 2768       5.741369282505e-12       1.563904239487e-13      -1.364489366798e-13       0.000000000000e+00       7.737766712787e-17       1.499361669237e-17       9.558822601692e-19 
 2769       5.715737327843e-12       1.567292768374e-13      -1.336282486901e-13       0.000000000000e+00       7.723829158530e-17       1.488681056058e-17       9.803644462467e-19 
 2770       5.690087075921e-12       1.570830342692e-13      -1.308767811632e-13       0.000000000000e+00       7.709919100168e-17       1.478027133528e-17       1.004625250689e-18 
 2771       5.664423551023e-12       1.574512858811e-13      -1.281948830301e-13       0.000000000000e+00       7.696036477146e-17       1.467403335854e-17       1.028650678692e-18 
 2772       5.638751791894e-12       1.578336200572e-13      -1.255829038917e-13       0.000000000000e+00       7.682181228529e-17       1.456813106979e-17       1.052426696198e-18 
 2773       5.613076851758e-12       1.582296239267e-13      -1.230411940190e-13       0.000000000000e+00       7.668353292998e-17       1.446259900596e-17       1.075939229854e-18 
 2774       5.587403798328e-12       1.586388833632e-13      -1.205701043538e-13       0.000000000000e+00       7.654552608851e-17       1.435747180152e-17       1.099174166984e-18 
 2775       5.561737713819e-12       1.590609829834e-13      -1.181699865090e-13       0.000000000000e+00       7.640779114002e-17       1.425278418857e-17       1.122117355546e-18 
 2776       5.536083694962e-12       1.594955061458e-13      -1.158411927693e-13       0.000000000000e+00       7.627032745981e-17       1.414857099696e-17       1.144754604105e-18 
 2777       5.510446853017e-12       1.599420349500e-13      -1.135840760916e-13       0.000000000000e+00       7.613313441934e-17       1.404486715435e-17       1.167071681791e-18 
 2778       5.484832313784e-12       1.604001502351e-13      -1.113989901055e-13       0.000000000000e+00       7.599621138620e-17       1.394170768631e-17       1.189054318270e-18 
 2779       5.459245217622e-12       1.608694315788e-13      -1.092862891138e-13       0.000000000000e+00       7.585955772415e-17       1.383912771641e-17       1.210688203704e-18 
 2780       5.433690719453e-12       1.613494572960e-13      -1.072463280930e-13       0.000000000000e+00       7.572317279307e-17       1.373716246627e-17       1.231958988718e-18 
 2781       5.408173988783e-12       1.618398044379e-13      -1.052794626938e-13       0.000000000000e+00       7.558705594898e-17       1.363584725572e-17       1.252852284366e-18 
 2782       5.382700209709e-12       1.623400487910e-13      -1.033860492416e-13       0.000000000000e+00       7.545120654406e-17       1.353521750282e-17       1.273353662094e-18 
 2783       5.357274580938e-12       1.628497648753e-13      -1.015664447371e-13       0.000000000000e+00       7.531562392658e-17       1.343530872396e-17       1.293448653707e-18 
 2784       5.331902315794e-12       1.633685259439e-13      -9.982100685665e-14       0.000000000000e+00       7.518030744096e-17       1.333615653398e-17       1.313122751331e-18 
 2785       5.306588642236e-12       1.638959039812e-13      -9.815009395283e-14       0.000000000000e+00       7.504525642772e-17       1.323779664623e-17       1.332361407380e-18 
 2786       5.281338802866e-12       1.644314697024e-13      -9.655406505491e-14       0.000000000000e+00       7.491047022353e-17       1.314026487267e-17       1.351150034524e-18 
 2787       5.256158054949e-12       1.649747925517e-13      -9.503327986940e-14       0.000000000000e+00       7.477594816112e-17       1.304359712393e-17       1.369474005646e-18 
 2788       5.231051670418e-12       1.655254407016e-13      -9.358809878052e-14       0.000000000000e+00       7.464168956938e-17       1.294782940943e-17       1.387318653814e-18 
 2789       5.206024935892e-12       1.660829810517e-13      -9.221888285068e-14       0.000000000000e+00       7.450769377328e-17       1.285299783747e-17       1.404669272244e-18 
 2790       5.181083152689e-12       1.666469792273e-13      -9.092599382105e-14       0.000000000000e+00       7.437396009387e-17       1.275913861527e-17       1.421511114263e-18 
 2791       5.156231636837e-12       1.672169995785e-13      -8.970979411197e-14       0.000000000000e+00       7.424048784834e-17       1.266628804912e-17       1.437829393278e-18 
 2792       5.131475719088e-12       1.677926051788e-13      -8.857064682354e-14       0.000000000000e+00       7.410727634993e-17       1.257448254441e-17       1.453609282735e-18 
 2793       5.106820744930e-12       1.683733578243e-13      -8.750891573605e-14       0.000000000000e+00       7.397432490798e-17       1.248375860577e-17       1.468835916090e-18 
 2794       5.082272074603e-12       1.689588180322e-13      -8.652496531050e-14       0.000000000000e+00       7.384163282791e-17       1.239415283711e-17       1.483494386771e-18 
 2795       5.057834580293e-12       1.695485612692e-13      -8.561895944243e-14       0.000000000000e+00       7.370919945233e-17       1.230569195087e-17       1.497573082661e-18 
 2796       5.033511134828e-12       1.701422267308e-13      -8.479025657014e-14       0.000000000000e+00       7.357702428447e-17       1.221836273827e-17       1.511073708709e-18 
 2797       5.009304115092e-12       1.707394688153e-13      -8.403801139796e-14       0.000000000000e+00       7.344510686540e-17       1.213214194188e-17       1.524001316765e-18 
 2798       4.985215904123e-12       1.713399409165e-13      -8.336137585250e-14       0.000000000000e+00       7.331344673293e-17       1.204700623212e-17       1.536360975851e-18 
 2799       4.961248891122e-12       1.719432954233e-13      -8.275949908004e-14       0.000000000000e+00       7.318204342166e-17       1.196293220720e-17       1.548157772170e-18 
 2800       4.937405471457e-12       1.725491837182e-13      -8.223152744398e-14       0.000000000000e+00       7.305089646296e-17       1.187989639307e-17       1.559396809132e-18 
 2801       4.913688046665e-12       1.731572561769e-13      -8.177660452222e-14       0.000000000000e+00       7.292000538493e-17       1.179787524331e-17       1.570083207360e-18 
 2802       4.890099024463e-12       1.737671621672e-13      -8.139387110457e-14       0.000000000000e+00       7.278936971247e-17       1.171684513912e-17       1.580222104714e-18 
 2803       4.866640818751e-12       1.743785500481e-13      -8.108246519018e-14       0.000000000000e+00       7.265898896720e-17       1.163678238920e-17       1.589818656303e-18 
 2804       4.843315849614e-12       1.749910671687e-13      -8.084152198493e-14       0.000000000000e+00       7.252886266750e-17       1.155766322973e-17       1.598878034503e-18 
 2805       4.820126543332e-12       1.756043598677e-13      -8.067017389888e-14       0.000000000000e+00       7.239899032851e-17       1.147946382428e-17       1.607405428970e-18 
 2806       4.797075332385e-12       1.762180734723e-13      -8.056755054360e-14       0.000000000000e+00       7.226937146209e-17       1.140216026373e-17       1.615406046662e-18 
 2807       4.774164655452e-12       1.768318522973e-13      -8.053277872968e-14       0.000000000000e+00       7.214000557687e-17       1.132572856624e-17       1.622885111850e-18 
 2808       4.751396957425e-12       1.774453396440e-13      -8.056498246406e-14       0.000000000000e+00       7.201089217818e-17       1.125014467716e-17       1.629847866135e-18 
 2809       4.728774689409e-12       1.780581777997e-13      -8.066328294747e-14       0.000000000000e+00       7.188203076812e-17       1.117538446897e-17       1.636299568467e-18 
 2810       4.706300308729e-12       1.786700080366e-13      -8.082679857186e-14       0.000000000000e+00       7.175342084548e-17       1.110142374119e-17       1.642245495159e-18 
 2811       4.683976278933e-12       1.792804706106e-13      -8.105464491779e-14       0.000000000000e+00       7.162506190582e-17       1.102823822037e-17       1.647690939901e-18 
 2812       4.661805069801e-12       1.798892047610e-13      -8.134593475182e-14       0.000000000000e+00       7.149695344138e-17       1.095580355997e-17       1.652641213781e-18 
 2813       4.639789157348e-12       1.804958487093e-13      -8.169977802397e-14       0.000000000000e+00       7.136909494114e-17       1.088409534032e-17       1.657101645298e-18 
 2814       4.617931023831e-12       1.811000396579e-13      -8.211528186507e-14       0.000000000000e+00       7.124148589080e-17       1.081308906854e-17       1.661077580379e-18 
 2815       4.596233157749e-12       1.817014137901e-13      -8.259155058424e-14       0.000000000000e+00       7.111412577276e-17       1.074276017849e-17       1.664574382395e-18 
 2816       4.574698053857e-12       1.822996062682e-13      -8.312768566624e-14       0.000000000000e+00       7.098701406612e-17       1.067308403069e-17       1.667597432176e-18 
 2817       4.553328213163e-12       1.828942512335e-13      -8.372278576890e-14       0.000000000000e+00       7.086015024670e-17       1.060403591226e-17       1.670152128030e-18 
 2818       4.532126142939e-12       1.834849818046e-13      -8.437594672054e-14       0.000000000000e+00       7.073353378701e-17       1.053559103685e-17       1.672243885757e-18 
 2819       4.511094356724e-12       1.840714300771e-13      -8.508626151739e-14       0.000000000000e+00       7.060716415627e-17       1.046772454458e-17       1.673878138665e-18 
 2820       4.490235374329e-12       1.846532271224e-13      -8.585282032095e-14       0.000000000000e+00       7.048104082038e-17       1.040041150198e-17       1.675060337588e-18 
 2821       4.469551721841e-12       1.852300029870e-13      -8.667471045546e-14       0.000000000000e+00       7.035516324194e-17       1.033362690188e-17       1.675795950900e-18 
 2822       4.449045931634e-12       1.858013866912e-13      -8.755101640528e-14       0.000000000000e+00       7.022953088022e-17       1.026734566343e-17       1.676090464532e-18 
 2823       4.428720542366e-12       1.863670062286e-13      -8.848081981230e-14       0.000000000000e+00       7.010414319119e-17       1.020154263193e-17       1.675949381990e-18 
 2824       4.408578098993e-12       1.869264885653e-13      -8.946319947336e-14       0.000000000000e+00       6.997899962749e-17       1.013619257885e-17       1.675378224366e-18 
 2825       4.388621152766e-12       1.874794596384e-13      -9.049723133764e-14       0.000000000000e+00       6.985409963844e-17       1.007127020171e-17       1.674382530361e-18 
 2826       4.368852261242e-12       1.880255443556e-13      -9.158198850411e-14       0.000000000000e+00       6.972944267003e-17       1.000675012405e-17       1.672967856297e-18 
 2827       4.349273988287e-12       1.885643665942e-13      -9.271654121889e-14       0.000000000000e+00       6.960502816491e-17       9.942606895331e-18       1.671139776132e-18 
 2828       4.329888904083e-12       1.890955492002e-13      -9.389995687272e-14       0.000000000000e+00       6.948085556240e-17       9.878814990889e-18       1.668903881482e-18 
 2829       4.310699585130e-12       1.896187139872e-13      -9.513129999830e-14       0.000000000000e+00       6.935692429850e-17       9.815348811869e-18       1.666265781628e-18 
 2830       4.291708614256e-12       1.901334817358e-13      -9.640963226775e-14       0.000000000000e+00       6.923323380584e-17       9.752182685150e-18       1.663231103542e-18 
 2831       4.272918580617e-12       1.906394721924e-13      -9.773401249002e-14       0.000000000000e+00       6.910978351371e-17       9.689290863287e-18       1.659805491896e-18 
 2832       4.254332079707e-12       1.911363040686e-13      -9.910349660827e-14       0.000000000000e+00       6.898657284807e-17       9.626647524436e-18       1.655994609083e-18 
 2833       4.235951713359e-12       1.916235950402e-13      -1.005171376973e-13       0.000000000000e+00       6.886360123150e-17       9.564226772297e-18       1.651804135227e-18 
 2834       4.217780089755e-12       1.921009617460e-13      -1.019739859610e-13       0.000000000000e+00       6.874086808324e-17       9.502002636041e-18       1.647239768207e-18 
 2835       4.199819823427e-12       1.925680197873e-13      -1.034730887296e-13       0.000000000000e+00       6.861837281916e-17       9.439949070245e-18       1.642307223667e-18 
 2836       4.182073535265e-12       1.930243837269e-13      -1.050134904573e-13       0.000000000000e+00       6.849611485178e-17       9.378039954831e-18       1.637012235036e-18 
 2837       4.164543852522e-12       1.934696670881e-13      -1.065942327197e-13       0.000000000000e+00       6.837409359023e-17       9.316249094993e-18       1.631360553540e-18 
 2838       4.147233408817e-12       1.939034823537e-13      -1.082143542107e-13       0.000000000000e+00       6.825230844030e-17       9.254550221133e-18       1.625357948224e-18 
 2839       4.130144844142e-12       1.943254409655e-13      -1.098728907407e-13       0.000000000000e+00       6.813075880438e-17       9.192916988799e-18       1.619010205962e-18 
 2840       4.113280804870e-12       1.947351533229e-13      -1.115688752335e-13       0.000000000000e+00       6.800944408148e-17       9.131322978611e-18       1.612323131477e-18 
 2841       4.096643943754e-12       1.951322287824e-13      -1.133013377236e-13       0.000000000000e+00       6.788836366725e-17       9.069741696202e-18       1.605302547356e-18 
 2842       4.080236919939e-12       1.955162756563e-13      -1.150693053541e-13       0.000000000000e+00       6.776751695394e-17       9.008146572147e-18       1.597954294067e-18 
 2843       4.064062398962e-12       1.958869012124e-13      -1.168718023738e-13       0.000000000000e+00       6.764690333041e-17       8.946510961901e-18       1.590284229974e-18 
 2844       4.048122409278e-12       1.962437686073e-13      -1.187078318700e-13       0.000000000000e+00       6.752652221653e-17       8.884816178367e-18       1.582299433115e-18 
 2845       4.032416408197e-12       1.965867680107e-13      -1.205763208705e-13       0.000000000000e+00       6.740637316662e-17       8.823075634942e-18       1.574011813256e-18 
 2846       4.016943206000e-12       1.969158463608e-13      -1.224761749537e-13       0.000000000000e+00       6.728645576648e-17       8.761310826668e-18       1.565434518474e-18 
 2847       4.001701608507e-12       1.972309505096e-13      -1.244062964849e-13       0.000000000000e+00       6.716676959915e-17       8.699543308939e-18       1.556580735111e-18 
 2848       3.986690417076e-12       1.975320272224e-13      -1.263655846130e-13       0.000000000000e+00       6.704731424480e-17       8.637794697555e-18       1.547463687813e-18 
 2849       3.971908428598e-12       1.978190231781e-13      -1.283529352683e-13       0.000000000000e+00       6.692808928079e-17       8.576086668771e-18       1.538096639564e-18 
 2850       3.957354435492e-12       1.980918849693e-13      -1.303672411590e-13       0.000000000000e+00       6.680909428165e-17       8.514440959354e-18       1.528492891718e-18 
 2851       3.943027225703e-12       1.983505591018e-13      -1.324073917688e-13       0.000000000000e+00       6.669032881907e-17       8.452879366634e-18       1.518665784034e-18 
 2852       3.928925582696e-12       1.985949919946e-13      -1.344722733535e-13       0.000000000000e+00       6.657179246191e-17       8.391423748557e-18       1.508628694709e-18 
 2853       3.915048285450e-12       1.988251299803e-13      -1.365607689389e-13       0.000000000000e+00       6.645348477619e-17       8.330096023740e-18       1.498395040415e-18 
 2854       3.901394108458e-12       1.990409193045e-13      -1.386717583172e-13       0.000000000000e+00       6.633540532508e-17       8.268918171518e-18       1.487978276329e-18 
 2855       3.887961821718e-12       1.992423061261e-13      -1.408041180446e-13       0.000000000000e+00       6.621755366889e-17       8.207912232006e-18       1.477391896169e-18 
 2856       3.874750190735e-12       1.994292365172e-13      -1.429567214382e-13       0.000000000000e+00       6.609992936512e-17       8.147100306144e-18       1.466649432228e-18 
 2857       3.861757976509e-12       1.996016564626e-13      -1.451284385734e-13       0.000000000000e+00       6.598253196838e-17       8.086504555753e-18       1.455764455408e-18 
 2858       3.848983935538e-12       1.997595118606e-13      -1.473181362808e-13       0.000000000000e+00       6.586536103044e-17       8.026147203590e-18       1.444750575254e-18 
 2859       3.836426819807e-12       1.999027485220e-13      -1.495246781433e-13       0.000000000000e+00       6.574841610021e-17       7.966050533396e-18       1.433621439987e-18 
 2860       3.824085376790e-12       2.000313121707e-13      -1.517469244935e-13       0.000000000000e+00       6.563169672375e-17       7.906236889954e-18       1.422390736539e-18 
 2861       3.811958349442e-12       2.001451484435e-13      -1.539837324105e-13       0.000000000000e+00       6.551520244422e-17       7.846728679139e-18       1.411072190588e-18 
 2862       3.800044476196e-12       2.002442028898e-13      -1.562339557176e-13       0.000000000000e+00       6.539893280196e-17       7.787548367972e-18       1.399679566587e-18 
 2863       3.788342490957e-12       2.003284209719e-13      -1.584964449787e-13       0.000000000000e+00       6.528288733440e-17       7.728718484671e-18       1.388226667806e-18 
 2864       3.776851123102e-12       2.003977480645e-13      -1.607700474960e-13       0.000000000000e+00       6.516706557611e-17       7.670261618707e-18       1.376727336360e-18 
 2865       3.765569097470e-12       2.004521294552e-13      -1.630536073068e-13       0.000000000000e+00       6.505146705879e-17       7.612200420855e-18       1.365195453243e-18 
 2866       3.754495134363e-12       2.004915103439e-13      -1.653459651811e-13       0.000000000000e+00       6.493609131125e-17       7.554557603247e-18       1.353644938365e-18 
 2867       3.743627949537e-12       2.005158358431e-13      -1.676459586180e-13       0.000000000000e+00       6.482093785943e-17       7.497355939426e-18       1.342089750586e-18 
 2868       3.732966254203e-12       2.005250509778e-13      -1.699524218436e-13       0.000000000000e+00       6.470600622636e-17       7.440618264399e-18       1.330543887747e-18 
 2869       3.722508755017e-12       2.005191006853e-13      -1.722641858078e-13       0.000000000000e+00       6.459129593220e-17       7.384367474686e-18       1.319021386705e-18 
 2870       3.712254154082e-12       2.004979298151e-13      -1.745800781811e-13       0.000000000000e+00       6.447680649421e-17       7.328626528379e-18       1.307536323368e-18 
 2871       3.702201148937e-12       2.004614831291e-13      -1.768989233526e-13       0.000000000000e+00       6.436253742676e-17       7.273418445192e-18       1.296102812730e-18 
 2872       3.692348432559e-12       2.004097053014e-13      -1.792195424262e-13       0.000000000000e+00       6.424848824133e-17       7.218766306512e-18       1.284735008901e-18 
 2873       3.682694693354e-12       2.003425409181e-13      -1.815407532183e-13       0.000000000000e+00       6.413465844646e-17       7.164693255456e-18       1.273447105146e-18 
 2874       3.673238615155e-12       2.002599344777e-13      -1.838613702549e-13       0.000000000000e+00       6.402104754784e-17       7.111222496920e-18       1.262253333915e-18 
 2875       3.663978877218e-12       2.001618303903e-13      -1.861802047686e-13       0.000000000000e+00       6.390765504820e-17       7.058377297635e-18       1.251167966878e-18 
 2876       3.654914154218e-12       2.000481729783e-13      -1.884960646958e-13       0.000000000000e+00       6.379448044741e-17       7.006180986218e-18       1.240205314961e-18 
 2877       3.646043116241e-12       1.999189064759e-13      -1.908077546736e-13       0.000000000000e+00       6.368152324237e-17       6.954656953227e-18       1.229379728378e-18 
 2878       3.637364428786e-12       1.997739750291e-13      -1.931140760375e-13       0.000000000000e+00       6.356878292712e-17       6.903828651211e-18       1.218705596664e-18 
 2879       3.628876752754e-12       1.996133226959e-13      -1.954138268181e-13       0.000000000000e+00       6.345625899274e-17       6.853719594765e-18       1.208197348711e-18 
 2880       3.620578744451e-12       1.994368934457e-13      -1.977058017381e-13       0.000000000000e+00       6.334395092741e-17       6.804353360582e-18       1.197869452804e-18 
 2881       3.612469055578e-12       1.992446311600e-13      -1.999887922100e-13       0.000000000000e+00       6.323185821636e-17       6.755753587507e-18       1.187736416648e-18 
 2882       3.604546333226e-12       1.990364796315e-13      -2.022615863327e-13       0.000000000000e+00       6.311998034191e-17       6.707943976590e-18       1.177812787409e-18 
 2883       3.596809219880e-12       1.988123825648e-13      -2.045229688891e-13       0.000000000000e+00       6.300831678344e-17       6.660948291137e-18       1.168113151745e-18 
 2884       3.589256353404e-12       1.985722835759e-13      -2.067717213427e-13       0.000000000000e+00       6.289686701741e-17       6.614790356764e-18       1.158652135840e-18 
 2885       3.581886367044e-12       1.983161261923e-13      -2.090066218353e-13       0.000000000000e+00       6.278563051732e-17       6.569494061451e-18       1.149444405438e-18 
 2886       3.574697889423e-12       1.980438538527e-13      -2.112264451837e-13       0.000000000000e+00       6.267460675373e-17       6.525083355594e-18       1.140504665879e-18 
 2887       3.567689544533e-12       1.977554099073e-13      -2.134299628771e-13       0.000000000000e+00       6.256379519428e-17       6.481582252057e-18       1.131847662128e-18 
 2888       3.560859951734e-12       1.974507376177e-13      -2.156159430741e-13       0.000000000000e+00       6.245319530364e-17       6.439014826227e-18       1.123488178815e-18 
 2889       3.554207725749e-12       1.971297801565e-13      -2.177831506000e-13       0.000000000000e+00       6.234280654352e-17       6.397405216066e-18       1.115441040266e-18 
 2890       3.547731476660e-12       1.967924806076e-13      -2.199303469438e-13       0.000000000000e+00       6.223262837271e-17       6.356777622162e-18       1.107721110535e-18 
 2891       3.541429809903e-12       1.964387819660e-13      -2.220562902552e-13       0.000000000000e+00       6.212266024702e-17       6.317156307786e-18       1.100343293443e-18 
 2892       3.535301326264e-12       1.960686271376e-13      -2.241597353422e-13       0.000000000000e+00       6.201290161930e-17       6.278565598941e-18       1.093322532608e-18 
 2893       3.529344365275e-12       1.956820027984e-13      -2.262395662576e-13       0.000000000000e+00       6.190335197398e-17       6.241023297136e-18       1.086668607934e-18 
 2894       3.523556234003e-12       1.952790712132e-13      -2.282951947993e-13       0.000000000000e+00       6.179401093083e-17       6.204520881160e-18       1.080370496239e-18 
 2895       3.517933974344e-12       1.948600390838e-13      -2.303261640222e-13       0.000000000000e+00       6.168487814173e-17       6.169043205186e-18       1.074411931519e-18 
 2896       3.512474619268e-12       1.944251137517e-13      -2.323320158299e-13       0.000000000000e+00       6.157595325615e-17       6.134575076903e-18       1.068776601265e-18 
 2897       3.507175192806e-12       1.939745031979e-13      -2.343122909746e-13       0.000000000000e+00       6.146723592114e-17       6.101101257479e-18       1.063448146422e-18 
 2898       3.502032710046e-12       1.935084160443e-13      -2.362665290553e-13       0.000000000000e+00       6.135872578138e-17       6.068606461517e-18       1.058410161345e-18 
 2899       3.497044177121e-12       1.930270615539e-13      -2.381942685175e-13       0.000000000000e+00       6.125042247913e-17       6.037075357014e-18       1.053646193762e-18 
 2900       3.492206591202e-12       1.925306496313e-13      -2.400950466521e-13       0.000000000000e+00       6.114232565424e-17       6.006492565319e-18       1.049139744733e-18 
 2901       3.487516940493e-12       1.920193908232e-13      -2.419683995940e-13       0.000000000000e+00       6.103443494414e-17       5.976842661093e-18       1.044874268608e-18 
 2902       3.482972204218e-12       1.914934963194e-13      -2.438138623217e-13       0.000000000000e+00       6.092674998387e-17       5.948110172266e-18       1.040833172987e-18 
 2903       3.478569352620e-12       1.909531779531e-13      -2.456309686562e-13       0.000000000000e+00       6.081927040602e-17       5.920279579995e-18       1.036999818680e-18 
 2904       3.474305346946e-12       1.903986482011e-13      -2.474192512596e-13       0.000000000000e+00       6.071199584079e-17       5.893335318628e-18       1.033357519665e-18 
 2905       3.470177139443e-12       1.898301201852e-13      -2.491782416349e-13       0.000000000000e+00       6.060492591595e-17       5.867261775653e-18       1.029889543048e-18 
 2906       3.466181673350e-12       1.892478076721e-13      -2.509074701243e-13       0.000000000000e+00       6.049806025684e-17       5.842043291664e-18       1.026579109024e-18 
 2907       3.462315882888e-12       1.886519250741e-13      -2.526064659088e-13       0.000000000000e+00       6.039139848638e-17       5.817664160317e-18       1.023409390834e-18 
 2908       3.458576693254e-12       1.880426874500e-13      -2.542747570070e-13       0.000000000000e+00       6.028494022505e-17       5.794108628291e-18       1.020363514727e-18 
 2909       3.454961020613e-12       1.874203105052e-13      -2.559118702738e-13       0.000000000000e+00       6.017868509092e-17       5.771360895239e-18       1.017424559916e-18 
 2910       3.451465772089e-12       1.867850105925e-13      -2.575173314003e-13       0.000000000000e+00       6.007263269960e-17       5.749405113757e-18       1.014575558539e-18 
 2911       3.448087845757e-12       1.861370047129e-13      -2.590906649120e-13       0.000000000000e+00       5.996678266428e-17       5.728225389335e-18       1.011799495621e-18 
 2912       3.444824130637e-12       1.854765105157e-13      -2.606313941684e-13       0.000000000000e+00       5.986113459571e-17       5.707805780318e-18       1.009079309028e-18 
 2913       3.441671506682e-12       1.848037462995e-13      -2.621390413614e-13       0.000000000000e+00       5.975568810219e-17       5.688130297863e-18       1.006397889433e-18 
 2914       3.438626844777e-12       1.841189310124e-13      -2.636131275152e-13       0.000000000000e+00       5.965044278957e-17       5.669182905901e-18       1.003738080270e-18 
 2915       3.435687006724e-12       1.834222842529e-13      -2.650531724848e-13       0.000000000000e+00       5.954539826126e-17       5.650947521094e-18       1.001082677693e-18 
 2916       3.432848845237e-12       1.827140262702e-13      -2.664586949548e-13       0.000000000000e+00       5.944055411824e-17       5.633408012789e-18       9.984144305423e-19 
 2917       3.430109203934e-12       1.819943779651e-13      -2.678292124392e-13       0.000000000000e+00       5.933590995900e-17       5.616548202985e-18       9.957160402957e-19 
 2918       3.427464917331e-12       1.812635608901e-13      -2.691642412797e-13       0.000000000000e+00       5.923146537961e-17       5.600351866283e-18       9.929701610329e-19 
 2919       3.424912810829e-12       1.805217972504e-13      -2.704632966452e-13       0.000000000000e+00       5.912721997365e-17       5.584802729851e-18       9.901593993932e-19 
 2920       3.422449700713e-12       1.797693099044e-13      -2.717258925307e-13       0.000000000000e+00       5.902317333226e-17       5.569884473380e-18       9.872663145351e-19 
 2921       3.420072394136e-12       1.790063223641e-13      -2.729515417563e-13       0.000000000000e+00       5.891932504413e-17       5.555580729041e-18       9.842734180961e-19 
 2922       3.417777689118e-12       1.782330587955e-13      -2.741397559661e-13       0.000000000000e+00       5.881567469544e-17       5.541875081445e-18       9.811631741512e-19 
 2923       3.415562374536e-12       1.774497440198e-13      -2.752900456277e-13       0.000000000000e+00       5.871222186996e-17       5.528751067604e-18       9.779179991734e-19 
 2924       3.413423230114e-12       1.766566035135e-13      -2.764019200307e-13       0.000000000000e+00       5.860896614894e-17       5.516192176883e-18       9.745202619922e-19 
 2925       3.411357026416e-12       1.758538634090e-13      -2.774748872862e-13       0.000000000000e+00       5.850590711118e-17       5.504181850966e-18       9.709522837536e-19 
 2926       3.409360524840e-12       1.750417504952e-13      -2.785084543254e-13       0.000000000000e+00       5.840304433301e-17       5.492703483811e-18       9.671963378791e-19 
 2927       3.407430477609e-12       1.742204922181e-13      -2.795021268991e-13       0.000000000000e+00       5.830037738827e-17       5.481740421605e-18       9.632346500255e-19 
 2928       3.405563627762e-12       1.733903166817e-13      -2.804554095763e-13       0.000000000000e+00       5.819790584832e-17       5.471275962731e-18       9.590493980438e-19 
 2929       3.403756709145e-12       1.725514526478e-13      -2.813678057436e-13       0.000000000000e+00       5.809562928203e-17       5.461293357718e-18       9.546227119390e-19 
 2930       3.402006446409e-12       1.717041295372e-13      -2.822388176039e-13       0.000000000000e+00       5.799354725582e-17       5.451775809205e-18       9.499366738294e-19 
 2931       3.400309554995e-12       1.708485774303e-13      -2.830679461759e-13       0.000000000000e+00       5.789165933357e-17       5.442706471896e-18       9.449733179060e-19 
 2932       3.398662741129e-12       1.699850270672e-13      -2.838546912926e-13       0.000000000000e+00       5.778996507670e-17       5.434068452522e-18       9.397146303917e-19 
 2933       3.397062701816e-12       1.691137098486e-13      -2.845985516008e-13       0.000000000000e+00       5.768846404414e-17       5.425844809797e-18       9.341425495010e-19 
 2934       3.395506124828e-12       1.682348578364e-13      -2.852990245599e-13       0.000000000000e+00       5.758715579231e-17       5.418018554378e-18       9.282389653994e-19 
 2935       3.393989688699e-12       1.673487037541e-13      -2.859556064407e-13       0.000000000000e+00       5.748603987513e-17       5.410572648820e-18       9.219857201623e-19 
 2936       3.392510062718e-12       1.664554809874e-13      -2.865677923253e-13       0.000000000000e+00       5.738511584403e-17       5.403490007541e-18       9.153646077353e-19 
 2937       3.391063906918e-12       1.655554235851e-13      -2.871350761050e-13       0.000000000000e+00       5.728438324793e-17       5.396753496775e-18       9.083573738925e-19 
 2938       3.389647872068e-12       1.646487662590e-13      -2.876569504803e-13       0.000000000000e+00       5.718384163325e-17       5.390345934531e-18       9.009457161970e-19 
 2939       3.388258599668e-12       1.637357443852e-13      -2.881329069592e-13       0.000000000000e+00       5.708349054389e-17       5.384250090555e-18       8.931112839594e-19 
 2940       3.386892721941e-12       1.628165940040e-13      -2.885624358570e-13       0.000000000000e+00       5.698332952124e-17       5.378448686285e-18       8.848356781978e-19 
 2941       3.385546861821e-12       1.618915518213e-13      -2.889450262945e-13       0.000000000000e+00       5.688335810418e-17       5.372924394812e-18       8.761004515969e-19 
 2942       3.384217848018e-12       1.609608583813e-13      -2.892803192785e-13       0.000000000000e+00       5.678357584142e-17       5.367666461186e-18       8.668947183002e-19 
 2943       3.382903361378e-12       1.600247676052e-13      -2.895685677754e-13       0.000000000000e+00       5.668398232854e-17       5.362690599427e-18       8.572380247538e-19 
 2944       3.381601291727e-12       1.590835373012e-13      -2.898101789257e-13       0.000000000000e+00       5.658457717114e-17       5.358019194486e-18       8.471575926400e-19 
 2945       3.380309523083e-12       1.581374259971e-13      -2.900055611727e-13       0.000000000000e+00       5.648535997248e-17       5.353674690943e-18       8.366807194509e-19 
 2946       3.379025933654e-12       1.571866929403e-13      -2.901551242634e-13       0.000000000000e+00       5.638633033350e-17       5.349679593056e-18       8.258347785530e-19 
 2947       3.377748395835e-12       1.562315980989e-13      -2.902592792498e-13       0.000000000000e+00       5.628748785282e-17       5.346056464810e-18       8.146472192521e-19 
 2948       3.376474776199e-12       1.552724021618e-13      -2.903184384898e-13       0.000000000000e+00       5.618883212672e-17       5.342827929973e-18       8.031455668585e-19 
 2949       3.375202935497e-12       1.543093665398e-13      -2.903330156489e-13       0.000000000000e+00       5.609036274914e-17       5.340016672139e-18       7.913574227515e-19 
 2950       3.373930728647e-12       1.533427533659e-13      -2.903034257009e-13       0.000000000000e+00       5.599207931172e-17       5.337645434782e-18       7.793104644444e-19 
 2951       3.372656004736e-12       1.523728254961e-13      -2.902300849292e-13       0.000000000000e+00       5.589398140373e-17       5.335737021308e-18       7.670324456492e-19 
 2952       3.371376607008e-12       1.513998465098e-13      -2.901134109280e-13       0.000000000000e+00       5.579606861210e-17       5.334314295102e-18       7.545511963418e-19 
 2953       3.370090372863e-12       1.504240807107e-13      -2.899538226032e-13       0.000000000000e+00       5.569834052143e-17       5.333400179578e-18       7.418946228268e-19 
 2954       3.368795133855e-12       1.494457931273e-13      -2.897517401741e-13       0.000000000000e+00       5.560079671399e-17       5.333017658232e-18       7.290907078021e-19 
 2955       3.367488715679e-12       1.484652495132e-13      -2.895075851741e-13       0.000000000000e+00       5.550343676966e-17       5.333189774692e-18       7.161675104239e-19 
 2956       3.366168938173e-12       1.474827163482e-13      -2.892217804521e-13       0.000000000000e+00       5.540626026602e-17       5.333939632765e-18       7.031531663717e-19 
 2957       3.364833615310e-12       1.464984608388e-13      -2.888947501733e-13       0.000000000000e+00       5.530926677826e-17       5.335290396491e-18       6.900758879131e-19 
 2958       3.363480555193e-12       1.455127509186e-13      -2.885269198210e-13       0.000000000000e+00       5.521245587924e-17       5.337265290193e-18       6.769639639686e-19 
 2959       3.362107560054e-12       1.445258552490e-13      -2.881187161972e-13       0.000000000000e+00       5.511582713945e-17       5.339887598523e-18       6.638457601765e-19 
 2960       3.360712426241e-12       1.435380432200e-13      -2.876705674238e-13       0.000000000000e+00       5.501938012702e-17       5.343180666517e-18       6.507497189579e-19 
 2961       3.359292944221e-12       1.425495849505e-13      -2.871829029442e-13       0.000000000000e+00       5.492311440774e-17       5.347167899644e-18       6.377043595812e-19 
 2962       3.357846898572e-12       1.415607512892e-13      -2.866561535241e-13       0.000000000000e+00       5.482702954501e-17       5.351872763856e-18       6.247382782275e-19 
 2963       3.356372067976e-12       1.405718138151e-13      -2.860907512525e-13       0.000000000000e+00       5.473112509987e-17       5.357318785637e-18       6.118801480550e-19 
 2964       3.354866225217e-12       1.395830448381e-13      -2.854871295436e-13       0.000000000000e+00       5.463540063101e-17       5.363529552056e-18       5.991587192642e-19 
 2965       3.353327137175e-12       1.385947173996e-13      -2.848457231368e-13       0.000000000000e+00       5.453985569472e-17       5.370528710814e-18       5.866028191625e-19 
 2966       3.351752564822e-12       1.376071052732e-13      -2.841669680992e-13       0.000000000000e+00       5.444448984495e-17       5.378339970298e-18       5.742413522294e-19 
 2967       3.350140263215e-12       1.366204829653e-13      -2.834513018255e-13       0.000000000000e+00       5.434930263324e-17       5.386987099626e-18       5.621033001809e-19 
 2968       3.348487981492e-12       1.356351257156e-13      -2.826991630402e-13       0.000000000000e+00       5.425429360877e-17       5.396493928705e-18       5.502177220349e-19 
 2969       3.346793462868e-12       1.346513094978e-13      -2.819109917979e-13       0.000000000000e+00       5.415946231835e-17       5.406884348273e-18       5.386137541755e-19 
 2970       3.345054444630e-12       1.336693110202e-13      -2.810872294852e-13       0.000000000000e+00       5.406480830639e-17       5.418182309956e-18       5.273206104186e-19 
 2971       3.343268658129e-12       1.326894077264e-13      -2.802283188215e-13       0.000000000000e+00       5.397033111491e-17       5.430411826313e-18       5.163675820759e-19 
 2972       3.341433828780e-12       1.317118777958e-13      -2.793347038598e-13       0.000000000000e+00       5.387603028356e-17       5.443596970889e-18       5.057840380205e-19 
 2973       3.339547676052e-12       1.307370001442e-13      -2.784068299889e-13       0.000000000000e+00       5.378190534960e-17       5.457761878267e-18       4.955994247515e-19 
 2974       3.337607913468e-12       1.297650544247e-13      -2.774451439332e-13       0.000000000000e+00       5.368795584787e-17       5.472930744114e-18       4.858432664586e-19 
 2975       3.335612248595e-12       1.287963210276e-13      -2.764500937552e-13       0.000000000000e+00       5.359418131085e-17       5.489127825235e-18       4.765451650875e-19 
 2976       3.333558383045e-12       1.278310810821e-13      -2.754221288557e-13       0.000000000000e+00       5.350058126860e-17       5.506377439619e-18       4.677348004044e-19 
 2977       3.331444012462e-12       1.268696164559e-13      -2.743616999753e-13       0.000000000000e+00       5.340715524879e-17       5.524703966496e-18       4.594419300610e-19 
 2978       3.329266826526e-12       1.259122097564e-13      -2.732692591957e-13       0.000000000000e+00       5.331390277668e-17       5.544131846381e-18       4.516963896590e-19 
 2979       3.327024508941e-12       1.249591443311e-13      -2.721452599405e-13       0.000000000000e+00       5.322082337515e-17       5.564685581125e-18       4.445280928159e-19 
 2980       3.324714737434e-12       1.240107042682e-13      -2.709901569769e-13       0.000000000000e+00       5.312791656463e-17       5.586389733971e-18       4.379670312288e-19 
 2981       3.322335183749e-12       1.230671743975e-13      -2.698044064162e-13       0.000000000000e+00       5.303518186318e-17       5.609268929596e-18       4.320432747399e-19 
 2982       3.319883513641e-12       1.221288402905e-13      -2.685884657157e-13       0.000000000000e+00       5.294261878643e-17       5.633347854168e-18       4.267869714012e-19 
 2983       3.317357386874e-12       1.211959882616e-13      -2.673427936790e-13       0.000000000000e+00       5.285022684760e-17       5.658651255393e-18       4.222283475394e-19 
 2984       3.314754457210e-12       1.202689053681e-13      -2.660678504579e-13       0.000000000000e+00       5.275800555749e-17       5.685203942564e-18       4.183977078208e-19 
 2985       3.312072372412e-12       1.193478794114e-13      -2.647640975534e-13       0.000000000000e+00       5.266595442448e-17       5.713030786617e-18       4.153254353158e-19 
 2986       3.309308774234e-12       1.184331989373e-13      -2.634319978164e-13       0.000000000000e+00       5.257407295454e-17       5.742156720175e-18       4.130419915646e-19 
 2987       3.306461298415e-12       1.175251532367e-13      -2.620720154496e-13       0.000000000000e+00       5.248236065121e-17       5.772606737600e-18       4.115779166412e-19 
 2988       3.303527574680e-12       1.166240323460e-13      -2.606846160080e-13       0.000000000000e+00       5.239081701560e-17       5.804405895045e-18       4.109638292186e-19 
 2989       3.300505226729e-12       1.157301270480e-13      -2.592702664004e-13       0.000000000000e+00       5.229944154639e-17       5.837579310506e-18       4.112304266340e-19 
 2990       3.297391872233e-12       1.148437288725e-13      -2.578294348905e-13       0.000000000000e+00       5.220823373984e-17       5.872152163864e-18       4.124084849530e-19 
 2991       3.294186312601e-12       1.139649822040e-13      -2.563623119318e-13       0.000000000000e+00       5.211719366658e-17       5.908137612726e-18       4.145132665142e-19 
 2992       3.290892108643e-12       1.130934398124e-13      -2.548679711755e-13       0.000000000000e+00       5.202632370511e-17       5.945500475170e-18       4.174976590206e-19 
 2993       3.287514022403e-12       1.122285051469e-13      -2.533452043567e-13       0.000000000000e+00       5.193562681682e-17       5.984193369252e-18       4.212988071052e-19 
 2994       3.284056828995e-12       1.113695800301e-13      -2.517928000845e-13       0.000000000000e+00       5.184510596991e-17       6.024168780967e-18       4.258536838654e-19 
 2995       3.280525316611e-12       1.105160646564e-13      -2.502095438397e-13       0.000000000000e+00       5.175476413940e-17       6.065379064131e-18       4.310990907190e-19 
 2996       3.276924286534e-12       1.096673575906e-13      -2.485942179721e-13       0.000000000000e+00       5.166460430717e-17       6.107776440273e-18       4.369716572598e-19 
 2997       3.273258553148e-12       1.088228557665e-13      -2.469456016980e-13       0.000000000000e+00       5.157462946194e-17       6.151312998524e-18       4.434078411136e-19 
 2998       3.269532943951e-12       1.079819544858e-13      -2.452624710974e-13       0.000000000000e+00       5.148484259925e-17       6.195940695499e-18       4.503439277935e-19 
 2999       3.265752299564e-12       1.071440474165e-13      -2.435435991117e-13       0.000000000000e+00       5.139524672154e-17       6.241611355195e-18       4.577160305563e-19 
 3000       3.261921473739e-12       1.063085265915e-13      -2.417877555412e-13       0.000000000000e+00       5.130584483807e-17       6.288276668870e-18       4.654600902581e-19 
