# dimensionless total lensed [l(l+1)/2pi] C_l's
# for l=2 to 2500, i.e. number of multipoles equal to 2499
#
# -> if you prefer output in CAMB/HealPix/LensPix units/order, set 'format' to 'camb' in input file
# -> if you don't want to see such a header, set 'headers' to 'no' in input file
#
# 1:l     2:TT                     3:EE                     4:TE                     5:BB                     6:phiphi                 7:TPhi                   8:Ephi               
    2       1.494306029961e-10       7.289055465525e-15       4.813069921391e-13       2.391725651187e-19       8.899650915393e-09       4.878506545349e-10      -2.508514717918e-12 
    3       1.408207969106e-10       1.233788833306e-14       6.052796076932e-13       4.785751976641e-19       5.431374004403e-09       3.466556784040e-10      -2.206662565569e-12 
    4       1.323538518715e-10       1.440401120426e-14       6.260868851455e-13       7.981285394213e-19       3.759177533415e-09       2.634186267705e-10      -1.760161378801e-12 
    5       1.256492239213e-10       1.332088994089e-14       5.863164362190e-13       1.198117249052e-18       2.796936566715e-09       2.087947023124e-10      -1.306443583053e-12 
    6       1.207103639716e-10       1.027926461332e-14       5.159483726898e-13       1.678878865333e-18       2.179019431629e-09       1.703536298561e-10      -8.927258087465e-13 
    7       1.172403409981e-10       6.814063320002e-15       4.353419704740e-13       2.240792692215e-18       1.753900323423e-09       1.419996445260e-10      -5.430635541789e-13 
    8       1.149189678972e-10       4.028283361763e-15       3.567464328194e-13       2.884267478598e-18       1.446439817833e-09       1.203420901632e-10      -2.681960369967e-13 
    9       1.135021677876e-10       2.330871761885e-15       2.874034557896e-13       3.609728378179e-18       1.215618898674e-09       1.033480778053e-10      -6.976882822695e-14 
   10       1.127751765863e-10       1.570650041273e-15       2.313514023895e-13       4.417603701517e-18       1.037367408155e-09       8.975839610032e-11       5.751586824162e-14 
   11       1.125983731656e-10       1.347045685954e-15       1.902852527750e-13       5.308311978576e-18       8.886952080635e-10       7.949649555951e-11       1.232397419372e-13 
   12       1.128633315179e-10       1.290833217770e-15       1.638955243793e-13       6.282249835026e-18       7.765325951819e-10       7.027397112298e-11       1.420007168471e-13 
   13       1.134501655803e-10       1.204629622868e-15       1.504377987758e-13       7.339781150295e-18       6.844604505618e-10       6.273668631984e-11       1.275711371596e-13 
   14       1.142605438699e-10       1.060400870567e-15       1.473492875642e-13       8.481227911050e-18       6.078542928000e-10       5.620008389383e-11       9.267990016771e-14 
   15       1.153003482502e-10       9.178949918094e-16       1.516133205246e-13       9.706863102777e-18       5.433726132699e-10       5.073843351438e-11       4.955493299883e-14 
   16       1.165309106627e-10       8.383957564563e-16       1.602282911428e-13       1.101690589723e-17       4.885483371825e-10       4.610960264803e-11       7.280256459177e-15 
   17       1.178693584445e-10       8.392532780283e-16       1.707099056646e-13       1.241151929826e-17       4.415180461995e-10       4.211412700280e-11      -2.781561865512e-14 
   18       1.193111493601e-10       8.954650933631e-16       1.812551744674e-13       1.389081030676e-17       4.008525705998e-10       3.858670966692e-11      -5.223499145710e-14 
   19       1.208896854350e-10       9.675943327004e-16       1.906811851669e-13       1.545483256117e-17       3.654396204638e-10       3.543683472786e-11      -6.497758246728e-14 
   20       1.225373123607e-10       1.029626969552e-15       1.984582732517e-13       1.710359130806e-17       3.344040573930e-10       3.267140062582e-11      -6.688775266515e-14 
   21       1.242334726280e-10       1.080654043915e-15       2.046664210515e-13       1.883705046066e-17       3.070475907759e-10       3.022515039319e-11      -6.029340532733e-14 
   22       1.260429614794e-10       1.138986962133e-15       2.096226745439e-13       2.065514141738e-17       2.828077382703e-10       2.802472660030e-11      -4.824209613253e-14 
   23       1.278693934315e-10       1.227349966545e-15       2.138418779930e-13       2.255777323956e-17       2.612263762349e-10       2.601329272742e-11      -3.395380051975e-14 
   24       1.297686974146e-10       1.360174289610e-15       2.178791795706e-13       2.454484373155e-17       2.419279304063e-10       2.417103096411e-11      -2.032880533271e-14 
   25       1.316840929047e-10       1.539383725307e-15       2.222474953068e-13       2.661625092902e-17       2.246014311600e-10       2.253782701222e-11      -9.363923058284e-15 
   26       1.336581671815e-10       1.758328305473e-15       2.272914394761e-13       2.877190448446e-17       2.089874510384e-10       2.108815678750e-11      -2.266471147512e-15 
   27       1.357161574377e-10       2.008970329127e-15       2.329479633120e-13       3.101173644308e-17       1.948680691265e-10       1.977066368963e-11       6.404760162815e-16 
   28       1.377130341081e-10       2.286613247013e-15       2.392350125073e-13       3.333571092764e-17       1.820589950190e-10       1.855456776047e-11      -2.099164094846e-16 
   29       1.398216823498e-10       2.590648164812e-15       2.458144376909e-13       3.574383229586e-17       1.704036219932e-10       1.745120570854e-11      -3.838856002316e-15 
   30       1.419161669377e-10       2.922294534904e-15       2.521603070353e-13       3.823615139772e-17       1.597681318904e-10       1.644700594695e-11      -9.194470862548e-15 
   31       1.440324731152e-10       3.281686085771e-15       2.579606501149e-13       4.081276963882e-17       1.500392087254e-10       1.551890068851e-11      -1.513632893578e-14 
   32       1.462679549602e-10       3.666693621974e-15       2.625456081416e-13       4.347384064773e-17       1.411175815550e-10       1.468501890063e-11      -2.020724785256e-14 
   33       1.484090468399e-10       4.073727845672e-15       2.656508837035e-13       4.621956944552e-17       1.329170154753e-10       1.391658547084e-11      -2.354884084889e-14 
   34       1.506518192733e-10       4.500493104224e-15       2.670451406501e-13       4.905020912045e-17       1.253621797898e-10       1.319980392747e-11      -2.478941375499e-14 
   35       1.529273963312e-10       4.948278627982e-15       2.663211631645e-13       5.196605511646e-17       1.183890606621e-10       1.248392838309e-11      -2.448019979656e-14 
   36       1.551426625366e-10       5.421629332984e-15       2.638080715864e-13       5.496743734517e-17       1.119405480587e-10       1.185258895249e-11      -2.231621192526e-14 
   37       1.574984892808e-10       5.926045999288e-15       2.596028184336e-13       5.805471042464e-17       1.059656225988e-10       1.129407933977e-11      -1.877597870757e-14 
   38       1.598148834871e-10       6.465729604821e-15       2.537427054807e-13       6.122824242946e-17       1.004195469959e-10       1.074563598594e-11      -1.494506050046e-14 
   39       1.621425812157e-10       7.043296950620e-15       2.465756295362e-13       6.448840260257e-17       9.526425783012e-11       1.021548704508e-11      -1.143475791362e-14 
   40       1.645696246954e-10       7.659730259958e-15       2.380130036952e-13       6.783554852763e-17       9.046407931510e-11       9.748024958755e-12      -8.336711729935e-15 
   41       1.669189938219e-10       8.314450958114e-15       2.282902828009e-13       7.127001328790e-17       8.598732747238e-11       9.315719249922e-12      -6.257902012073e-15 
   42       1.693480104998e-10       9.006472580009e-15       2.176859130717e-13       7.479209314463e-17       8.180727070524e-11       8.886640483940e-12      -5.695324260228e-15 
   43       1.718519827515e-10       9.734880003933e-15       2.058605172407e-13       7.840203625234e-17       7.789864350361e-11       8.504464305137e-12      -5.880084223134e-15 
   44       1.742613252398e-10       1.049979037461e-14       1.927914631689e-13       8.210003289175e-17       7.423842638275e-11       8.141116960175e-12      -6.858748651751e-15 
   45       1.767485722091e-10       1.130250453476e-14       1.784361277902e-13       8.588620764504e-17       7.080756406938e-11       7.783632941864e-12      -8.632161699656e-15 
   46       1.792634268611e-10       1.214312966490e-14       1.624245472176e-13       8.976061612495e-17       6.758652678348e-11       7.467725758629e-12      -1.026991527289e-14 
   47       1.818013566596e-10       1.302118447149e-14       1.446506757045e-13       9.372323069088e-17       6.456120985601e-11       7.184044194578e-12      -1.146178550795e-14 
   48       1.843852408023e-10       1.393613103174e-14       1.250841525827e-13       9.777396307008e-17       6.171453416235e-11       6.908943206369e-12      -1.214234409357e-14 
   49       1.869821437868e-10       1.488792157747e-14       1.035872923612e-13       1.019126428965e-16       5.903464547447e-11       6.637410233238e-12      -1.228164848560e-14 
   50       1.895576821603e-10       1.587685796700e-14       8.002055285946e-14       1.061390365198e-16       5.650788605466e-11       6.371074136235e-12      -1.187055054463e-14 
   51       1.921593911299e-10       1.690432228591e-14       5.440325865650e-14       1.104528519625e-16       5.412441203497e-11       6.119204563442e-12      -1.093657115708e-14 
   52       1.948382475550e-10       1.797167630971e-14       2.683032909684e-14       1.148537444671e-16       5.187288579359e-11       5.890310597982e-12      -9.562908686088e-15 
   53       1.975437012769e-10       1.907852645813e-14      -2.506374862418e-15       1.193413402095e-16       4.974509226575e-11       5.677813116147e-12      -8.001527427860e-15 
   54       2.002170943408e-10       2.022405790173e-14      -3.342483611319e-14       1.239152298398e-16       4.773164260810e-11       5.472274531282e-12      -6.549090460615e-15 
   55       2.029132967315e-10       2.140815981236e-14      -6.598029128120e-14       1.285750105912e-16       4.582559941020e-11       5.274175853909e-12      -5.394057318962e-15 
   56       2.056958634804e-10       2.263070189979e-14      -1.002447856961e-13       1.333202667702e-16       4.401907277511e-11       5.086665749716e-12      -4.677837129700e-15 
   57       2.085093693993e-10       2.389074311520e-14      -1.360519579119e-13       1.381506245779e-16       4.230618163139e-11       4.912434914692e-12      -4.423841116665e-15 
   58       2.112871561088e-10       2.518732332911e-14      -1.732225524922e-13       1.430657215082e-16       4.068027819426e-11       4.752293889370e-12      -4.616856567977e-15 
   59       2.140818198342e-10       2.652076018019e-14      -2.118687743480e-13       1.480652670413e-16       3.913632965835e-11       4.599416550533e-12      -5.227364393602e-15 
   60       2.169581318655e-10       2.789171006352e-14      -2.521668496761e-13       1.531490042595e-16       3.766868019374e-11       4.446490779287e-12      -6.180266786575e-15 
   61       2.198727953845e-10       2.930064354729e-14      -2.941726149520e-13       1.583167682760e-16       3.627303171954e-11       4.295998805352e-12      -7.241771344414e-15 
   62       2.227697474475e-10       3.074770985527e-14      -3.379132702458e-13       1.635684449388e-16       3.494458341536e-11       4.152673250413e-12      -8.154931806402e-15 
   63       2.256852440571e-10       3.223182577175e-14      -3.834273834027e-13       1.689040193585e-16       3.367963892659e-11       4.018449305730e-12      -8.826967643620e-15 
   64       2.286663692879e-10       3.375163742976e-14      -4.307486741475e-13       1.743235367042e-16       3.247409273051e-11       3.893685053151e-12      -9.218318695898e-15 
   65       2.316859202078e-10       3.530645214865e-14      -4.798688623563e-13       1.798271333292e-16       3.132479327995e-11       3.775259331119e-12      -9.337202612551e-15 
   66       2.347063808186e-10       3.689563453979e-14      -5.307661727870e-13       1.854150067441e-16       3.022822192754e-11       3.659664809529e-12      -9.214304075227e-15 
   67       2.377451687977e-10       3.851815425259e-14      -5.834172374507e-13       1.910874286960e-16       2.918147829351e-11       3.547064223087e-12      -8.910642009285e-15 
   68       2.408293007052e-10       4.017284655992e-14      -6.377889540752e-13       1.968447223832e-16       2.818143521051e-11       3.438507841949e-12      -8.506469495454e-15 
   69       2.439573947980e-10       4.185866250591e-14      -6.938163760212e-13       2.026872431306e-16       2.722607151754e-11       3.334548993643e-12      -8.108279458462e-15 
   70       2.471191638501e-10       4.357452479918e-14      -7.514197859620e-13       2.086153915613e-16       2.631289889122e-11       3.235580497297e-12      -7.839515694293e-15 
   71       2.503051445770e-10       4.531940373028e-14      -8.105292781862e-13       2.146295973058e-16       2.543893933245e-11       3.141731477411e-12      -7.808100556073e-15 
   72       2.535153957965e-10       4.709273196496e-14      -8.711443551703e-13       2.207302489928e-16       2.460254308946e-11       3.052144516547e-12      -8.012037269333e-15 
   73       2.567523516647e-10       4.889406807411e-14      -9.332855439222e-13       2.269177541205e-16       2.380183566154e-11       2.965552206165e-12      -8.416237367870e-15 
   74       2.600184749985e-10       5.072293109157e-14      -9.969734404630e-13       2.331925269518e-16       2.303454203081e-11       2.880954976564e-12      -8.971749708201e-15 
   75       2.633170229290e-10       5.257865728718e-14      -1.062217254754e-12       2.395548785845e-16       2.229926207857e-11       2.799140544797e-12      -9.588663931752e-15 
   76       2.666513919430e-10       5.446051922702e-14      -1.129024467583e-12       2.460051088339e-16       2.159436875586e-11       2.721435410931e-12      -1.015774432653e-14 
   77       2.700234985589e-10       5.636755233723e-14      -1.197382387870e-12       2.525435047009e-16       2.091793828784e-11       2.648786055483e-12      -1.058695939031e-14 
   78       2.734293541341e-10       5.829786064411e-14      -1.267187729212e-12       2.591702287399e-16       2.026882642577e-11       2.580249456184e-12      -1.089411211630e-14 
   79       2.768626656501e-10       6.024918640033e-14      -1.338304503982e-12       2.658854117486e-16       1.964573665904e-11       2.514233509351e-12      -1.113026873676e-14 
   80       2.803183105693e-10       6.221916241993e-14      -1.410609181048e-12       2.726891624295e-16       1.904713028703e-11       2.449360191672e-12      -1.133137234516e-14 
   81       2.837993683235e-10       6.420547007828e-14      -1.484069115385e-12       2.795814919822e-16       1.847202942623e-11       2.385812264622e-12      -1.145104279150e-14 
   82       2.873112417101e-10       6.620570196916e-14      -1.558677214572e-12       2.865623763382e-16       1.791931621066e-11       2.324208432301e-12      -1.141640536471e-14 
   83       2.908581987460e-10       6.821746278160e-14      -1.634410726102e-12       2.936317741579e-16       1.738768747722e-11       2.265093689300e-12      -1.118634934751e-14 
   84       2.944390404581e-10       7.023885112274e-14      -1.711174079861e-12       3.007896137338e-16       1.687632673139e-11       2.208595221357e-12      -1.087402298027e-14 
   85       2.980507040234e-10       7.226805364590e-14      -1.788846661227e-12       3.080358030660e-16       1.638431608920e-11       2.154709733743e-12      -1.064461488409e-14 
   86       3.016906295817e-10       7.430329478107e-14      -1.867332401806e-12       3.153702513714e-16       1.591058753832e-11       2.103314050000e-12      -1.062353326260e-14 
   87       3.053602323218e-10       7.634313784971e-14      -1.946663696728e-12       3.227929267084e-16       1.545444852733e-11       2.053873770484e-12      -1.071948170321e-14 
   88       3.090619536657e-10       7.838623255171e-14      -2.026914088100e-12       3.303038067933e-16       1.501511939778e-11       2.005684955659e-12      -1.077342585379e-14 
   89       3.127976670700e-10       8.043136474987e-14      -2.108146166375e-12       3.379028930602e-16       1.459169659443e-11       1.958190798733e-12      -1.065546446642e-14 
   90       3.165669492144e-10       8.247789899291e-14      -2.190344287450e-12       3.455903112200e-16       1.418356883820e-11       1.911718053756e-12      -1.040484255210e-14 
   91       3.203685264955e-10       8.452540809197e-14      -2.273471894367e-12       3.533662261427e-16       1.379004889446e-11       1.866851755841e-12      -1.011121557611e-14 
   92       3.242009578209e-10       8.657327942473e-14      -2.357481054299e-12       3.612308571705e-16       1.341036774474e-11       1.824059785794e-12      -9.851887251344e-15 
   93       3.280631867721e-10       8.861987904041e-14      -2.442278139371e-12       3.691846223165e-16       1.304407873376e-11       1.783204622218e-12      -9.626086299570e-15 
   94       3.319540488532e-10       9.066326614164e-14      -2.527752961689e-12       3.772280165505e-16       1.269070113689e-11       1.743958555860e-12      -9.411087397258e-15 
   95       3.358720899275e-10       9.270144584655e-14      -2.613789010989e-12       3.853615692774e-16       1.234959023672e-11       1.705949842725e-12      -9.182045550480e-15 
   96       3.398160811701e-10       9.473217542335e-14      -2.700267172833e-12       3.935858796390e-16       1.202005183500e-11       1.668851627594e-12      -8.919610969172e-15 
   97       3.437866735253e-10       9.675235145654e-14      -2.787077766700e-12       4.019017263760e-16       1.170171733779e-11       1.632666447827e-12      -8.634167767755e-15 
   98       3.477849654017e-10       9.875853221151e-14      -2.874110046634e-12       4.103099757186e-16       1.139421298359e-11       1.597480937149e-12      -8.345041014005e-15 
   99       3.518119941249e-10       1.007471202747e-13      -2.961248446540e-12       4.188115497192e-16       1.109704030941e-11       1.563379079757e-12      -8.073180151034e-15 
  100       3.558683762591e-10       1.027149206339e-13      -3.048391530744e-12       4.274074198800e-16       1.080966008481e-11       1.530423555772e-12      -7.836553234643e-15 
  101       3.599531800847e-10       1.046609103513e-13      -3.135512033849e-12       4.360985841330e-16       1.053176662176e-11       1.498597183961e-12      -7.635503705650e-15 
  102       3.640648864159e-10       1.065847130119e-13      -3.222605148086e-12       4.448860890951e-16       1.026304431049e-11       1.467852889785e-12      -7.465406527351e-15 
  103       3.682017216555e-10       1.084860637278e-13      -3.309670403841e-12       4.537710387127e-16       1.000307979994e-11       1.438131050356e-12      -7.321118041978e-15 
  104       3.723620618840e-10       1.103644411185e-13      -3.396694495282e-12       4.627545490286e-16       9.751429371870e-12       1.409357647330e-12      -7.197508594649e-15 
  105       3.765457254274e-10       1.122178984011e-13      -3.483596783883e-12       4.718376028476e-16       9.507838225355e-12       1.381439304139e-12      -7.091172500516e-15 
  106       3.807528400131e-10       1.140440807888e-13      -3.570276685569e-12       4.810211776623e-16       9.272045069149e-12       1.354266828496e-12      -6.998924045182e-15 
  107       3.849834420138e-10       1.158405829729e-13      -3.656630305214e-12       4.903062910981e-16       9.043711885158e-12       1.327716187659e-12      -6.917263591891e-15 
  108       3.892373255144e-10       1.176050513665e-13      -3.742557865642e-12       4.996939393256e-16       8.822477196612e-12       1.301690520777e-12      -6.842958562251e-15 
  109       3.935135754974e-10       1.193355065509e-13      -3.827987174013e-12       5.091849016026e-16       8.608128878197e-12       1.276253294570e-12      -6.774889619404e-15 
  110       3.978109663014e-10       1.210300625354e-13      -3.912853157907e-12       5.187799115195e-16       8.400449511617e-12       1.251511795183e-12      -6.712431153103e-15 
  111       4.021280979123e-10       1.226868287746e-13      -3.997090711768e-12       5.284797171383e-16       8.199160956058e-12       1.227576265258e-12      -6.654881830787e-15 
  112       4.064636580389e-10       1.243039784062e-13      -4.080634520194e-12       5.382850348695e-16       8.003965487230e-12       1.204513663439e-12      -6.600784692649e-15 
  113       4.108172573204e-10       1.258799610353e-13      -4.163418418049e-12       5.481964043077e-16       7.814678977364e-12       1.182202302670e-12      -6.545794569734e-15 
  114       4.151886895634e-10       1.274133183009e-13      -4.245376023369e-12       5.582143152332e-16       7.631111145865e-12       1.160458874421e-12      -6.484537471195e-15 
  115       4.195776708571e-10       1.289026202183e-13      -4.326440983260e-12       5.683392518606e-16       7.453022714382e-12       1.139082652626e-12      -6.411256193518e-15 
  116       4.239837193136e-10       1.303464398859e-13      -4.406545202903e-12       5.785716901679e-16       7.280163725084e-12       1.117911645160e-12      -6.321875983361e-15 
  117       4.284057837955e-10       1.317432710762e-13      -4.485613208373e-12       5.889120902461e-16       7.112396786984e-12       1.096999696669e-12      -6.220504439598e-15 
  118       4.328425644876e-10       1.330916032473e-13      -4.563567165447e-12       5.993609023730e-16       6.949586243275e-12       1.076460224880e-12      -6.113709749857e-15 
  119       4.372926224233e-10       1.343899485329e-13      -4.640328647803e-12       6.099185688991e-16       6.791558744262e-12       1.056411650084e-12      -6.008527135611e-15 
  120       4.417543755962e-10       1.356368429270e-13      -4.715818658410e-12       6.205855238860e-16       6.638102192459e-12       1.036977472818e-12      -5.912468773853e-15 
  121       4.462263348638e-10       1.368308816762e-13      -4.789959708858e-12       6.313622437091e-16       6.488999593311e-12       1.018258783022e-12      -5.831718720240e-15 
  122       4.507078511396e-10       1.379708276092e-13      -4.862682286683e-12       6.422494063339e-16       6.344137332805e-12       1.000247986729e-12      -5.765457835431e-15 
  123       4.551984484994e-10       1.390555177410e-13      -4.933919186685e-12       6.532477500341e-16       6.203407610693e-12       9.829051089678e-13      -5.710892063284e-15 
  124       4.596975902823e-10       1.400838316455e-13      -5.003603558302e-12       6.643580241413e-16       6.066673903427e-12       9.661843157134e-13      -5.665003334705e-15 
  125       4.642046771523e-10       1.410546929186e-13      -5.071668943725e-12       6.755809890964e-16       5.933770193001e-12       9.500337674599e-13      -5.624544735220e-15 
  126       4.687189450189e-10       1.419670799103e-13      -5.138048339381e-12       6.869174717050e-16       5.804526391993e-12       9.343908683278e-13      -5.586221265989e-15 
  127       4.732391499571e-10       1.428200561747e-13      -5.202671180115e-12       6.983685378098e-16       5.678849487506e-12       9.191677215371e-13      -5.547265359086e-15 
  128       4.777638441029e-10       1.436127462143e-13      -5.265466086900e-12       7.099353391848e-16       5.556650091195e-12       9.042637576372e-13      -5.504917134082e-15 
  129       4.822914699638e-10       1.443443280339e-13      -5.326361843621e-12       7.216190605295e-16       5.437816490158e-12       8.895700135752e-13      -5.456241186227e-15 
  130       4.868203577299e-10       1.450140346727e-13      -5.385287427878e-12       7.334209199342e-16       5.322214072228e-12       8.749689517423e-13      -5.398123145816e-15 
  131       4.913489130469e-10       1.456211716420e-13      -5.442173149487e-12       7.453421709523e-16       5.209704922497e-12       8.603761911221e-13      -5.328537270548e-15 
  132       4.958762089791e-10       1.461651681162e-13      -5.496954139728e-12       7.573841080831e-16       5.100210225974e-12       8.458711816778e-13      -5.250511344587e-15 
  133       5.004014532353e-10       1.466455341981e-13      -5.549567299199e-12       7.695480627651e-16       4.993653553571e-12       8.315803762893e-13      -5.168585779288e-15 
  134       5.049238020885e-10       1.470618471374e-13      -5.599950262030e-12       7.818354022941e-16       4.889940865055e-12       8.176366937682e-13      -5.087586329177e-15 
  135       5.094423590079e-10       1.474137529732e-13      -5.648041434353e-12       7.942475303002e-16       4.788960074317e-12       8.041796287583e-13      -5.012629471800e-15 
  136       5.139561384614e-10       1.477009777730e-13      -5.693779808323e-12       8.067858060276e-16       4.690598145028e-12       7.913117013211e-13      -4.947574933777e-15 
  137       5.184639559584e-10       1.479233591928e-13      -5.737104300794e-12       8.194512916691e-16       4.594795309463e-12       7.789624493826e-13      -4.890189820595e-15 
  138       5.229645239019e-10       1.480808213351e-13      -5.777954418329e-12       8.322449794797e-16       4.501495702621e-12       7.670104041537e-13      -4.836488352097e-15 
  139       5.274564838147e-10       1.481733671365e-13      -5.816270512173e-12       8.451678705663e-16       4.410630019970e-12       7.553253090831e-13      -4.782234922806e-15 
  140       5.319384047470e-10       1.482010800720e-13      -5.851993815285e-12       8.582209748404e-16       4.322115195624e-12       7.437679485625e-13      -4.722939480571e-15 
  141       5.364087816853e-10       1.481641258602e-13      -5.885066479376e-12       8.714053109725e-16       4.235854080518e-12       7.321899766313e-13      -4.653852905207e-15 
  142       5.408661219467e-10       1.480627593603e-13      -5.915431940990e-12       8.847218025402e-16       4.151750321939e-12       7.204806954216e-13      -4.571587213066e-15 
  143       5.453092174618e-10       1.478973424414e-13      -5.943035982764e-12       8.981709548697e-16       4.069755358588e-12       7.087130231928e-13      -4.479168492438e-15 
  144       5.497368968060e-10       1.476683311455e-13      -5.967825849070e-12       9.117531456608e-16       3.989825532571e-12       6.970118563677e-13      -4.381482513545e-15 
  145       5.541479385936e-10       1.473762723747e-13      -5.989749965123e-12       9.254687252391e-16       3.911907079772e-12       6.855085346059e-13      -4.283700172944e-15 
  146       5.585410704056e-10       1.470218056264e-13      -6.008757975954e-12       9.393180158966e-16       3.835935897863e-12       6.743409469626e-13      -4.191282474213e-15 
  147       5.629149677184e-10       1.466056647287e-13      -6.024800785392e-12       9.533013112317e-16       3.761837314310e-12       6.636536380466e-13      -4.109985508640e-15 
  148       5.672682960152e-10       1.461286811134e-13      -6.037830821530e-12       9.674188622847e-16       3.689537007467e-12       6.535570819268e-13      -4.044206380853e-15 
  149       5.715998439340e-10       1.455917903318e-13      -6.047802779655e-12       9.816708358347e-16       3.618995439557e-12       6.440008772353e-13      -3.991831667034e-15 
  150       5.759084009203e-10       1.449960294705e-13      -6.054673025164e-12       9.960573508252e-16       3.550176302802e-12       6.348885250740e-13      -3.948901622876e-15 
  151       5.801927143620e-10       1.443425373985e-13      -6.058399413351e-12       1.010578490484e-15       3.483035493439e-12       6.261170527652e-13      -3.911220803343e-15 
  152       5.844514887526e-10       1.436325565107e-13      -6.058941329615e-12       1.025234301591e-15       3.417520940423e-12       6.175768978131e-13      -3.874354015312e-15 
  153       5.886833848542e-10       1.428674344718e-13      -6.056259729677e-12       1.040024793750e-15       3.353572434132e-12       6.091517918663e-13      -3.833622270207e-15 
  154       5.928870511013e-10       1.420486164909e-13      -6.050317058457e-12       1.054950013854e-15       3.291130034912e-12       6.007440850035e-13      -3.785208346177e-15 
  155       5.970612228349e-10       1.411776176760e-13      -6.041076913699e-12       1.070010278776e-15       3.230160532759e-12       5.923535938156e-13      -3.729596853491e-15 
  156       6.012046306790e-10       1.402560514401e-13      -6.028504427834e-12       1.085205962874e-15       3.170633115836e-12       5.840058474641e-13      -3.668445615931e-15 
  157       6.053159684552e-10       1.392856404227e-13      -6.012566425784e-12       1.100537424370e-15       3.112510883159e-12       5.757273136071e-13      -3.603506134263e-15 
  158       6.093938925075e-10       1.382682181857e-13      -5.993231464574e-12       1.116005004997e-15       3.055750716425e-12       5.675454102561e-13      -3.536625117132e-15 
  159       6.134370210276e-10       1.372057309095e-13      -5.970469872921e-12       1.131609029645e-15       3.000303151849e-12       5.594885176324e-13      -3.469746011963e-15 
  160       6.174439888121e-10       1.361002246816e-13      -5.944253910865e-12       1.147349858377e-15       2.946119556557e-12       5.515803198595e-13      -3.404509610029e-15 
  161       6.214136184260e-10       1.349538025283e-13      -5.914558181420e-12       1.163228048423e-15       2.893174644558e-12       5.438222393096e-13      -3.341012707271e-15 
  162       6.253447630492e-10       1.337686667832e-13      -5.881359331378e-12       1.179244205993e-15       2.841445728507e-12       5.362094547888e-13      -3.278941410223e-15 
  163       6.292362520017e-10       1.325471347658e-13      -5.844635974425e-12       1.195398935091e-15       2.790905501918e-12       5.287364167108e-13      -3.217961795310e-15 
  164       6.330868903267e-10       1.312916404115e-13      -5.804368731301e-12       1.211692837407e-15       2.741521945026e-12       5.213968325394e-13      -3.157719572077e-15 
  165       6.368954583743e-10       1.300047358999e-13      -5.760540269962e-12       1.228126512210e-15       2.693258230648e-12       5.141836522314e-13      -3.097839746423e-15 
  166       6.406607113848e-10       1.286890932839e-13      -5.713135345741e-12       1.244700556234e-15       2.646072630044e-12       5.070890536795e-13      -3.037926283833e-15 
  167       6.443813953979e-10       1.273474748840e-13      -5.662140504216e-12       1.261415484088e-15       2.599924579600e-12       5.001065088336e-13      -2.977654681324e-15 
  168       6.480562973769e-10       1.259826382189e-13      -5.607543077178e-12       1.278271482090e-15       2.554793659414e-12       4.932372105256e-13      -2.917059258262e-15 
  169       6.516841985841e-10       1.245974260431e-13      -5.549332177470e-12       1.295268633117e-15       2.510662061502e-12       4.864841687378e-13      -2.856269849775e-15 
  170       6.552638582960e-10       1.231947983355e-13      -5.487499066988e-12       1.312406993755e-15       2.467508507433e-12       4.798501736576e-13      -2.795421164146e-15 
  171       6.587940134570e-10       1.217778337946e-13      -5.422037195402e-12       1.329686593849e-15       2.425308180546e-12       4.733377900202e-13      -2.734652843427e-15 
  172       6.622733783322e-10       1.203497313340e-13      -5.352942238868e-12       1.347107436052e-15       2.384032658158e-12       4.669493514501e-13      -2.674109524055e-15 
  173       6.657006441612e-10       1.189138115776e-13      -5.280212138755e-12       1.364669495379e-15       2.343649843776e-12       4.606869548040e-13      -2.613940897475e-15 
  174       6.690745421515e-10       1.174734786675e-13      -5.203846949012e-12       1.382372595993e-15       2.304128367588e-12       4.545500757684e-13      -2.554255257439e-15 
  175       6.723940389783e-10       1.160320990459e-13      -5.123848283258e-12       1.400216031192e-15       2.265451334366e-12       4.485282082347e-13      -2.494975743612e-15 
  176       6.756581567208e-10       1.145931155573e-13      -5.040219896409e-12       1.418198911266e-15       2.227603577819e-12       4.426076078688e-13      -2.435972374730e-15 
  177       6.788659108685e-10       1.131600875706e-13      -4.952967909618e-12       1.436320282523e-15       2.190567243974e-12       4.367736016075e-13      -2.377107379118e-15 
  178       6.820163102241e-10       1.117366923184e-13      -4.862100848246e-12       1.454579126360e-15       2.154321741001e-12       4.310105726267e-13      -2.318235072004e-15 
  179       6.851083568062e-10       1.103267262353e-13      -4.767629679822e-12       1.472974358324e-15       2.118843689031e-12       4.253019453090e-13      -2.259201732831e-15 
  180       6.881410457524e-10       1.089341062975e-13      -4.669567852006e-12       1.491504827183e-15       2.084106869980e-12       4.196301702113e-13      -2.199845482571e-15 
  181       6.911133737911e-10       1.075628137765e-13      -4.567930687809e-12       1.510169346461e-15       2.050085943190e-12       4.139819176150e-13      -2.140048544890e-15 
  182       6.940243656082e-10       1.062167177332e-13      -4.462733438483e-12       1.528966793765e-15       2.016768025621e-12       4.083641486664e-13      -2.079898905625e-15 
  183       6.968730493833e-10       1.048997401091e-13      -4.353993149255e-12       1.547896017537e-15       1.984141932921e-12       4.027892888848e-13      -2.019541227996e-15 
  184       6.996584483426e-10       1.036159131777e-13      -4.241729323610e-12       1.566955804480e-15       1.952194459687e-12       3.972701376793e-13      -1.959125685009e-15 
  185       7.023795806934e-10       1.023693806742e-13      -4.125963958914e-12       1.586144878744e-15       1.920910342998e-12       3.918198722909e-13      -1.898808027587e-15 
  186       7.050354595579e-10       1.011643989245e-13      -4.006721582038e-12       1.605461901114e-15       1.890272225957e-12       3.864520517335e-13      -1.838749652708e-15 
  187       7.076250929075e-10       1.000053379740e-13      -3.884029284981e-12       1.624905468188e-15       1.860260621228e-12       3.811806207358e-13      -1.779117671538e-15 
  188       7.101474834969e-10       9.889668271744e-14      -3.757916760488e-12       1.644474111569e-15       1.830853874578e-12       3.760199136822e-13      -1.720084977572e-15 
  189       7.126016693194e-10       9.784295643152e-14      -3.628415574378e-12       1.664166432341e-15       1.802031223941e-12       3.709819048187e-13      -1.661811948268e-15 
  190       7.149868485351e-10       9.684848254702e-14      -3.495556846629e-12       1.683981517591e-15       1.773782311592e-12       3.660677178659e-13      -1.604389858874e-15 
  191       7.173022639053e-10       9.591760695382e-14      -3.359373462690e-12       1.703918553955e-15       1.746098324358e-12       3.612754790663e-13      -1.547893301458e-15 
  192       7.195471631920e-10       9.505477483755e-14      -3.219900853822e-12       1.723976694810e-15       1.718968936971e-12       3.566030078399e-13      -1.492398172525e-15 
  193       7.217207992270e-10       9.426453154943e-14      -3.077177030173e-12       1.744155059899e-15       1.692382285953e-12       3.520478115230e-13      -1.437981679776e-15 
  194       7.238224299820e-10       9.355152347620e-14      -2.931242613851e-12       1.764452734981e-15       1.666324943498e-12       3.476070801080e-13      -1.384722348867e-15 
  195       7.258513186378e-10       9.292049890996e-14      -2.782140871994e-12       1.784868771459e-15       1.640781891357e-12       3.432776809824e-13      -1.332700030173e-15 
  196       7.278067336536e-10       9.237630891804e-14      -2.629917749844e-12       1.805402186021e-15       1.615736494718e-12       3.390561536683e-13      -1.281995905545e-15 
  197       7.296879711977e-10       9.192382123735e-14      -2.474620939646e-12       1.826051937516e-15       1.591172736303e-12       3.349375514590e-13      -1.232638957925e-15 
  198       7.314944241131e-10       9.156765315360e-14      -2.316296942897e-12       1.846816856470e-15       1.567082154442e-12       3.309118831970e-13      -1.184441018471e-15 
  199       7.332255181156e-10       9.131242081543e-14      -2.154993857563e-12       1.867695709731e-15       1.543457360713e-12       3.269674018325e-13      -1.137149701299e-15 
  200       7.348806900227e-10       9.116282505957e-14      -1.990762352918e-12       1.888687222335e-15       1.520289806112e-12       3.230917254823e-13      -1.090500703874e-15 
  201       7.364593878912e-10       9.112365201318e-14      -1.823655699660e-12       1.909790077076e-15       1.497569761889e-12       3.192718286209e-13      -1.044217649066e-15 
  202       7.379610711564e-10       9.119977369614e-14      -1.653729800008e-12       1.931002914070e-15       1.475286300388e-12       3.154940332733e-13      -9.980119272062e-16 
  203       7.393852107697e-10       9.139614862333e-14      -1.481043217814e-12       1.952324330324e-15       1.453427275881e-12       3.117440002060e-13      -9.515825381427e-16 
  204       7.407312893375e-10       9.171782240698e-14      -1.305657208667e-12       1.973752879305e-15       1.431979305407e-12       3.080067201195e-13      -9.046159332961e-16 
  205       7.419988148733e-10       9.216981825200e-14      -1.127634322417e-12       1.995286941637e-15       1.410929604828e-12       3.042693068555e-13      -8.568644667873e-16 
  206       7.431873628417e-10       9.275679864402e-14      -9.470340391330e-13       2.016924328027e-15       1.390271680120e-12       3.005296133291e-13      -8.083882000483e-16 
  207       7.442965373307e-10       9.348338109247e-14      -7.639168851235e-13       2.038662647653e-15       1.369999998327e-12       2.967882029716e-13      -7.593297540321e-16 
  208       7.453259578784e-10       9.435424639416e-14      -5.783458589169e-13       2.060499433733e-15       1.350108154375e-12       2.930456011443e-13      -7.098372882393e-16 
  209       7.462752596499e-10       9.537413892266e-14      -3.903864573092e-13       2.082432142728e-15       1.330588857187e-12       2.893022942922e-13      -6.600645661479e-16 
  210       7.471440936143e-10       9.654786691772e-14      -2.001067014125e-13       2.104458153539e-15       1.311433915790e-12       2.855587290983e-13      -6.101710206436e-16 
  211       7.479321267215e-10       9.788030277476e-14      -7.577162705379e-15       2.126574766712e-15       1.292634225425e-12       2.818153116375e-13      -5.603218194497e-16 
  212       7.486390420800e-10       9.937638333417e-14       1.871290109189e-13       2.148779203637e-15       1.274179753654e-12       2.780724065306e-13      -5.106879305576e-16 
  213       7.492645391329e-10       1.010411101709e-13       3.839360691024e-13       2.171068605749e-15       1.256059526466e-12       2.743303360985e-13      -4.614461876570e-16 
  214       7.498083541139e-10       1.028794217131e-13       5.827672461576e-13       2.193440128911e-15       1.238263135896e-12       2.705920871939e-13      -4.127544469149e-16 
  215       7.502703225742e-10       1.048957994380e-13       7.835496951805e-13       2.215891235278e-15       1.220785404393e-12       2.668716358332e-13      -3.646750641253e-16 
  216       7.506503214029e-10       1.070946357514e-13       9.862098354151e-13       2.238419419516e-15       1.203622007286e-12       2.631861807696e-13      -3.172463977808e-16 
  217       7.509482491543e-10       1.094803597351e-13       1.190671747170e-12       2.261022114837e-15       1.186767969594e-12       2.595534922888e-13      -2.705072558549e-16 
  218       7.511640262783e-10       1.120574371015e-13       1.396857149976e-12       2.283696692448e-15       1.170217656105e-12       2.559919184248e-13      -2.244968962670e-16 
  219       7.512975953505e-10       1.148303701489e-13       1.604685380747e-12       2.306440460999e-15       1.153964761452e-12       2.525203911760e-13      -1.792550273477e-16 
  220       7.513489213013e-10       1.178036977167e-13       1.814073371933e-12       2.329250666035e-15       1.138002300192e-12       2.491584327211e-13      -1.348218083039e-16 
  221       7.513179916470e-10       1.209819951404e-13       2.024935629685e-12       2.352124489442e-15       1.122322596880e-12       2.459261616354e-13      -9.123784968385e-17 
  222       7.512048167184e-10       1.243698742069e-13       2.237184212006e-12       2.375059048898e-15       1.106917276147e-12       2.428442991063e-13      -4.854421384273e-17 
  223       7.510094379084e-10       1.279718529978e-13       2.450730564603e-12       2.398051578526e-15       1.091778353820e-12       2.399269046867e-13      -6.760430140141e-18 
  224       7.507319525253e-10       1.317919561741e-13       2.665491205385e-12       2.421099984970e-15       1.076901609120e-12       2.371590494748e-13       3.418303781505e-17 
  225       7.503724909892e-10       1.358340887893e-13       2.881382364826e-12       2.444202326163e-15       1.062283411054e-12       2.345177129760e-13       7.438162014625e-17 
  226       7.499312092077e-10       1.401021637246e-13       3.098318143999e-12       2.467356633245e-15       1.047919629709e-12       2.319789127767e-13       1.139350995058e-16 
  227       7.494082888246e-10       1.446001013323e-13       3.316210497193e-12       2.490560910438e-15       1.033805628979e-12       2.295176932950e-13       1.529476634248e-16 
  228       7.488039374694e-10       1.493318290778e-13       3.534969214534e-12       2.513813134938e-15       1.019936259282e-12       2.271081145306e-13       1.915279566639e-16 
  229       7.481183890063e-10       1.543012811823e-13       3.754501904611e-12       2.537111256794e-15       1.006305850285e-12       2.247232408147e-13       2.297891335629e-16 
  230       7.473519037837e-10       1.595123982656e-13       3.974713977092e-12       2.560453198795e-15       9.929082036251e-13       2.223351295606e-13       2.678489103908e-16 
  231       7.465047688826e-10       1.649691269884e-13       4.195508625345e-12       2.583836856354e-15       9.797365856320e-13       2.199148200133e-13       3.058296176966e-16 
  232       7.455772921295e-10       1.706752795315e-13       4.416789124935e-12       2.607260009759e-15       9.667846250340e-13       2.174390319499e-13       3.438269161980e-16 
  233       7.445697832023e-10       1.766341030818e-13       4.638465923569e-12       2.630720055107e-15       9.540490830521e-13       2.149107470353e-13       3.818136786133e-16 
  234       7.434825718331e-10       1.828486829085e-13       4.860449957920e-12       2.654214256433e-15       9.415272412899e-13       2.123398842465e-13       4.197302381045e-16 
  235       7.423160141737e-10       1.893220794574e-13       5.082650365190e-12       2.677739831527e-15       9.292160069819e-13       2.097367085119e-13       4.575151707174e-16 
  236       7.410704930313e-10       1.960573276818e-13       5.304974470872e-12       2.701293951630e-15       9.171119077243e-13       2.071118343576e-13       4.951052781681e-16 
  237       7.397464181038e-10       2.030574363743e-13       5.527327776509e-12       2.724873741119e-15       9.052110862059e-13       2.044762295524e-13       5.324355706283e-16 
  238       7.383442262147e-10       2.103253874981e-13       5.749613947461e-12       2.748476277202e-15       8.935092949389e-13       2.018412187538e-13       5.694392495112e-16 
  239       7.368643815489e-10       2.178641355182e-13       5.971734800663e-12       2.772098589602e-15       8.820018909900e-13       1.992184871535e-13       6.060476902570e-16 
  240       7.353073758876e-10       2.256766067331e-13       6.193590292387e-12       2.795737660253e-15       8.706838307115e-13       1.966200841233e-13       6.421904251190e-16 
  241       7.336737288442e-10       2.337656986062e-13       6.415078506006e-12       2.819390422985e-15       8.595496644717e-13       1.940584268604e-13       6.777951259487e-16 
  242       7.319639932872e-10       2.421341349840e-13       6.636098077006e-12       2.843053761497e-15       8.485942548595e-13       1.915440639325e-13       7.128066467753e-16 
  243       7.301787714839e-10       2.507840235595e-13       6.856555653627e-12       2.866724503773e-15       8.378149896672e-13       1.890788105144e-13       7.472454461225e-16 
  244       7.283187003755e-10       2.597172707373e-13       7.076358857124e-12       2.890399426732e-15       8.272096905745e-13       1.866622110946e-13       7.811526131815e-16 
  245       7.263844467205e-10       2.689357224162e-13       7.295413877279e-12       2.914075257604e-15       8.167758977667e-13       1.842937418526e-13       8.145711427913e-16 
  246       7.243767073402e-10       2.784411630265e-13       7.513625465146e-12       2.937748673617e-15       8.065108661420e-13       1.819728097332e-13       8.475459571170e-16 
  247       7.222962093648e-10       2.882353145678e-13       7.730896925777e-12       2.961416301685e-15       7.964115615186e-13       1.796987515217e-13       8.801239273297e-16 
  248       7.201437104793e-10       2.983198356459e-13       7.947130110966e-12       2.985074718091e-15       7.864746568426e-13       1.774708329176e-13       9.123538952856e-16 
  249       7.179199991693e-10       3.086963205103e-13       8.162225411979e-12       3.008720448176e-15       7.766965283942e-13       1.752882476095e-13       9.442866952052e-16 
  250       7.156258949669e-10       3.193662980916e-13       8.376081752292e-12       3.032349966028e-15       7.670732519960e-13       1.731501163495e-13       9.759751753526e-16 
  251       7.132622486969e-10       3.303312310386e-13       8.588596580324e-12       3.055959694161e-15       7.576005992195e-13       1.710554860279e-13       1.007474219715e-15 
  252       7.108299248418e-10       3.415923901153e-13       8.799668711264e-12       3.079546279374e-15       7.482745959767e-13       1.690029732620e-13       1.038824219045e-15 
  253       7.083297470101e-10       3.531504714027e-13       9.009207047959e-12       3.103107438459e-15       7.390932415866e-13       1.669896744449e-13       1.070000389795e-15 
  254       7.057625498229e-10       3.650059553030e-13       9.217122345366e-12       3.126641160316e-15       7.300548807932e-13       1.650121914759e-13       1.100960594728e-15 
  255       7.031291967243e-10       3.771592280168e-13       9.423324404520e-12       3.150145434352e-15       7.211576475215e-13       1.630669800422e-13       1.131661622936e-15 
  256       7.004305801939e-10       3.896105803457e-13       9.627722070632e-12       3.173618250686e-15       7.123994621432e-13       1.611503480240e-13       1.162059180363e-15 
  257       6.976676219589e-10       4.023602064949e-13       9.830223231184e-12       3.197057600359e-15       7.037780287423e-13       1.592584539003e-13       1.192107880335e-15 
  258       6.948412732067e-10       4.154082028761e-13       1.003073481403e-11       3.220461475533e-15       6.952908323810e-13       1.573873051540e-13       1.221761234090e-15 
  259       6.919525147965e-10       4.287545669102e-13       1.022916278549e-11       3.243827869704e-15       6.869351363652e-13       1.555327566775e-13       1.250971641303e-15 
  260       6.890023574722e-10       4.423991958298e-13       1.042541214846e-11       3.267154777905e-15       6.787079795107e-13       1.536905091778e-13       1.279690380616e-15 
  261       6.859918420744e-10       4.563418854824e-13       1.061938694049e-11       3.290440196914e-15       6.706061734086e-13       1.518561075824e-13       1.307867600166e-15 
  262       6.829220397525e-10       4.705823291329e-13       1.081099023189e-11       3.313682125457e-15       6.626262996911e-13       1.500249394442e-13       1.335452308111e-15 
  263       6.797940328564e-10       4.851200088677e-13       1.100012699096e-11       3.336878520195e-15       6.547651588943e-13       1.481935529141e-13       1.362407916176e-15 
  264       6.766088560114e-10       4.999538656682e-13       1.118671285785e-11       3.360027160561e-15       6.470211499873e-13       1.463636941247e-13       1.388759835408e-15 
  265       6.733675522199e-10       5.150826088917e-13       1.137066584877e-11       3.383125776901e-15       6.393929612783e-13       1.445384884075e-13       1.414550475597e-15 
  266       6.700711920698e-10       5.305048206626e-13       1.155190353533e-11       3.406172094158e-15       6.318791236928e-13       1.427211413679e-13       1.439823944874e-15 
  267       6.667208739125e-10       5.462189544898e-13       1.173034304752e-11       3.429163831999e-15       6.244780088203e-13       1.409149395705e-13       1.464626067118e-15 
  268       6.633177240425e-10       5.622233338835e-13       1.190590107683e-11       3.452098704951e-15       6.171878269604e-13       1.391232512259e-13       1.489004399366e-15 
  269       6.598628968754e-10       5.785161509728e-13       1.207849387928e-11       3.474974422524e-15       6.100066251690e-13       1.373495268763e-13       1.513008249220e-15 
  270       6.563575751277e-10       5.950954651224e-13       1.224803727846e-11       3.497788689345e-15       6.029322853047e-13       1.355973000817e-13       1.536688692257e-15 
  271       6.528029699950e-10       6.119592015498e-13       1.241444666858e-11       3.520539205286e-15       5.959625220750e-13       1.338701881056e-13       1.560098589437e-15 
  272       6.492003213313e-10       6.291051499426e-13       1.257763701757e-11       3.543223665597e-15       5.890948810824e-13       1.321718926015e-13       1.583292604509e-15 
  273       6.455508978273e-10       6.465309630755e-13       1.273752287008e-11       3.565839761030e-15       5.823267368710e-13       1.305062002987e-13       1.606327221426e-15 
  274       6.418559725800e-10       6.642340975125e-13       1.289402128692e-11       3.588385205048e-15       5.756556367086e-13       1.288758962805e-13       1.629243689677e-15 
  275       6.381167480050e-10       6.822116350968e-13       1.304706082874e-11       3.610857816758e-15       5.690803560315e-13       1.272794389503e-13       1.652015828591e-15 
  276       6.343344273118e-10       7.004604493535e-13       1.319657305212e-11       3.633255442605e-15       5.625998948599e-13       1.257141110379e-13       1.674599504114e-15 
  277       6.305102388968e-10       7.189772610883e-13       1.334248962350e-11       3.655575929859e-15       5.562131356784e-13       1.241770901741e-13       1.696949443240e-15 
  278       6.266454364820e-10       7.377586369128e-13       1.348474232699e-11       3.677817126792e-15       5.499188420323e-13       1.226654478446e-13       1.719019224223e-15 
  279       6.227412992554e-10       7.568009877690e-13       1.362326307204e-11       3.699976882851e-15       5.437156571253e-13       1.211761483440e-13       1.740761266800e-15 
  280       6.187991320105e-10       7.761005674544e-13       1.375798390120e-11       3.722053048827e-15       5.376021024156e-13       1.197060477308e-13       1.762126822411e-15 
  281       6.148202652858e-10       7.956534711470e-13       1.388883699783e-11       3.744043477032e-15       5.315765762131e-13       1.182518927809e-13       1.783065964421e-15 
  282       6.108060555046e-10       8.154556339298e-13       1.401575469385e-11       3.765946021470e-15       5.256373522764e-13       1.168103199421e-13       1.803527578336e-15 
  283       6.067578851145e-10       8.355028293160e-13       1.413866947746e-11       3.787758538009e-15       5.197825784095e-13       1.153778542885e-13       1.823459352025e-15 
  284       6.026771627274e-10       8.557906677741e-13       1.425751400084e-11       3.809478884557e-15       5.140102750585e-13       1.139509084749e-13       1.842807765941e-15 
  285       5.985653232589e-10       8.763145952522e-13       1.437222108795e-11       3.831104921232e-15       5.083183339087e-13       1.125257816904e-13       1.861518083341e-15 
  286       5.944237896197e-10       8.970698907428e-13       1.448272646835e-11       3.852634791976e-15       5.027047921122e-13       1.110996548292e-13       1.879551262421e-15 
  287       5.902538553583e-10       9.180516618729e-13       1.458897711602e-11       3.874067784788e-15       4.971686731967e-13       1.096736338245e-13       1.896935658968e-15 
  288       5.860567963572e-10       9.392548462154e-13       1.469092334723e-11       3.895403515319e-15       4.917091859361e-13       1.082498581423e-13       1.913717918653e-15 
  289       5.818339088299e-10       9.606742107593e-13       1.478851614401e-11       3.916641649935e-15       4.863254515550e-13       1.068305188363e-13       1.929946305510e-15 
  290       5.775865094039e-10       9.823043504335e-13       1.488170716591e-11       3.937781906298e-15       4.810165027281e-13       1.054178589587e-13       1.945670716888e-15 
  291       5.733159352050e-10       1.004139686630e-12       1.497044876165e-11       3.958824053954e-15       4.757812825805e-13       1.040141739709e-13       1.960942698419e-15 
  292       5.690235439396e-10       1.026174465728e-12       1.505469398089e-11       3.979767914912e-15       4.706186436867e-13       1.026218121541e-13       1.975815458968e-15 
  293       5.647107139794e-10       1.048402757617e-12       1.513439658593e-11       4.000613364235e-15       4.655273470714e-13       1.012431750199e-13       1.990343885600e-15 
  294       5.603788444440e-10       1.070818454220e-12       1.520951106342e-11       4.021360330620e-15       4.605060612086e-13       9.988071772128e-14       2.004584558534e-15 
  295       5.560293552845e-10       1.093415268017e-12       1.527999263605e-11       4.042008796981e-15       4.555533610218e-13       9.853694946295e-14       2.018595766105e-15 
  296       5.516636873674e-10       1.116186730569e-12       1.534579727432e-11       4.062558801039e-15       4.506677268836e-13       9.721443391218e-14       2.032437519721e-15 
  297       5.472833025575e-10       1.139126191041e-12       1.540688170822e-11       4.083010435903e-15       4.458475436157e-13       9.591578960946e-14       2.046171568823e-15 
  298       5.428896484617e-10       1.162226893445e-12       1.546320572271e-11       4.103363686188e-15       4.410913097524e-13       9.464303986094e-14       2.059846413478e-15 
  299       5.384840505946e-10       1.185482215546e-12       1.551473914338e-11       4.123617926386e-15       4.363982786213e-13       9.339562666746e-14       2.073451506733e-15 
  300       5.340678151400e-10       1.208885438673e-12       1.556145521284e-11       4.143772399282e-15       4.317678464350e-13       9.217230117296e-14       2.086960857975e-15 
  301       5.296422638555e-10       1.232429668682e-12       1.560332835220e-11       4.163826378587e-15       4.271993441192e-13       9.097176502931e-14       2.100347829683e-15 
  302       5.252087341076e-10       1.256107834583e-12       1.564033417587e-11       4.183779169299e-15       4.226920365951e-13       8.979266993090e-14       2.113585132183e-15 
  303       5.207685789081e-10       1.279912687174e-12       1.567244950638e-11       4.203630108067e-15       4.182451220630e-13       8.863361714916e-14       2.126644818406e-15 
  304       5.163231669498e-10       1.303836797664e-12       1.569965238913e-11       4.223378563552e-15       4.138577312846e-13       8.749315706720e-14       2.139498278640e-15 
  305       5.118738826423e-10       1.327872556308e-12       1.572192210723e-11       4.243023936792e-15       4.095289268666e-13       8.636978871434e-14       2.152116235283e-15 
  306       5.074221261480e-10       1.352012171036e-12       1.573923919623e-11       4.262565661565e-15       4.052577025435e-13       8.526195930072e-14       2.164468737599e-15 
  307       5.029693134177e-10       1.376247666079e-12       1.575158545895e-11       4.282003204750e-15       4.010429824604e-13       8.416806375185e-14       2.176525156474e-15 
  308       4.985168762269e-10       1.400570880601e-12       1.575894398029e-11       4.301336066689e-15       3.968836204562e-13       8.308644424322e-14       2.188254179168e-15 
  309       4.940662622113e-10       1.424973467329e-12       1.576129914196e-11       4.320563781556e-15       3.927783993467e-13       8.201538973483e-14       2.199623804067e-15 
  310       4.896189349028e-10       1.449446891181e-12       1.575863663731e-11       4.339685917712e-15       3.887260302075e-13       8.095313550581e-14       2.210601335443e-15 
  311       4.851763292402e-10       1.473982598346e-12       1.575094522072e-11       4.358702266955e-15       3.847253182657e-13       7.989816323962e-14       2.221156146108e-15 
  312       4.807397157394e-10       1.498572535027e-12       1.573822201532e-11       4.377613421255e-15       3.807756705819e-13       7.885011767291e-14       2.231268118267e-15 
  313       4.763103300709e-10       1.523208650167e-12       1.572046748119e-11       4.396420223571e-15       3.768766105987e-13       7.780893170472e-14       2.240919585316e-15 
  314       4.718894169955e-10       1.547882726022e-12       1.569768371993e-11       4.415123581984e-15       3.730276131535e-13       7.677452959908e-14       2.250092597544e-15 
  315       4.674782303454e-10       1.572586376999e-12       1.566987449161e-11       4.433724470292e-15       3.692281039676e-13       7.574682689137e-14       2.258768920309e-15 
  316       4.630780330052e-10       1.597311048496e-12       1.563704523168e-11       4.452223928610e-15       3.654774591354e-13       7.472573029448e-14       2.266930032219e-15 
  317       4.586900968920e-10       1.622048015749e-12       1.559920306792e-11       4.470623063961e-15       3.617750046128e-13       7.371113760519e-14       2.274557123306e-15 
  318       4.543157029369e-10       1.646788382661e-12       1.555635683735e-11       4.488923050878e-15       3.581200157073e-13       7.270293761035e-14       2.281631093204e-15 
  319       4.499561410654e-10       1.671523080653e-12       1.550851710321e-11       4.507125131994e-15       3.545117165658e-13       7.170100999319e-14       2.288132549331e-15 
  320       4.456127101784e-10       1.696242867499e-12       1.545569617188e-11       4.525230618647e-15       3.509492796649e-13       7.070522523960e-14       2.294041805058e-15 
  321       4.412867181329e-10       1.720938326165e-12       1.539790810978e-11       4.543240891468e-15       3.474318252989e-13       6.971544454437e-14       2.299338877896e-15 
  322       4.369794817227e-10       1.745599863653e-12       1.533516876036e-11       4.561157400983e-15       3.439584210696e-13       6.873151971747e-14       2.304003487663e-15 
  323       4.326923266595e-10       1.770217709841e-12       1.526749576101e-11       4.578981668207e-15       3.405280813749e-13       6.775329309034e-14       2.308015054673e-15 
  324       4.284265436978e-10       1.794782179660e-12       1.519490919979e-11       4.596715243028e-15       3.371398926699e-13       6.678071187969e-14       2.311362989630e-15 
  325       4.241832548830e-10       1.819284474968e-12       1.511743358339e-11       4.614359576081e-15       3.337933964835e-13       6.581417711860e-14       2.314078075229e-15 
  326       4.199635412869e-10       1.843715916258e-12       1.503509599026e-11       4.631916142313e-15       3.304882225247e-13       6.485421014031e-14       2.316202483832e-15 
  327       4.157684862549e-10       1.868067681691e-12       1.494792545637e-11       4.649386483225e-15       3.272239640883e-13       6.390133956385e-14       2.317779622124e-15 
  328       4.115991753373e-10       1.892330806238e-12       1.485595299281e-11       4.666772207421e-15       3.240001776875e-13       6.295610133078e-14       2.318854141012e-15 
  329       4.074566962198e-10       1.916496180822e-12       1.475921160352e-11       4.684074991154e-15       3.208163826864e-13       6.201903874190e-14       2.319471945539e-15 
  330       4.033421386542e-10       1.940554551454e-12       1.465773630291e-11       4.701296578881e-15       3.176720609320e-13       6.109070249391e-14       2.319680204783e-15 
  331       3.992565943896e-10       1.964496518379e-12       1.455156413355e-11       4.718438783802e-15       3.145666563871e-13       6.017165071618e-14       2.319527361765e-15 
  332       3.952011571030e-10       1.988312535213e-12       1.444073418383e-11       4.735503488415e-15       3.114995747621e-13       5.926244900740e-14       2.319063143358e-15 
  333       3.911769223302e-10       2.011992908081e-12       1.432528760562e-11       4.752492645063e-15       3.084701831478e-13       5.836367047232e-14       2.318338570188e-15 
  334       3.871849873965e-10       2.035527794765e-12       1.420526763193e-11       4.769408276482e-15       3.054778096475e-13       5.747589575846e-14       2.317405966542e-15 
  335       3.832264513476e-10       2.058907203837e-12       1.408071959459e-11       4.786252476348e-15       3.025217430097e-13       5.659971309276e-14       2.316318970277e-15 
  336       3.793024148805e-10       2.082120993802e-12       1.395169094191e-11       4.803027409827e-15       2.996012322600e-13       5.573571831836e-14       2.315132542721e-15 
  337       3.754139802743e-10       2.105158872239e-12       1.381823125634e-11       4.819735314124e-15       2.967154863342e-13       5.488451493125e-14       2.313902978580e-15 
  338       3.715622114433e-10       2.128010770381e-12       1.368039189236e-11       4.836378410416e-15       2.938637772825e-13       5.404660095737e-14       2.312678884522e-15 
  339       3.677480123481e-10       2.150667986342e-12       1.353822483686e-11       4.852958634376e-15       2.910457555230e-13       5.322202415370e-14       2.311473667585e-15 
  340       3.639722432362e-10       2.173122089222e-12       1.339178383449e-11       4.869477895171e-15       2.882611473853e-13       5.241071209636e-14       2.310291886648e-15 
  341       3.602357599392e-10       2.195364547624e-12       1.324112478021e-11       4.885938163485e-15       2.855096524983e-13       5.161258392528e-14       2.309138177794e-15 
  342       3.565394137611e-10       2.217386729184e-12       1.308630573654e-11       4.902341471976e-15       2.827909435316e-13       5.082755026233e-14       2.308017254762e-15 
  343       3.528840513684e-10       2.239179900110e-12       1.292738695089e-11       4.918689915730e-15       2.801046659362e-13       5.005551312956e-14       2.306933909389e-15 
  344       3.492705146780e-10       2.260735224713e-12       1.276443087276e-11       4.934985652715e-15       2.774504376851e-13       4.929636586735e-14       2.305893012062e-15 
  345       3.456996407473e-10       2.282043764940e-12       1.259750217102e-11       4.951230904243e-15       2.748278490147e-13       4.854999305265e-14       2.304899512163e-15 
  346       3.421722616625e-10       2.303096479910e-12       1.242666775122e-11       4.967427955418e-15       2.722364621649e-13       4.781627041716e-14       2.303958438518e-15 
  347       3.386892044281e-10       2.323884225443e-12       1.225199677282e-11       4.983579155595e-15       2.696758111208e-13       4.709506476550e-14       2.303074899844e-15 
  348       3.352512908557e-10       2.344397753601e-12       1.207356066646e-11       4.999686918837e-15       2.671454013527e-13       4.638623389344e-14       2.302254085196e-15 
  349       3.318593374534e-10       2.364627712213e-12       1.189143315123e-11       5.015753724369e-15       2.646447095576e-13       4.568962650607e-14       2.301501264415e-15 
  350       3.285141553145e-10       2.384564644414e-12       1.170569025195e-11       5.031782117030e-15       2.621731833998e-13       4.500508213603e-14       2.300821788574e-15 
  351       3.252165500065e-10       2.404198988179e-12       1.151641031643e-11       5.047774707736e-15       2.597302412515e-13       4.433243106165e-14       2.300221090430e-15 
  352       3.219673214608e-10       2.423521075853e-12       1.132367403272e-11       5.063734173930e-15       2.573152719342e-13       4.367149422520e-14       2.299704684866e-15 
  353       3.187672262475e-10       2.442521599820e-12       1.112756254259e-11       5.079663264643e-15       2.549277128213e-13       4.302202354240e-14       2.299268911825e-15 
  354       3.156168629199e-10       2.461193031551e-12       1.092815166106e-11       5.095564814975e-15       2.525672882181e-13       4.238352029277e-14       2.298872744592e-15 
  355       3.125167817440e-10       2.479528259927e-12       1.072551745328e-11       5.111441733102e-15       2.502337802651e-13       4.175540910996e-14       2.298464824498e-15 
  356       3.094675217402e-10       2.497520130345e-12       1.051973813229e-11       5.127296996181e-15       2.479269512759e-13       4.113709677875e-14       2.297992605529e-15 
  357       3.064696105366e-10       2.515161444698e-12       1.031089407444e-11       5.143133650815e-15       2.456465435538e-13       4.052797209600e-14       2.297402345893e-15 
  358       3.035235642215e-10       2.532444961358e-12       1.009906783486e-11       5.158954813508e-15       2.433922792070e-13       3.992740573160e-14       2.296639099569e-15 
  359       3.006298871968e-10       2.549363395158e-12       9.884344162896e-12       5.174763671128e-15       2.411638599657e-13       3.933475008945e-14       2.295646707871e-15 
  360       2.977890720305e-10       2.565909417371e-12       9.666810017528e-12       5.190563481366e-15       2.389609669974e-13       3.874933916838e-14       2.294367791005e-15 
  361       2.950015993099e-10       2.582075655693e-12       9.446554582828e-12       5.206357573195e-15       2.367832607235e-13       3.817048842311e-14       2.292743739622e-15 
  362       2.922679374948e-10       2.597854694224e-12       9.223669283389e-12       5.222149347331e-15       2.346303806351e-13       3.759749462524e-14       2.290714706381e-15 
  363       2.895885427696e-10       2.613239073447e-12       8.998247799771e-12       5.237942276694e-15       2.325019451093e-13       3.702963572414e-14       2.288219597503e-15 
  364       2.869638588972e-10       2.628221290213e-12       8.770386083935e-12       5.253739906867e-15       2.303975512253e-13       3.646617070798e-14       2.285196064329e-15 
  365       2.843943170714e-10       2.642793797718e-12       8.540182374686e-12       5.269545856554e-15       2.283167745802e-13       3.590633946459e-14       2.281580494882e-15 
  366       2.818803357699e-10       2.656949005489e-12       8.307737213108e-12       5.285363818044e-15       2.262591691054e-13       3.534936264251e-14       2.277308005418e-15 
  367       2.794223206073e-10       2.670679279361e-12       8.073153458007e-12       5.301197557667e-15       2.242242668827e-13       3.479444151188e-14       2.272312431986e-15 
  368       2.770206412256e-10       2.683977370237e-12       7.836533072522e-12       5.317050658490e-15       2.222116372998e-13       3.424098130388e-14       2.266549264919e-15 
  369       2.746755612611e-10       2.696837719049e-12       7.597967312691e-12       5.332925736262e-15       2.202210674649e-13       3.368927122356e-14       2.260065466689e-15 
  370       2.723873053287e-10       2.709255203194e-12       7.357546182426e-12       5.348825193468e-15       2.182523885430e-13       3.313983096800e-14       2.252932389467e-15 
  371       2.701560815684e-10       2.721224712762e-12       7.115361639968e-12       5.364751474532e-15       2.163054169271e-13       3.259318972562e-14       2.245223092386e-15 
  372       2.679820814782e-10       2.732741150898e-12       6.871507610474e-12       5.380707066054e-15       2.143799541068e-13       3.204988623451e-14       2.237012353378e-15 
  373       2.658654797463e-10       2.743799434158e-12       6.626079998607e-12       5.396694497039e-15       2.124757865368e-13       3.151046884096e-14       2.228376681003e-15 
  374       2.638064340839e-10       2.754394492871e-12       6.379176701115e-12       5.412716339132e-15       2.105926855055e-13       3.097549555787e-14       2.219394326285e-15 
  375       2.618050850582e-10       2.764521271500e-12       6.130897619420e-12       5.428775206846e-15       2.087304070035e-13       3.044553412317e-14       2.210145294539e-15 
  376       2.598615559246e-10       2.774174728998e-12       5.881344672208e-12       5.444873757800e-15       2.068886915923e-13       2.992116205829e-14       2.200711357209e-15 
  377       2.579759524596e-10       2.783349839176e-12       5.630621808006e-12       5.461014692945e-15       2.050672642723e-13       2.940296672662e-14       2.191176063697e-15 
  378       2.561483627933e-10       2.792041591056e-12       5.378835017776e-12       5.477200756803e-15       2.032658343519e-13       2.889154539190e-14       2.181624753198e-15 
  379       2.543788572421e-10       2.800244989232e-12       5.126092347496e-12       5.493434737691e-15       2.014840953161e-13       2.838750527670e-14       2.172144566529e-15 
  380       2.526674881414e-10       2.807955054234e-12       4.872503910747e-12       5.509719467960e-15       1.997217246944e-13       2.789146362086e-14       2.162824457963e-15 
  381       2.510142896784e-10       2.815166822886e-12       4.618181901300e-12       5.526057824226e-15       1.979783839299e-13       2.740404773993e-14       2.153755207063e-15 
  382       2.494192777242e-10       2.821875348664e-12       4.363240605700e-12       5.542452727597e-15       1.962537182477e-13       2.692589508358e-14       2.145029430511e-15 
  383       2.478824496670e-10       2.828075702059e-12       4.107796415855e-12       5.558907143913e-15       1.945473565233e-13       2.645765329410e-14       2.136741593944e-15 
  384       2.464037757119e-10       2.833763577718e-12       3.851962980694e-12       5.575423999415e-15       1.928589590464e-13       2.599980390493e-14       2.128961748997e-15 
  385       2.449831727591e-10       2.838937140433e-12       3.595836433455e-12       5.592005923788e-15       1.911883630705e-13       2.555212597110e-14       2.121655626001e-15 
  386       2.436205292103e-10       2.843595249620e-12       3.339509630816e-12       5.608655497865e-15       1.895354425056e-13       2.511421228336e-14       2.114761544700e-15 
  387       2.423157132383e-10       2.847736859687e-12       3.083076972019e-12       5.625375337468e-15       1.879000604279e-13       2.468564381345e-14       2.108216406918e-15 
  388       2.410685726127e-10       2.851361020887e-12       2.826634407512e-12       5.642168093576e-15       1.862820689869e-13       2.426598962933e-14       2.101955687056e-15 
  389       2.398789345259e-10       2.854466880169e-12       2.570279447589e-12       5.659036452486e-15       1.846813093128e-13       2.385480681055e-14       2.095913422608e-15 
  390       2.387466054187e-10       2.857053682034e-12       2.314111171027e-12       5.675983135975e-15       1.830976114242e-13       2.345164036347e-14       2.090022204659e-15 
  391       2.376713708058e-10       2.859120769383e-12       2.058230233733e-12       5.693010901469e-15       1.815307941350e-13       2.305602313661e-14       2.084213168391e-15 
  392       2.366529951018e-10       2.860667584373e-12       1.802738877377e-12       5.710122542199e-15       1.799806649624e-13       2.266747573592e-14       2.078415983593e-15 
  393       2.356912214470e-10       2.861693669269e-12       1.547740938038e-12       5.727320887370e-15       1.784470200340e-13       2.228550644007e-14       2.072558845162e-15 
  394       2.347857715327e-10       2.862198667296e-12       1.293341854840e-12       5.744608802324e-15       1.769296439951e-13       2.190961111574e-14       2.066568463610e-15 
  395       2.339363454274e-10       2.862182323491e-12       1.039648678595e-12       5.761989188700e-15       1.754283099163e-13       2.153927313292e-14       2.060370055568e-15 
  396       2.331426214020e-10       2.861644485559e-12       7.867700804423e-13       5.779464984604e-15       1.739427792010e-13       2.117396328023e-14       2.053887334295e-15 
  397       2.324042557561e-10       2.860585104722e-12       5.348163604883e-13       5.797039164765e-15       1.724728014926e-13       2.081313968015e-14       2.047042500181e-15 
  398       2.317208826434e-10       2.859004236571e-12       2.838994564477e-13       5.814714740704e-15       1.710181145821e-13       2.045624770437e-14       2.039756231251e-15 
  399       2.310921138973e-10       2.856902041924e-12       3.413295228324e-14       5.832494760896e-15       1.695784443152e-13       2.010271988905e-14       2.031947673674e-15 
  400       2.305175388570e-10       2.854278787674e-12      -2.143679131540e-13       5.850382310931e-15       1.681535045000e-13       1.975197585015e-14       2.023534432264e-15 
  401       2.299967327324e-10       2.851135111491e-12      -4.614920459282e-13       5.868380226147e-15       1.667430329582e-13       1.940354301071e-14       2.014453120691e-15 
  402       2.295292823895e-10       2.847472824754e-12      -7.071501454694e-13       5.886490217708e-15       1.653469013048e-13       1.905742377274e-14       2.004721851418e-15 
  403       2.291147611562e-10       2.843294140367e-12      -9.512576781235e-13       5.904713715203e-15       1.639650089611e-13       1.871374147259e-14       1.994379989587e-15 
  404       2.287527202004e-10       2.838601412577e-12      -1.193729122116e-12       5.923052151276e-15       1.625972473046e-13       1.837262077477e-14       1.983467803448e-15 
  405       2.284426883613e-10       2.833397138023e-12      -1.434477963233e-12       5.941506961575e-15       1.612434996030e-13       1.803418767714e-14       1.972026470168e-15 
  406       2.281841719819e-10       2.827683956792e-12      -1.673416690510e-12       5.960079584697e-15       1.599036409488e-13       1.769856951619e-14       1.960098081641e-15 
  407       2.279766547411e-10       2.821464653458e-12      -1.910456791910e-12       5.978771462144e-15       1.585775381933e-13       1.736589497220e-14       1.947725650302e-15 
  408       2.278195974855e-10       2.814742158140e-12      -2.145508750011e-12       5.997584038268e-15       1.572650498816e-13       1.703629407452e-14       1.934953114932e-15 
  409       2.277124380619e-10       2.807519547543e-12      -2.378482037686e-12       6.016518760225e-15       1.559660261859e-13       1.670989820680e-14       1.921825346471e-15 
  410       2.276545911489e-10       2.799800046014e-12      -2.609285113790e-12       6.035577077917e-15       1.546803088407e-13       1.638684011216e-14       1.908388153829e-15 
  411       2.276454480893e-10       2.791587026587e-12      -2.837825418841e-12       6.054760443950e-15       1.534077310767e-13       1.606725389847e-14       1.894688289693e-15 
  412       2.276843767221e-10       2.782884012035e-12      -3.064009370707e-12       6.074070313578e-15       1.521481175552e-13       1.575127504355e-14       1.880773456342e-15 
  413       2.277707212147e-10       2.773694675914e-12      -3.287742360286e-12       6.093508144654e-15       1.509012843025e-13       1.543904040042e-14       1.866692311453e-15 
  414       2.279038018945e-10       2.764022843619e-12      -3.508928747189e-12       6.113075397580e-15       1.496670386440e-13       1.513068820249e-14       1.852494473912e-15 
  415       2.280829150818e-10       2.753872493427e-12      -3.727471855429e-12       6.132773535255e-15       1.484451791388e-13       1.482635806883e-14       1.838230529627e-15 
  416       2.283073329209e-10       2.743247757550e-12      -3.943273969099e-12       6.152604023029e-15       1.472354955137e-13       1.452619100935e-14       1.823952037336e-15 
  417       2.285763032132e-10       2.732152923180e-12      -4.156236328058e-12       6.172568328645e-15       1.460377685980e-13       1.423032943008e-14       1.809711534416e-15 
  418       2.288890773690e-10       2.720592693351e-12      -4.366265348403e-12       6.192667765291e-15       1.448517975814e-13       1.393889162104e-14       1.795553570775e-15 
  419       2.292449956784e-10       2.708572977350e-12      -4.573291530789e-12       6.212903014835e-15       1.436774829679e-13       1.365189423287e-14       1.781487455478e-15 
  420       2.296434046739e-10       2.696100129827e-12      -4.777251200635e-12       6.233274587919e-15       1.425147463754e-13       1.336932711678e-14       1.767513574561e-15 
  421       2.300836291288e-10       2.683180694697e-12      -4.978080342640e-12       6.253782979216e-15       1.413635034251e-13       1.309117858628e-14       1.753632277066e-15 
  422       2.305649719088e-10       2.669821406363e-12      -5.175714600731e-12       6.274428667266e-15       1.402236636949e-13       1.281743540491e-14       1.739843874706e-15 
  423       2.310867138234e-10       2.656029190946e-12      -5.370089278011e-12       6.295212114319e-15       1.390951306719e-13       1.254808277404e-14       1.726148641528e-15 
  424       2.316481134773e-10       2.641811167508e-12      -5.561139336708e-12       6.316133766182e-15       1.379778017059e-13       1.228310432054e-14       1.712546813573e-15 
  425       2.322484071214e-10       2.627174649283e-12      -5.748799398124e-12       6.337194052052e-15       1.368715679623e-13       1.202248208457e-14       1.699038588543e-15 
  426       2.328868085044e-10       2.612127144902e-12      -5.933003742582e-12       6.358393384367e-15       1.357763143749e-13       1.176619650730e-14       1.685624125463e-15 
  427       2.335625087243e-10       2.596676359623e-12      -6.113686309377e-12       6.379732158643e-15       1.346919195992e-13       1.151422641867e-14       1.672303544340e-15 
  428       2.342746760794e-10       2.580830196552e-12      -6.290780696721e-12       6.401210753315e-15       1.336182559655e-13       1.126654902513e-14       1.659076925833e-15 
  429       2.350224559198e-10       2.564596757877e-12      -6.464220161696e-12       6.422829529585e-15       1.325551894317e-13       1.102313989736e-14       1.645944310910e-15 
  430       2.358049704988e-10       2.547984346090e-12      -6.633937620198e-12       6.444588831257e-15       1.315025795364e-13       1.078397295806e-14       1.632905700514e-15 
  431       2.366213188242e-10       2.531001465217e-12      -6.799865646891e-12       6.466488984583e-15       1.304602793522e-13       1.054902046964e-14       1.619961055228e-15 
  432       2.374705765096e-10       2.513656822043e-12      -6.961936475149e-12       6.488530298104e-15       1.294281354383e-13       1.031825302200e-14       1.607110294931e-15 
  433       2.383517956259e-10       2.495959327341e-12      -7.120081997010e-12       6.510713062493e-15       1.284059877940e-13       1.009163952025e-14       1.594353298469e-15 
  434       2.392640045523e-10       2.477918097099e-12      -7.274233763121e-12       6.533037550394e-15       1.273936698112e-13       9.869147172478e-15       1.581689903313e-15 
  435       2.402062078282e-10       2.459542453743e-12      -7.424322982690e-12       6.555504016269e-15       1.263910082281e-13       9.650741477473e-15       1.569119905226e-15 
  436       2.411774338636e-10       2.440841874573e-12      -7.570286693772e-12       6.578112533378e-15       1.253978448599e-13       9.436388390003e-15       1.556640247985e-15 
  437       2.421768801259e-10       2.421825832651e-12      -7.712086500685e-12       6.600862499083e-15       1.244141026859e-13       9.226060921049e-15       1.544236490114e-15 
  438       2.432037724992e-10       2.402503953022e-12      -7.849690460934e-12       6.623753112748e-15       1.234397218726e-13       9.019732733429e-15       1.531891053115e-15 
  439       2.442573177444e-10       2.382886066220e-12      -7.983066975124e-12       6.646783536850e-15       1.224746381616e-13       8.817375973283e-15       1.519586003600e-15 
  440       2.453367033799e-10       2.362982209464e-12      -8.112184790793e-12       6.669952896714e-15       1.215187828360e-13       8.618961259197e-15       1.507303051189e-15 
  441       2.464410975638e-10       2.342802627850e-12      -8.237013006243e-12       6.693260280255e-15       1.205720826873e-13       8.424457671312e-15       1.495023546402e-15 
  442       2.475696489749e-10       2.322357775547e-12      -8.357521074381e-12       6.716704737715e-15       1.196344599824e-13       8.233832740441e-15       1.482728478553e-15 
  443       2.487214866944e-10       2.301658316989e-12      -8.473678806549e-12       6.740285281407e-15       1.187058324298e-13       8.047052437183e-15       1.470398473641e-15 
  444       2.498957200874e-10       2.280715128068e-12      -8.585456376359e-12       6.764000885449e-15       1.177861131470e-13       7.864081161036e-15       1.458013792246e-15 
  445       2.510914386843e-10       2.259539297331e-12      -8.692824323533e-12       6.787850485508e-15       1.168752106268e-13       7.684881729514e-15       1.445554327420e-15 
  446       2.523077120624e-10       2.238142127172e-12      -8.795753557729e-12       6.811832978536e-15       1.159730287043e-13       7.509415367259e-15       1.432999602584e-15 
  447       2.535435897271e-10       2.216535135024e-12      -8.894215362383e-12       6.835947222513e-15       1.150794665235e-13       7.337641695159e-15       1.420328769416e-15 
  448       2.547981009938e-10       2.194730054557e-12      -8.988181398542e-12       6.860192036180e-15       1.141944185041e-13       7.169518719458e-15       1.407520605749e-15 
  449       2.560702548693e-10       2.172738836867e-12      -9.077623708695e-12       6.884566198788e-15       1.133177743083e-13       7.005002820876e-15       1.394553513463e-15 
  450       2.573590399329e-10       2.150573651674e-12      -9.162514720614e-12       6.909068449828e-15       1.124494188075e-13       6.844048743717e-15       1.381405516375e-15 
  451       2.586634242183e-10       2.128246888513e-12      -9.242827251182e-12       6.933697488777e-15       1.115892320491e-13       6.686609584990e-15       1.368054258137e-15 
  452       2.599823550950e-10       2.105771157930e-12      -9.318534510234e-12       6.958451974835e-15       1.107370892233e-13       6.532636783520e-15       1.354477000128e-15 
  453       2.613147591498e-10       2.083159292674e-12      -9.389610104388e-12       6.983330526663e-15       1.098928606298e-13       6.382080109063e-15       1.340650619345e-15 
  454       2.626595420680e-10       2.060424348891e-12      -9.456028040879e-12       7.008331722124e-15       1.090564116445e-13       6.234887651419e-15       1.326551606300e-15 
  455       2.640156527606e-10       2.037579251146e-12      -9.517767716971e-12       7.033453967440e-15       1.082276195657e-13       6.091000909993e-15       1.312163437524e-15 
  456       2.653822782395e-10       2.014635712572e-12      -9.574829055828e-12       7.058695100574e-15       1.074064248131e-13       5.950339911933e-15       1.297498956637e-15 
  457       2.667586547347e-10       1.991605282571e-12      -9.627217861728e-12       7.084052774666e-15       1.065927812992e-13       5.812817597139e-15       1.282578704135e-15 
  458       2.681440039303e-10       1.968499700856e-12      -9.674940884896e-12       7.109524587133e-15       1.057866396740e-13       5.678344661174e-15       1.267423609552e-15 
  459       2.695375328832e-10       1.945330898437e-12      -9.718005828219e-12       7.135108079332e-15       1.049879473017e-13       5.546829541539e-15       1.252054993622e-15 
  460       2.709384339419e-10       1.922110998610e-12      -9.756421353966e-12       7.160800736228e-15       1.041966482370e-13       5.418178403957e-15       1.236494570433e-15 
  461       2.723458846651e-10       1.898852317946e-12      -9.790197090506e-12       7.186599986053e-15       1.034126832022e-13       5.292295128655e-15       1.220764449589e-15 
  462       2.737590477402e-10       1.875567367274e-12      -9.819343639025e-12       7.212503199974e-15       1.026359895630e-13       5.169081296642e-15       1.204887138365e-15 
  463       2.751770709020e-10       1.852268852675e-12      -9.843872580246e-12       7.238507691757e-15       1.018665013053e-13       5.048436175992e-15       1.188885543870e-15 
  464       2.765990868516e-10       1.828969676466e-12      -9.863796481146e-12       7.264610717425e-15       1.011041490120e-13       4.930256708123e-15       1.172782975202e-15 
  465       2.780242131746e-10       1.805682938189e-12      -9.879128901676e-12       7.290809474930e-15       1.003488598390e-13       4.814437494079e-15       1.156603145609e-15 
  466       2.794515522601e-10       1.782421935598e-12      -9.889884401475e-12       7.317101103811e-15       9.960055749212e-14       4.700870780811e-15       1.140370174646e-15 
  467       2.808801912192e-10       1.759200165648e-12      -9.896078546594e-12       7.343482684862e-15       9.885916220354e-14       4.589446447456e-15       1.124108590332e-15 
  468       2.823092018039e-10       1.736031325481e-12      -9.897727916210e-12       7.369951239791e-15       9.812459070816e-14       4.480051991620e-15       1.107843331313e-15 
  469       2.837376403251e-10       1.712929313415e-12      -9.894850109346e-12       7.396503730890e-15       9.739675622026e-14       4.372572515659e-15       1.091599749017e-15 
  470       2.851645475719e-10       1.689908229935e-12      -9.887463751588e-12       7.423137060693e-15       9.667556840997e-14       4.266890712956e-15       1.075403609815e-15 
  471       2.865889487302e-10       1.666982378674e-12      -9.875588501805e-12       7.449848071645e-15       9.596093337982e-14       4.162886854206e-15       1.059281097175e-15 
  472       2.880098533008e-10       1.644166267406e-12      -9.859245058867e-12       7.476633545760e-15       9.525275364122e-14       4.060438773696e-15       1.043258813828e-15 
  473       2.894262550186e-10       1.621474609031e-12      -9.838455168359e-12       7.503490204293e-15       9.455092809099e-14       3.959421855583e-15       1.027363783918e-15 
  474       2.908371317711e-10       1.598922322566e-12      -9.813241629308e-12       7.530414707396e-15       9.385535198791e-14       3.859709020178e-15       1.011623455169e-15 
  475       2.922415191233e-10       1.576523847168e-12      -9.783631173122e-12       7.557403727927e-15       9.316593004674e-14       3.761202495152e-15       9.960599874077e-16 
  476       2.936387335355e-10       1.554291059093e-12      -9.749663183757e-12       7.584454176032e-15       9.248261620924e-14       3.663930227242e-15       9.806729213884e-16 
  477       2.950281558185e-10       1.532235292918e-12      -9.711381257736e-12       7.611562980775e-15       9.180537504444e-14       3.567952394987e-15       9.654559836608e-16 
  478       2.964091581033e-10       1.510368023356e-12      -9.668830364272e-12       7.638727016324e-15       9.113416872468e-14       3.473329893768e-15       9.504027513629e-16 
  479       2.977811037985e-10       1.488700865876e-12      -9.622056853510e-12       7.665943101652e-15       9.046895700913e-14       3.380124338960e-15       9.355066513458e-16 
  480       2.991433475482e-10       1.467245577335e-12      -9.571108464772e-12       7.693208000242e-15       8.980969722719e-14       3.288398069084e-15       9.207609593009e-16 
  481       3.004952351893e-10       1.446014056594e-12      -9.516034334798e-12       7.720518419791e-15       8.915634426206e-14       3.198214148953e-15       9.061587988852e-16 
  482       3.018361037098e-10       1.425018345142e-12      -9.456885005989e-12       7.747871011911e-15       8.850885053415e-14       3.109636372827e-15       8.916931408479e-16 
  483       3.031652812059e-10       1.404270627723e-12      -9.393712434648e-12       7.775262371834e-15       8.786716598462e-14       3.022729267560e-15       8.773568021562e-16 
  484       3.044820868404e-10       1.383783232956e-12      -9.326569999226e-12       7.802689038115e-15       8.723123805880e-14       2.937558095752e-15       8.631424451216e-16 
  485       3.057858307998e-10       1.363568633958e-12      -9.255512508563e-12       7.830147492334e-15       8.660101168972e-14       2.854188858897e-15       8.490425765260e-16 
  486       3.070758142523e-10       1.343639448969e-12      -9.180596210128e-12       7.857634158801e-15       8.597642928157e-14       2.772688300537e-15       8.350495467478e-16 
  487       3.083513293053e-10       1.324008441976e-12      -9.101878798265e-12       7.885145404257e-15       8.535743069318e-14       2.693123909409e-15       8.211555488878e-16 
  488       3.096116589637e-10       1.304688523332e-12      -9.019419422437e-12       7.912677537581e-15       8.474395322150e-14       2.615563922596e-15       8.073526178958e-16 
  489       3.108560770866e-10       1.285692750384e-12      -8.933278695463e-12       7.940226809490e-15       8.413593158509e-14       2.540077328680e-15       7.936326296963e-16 
  490       3.120838483461e-10       1.267034328093e-12      -8.843518701766e-12       7.967789412243e-15       8.353329790758e-14       2.466733870889e-15       7.799873003145e-16 
  491       3.132942281843e-10       1.248726609659e-12      -8.750203005613e-12       7.995361479343e-15       8.293598170119e-14       2.395604050245e-15       7.664081850030e-16 
  492       3.144864627711e-10       1.230783097143e-12      -8.653396659358e-12       8.022939085245e-15       8.234390985015e-14       2.326759128723e-15       7.528866773674e-16 
  493       3.156597889623e-10       1.213217442091e-12      -8.553166211685e-12       8.050518245053e-15       8.175700659423e-14       2.260271132393e-15       7.394140084927e-16 
  494       3.168134342569e-10       1.196043446158e-12      -8.449579715851e-12       8.078094914229e-15       8.117519351223e-14       2.196212854573e-15       7.259812460689e-16 
  495       3.179466167548e-10       1.179275061728e-12      -8.342706737927e-12       8.105664988290e-15       8.059838950540e-14       2.134657858981e-15       7.125792935180e-16 
  496       3.190586184820e-10       1.162925436479e-12      -8.232618091280e-12       8.133224418871e-15       8.002652088971e-14       2.075658057399e-15       6.992002317947e-16 
  497       3.201490078158e-10       1.147004014978e-12      -8.119385014701e-12       8.160769566236e-15       7.945955203161e-14       2.019175712983e-15       6.858413898506e-16 
  498       3.212174234992e-10       1.131519353312e-12      -8.003079986414e-12       8.188296856520e-15       7.889745557816e-14       1.965149448981e-15       6.725013918249e-16 
  499       3.222635018574e-10       1.116480067615e-12      -7.883777003751e-12       8.215802666067e-15       7.834020241799e-14       1.913516486155e-15       6.591788249444e-16 
  500       3.232868767905e-10       1.101894834231e-12      -7.761551591259e-12       8.243283321191e-15       7.778776166969e-14       1.864212635007e-15       6.458722393025e-16 
  501       3.242871797677e-10       1.087772389869e-12      -7.636480808808e-12       8.270735097939e-15       7.724010067022e-14       1.817172288013e-15       6.325801476397e-16 
  502       3.252640398204e-10       1.074121531764e-12      -7.508643259704e-12       8.298154221846e-15       7.669718496329e-14       1.772328411862e-15       6.193010251229e-16 
  503       3.262170835357e-10       1.060951117831e-12      -7.378119098797e-12       8.325536867700e-15       7.615897828781e-14       1.729612539685e-15       6.060333091249e-16 
  504       3.271459350495e-10       1.048270066824e-12      -7.244990040587e-12       8.352879159297e-15       7.562544256623e-14       1.688954763290e-15       5.927753990048e-16 
  505       3.280502160404e-10       1.036087358495e-12      -7.109339367340e-12       8.380177169203e-15       7.509653789297e-14       1.650283725397e-15       5.795256558872e-16 
  506       3.289295457230e-10       1.024412033752e-12      -6.971251937190e-12       8.407426918517e-15       7.457222252284e-14       1.613526611868e-15       5.662824024419e-16 
  507       3.297835408411e-10       1.013253194814e-12      -6.830814192256e-12       8.434624376624e-15       7.405245285941e-14       1.578609143947e-15       5.530439226639e-16 
  508       3.306118156613e-10       1.002620005372e-12      -6.688114166742e-12       8.461765460962e-15       7.353718344343e-14       1.545455570489e-15       5.398084616530e-16 
  509       3.314139819663e-10       9.925216907452e-13      -6.543241495057e-12       8.488846036777e-15       7.302636694121e-14       1.513988660193e-15       5.265742253934e-16 
  510       3.321896490488e-10       9.829675380398e-13      -6.396287419917e-12       8.515861916886e-15       7.251995413307e-14       1.484129693841e-15       5.133393805334e-16 
  511       3.329384237041e-10       9.739668963053e-13      -6.247344800454e-12       8.542808861434e-15       7.201789390167e-14       1.455798456525e-15       5.001020541656e-16 
  512       3.336599102242e-10       9.655291766933e-13      -6.096508120332e-12       8.569682577656e-15       7.152013322048e-14       1.428913229886e-15       4.868603336058e-16 
  513       3.343537103910e-10       9.576638526155e-13      -5.943873495850e-12       8.596478719638e-15       7.102661714213e-14       1.403390784346e-15       4.736122661735e-16 
  514       3.350194234698e-10       9.503804599010e-13      -5.789538684054e-12       8.623192888072e-15       7.053728878684e-14       1.379146371341e-15       4.603558589711e-16 
  515       3.356566462025e-10       9.436885969545e-13      -5.633603090845e-12       8.649820630021e-15       7.005208933082e-14       1.356093715556e-15       4.470890786638e-16 
  516       3.362649728012e-10       9.375979249137e-13      -5.476167779090e-12       8.676357438678e-15       6.957095799465e-14       1.334145007158e-15       4.338098512594e-16 
  517       3.368439949418e-10       9.321181678076e-13      -5.317335476732e-12       8.702798753123e-15       6.909383203172e-14       1.313210894029e-15       4.205160618879e-16 
  518       3.373933628544e-10       9.272580553578e-13      -5.157206883738e-12       8.729140224823e-15       6.862065449948e-14       1.293216673313e-15       4.072068320408e-16 
  519       3.379129704962e-10       9.230221184096e-13      -4.995869462413e-12       8.755378525839e-15       6.815139783697e-14       1.274151381949e-15       3.938863911883e-16 
  520       3.384027755678e-10       9.194138037900e-13      -4.833408348180e-12       8.781510562848e-15       6.768604092679e-14       1.256020069859e-15       3.805603134881e-16 
  521       3.388627389067e-10       9.164365232088e-13      -4.669910028696e-12       8.807533212342e-15       6.722456136398e-14       1.238827724837e-15       3.672342505120e-16 
  522       3.392928245081e-10       9.140936529445e-13      -4.505462350310e-12       8.833443320500e-15       6.676693544791e-14       1.222579272007e-15       3.539139315960e-16 
  523       3.396929995457e-10       9.123885335295e-13      -4.340154524521e-12       8.859237703075e-15       6.631313817415e-14       1.207279573292e-15       3.406051641895e-16 
  524       3.400632343924e-10       9.113244694367e-13      -4.174077134435e-12       8.884913145265e-15       6.586314322634e-14       1.192933426876e-15       3.273138342061e-16 
  525       3.404035026407e-10       9.109047287650e-13      -4.007322141221e-12       8.910466401599e-15       6.541692296807e-14       1.179545566668e-15       3.140459063728e-16 
  526       3.407137811238e-10       9.111325429251e-13      -3.839982890571e-12       8.935894195812e-15       6.497444843478e-14       1.167120661769e-15       3.008074245806e-16 
  527       3.409940499360e-10       9.120111063255e-13      -3.672154119154e-12       8.961193220724e-15       6.453568932559e-14       1.155663315936e-15       2.876045122336e-16 
  528       3.412442924535e-10       9.135435760584e-13      -3.503931961076e-12       8.986360138120e-15       6.410061399519e-14       1.145178067042e-15       2.744433725999e-16 
  529       3.414644953553e-10       9.157330715854e-13      -3.335413954337e-12       9.011391578630e-15       6.366918944576e-14       1.135669386547e-15       2.613302891605e-16 
  530       3.416546486434e-10       9.185826744232e-13      -3.166699047287e-12       9.036284141606e-15       6.324138131877e-14       1.127141678959e-15       2.482716259600e-16 
  531       3.418147456640e-10       9.220954278300e-13      -2.997887605084e-12       9.061034395000e-15       6.281715388692e-14       1.119599281296e-15       2.352738279563e-16 
  532       3.419447831281e-10       9.262743364907e-13      -2.829081416152e-12       9.085638875248e-15       6.239647004597e-14       1.113046462558e-15       2.223434213703e-16 
  533       3.420447611318e-10       9.311223662034e-13      -2.660383698637e-12       9.110094087142e-15       6.197929130663e-14       1.107487423183e-15       2.094870140361e-16 
  534       3.421146831775e-10       9.366424435647e-13      -2.491899106865e-12       9.134396503715e-15       6.156557778647e-14       1.102926294516e-15       1.967112957509e-16 
  535       3.421545561943e-10       9.428374556558e-13      -2.323733737800e-12       9.158542566117e-15       6.115528820175e-14       1.099367138273e-15       1.840230386245e-16 
  536       3.421643905589e-10       9.497102497284e-13      -2.155995137502e-12       9.182528683494e-15       6.074837985928e-14       1.096813946005e-15       1.714290974299e-16 
  537       3.421442001161e-10       9.572636328904e-13      -1.988792307579e-12       9.206351232867e-15       6.034480864837e-14       1.095270638563e-15       1.589364099528e-16 
  538       3.420940021996e-10       9.655003717919e-13      -1.822235711653e-12       9.230006559011e-15       5.994452903264e-14       1.094741065560e-15       1.465519973415e-16 
  539       3.420138176526e-10       9.744231923111e-13      -1.656437281809e-12       9.253490974337e-15       5.954749404192e-14       1.095229004840e-15       1.342829644570e-16 
  540       3.419036708488e-10       9.840347792397e-13      -1.491510425058e-12       9.276800758765e-15       5.915365526412e-14       1.096738161937e-15       1.221365002230e-16 
  541       3.417636265847e-10       9.943368575872e-13      -1.327563231994e-12       9.299932505031e-15       5.876296879976e-14       1.099269758309e-15       1.101183129523e-16 
  542       3.415939018074e-10       1.005327409959e-12      -1.164677888812e-12       9.322884165046e-15       5.837541331817e-14       1.102815225769e-15       9.822788934272e-17 
  543       3.413947569339e-10       1.017003383687e-12      -1.002930724084e-12       9.345654031452e-15       5.799097247109e-14       1.107363314431e-15       8.646310860847e-17 
  544       3.411664592871e-10       1.029361601752e-12      -8.423989601058e-13       9.368240394763e-15       5.760962896831e-14       1.112902484640e-15       7.482179567322e-17 
  545       3.409092831311e-10       1.042398762092e-12      -6.831607165784e-13       9.390641543387e-15       5.723136457195e-14       1.119420905453e-15       6.330172087966e-17 
  546       3.406235097073e-10       1.056111436914e-12      -5.252950142783e-13       9.412855763646e-15       5.685616009080e-14       1.126906453113e-15       5.190059969891e-17 
  547       3.403094272702e-10       1.070496072002e-12      -3.688817787354e-13       9.434881339796e-15       5.648399537463e-14       1.135346709532e-15       4.061609243996e-17 
  548       3.399673311230e-10       1.085548986029e-12      -2.140018439076e-13       9.456716554050e-15       5.611484930850e-14       1.144728960765e-15       2.944580395915e-17 
  549       3.395975236536e-10       1.101266369865e-12      -6.073695585642e-14       9.478359686593e-15       5.574869980709e-14       1.155040195487e-15       1.838728336954e-17 
  550       3.392003143701e-10       1.117644285888e-12       9.083022357791e-14       9.499809015608e-15       5.538552380900e-14       1.166267103472e-15       7.438023750426e-18 
  551       3.387760199369e-10       1.134678667296e-12       2.406161131009e-13       9.521062817292e-15       5.502529727107e-14       1.178396074073e-15      -3.404538143263e-18 
  552       3.383249642104e-10       1.152365317413e-12       3.885362082885e-13       9.542119365877e-15       5.466799516271e-14       1.191413194695e-15      -1.414302217150e-17 
  553       3.378474782746e-10       1.170699909002e-12       5.345050779119e-13       9.562976933655e-15       5.431359146019e-14       1.205304249277e-15      -2.478010509975e-17 
  554       3.373439004771e-10       1.189677983573e-12       6.784363602617e-13       9.583633790992e-15       5.396205914096e-14       1.220054716766e-15      -3.531852088946e-17 
  555       3.368145764647e-10       1.209294950696e-12       8.202427594732e-13       9.604088206351e-15       5.361337017800e-14       1.235649769596e-15      -4.576106098870e-17 
  556       3.362598592196e-10       1.229546087308e-12       9.598360418508e-13       9.624338446312e-15       5.326749553409e-14       1.252074272168e-15      -5.611057462265e-17 
  557       3.356801090946e-10       1.250426537024e-12       1.097127032192e-12       9.644382775595e-15       5.292440515615e-14       1.269312779325e-15      -6.636996908422e-17 
  558       3.350756938492e-10       1.271931309447e-12       1.232025610114e-12       9.664219457075e-15       5.258406796955e-14       1.287349534829e-15      -7.654221002454e-17 
  559       3.344469886854e-10       1.294055279479e-12       1.364440706375e-12       9.683846751807e-15       5.224645187242e-14       1.306168469840e-15      -8.663032174357e-17 
  560       3.337943762837e-10       1.316793186629e-12       1.494280299202e-12       9.703262919044e-15       5.191152372998e-14       1.325753201396e-15      -9.663738748063e-17 
  561       3.331182468382e-10       1.340139634325e-12       1.621451410615e-12       9.722466216258e-15       5.157924936885e-14       1.346087030887e-15      -1.065665497050e-16 
  562       3.324189980931e-10       1.364089089223e-12       1.745860102750e-12       9.741454899160e-15       5.124959357136e-14       1.367152942532e-15      -1.164210104064e-16 
  563       3.316970353781e-10       1.388635880516e-12       1.867411474184e-12       9.760227221721e-15       5.092252006984e-14       1.388933601861e-15      -1.262040313856e-16 
  564       3.309527716445e-10       1.413774199248e-12       1.986009656261e-12       9.778781436191e-15       5.059799154101e-14       1.411411354190e-15      -1.359189345449e-16 
  565       3.301866335277e-10       1.439497600303e-12       2.101566397790e-12       9.797116106320e-15       5.027597416417e-14       1.434567137163e-15      -1.455683764592e-16 
  566       3.293990796362e-10       1.465797495682e-12       2.214027069708e-12       9.815231055844e-15       4.995645143666e-14       1.458377190679e-15      -1.551521509552e-16 
  567       3.285905828046e-10       1.492664621037e-12       2.323345323342e-12       9.833126444484e-15       4.963941070326e-14       1.482816259170e-15      -1.646693304743e-16 
  568       3.277616241475e-10       1.520089528598e-12       2.429474562230e-12       9.850802457094e-15       4.932483862049e-14       1.507858667937e-15      -1.741189866867e-16 
  569       3.269126930972e-10       1.548062586292e-12       2.532367941667e-12       9.868259303798e-15       4.901272115261e-14       1.533478321222e-15      -1.835001905089e-16 
  570       3.260442874418e-10       1.576573976873e-12       2.631978368249e-12       9.885497220133e-15       4.870304356771e-14       1.559648700277e-15      -1.928120121227e-16 
  571       3.251569133634e-10       1.605613697041e-12       2.728258499424e-12       9.902516467180e-15       4.839579043368e-14       1.586342861434e-15      -2.020535209929e-16 
  572       3.242510854762e-10       1.635171556566e-12       2.821160743037e-12       9.919317331706e-15       4.809094561426e-14       1.613533434178e-15      -2.112237858860e-16 
  573       3.233273268641e-10       1.665237177414e-12       2.910637256880e-12       9.935900126302e-15       4.778849226507e-14       1.641192619212e-15      -2.203218748878e-16 
  574       3.223861691193e-10       1.695799992865e-12       2.996639948238e-12       9.952265189518e-15       4.748841282964e-14       1.669292186532e-15      -2.293468554224e-16 
  575       3.214281523801e-10       1.726849246644e-12       3.079120473435e-12       9.968412886005e-15       4.719068903543e-14       1.697803473494e-15      -2.382977942697e-16 
  576       3.204538253687e-10       1.758373992037e-12       3.158030237382e-12       9.984343606647e-15       4.689530188987e-14       1.726697382885e-15      -2.471737575841e-16 
  577       3.194637454298e-10       1.790363091019e-12       3.233320393128e-12       1.000005776871e-14       4.660223167636e-14       1.755944380997e-15      -2.559738109128e-16 
  578       3.184584785683e-10       1.822805213375e-12       3.304941841403e-12       1.001555581595e-14       4.631145795033e-14       1.785514495689e-15      -2.646970192134e-16 
  579       3.174385994872e-10       1.855688835827e-12       3.372845230167e-12       1.003083821881e-14       4.602295953527e-14       1.815377314464e-15      -2.733424468731e-16 
  580       3.164046916262e-10       1.889002241150e-12       3.436980954156e-12       1.004590547450e-14       4.573671451872e-14       1.845501982538e-15      -2.819091577259e-16 
  581       3.153573471990e-10       1.922733517305e-12       3.497299154433e-12       1.006075810714e-14       4.545270024834e-14       1.875857200907e-15      -2.903962150717e-16 
  582       3.142971672321e-10       1.956870556555e-12       3.553749717932e-12       1.007539666794e-14       4.517089332791e-14       1.906411224422e-15      -2.988026816940e-16 
  583       3.132247616024e-10       1.991401054592e-12       3.606282277007e-12       1.008982173529e-14       4.489126961337e-14       1.937131859853e-15      -3.071276198785e-16 
  584       3.121407490751e-10       2.026312509657e-12       3.654846208978e-12       1.010403391495e-14       4.461380420887e-14       1.967986463967e-15      -3.153700914308e-16 
  585       3.110457573423e-10       2.061592221670e-12       3.699390635681e-12       1.011803384012e-14       4.433847146273e-14       1.998941941590e-15      -3.235291576953e-16 
  586       3.099404230607e-10       2.097227291345e-12       3.739864423012e-12       1.013182217165e-14       4.406524496356e-14       2.029964743683e-15      -3.316038795730e-16 
  587       3.088253918896e-10       2.133204619319e-12       3.776216180477e-12       1.014539959810e-14       4.379409753620e-14       2.061020865410e-15      -3.395933175398e-16 
  588       3.077013185291e-10       2.169510905276e-12       3.808394260739e-12       1.015876683597e-14       4.352500123783e-14       2.092075844208e-15      -3.474965316647e-16 
  589       3.065688667581e-10       2.206132647064e-12       3.836346759164e-12       1.017192462975e-14       4.325792735391e-14       2.123094757858e-15      -3.553125816284e-16 
  590       3.054286835645e-10       2.243056288441e-12       3.860029805828e-12       1.018487395089e-14       4.299284987685e-14       2.154050297191e-15      -3.630406566799e-16 
  591       3.042813207578e-10       2.280268668069e-12       3.879432667316e-12       1.019761659964e-14       4.272975604400e-14       2.184947207042e-15      -3.706804689959e-16 
  592       3.031273114964e-10       2.317756579866e-12       3.894553263719e-12       1.021015461830e-14       4.246863605195e-14       2.215798444865e-15      -3.782318700687e-16 
  593       3.019671960497e-10       2.355506624577e-12       3.905389934661e-12       1.022249009405e-14       4.220947959473e-14       2.246617161549e-15      -3.856947217088e-16 
  594       3.008015218268e-10       2.393505208946e-12       3.911941441695e-12       1.023462515909e-14       4.195227586102e-14       2.277416702263e-15      -3.930688961079e-16 
  595       2.996308434058e-10       2.431738544889e-12       3.914206970705e-12       1.024656199090e-14       4.169701353141e-14       2.308210607311e-15      -4.003542759019e-16 
  596       2.984557225632e-10       2.470192648670e-12       3.912186134311e-12       1.025830281243e-14       4.144368077562e-14       2.339012612977e-15      -4.075507542338e-16 
  597       2.972767283025e-10       2.508853340075e-12       3.905878974265e-12       1.026984989229e-14       4.119226524971e-14       2.369836652376e-15      -4.146582348167e-16 
  598       2.960944368837e-10       2.547706241587e-12       3.895285963855e-12       1.028120554497e-14       4.094275409331e-14       2.400696856301e-15      -4.216766319965e-16 
  599       2.949094318526e-10       2.586736777562e-12       3.880408010306e-12       1.029237213104e-14       4.069513392687e-14       2.431607554075e-15      -4.286058708154e-16 
  600       2.937223040693e-10       2.625930173399e-12       3.861246457182e-12       1.030335205738e-14       4.044939084886e-14       2.462583274396e-15      -4.354458870742e-16 
  601       2.925336517381e-10       2.665271454720e-12       3.837803086784e-12       1.031414777735e-14       4.020551043300e-14       2.493638746190e-15      -4.421966273959e-16 
  602       2.913440804360e-10       2.704745446541e-12       3.810080122556e-12       1.032476179102e-14       3.996347772550e-14       2.524788899458e-15      -4.488580492880e-16 
  603       2.901542031422e-10       2.744336772447e-12       3.778080231481e-12       1.033519664536e-14       3.972327724228e-14       2.556048866126e-15      -4.554301212060e-16 
  604       2.889646402670e-10       2.784029853768e-12       3.741806526488e-12       1.034545493448e-14       3.948489296619e-14       2.587433980891e-15      -4.619128226160e-16 
  605       2.877760196813e-10       2.823808908753e-12       3.701262568848e-12       1.035553929979e-14       3.924830834426e-14       2.618959782075e-15      -4.683061440578e-16 
  606       2.865889767451e-10       2.863657951743e-12       3.656452370576e-12       1.036545243022e-14       3.901350628488e-14       2.650642012469e-15      -4.746100872079e-16 
  607       2.854041543375e-10       2.903560792346e-12       3.607380396837e-12       1.037519706248e-14       3.878046915507e-14       2.682496620186e-15      -4.808246649423e-16 
  608       2.842222028851e-10       2.943501034615e-12       3.554051568342e-12       1.038477598116e-14       3.854917877770e-14       2.714539759508e-15      -4.869499013995e-16 
  609       2.830437803912e-10       2.983462076218e-12       3.496471263749e-12       1.039419201904e-14       3.831961642871e-14       2.746787791735e-15      -4.929858320435e-16 
  610       2.818695524654e-10       3.023427107613e-12       3.434645322070e-12       1.040344805725e-14       3.809176283432e-14       2.779257286035e-15      -4.989325037269e-16 
  611       2.807001923525e-10       3.063379111227e-12       3.368580045065e-12       1.041254702546e-14       3.786559816827e-14       2.811965020292e-15      -5.047899747534e-16 
  612       2.795363809612e-10       3.103300860625e-12       3.298282199648e-12       1.042149190212e-14       3.764110204908e-14       2.844927981955e-15      -5.105583149414e-16 
  613       2.783788068941e-10       3.143174919687e-12       3.223759020287e-12       1.043028571465e-14       3.741825353721e-14       2.878163368889e-15      -5.162376056861e-16 
  614       2.772281664761e-10       3.182983641785e-12       3.145018211404e-12       1.043893153965e-14       3.719703113234e-14       2.911688590220e-15      -5.218279400234e-16 
  615       2.760851637837e-10       3.222709168951e-12       3.062067949779e-12       1.044743250310e-14       3.697741277058e-14       2.945521267188e-15      -5.273294226922e-16 
  616       2.749504604186e-10       3.262334297954e-12       2.974922494611e-12       1.045579178742e-14       3.675937847797e-14       2.979671845102e-15      -5.327419776913e-16 
  617       2.738245234642e-10       3.301845102682e-12       2.883619158563e-12       1.046401265239e-14       3.654291840560e-14       3.014121235588e-15      -5.380647658232e-16 
  618       2.727077739902e-10       3.341228372147e-12       2.788201742864e-12       1.047209841513e-14       3.632802497906e-14       3.048842647211e-15      -5.432967534986e-16 
  619       2.716006369963e-10       3.380470748660e-12       2.688714970147e-12       1.048005244351e-14       3.611469025743e-14       3.083808925022e-15      -5.484369039976e-16 
  620       2.705035414256e-10       3.419558727275e-12       2.585204488613e-12       1.048787815634e-14       3.590290593137e-14       3.118992549070e-15      -5.534841774717e-16 
  621       2.694169201776e-10       3.458478655238e-12       2.477716876210e-12       1.049557902361e-14       3.569266332113e-14       3.154365632922e-15      -5.584375309465e-16 
  622       2.683412101215e-10       3.497216731435e-12       2.366299644799e-12       1.050315856668e-14       3.548395337468e-14       3.189899922179e-15      -5.632959183231e-16 
  623       2.672768521095e-10       3.535759005841e-12       2.251001244332e-12       1.051062035848e-14       3.527676666572e-14       3.225566792990e-15      -5.680582903810e-16 
  624       2.662242909904e-10       3.574091378970e-12       2.131871067016e-12       1.051796802374e-14       3.507109339179e-14       3.261337250569e-15      -5.727235947800e-16 
  625       2.651839756223e-10       3.612199601317e-12       2.008959451493e-12       1.052520523917e-14       3.486692337229e-14       3.297181927712e-15      -5.772907760621e-16 
  626       2.641563588861e-10       3.650069272815e-12       1.882317687003e-12       1.053233573370e-14       3.466424604659e-14       3.333071083311e-15      -5.817587756542e-16 
  627       2.631418976990e-10       3.687685842275e-12       1.751998017564e-12       1.053936328867e-14       3.446305047207e-14       3.368974600873e-15      -5.861265318697e-16 
  628       2.621410530273e-10       3.725034606839e-12       1.618053646139e-12       1.054629173803e-14       3.426332532218e-14       3.404861987035e-15      -5.903929799113e-16 
  629       2.611542899002e-10       3.762100711429e-12       1.480538738807e-12       1.055312496859e-14       3.406505888453e-14       3.440702370078e-15      -5.945570518726e-16 
  630       2.601820774226e-10       3.798869148192e-12       1.339508428939e-12       1.055986692018e-14       3.386823905894e-14       3.476464498445e-15      -5.986176767405e-16 
  631       2.592248887886e-10       3.835324755948e-12       1.195018821365e-12       1.056652158586e-14       3.367285335550e-14       3.512116739260e-15      -6.025737803975e-16 
  632       2.582832012948e-10       3.871452219642e-12       1.047126996548e-12       1.057309301217e-14       3.347888889263e-14       3.547627076836e-15      -6.064242856237e-16 
  633       2.573574963534e-10       3.907236069791e-12       8.958910147582e-13       1.057958529932e-14       3.328633239519e-14       3.582963111202e-15      -6.101681120989e-16 
  634       2.564482595057e-10       3.942660681928e-12       7.413699202389e-13       1.058600260136e-14       3.309517019247e-14       3.618092056608e-15      -6.138041764051e-16 
  635       2.555559804349e-10       3.977710276056e-12       5.836237453829e-13       1.059234912645e-14       3.290538821633e-14       3.652980740051e-15      -6.173313920284e-16 
  636       2.546811529801e-10       4.012368916094e-12       4.227135149024e-13       1.059862913703e-14       3.271697199922e-14       3.687595599784e-15      -6.207486693611e-16 
  637       2.538242751488e-10       4.046620509324e-12       2.587012500011e-13       1.060484695004e-14       3.252990667226e-14       3.721902683834e-15      -6.240549157042e-16 
  638       2.529858491308e-10       4.080448805841e-12       9.164997254595e-14       1.061100693712e-14       3.234417696330e-14       3.755867648522e-15      -6.272490352692e-16 
  639       2.521663813110e-10       4.113837398000e-12      -7.837629076138e-14       1.061711352483e-14       3.215976719499e-14       3.789455756973e-15      -6.303299291806e-16 
  640       2.513663822829e-10       4.146769719867e-12      -2.513125042125e-13       1.062317119485e-14       3.197666128284e-14       3.822631877636e-15      -6.332964954779e-16 
  641       2.505863668618e-10       4.179229046661e-12      -4.270926189209e-13       1.062918448419e-14       3.179484273330e-14       3.855360482800e-15      -6.361476291177e-16 
  642       2.498268540981e-10       4.211198494209e-12      -6.056495686497e-13       1.063515798541e-14       3.161429464181e-14       3.887605647109e-15      -6.388822219760e-16 
  643       2.490883085298e-10       4.242662425793e-12      -7.869142792587e-13       1.064109613232e-14       3.143500170410e-14       3.919339557854e-15      -6.414995420784e-16 
  644       2.483709624509e-10       4.273610708816e-12      -9.708126808422e-13       1.064700255139e-14       3.125695630403e-14       3.950568260614e-15      -6.440003807228e-16 
  645       2.476749896411e-10       4.304034553526e-12      -1.157268619621e-12       1.065288069609e-14       3.108015255995e-14       3.981306494217e-15      -6.463859313607e-16 
  646       2.470005637576e-10       4.333925114201e-12      -1.346204833746e-12       1.065873406014e-14       3.090458432254e-14       4.011569232763e-15      -6.486574128351e-16 
  647       2.463478583319e-10       4.363273489006e-12      -1.537542948840e-12       1.066456617769e-14       3.073024517349e-14       4.041371686616e-15      -6.508160694921e-16 
  648       2.457170467656e-10       4.392070719852e-12      -1.731203473539e-12       1.067038062346e-14       3.055712842416e-14       4.070729303383e-15      -6.528631712934e-16 
  649       2.451083023269e-10       4.420307792249e-12      -1.927105795036e-12       1.067618101288e-14       3.038522711421e-14       4.099657768896e-15      -6.548000139282e-16 
  650       2.445217981468e-10       4.447975635163e-12      -2.125168174625e-12       1.068197100224e-14       3.021453401026e-14       4.128173008196e-15      -6.566279189253e-16 
  651       2.439577072151e-10       4.475065120873e-12      -2.325307743240e-12       1.068775428884e-14       3.004504160452e-14       4.156291186516e-15      -6.583482337651e-16 
  652       2.434162023771e-10       4.501567064826e-12      -2.527440496998e-12       1.069353461112e-14       2.987674211347e-14       4.184028710263e-15      -6.599623319918e-16 
  653       2.428974563294e-10       4.527472225493e-12      -2.731481292746e-12       1.069931574884e-14       2.970962747647e-14       4.211402228002e-15      -6.614716133253e-16 
  654       2.424016416164e-10       4.552771304228e-12      -2.937343843596e-12       1.070510152318e-14       2.954368935445e-14       4.238428631436e-15      -6.628775037733e-16 
  655       2.419289306262e-10       4.577454945117e-12      -3.144940714474e-12       1.071089579694e-14       2.937891912853e-14       4.265125056392e-15      -6.641814557437e-16 
  656       2.414794955874e-10       4.601513734844e-12      -3.354183317659e-12       1.071670247463e-14       2.921530789867e-14       4.291508883803e-15      -6.653849481561e-16 
  657       2.410535085648e-10       4.624938202539e-12      -3.564981908325e-12       1.072252550266e-14       2.905284648235e-14       4.317597740687e-15      -6.664894865543e-16 
  658       2.406511414559e-10       4.647718819636e-12      -3.777245580088e-12       1.072836886946e-14       2.889152541315e-14       4.343409501136e-15      -6.674966032183e-16 
  659       2.402725659873e-10       4.669845999733e-12      -3.990882260541e-12       1.073423660565e-14       2.873133493950e-14       4.368962287294e-15      -6.684078572760e-16 
  660       2.399179537103e-10       4.691310098443e-12      -4.205798706804e-12       1.074013278416e-14       2.857226502322e-14       4.394274470343e-15      -6.692248348159e-16 
  661       2.395874759980e-10       4.712101413253e-12      -4.421900501060e-12       1.074606152039e-14       2.841430533825e-14       4.419364671481e-15      -6.699491489987e-16 
  662       2.392813040408e-10       4.732210183379e-12      -4.639092046103e-12       1.075202697236e-14       2.825744526927e-14       4.444251762912e-15      -6.705824401695e-16 
  663       2.389996088431e-10       4.751626589622e-12      -4.857276560878e-12       1.075803334086e-14       2.810167391033e-14       4.468954868820e-15      -6.711263759700e-16 
  664       2.387425612193e-10       4.770340754226e-12      -5.076356076020e-12       1.076408486956e-14       2.794698006353e-14       4.493493366360e-15      -6.715826514501e-16 
  665       2.385103317902e-10       4.788342740732e-12      -5.296231429402e-12       1.077018584521e-14       2.779335223765e-14       4.517886886635e-15      -6.719529891807e-16 
  666       2.383030909790e-10       4.805622553834e-12      -5.516802261677e-12       1.077634059775e-14       2.764077864681e-14       4.542155315682e-15      -6.722391393652e-16 
  667       2.381210090079e-10       4.822170139236e-12      -5.737967011816e-12       1.078255350047e-14       2.748924720911e-14       4.566318795454e-15      -6.724428799517e-16 
  668       2.379642558939e-10       4.837975383508e-12      -5.959622912652e-12       1.078882897014e-14       2.733874554527e-14       4.590397724801e-15      -6.725660167452e-16 
  669       2.378330014456e-10       4.853028113943e-12      -6.181665986428e-12       1.079517146719e-14       2.718926097731e-14       4.614412760455e-15      -6.726103835195e-16 
  670       2.377274152586e-10       4.867318098411e-12      -6.403991040330e-12       1.080158549581e-14       2.704078052717e-14       4.638384818011e-15      -6.725778421296e-16 
  671       2.376476175120e-10       4.880836624860e-12      -6.626496154741e-12       1.080807520665e-14       2.689329247126e-14       4.662329220422e-15      -6.724701548314e-16 
  672       2.375935301892e-10       4.893581277773e-12      -6.849096264013e-12       1.081464319496e-14       2.674679104385e-14       4.686238001961e-15      -6.722885979717e-16 
  673       2.375650226166e-10       4.905551265195e-12      -7.071709861920e-12       1.082129167660e-14       2.660127183323e-14       4.710097221752e-15      -6.720343401278e-16 
  674       2.375619603555e-10       4.916745848763e-12      -7.294254532412e-12       1.082802288323e-14       2.645673023406e-14       4.733892780874e-15      -6.717085692168e-16 
  675       2.375842051849e-10       4.927164343980e-12      -7.516646946353e-12       1.083483906232e-14       2.631316144648e-14       4.757610421791e-15      -6.713124925740e-16 
  676       2.376316150844e-10       4.936806120494e-12      -7.738802858263e-12       1.084174247723e-14       2.617056047516e-14       4.781235727771e-15      -6.708473370308e-16 
  677       2.377040442178e-10       4.945670602373e-12      -7.960637103051e-12       1.084873540721e-14       2.602892212835e-14       4.804754122316e-15      -6.703143489927e-16 
  678       2.378013429160e-10       4.953757268381e-12      -8.182063592757e-12       1.085582014747e-14       2.588824101697e-14       4.828150868584e-15      -6.697147945176e-16 
  679       2.379233576600e-10       4.961065652256e-12      -8.402995313287e-12       1.086299900920e-14       2.574851155366e-14       4.851411068817e-15      -6.690499593938e-16 
  680       2.380699310644e-10       4.967595342987e-12      -8.623344321154e-12       1.087027431962e-14       2.560972795182e-14       4.874519663765e-15      -6.683211492178e-16 
  681       2.382409018603e-10       4.973345985086e-12      -8.843021740215e-12       1.087764842204e-14       2.547188422470e-14       4.897461432108e-15      -6.675296894727e-16 
  682       2.384361048785e-10       4.978317278872e-12      -9.061937758406e-12       1.088512367586e-14       2.533497418448e-14       4.920220989890e-15      -6.666769256058e-16 
  683       2.386553710327e-10       4.982508980739e-12      -9.280001624486e-12       1.089270245664e-14       2.519899144129e-14       4.942782789932e-15      -6.657642231074e-16 
  684       2.388985273024e-10       4.985920903440e-12      -9.497121644770e-12       1.090038715612e-14       2.506392940227e-14       4.965131121270e-15      -6.647929675882e-16 
  685       2.391653967164e-10       4.988552916358e-12      -9.713205179868e-12       1.090818018229e-14       2.492978127070e-14       4.987250108570e-15      -6.637645648574e-16 
  686       2.394557983359e-10       4.990404945786e-12      -9.928158641427e-12       1.091608395941e-14       2.479654004497e-14       5.009123711560e-15      -6.626804410012e-16 
  687       2.397695472371e-10       4.991476975201e-12      -1.014188748886e-11       1.092410092803e-14       2.466419851774e-14       5.030735724451e-15      -6.615420424606e-16 
  688       2.401064544953e-10       4.991769045544e-12      -1.035429622611e-11       1.093223354510e-14       2.453274927490e-14       5.052069775363e-15      -6.603508361093e-16 
  689       2.404663271670e-10       4.991281255491e-12      -1.056528839833e-11       1.094048428391e-14       2.440218469473e-14       5.073109325754e-15      -6.591083093320e-16 
  690       2.408489682740e-10       4.990013761733e-12      -1.077476658869e-11       1.094885563421e-14       2.427249694689e-14       5.093837669841e-15      -6.578159701024e-16 
  691       2.412541767857e-10       4.987966779256e-12      -1.098263241509e-11       1.095735010225e-14       2.414367799152e-14       5.114237934025e-15      -6.564753470612e-16 
  692       2.416817476030e-10       4.985140581608e-12      -1.118878652686e-11       1.096597021075e-14       2.401571957830e-14       5.134293076321e-15      -6.550879895942e-16 
  693       2.421314715408e-10       4.981535501184e-12      -1.139312860156e-11       1.097471849902e-14       2.388861324549e-14       5.153985885777e-15      -6.536554679104e-16 
  694       2.426031353115e-10       4.977151929500e-12      -1.159555734167e-11       1.098359752294e-14       2.376235031902e-14       5.173298981904e-15      -6.521793731199e-16 
  695       2.430965215081e-10       4.971990317468e-12      -1.179597047136e-11       1.099260985506e-14       2.363692191155e-14       5.192214814100e-15      -6.506613173122e-16 
  696       2.436114085875e-10       4.966051175674e-12      -1.199426473321e-11       1.100175808457e-14       2.351231892151e-14       5.210715661073e-15      -6.491029336341e-16 
  697       2.441475708531e-10       4.959335074652e-12      -1.219033588494e-11       1.101104481741e-14       2.338853203218e-14       5.228783630271e-15      -6.475058763678e-16 
  698       2.447047784385e-10       4.951842645165e-12      -1.238407869619e-11       1.102047267625e-14       2.326555171076e-14       5.246400657300e-15      -6.458718210089e-16 
  699       2.452827972905e-10       4.943574578478e-12      -1.257538694520e-11       1.103004430059e-14       2.314336820741e-14       5.263548505359e-15      -6.442024643445e-16 
  700       2.458813891521e-10       4.934531626635e-12      -1.276415341559e-11       1.103976234675e-14       2.302197155433e-14       5.280208764655e-15      -6.424995245314e-16 
  701       2.465002909411e-10       4.924715765382e-12      -1.295027886362e-11       1.104962903972e-14       2.290135276367e-14       5.296366440169e-15      -6.407642722227e-16 
  702       2.471391524494e-10       4.914133708920e-12      -1.313369913130e-11       1.105964481838e-14       2.278150745050e-14       5.312020797975e-15      -6.389961130884e-16 
  703       2.477975973143e-10       4.902793468807e-12      -1.331435859077e-11       1.106980966217e-14       2.266243228333e-14       5.327174743395e-15      -6.371939759646e-16 
  704       2.484752434841e-10       4.890703198497e-12      -1.349220122384e-11       1.108012353670e-14       2.254412379145e-14       5.341831253393e-15      -6.353567790985e-16 
  705       2.491717031964e-10       4.877871193893e-12      -1.366717062083e-11       1.109058639367e-14       2.242657836430e-14       5.355993376882e-15      -6.334834301118e-16 
  706       2.498865829557e-10       4.864305893914e-12      -1.383920997958e-11       1.110119817078e-14       2.230979225083e-14       5.369664235016e-15      -6.315728259645e-16 
  707       2.506194835119e-10       4.850015881049e-12      -1.400826210429e-11       1.111195879170e-14       2.219376155882e-14       5.382847021498e-15      -6.296238529188e-16 
  708       2.513699998385e-10       4.835009881922e-12      -1.417426940452e-11       1.112286816599e-14       2.207848225425e-14       5.395545002877e-15      -6.276353865025e-16 
  709       2.521377211103e-10       4.819296767849e-12      -1.433717389408e-11       1.113392618900e-14       2.196395016069e-14       5.407761518846e-15      -6.256062914728e-16 
  710       2.529222306820e-10       4.802885555398e-12      -1.449691718995e-11       1.114513274184e-14       2.185016095859e-14       5.419499982547e-15      -6.235354217804e-16 
  711       2.537231060661e-10       4.785785406952e-12      -1.465344051122e-11       1.115648769130e-14       2.173711018471e-14       5.430763880866e-15      -6.214216205324e-16 
  712       2.545399189107e-10       4.768005631265e-12      -1.480668467801e-11       1.116799088977e-14       2.162479323140e-14       5.441556774739e-15      -6.192637199568e-16 
  713       2.553722349782e-10       4.749555684023e-12      -1.495659011040e-11       1.117964217518e-14       2.151320534602e-14       5.451882299448e-15      -6.170605413658e-16 
  714       2.562196141232e-10       4.730445168407e-12      -1.510309682735e-11       1.119144137093e-14       2.140234163024e-14       5.461744164922e-15      -6.148108951194e-16 
  715       2.570816102705e-10       4.710683835649e-12      -1.524614444563e-11       1.120338828583e-14       2.129219703945e-14       5.471146156039e-15      -6.125135805896e-16 
  716       2.579577713931e-10       4.690281585594e-12      -1.538567217874e-11       1.121548271400e-14       2.118276638207e-14       5.480092132924e-15      -6.101673861234e-16 
  717       2.588476394908e-10       4.669248467261e-12      -1.552161883585e-11       1.122772443484e-14       2.107404431892e-14       5.488586031251e-15      -6.077710890073e-16 
  718       2.597507505680e-10       4.647594679401e-12      -1.565392282069e-11       1.124011321295e-14       2.096602536257e-14       5.496631862544e-15      -6.053234554302e-16 
  719       2.606666346115e-10       4.625330571056e-12      -1.578252213052e-11       1.125264879804e-14       2.085870387674e-14       5.504233714473e-15      -6.028232404478e-16 
  720       2.615948155694e-10       4.602466642124e-12      -1.590735435503e-11       1.126533092489e-14       2.075207407557e-14       5.511395751160e-15      -6.002691879459e-16 
  721       2.625348113286e-10       4.579013543913e-12      -1.602835667528e-11       1.127815931326e-14       2.064613002305e-14       5.518122213476e-15      -5.976600306042e-16 
  722       2.634861336931e-10       4.554982079706e-12      -1.614546586260e-11       1.129113366784e-14       2.054086563233e-14       5.524417419339e-15      -5.949944898600e-16 
  723       2.644482883621e-10       4.530383205315e-12      -1.625861827754e-11       1.130425367814e-14       2.043627466512e-14       5.530285764021e-15      -5.922712758719e-16 
  724       2.654207749083e-10       4.505228029650e-12      -1.636774986879e-11       1.131751901850e-14       2.033235073098e-14       5.535731720441e-15      -5.894890874837e-16 
  725       2.664030867557e-10       4.479527815269e-12      -1.647279617211e-11       1.133092934794e-14       2.022908728675e-14       5.540759839471e-15      -5.866466121877e-16 
  726       2.673947111579e-10       4.453293978945e-12      -1.657369230923e-11       1.134448431012e-14       2.012647763583e-14       5.545374750232e-15      -5.837425260888e-16 
  727       2.683951291763e-10       4.426538092223e-12      -1.667037298681e-11       1.135818353329e-14       2.002451492762e-14       5.549581160398e-15      -5.807754938679e-16 
  728       2.694038156580e-10       4.399271881981e-12      -1.676277249535e-11       1.137202663022e-14       1.992319215677e-14       5.553383856492e-15      -5.777441687459e-16 
  729       2.704202392142e-10       4.371507230990e-12      -1.685082470810e-11       1.138601319808e-14       1.982250216265e-14       5.556787704190e-15      -5.746471924470e-16 
  730       2.714438621980e-10       4.343256178473e-12      -1.693446308001e-11       1.140014281843e-14       1.972243762861e-14       5.559797648621e-15      -5.714831951630e-16 
  731       2.724741406828e-10       4.314530920666e-12      -1.701362064666e-11       1.141441505714e-14       1.962299108138e-14       5.562418714663e-15      -5.682507955165e-16 
  732       2.735105414630e-10       4.285343986107e-12      -1.708824012547e-11       1.142882916291e-14       1.952415577674e-14       5.564655575893e-15      -5.649489923616e-16 
  733       2.745525934725e-10       4.255708764207e-12      -1.715830444238e-11       1.144338315652e-14       1.942592837714e-14       5.566511251386e-15      -5.615783488238e-16 
  734       2.755998373477e-10       4.225638988321e-12      -1.722380681133e-11       1.145807472328e-14       1.932830632616e-14       5.567988383540e-15      -5.581398317801e-16 
  735       2.766518084791e-10       4.195148562567e-12      -1.728474068816e-11       1.147290151269e-14       1.923128696654e-14       5.569089667287e-15      -5.546344222101e-16 
  736       2.777080369931e-10       4.164251562430e-12      -1.734109977182e-11       1.148786113829e-14       1.913486753980e-14       5.569817850295e-15      -5.510631152476e-16 
  737       2.787680477347e-10       4.132962235354e-12      -1.739287800559e-11       1.150295117751e-14       1.903904518572e-14       5.570175733173e-15      -5.474269202316e-16 
  738       2.798313602484e-10       4.101295001349e-12      -1.744006957820e-11       1.151816917151e-14       1.894381694196e-14       5.570166169672e-15      -5.437268607579e-16 
  739       2.808974887611e-10       4.069264453585e-12      -1.748266892506e-11       1.153351262512e-14       1.884917974356e-14       5.569792066892e-15      -5.399639747304e-16 
  740       2.819659421631e-10       4.036885358993e-12      -1.752067072945e-11       1.154897900662e-14       1.875513042253e-14       5.569056385483e-15      -5.361393144124e-16 
  741       2.830362239910e-10       4.004172658863e-12      -1.755406992366e-11       1.156456574766e-14       1.866166570738e-14       5.567962139853e-15      -5.322539464776e-16 
  742       2.841078324087e-10       3.971141469442e-12      -1.758286169022e-11       1.158027024308e-14       1.856878222270e-14       5.566512398367e-15      -5.283089520623e-16 
  743       2.851802601900e-10       3.937807082538e-12      -1.760704146306e-11       1.159608985084e-14       1.847647648868e-14       5.564710283554e-15      -5.243054268159e-16 
  744       2.862529947000e-10       3.904184966113e-12      -1.762660492872e-11       1.161202189180e-14       1.838474492068e-14       5.562558972307e-15      -5.202444809524e-16 
  745       2.873255178777e-10       3.870290764886e-12      -1.764154802749e-11       1.162806364965e-14       1.829358382879e-14       5.560061696094e-15      -5.161272393022e-16 
  746       2.883973062172e-10       3.836140300930e-12      -1.765186695465e-11       1.164421237074e-14       1.820298941737e-14       5.557221741152e-15      -5.119548413630e-16 
  747       2.894678307500e-10       3.801749574273e-12      -1.765755816161e-11       1.166046526395e-14       1.811295778462e-14       5.554042448702e-15      -5.077284413512e-16 
  748       2.905365570270e-10       3.767134763496e-12      -1.765861835711e-11       1.167681950055e-14       1.802348492212e-14       5.550527215141e-15      -5.034492082534e-16 
  749       2.916029451003e-10       3.732312226331e-12      -1.765504450843e-11       1.169327221411e-14       1.793456671437e-14       5.546679492255e-15      -4.991183258774e-16 
  750       2.926664495049e-10       3.697298500262e-12      -1.764683384252e-11       1.170982050027e-14       1.784619893837e-14       5.542502787420e-15      -4.947369929042e-16 
  751       2.937265192411e-10       3.662110303122e-12      -1.763398384726e-11       1.172646141669e-14       1.775837726318e-14       5.538000663802e-15      -4.903064229385e-16 
  752       2.947825977562e-10       3.626764533695e-12      -1.761649227256e-11       1.174319198288e-14       1.767109724943e-14       5.533176740567e-15      -4.858278445607e-16 
  753       2.958341229262e-10       3.591278272313e-12      -1.759435713160e-11       1.176000918005e-14       1.758435434891e-14       5.528034693081e-15      -4.813025013779e-16 
  754       2.968805270380e-10       3.555668781454e-12      -1.756757670202e-11       1.177690995101e-14       1.749814390412e-14       5.522578253115e-15      -4.767316520754e-16 
  755       2.979212367715e-10       3.519953506345e-12      -1.753614952708e-11       1.179389120000e-14       1.741246114780e-14       5.516811209046e-15      -4.721165704678e-16 
  756       2.989556731810e-10       3.484150075555e-12      -1.750007441682e-11       1.181094979258e-14       1.732730120252e-14       5.510737406067e-15      -4.674585455508e-16 
  757       2.999832516775e-10       3.448276301601e-12      -1.745935044932e-11       1.182808255545e-14       1.724265908020e-14       5.504360746384e-15      -4.627588815519e-16 
  758       3.010033820106e-10       3.412350181543e-12      -1.741397697183e-11       1.184528627638e-14       1.715852968167e-14       5.497685189424e-15      -4.580188979823e-16 
  759       3.020154682504e-10       3.376389897583e-12      -1.736395360194e-11       1.186255770401e-14       1.707490779624e-14       5.490714752038e-15      -4.532399296880e-16 
  760       3.030189087692e-10       3.340413817664e-12      -1.730928022884e-11       1.187989354777e-14       1.699178810125e-14       5.483453508703e-15      -4.484233269012e-16 
  761       3.040130962238e-10       3.304440496072e-12      -1.724995701440e-11       1.189729047769e-14       1.690916516159e-14       5.475905591729e-15      -4.435704552915e-16 
  762       3.049974175372e-10       3.268488674032e-12      -1.718598439447e-11       1.191474512431e-14       1.682703342931e-14       5.468075191460e-15      -4.386826960174e-16 
  763       3.059712538805e-10       3.232577280309e-12      -1.711736307995e-11       1.193225407851e-14       1.674538724312e-14       5.459966556479e-15      -4.337614457775e-16 
  764       3.069340300542e-10       3.196724414037e-12      -1.704410124752e-11       1.194981388603e-14       1.666422150436e-14       5.451583488811e-15      -4.288081209467e-16 
  765       3.078853637017e-10       3.160944270707e-12      -1.696623625965e-11       1.196742103116e-14       1.658353371986e-14       5.442927818558e-15      -4.238241699668e-16 
  766       3.088249189090e-10       3.125250158671e-12      -1.688381336165e-11       1.198507195245e-14       1.650332199719e-14       5.434000900540e-15      -4.188110612939e-16 
  767       3.097523570560e-10       3.089655511977e-12      -1.679687853241e-11       1.200276304795e-14       1.642358437150e-14       5.424804116759e-15      -4.137702793875e-16 
  768       3.106673368080e-10       3.054173890766e-12      -1.670547848712e-11       1.202049067502e-14       1.634431880524e-14       5.415338876498e-15      -4.087033247628e-16 
  769       3.115695141083e-10       3.018818981657e-12      -1.660966067986e-11       1.203825115023e-14       1.626552318779e-14       5.405606616423e-15      -4.036117140425e-16 
  770       3.124585421704e-10       2.983604598139e-12      -1.650947330633e-11       1.205604074918e-14       1.618719533524e-14       5.395608800678e-15      -3.984969800091e-16 
  771       3.133340714692e-10       2.948544680961e-12      -1.640496530647e-11       1.207385570643e-14       1.610933299000e-14       5.385346920993e-15      -3.933606716573e-16 
  772       3.141957497340e-10       2.913653298521e-12      -1.629618636711e-11       1.209169221530e-14       1.603193382055e-14       5.374822496775e-15      -3.882043542460e-16 
  773       3.150432219402e-10       2.878944647257e-12      -1.618318692469e-11       1.210954642776e-14       1.595499542108e-14       5.364037075216e-15      -3.830296093505e-16 
  774       3.158761303013e-10       2.844433052039e-12      -1.606601816785e-11       1.212741445429e-14       1.587851531123e-14       5.352992231389e-15      -3.778380349145e-16 
  775       3.166941142609e-10       2.810132966555e-12      -1.594473204015e-11       1.214529236374e-14       1.580249093578e-14       5.341689568349e-15      -3.726312453027e-16 
  776       3.174968104851e-10       2.776058973705e-12      -1.581938124267e-11       1.216317618320e-14       1.572691966429e-14       5.330130717233e-15      -3.674108713526e-16 
  777       3.182838528543e-10       2.742225785987e-12      -1.569001923674e-11       1.218106189786e-14       1.565179879085e-14       5.318317337360e-15      -3.621785604268e-16 
  778       3.190548724554e-10       2.708648245893e-12      -1.555670024656e-11       1.219894545085e-14       1.557712553375e-14       5.306251116331e-15      -3.569359764653e-16 
  779       3.198094975738e-10       2.675341326293e-12      -1.541947926184e-11       1.221682274314e-14       1.550289703516e-14       5.293933770132e-15      -3.516848000374e-16 
  780       3.205473536854e-10       2.642320130828e-12      -1.527841204053e-11       1.223468963339e-14       1.542911036085e-14       5.281367043227e-15      -3.464267283941e-16 
  781       3.212680634489e-10       2.609599894301e-12      -1.513355511141e-11       1.225254193778e-14       1.535576249985e-14       5.268552708667e-15      -3.411634755203e-16 
  782       3.219712466976e-10       2.577195983065e-12      -1.498496577680e-11       1.227037542994e-14       1.528285036417e-14       5.255492568184e-15      -3.358967721867e-16 
  783       3.226565204316e-10       2.545123895415e-12      -1.483270211518e-11       1.228818584073e-14       1.521037078848e-14       5.242188452291e-15      -3.306283660025e-16 
  784       3.233234988100e-10       2.513399261975e-12      -1.467682298390e-11       1.230596885819e-14       1.513832052980e-14       5.228642220388e-15      -3.253600214669e-16 
  785       3.239717931426e-10       2.482037846094e-12      -1.451738802180e-11       1.232372012732e-14       1.506669626720e-14       5.214855760856e-15      -3.200935200218e-16 
  786       3.246010118823e-10       2.451055544229e-12      -1.435445765187e-11       1.234143525000e-14       1.499549460147e-14       5.200830991157e-15      -3.148306601037e-16 
  787       3.252107606172e-10       2.420468386339e-12      -1.418809308396e-11       1.235910978484e-14       1.492471205487e-14       5.186569857941e-15      -3.095732571962e-16 
  788       3.258006420624e-10       2.390292536277e-12      -1.401835631738e-11       1.237673924701e-14       1.485434507073e-14       5.172074337137e-15      -3.043231438818e-16 
  789       3.263702560522e-10       2.360544292175e-12      -1.384531014360e-11       1.239431910817e-14       1.478439001323e-14       5.157346434061e-15      -2.990821698941e-16 
  790       3.269191995322e-10       2.331240086837e-12      -1.366901814890e-11       1.241184479625e-14       1.471484316705e-14       5.142388183510e-15      -2.938522021703e-16 
  791       3.274470665514e-10       2.302396488132e-12      -1.348954471702e-11       1.242931169537e-14       1.464570073707e-14       5.127201649866e-15      -2.886351249033e-16 
  792       3.279534482541e-10       2.274030199377e-12      -1.330695503185e-11       1.244671514571e-14       1.457695884804e-14       5.111788927195e-15      -2.834328395934e-16 
  793       3.284379328721e-10       2.246158059733e-12      -1.312131508005e-11       1.246405044331e-14       1.450861354431e-14       5.096152139348e-15      -2.782472651012e-16 
  794       3.289001057169e-10       2.218797044593e-12      -1.293269165375e-11       1.248131284001e-14       1.444066078952e-14       5.080293440057e-15      -2.730803376993e-16 
  795       3.293395491714e-10       2.191964265973e-12      -1.274115235318e-11       1.249849754324e-14       1.437309646625e-14       5.064215013041e-15      -2.679340111244e-16 
  796       3.297558426824e-10       2.165676972901e-12      -1.254676558937e-11       1.251559971594e-14       1.430591637576e-14       5.047919072102e-15      -2.628102566301e-16 
  797       3.301485627523e-10       2.139952551808e-12      -1.234960058676e-11       1.253261447640e-14       1.423911623763e-14       5.031407861227e-15      -2.577110630382e-16 
  798       3.305173432008e-10       2.114806650897e-12      -1.214972815741e-11       1.254953722211e-14       1.417269220076e-14       5.014683871345e-15      -2.526380129659e-16 
  799       3.308620571742e-10       2.090247514868e-12      -1.194722303359e-11       1.256636460805e-14       1.410664238690e-14       4.997750494742e-15      -2.475910029026e-16 
  800       3.311826384482e-10       2.066281547376e-12      -1.174216158313e-11       1.258309358603e-14       1.404096537472e-14       4.980611382812e-15      -2.425694998324e-16 
  801       3.314790214640e-10       2.042915177700e-12      -1.153462104451e-11       1.259972108224e-14       1.397565969086e-14       4.963270230623e-15      -2.375729629119e-16 
  802       3.317511413310e-10       2.020154860785e-12      -1.132467952975e-11       1.261624399714e-14       1.391072380979e-14       4.945730777057e-15      -2.326008434422e-16 
  803       3.319989338308e-10       1.998007077270e-12      -1.111241602713e-11       1.263265920545e-14       1.384615615354e-14       4.927996804952e-15      -2.276525848422e-16 
  804       3.322223354203e-10       1.976478333537e-12      -1.089791040406e-11       1.264896355601e-14       1.378195509153e-14       4.910072141242e-15      -2.227276226199e-16 
  805       3.324212832352e-10       1.955575161737e-12      -1.068124340988e-11       1.266515387173e-14       1.371811894031e-14       4.891960657100e-15      -2.178253843457e-16 
  806       3.325957150935e-10       1.935304119832e-12      -1.046249667862e-11       1.268122694952e-14       1.365464596340e-14       4.873666268077e-15      -2.129452896242e-16 
  807       3.327455694986e-10       1.915671791634e-12      -1.024175273186e-11       1.269717956020e-14       1.359153437106e-14       4.855192934242e-15      -2.080867500673e-16 
  808       3.328707856431e-10       1.896684786838e-12      -1.001909498150e-11       1.271300844844e-14       1.352878232006e-14       4.836544660325e-15      -2.032491692657e-16 
  809       3.329713034121e-10       1.878349741062e-12      -9.794607732588e-12       1.272871033267e-14       1.346638791348e-14       4.817725495858e-15      -1.984319427621e-16 
  810       3.330470633864e-10       1.860673315879e-12      -9.568376186122e-12       1.274428190500e-14       1.340434920053e-14       4.798739535313e-15      -1.936344580232e-16 
  811       3.330980068462e-10       1.843662198863e-12      -9.340486441845e-12       1.275971983116e-14       1.334266417628e-14       4.779590918248e-15      -1.888560944123e-16 
  812       3.331240757741e-10       1.827323103618e-12      -9.111025501060e-12       1.277502075039e-14       1.328133078149e-14       4.760283829440e-15      -1.840962231616e-16 
  813       3.331252128592e-10       1.811662769817e-12      -8.880081269438e-12       1.279018127544e-14       1.322034690238e-14       4.740822499036e-15      -1.793542073446e-16 
  814       3.331013614997e-10       1.796687963242e-12      -8.647742559819e-12       1.280519799239e-14       1.315971037043e-14       4.721211202684e-15      -1.746294018487e-16 
  815       3.330524658071e-10       1.782405475818e-12      -8.414099095020e-12       1.282006746064e-14       1.309941896218e-14       4.701454261681e-15      -1.699211533472e-16 
  816       3.329784706089e-10       1.768822125649e-12      -8.179241510644e-12       1.283478621284e-14       1.303947039897e-14       4.681556043110e-15      -1.652288002723e-16 
  817       3.328793214526e-10       1.755944757061e-12      -7.943261357883e-12       1.284935075477e-14       1.297986234678e-14       4.661520959983e-15      -1.605516727869e-16 
  818       3.327549646085e-10       1.743780240632e-12      -7.706251106324e-12       1.286375756530e-14       1.292059241599e-14       4.641353471381e-15      -1.558890927576e-16 
  819       3.326053470739e-10       1.732335473232e-12      -7.468304146758e-12       1.287800309628e-14       1.286165816120e-14       4.621058082594e-15      -1.512403737265e-16 
  820       3.324304165758e-10       1.721617378061e-12      -7.229514793985e-12       1.289208377251e-14       1.280305708096e-14       4.600639345264e-15      -1.466048208842e-16 
  821       3.322301215745e-10       1.711632904686e-12      -6.989978289618e-12       1.290599599162e-14       1.274478661762e-14       4.580101857523e-15      -1.419817310417e-16 
  822       3.320044112674e-10       1.702389029075e-12      -6.749790804894e-12       1.291973612402e-14       1.268684415708e-14       4.559450264138e-15      -1.373703926032e-16 
  823       3.317532355919e-10       1.693892753636e-12      -6.509049443475e-12       1.293330051280e-14       1.262922702860e-14       4.538689256649e-15      -1.327700855383e-16 
  824       3.314765452290e-10       1.686151107257e-12      -6.267852244257e-12       1.294668547369e-14       1.257193250457e-14       4.517823573507e-15      -1.281800813546e-16 
  825       3.311742916069e-10       1.679171145338e-12      -6.026298184177e-12       1.295988729495e-14       1.251495780032e-14       4.496858000223e-15      -1.235996430696e-16 
  826       3.308464269041e-10       1.672959949830e-12      -5.784487181018e-12       1.297290223730e-14       1.245830007388e-14       4.475797369501e-15      -1.190280251840e-16 
  827       3.304929040529e-10       1.667524629273e-12      -5.542520096215e-12       1.298572653386e-14       1.240195642580e-14       4.454646561384e-15      -1.144644736533e-16 
  828       3.301136767431e-10       1.662872318833e-12      -5.300498737661e-12       1.299835639006e-14       1.234592389890e-14       4.433410503391e-15      -1.099082258604e-16 
  829       3.297086994250e-10       1.659010180337e-12      -5.058525862515e-12       1.301078798356e-14       1.229019947812e-14       4.412094170661e-15      -1.053585105885e-16 
  830       3.292779273130e-10       1.655945402311e-12      -4.816705180006e-12       1.302301746419e-14       1.223478009023e-14       4.390702586093e-15      -1.008145479928e-16 
  831       3.288213163892e-10       1.653685200019e-12      -4.575141354243e-12       1.303504095385e-14       1.217966260368e-14       4.369240820485e-15      -9.627554957341e-17 
  832       3.283388234062e-10       1.652236815498e-12      -4.333940007014e-12       1.304685454647e-14       1.212484382835e-14       4.347713992678e-15      -9.174071814755e-17 
  833       3.278304491633e-10       1.651605645360e-12      -4.093201132512e-12       1.305845482641e-14       1.207032089556e-14       4.326126156025e-15      -8.720954372929e-17 
  834       3.272963691553e-10       1.651789588168e-12      -3.852999209332e-12       1.306984043387e-14       1.201609240561e-14       4.304476936134e-15      -8.268269690747e-17 
  835       3.267368052195e-10       1.652784598095e-12      -3.613402745579e-12       1.308101052679e-14       1.196215729991e-14       4.282764834494e-15      -7.816115106576e-17 
  836       3.261519824812e-10       1.654586547901e-12      -3.374480837048e-12       1.309196426480e-14       1.190851448246e-14       4.260988336759e-15      -7.364588791726e-17 
  837       3.255421293655e-10       1.657191228642e-12      -3.136303168892e-12       1.310270080926e-14       1.185516281973e-14       4.239145912691e-15      -6.913789752804e-17 
  838       3.249074776074e-10       1.660594349387e-12      -2.898940017291e-12       1.311321932326e-14       1.180210114047e-14       4.217236016115e-15      -6.463817834064e-17 
  839       3.242482622634e-10       1.664791536933e-12      -2.662462251119e-12       1.312351897163e-14       1.174932823562e-14       4.195257084861e-15      -6.014773719764e-17 
  840       3.235647217217e-10       1.669778335514e-12      -2.426941333612e-12       1.313359892096e-14       1.169684285811e-14       4.173207540719e-15      -5.566758936511e-17 
  841       3.228570977135e-10       1.675550206517e-12      -2.192449324039e-12       1.314345833961e-14       1.164464372276e-14       4.151085789383e-15      -5.119875855621e-17 
  842       3.221256353239e-10       1.682102528197e-12      -1.959058879366e-12       1.315309639774e-14       1.159272950611e-14       4.128890220400e-15      -4.674227695466e-17 
  843       3.213705830027e-10       1.689430595390e-12      -1.726843255928e-12       1.316251226729e-14       1.154109884625e-14       4.106619207119e-15      -4.229918523830e-17 
  844       3.205921925751e-10       1.697529619224e-12      -1.495876311095e-12       1.317170512201e-14       1.148975034275e-14       4.084271106641e-15      -3.787053260258e-17 
  845       3.197907192529e-10       1.706394726837e-12      -1.266232504942e-12       1.318067413749e-14       1.143868255642e-14       4.061844259767e-15      -3.345737678410e-17 
  846       3.189664216452e-10       1.716020961085e-12      -1.037986901917e-12       1.318941849115e-14       1.138789400923e-14       4.039336990944e-15      -2.906078408414e-17 
  847       3.181195617693e-10       1.726403280263e-12      -8.112151725059e-13       1.319793736225e-14       1.133738318415e-14       4.016747608217e-15      -2.468182939218e-17 
  848       3.172504050617e-10       1.737536557812e-12      -5.859935949068e-13       1.320622993194e-14       1.128714852499e-14       3.994074403175e-15      -2.032159620941e-17 
  849       3.163592203888e-10       1.749415582035e-12      -3.623990566930e-13       1.321429538323e-14       1.123718843625e-14       3.971315650899e-15      -1.598117667227e-17 
  850       3.154462800580e-10       1.762035055813e-12      -1.405090564841e-13       1.322213290101e-14       1.118750128301e-14       3.948469609916e-15      -1.166167157596e-17 
  851       3.145118598284e-10       1.775389596314e-12       7.959829438690e-14       1.322974167211e-14       1.113808539074e-14       3.925534522140e-15      -7.364190397989e-18 
  852       3.135562389217e-10       1.789473734711e-12       2.978442702047e-13       1.323712088523e-14       1.108893904519e-14       3.902508612824e-15      -3.089851321655e-18 
  853       3.125797000334e-10       1.804281915892e-12       5.141495292039e-13       1.324426973104e-14       1.104006049221e-14       3.879390090511e-15       1.160218740392e-18 
  854       3.115825293432e-10       1.819808498178e-12       7.284341119002e-13       1.325118740212e-14       1.099144793765e-14       3.856177146979e-15       5.384884122645e-18 
  855       3.105650165262e-10       1.836047753032e-12       9.406174394228e-13       1.325787309305e-14       1.094309954715e-14       3.832867957189e-15       9.583000383212e-18 
  856       3.095274547636e-10       1.852993864775e-12       1.150618311846e-12       1.326432600034e-14       1.089501344605e-14       3.809460679236e-15       1.375341428029e-17 
  857       3.084701407539e-10       1.870640930300e-12       1.358354906519e-12       1.327054532249e-14       1.084718771924e-14       3.785953454298e-15       1.789496374866e-17 
  858       3.073933747235e-10       1.888982958784e-12       1.563744776402e-12       1.327653026002e-14       1.079962041096e-14       3.762344406582e-15       2.200647787612e-17 
  859       3.062974604375e-10       1.908013871403e-12       1.766704848393e-12       1.328228001543e-14       1.075230952474e-14       3.738631643273e-15       2.608677688002e-17 
  860       3.051827052110e-10       1.927727501046e-12       1.967151421663e-12       1.328779379327e-14       1.070525302317e-14       3.714813254483e-15       3.013467208369e-17 
  861       3.040494199197e-10       1.948117592027e-12       2.165000165986e-12       1.329307080009e-14       1.065844882779e-14       3.690887313203e-15       3.414896589294e-17 
  862       3.028979190106e-10       1.969177799799e-12       2.360166120071e-12       1.329811024454e-14       1.061189481898e-14       3.666851875243e-15       3.812845177253e-17 
  863       3.017285205133e-10       1.990901690670e-12       2.552563689895e-12       1.330291133728e-14       1.056558883574e-14       3.642704979190e-15       4.207191422265e-17 
  864       3.005415460508e-10       2.013282741514e-12       2.742106647033e-12       1.330747329108e-14       1.051952867562e-14       3.618444646350e-15       4.597812875540e-17 
  865       2.993373208501e-10       2.036314339483e-12       2.928708126990e-12       1.331179532078e-14       1.047371209449e-14       3.594068880700e-15       4.984586187125e-17 
  866       2.981161737532e-10       2.059989781728e-12       3.112280627534e-12       1.331587664334e-14       1.042813680649e-14       3.569575668835e-15       5.367387103553e-17 
  867       2.968784372284e-10       2.084302275102e-12       3.292736007025e-12       1.331971647783e-14       1.038280048380e-14       3.544962979915e-15       5.746090465491e-17 
  868       2.956244473805e-10       2.109244935884e-12       3.469985482752e-12       1.332331404542e-14       1.033770075655e-14       3.520228765619e-15       6.120570205386e-17 
  869       2.943545439621e-10       2.134810789487e-12       3.643939629258e-12       1.332666856947e-14       1.029283521265e-14       3.495370960087e-15       6.490699345116e-17 
  870       2.930690745396e-10       2.160991930762e-12       3.814519428531e-12       1.332977971200e-14       1.024820168834e-14       3.470388625531e-15       6.856379936546e-17 
  871       2.917684070446e-10       2.187776990058e-12       3.981689627154e-12       1.333264889141e-14       1.020379914553e-14       3.445285410231e-15       7.217633438586e-17 
  872       2.904529174546e-10       2.215153624079e-12       4.145425935549e-12       1.333527798691e-14       1.015962680890e-14       3.420066148460e-15       7.574511851922e-17 
  873       2.891229856688e-10       2.243109351020e-12       4.305704026929e-12       1.333766890412e-14       1.011568387644e-14       3.394735720209e-15       7.927067915916e-17 
  874       2.877789955188e-10       2.271631550147e-12       4.462499537381e-12       1.333982357508e-14       1.007196951933e-14       3.369299051323e-15       8.275355111005e-17 
  875       2.864213347814e-10       2.300707461381e-12       4.615788065948e-12       1.334174395841e-14       1.002848288187e-14       3.343761113626e-15       8.619427661081e-17 
  876       2.850503951888e-10       2.330324184875e-12       4.765545174712e-12       1.334343203932e-14       9.985223081342e-15       3.318126925051e-15       8.959340535886e-17 
  877       2.836665724414e-10       2.360468680595e-12       4.911746388873e-12       1.334488982974e-14       9.942189207951e-15       3.292401549774e-15       9.295149453401e-17 
  878       2.822702662183e-10       2.391127767904e-12       5.054367196832e-12       1.334611936839e-14       9.899380324696e-15       3.266590098340e-15       9.626910882233e-17 
  879       2.808618801895e-10       2.422288125140e-12       5.193383050275e-12       1.334712272087e-14       9.856795467282e-15       3.240697727795e-15       9.954682044008e-17 
  880       2.794418220274e-10       2.453936289196e-12       5.328769364253e-12       1.334790197970e-14       9.814433644021e-15       3.214729641815e-15       1.027852091576e-16 
  881       2.780105034179e-10       2.486058655104e-12       5.460501517262e-12       1.334845926447e-14       9.772293835724e-15       3.188691090838e-15       1.059848623230e-16 
  882       2.765683400723e-10       2.518641475611e-12       5.588554851329e-12       1.334879672187e-14       9.730374995609e-15       3.162587372190e-15       1.091463748866e-16 
  883       2.751157517389e-10       2.551670860765e-12       5.712904672092e-12       1.334891652579e-14       9.688676049200e-15       3.136423830217e-15       1.122703494242e-16 
  884       2.736531622143e-10       2.585132777491e-12       5.833526248881e-12       1.334882087740e-14       9.647195894221e-15       3.110205856417e-15       1.153573961613e-16 
  885       2.721809993553e-10       2.619013049177e-12       5.950394814800e-12       1.334851200526e-14       9.605933400504e-15       3.083938889568e-15       1.184081329968e-16 
  886       2.706996950897e-10       2.653297355246e-12       6.063485566811e-12       1.334799216533e-14       9.564887409886e-15       3.057628415857e-15       1.214231855274e-16 
  887       2.692096854290e-10       2.687971230748e-12       6.172773665815e-12       1.334726364115e-14       9.524056736106e-15       3.031279969010e-15       1.244031870707e-16 
  888       2.677114104788e-10       2.723020065932e-12       6.278234236730e-12       1.334632874383e-14       9.483440164710e-15       3.004899130426e-15       1.273487786897e-16 
  889       2.662053144510e-10       2.758429105830e-12       6.379842368581e-12       1.334518981220e-14       9.443036452949e-15       2.978491529301e-15       1.302606092166e-16 
  890       2.646918456753e-10       2.794183449837e-12       6.477573114573e-12       1.334384921285e-14       9.402844329679e-15       2.952062842762e-15       1.331393352764e-16 
  891       2.631714566105e-10       2.830268051293e-12       6.571401492179e-12       1.334230934024e-14       9.362862495260e-15       2.925618795996e-15       1.359856213112e-16 
  892       2.616446038562e-10       2.866667717062e-12       6.661302483220e-12       1.334057261676e-14       9.323089621460e-15       2.899165162380e-15       1.388001396038e-16 
  893       2.601117481643e-10       2.903367107114e-12       6.747251033946e-12       1.333864149284e-14       9.283524351349e-15       2.872707763610e-15       1.415835703016e-16 
  894       2.585733544507e-10       2.940350734104e-12       6.829222055119e-12       1.333651844701e-14       9.244165299206e-15       2.846252469831e-15       1.443366014406e-16 
  895       2.570298918066e-10       2.977602962957e-12       6.907190422095e-12       1.333420598596e-14       9.205011050414e-15       2.819805199768e-15       1.470599289695e-16 
  896       2.554818335100e-10       3.015108010441e-12       6.981130974905e-12       1.333170664469e-14       9.166060161363e-15       2.793371920858e-15       1.497542567730e-16 
  897       2.539296570378e-10       3.052849944756e-12       7.051018518339e-12       1.332902298654e-14       9.127311159347e-15       2.766958649373e-15       1.524202966964e-16 
  898       2.523738440764e-10       3.090812685110e-12       7.116827822023e-12       1.332615760326e-14       9.088762542468e-15       2.740571450558e-15       1.550587685690e-16 
  899       2.508148805343e-10       3.128980001300e-12       7.178533620507e-12       1.332311311516e-14       9.050412779533e-15       2.714216438756e-15       1.576704002280e-16 
  900       2.492532565529e-10       3.167335513295e-12       7.236110613343e-12       1.331989217112e-14       9.012260309957e-15       2.687899777538e-15       1.602559275429e-16 
  901       2.476894665182e-10       3.205862690812e-12       7.289533465168e-12       1.331649744871e-14       8.974303543659e-15       2.661627679838e-15       1.628160944387e-16 
  902       2.461240090725e-10       3.244544852904e-12       7.338776805786e-12       1.331293165426e-14       8.936540860967e-15       2.635406408075e-15       1.653516529203e-16 
  903       2.445573871260e-10       3.283365167534e-12       7.383815230250e-12       1.330919752295e-14       8.898970612515e-15       2.609242274290e-15       1.678633630962e-16 
  904       2.429901078679e-10       3.322306651159e-12       7.424623298942e-12       1.330529781889e-14       8.861591119142e-15       2.583141640271e-15       1.703519932023e-16 
  905       2.414226827785e-10       3.361352168309e-12       7.461175537659e-12       1.330123533521e-14       8.824400671796e-15       2.557110917687e-15       1.728183196262e-16 
  906       2.398556276405e-10       3.400484431170e-12       7.493446437692e-12       1.329701289412e-14       8.787397531432e-15       2.531156568215e-15       1.752631269304e-16 
  907       2.382894625503e-10       3.439685999164e-12       7.521410455905e-12       1.329263334700e-14       8.750579928911e-15       2.505285103671e-15       1.776872078770e-16 
  908       2.367247119301e-10       3.478939278526e-12       7.545042014825e-12       1.328809957451e-14       8.713946064901e-15       2.479503086140e-15       1.800913634509e-16 
  909       2.351618672843e-10       3.518227341927e-12       7.564324822054e-12       1.328341455698e-14       8.677494324835e-15       2.453816168940e-15       1.824761580658e-16 
  910       2.336012747918e-10       3.557536402583e-12       7.579279992402e-12       1.327858158677e-14       8.641223927759e-15       2.428226202379e-15       1.848411808230e-16 
  911       2.320432459315e-10       3.596853379053e-12       7.589938377631e-12       1.327360405949e-14       8.605134287706e-15       2.402734081767e-15       1.871857724340e-16 
  912       2.304880945788e-10       3.636165078503e-12       7.596331289491e-12       1.326848540407e-14       8.569224799516e-15       2.377340702359e-15       1.895092689515e-16 
  913       2.289361370124e-10       3.675458196406e-12       7.598490501156e-12       1.326322908286e-14       8.533494838768e-15       2.352046959344e-15       1.918110017576e-16 
  914       2.273876919199e-10       3.714719316242e-12       7.596448248655e-12       1.325783859170e-14       8.497943761713e-15       2.326853747841e-15       1.940902975528e-16 
  915       2.258430804044e-10       3.753934909198e-12       7.590237232307e-12       1.325231746002e-14       8.462570905200e-15       2.301761962884e-15       1.963464783437e-16 
  916       2.243026259903e-10       3.793091333866e-12       7.579890618157e-12       1.324666925095e-14       8.427375586614e-15       2.276772499416e-15       1.985788614316e-16 
  917       2.227666546295e-10       3.832174835947e-12       7.565442039405e-12       1.324089756138e-14       8.392357103802e-15       2.251886252277e-15       2.007867594011e-16 
  918       2.212354947078e-10       3.871171547945e-12       7.546925597845e-12       1.323500602210e-14       8.357514735008e-15       2.227104116200e-15       2.029694801083e-16 
  919       2.197094770505e-10       3.910067488871e-12       7.524375865297e-12       1.322899829783e-14       8.322847738800e-15       2.202426985796e-15       2.051263266691e-16 
  920       2.181889349292e-10       3.948848563939e-12       7.497827885039e-12       1.322287808739e-14       8.288355354007e-15       2.177855755548e-15       2.072565974477e-16 
  921       2.166742040674e-10       3.987500564269e-12       7.467317173243e-12       1.321664912370e-14       8.254036799645e-15       2.153391319801e-15       2.093595860449e-16 
  922       2.151656226470e-10       4.026009166586e-12       7.432879720408e-12       1.321031517395e-14       8.219891274853e-15       2.129034572753e-15       2.114345812867e-16 
  923       2.136635313142e-10       4.064359932919e-12       7.394551992794e-12       1.320388003967e-14       8.185917958820e-15       2.104786408447e-15       2.134808672123e-16 
  924       2.121682731858e-10       4.102538310298e-12       7.352370933855e-12       1.319734755681e-14       8.152116010719e-15       2.080647720759e-15       2.154977230628e-16 
  925       2.106801938552e-10       4.140529630461e-12       7.306373965676e-12       1.319072159582e-14       8.118484569637e-15       2.056619403390e-15       2.174844232694e-16 
  926       2.091996413986e-10       4.178319109545e-12       7.256598990403e-12       1.318400606179e-14       8.085022754508e-15       2.032702349859e-15       2.194402374418e-16 
  927       2.077269663813e-10       4.215891847792e-12       7.203084391677e-12       1.317720489451e-14       8.051729664042e-15       2.008897453489e-15       2.213644303567e-16 
  928       2.062625218635e-10       4.253232829245e-12       7.145869036072e-12       1.317032206855e-14       8.018604376659e-15       1.985205607405e-15       2.232562619461e-16 
  929       2.048066634068e-10       4.290326921450e-12       7.084992274525e-12       1.316336159338e-14       7.985645950417e-15       1.961627704516e-15       2.251149872857e-16 
  930       2.033597490801e-10       4.327158875155e-12       7.020493943770e-12       1.315632751346e-14       7.952853422947e-15       1.938164637514e-15       2.269398565830e-16 
  931       2.019221394658e-10       4.363713324009e-12       6.952414367773e-12       1.314922390831e-14       7.920225811381e-15       1.914817298859e-15       2.287301151662e-16 
  932       2.004941976659e-10       4.399974784261e-12       6.880794359167e-12       1.314205489264e-14       7.887762112285e-15       1.891586580772e-15       2.304850034722e-16 
  933       1.990762893084e-10       4.435927654463e-12       6.805675220683e-12       1.313482461639e-14       7.855461301591e-15       1.868473375227e-15       2.322037570352e-16 
  934       1.976687825529e-10       4.471556215166e-12       6.727098746586e-12       1.312753726487e-14       7.823322334526e-15       1.845478573939e-15       2.338856064747e-16 
  935       1.962720480974e-10       4.506844628620e-12       6.645107224108e-12       1.312019705884e-14       7.791344145547e-15       1.822603068358e-15       2.355297774845e-16 
  936       1.948864591839e-10       4.541776938478e-12       6.559743434881e-12       1.311280825458e-14       7.759525648268e-15       1.799847749657e-15       2.371354908204e-16 
  937       1.935123916049e-10       4.576337069489e-12       6.471050656373e-12       1.310537514402e-14       7.727865735395e-15       1.777213508724e-15       2.387019622891e-16 
  938       1.921502237092e-10       4.610508827204e-12       6.379072663320e-12       1.309790205479e-14       7.696363278652e-15       1.754701236154e-15       2.402284027362e-16 
  939       1.908003364084e-10       4.644275897671e-12       6.283853729161e-12       1.309039335037e-14       7.665017128721e-15       1.732311822237e-15       2.417140180349e-16 
  940       1.894631131828e-10       4.677621847137e-12       6.185438627472e-12       1.308285343010e-14       7.633826115166e-15       1.710046156951e-15       2.431580090742e-16 
  941       1.881389400876e-10       4.710530121747e-12       6.083872633397e-12       1.307528672936e-14       7.602789046365e-15       1.687905129952e-15       2.445595717473e-16 
  942       1.868282057592e-10       4.742984047243e-12       5.979201525086e-12       1.306769771961e-14       7.571904709446e-15       1.665889630565e-15       2.459178969400e-16 
  943       1.855313014209e-10       4.774966828667e-12       5.871471585125e-12       1.306009090849e-14       7.541171870214e-15       1.644000547775e-15       2.472321705191e-16 
  944       1.842486208896e-10       4.806461550055e-12       5.760729601975e-12       1.305247083993e-14       7.510589273081e-15       1.622238770218e-15       2.485015733206e-16 
  945       1.829805605815e-10       4.837451174142e-12       5.647022871399e-12       1.304484209421e-14       7.480155641005e-15       1.600605186170e-15       2.497252811383e-16 
  946       1.817275195184e-10       4.867918542059e-12       5.530399197901e-12       1.303720928809e-14       7.449869675412e-15       1.579100683540e-15       2.509024647123e-16 
  947       1.804898993341e-10       4.897846373033e-12       5.410906896158e-12       1.302957707489e-14       7.419730056133e-15       1.557726149860e-15       2.520322897169e-16 
  948       1.792681042800e-10       4.927217264087e-12       5.288594792454e-12       1.302195014455e-14       7.389735441335e-15       1.536482472277e-15       2.531139167493e-16 
  949       1.780624857947e-10       4.956015757539e-12       5.163514163198e-12       1.301433286692e-14       7.359884626673e-15       1.515370506531e-15       2.541467445374e-16 
  950       1.768731752647e-10       4.984234578964e-12       5.035724580261e-12       1.300672821510e-14       7.330177025589e-15       1.494390983406e-15       2.551311436865e-16 
  951       1.757002487023e-10       5.011868494630e-12       4.905288158434e-12       1.299913882571e-14       7.300612196269e-15       1.473544600821e-15       2.560677342004e-16 
  952       1.745437819479e-10       5.038912252373e-12       4.772267628189e-12       1.299156735423e-14       7.271189683042e-15       1.452832054701e-15       2.569571433067e-16 
  953       1.734038506687e-10       5.065360581571e-12       4.636726337370e-12       1.298401647514e-14       7.241909016335e-15       1.432254038959e-15       2.578000054772e-16 
  954       1.722805303578e-10       5.091208193121e-12       4.498728252884e-12       1.297648888185e-14       7.212769712620e-15       1.411811245484e-15       2.585969624489e-16 
  955       1.711738963325e-10       5.116449779413e-12       4.358337962393e-12       1.296898728687e-14       7.183771274372e-15       1.391504364128e-15       2.593486632448e-16 
  956       1.700840237334e-10       5.141080014303e-12       4.215620676006e-12       1.296151442173e-14       7.154913190019e-15       1.371334082693e-15       2.600557641942e-16 
  957       1.690109875231e-10       5.165093553092e-12       4.070642227971e-12       1.295407303713e-14       7.126194933896e-15       1.351301086916e-15       2.607189289542e-16 
  958       1.679548624847e-10       5.188485032499e-12       3.923469078366e-12       1.294666590292e-14       7.097615966193e-15       1.331406060458e-15       2.613388285298e-16 
  959       1.669157232209e-10       5.211249070634e-12       3.774168314791e-12       1.293929580817e-14       7.069175732914e-15       1.311649684890e-15       2.619161412947e-16 
  960       1.658936441528e-10       5.233380266974e-12       3.622807654060e-12       1.293196556122e-14       7.040873665826e-15       1.292032639678e-15       2.624515530126e-16 
  961       1.648886995181e-10       5.254873202341e-12       3.469455443892e-12       1.292467798971e-14       7.012709182411e-15       1.272555602171e-15       2.629457568574e-16 
  962       1.639009633707e-10       5.275722438872e-12       3.314180664602e-12       1.291743594064e-14       6.984681685818e-15       1.253219247588e-15       2.633994534341e-16 
  963       1.629305095787e-10       5.295922519996e-12       3.157052930796e-12       1.291024228038e-14       6.956790564821e-15       1.234024249005e-15       2.638133507997e-16 
  964       1.619774118235e-10       5.315467970412e-12       2.998142493057e-12       1.290309989477e-14       6.929035193763e-15       1.214971277339e-15       2.641881644837e-16 
  965       1.610417435986e-10       5.334353296057e-12       2.837520239644e-12       1.289601168912e-14       6.901414932515e-15       1.196061001339e-15       2.645246175091e-16 
  966       1.601235782084e-10       5.352572984089e-12       2.675257698176e-12       1.288898058829e-14       6.873929126428e-15       1.177294087567e-15       2.648234404131e-16 
  967       1.592229887667e-10       5.370121502854e-12       2.511427037329e-12       1.288200953670e-14       6.846577106280e-15       1.158671200392e-15       2.650853712677e-16 
  968       1.583400481957e-10       5.386993301867e-12       2.346101068527e-12       1.287510149840e-14       6.819358188236e-15       1.140193001969e-15       2.653111557004e-16 
  969       1.574748292245e-10       5.403182811784e-12       2.179353247631e-12       1.286825945709e-14       6.792271673795e-15       1.121860152231e-15       2.655015469154e-16 
  970       1.566274043884e-10       5.418684444378e-12       2.011257676633e-12       1.286148641621e-14       6.765316849746e-15       1.103673308874e-15       2.656573057140e-16 
  971       1.557978460269e-10       5.433492592513e-12       1.841889105348e-12       1.285478539894e-14       6.738492988116e-15       1.085633127344e-15       2.657792005151e-16 
  972       1.549862262831e-10       5.447601630119e-12       1.671322933103e-12       1.284815944826e-14       6.711799346129e-15       1.067740260822e-15       2.658680073766e-16 
  973       1.541926171023e-10       5.461005912169e-12       1.499635210431e-12       1.284161162700e-14       6.685235166154e-15       1.049995360212e-15       2.659245100156e-16 
  974       1.534170902304e-10       5.473699774648e-12       1.326902640764e-12       1.283514501789e-14       6.658799675656e-15       1.032399074130e-15       2.659494998296e-16 
  975       1.526597172132e-10       5.485677534538e-12       1.153202582119e-12       1.282876272359e-14       6.632492087154e-15       1.014952048886e-15       2.659437759166e-16 
  976       1.519205693947e-10       5.496933489781e-12       9.786130487976e-13       1.282246786674e-14       6.606311598170e-15       9.976549284734e-16       2.659081450967e-16 
  977       1.511997179163e-10       5.507461919265e-12       8.032127130705e-13       1.281626359001e-14       6.580257391181e-15       9.805083545557e-16       2.658434219322e-16 
  978       1.504972337150e-10       5.517257082790e-12       6.270809068735e-13       1.281015305615e-14       6.554328633572e-15       9.635129664527e-16       2.657504287485e-16 
  979       1.498131875229e-10       5.526313221048e-12       4.502976234978e-13       1.280413944801e-14       6.528524477592e-15       9.466694011271e-16       2.656299956550e-16 
  980       1.491476498652e-10       5.534624555597e-12       2.729435192814e-13       1.279822596861e-14       6.502844060300e-15       9.299782931716e-16       2.654829605658e-16 
  981       1.485006910594e-10       5.542185288835e-12       9.509991530151e-14       1.279241584119e-14       6.477286503523e-15       9.134402747949e-16       2.653101692205e-16 
  982       1.478723812142e-10       5.548989603976e-12      -8.315120093441e-14       1.278671230923e-14       6.451850913807e-15       8.970559758089e-16       2.651124752046e-16 
  983       1.472627902277e-10       5.555031665023e-12      -2.617271737966e-13       1.278111863650e-14       6.426536382367e-15       8.808260236154e-16       2.648907399707e-16 
  984       1.466719877867e-10       5.560305616745e-12      -4.405446778414e-13       1.277563810712e-14       6.401341985044e-15       8.647510431924e-16       2.646458328591e-16 
  985       1.461000433651e-10       5.564805584652e-12      -6.195197161197e-13       1.277027402562e-14       6.376266782252e-15       8.488316570809e-16       2.643786311186e-16 
  986       1.455470262229e-10       5.568525674966e-12      -7.985676184851e-13       1.276502971692e-14       6.351309818938e-15       8.330684853720e-16       2.640900199269e-16 
  987       1.450130054050e-10       5.571459974603e-12      -9.776030399023e-13       1.275990852645e-14       6.326470124526e-15       8.174621456929e-16       2.637808924119e-16 
  988       1.444980497397e-10       5.573602551141e-12      -1.156539958755e-12       1.275491382015e-14       6.301746712876e-15       8.020132531941e-16       2.634521496720e-16 
  989       1.440022278375e-10       5.574947452799e-12      -1.335291675157e-12       1.275004898453e-14       6.277138582233e-15       7.867224205358e-16       2.631047007971e-16 
  990       1.435256080901e-10       5.575488708409e-12      -1.513770809253e-12       1.274531742671e-14       6.252644715181e-15       7.715902578745e-16       2.627394628895e-16 
  991       1.430682195644e-10       5.575222314083e-12      -1.691895892403e-12       1.274072202095e-14       6.228264199381e-15       7.566170908814e-16       2.623571923518e-16 
  992       1.426299340558e-10       5.574152225330e-12      -1.869611250516e-12       1.273626343913e-14       6.203996591831e-15       7.418021102695e-16       2.619579759875e-16 
  993       1.422105822940e-10       5.572284453207e-12      -2.046867410411e-12       1.273194179576e-14       6.179841559881e-15       7.271442097050e-16       2.615417324411e-16 
  994       1.418099928839e-10       5.569625085848e-12      -2.223614532636e-12       1.272775719923e-14       6.155798760902e-15       7.126422665913e-16       2.611083802510e-16 
  995       1.414279923001e-10       5.566180288689e-12      -2.399802410576e-12       1.272370975180e-14       6.131867842249e-15       6.982951420219e-16       2.606578378494e-16 
  996       1.410644048802e-10       5.561956304679e-12      -2.575380469573e-12       1.271979954955e-14       6.108048441234e-15       6.841016807322e-16       2.601900235622e-16 
  997       1.407190528193e-10       5.556959454501e-12      -2.750297766034e-12       1.271602668243e-14       6.084340185089e-15       6.700607110520e-16       2.597048556097e-16 
  998       1.403917561637e-10       5.551196136790e-12      -2.924502986546e-12       1.271239123412e-14       6.060742690934e-15       6.561710448575e-16       2.592022521065e-16 
  999       1.400823328050e-10       5.544672828346e-12      -3.097944446991e-12       1.270889328214e-14       6.037255565746e-15       6.424314775240e-16       2.586821310613e-16 
 1000       1.397905984741e-10       5.537396084358e-12      -3.270570091654e-12       1.270553289772e-14       6.013878406326e-15       6.288407878776e-16       2.581444103778e-16 
 1001       1.395163667351e-10       5.529372538614e-12      -3.442327492341e-12       1.270231014583e-14       5.990610799264e-15       6.153977381480e-16       2.575890078542e-16 
 1002       1.392594489794e-10       5.520608903724e-12      -3.613163847490e-12       1.269922508516e-14       5.967452320908e-15       6.021010739201e-16       2.570158411836e-16 
 1003       1.390196544197e-10       5.511111971336e-12      -3.783025981284e-12       1.269627776808e-14       5.944402537331e-15       5.889495240870e-16       2.564248279542e-16 
 1004       1.387967900839e-10       5.500888612353e-12      -3.951860342764e-12       1.269346824060e-14       5.921461004299e-15       5.759418008019e-16       2.558158856495e-16 
 1005       1.385906608089e-10       5.489945777149e-12      -4.119613004944e-12       1.269079654240e-14       5.898627267237e-15       5.630765994300e-16       2.551889316482e-16 
 1006       1.384010692351e-10       5.478290495788e-12      -4.286229663920e-12       1.268826270676e-14       5.875900861196e-15       5.503525985015e-16       2.545438832247e-16 
 1007       1.382278157998e-10       5.465929878244e-12      -4.451655637990e-12       1.268586676056e-14       5.853281310821e-15       5.377684596633e-16       2.538806575489e-16 
 1008       1.380706987319e-10       5.452871114612e-12      -4.615835866757e-12       1.268360872426e-14       5.830768130319e-15       5.253228276314e-16       2.531991716865e-16 
 1009       1.379295140449e-10       5.439121475331e-12      -4.778714910253e-12       1.268148861186e-14       5.808360823426e-15       5.130143301432e-16       2.524993425995e-16 
 1010       1.378040555319e-10       5.424688311399e-12      -4.940236948044e-12       1.267950643088e-14       5.786058883373e-15       5.008415779098e-16       2.517810871457e-16 
 1011       1.376941147590e-10       5.409579054591e-12      -5.100345778348e-12       1.267766218236e-14       5.763861792852e-15       4.888031645680e-16       2.510443220793e-16 
 1012       1.375994810593e-10       5.393801217676e-12      -5.258984817144e-12       1.267595586082e-14       5.741769023989e-15       4.768976666329e-16       2.502889640511e-16 
 1013       1.375199415272e-10       5.377362394635e-12      -5.416097097288e-12       1.267438745424e-14       5.719780038305e-15       4.651236434501e-16       2.495149296083e-16 
 1014       1.374552810120e-10       5.360270260878e-12      -5.571625267627e-12       1.267295694402e-14       5.697894286686e-15       4.534796371476e-16       2.487221351950e-16 
 1015       1.374052821123e-10       5.342532573461e-12      -5.725511592108e-12       1.267166430499e-14       5.676111209350e-15       4.419641725885e-16       2.479104971521e-16 
 1016       1.373697251696e-10       5.324157171306e-12      -5.877697948894e-12       1.267050950538e-14       5.654430235816e-15       4.305757573229e-16       2.470799317176e-16 
 1017       1.373483882626e-10       5.305151975414e-12      -6.028125829478e-12       1.266949250678e-14       5.632850784867e-15       4.193128815405e-16       2.462303550268e-16 
 1018       1.373410472010e-10       5.285524989086e-12      -6.176736337794e-12       1.266861326411e-14       5.611372264520e-15       4.081740180225e-16       2.453616831124e-16 
 1019       1.373474755195e-10       5.265284298137e-12      -6.323470189330e-12       1.266787172565e-14       5.589994071995e-15       3.971576220942e-16       2.444738319045e-16 
 1020       1.373674444717e-10       5.244438071120e-12      -6.468267710242e-12       1.266726783295e-14       5.568715593679e-15       3.862621315771e-16       2.435667172311e-16 
 1021       1.374007230246e-10       5.222994559534e-12      -6.611068836468e-12       1.266680152085e-14       5.547536205094e-15       3.754859667408e-16       2.426402548178e-16 
 1022       1.374470778519e-10       5.200962098050e-12      -6.751813112838e-12       1.266647271747e-14       5.526455270866e-15       3.648275302561e-16       2.416943602883e-16 
 1023       1.375062733282e-10       5.178349104723e-12      -6.890439692192e-12       1.266628134413e-14       5.505472144689e-15       3.542852071464e-16       2.407289491646e-16 
 1024       1.375780715234e-10       5.155164081213e-12      -7.026887334488e-12       1.266622731538e-14       5.484586169296e-15       3.438573647404e-16       2.397439368668e-16 
 1025       1.376622321960e-10       5.131415612998e-12      -7.161094405919e-12       1.266631053895e-14       5.463796676424e-15       3.335423526242e-16       2.387392387136e-16 
 1026       1.377585127878e-10       5.107112369596e-12      -7.292998878021e-12       1.266653091574e-14       5.443102986783e-15       3.233385025939e-16       2.377147699223e-16 
 1027       1.378666684174e-10       5.082263104780e-12      -7.422538326794e-12       1.266688833981e-14       5.422504410019e-15       3.132441286072e-16       2.366704456089e-16 
 1028       1.379864518741e-10       5.056876656796e-12      -7.549649931807e-12       1.266738269832e-14       5.402000244687e-15       3.032575267363e-16       2.356061807886e-16 
 1029       1.381176136125e-10       5.030961948579e-12      -7.674270475318e-12       1.266801387155e-14       5.381589778214e-15       2.933769751197e-16       2.345218903752e-16 
 1030       1.382599017458e-10       5.004527987975e-12      -7.796336341379e-12       1.266878173282e-14       5.361272286870e-15       2.836007339148e-16       2.334174891823e-16 
 1031       1.384130620403e-10       4.977583867952e-12      -7.915783514959e-12       1.266968614856e-14       5.341047035729e-15       2.739270452499e-16       2.322928919226e-16 
 1032       1.385768379089e-10       4.950138766820e-12      -8.032547581049e-12       1.267072697817e-14       5.320913278644e-15       2.643541331766e-16       2.311480132083e-16 
 1033       1.387509704057e-10       4.922201948453e-12      -8.146563723777e-12       1.267190407412e-14       5.300870258210e-15       2.548802036219e-16       2.299827675514e-16 
 1034       1.389351982195e-10       4.893782762498e-12      -8.257766725526e-12       1.267321728181e-14       5.280917205729e-15       2.455034443408e-16       2.287970693639e-16 
 1035       1.391292602394e-10       4.864891076559e-12      -8.366101460384e-12       1.267466608436e-14       5.261053431861e-15       2.362224688729e-16       2.275908897763e-16 
 1036       1.393329033038e-10       4.835538578974e-12      -8.471554538519e-12       1.267624853111e-14       5.241278600020e-15       2.270376553732e-16       2.263644279730e-16 
 1037       1.395458745486e-10       4.805737494854e-12      -8.574123106701e-12       1.267796229394e-14       5.221592456768e-15       2.179498265838e-16       2.251179422755e-16 
 1038       1.397679188405e-10       4.775500156059e-12      -8.673804394739e-12       1.267980502106e-14       5.201994741468e-15       2.089598075449e-16       2.238516935501e-16 
 1039       1.399987787708e-10       4.744839001461e-12      -8.770595715773e-12       1.268177433700e-14       5.182485186256e-15       2.000684255965e-16       2.225659452139e-16 
 1040       1.402381946499e-10       4.713766577215e-12      -8.864494466559e-12       1.268386784254e-14       5.163063516022e-15       1.912765103801e-16       2.212609632415e-16 
 1041       1.404859045012e-10       4.682295537015e-12      -8.955498127760e-12       1.268608311460e-14       5.143729448387e-15       1.825848938413e-16       2.199370161714e-16 
 1042       1.407416440561e-10       4.650438642371e-12      -9.043604264227e-12       1.268841770625e-14       5.124482693680e-15       1.739944102311e-16       2.185943751129e-16 
 1043       1.410051467475e-10       4.618208762866e-12      -9.128810525294e-12       1.269086914659e-14       5.105322954914e-15       1.655058961081e-16       2.172333137521e-16 
 1044       1.412761437046e-10       4.585618876427e-12      -9.211114645060e-12       1.269343494073e-14       5.086249927766e-15       1.571201903406e-16       2.158541083587e-16 
 1045       1.415543637470e-10       4.552682069587e-12      -9.290514442681e-12       1.269611256969e-14       5.067263300553e-15       1.488381341084e-16       2.144570377925e-16 
 1046       1.418395333788e-10       4.519411537756e-12      -9.367007822653e-12       1.269889949036e-14       5.048362754210e-15       1.406605709045e-16       2.130423835098e-16 
 1047       1.421313767832e-10       4.485820585480e-12      -9.440592775102e-12       1.270179313543e-14       5.029547962265e-15       1.325883465376e-16       2.116104295701e-16 
 1048       1.424296158166e-10       4.451922626711e-12      -9.511267376073e-12       1.270479091335e-14       5.010818590820e-15       1.246223091335e-16       2.101614626424e-16 
 1049       1.427339700029e-10       4.417731185074e-12      -9.579029787814e-12       1.270789020821e-14       4.992174298527e-15       1.167633091374e-16       2.086957720119e-16 
 1050       1.430441565277e-10       4.383259894129e-12      -9.643878259068e-12       1.271108837976e-14       4.973614736564e-15       1.090121993157e-16       2.072136495863e-16 
 1051       1.433598902327e-10       4.348522497637e-12      -9.705811125354e-12       1.271438276327e-14       4.955139548614e-15       1.013698347579e-16       2.057153899026e-16 
 1052       1.436808836100e-10       4.313532849830e-12      -9.764826809263e-12       1.271777066951e-14       4.936748370841e-15       9.383707287877e-17       2.042012901334e-16 
 1053       1.440068467960e-10       4.278304915673e-12      -9.820923820737e-12       1.272124938470e-14       4.918440831871e-15       8.641477341997e-17       2.026716500934e-16 
 1054       1.443374875664e-10       4.242852771130e-12      -9.874100757364e-12       1.272481617040e-14       4.900216552765e-15       7.910379845226e-17       2.011267722461e-16 
 1055       1.446725113297e-10       4.207190603430e-12      -9.924356304659e-12       1.272846826349e-14       4.882075146996e-15       7.190501237735e-17       1.995669617101e-16 
 1056       1.450116211220e-10       4.171332711336e-12      -9.971689236358e-12       1.273220287608e-14       4.864016220433e-15       6.481928192980e-17       1.979925262658e-16 
 1057       1.453545176010e-10       4.135293505404e-12      -1.001609841470e-11       1.273601719548e-14       4.846039371311e-15       5.784747617907e-17       1.964037763618e-16 
 1058       1.457008990404e-10       4.099087508257e-12      -1.005758279072e-11       1.273990838409e-14       4.828144190211e-15       5.099046653137e-17       1.948010251214e-16 
 1059       1.460504613243e-10       4.062729354842e-12      -1.009614140452e-11       1.274387357940e-14       4.810330260040e-15       4.424912673166e-17       1.931845883492e-16 
 1060       1.464028979412e-10       4.026233792704e-12      -1.013177338559e-11       1.274790989385e-14       4.792597156005e-15       3.762433286556e-17       1.915547845375e-16 
 1061       1.467578999782e-10       3.989615682246e-12      -1.016447795307e-11       1.275201441485e-14       4.774944445590e-15       3.111696336133e-17       1.899119348731e-16 
 1062       1.471151561159e-10       3.952889996998e-12      -1.019425441603e-11       1.275618420467e-14       4.757371688538e-15       2.472789899180e-17       1.882563632433e-16 
 1063       1.474743526218e-10       3.916071823879e-12      -1.022110217378e-11       1.276041630037e-14       4.739878436822e-15       1.845802287631e-17       1.865883962430e-16 
 1064       1.478351733455e-10       3.879176363468e-12      -1.024502071616e-11       1.276470771376e-14       4.722464234629e-15       1.230822048267e-17       1.849083631806e-16 
 1065       1.481972997120e-10       3.842218930266e-12      -1.026600962378e-11       1.276905543135e-14       4.705128618332e-15       6.279379629076e-18       1.832165960851e-16 
 1066       1.485604107169e-10       3.805214952963e-12      -1.028406856839e-11       1.277345641424e-14       4.687871116469e-15       3.723904860958e-19       1.815134297123e-16 
 1067       1.489241829200e-10       3.768179974702e-12      -1.029919731308e-11       1.277790759811e-14       4.670691249724e-15      -5.411854421415e-18       1.797992015514e-16 
 1068       1.492882904399e-10       3.731129653349e-12      -1.031139571264e-11       1.278240589314e-14       4.653588530899e-15      -1.107246021236e-17       1.780742518313e-16 
 1069       1.496524049482e-10       3.694079761753e-12      -1.032066371379e-11       1.278694818391e-14       4.636562464893e-15      -1.660852964744e-17       1.763389235275e-16 
 1070       1.500161956639e-10       3.657046188017e-12      -1.032700135550e-11       1.279153132940e-14       4.619612548682e-15      -2.201916312725e-17       1.745935623683e-16 
 1071       1.503793293473e-10       3.620044935760e-12      -1.033040876929e-11       1.279615216290e-14       4.602738271295e-15      -2.730345869027e-17       1.728385168415e-16 
 1072       1.507414702947e-10       3.583092124387e-12      -1.033088617947e-11       1.280080749191e-14       4.585939113788e-15      -3.246051201099e-17       1.710741382008e-16 
 1073       1.511022803324e-10       3.546203989348e-12      -1.032843390348e-11       1.280549409816e-14       4.569214549227e-15      -3.748941639791e-17       1.693007804723e-16 
 1074       1.514614188113e-10       3.509396882410e-12      -1.032305235213e-11       1.281020873747e-14       4.552564042662e-15      -4.238926279163e-17       1.675188004612e-16 
 1075       1.518185426008e-10       3.472687271922e-12      -1.031474202994e-11       1.281494813973e-14       4.535987051104e-15      -4.715913976286e-17       1.657285577580e-16 
 1076       1.521733060831e-10       3.436091743076e-12      -1.030350353537e-11       1.281970900883e-14       4.519483023507e-15      -5.179813351053e-17       1.639304147453e-16 
 1077       1.525253611478e-10       3.399626998179e-12      -1.028933756116e-11       1.282448802258e-14       4.503051400737e-15      -5.630532785981e-17       1.621247366043e-16 
 1078       1.528743571859e-10       3.363309856914e-12      -1.027224489458e-11       1.282928183268e-14       4.486691615558e-15      -6.067980426017e-17       1.603118913210e-16 
 1079       1.532199410842e-10       3.327157256608e-12      -1.025222641772e-11       1.283408706463e-14       4.470403092605e-15      -6.492064178346e-17       1.584922496932e-16 
 1080       1.535617572195e-10       3.291186252497e-12      -1.022928310782e-11       1.283890031768e-14       4.454185248362e-15      -6.902691712189e-17       1.566661853364e-16 
 1081       1.538994861067e-10       3.255412503472e-12      -1.020342234815e-11       1.284371832546e-14       4.438037559602e-15      -7.299807362956e-17       1.548340541937e-16 
 1082       1.542329609266e-10       3.219845706366e-12      -1.017467695369e-11       1.284853844037e-14       4.421959769770e-15      -7.683503391273e-17       1.529961327462e-16 
 1083       1.545620525617e-10       3.184494100481e-12      -1.014308640320e-11       1.285335815565e-14       4.405951685346e-15      -8.053910227385e-17       1.511526789799e-16 
 1084       1.548866310836e-10       3.149365976624e-12      -1.010869055282e-11       1.285817494516e-14       4.390013107618e-15      -8.411159706775e-17       1.493039528119e-16 
 1085       1.552065657512e-10       3.114469677219e-12      -1.007152963705e-11       1.286298626339e-14       4.374143832668e-15      -8.755385073758e-17       1.474502160948e-16 
 1086       1.555217250087e-10       3.079813596413e-12      -1.003164426960e-11       1.286778954538e-14       4.358343651353e-15      -9.086720985071e-17       1.455917326210e-16 
 1087       1.558319764845e-10       3.045406180193e-12      -9.989075444413e-12       1.287258220672e-14       4.342612349296e-15      -9.405303513465e-17       1.437287681270e-16 
 1088       1.561371869885e-10       3.011255926488e-12      -9.943864536542e-12       1.287736164344e-14       4.326949706862e-15      -9.711270151295e-17       1.418615902981e-16 
 1089       1.564372225113e-10       2.977371385288e-12      -9.896053303109e-12       1.288212523201e-14       4.311355499148e-15      -1.000475981412e-16       1.399904687727e-16 
 1090       1.567319482217e-10       2.943761158748e-12      -9.845683884236e-12       1.288687032929e-14       4.295829495969e-15      -1.028591284427e-16       1.381156751465e-16 
 1091       1.570212284653e-10       2.910433901301e-12      -9.792798803978e-12       1.289159427248e-14       4.280371461836e-15      -1.055487101449e-16       1.362374829772e-16 
 1092       1.573049267627e-10       2.877398319768e-12      -9.737440971259e-12       1.289629437904e-14       4.264981155945e-15      -1.081177753146e-16       1.343561677889e-16 
 1093       1.575829058077e-10       2.844663173468e-12      -9.679653680808e-12       1.290096794671e-14       4.249658332161e-15      -1.105677703945e-16       1.324720070762e-16 
 1094       1.578550274656e-10       2.812237274331e-12      -9.619480614092e-12       1.290561225340e-14       4.234402739002e-15      -1.129001562387e-16       1.305852803089e-16 
 1095       1.581211527713e-10       2.780129487002e-12      -9.556965840255e-12       1.291022455721e-14       4.219214119622e-15      -1.151164081489e-16       1.286962689364e-16 
 1096       1.583811419277e-10       2.748348728959e-12      -9.492153817046e-12       1.291480209631e-14       4.204092211798e-15      -1.172180159101e-16       1.268052563920e-16 
 1097       1.586348543038e-10       2.716903970619e-12      -9.425089391761e-12       1.291934208895e-14       4.189036747912e-15      -1.192064838266e-16       1.249125280974e-16 
 1098       1.588821484331e-10       2.685804235449e-12      -9.355817802174e-12       1.292384173339e-14       4.174047454937e-15      -1.210833307580e-16       1.230183714670e-16 
 1099       1.591228820118e-10       2.655058600075e-12      -9.284384677473e-12       1.292829820786e-14       4.159124054422e-15      -1.228500901551e-16       1.211230759123e-16 
 1100       1.593569118968e-10       2.624676194396e-12      -9.210836039197e-12       1.293270867052e-14       4.144266262474e-15      -1.245083100955e-16       1.192269328466e-16 
 1101       1.595840941043e-10       2.594666201693e-12      -9.135218302165e-12       1.293707025941e-14       4.129473789745e-15      -1.260595533201e-16       1.173302356891e-16 
 1102       1.598042838079e-10       2.565037858736e-12      -9.057578275419e-12       1.294138009239e-14       4.114746341413e-15      -1.275053972684e-16       1.154332798693e-16 
 1103       1.600173353368e-10       2.535800455899e-12      -8.977963163154e-12       1.294563526712e-14       4.100083617171e-15      -1.288474341150e-16       1.135363628316e-16 
 1104       1.602231021739e-10       2.506963337269e-12      -8.896420565652e-12       1.294983286099e-14       4.085485311208e-15      -1.300872708049e-16       1.116397840398e-16 
 1105       1.604214369544e-10       2.478535900753e-12      -8.812998480222e-12       1.295396993108e-14       4.070951112195e-15      -1.312265290899e-16       1.097438449810e-16 
 1106       1.606121914639e-10       2.450527598195e-12      -8.727745302130e-12       1.295804351415e-14       4.056480703269e-15      -1.322668455646e-16       1.078488491707e-16 
 1107       1.607952166362e-10       2.422947935479e-12      -8.640709825536e-12       1.296205062654e-14       4.042073762016e-15      -1.332098717016e-16       1.059551021566e-16 
 1108       1.609703625525e-10       2.395806472645e-12      -8.551941244431e-12       1.296598826413e-14       4.027729960459e-15      -1.340572738883e-16       1.040629115235e-16 
 1109       1.611374784385e-10       2.369112823997e-12      -8.461489153567e-12       1.296985340236e-14       4.013448965039e-15      -1.348107334621e-16       1.021725868972e-16 
 1110       1.612964126637e-10       2.342876658214e-12      -8.369403549399e-12       1.297364299609e-14       3.999230436600e-15      -1.354719467469e-16       1.002844399495e-16 
 1111       1.614470127387e-10       2.317107698458e-12      -8.275734831011e-12       1.297735397963e-14       3.985074030374e-15      -1.360426250886e-16       9.839878440225e-17 
 1112       1.615891253142e-10       2.291815722489e-12      -8.180533801059e-12       1.298098326665e-14       3.970979395968e-15      -1.365244948911e-16       9.651593603161e-17 
 1113       1.617225961790e-10       2.267010562772e-12      -8.083851666703e-12       1.298452775015e-14       3.956946177344e-15      -1.369192976524e-16       9.463621267287e-17 
 1114       1.618472702577e-10       2.242702106588e-12      -7.985740040541e-12       1.298798430242e-14       3.942974012803e-15      -1.372287900003e-16       9.275993422461e-17 
 1115       1.619629916101e-10       2.218900296144e-12      -7.886250941546e-12       1.299134977497e-14       3.929062534977e-15      -1.374547437285e-16       9.088742265316e-17 
 1116       1.620696034281e-10       2.195615128684e-12      -7.785436795998e-12       1.299462099854e-14       3.915211370804e-15      -1.375989458324e-16       8.901900199701e-17 
 1117       1.621669480350e-10       2.172856656600e-12      -7.683350438422e-12       1.299779478297e-14       3.901420141519e-15      -1.376631985449e-16       8.715499837123e-17 
 1118       1.622548668832e-10       2.150634987542e-12      -7.580045112523e-12       1.300086791722e-14       3.887688462633e-15      -1.376493193727e-16       8.529573997189e-17 
 1119       1.623332005526e-10       2.128960284526e-12      -7.475574472118e-12       1.300383716932e-14       3.874015943925e-15      -1.375591411318e-16       8.344155708044e-17 
 1120       1.624017887489e-10       2.107842766048e-12      -7.369992582073e-12       1.300669928627e-14       3.860402189417e-15      -1.373945119836e-16       8.159278206814e-17 
 1121       1.624604703015e-10       2.087292706194e-12      -7.263353919240e-12       1.300945099407e-14       3.846846797367e-15      -1.371572954710e-16       7.974974940049e-17 
 1122       1.625090831624e-10       2.067320434745e-12      -7.155713373388e-12       1.301208899761e-14       3.833349360248e-15      -1.368493705539e-16       7.791279564161e-17 
 1123       1.625474644037e-10       2.047936337296e-12      -7.047126248139e-12       1.301460998068e-14       3.819909464735e-15      -1.364726316454e-16       7.608225945864e-17 
 1124       1.625754502164e-10       2.029150855359e-12      -6.937648261905e-12       1.301701060585e-14       3.806526691687e-15      -1.360289886477e-16       7.425848162621e-17 
 1125       1.625928759082e-10       2.010974486478e-12      -6.827335548824e-12       1.301928751452e-14       3.793200616135e-15      -1.355203669880e-16       7.244180503079e-17 
 1126       1.625995759022e-10       1.993417784336e-12      -6.716244659688e-12       1.302143732678e-14       3.779930807264e-15      -1.349487076544e-16       7.063257467514e-17 
 1127       1.625953837348e-10       1.976491358868e-12      -6.604432562887e-12       1.302345664144e-14       3.766716828395e-15      -1.343159672316e-16       6.883113768269e-17 
 1128       1.625801320540e-10       1.960205876371e-12      -6.491956645337e-12       1.302534203594e-14       3.753558236978e-15      -1.336241179373e-16       6.703784330199e-17 
 1129       1.625536927942e-10       1.944569891934e-12      -6.378872025057e-12       1.302709055628e-14       3.740454635828e-15      -1.328748381190e-16       6.525297824663e-17 
 1130       1.625160982728e-10       1.929583315798e-12      -6.265223448916e-12       1.302870119385e-14       3.727405827640e-15      -1.320685792868e-16       6.347657178989e-17 
 1131       1.624674216575e-10       1.915243862648e-12      -6.151053291868e-12       1.303017342764e-14       3.714411662448e-15      -1.312054870759e-16       6.170858815605e-17 
 1132       1.624077369339e-10       1.901549211525e-12      -6.036404236485e-12       1.303150673600e-14       3.701471986531e-15      -1.302857096970e-16       5.994899095439e-17 
 1133       1.623371189079e-10       1.888497005735e-12      -5.921319273638e-12       1.303270059660e-14       3.688586642407e-15      -1.293093979429e-16       5.819774317749e-17 
 1134       1.622556432071e-10       1.876084852754e-12      -5.805841703181e-12       1.303375448652e-14       3.675755468820e-15      -1.282767051957e-16       5.645480719958e-17 
 1135       1.621633862834e-10       1.864310324135e-12      -5.690015134630e-12       1.303466788214e-14       3.662978300727e-15      -1.271877874331e-16       5.472014477485e-17 
 1136       1.620604254149e-10       1.853170955415e-12      -5.573883487851e-12       1.303544025923e-14       3.650254969290e-15      -1.260428032354e-16       5.299371703580e-17 
 1137       1.619468387076e-10       1.842664246018e-12      -5.457490993734e-12       1.303607109292e-14       3.637585301866e-15      -1.248419137927e-16       5.127548449156e-17 
 1138       1.618227050978e-10       1.832787659169e-12      -5.340882194881e-12       1.303655985766e-14       3.624969121993e-15      -1.235852829109e-16       4.956540702621e-17 
 1139       1.616881043538e-10       1.823538621792e-12      -5.224101946287e-12       1.303690602730e-14       3.612406249380e-15      -1.222730770192e-16       4.786344389711e-17 
 1140       1.615431170784e-10       1.814914524422e-12      -5.107195416022e-12       1.303710907502e-14       3.599896499900e-15      -1.209054651765e-16       4.616955373325e-17 
 1141       1.613878247101e-10       1.806912721110e-12      -4.990208085910e-12       1.303716847336e-14       3.587439685575e-15      -1.194826190787e-16       4.448369453355e-17 
 1142       1.612223095262e-10       1.799530529328e-12      -4.873185752218e-12       1.303708369423e-14       3.575035614566e-15      -1.180047130646e-16       4.280582366521e-17 
 1143       1.610466546438e-10       1.792765229878e-12      -4.756174526331e-12       1.303685420888e-14       3.562684091164e-15      -1.164719241237e-16       4.113589786203e-17 
 1144       1.608609440224e-10       1.786614066797e-12      -4.639220835437e-12       1.303647948794e-14       3.550384915778e-15      -1.148844319023e-16       3.947387322273e-17 
 1145       1.606652624659e-10       1.781074247262e-12      -4.522371423210e-12       1.303595900137e-14       3.538137884924e-15      -1.132424187107e-16       3.781970520930e-17 
 1146       1.604596956244e-10       1.776142941502e-12      -4.405673350492e-12       1.303529221852e-14       3.525942791216e-15      -1.115460695298e-16       3.617334864530e-17 
 1147       1.602443299963e-10       1.771817282696e-12      -4.289173995974e-12       1.303447860808e-14       3.513799423352e-15      -1.097955720178e-16       3.453475771423e-17 
 1148       1.600192529304e-10       1.768094366887e-12      -4.172921056878e-12       1.303351763810e-14       3.501707566107e-15      -1.079911165175e-16       3.290388595780e-17 
 1149       1.597845526278e-10       1.764971252885e-12      -4.056962549640e-12       1.303240877598e-14       3.489667000318e-15      -1.061328960623e-16       3.128068627432e-17 
 1150       1.595403181441e-10       1.762444962174e-12      -3.941346810591e-12       1.303115148852e-14       3.477677502879e-15      -1.042211063840e-16       2.966511091700e-17 
 1151       1.592866393912e-10       1.760512478819e-12      -3.826122496641e-12       1.302974524182e-14       3.465738846723e-15      -1.022559459186e-16       2.805711149226e-17 
 1152       1.590236071394e-10       1.759170749372e-12      -3.711338585961e-12       1.302818950140e-14       3.453850800820e-15      -1.002376158137e-16       2.645663895809e-17 
 1153       1.587513130195e-10       1.758416682776e-12      -3.597044378662e-12       1.302648373210e-14       3.442013130157e-15      -9.816631993531e-17       2.486364362238e-17 
 1154       1.584698495249e-10       1.758247150279e-12      -3.483289497480e-12       1.302462739814e-14       3.430225595734e-15      -9.604226487432e-17       2.327807514121e-17 
 1155       1.581793100132e-10       1.758658985330e-12      -3.370123888457e-12       1.302261996309e-14       3.418487954549e-15      -9.386565995355e-17       2.169988251721e-17 
 1156       1.578797887087e-10       1.759648983496e-12      -3.257597821625e-12       1.302046088988e-14       3.406799959592e-15      -9.163671723450e-17       2.012901409791e-17 
 1157       1.575713807042e-10       1.761213902359e-12      -3.145761891686e-12       1.301814964083e-14       3.395161359830e-15      -8.935565152411e-17       1.856541757401e-17 
 1158       1.572541819630e-10       1.763350461429e-12      -3.034667018694e-12       1.301568567758e-14       3.383571900196e-15      -8.702268038161e-17       1.700903997776e-17 
 1159       1.569282893209e-10       1.766055342050e-12      -2.924364448738e-12       1.301306846116e-14       3.372031321583e-15      -8.463802412527e-17       1.545982768125e-17 
 1160       1.565938004886e-10       1.769325187301e-12      -2.814905754625e-12       1.301029745196e-14       3.360539360827e-15      -8.220190583926e-17       1.391772639477e-17 
 1161       1.562508140530e-10       1.773156601910e-12      -2.706342836560e-12       1.300737210973e-14       3.349095750702e-15      -7.971455138040e-17       1.238268116514e-17 
 1162       1.558994294798e-10       1.777546152154e-12      -2.598727922829e-12       1.300429189358e-14       3.337700219905e-15      -7.717618938500e-17       1.085463637399e-17 
 1163       1.555397471154e-10       1.782490365771e-12      -2.492113570483e-12       1.300105626198e-14       3.326352493048e-15      -7.458705127564e-17       9.333535736157e-18 
 1164       1.551718681888e-10       1.787985731861e-12      -2.386552666018e-12       1.299766467277e-14       3.315052290645e-15      -7.194737126795e-17       7.819322297963e-18 
 1165       1.547958948137e-10       1.794028700797e-12      -2.282098426056e-12       1.299411658317e-14       3.303799329103e-15      -6.925738637748e-17       6.311938435567e-18 
 1166       1.544119299905e-10       1.800615684129e-12      -2.178804398029e-12       1.299041144973e-14       3.292593320710e-15      -6.651733642642e-17       4.811325853285e-18 
 1167       1.540200776083e-10       1.807743054492e-12      -2.076724460864e-12       1.298654872839e-14       3.281433973626e-15      -6.372746405045e-17       3.317425581922e-18 
 1168       1.536204424470e-10       1.815407145511e-12      -1.975912825658e-12       1.298252787444e-14       3.270320991871e-15      -6.088801470555e-17       1.830177977101e-18 
 1169       1.532131301792e-10       1.823604251708e-12      -1.876424036366e-12       1.297834834256e-14       3.259254075312e-15      -5.799923667474e-17       3.495227175908e-19 
 1170       1.527982473724e-10       1.832330628409e-12      -1.778312970481e-12       1.297400958677e-14       3.248232919659e-15      -5.506138107497e-17      -1.124601196367e-18 
 1171       1.523759014908e-10       1.841582491651e-12      -1.681634839716e-12       1.296951106046e-14       3.237257216445e-15      -5.207470186384e-17      -2.592255444725e-18 
 1172       1.519462008975e-10       1.851356018085e-12      -1.586445190686e-12       1.296485221640e-14       3.226326653024e-15      -4.903945584645e-17      -4.053502389308e-18 
 1173       1.515092548562e-10       1.861647344888e-12      -1.492799905592e-12       1.296003250671e-14       3.215440912554e-15      -4.595590268218e-17      -5.508405075476e-18 
 1174       1.510651735339e-10       1.872452569665e-12      -1.400755202900e-12       1.295505138288e-14       3.204599673990e-15      -4.282430489149e-17      -6.957027233804e-18 
 1175       1.506140680022e-10       1.883767750357e-12      -1.310367638026e-12       1.294990829579e-14       3.193802612070e-15      -3.964492786276e-17      -8.399433281745e-18 
 1176       1.501560502396e-10       1.895588905147e-12      -1.221694104017e-12       1.294460269565e-14       3.183049397308e-15      -3.641803985901e-17      -9.835688325311e-18 
 1177       1.496912331335e-10       1.907912012369e-12      -1.134791832232e-12       1.293913403206e-14       3.172339695981e-15      -3.314391202480e-17      -1.126585816073e-17 
 1178       1.492197392556e-10       1.920732112617e-12      -1.049710115851e-12       1.293350214793e-14       3.161673207799e-15      -2.982293525589e-17      -1.268997305358e-17 
 1179       1.487417273015e-10       1.934040603075e-12      -9.664653666093e-13       1.292770846660e-14       3.151049779457e-15      -2.645597238216e-17      -1.410791858074e-17 
 1180       1.482573659830e-10       1.947827909434e-12      -8.850657499421e-13       1.292175481946e-14       3.140469292470e-15      -2.304401036785e-17      -1.551954343741e-17 
 1181       1.477668252875e-10       1.962084380470e-12      -8.055194340534e-13       1.291564305336e-14       3.129931625615e-15      -1.958804386186e-17      -1.692469553536e-17 
 1182       1.472702764805e-10       1.976800287869e-12      -7.278345898844e-13       1.290937503066e-14       3.119436654921e-15      -1.608907521463e-17      -1.832322200144e-17 
 1183       1.467678921089e-10       1.991965826060e-12      -6.520193910806e-13       1.290295262925e-14       3.108984253663e-15      -1.254811449506e-17      -1.971496917619e-17 
 1184       1.462598460033e-10       2.007571112042e-12      -5.780820139578e-13       1.289637774260e-14       3.098574292352e-15      -8.966179507389e-18      -2.109978261232e-17 
 1185       1.457463132809e-10       2.023606185215e-12      -5.060306374702e-13       1.288965227977e-14       3.088206638731e-15      -5.344295808087e-18      -2.247750707326e-17 
 1186       1.452274703486e-10       2.040061007206e-12      -4.358734431764e-13       1.288277816548e-14       3.077881157766e-15      -1.683496722778e-18      -2.384798653174e-17 
 1187       1.447034949051e-10       2.056925461699e-12      -3.676186152069e-13       1.287575734010e-14       3.067597711637e-15       2.015176636876e-18      -2.521106416829e-17 
 1188       1.441745659445e-10       2.074189354265e-12      -3.012743402311e-13       1.286859175972e-14       3.057356159733e-15       5.750675356276e-18      -2.656658236982e-17 
 1189       1.436408637584e-10       2.091842412190e-12      -2.368488074237e-13       1.286128339619e-14       3.047156358642e-15       9.521942700988e-18      -2.791438272812e-17 
 1190       1.431025699390e-10       2.109874284304e-12      -1.743502084322e-13       1.285383423711e-14       3.036998162147e-15       1.332791409984e-17      -2.925430603841e-17 
 1191       1.425598673820e-10       2.128274540810e-12      -1.137867373439e-13       1.284624628590e-14       3.026881421214e-15       1.716751712803e-17      -3.058619229793e-17 
 1192       1.420129402889e-10       2.147032673112e-12      -5.516659065231e-14       1.283852156184e-14       3.016805983989e-15       2.103967149021e-17      -3.190988070442e-17 
 1193       1.414619741703e-10       2.166138093646e-12       1.502032775369e-15       1.283066210006e-14       3.006771695785e-15       2.494328900363e-17      -3.322520965468e-17 
 1194       1.409071558484e-10       2.185580135706e-12       5.621093173153e-14       1.282266995163e-14       2.996778399082e-15       2.887727358119e-17      -3.453201674314e-17 
 1195       1.403486734599e-10       2.205348053277e-12       1.089519027011e-13       1.281454718357e-14       2.986825933513e-15       3.284052121457e-17      -3.583013876037e-17 
 1196       1.397867164586e-10       2.225431020858e-12       1.597167398948e-13       1.280629587886e-14       2.976914135859e-15       3.683191995732e-17      -3.711941169163e-17 
 1197       1.392214756182e-10       2.245818133298e-12       2.084972352817e-13       1.279791813652e-14       2.967042840041e-15       4.085034990796e-17      -3.839967071541e-17 
 1198       1.386531430355e-10       2.266498405618e-12       2.552851786229e-13       1.278941607161e-14       2.957211877114e-15       4.489468319312e-17      -3.967075020197e-17 
 1199       1.380819121326e-10       2.287460772846e-12       3.000723575040e-13       1.278079181527e-14       2.947421075258e-15       4.896378395056e-17      -4.093248371192e-17 
 1200       1.375079776600e-10       2.308694089841e-12       3.428505573686e-13       1.277204751478e-14       2.937670259771e-15       5.305650831236e-17      -4.218470399468e-17 
 1201       1.369315356992e-10       2.330187131125e-12       3.836115615510e-13       1.276318533357e-14       2.927959253059e-15       5.717170438797e-17      -4.342724298710e-17 
 1202       1.363527836658e-10       2.351928590710e-12       4.223471513094e-13       1.275420745123e-14       2.918287874635e-15       6.130821224733e-17      -4.465993181196e-17 
 1203       1.357719203118e-10       2.373907081929e-12       4.590491058589e-13       1.274511606362e-14       2.908655941104e-15       6.546486390394e-17      -4.588260077653e-17 
 1204       1.351891457289e-10       2.396111137263e-12       4.937092024046e-13       1.273591338281e-14       2.899063266160e-15       6.964048329803e-17      -4.709507937110e-17 
 1205       1.346046613508e-10       2.418529208171e-12       5.263192161746e-13       1.272660163720e-14       2.889509660578e-15       7.383388627959e-17      -4.829719626753e-17 
 1206       1.340186699563e-10       2.441149664918e-12       5.568709204531e-13       1.271718307150e-14       2.879994932205e-15       7.804388059150e-17      -4.948877931779e-17 
 1207       1.334313756720e-10       2.463960796404e-12       5.853560866133e-13       1.270765994678e-14       2.870518885954e-15       8.226926585265e-17      -5.066965555248e-17 
 1208       1.328429839749e-10       2.486950809995e-12       6.117664841504e-13       1.269803454051e-14       2.861081323794e-15       8.650883354101e-17      -5.183965117941e-17 
 1209       1.322537016956e-10       2.510107831348e-12       6.360938807151e-13       1.268830914658e-14       2.851682044748e-15       9.076136697674e-17      -5.299859158213e-17 
 1210       1.316637370205e-10       2.533419904244e-12       6.583300421461e-13       1.267848607535e-14       2.842320844879e-15       9.502564130532e-17      -5.414630131844e-17 
 1211       1.310732994952e-10       2.556874990414e-12       6.784667325033e-13       1.266856765369e-14       2.832997517286e-15       9.930042348060e-17      -5.528260411897e-17 
 1212       1.304826000266e-10       2.580460969370e-12       6.964957141011e-13       1.265855622497e-14       2.823711852096e-15       1.035844722480e-16      -5.640732288571e-17 
 1213       1.298918508863e-10       2.604165638231e-12       7.124087475410e-13       1.264845414916e-14       2.814463636456e-15       1.078765381274e-16      -5.752027969055e-17 
 1214       1.293012657131e-10       2.627976711556e-12       7.261975917450e-13       1.263826380281e-14       2.805252654527e-15       1.121753633965e-16      -5.862129577381e-17 
 1215       1.287110595158e-10       2.651881821168e-12       7.378540039887e-13       1.262798757912e-14       2.796078687474e-15       1.164796820738e-16      -5.971019154281e-17 
 1216       1.281214486758e-10       2.675868515989e-12       7.473697399338e-13       1.261762788794e-14       2.786941513461e-15       1.207882199017e-16      -6.078678657036e-17 
 1217       1.275326509503e-10       2.699924261863e-12       7.547365536618e-13       1.260718715585e-14       2.777840907642e-15       1.250996943295e-16      -6.185089959339e-17 
 1218       1.269448854746e-10       2.724036441387e-12       7.599461977067e-13       1.259666782614e-14       2.768776642154e-15       1.294128144968e-16      -6.290234851138e-17 
 1219       1.263583727653e-10       2.748192353742e-12       7.629904230879e-13       1.258607235889e-14       2.759748486109e-15       1.337262812163e-16      -6.394095038500e-17 
 1220       1.257733347228e-10       2.772379214520e-12       7.638609793436e-13       1.257540323099e-14       2.750756205587e-15       1.380387869570e-16      -6.496652143460e-17 
 1221       1.251899946341e-10       2.796584155552e-12       7.625496145638e-13       1.256466293616e-14       2.741799563629e-15       1.423490158273e-16      -6.597887703875e-17 
 1222       1.246085771759e-10       2.820794224738e-12       7.590480754228e-13       1.255385398499e-14       2.732878320228e-15       1.466556435583e-16      -6.697783173280e-17 
 1223       1.240293084169e-10       2.844996385878e-12       7.533481072132e-13       1.254297890501e-14       2.723992232323e-15       1.509573374864e-16      -6.796319920744e-17 
 1224       1.234524158207e-10       2.869177518496e-12       7.454414538779e-13       1.253204024065e-14       2.715141053790e-15       1.552527565370e-16      -6.893479230717e-17 
 1225       1.228781282490e-10       2.893324417674e-12       7.353198580441e-13       1.252104055336e-14       2.706324535438e-15       1.595405512072e-16      -6.989242302894e-17 
 1226       1.223066759638e-10       2.917423793878e-12       7.229750610554e-13       1.250998242158e-14       2.697542424996e-15       1.638193635490e-16      -7.083590252060e-17 
 1227       1.217382679629e-10       2.941463257973e-12       7.084047378029e-13       1.249886837075e-14       2.688794494838e-15       1.680879977083e-16      -7.176506775109e-17 
 1228       1.211730236848e-10       2.965434289464e-12       6.916303785383e-13       1.248770066230e-14       2.680080625525e-15       1.723459337995e-16      -7.267986187155e-17 
 1229       1.206110404953e-10       2.989329303278e-12       6.726796201598e-13       1.247648150222e-14       2.671400723243e-15       1.765928201190e-16      -7.358025480866e-17 
 1230       1.200524162828e-10       3.013140667692e-12       6.515803312446e-13       1.246521311089e-14       2.662754692156e-15       1.808283031419e-16      -7.446621668057e-17 
 1231       1.194972494590e-10       3.036860704240e-12       6.283606125545e-13       1.245389772313e-14       2.654142434406e-15       1.850520275183e-16      -7.533771779758e-17 
 1232       1.189456389601e-10       3.060481687623e-12       6.030487975415e-13       1.244253758822e-14       2.645563850105e-15       1.892636360703e-16      -7.619472866275e-17 
 1233       1.183976842473e-10       3.083995845613e-12       5.756734528535e-13       1.243113496991e-14       2.637018837329e-15       1.934627697883e-16      -7.703721997266e-17 
 1234       1.178534853083e-10       3.107395358963e-12       5.462633788403e-13       1.241969214650e-14       2.628507292115e-15       1.976490678279e-16      -7.786516261797e-17 
 1235       1.173131426581e-10       3.130672361313e-12       5.148476100587e-13       1.240821141081e-14       2.620029108452e-15       2.018221675069e-16      -7.867852768418e-17 
 1236       1.167767573398e-10       3.153818939097e-12       4.814554157790e-13       1.239669507024e-14       2.611584178280e-15       2.059817043012e-16      -7.947728645223e-17 
 1237       1.162444309257e-10       3.176827131452e-12       4.461163004897e-13       1.238514544680e-14       2.603172391483e-15       2.101273118424e-16      -8.026141039920e-17 
 1238       1.157162655184e-10       3.199688930123e-12       4.088600044043e-13       1.237356487713e-14       2.594793635881e-15       2.142586219136e-16      -8.103087119894e-17 
 1239       1.151923637515e-10       3.222396279374e-12       3.697165039662e-13       1.236195571251e-14       2.586447797230e-15       2.183752644469e-16      -8.178564072280e-17 
 1240       1.146728287908e-10       3.244941075890e-12       3.287160123545e-13       1.235032031895e-14       2.578134759212e-15       2.224768675195e-16      -8.252569104022e-17 
 1241       1.141577643352e-10       3.267315168690e-12       2.858889799900e-13       1.233866107715e-14       2.569854403432e-15       2.265630573506e-16      -8.325099441946e-17 
 1242       1.136472746177e-10       3.289510359032e-12       2.412660950409e-13       1.232698038256e-14       2.561606609413e-15       2.306334582982e-16      -8.396152332822e-17 
 1243       1.131414644062e-10       3.311518400318e-12       1.948782839280e-13       1.231528064541e-14       2.553391254590e-15       2.346876928554e-16      -8.465725043434e-17 
 1244       1.126404390047e-10       3.333330998006e-12       1.467567118310e-13       1.230356429073e-14       2.545208214304e-15       2.387253816477e-16      -8.533814860643e-17 
 1245       1.121443042543e-10       3.354939809513e-12       9.693278319371e-14       1.229183375839e-14       2.537057361797e-15       2.427461434290e-16      -8.600419091457e-17 
 1246       1.116531665338e-10       3.376336444126e-12       4.543814223017e-14       1.228009150313e-14       2.528938568208e-15       2.467495950789e-16      -8.665535063095e-17 
 1247       1.111671327611e-10       3.397512462906e-12      -7.695326569971e-15       1.226833999455e-14       2.520851702568e-15       2.507353515988e-16      -8.729160123057e-17 
 1248       1.106863103940e-10       3.418459378599e-12      -6.243549793562e-14       1.225658171720e-14       2.512796631790e-15       2.547030261091e-16      -8.791291639186e-17 
 1249       1.102108074312e-10       3.439168655540e-12      -1.187500053086e-13       1.224481917056e-14       2.504773220671e-15       2.586522298457e-16      -8.851926999737e-17 
 1250       1.097407324132e-10       3.459631709562e-12      -1.766062403378e-13       1.223305486911e-14       2.496781331881e-15       2.625825721565e-16      -8.911063613444e-17 
 1251       1.092761944232e-10       3.479839907903e-12      -2.359713523738e-13       1.222129134230e-14       2.488820825960e-15       2.664936604982e-16      -8.968698909587e-17 
 1252       1.088173030884e-10       3.499784569115e-12      -2.968122479627e-13       1.220953113465e-14       2.480891561313e-15       2.703851004333e-16      -9.024830338055e-17 
 1253       1.083641685806e-10       3.519456962968e-12      -3.590955903411e-13       1.219777680572e-14       2.472993394204e-15       2.742564956262e-16      -9.079455369419e-17 
 1254       1.079169016176e-10       3.538848310361e-12      -4.227877989295e-13       1.218603093017e-14       2.465126178750e-15       2.781074478404e-16      -9.132571494992e-17 
 1255       1.074756134636e-10       3.557949783226e-12      -4.878550488274e-13       1.217429609779e-14       2.457289766917e-15       2.819375569349e-16      -9.184176226898e-17 
 1256       1.070404159306e-10       3.576752504437e-12      -5.542632703074e-13       1.216257491350e-14       2.449484008514e-15       2.857464208610e-16      -9.234267098140e-17 
 1257       1.066114213793e-10       3.595247547721e-12      -6.219781483091e-13       1.215086999742e-14       2.441708751189e-15       2.895336356588e-16      -9.282841662667e-17 
 1258       1.061887427200e-10       3.613425937556e-12      -6.909651219339e-13       1.213918398485e-14       2.433963840421e-15       2.932987954543e-16      -9.329897495436e-17 
 1259       1.057724934137e-10       3.631278649088e-12      -7.611893839392e-13       1.212751952635e-14       2.426249119518e-15       2.970414924555e-16      -9.375432192483e-17 
 1260       1.053627874728e-10       3.648796608034e-12      -8.326158802324e-13       1.211587928773e-14       2.418564429610e-15       3.007613169498e-16      -9.419443370990e-17 
 1261       1.049597394623e-10       3.665970690589e-12      -9.052093093654e-13       1.210426595011e-14       2.410909609641e-15       3.044578572999e-16      -9.461928669347e-17 
 1262       1.045634645009e-10       3.682791723335e-12      -9.789341220293e-13       1.209268220991e-14       2.403284496371e-15       3.081306999410e-16      -9.502885747223e-17 
 1263       1.041740782616e-10       3.699250483146e-12      -1.053754520548e-12       1.208113077891e-14       2.395688924363e-15       3.117794293776e-16      -9.542312285631e-17 
 1264       1.037916969728e-10       3.715337697099e-12      -1.129634458372e-12       1.206961438429e-14       2.388122725982e-15       3.154036281795e-16      -9.580205986994e-17 
 1265       1.034164374196e-10       3.731044042379e-12      -1.206537639576e-12       1.205813576860e-14       2.380585731387e-15       3.190028769793e-16      -9.616564575212e-17 
 1266       1.030484169444e-10       3.746360146186e-12      -1.284427518349e-12       1.204669768986e-14       2.373077768531e-15       3.225767544685e-16      -9.651385795729e-17 
 1267       1.026877534479e-10       3.761276585642e-12      -1.363267298489e-12       1.203530292153e-14       2.365598663149e-15       3.261248373945e-16      -9.684667415601e-17 
 1268       1.023345653902e-10       3.775783887702e-12      -1.443019932901e-12       1.202395425258e-14       2.358148238757e-15       3.296467005572e-16      -9.716407223557e-17 
 1269       1.019889717918e-10       3.789872529057e-12      -1.523648123088e-12       1.201265448750e-14       2.350726316644e-15       3.331419168055e-16      -9.746603030074e-17 
 1270       1.016510922344e-10       3.803532936044e-12      -1.605114318647e-12       1.200140644634e-14       2.343332715871e-15       3.366100570344e-16      -9.775252667436e-17 
 1271       1.013210468621e-10       3.816755484551e-12      -1.687380716761e-12       1.199021296471e-14       2.335967253260e-15       3.400506901812e-16      -9.802353989803e-17 
 1272       1.009989563822e-10       3.829530499928e-12      -1.770409261695e-12       1.197907689385e-14       2.328629743393e-15       3.434633832227e-16      -9.827904873282e-17 
 1273       1.006849420662e-10       3.841848256892e-12      -1.854161644293e-12       1.196800110063e-14       2.321319998606e-15       3.468477011712e-16      -9.851903215987e-17 
 1274       1.003791257507e-10       3.853698979433e-12      -1.938599301466e-12       1.195698846758e-14       2.314037828982e-15       3.502032070720e-16      -9.874346938108e-17 
 1275       1.000816298388e-10       3.865072840724e-12      -2.023683415691e-12       1.194604189294e-14       2.306783042346e-15       3.535294619995e-16      -9.895233981979e-17 
 1276       9.979254923566e-11       3.875961725582e-12      -2.109375867504e-12       1.193516392129e-14       2.299555464922e-15       3.568261470277e-16      -9.914565595922e-17 
 1277       9.951186680442e-11       3.886364540141e-12      -2.195642105940e-12       1.192435563085e-14       2.292355003563e-15       3.600934306778e-16      -9.932356226822e-17 
 1278       9.923953694387e-11       3.896281962827e-12      -2.282448309976e-12       1.191361773350e-14       2.285181584222e-15       3.633316056740e-16      -9.948623741029e-17 
 1279       9.897551356423e-11       3.905714687366e-12      -2.369760438079e-12       1.190295094297e-14       2.278035131353e-15       3.665409673573e-16      -9.963386151168e-17 
 1280       9.871975008611e-11       3.914663422814e-12      -2.457544227767e-12       1.189235597491e-14       2.270915567907e-15       3.697218136916e-16      -9.976661616448e-17 
 1281       9.847219943936e-11       3.923128893599e-12      -2.545765195182e-12       1.188183354682e-14       2.263822815328e-15       3.728744452689e-16      -9.988468442969e-17 
 1282       9.823281406198e-11       3.931111839557e-12      -2.634388634644e-12       1.187138437810e-14       2.256756793551e-15       3.759991653152e-16      -9.998825084033e-17 
 1283       9.800154589905e-11       3.938613015969e-12      -2.723379618223e-12       1.186100919002e-14       2.249717420995e-15       3.790962796961e-16      -1.000775014045e-16 
 1284       9.777834640163e-11       3.945633193596e-12      -2.812702995303e-12       1.185070870576e-14       2.242704614561e-15       3.821660969225e-16      -1.001526236086e-16 
 1285       9.756316652565e-11       3.952173158721e-12      -2.902323392141e-12       1.184048365036e-14       2.235718289631e-15       3.852089281561e-16      -1.002138064200e-16 
 1286       9.735595673081e-11       3.958233713182e-12      -2.992205211437e-12       1.183033475075e-14       2.228758360058e-15       3.882250872156e-16      -1.002612402906e-16 
 1287       9.715666697954e-11       3.963815674411e-12      -3.082312631898e-12       1.182026273578e-14       2.221824738168e-15       3.912148905815e-16      -1.002951171599e-16 
 1288       9.696524673584e-11       3.968919875470e-12      -3.172609607798e-12       1.181026833615e-14       2.214917334753e-15       3.941786574027e-16      -1.003156304576e-16 
 1289       9.678164496421e-11       3.973547165089e-12      -3.263059868547e-12       1.180035228449e-14       2.208036059068e-15       3.971167095013e-16      -1.003229751071e-16 
 1290       9.660581012858e-11       3.977698407704e-12      -3.353626918256e-12       1.179051531530e-14       2.201180818830e-15       4.000293713791e-16      -1.003173475287e-16 
 1291       9.643769019119e-11       3.981374483493e-12      -3.444274035296e-12       1.178075816498e-14       2.194351520207e-15       4.029169702225e-16      -1.002989456420e-16 
 1292       9.627723261148e-11       3.984576288412e-12      -3.534964271869e-12       1.177108157185e-14       2.187548067824e-15       4.057798359088e-16      -1.002679688699e-16 
 1293       9.612438434504e-11       3.987304734235e-12      -3.625660453568e-12       1.176148627609e-14       2.180770364750e-15       4.086183010114e-16      -1.002246181410e-16 
 1294       9.597909184250e-11       3.989560748591e-12      -3.716325178943e-12       1.175197301982e-14       2.174018312501e-15       4.114327008058e-16      -1.001690958930e-16 
 1295       9.584130104841e-11       3.991345274996e-12      -3.806920819067e-12       1.174254254703e-14       2.167291811032e-15       4.142233732750e-16      -1.001016060757e-16 
 1296       9.571095740017e-11       3.992659272899e-12      -3.897409517098e-12       1.173319560364e-14       2.160590758736e-15       4.169906591153e-16      -1.000223541540e-16 
 1297       9.558800582695e-11       3.993503717709e-12      -3.987753187843e-12       1.172393293747e-14       2.153915052438e-15       4.197349017421e-16      -9.993154711114e-17 
 1298       9.547239074854e-11       3.993879600842e-12      -4.077913517327e-12       1.171475529823e-14       2.147264587393e-15       4.224564472954e-16      -9.982939345173e-17 
 1299       9.536405607433e-11       3.993787929751e-12      -4.167851962352e-12       1.170566343755e-14       2.140639257282e-15       4.251556446453e-16      -9.971610320477e-17 
 1300       9.526294520217e-11       3.993229727968e-12      -4.257529750064e-12       1.169665810898e-14       2.134038954207e-15       4.278328453981e-16      -9.959188792682e-17 
 1301       9.516900101728e-11       3.992206035135e-12      -4.346907877520e-12       1.168774006796e-14       2.127463568688e-15       4.304884039016e-16      -9.945696070501e-17 
 1302       9.508216589117e-11       3.990717907049e-12      -4.435947111247e-12       1.167891007187e-14       2.120912989660e-15       4.331226772509e-16      -9.931153616020e-17 
 1303       9.500238168051e-11       3.988766415695e-12      -4.524607986810e-12       1.167016887998e-14       2.114387104466e-15       4.357360252942e-16      -9.915583044998e-17 
 1304       9.492958972611e-11       3.986352649280e-12      -4.612850808378e-12       1.166151725349e-14       2.107885798860e-15       4.383288106382e-16      -9.899006127185e-17 
 1305       9.486373085175e-11       3.983477712278e-12      -4.700635648283e-12       1.165295595552e-14       2.101408956994e-15       4.409013986538e-16      -9.881444786620e-17 
 1306       9.480474536312e-11       3.980142725460e-12      -4.787922346591e-12       1.164448575110e-14       2.094956461424e-15       4.434541574822e-16      -9.862921101947e-17 
 1307       9.475257304672e-11       3.976348825935e-12      -4.874670510662e-12       1.163610740717e-14       2.088528193097e-15       4.459874580400e-16      -9.843457306724e-17 
 1308       9.470715316877e-11       3.972097167185e-12      -4.960839514714e-12       1.162782169263e-14       2.082124031355e-15       4.485016740251e-16      -9.823075789722e-17 
 1309       9.466842447412e-11       3.967388919105e-12      -5.046388499393e-12       1.161962937828e-14       2.075743853925e-15       4.509971819225e-16      -9.801799095246e-17 
 1310       9.463632518515e-11       3.962225268038e-12      -5.131276371332e-12       1.161153123683e-14       2.069387536921e-15       4.534743610096e-16      -9.779649923435e-17 
 1311       9.461079300066e-11       3.956607416812e-12      -5.215461802715e-12       1.160352804295e-14       2.063054954836e-15       4.559335933624e-16      -9.756651130570e-17 
 1312       9.459176509481e-11       3.950536584779e-12      -5.298903230848e-12       1.159562057321e-14       2.056745980539e-15       4.583752638608e-16      -9.732825729391e-17 
 1313       9.457917811600e-11       3.944014007849e-12      -5.381558857716e-12       1.158780960614e-14       2.050460485271e-15       4.607997601942e-16      -9.708196889393e-17 
 1314       9.457296818579e-11       3.937040938530e-12      -5.463386649553e-12       1.158009592217e-14       2.044198338645e-15       4.632074728674e-16      -9.682787937147e-17 
 1315       9.457307089778e-11       3.929618645966e-12      -5.544344336403e-12       1.157248030369e-14       2.037959408637e-15       4.655987952062e-16      -9.656622356598e-17 
 1316       9.457942131657e-11       3.921748415971e-12      -5.624389411685e-12       1.156496353501e-14       2.031743561584e-15       4.679741233630e-16      -9.629723789380e-17 
 1317       9.459195397659e-11       3.913431551067e-12      -5.703479131760e-12       1.155754640237e-14       2.025550662183e-15       4.703338563225e-16      -9.602116035121e-17 
 1318       9.461060288109e-11       3.904669370523e-12      -5.781570515492e-12       1.155022969397e-14       2.019380573483e-15       4.726783959076e-16      -9.573823051753e-17 
 1319       9.463530150098e-11       3.895463210392e-12      -5.858620343815e-12       1.154301419993e-14       2.013233156883e-15       4.750081467844e-16      -9.544868955820e-17 
 1320       9.466598277376e-11       3.885814423544e-12      -5.934585159298e-12       1.153590071233e-14       2.007108272131e-15       4.773235164688e-16      -9.515278022788e-17 
 1321       9.470257910243e-11       3.875724379710e-12      -6.009421265705e-12       1.152889002517e-14       2.001005777314e-15       4.796249153313e-16      -9.485074687349e-17 
 1322       9.474502235440e-11       3.865194465512e-12      -6.083084727565e-12       1.152198293440e-14       1.994925528861e-15       4.819127566034e-16      -9.454283543735e-17 
 1323       9.479324386038e-11       3.854226084507e-12      -6.155531369734e-12       1.151518023794e-14       1.988867381534e-15       4.841874563826e-16      -9.422929346021e-17 
 1324       9.484717441328e-11       3.842820657219e-12      -6.226716776959e-12       1.150848273562e-14       1.982831188428e-15       4.864494336385e-16      -9.391037008437e-17 
 1325       9.490673552615e-11       3.830980565094e-12      -6.296602098526e-12       1.150189089390e-14       1.976816816432e-15       4.886989018306e-16      -9.358627380106e-17 
 1326       9.497181310240e-11       3.818711993681e-12      -6.365171533171e-12       1.149540383575e-14       1.970824192826e-15       4.909352412340e-16      -9.325704517605e-17 
 1327       9.504228347284e-11       3.806022120900e-12      -6.432415036252e-12       1.148902033957e-14       1.964853259188e-15       4.931576196986e-16      -9.292268272569e-17 
 1328       9.511802210863e-11       3.792918176073e-12      -6.498322532126e-12       1.148273917358e-14       1.958903955978e-15       4.953652003999e-16      -9.258318504541e-17 
 1329       9.519890361956e-11       3.779407440027e-12      -6.562883914115e-12       1.147655909571e-14       1.952976222530e-15       4.975571418301e-16      -9.223855080987e-17 
 1330       9.528480175242e-11       3.765497245193e-12      -6.626089044463e-12       1.147047885364e-14       1.947069997050e-15       4.997325977903e-16      -9.188877877322e-17 
 1331       9.537558938925e-11       3.751194975712e-12      -6.687927754301e-12       1.146449718476e-14       1.941185216616e-15       5.018907173813e-16      -9.153386776925e-17 
 1332       9.547113854567e-11       3.736508067531e-12      -6.748389843604e-12       1.145861281615e-14       1.935321817172e-15       5.040306449951e-16      -9.117381671161e-17 
 1333       9.557132036921e-11       3.721444008509e-12      -6.807465081154e-12       1.145282446454e-14       1.929479733526e-15       5.061515203067e-16      -9.080862459400e-17 
 1334       9.567600513759e-11       3.706010338519e-12      -6.865143204503e-12       1.144713083631e-14       1.923658899350e-15       5.082524782651e-16      -9.043829049038e-17 
 1335       9.578506225703e-11       3.690214649545e-12      -6.921413919930e-12       1.144153062748e-14       1.917859247171e-15       5.103326490851e-16      -9.006281355515e-17 
 1336       9.589836026058e-11       3.674064585789e-12      -6.976266902402e-12       1.143602252366e-14       1.912080708378e-15       5.123911582383e-16      -8.968219302337e-17 
 1337       9.601576680643e-11       3.657567843769e-12      -7.029691795541e-12       1.143060520003e-14       1.906323213209e-15       5.144271264451e-16      -8.929642821094e-17 
 1338       9.613714867617e-11       3.640732172423e-12      -7.081678211578e-12       1.142527732134e-14       1.900586690755e-15       5.164396696658e-16      -8.890551851479e-17 
 1339       9.626237177317e-11       3.623565373207e-12      -7.132215731317e-12       1.142003754189e-14       1.894871068957e-15       5.184278990917e-16      -8.850946341312e-17 
 1340       9.639130112085e-11       3.606075300202e-12      -7.181293904095e-12       1.141488450548e-14       1.889176274597e-15       5.203909211374e-16      -8.810826246555e-17 
 1341       9.652380086097e-11       3.588269860211e-12      -7.228902247745e-12       1.140981684541e-14       1.883502233305e-15       5.223278374314e-16      -8.770191531334e-17 
 1342       9.665973425198e-11       3.570157012865e-12      -7.275030248555e-12       1.140483318445e-14       1.877848869548e-15       5.242377448080e-16      -8.729042167959e-17 
 1343       9.679896366732e-11       3.551744770718e-12      -7.319667361231e-12       1.139993213483e-14       1.872216106631e-15       5.261197352987e-16      -8.687378136944e-17 
 1344       9.694135059370e-11       3.533041199356e-12      -7.362803008853e-12       1.139511229821e-14       1.866603866694e-15       5.279728961232e-16      -8.645199427025e-17 
 1345       9.708675562944e-11       3.514054417494e-12      -7.404426582842e-12       1.139037226566e-14       1.861012070709e-15       5.297963096816e-16      -8.602506035181e-17 
 1346       9.723503848277e-11       3.494792597080e-12      -7.444527442920e-12       1.138571061762e-14       1.855440638479e-15       5.315890535451e-16      -8.559297966656e-17 
 1347       9.738605797014e-11       3.475263963394e-12      -7.483094917067e-12       1.138112592394e-14       1.849889488630e-15       5.333502004480e-16      -8.515575234973e-17 
 1348       9.753967201452e-11       3.455476795153e-12      -7.520118301484e-12       1.137661674376e-14       1.844358538614e-15       5.350788182786e-16      -8.471337861962e-17 
 1349       9.769573764371e-11       3.435439424611e-12      -7.555586860557e-12       1.137218162560e-14       1.838847704706e-15       5.367739700711e-16      -8.426585877770e-17 
 1350       9.785411098867e-11       3.415160237657e-12      -7.589489826813e-12       1.136781910723e-14       1.833356901995e-15       5.384347139968e-16      -8.381319320891e-17 
 1351       9.801464728181e-11       3.394647673926e-12      -7.621816400885e-12       1.136352771576e-14       1.827886044391e-15       5.400601033556e-16      -8.335538238178e-17 
 1352       9.817720085528e-11       3.373910226890e-12      -7.652555751471e-12       1.135930596750e-14       1.822435044612e-15       5.416491865674e-16      -8.289242684866e-17 
 1353       9.834162513933e-11       3.352956443967e-12      -7.681697015294e-12       1.135515236804e-14       1.817003814191e-15       5.432010071636e-16      -8.242432724592e-17 
 1354       9.850777266058e-11       3.331794926619e-12      -7.709229297067e-12       1.135106541218e-14       1.811592263464e-15       5.447146037784e-16      -8.195108429414e-17 
 1355       9.867549504034e-11       3.310434330456e-12      -7.735141669448e-12       1.134704358390e-14       1.806200301577e-15       5.461890101403e-16      -8.147269879830e-17 
 1356       9.884464299291e-11       3.288883365335e-12      -7.759423173007e-12       1.134308535638e-14       1.800827836473e-15       5.476232550638e-16      -8.098917164802e-17 
 1357       9.901506632391e-11       3.267150795463e-12      -7.782062816183e-12       1.133918919193e-14       1.795474774899e-15       5.490163624403e-16      -8.050050381770e-17 
 1358       9.918661392858e-11       3.245245439501e-12      -7.803049575246e-12       1.133535354200e-14       1.790141022395e-15       5.503673512299e-16      -8.000669636675e-17 
 1359       9.935913379006e-11       3.223176170660e-12      -7.822372394259e-12       1.133157684716e-14       1.784826483299e-15       5.516752354530e-16      -7.950775043978e-17 
 1360       9.953247297776e-11       3.200951916809e-12      -7.840020185036e-12       1.132785753707e-14       1.779531060736e-15       5.529390241811e-16      -7.900366726681e-17 
 1361       9.970647764560e-11       3.178581660571e-12      -7.855981827109e-12       1.132419403043e-14       1.774254656624e-15       5.541577215289e-16      -7.849444816345e-17 
 1362       9.988099303037e-11       3.156074439430e-12      -7.870246167682e-12       1.132058473503e-14       1.768997171663e-15       5.553303266453e-16      -7.798009453112e-17 
 1363       1.000558634500e-10       3.133439345826e-12      -7.882802021596e-12       1.131702804764e-14       1.763758505340e-15       5.564558337053e-16      -7.746060785722e-17 
 1364       1.002309323020e-10       3.110685527265e-12      -7.893638171289e-12       1.131352235408e-14       1.758538555919e-15       5.575332319008e-16      -7.693598971535e-17 
 1365       1.004060420614e-10       3.087822186414e-12      -7.902743366757e-12       1.131006602911e-14       1.753337220444e-15       5.585615054326e-16      -7.640624176551e-17 
 1366       1.005810342797e-10       3.064858581204e-12      -7.910106325514e-12       1.130665743649e-14       1.748154394734e-15       5.595396335013e-16      -7.587136575426e-17 
 1367       1.007557495824e-10       3.041804024933e-12      -7.915715732557e-12       1.130329492888e-14       1.742989973379e-15       5.604665902994e-16      -7.533136351499e-17 
 1368       1.009300276680e-10       3.018667886369e-12      -7.919560240320e-12       1.129997684789e-14       1.737843849741e-15       5.613413450022e-16      -7.478623696804e-17 
 1369       1.011037073058e-10       2.995459589847e-12      -7.921628468642e-12       1.129670152403e-14       1.732715915946e-15       5.621628617594e-16      -7.423598812095e-17 
 1370       1.012766263346e-10       2.972188615374e-12      -7.921909004723e-12       1.129346727665e-14       1.727606062886e-15       5.629300996865e-16      -7.368061906863e-17 
 1371       1.014486216608e-10       2.948864498732e-12      -7.920390403088e-12       1.129027241398e-14       1.722514180215e-15       5.636420128565e-16      -7.312013199359e-17 
 1372       1.016195292567e-10       2.925496831575e-12      -7.917061185546e-12       1.128711523309e-14       1.717440156346e-15       5.642975502908e-16      -7.255452916609e-17 
 1373       1.017891841588e-10       2.902095261535e-12      -7.911909841153e-12       1.128399401986e-14       1.712383878445e-15       5.648956559511e-16      -7.198381294440e-17 
 1374       1.019574344367e-10       2.878668960213e-12      -7.904929796125e-12       1.128090705666e-14       1.707345244082e-15       5.654355348407e-16      -7.140798916294e-17 
 1375       1.021241832650e-10       2.855225020756e-12      -7.896134381536e-12       1.127785264566e-14       1.702324196293e-15       5.659174544247e-16      -7.082707733604e-17 
 1376       1.022893472960e-10       2.831770043431e-12      -7.885542024839e-12       1.127482908575e-14       1.697320688885e-15       5.663419517219e-16      -7.024110056322e-17 
 1377       1.024528427286e-10       2.808310666249e-12      -7.873171294643e-12       1.127183466480e-14       1.692334674815e-15       5.667095679769e-16      -6.965008215141e-17 
 1378       1.026145853076e-10       2.784853565039e-12      -7.859040900987e-12       1.126886765968e-14       1.687366106193e-15       5.670208486690e-16      -6.905404561538e-17 
 1379       1.027744903231e-10       2.761405453507e-12      -7.843169695619e-12       1.126592633620e-14       1.682414934278e-15       5.672763435198e-16      -6.845301467816e-17 
 1380       1.029324726095e-10       2.737973083315e-12      -7.825576672269e-12       1.126300894910e-14       1.677481109476e-15       5.674766065020e-16      -6.784701327145e-17 
 1381       1.030884465447e-10       2.714563244139e-12      -7.806280966930e-12       1.126011374205e-14       1.672564581337e-15       5.676221958476e-16      -6.723606553603e-17 
 1382       1.032423260496e-10       2.691182763741e-12      -7.785301858134e-12       1.125723894759e-14       1.667665298558e-15       5.677136740563e-16      -6.662019582217e-17 
 1383       1.033940245869e-10       2.667838508038e-12      -7.762658767224e-12       1.125438278716e-14       1.662783208973e-15       5.677516079037e-16      -6.599942869004e-17 
 1384       1.035434551603e-10       2.644537381168e-12      -7.738371258637e-12       1.125154347104e-14       1.657918259558e-15       5.677365684499e-16      -6.537378891015e-17 
 1385       1.036905303142e-10       2.621286325558e-12      -7.712459040176e-12       1.124871919831e-14       1.653070396425e-15       5.676691310475e-16      -6.474330146373e-17 
 1386       1.038351621322e-10       2.598092321993e-12      -7.684941963289e-12       1.124590815692e-14       1.648239564823e-15       5.675498753501e-16      -6.410799154315e-17 
 1387       1.039772622369e-10       2.574962389682e-12      -7.655840023345e-12       1.124310852355e-14       1.643425709133e-15       5.673793853206e-16      -6.346788455236e-17 
 1388       1.041167417887e-10       2.551903586327e-12      -7.625173359912e-12       1.124031846368e-14       1.638628772868e-15       5.671582492399e-16      -6.282300610727e-17 
 1389       1.042535114851e-10       2.528923008191e-12      -7.592962257030e-12       1.123753613152e-14       1.633848698670e-15       5.668870597145e-16      -6.217338203618e-17 
 1390       1.043874815602e-10       2.506027790166e-12      -7.559227143492e-12       1.123475967003e-14       1.629085428310e-15       5.665664136856e-16      -6.151903838019e-17 
 1391       1.045185617832e-10       2.483225105839e-12      -7.523988593116e-12       1.123198721085e-14       1.624338902682e-15       5.661969124367e-16      -6.086000139360e-17 
 1392       1.046466614584e-10       2.460522167562e-12      -7.487267325027e-12       1.122921687431e-14       1.619609061807e-15       5.657791616027e-16      -6.019629754437e-17 
 1393       1.047716894238e-10       2.437926226520e-12      -7.449084203930e-12       1.122644676941e-14       1.614895844824e-15       5.653137711776e-16      -5.952795351446e-17 
 1394       1.048935540507e-10       2.415444572796e-12      -7.409460240388e-12       1.122367499379e-14       1.610199189994e-15       5.648013555233e-16      -5.885499620030e-17 
 1395       1.050121632425e-10       2.393084535442e-12      -7.368416591097e-12       1.122089963371e-14       1.605519034696e-15       5.642425333777e-16      -5.817745271320e-17 
 1396       1.051274244343e-10       2.370853482545e-12      -7.325974559164e-12       1.121811876402e-14       1.600855315422e-15       5.636379278628e-16      -5.749535037973e-17 
 1397       1.052392445918e-10       2.348758821296e-12      -7.282155594386e-12       1.121533044817e-14       1.596207967781e-15       5.629881664938e-16      -5.680871674215e-17 
 1398       1.053475302106e-10       2.326807998057e-12      -7.236981293522e-12       1.121253273816e-14       1.591576926491e-15       5.622938811864e-16      -5.611757955885e-17 
 1399       1.054521873154e-10       2.305008498428e-12      -7.190473400571e-12       1.120972367452e-14       1.586962125382e-15       5.615557082662e-16      -5.542196680471e-17 
 1400       1.055531214593e-10       2.283367847318e-12      -7.142653807052e-12       1.120690128630e-14       1.582363497390e-15       5.607742884762e-16      -5.472190667156e-17 
 1401       1.056502377228e-10       2.261893609010e-12      -7.093544552277e-12       1.120406359106e-14       1.577780974558e-15       5.599502669856e-16      -5.401742756858e-17 
 1402       1.057434407131e-10       2.240593387228e-12      -7.043167823628e-12       1.120120859483e-14       1.573214488032e-15       5.590842933978e-16      -5.330855812268e-17 
 1403       1.058326345633e-10       2.219474825209e-12      -6.991545956835e-12       1.119833429208e-14       1.568663968062e-15       5.581770217592e-16      -5.259532717898e-17 
 1404       1.059177229315e-10       2.198545605767e-12      -6.938701436254e-12       1.119543866572e-14       1.564129343994e-15       5.572291105672e-16      -5.187776380115e-17 
 1405       1.059986090002e-10       2.177813451362e-12      -6.884656895139e-12       1.119251968708e-14       1.559610544276e-15       5.562412227785e-16      -5.115589727189e-17 
 1406       1.060751954753e-10       2.157286124168e-12      -6.829435115922e-12       1.118957531588e-14       1.555107496450e-15       5.552140258176e-16      -5.042975709330e-17 
 1407       1.061473845854e-10       2.136971426142e-12      -6.773059030491e-12       1.118660350022e-14       1.550620127151e-15       5.541481915851e-16      -4.969937298728e-17 
 1408       1.062150780809e-10       2.116877199089e-12      -6.715551720463e-12       1.118360217651e-14       1.546148362109e-15       5.530443964660e-16      -4.896477489601e-17 
 1409       1.062781772335e-10       2.097011324732e-12      -6.656936417461e-12       1.118056926955e-14       1.541692126141e-15       5.519033213381e-16      -4.822599298230e-17 
 1410       1.063365828347e-10       2.077381724781e-12      -6.597236503396e-12       1.117750269240e-14       1.537251343154e-15       5.507256515803e-16      -4.748305763001e-17 
 1411       1.063901951960e-10       2.057996360997e-12      -6.536475510736e-12       1.117440034642e-14       1.532825936141e-15       5.495120770809e-16      -4.673599944451e-17 
 1412       1.064389141472e-10       2.038863235262e-12      -6.474677122788e-12       1.117126012125e-14       1.528415827179e-15       5.482632922460e-16      -4.598484925305e-17 
 1413       1.064826390359e-10       2.019990389650e-12      -6.411865173974e-12       1.116807989477e-14       1.524020937425e-15       5.469799960077e-16      -4.522963810516e-17 
 1414       1.065212687270e-10       2.001385906488e-12      -6.348063650104e-12       1.116485753307e-14       1.519641187120e-15       5.456628918327e-16      -4.447039727312e-17 
 1415       1.065547016016e-10       1.983057908429e-12      -6.283296688657e-12       1.116159089047e-14       1.515276495580e-15       5.443126877303e-16      -4.370715825232e-17 
 1416       1.065828355559e-10       1.965014558519e-12      -6.217588579055e-12       1.115827780945e-14       1.510926781200e-15       5.429300962611e-16      -4.293995276172e-17 
 1417       1.066055680013e-10       1.947264060265e-12      -6.150963762942e-12       1.115491612066e-14       1.506591961447e-15       5.415158345452e-16      -4.216881274420e-17 
 1418       1.066227958625e-10       1.929814657698e-12      -6.083446834459e-12       1.115150364289e-14       1.502271952861e-15       5.400706242702e-16      -4.139377036704e-17 
 1419       1.066344155775e-10       1.912674635450e-12      -6.015062540519e-12       1.114803818307e-14       1.497966671053e-15       5.385951917000e-16      -4.061485802229e-17 
 1420       1.066403230965e-10       1.895852318814e-12      -5.945835781088e-12       1.114451753619e-14       1.493676030702e-15       5.370902676832e-16      -3.983210832720e-17 
 1421       1.066404138810e-10       1.879356073816e-12      -5.875791609458e-12       1.114093948536e-14       1.489399945553e-15       5.355565876607e-16      -3.904555412464e-17 
 1422       1.066345829034e-10       1.863194307279e-12      -5.804955232524e-12       1.113730180173e-14       1.485138328417e-15       5.339948916750e-16      -3.825522848349e-17 
 1423       1.066227453414e-10       1.847374142859e-12      -5.733352199791e-12       1.113360251108e-14       1.480891099979e-15       5.324058420138e-16      -3.746119577573e-17 
 1424       1.066048988986e-10       1.831897434107e-12      -5.661008971954e-12       1.112984069666e-14       1.476658215345e-15       5.307897752001e-16      -3.666364525626e-17 
 1425       1.065810621229e-10       1.816764710567e-12      -5.587952358709e-12       1.112601570456e-14       1.472439637765e-15       5.291469474701e-16      -3.586279844564e-17 
 1426       1.065512537695e-10       1.801976498080e-12      -5.514209330845e-12       1.112212687788e-14       1.468235329845e-15       5.274776169094e-16      -3.505887814294e-17 
 1427       1.065154928013e-10       1.787533318777e-12      -5.439807020533e-12       1.111817355668e-14       1.464045253543e-15       5.257820434565e-16      -3.425210842801e-17 
 1428       1.064737983894e-10       1.773435691066e-12      -5.364772721607e-12       1.111415507802e-14       1.459869370169e-15       5.240604889060e-16      -3.344271466371e-17 
 1429       1.064261899130e-10       1.759684129624e-12      -5.289133889862e-12       1.111007077591e-14       1.455707640384e-15       5.223132169125e-16      -3.263092349820e-17 
 1430       1.063726869605e-10       1.746279145383e-12      -5.212918143333e-12       1.110591998135e-14       1.451560024197e-15       5.205404929938e-16      -3.181696286716e-17 
 1431       1.063133093297e-10       1.733221245524e-12      -5.136153262588e-12       1.110170202230e-14       1.447426480965e-15       5.187425845342e-16      -3.100106199604e-17 
 1432       1.062480770279e-10       1.720510933460e-12      -5.058867191013e-12       1.109741622367e-14       1.443306969390e-15       5.169197607885e-16      -3.018345140235e-17 
 1433       1.061770102727e-10       1.708148708833e-12      -4.981088035102e-12       1.109306190734e-14       1.439201447519e-15       5.150722928847e-16      -2.936436289789e-17 
 1434       1.061001294924e-10       1.696135067498e-12      -4.902844064743e-12       1.108863839213e-14       1.435109872742e-15       5.132004538282e-16      -2.854402959099e-17 
 1435       1.060174553261e-10       1.684470501514e-12      -4.824163713508e-12       1.108414499380e-14       1.431032201791e-15       5.113045185048e-16      -2.772268588880e-17 
 1436       1.059290086246e-10       1.673155499133e-12      -4.745075578937e-12       1.107958102506e-14       1.426968390737e-15       5.093847636843e-16      -2.690056749951e-17 
 1437       1.058348104503e-10       1.662190544793e-12      -4.665608422832e-12       1.107494579555e-14       1.422918394991e-15       5.074414680239e-16      -2.607791143462e-17 
 1438       1.057348820781e-10       1.651576119101e-12      -4.585791171537e-12       1.107023861182e-14       1.418882169300e-15       5.054749120719e-16      -2.525495601119e-17 
 1439       1.056292449955e-10       1.641312698826e-12      -4.505652916233e-12       1.106545877737e-14       1.414859667748e-15       5.034853782706e-16      -2.443194085410e-17 
 1440       1.055179209032e-10       1.631400756891e-12      -4.425222913222e-12       1.106060559261e-14       1.410850843751e-15       5.014731509605e-16      -2.360910689828e-17 
 1441       1.054009317154e-10       1.621840762358e-12      -4.344530584214e-12       1.105567835486e-14       1.406855650061e-15       4.994385163833e-16      -2.278669639099e-17 
 1442       1.052782995602e-10       1.612633180418e-12      -4.263605516619e-12       1.105067635835e-14       1.402874038760e-15       4.973817626853e-16      -2.196495289408e-17 
 1443       1.051500467802e-10       1.603778472384e-12      -4.182477463832e-12       1.104559889421e-14       1.398905961259e-15       4.953031799211e-16      -2.114412128621e-17 
 1444       1.050161959328e-10       1.595277095676e-12      -4.101176345518e-12       1.104044525048e-14       1.394951368299e-15       4.932030600571e-16      -2.032444776513e-17 
 1445       1.048767697907e-10       1.587129503813e-12      -4.019732247906e-12       1.103521471209e-14       1.391010209947e-15       4.910816969745e-16      -1.950617984992e-17 
 1446       1.047317913421e-10       1.579336146404e-12      -3.938175424073e-12       1.102990656084e-14       1.387082435596e-15       4.889393864735e-16      -1.868956638324e-17 
 1447       1.045812837915e-10       1.571897469131e-12      -3.856536294233e-12       1.102452007543e-14       1.383167993964e-15       4.867764262759e-16      -1.787485753362e-17 
 1448       1.044252705596e-10       1.564813913746e-12      -3.774845446023e-12       1.101905453143e-14       1.379266833090e-15       4.845931160295e-16      -1.706230479765e-17 
 1449       1.042637752845e-10       1.558085918057e-12      -3.693133634794e-12       1.101350920130e-14       1.375378900335e-15       4.823897573106e-16      -1.625216100232e-17 
 1450       1.040968218211e-10       1.551713915916e-12      -3.611431783896e-12       1.100788335435e-14       1.371504142381e-15       4.801666536282e-16      -1.544468030716e-17 
 1451       1.039244342424e-10       1.545698337212e-12      -3.529770984967e-12       1.100217625675e-14       1.367642505227e-15       4.779241104272e-16      -1.464011820662e-17 
 1452       1.037466368397e-10       1.540039607857e-12      -3.448182498221e-12       1.099638717155e-14       1.363793934190e-15       4.756624350916e-16      -1.383873153220e-17 
 1453       1.035634541225e-10       1.534738149777e-12      -3.366697752735e-12       1.099051535862e-14       1.359958373901e-15       4.733819369485e-16      -1.304077845482e-17 
 1454       1.033749108197e-10       1.529794380902e-12      -3.285348346738e-12       1.098456007472e-14       1.356135768305e-15       4.710829272711e-16      -1.224651848698e-17 
 1455       1.031810318796e-10       1.525208715155e-12      -3.204166047898e-12       1.097852057340e-14       1.352326060662e-15       4.687657192823e-16      -1.145621248507e-17 
 1456       1.029818424703e-10       1.520981562439e-12      -3.123182793611e-12       1.097239610510e-14       1.348529193540e-15       4.664306281583e-16      -1.067012265159e-17 
 1457       1.027773679801e-10       1.517113328632e-12      -3.042430691286e-12       1.096618591705e-14       1.344745108819e-15       4.640779710318e-16      -9.888512537428e-18 
 1458       1.025676340183e-10       1.513604415571e-12      -2.961942018636e-12       1.095988925334e-14       1.340973747687e-15       4.617080669958e-16      -9.111647044110e-18 
 1459       1.023526664152e-10       1.510455221044e-12      -2.881749223964e-12       1.095350535485e-14       1.337215050637e-15       4.593212371067e-16      -8.339792426036e-18 
 1460       1.021324912226e-10       1.507666138778e-12      -2.801884926452e-12       1.094703345930e-14       1.333468957468e-15       4.569178043880e-16      -7.573216292751e-18 
 1461       1.019071347144e-10       1.505237558431e-12      -2.722381916448e-12       1.094047280123e-14       1.329735407285e-15       4.544980938336e-16      -6.812187611191e-18 
 1462       1.016766233869e-10       1.503169865578e-12      -2.643273155752e-12       1.093382261195e-14       1.326014338493e-15       4.520624324113e-16      -6.056976707941e-18 
 1463       1.014409839591e-10       1.501463441705e-12      -2.564591777910e-12       1.092708211961e-14       1.322305688799e-15       4.496111490666e-16      -5.307855271483e-18 
 1464       1.012002433735e-10       1.500118664192e-12      -2.486371088494e-12       1.092025054914e-14       1.318609395208e-15       4.471445747256e-16      -4.565096354455e-18 
 1465       1.009544287961e-10       1.499135906309e-12      -2.408644565395e-12       1.091332712226e-14       1.314925394026e-15       4.446630422987e-16      -3.828974375900e-18 
 1466       1.007035676171e-10       1.498515537202e-12      -2.331445859110e-12       1.090631105748e-14       1.311253620853e-15       4.421668866841e-16      -3.099765123524e-18 
 1467       1.004476874511e-10       1.498257921881e-12      -2.254808793027e-12       1.089920157008e-14       1.307594010586e-15       4.396564447715e-16      -2.377745755947e-18 
 1468       1.001868161378e-10       1.498363421214e-12      -2.178767363717e-12       1.089199787215e-14       1.303946497413e-15       4.371320554449e-16      -1.663194804956e-18 
 1469       9.992098174210e-11       1.498832391912e-12      -2.103355741218e-12       1.088469917251e-14       1.300311014818e-15       4.345940595868e-16      -9.563921777600e-19 
 1470       9.965021255482e-11       1.499665186521e-12      -2.028608269328e-12       1.087730467677e-14       1.296687495573e-15       4.320428000811e-16      -2.576191592440e-19 
 1471       9.937453709294e-11       1.500862153412e-12      -1.954559465886e-12       1.086981358729e-14       1.293075871741e-15       4.294786218168e-16       4.328415857789e-19 
 1472       9.909399350838e-11       1.502422753638e-12      -1.881240181263e-12       1.086222537681e-14       1.289476081387e-15       4.269019026155e-16       1.114770914235e-18 
 1473       9.880865791545e-11       1.504342901945e-12      -1.808666031491e-12       1.085454061215e-14       1.285888088794e-15       4.243131463425e-16       1.788208619781e-18 
 1474       9.851861634573e-11       1.506617599322e-12      -1.736848850773e-12       1.084676013870e-14       1.282311864448e-15       4.217128907276e-16       2.453259954984e-18 
 1475       9.822395536617e-11       1.509241813673e-12      -1.665800522938e-12       1.083888480751e-14       1.278747378337e-15       4.191016765303e-16       3.110030904930e-18 
 1476       9.792476208012e-11       1.512210479758e-12      -1.595532981510e-12       1.083091547533e-14       1.275194599950e-15       4.164800475449e-16       3.758628188563e-18 
 1477       9.762112412821e-11       1.515518499134e-12      -1.526058209785e-12       1.082285300461e-14       1.271653498278e-15       4.138485506060e-16       4.399159260018e-18 
 1478       9.731312968934e-11       1.519160740095e-12      -1.457388240908e-12       1.081469826353e-14       1.268124041813e-15       4.112077355932e-16       5.031732309966e-18 
 1479       9.700086748158e-11       1.523132037611e-12      -1.389535157947e-12       1.080645212598e-14       1.264606198543e-15       4.085581554364e-16       5.656456266950e-18 
 1480       9.668442676314e-11       1.527427193274e-12      -1.322511093966e-12       1.079811547158e-14       1.261099935955e-15       4.059003661214e-16       6.273440798721e-18 
 1481       9.636389733332e-11       1.532040975229e-12      -1.256328232105e-12       1.078968918571e-14       1.257605221033e-15       4.032349266944e-16       6.882796313581e-18 
 1482       9.603936953341e-11       1.536968118126e-12      -1.190998805651e-12       1.078117415948e-14       1.254122020257e-15       4.005623992675e-16       7.484633961716e-18 
 1483       9.571093424769e-11       1.542203323050e-12      -1.126535098113e-12       1.077257128979e-14       1.250650299599e-15       3.978833490242e-16       8.079065636541e-18 
 1484       9.537868290432e-11       1.547741257470e-12      -1.062949443303e-12       1.076388147931e-14       1.247190024527e-15       3.951983442240e-16       8.666203976034e-18 
 1485       9.504270747633e-11       1.553576555173e-12      -1.000254225403e-12       1.075510563647e-14       1.243741160000e-15       3.925079562077e-16       9.246162364073e-18 
 1486       9.470310048251e-11       1.559703816211e-12      -9.384618790466e-13       1.074624467553e-14       1.240303670469e-15       3.898127594029e-16       9.819054931779e-18 
 1487       9.435995498841e-11       1.566117606834e-12      -8.775848893915e-13       1.073729951652e-14       1.236877519874e-15       3.871133313289e-16       1.038499655885e-17 
 1488       9.401336460725e-11       1.572812459437e-12      -8.176357921948e-13       1.072827108532e-14       1.233462671644e-15       3.844102526019e-16       1.094410287491e-17 
 1489       9.366342350084e-11       1.579782872498e-12      -7.586271738888e-13       1.071916031360e-14       1.230059088698e-15       3.817041069403e-16       1.149649026083e-17 
 1490       9.331022638058e-11       1.587023310517e-12      -7.005716716555e-13       1.070996813888e-14       1.226666733439e-15       3.789954811695e-16       1.204227585007e-17 
 1491       9.295386850836e-11       1.594528203962e-12      -6.434819735028e-13       1.070069550454e-14       1.223285567759e-15       3.762849652275e-16       1.258157753005e-17 
 1492       9.259444569751e-11       1.602291949201e-12      -5.873708183388e-13       1.069134335979e-14       1.219915553031e-15       3.735731521701e-16       1.311451394342e-17 
 1493       9.223205431377e-11       1.610308908451e-12      -5.322509960473e-13       1.068191265971e-14       1.216556650115e-15       3.708606381756e-16       1.364120448948e-17 
 1494       9.186679127618e-11       1.618573409714e-12      -4.781353475633e-13       1.067240436527e-14       1.213208819353e-15       3.681480225504e-16       1.416176932546e-17 
 1495       9.149875405807e-11       1.627079746717e-12      -4.250367649478e-13       1.066281944331e-14       1.209872020566e-15       3.654359077339e-16       1.467632936787e-17 
 1496       9.112804068799e-11       1.635822178856e-12      -3.729681914632e-13       1.065315886658e-14       1.206546213058e-15       3.627248993039e-16       1.518500629387e-17 
 1497       9.075474975063e-11       1.644794931133e-12      -3.219426216485e-13       1.064342361371e-14       1.203231355611e-15       3.600156059817e-16       1.568792254255e-17 
 1498       9.037898038781e-11       1.653992194100e-12      -2.719731013946e-13       1.063361466926e-14       1.199927406487e-15       3.573086396372e-16       1.618520131632e-17 
 1499       9.000083229936e-11       1.663408123795e-12      -2.230727280191e-13       1.062373302373e-14       1.196634323423e-15       3.546046152940e-16       1.667696658225e-17 
 1500       8.962040574412e-11       1.673036841689e-12      -1.752546503422e-13       1.061377967353e-14       1.193352063633e-15       3.519041511347e-16       1.716334307335e-17 
 1501       8.923780154085e-11       1.682872434620e-12      -1.285320687612e-13       1.060375562103e-14       1.190080583807e-15       3.492078685063e-16       1.764445628998e-17 
 1502       8.885312106918e-11       1.692908954737e-12      -8.291823532614e-14       1.059366187455e-14       1.186819840107e-15       3.465163919249e-16       1.812043250114e-17 
 1503       8.846646627056e-11       1.703140419439e-12      -3.842645381489e-14       1.058349944838e-14       1.183569788170e-15       3.438303490810e-16       1.859139874582e-17 
 1504       8.807793964919e-11       1.713560811319e-12       4.929920191657e-15       1.057326936277e-14       1.180330383103e-15       3.411503708450e-16       1.905748283436e-17 
 1505       8.768764427298e-11       1.724164078100e-12       4.713747923435e-14       1.056297264399e-14       1.177101579484e-15       3.384770912721e-16       1.951881334976e-17 
 1506       8.729568377448e-11       1.734944132579e-12       8.818276390060e-14       1.055261032427e-14       1.173883331363e-15       3.358111476072e-16       1.997551964903e-17 
 1507       8.690216235181e-11       1.745894852564e-12       1.280522627491e-13       1.054218344186e-14       1.170675592255e-15       3.331531802909e-16       2.042773186453e-17 
 1508       8.650718476963e-11       1.757010080819e-12       1.667324122348e-13       1.053169304102e-14       1.167478315145e-15       3.305038329636e-16       2.087558090531e-17 
 1509       8.611085636008e-11       1.768283625001e-12       2.042095966335e-13       1.052114017206e-14       1.164291452483e-15       3.278637524717e-16       2.131919845845e-17 
 1510       8.571328302368e-11       1.779709257602e-12       2.404701479666e-13       1.051052589129e-14       1.161114956186e-15       3.252335888719e-16       2.175871699037e-17 
 1511       8.531457123035e-11       1.791280715891e-12       2.755003459263e-13       1.049985126109e-14       1.157948777633e-15       3.226139954370e-16       2.219426974822e-17 
 1512       8.491482802028e-11       1.802991701850e-12       3.092864177997e-13       1.048911734989e-14       1.154792867667e-15       3.200056286608e-16       2.262599076117e-17 
 1513       8.451416100490e-11       1.814835882120e-12       3.418145383943e-13       1.047832523219e-14       1.151647176595e-15       3.174091482633e-16       2.305401484178e-17 
 1514       8.411267836783e-11       1.826806887937e-12       3.730708299625e-13       1.046747598855e-14       1.148511654182e-15       3.148252171957e-16       2.347847758733e-17 
 1515       8.371048886583e-11       1.838898315077e-12       4.030413621262e-13       1.045657070563e-14       1.145386249656e-15       3.122545016459e-16       2.389951538115e-17 
 1516       8.330770182969e-11       1.851103723792e-12       4.317121518018e-13       1.044561047619e-14       1.142270911700e-15       3.096976710437e-16       2.431726539397e-17 
 1517       8.290442716526e-11       1.863416638755e-12       4.590691631250e-13       1.043459639909e-14       1.139165588459e-15       3.071553980654e-16       2.473186558523e-17 
 1518       8.250077535431e-11       1.875830548995e-12       4.850983073756e-13       1.042352957931e-14       1.136070227533e-15       3.046283586397e-16       2.514345470448e-17 
 1519       8.209685745551e-11       1.888338907845e-12       5.097854429022e-13       1.041241112794e-14       1.132984775975e-15       3.021172319523e-16       2.555217229265e-17 
 1520       8.169278510539e-11       1.900935132874e-12       5.331163750469e-13       1.040124216224e-14       1.129909180297e-15       2.996227004513e-16       2.595815868342e-17 
 1521       8.128866354347e-11       1.913612810974e-12       5.550808496474e-13       1.039002384990e-14       1.126843391620e-15       2.971452833294e-16       2.636152173919e-17 
 1522       8.088457061253e-11       1.926366315869e-12       5.756845757015e-13       1.037875754257e-14       1.123787381202e-15       2.946848352066e-16       2.676223670630e-17 
 1523       8.048057755825e-11       1.939190196423e-12       5.949373181725e-13       1.036744464365e-14       1.120741125061e-15       2.922410426369e-16       2.716024539937e-17 
 1524       8.007675598731e-11       1.952078971991e-12       6.128489150367e-13       1.035608656413e-14       1.117704598828e-15       2.898135901897e-16       2.755548937892e-17 
 1525       7.967317786790e-11       1.965027132371e-12       6.294292774146e-13       1.034468472259e-14       1.114677777747e-15       2.874021604471e-16       2.794790995098e-17 
 1526       7.926991553037e-11       1.978029137753e-12       6.446883897029e-13       1.033324054521e-14       1.111660636671e-15       2.850064339998e-16       2.833744816671e-17 
 1527       7.886704166774e-11       1.991079418675e-12       6.586363097067e-13       1.032175546580e-14       1.108653150068e-15       2.826260894443e-16       2.872404482198e-17 
 1528       7.846462933633e-11       2.004172375968e-12       6.712831687707e-13       1.031023092576e-14       1.105655292014e-15       2.802608033788e-16       2.910764045703e-17 
 1529       7.806275195632e-11       2.017302380712e-12       6.826391719113e-13       1.029866837418e-14       1.102667036194e-15       2.779102504000e-16       2.948817535605e-17 
 1530       7.766148331235e-11       2.030463774186e-12       6.927145979486e-13       1.028706926778e-14       1.099688355902e-15       2.755741031000e-16       2.986558954682e-17 
 1531       7.726089755407e-11       2.043650867817e-12       7.015197996379e-13       1.027543507093e-14       1.096719224040e-15       2.732520320621e-16       3.023982280029e-17 
 1532       7.686106919677e-11       2.056857943133e-12       7.090652038016e-13       1.026376725570e-14       1.093759613118e-15       2.709437058581e-16       3.061081463025e-17 
 1533       7.646207312189e-11       2.070079251716e-12       7.153613114609e-13       1.025206730185e-14       1.090809495248e-15       2.686487910441e-16       3.097850429287e-17 
 1534       7.606398457767e-11       2.083309015149e-12       7.204186979680e-13       1.024033669683e-14       1.087868842153e-15       2.663669521577e-16       3.134283078638e-17 
 1535       7.566687917970e-11       2.096541424970e-12       7.242480131374e-13       1.022857693581e-14       1.084937625156e-15       2.640978517142e-16       3.170373285065e-17 
 1536       7.527083291149e-11       2.109770642624e-12       7.268599813779e-13       1.021678952168e-14       1.082015815185e-15       2.618411502032e-16       3.206114896680e-17 
 1537       7.487592212508e-11       2.122990799410e-12       7.282654018247e-13       1.020497596510e-14       1.079103382771e-15       2.595965060850e-16       3.241501735686e-17 
 1538       7.448222354160e-11       2.136195996438e-12       7.284751484707e-13       1.019313778444e-14       1.076200298048e-15       2.573635757875e-16       3.276527598330e-17 
 1539       7.408981425185e-11       2.149380304576e-12       7.275001702987e-13       1.018127650585e-14       1.073306530749e-15       2.551420137023e-16       3.311186254874e-17 
 1540       7.369877171691e-11       2.162537764401e-12       7.253514914130e-13       1.016939366328e-14       1.070422050211e-15       2.529314721816e-16       3.345471449548e-17 
 1541       7.330917376867e-11       2.175662386154e-12       7.220402111711e-13       1.015749079843e-14       1.067546825365e-15       2.507316015346e-16       3.379376900519e-17 
 1542       7.292109861046e-11       2.188748149687e-12       7.175775043161e-13       1.014556946082e-14       1.064680824747e-15       2.485420500238e-16       3.412896299846e-17 
 1543       7.253462481760e-11       2.201789004416e-12       7.119746211076e-13       1.013363120780e-14       1.061824016487e-15       2.463624638622e-16       3.446023313444e-17 
 1544       7.214983133800e-11       2.214778869273e-12       7.052428874542e-13       1.012167760452e-14       1.058976368313e-15       2.441924872089e-16       3.478751581046e-17 
 1545       7.176679749274e-11       2.227711632656e-12       6.973937050452e-13       1.010971022398e-14       1.056137847549e-15       2.420317621666e-16       3.511074716165e-17 
 1546       7.138560297662e-11       2.240581152381e-12       6.884385514821e-13       1.009773064702e-14       1.053308421117e-15       2.398799287774e-16       3.542986306052e-17 
 1547       7.100632785880e-11       2.253381255631e-12       6.783889804107e-13       1.008574046237e-14       1.050488055530e-15       2.377366250198e-16       3.574479911662e-17 
 1548       7.062905258331e-11       2.266105738911e-12       6.672566216528e-13       1.007374126660e-14       1.047676716898e-15       2.356014868048e-16       3.605549067611e-17 
 1549       7.025385796969e-11       2.278748367996e-12       6.550531813379e-13       1.006173466419e-14       1.044874370923e-15       2.334741479731e-16       3.636187282140e-17 
 1550       6.988082521354e-11       2.291302877882e-12       6.417904420353e-13       1.004972226753e-14       1.042080982899e-15       2.313542402909e-16       3.666388037077e-17 
 1551       6.951003588712e-11       2.303762972742e-12       6.274802628856e-13       1.003770569689e-14       1.039296517712e-15       2.292413934470e-16       3.696144787796e-17 
 1552       6.914157193992e-11       2.316122325871e-12       6.121345797327e-13       1.002568658049e-14       1.036520939837e-15       2.271352350489e-16       3.725450963180e-17 
 1553       6.877551569922e-11       2.328374579639e-12       5.957654052554e-13       1.001366655448e-14       1.033754213342e-15       2.250353906199e-16       3.754299965583e-17 
 1554       6.841194987072e-11       2.340513345446e-12       5.783848290996e-13       1.000164726296e-14       1.030996301882e-15       2.229414835950e-16       3.782685170789e-17 
 1555       6.805095753908e-11       2.352532203668e-12       5.600050180096e-13       9.989630357997e-15       1.028247168700e-15       2.208531353178e-16       3.810599927977e-17 
 1556       6.769262216852e-11       2.364424703612e-12       5.406382159602e-13       9.977617499621e-15       1.025506776628e-15       2.187699650371e-16       3.838037559677e-17 
 1557       6.733702760339e-11       2.376184363463e-12       5.202967442886e-13       9.965610355858e-15       1.022775088083e-15       2.166915899032e-16       3.864991361738e-17 
 1558       6.698425806876e-11       2.387804670240e-12       4.989930018260e-13       9.953610602730e-15       1.020052065068e-15       2.146176249646e-16       3.891454603285e-17 
 1559       6.663439817100e-11       2.399279079745e-12       4.767394650293e-13       9.941619924270e-15       1.017337669174e-15       2.125476831645e-16       3.917420526681e-17 
 1560       6.628753289835e-11       2.410601016514e-12       4.535486881134e-13       9.929640012536e-15       1.014631861571e-15       2.104813753373e-16       3.942882347490e-17 
 1561       6.594374762154e-11       2.421763873767e-12       4.294333031823e-13       9.917672567622e-15       1.011934603016e-15       2.084183102052e-16       3.967833254436e-17 
 1562       6.560312809430e-11       2.432761013363e-12       4.044060203617e-13       9.905719297670e-15       1.009245853848e-15       2.063580943748e-16       3.992266409367e-17 
 1563       6.526576045401e-11       2.443585765746e-12       3.784796279301e-13       9.893781918883e-15       1.006565573988e-15       2.043003323333e-16       4.016174947214e-17 
 1564       6.493173122225e-11       2.454231429901e-12       3.516669924510e-13       9.881862155538e-15       1.003893722937e-15       2.022446264456e-16       4.039551975955e-17 
 1565       6.460112730537e-11       2.464691273302e-12       3.239810589047e-13       9.869961739996e-15       1.001230259776e-15       2.001905769503e-16       4.062390576574e-17 
 1566       6.427403599511e-11       2.474958531865e-12       2.954348508197e-13       9.858082412717e-15       9.985751431663e-16       1.981377819567e-16       4.084683803024e-17 
 1567       6.395054496912e-11       2.485026409899e-12       2.660414704053e-13       9.846225922273e-15       9.959283313477e-16       1.960858374407e-16       4.106424682187e-17 
 1568       6.363074229162e-11       2.494888080055e-12       2.358140986825e-13       9.834394025355e-15       9.932897821371e-16       1.940343372423e-16       4.127606213838e-17 
 1569       6.331471641392e-11       2.504536683280e-12       2.047659956164e-13       9.822588486791e-15       9.906594529286e-16       1.919828730612e-16       4.148221370601e-17 
 1570       6.300254208329e-11       2.513966259227e-12       1.729114194509e-13       9.810810901295e-15       9.880373046933e-16       1.899311197820e-16       4.168264100197e-17 
 1571       6.269423792486e-11       2.523174547059e-12       1.402683938165e-13       9.799062156874e-15       9.854233140217e-16       1.878790923257e-16       4.187732342444e-17 
 1572       6.238980846564e-11       2.532160210645e-12       1.068559666675e-13       9.787342966445e-15       9.828174611918e-16       1.858268911844e-16       4.206625040289e-17 
 1573       6.208925819029e-11       2.540921910465e-12       7.269329359492e-14       9.775654045645e-15       9.802197261778e-16       1.837746173108e-16       4.224941140087e-17 
 1574       6.179259154102e-11       2.549458303603e-12       3.779963800293e-14       9.763996112842e-15       9.776300886499e-16       1.817223721194e-16       4.242679591614e-17 
 1575       6.149981291746e-11       2.557768043749e-12       2.194371285719e-15       9.752369889128e-15       9.750485279728e-16       1.796702574869e-16       4.259839348075e-17 
 1576       6.121092667658e-11       2.565849781190e-12      -3.410302699623e-14       9.740776098333e-15       9.724750232060e-16       1.776183757527e-16       4.276419366113e-17 
 1577       6.092593713256e-11       2.573702162812e-12      -7.107296893953e-14       9.729215467021e-15       9.699095531025e-16       1.755668297198e-16       4.292418605825e-17 
 1578       6.064484855674e-11       2.581323832090e-12      -1.086957581214e-13       9.717688724498e-15       9.673520961089e-16       1.735157226557e-16       4.307836030765e-17 
 1579       6.036766517742e-11       2.588713429090e-12      -1.469515894230e-13       9.706196602815e-15       9.648026303638e-16       1.714651582927e-16       4.322670607960e-17 
 1580       6.009439117986e-11       2.595869590463e-12      -1.858205488531e-13       9.694739836770e-15       9.622611336983e-16       1.694152408287e-16       4.336921307914e-17 
 1581       5.982503070610e-11       2.602790949443e-12      -2.252826133714e-13       9.683319163913e-15       9.597275836343e-16       1.673660749280e-16       4.350587104626e-17 
 1582       5.955958785491e-11       2.609476135839e-12      -2.653176507123e-13       9.671935324549e-15       9.572019573849e-16       1.653177657219e-16       4.363666975594e-17 
 1583       5.929806668162e-11       2.615923776039e-12      -3.059054192078e-13       9.660589061744e-15       9.546842318529e-16       1.632704188096e-16       4.376159901826e-17 
 1584       5.904047119808e-11       2.622132493000e-12      -3.470255676115e-13       9.649281121325e-15       9.521743836308e-16       1.612241402585e-16       4.388064867854e-17 
 1585       5.878680537252e-11       2.628100906245e-12      -3.886576349218e-13       9.638012251886e-15       9.496723889999e-16       1.591790366053e-16       4.399380861739e-17 
 1586       5.853707312948e-11       2.633827631865e-12      -4.307810502056e-13       9.626783204792e-15       9.471782239298e-16       1.571352148562e-16       4.410106875084e-17 
 1587       5.829127834964e-11       2.639311282509e-12      -4.733751324214e-13       9.615594734180e-15       9.446918640776e-16       1.550927824882e-16       4.420241903046e-17 
 1588       5.804942486977e-11       2.644550467384e-12      -5.164190902433e-13       9.604447596968e-15       9.422132847876e-16       1.530518474492e-16       4.429784944342e-17 
 1589       5.781151648263e-11       2.649543792250e-12      -5.598920218838e-13       9.593342552851e-15       9.397424610904e-16       1.510125181593e-16       4.438735001262e-17 
 1590       5.757755693683e-11       2.654289859417e-12      -6.037729149181e-13       9.582280364313e-15       9.372793677023e-16       1.489749035109e-16       4.447091079677e-17 
 1591       5.734754993675e-11       2.658787267742e-12      -6.480406461066e-13       9.571261796624e-15       9.348239790249e-16       1.469391128697e-16       4.454852189051e-17 
 1592       5.712149914241e-11       2.663034612624e-12      -6.926739812194e-13       9.560287617847e-15       9.323762691443e-16       1.449052560754e-16       4.462017342453e-17 
 1593       5.689940816940e-11       2.667030486003e-12      -7.376515748589e-13       9.549358598841e-15       9.299362118306e-16       1.428734434423e-16       4.468585556562e-17 
 1594       5.668128058875e-11       2.670773476354e-12      -7.829519702837e-13       9.538475513266e-15       9.275037805370e-16       1.408437857599e-16       4.474555851681e-17 
 1595       5.646711992685e-11       2.674262168684e-12      -8.285535992322e-13       9.527639137584e-15       9.250789483997e-16       1.388163942940e-16       4.479927251747e-17 
 1596       5.625692966530e-11       2.677495144527e-12      -8.744347817457e-13       9.516850251063e-15       9.226616882368e-16       1.367913807867e-16       4.484698784339e-17 
 1597       5.605071324087e-11       2.680470981947e-12      -9.205737259920e-13       9.506109635785e-15       9.202519725479e-16       1.347688574580e-16       4.488869480690e-17 
 1598       5.584847404534e-11       2.683188255525e-12      -9.669485280892e-13       9.495418076645e-15       9.178497735135e-16       1.327489370054e-16       4.492438375697e-17 
 1599       5.565021542540e-11       2.685645536362e-12      -1.013537171929e-12       9.484776361354e-15       9.154550629944e-16       1.307317326057e-16       4.495404507931e-17 
 1600       5.545594068260e-11       2.687841392074e-12      -1.060317528999e-12       9.474185280448e-15       9.130678125308e-16       1.287173579149e-16       4.497766919647e-17 
 1601       5.526565307318e-11       2.689774386787e-12      -1.107267358208e-12       9.463645627287e-15       9.106879933421e-16       1.267059270690e-16       4.499524656794e-17 
 1602       5.507935580800e-11       2.691443081135e-12      -1.154364305710e-12       9.453158198061e-15       9.083155763260e-16       1.246975546853e-16       4.500676769025e-17 
 1603       5.489705205242e-11       2.692846032257e-12      -1.201585904724e-12       9.442723791791e-15       9.059505320581e-16       1.226923558622e-16       4.501222309708e-17 
 1604       5.471874492622e-11       2.693981793791e-12      -1.248909575361e-12       9.432343210337e-15       9.035928307911e-16       1.206904461805e-16       4.501160335936e-17 
 1605       5.454443750346e-11       2.694848915872e-12      -1.296312624447e-12       9.422017258398e-15       9.012424424541e-16       1.186919417040e-16       4.500489908536e-17 
 1606       5.437413281240e-11       2.695445945129e-12      -1.343772245345e-12       9.411746743518e-15       8.988993366523e-16       1.166969589800e-16       4.499210092082e-17 
 1607       5.420783383540e-11       2.695771424680e-12      -1.391265517779e-12       9.401532476087e-15       8.965634826662e-16       1.147056150400e-16       4.497319954902e-17 
 1608       5.404554350879e-11       2.695823894131e-12      -1.438769407658e-12       9.391375269348e-15       8.942348494508e-16       1.127180274007e-16       4.494818569088e-17 
 1609       5.388726472279e-11       2.695601889568e-12      -1.486260766900e-12       9.381275939397e-15       8.919134056356e-16       1.107343140644e-16       4.491705010510e-17 
 1610       5.373300032139e-11       2.695103943559e-12      -1.533716333254e-12       9.371235305191e-15       8.895991195230e-16       1.087545935197e-16       4.487978358823e-17 
 1611       5.358275310225e-11       2.694328585146e-12      -1.581112730124e-12       9.361254188549e-15       8.872919590888e-16       1.067789847423e-16       4.483637697477e-17 
 1612       5.343652581662e-11       2.693274339843e-12      -1.628426466394e-12       9.351333414154e-15       8.849918919806e-16       1.048076071957e-16       4.478682113730e-17 
 1613       5.329432116917e-11       2.691939729633e-12      -1.675633936247e-12       9.341473809562e-15       8.826988855179e-16       1.028405808317e-16       4.473110698654e-17 
 1614       5.315614181797e-11       2.690323272965e-12      -1.722711418994e-12       9.331676205199e-15       8.804129066910e-16       1.008780260915e-16       4.466922547149e-17 
 1615       5.302199037431e-11       2.688423484747e-12      -1.769635078896e-12       9.321941434371e-15       8.781339221607e-16       9.892006390585e-17       4.460116757951e-17 
 1616       5.289186940265e-11       2.686238876348e-12      -1.816380964984e-12       9.312270333263e-15       8.758618982577e-16       9.696681569610e-17       4.452692433644e-17 
 1617       5.276578142048e-11       2.683767955590e-12      -1.862925010886e-12       9.302663740947e-15       8.735968009815e-16       9.501840337485e-17       4.444648680667e-17 
 1618       5.264372889825e-11       2.681009226744e-12      -1.909243034651e-12       9.293122499379e-15       8.713385960004e-16       9.307494934654e-17       4.435984609327e-17 
 1619       5.252570570353e-11       2.677961956800e-12      -1.955312962770e-12       9.283647250890e-15       8.690872517881e-16       9.113666499796e-17       4.426700997451e-17 
 1620       5.241167134937e-11       2.674628481829e-12      -2.001121524586e-12       9.274237828615e-15       8.668427490669e-16       8.920411704259e-17       4.416805297759e-17 
 1621       5.230157651303e-11       2.671011921455e-12      -2.046657618027e-12       9.264893860561e-15       8.646050714486e-16       8.727796358435e-17       4.406306675760e-17 
 1622       5.219537157011e-11       2.667115414502e-12      -2.091910090821e-12       9.255614971617e-15       8.623742023043e-16       8.535886585102e-17       4.395214350299e-17 
 1623       5.209300659401e-11       2.662942119033e-12      -2.136867740418e-12       9.246400783556e-15       8.601501247639e-16       8.344748819899e-17       4.383537593646e-17 
 1624       5.199443135547e-11       2.658495212375e-12      -2.181519313919e-12       9.237250915023e-15       8.579328217158e-16       8.154449811797e-17       4.371285731581e-17 
 1625       5.189959532205e-11       2.653777891157e-12      -2.225853507998e-12       9.228164981533e-15       8.557222758061e-16       7.965056623576e-17       4.358468143482e-17 
 1626       5.180844765764e-11       2.648793371335e-12      -2.269858968829e-12       9.219142595463e-15       8.535184694383e-16       7.776636632299e-17       4.345094262409e-17 
 1627       5.172093722196e-11       2.643544888228e-12      -2.313524292012e-12       9.210183366051e-15       8.513213847731e-16       7.589257529781e-17       4.331173575192e-17 
 1628       5.163701257009e-11       2.638035696548e-12      -2.356838022497e-12       9.201286899384e-15       8.491310037274e-16       7.402987323070e-17       4.316715622515e-17 
 1629       5.155662195193e-11       2.632269070432e-12      -2.399788654508e-12       9.192452798396e-15       8.469473079741e-16       7.217894334916e-17       4.301729999007e-17 
 1630       5.147971331173e-11       2.626248303472e-12      -2.442364631471e-12       9.183680662863e-15       8.447702789416e-16       7.034047204247e-17       4.286226353322e-17 
 1631       5.140623428760e-11       2.619976708750e-12      -2.484554345938e-12       9.174970089396e-15       8.425998978136e-16       6.851514886642e-17       4.270214388231e-17 
 1632       5.133613221101e-11       2.613457618865e-12      -2.526346139512e-12       9.166320671436e-15       8.404361455281e-16       6.670366654805e-17       4.253703860704e-17 
 1633       5.126935410628e-11       2.606694385967e-12      -2.567728302772e-12       9.157731999249e-15       8.382790027774e-16       6.490672099040e-17       4.236704581999e-17 
 1634       5.120584669009e-11       2.599690381790e-12      -2.608689075199e-12       9.149203659917e-15       8.361284500071e-16       6.312501127723e-17       4.219226417749e-17 
 1635       5.114555637099e-11       2.592448997679e-12      -2.649216645100e-12       9.140735237338e-15       8.339844674163e-16       6.135923967779e-17       4.201279288042e-17 
 1636       5.108842924890e-11       2.584973644627e-12      -2.689299149535e-12       9.132326312217e-15       8.318470349566e-16       5.961011165152e-17       4.182873167517e-17 
 1637       5.103441111463e-11       2.577267753303e-12      -2.728924674242e-12       9.123976462061e-15       8.297161323319e-16       5.787833585280e-17       4.164018085443e-17 
 1638       5.098344744935e-11       2.569334774083e-12      -2.768081253559e-12       9.115685261171e-15       8.275917389978e-16       5.616462413573e-17       4.144724125806e-17 
 1639       5.093548342413e-11       2.561178177084e-12      -2.806756870355e-12       9.107452280643e-15       8.254738341612e-16       5.446969155882e-17       4.125001427401e-17 
 1640       5.089046389941e-11       2.552801452195e-12      -2.844939455951e-12       9.099277088354e-15       8.233623967796e-16       5.279425638974e-17       4.104860183909e-17 
 1641       5.084833342453e-11       2.544208109106e-12      -2.882616890044e-12       9.091159248964e-15       8.212574055611e-16       5.113904011007e-17       4.084310643993e-17 
 1642       5.080903623722e-11       2.535401677343e-12      -2.919777000638e-12       9.083098323905e-15       8.191588389635e-16       4.950476742003e-17       4.063363111377e-17 
 1643       5.077251626313e-11       2.526385706298e-12      -2.956407563963e-12       9.075093871378e-15       8.170666751939e-16       4.789216624325e-17       4.042027944936e-17 
 1644       5.073871711528e-11       2.517163765259e-12      -2.992496304405e-12       9.067145446348e-15       8.149808922085e-16       4.630196773144e-17       4.020315558779e-17 
 1645       5.070758209363e-11       2.507739443445e-12      -3.028030894428e-12       9.059252600537e-15       8.129014677118e-16       4.473490626921e-17       3.998236422342e-17 
 1646       5.067905418453e-11       2.498116350033e-12      -3.062998954500e-12       9.051414882416e-15       8.108283791562e-16       4.319171947875e-17       3.975801060466e-17 
 1647       5.065307606026e-11       2.488298114195e-12      -3.097388053021e-12       9.043631837206e-15       8.087616037418e-16       4.167314822459e-17       3.953020053489e-17 
 1648       5.062959007849e-11       2.478288385123e-12      -3.131185706244e-12       9.035903006867e-15       8.067011184155e-16       4.017993661837e-17       3.929904037329e-17 
 1649       5.060853828186e-11       2.468090832067e-12      -3.164379378202e-12       9.028227930094e-15       8.046468998708e-16       3.871283202350e-17       3.906463703573e-17 
 1650       5.058986239739e-11       2.457709144363e-12      -3.196956480634e-12       9.020606142311e-15       8.025989245474e-16       3.727258505998e-17       3.882709799562e-17 
 1651       5.057350383608e-11       2.447147031463e-12      -3.228904372910e-12       9.013037175667e-15       8.005571686303e-16       3.585994960911e-17       3.858653128476e-17 
 1652       5.055940369231e-11       2.436408222972e-12      -3.260210361956e-12       9.005520559028e-15       7.985216080499e-16       3.447568281822e-17       3.834304549423e-17 
 1653       5.054750274345e-11       2.425496468673e-12      -3.290861702178e-12       8.998055817974e-15       7.964922184812e-16       3.312054510539e-17       3.809674977523e-17 
 1654       5.053774144928e-11       2.414415538563e-12      -3.320845595390e-12       8.990642474791e-15       7.944689753432e-16       3.179530016427e-17       3.784775383995e-17 
 1655       5.053005995155e-11       2.403169222883e-12      -3.350149190735e-12       8.983280048468e-15       7.924518537989e-16       3.050071496871e-17       3.759616796244e-17 
 1656       5.052439807345e-11       2.391761332151e-12      -3.378759584616e-12       8.975968054688e-15       7.904408287542e-16       2.923755977758e-17       3.734210297947e-17 
 1657       5.052069531912e-11       2.380195697189e-12      -3.406663820616e-12       8.968706005825e-15       7.884358748580e-16       2.800660813948e-17       3.708567029137e-17 
 1658       5.051889087317e-11       2.368476169162e-12      -3.433848889425e-12       8.961493410940e-15       7.864369665015e-16       2.680863689749e-17       3.682698186295e-17 
 1659       5.051892360017e-11       2.356606619600e-12      -3.460301728768e-12       8.954329775770e-15       7.844440778175e-16       2.564442619388e-17       3.656615022429e-17 
 1660       5.052073204415e-11       2.344590940440e-12      -3.486009223325e-12       8.947214602728e-15       7.824571826804e-16       2.451475947488e-17       3.630328847166e-17 
 1661       5.052425442814e-11       2.332433044049e-12      -3.510958204660e-12       8.940147390894e-15       7.804762547052e-16       2.342042349541e-17       3.603851026834e-17 
 1662       5.052942865360e-11       2.320136863260e-12      -3.535135451146e-12       8.933127636011e-15       7.785012672476e-16       2.236220832383e-17       3.577192984553e-17 
 1663       5.053619230001e-11       2.307706351401e-12      -3.558527687888e-12       8.926154830478e-15       7.765321934030e-16       2.134090734665e-17       3.550366200318e-17 
 1664       5.054448262432e-11       2.295145482330e-12      -3.581121586652e-12       8.919228463346e-15       7.745690060063e-16       2.035731727329e-17       3.523382211085e-17 
 1665       5.055423656046e-11       2.282458250462e-12      -3.602903765785e-12       8.912348020313e-15       7.726116776315e-16       1.941223814082e-17       3.496252610859e-17 
 1666       5.056539071885e-11       2.269648670805e-12      -3.623860790146e-12       8.905512983715e-15       7.706601805909e-16       1.850647331871e-17       3.468989050779e-17 
 1667       5.057788138593e-11       2.256720778989e-12      -3.643979171026e-12       8.898722832523e-15       7.687144869350e-16       1.764082951352e-17       3.441603239206e-17 
 1668       5.059164688159e-11       2.243678650299e-12      -3.663248264608e-12       8.891976969113e-15       7.667745709390e-16       1.681581546271e-17       3.414105523985e-17 
 1669       5.060663465531e-11       2.230526456902e-12      -3.681668995280e-12       8.885274498876e-15       7.648404165875e-16       1.603073511613e-17       3.386500625459e-17 
 1670       5.062279425130e-11       2.217268411189e-12      -3.699245208688e-12       8.878614448662e-15       7.629120101545e-16       1.528458650989e-17       3.358791866202e-17 
 1671       5.064007495578e-11       2.203908746845e-12      -3.715980780198e-12       8.871995839822e-15       7.609893377221e-16       1.457636234715e-17       3.330982585466e-17 
 1672       5.065842579658e-11       2.190451718884e-12      -3.731879614950e-12       8.865417688200e-15       7.590723851797e-16       1.390504998994e-17       3.303076139208e-17 
 1673       5.067779554276e-11       2.176901603682e-12      -3.746945647902e-12       8.858879004121e-15       7.571611382238e-16       1.326963145084e-17       3.275075900117e-17 
 1674       5.069813270420e-11       2.163262699008e-12      -3.761182843885e-12       8.852378792385e-15       7.552555823578e-16       1.266908338478e-17       3.246985257636e-17 
 1675       5.071938553122e-11       2.149539324057e-12      -3.774595197654e-12       8.845916052260e-15       7.533557028915e-16       1.210237708076e-17       3.218807617987e-17 
 1676       5.074150201417e-11       2.135735819481e-12      -3.787186733934e-12       8.839489777468e-15       7.514614849407e-16       1.156847845362e-17       3.190546404201e-17 
 1677       5.076442988304e-11       2.121856547425e-12      -3.798961507472e-12       8.833098956182e-15       7.495729134268e-16       1.106634803578e-17       3.162205056138e-17 
 1678       5.078811660709e-11       2.107905891554e-12      -3.809923603089e-12       8.826742571010e-15       7.476899730767e-16       1.059494096902e-17       3.133787030513e-17 
 1679       5.081250939440e-11       2.093888257090e-12      -3.820077135727e-12       8.820419598997e-15       7.458126484221e-16       1.015320699617e-17       3.105295800924e-17 
 1680       5.083755519155e-11       2.079808070843e-12      -3.829426250503e-12       8.814129011605e-15       7.439409237993e-16       9.740090452924e-18       3.076734857874e-17 
 1681       5.086320068316e-11       2.065669781240e-12      -3.837975122755e-12       8.807869774712e-15       7.420747833489e-16       9.354530259559e-18       3.048107708799e-17 
 1682       5.088939229153e-11       2.051477858364e-12      -3.845727958094e-12       8.801640848599e-15       7.402142110152e-16       8.995459912693e-18       3.019417878091e-17 
 1683       5.091607617624e-11       2.037236793978e-12      -3.852688992456e-12       8.795441187943e-15       7.383591905462e-16       8.661807477034e-18       2.990668907122e-17 
 1684       5.094319823375e-11       2.022951101567e-12      -3.858862492150e-12       8.789269741811e-15       7.365097054928e-16       8.352495577137e-18       2.961864354275e-17 
 1685       5.097070409701e-11       2.008625316361e-12      -3.864252753908e-12       8.783125453643e-15       7.346657392089e-16       8.066441389150e-18       2.933007794963e-17 
 1686       5.099853913506e-11       1.994263995374e-12      -3.868864104936e-12       8.777007261254e-15       7.328272748505e-16       7.802556632563e-18       2.904102821654e-17 
 1687       5.102664845264e-11       1.979871717432e-12      -3.872700902965e-12       8.770914096816e-15       7.309942953758e-16       7.559747561969e-18       2.875153043904e-17 
 1688       5.105497688981e-11       1.965453083209e-12      -3.875767536299e-12       8.764844886855e-15       7.291667835447e-16       7.336914958803e-18       2.846162088372e-17 
 1689       5.108346902153e-11       1.951012715257e-12      -3.878068423868e-12       8.758798552241e-15       7.273447219183e-16       7.132954123103e-18       2.817133598852e-17 
 1690       5.111206915727e-11       1.936555258037e-12      -3.879608015275e-12       8.752774008177e-15       7.255280928587e-16       6.946754865254e-18       2.788071236296e-17 
 1691       5.114072134064e-11       1.922085377956e-12      -3.880390790849e-12       8.746770164193e-15       7.237168785285e-16       6.777201497744e-18       2.758978678839e-17 
 1692       5.116936934896e-11       1.907607763395e-12      -3.880421261692e-12       8.740785924135e-15       7.219110608905e-16       6.623172826914e-18       2.729859621824e-17 
 1693       5.119795669291e-11       1.893127124744e-12      -3.879703969734e-12       8.734820186160e-15       7.201106217074e-16       6.483542144707e-18       2.700717777828e-17 
 1694       5.122642661608e-11       1.878648194432e-12      -3.878243487778e-12       8.728871842722e-15       7.183155425413e-16       6.357177220422e-18       2.671556876688e-17 
 1695       5.125472209462e-11       1.864175726961e-12      -3.876044419553e-12       8.722939780568e-15       7.165258047534e-16       6.242940292461e-18       2.642380665523e-17 
 1696       5.128278583684e-11       1.849714498938e-12      -3.873111399765e-12       8.717022880726e-15       7.147413895038e-16       6.139688060088e-18       2.613192908761e-17 
 1697       5.131056028279e-11       1.835269309107e-12      -3.869449094144e-12       8.711120018498e-15       7.129622777507e-16       6.046271675170e-18       2.583997388167e-17 
 1698       5.133798760389e-11       1.820844978382e-12      -3.865062199497e-12       8.705230063452e-15       7.111884502505e-16       5.961536733936e-18       2.554797902863e-17 
 1699       5.136500970253e-11       1.806446349879e-12      -3.859955443757e-12       8.699351879409e-15       7.094198875573e-16       5.884323268726e-18       2.525598269356e-17 
 1700       5.139156821167e-11       1.792078288948e-12      -3.854133586034e-12       8.693484324440e-15       7.076565700222e-16       5.813465739740e-18       2.496402321563e-17 
 1701       5.141760449444e-11       1.777745683205e-12      -3.847601416662e-12       8.687626250855e-15       7.058984777936e-16       5.747793026790e-18       2.467213910836e-17 
 1702       5.144305964378e-11       1.763453442566e-12      -3.840363757256e-12       8.681776505191e-15       7.041455908161e-16       5.686128421055e-18       2.438036905988e-17 
 1703       5.146787448201e-11       1.749206499278e-12      -3.832425460754e-12       8.675933928209e-15       7.023978888306e-16       5.627289616826e-18       2.408875193316e-17 
 1704       5.149198956042e-11       1.735009807950e-12      -3.823791411474e-12       8.670097354880e-15       7.006553513739e-16       5.570088703263e-18       2.379732676629e-17 
 1705       5.151534515895e-11       1.720868345591e-12      -3.814466525158e-12       8.664265614382e-15       6.989179577781e-16       5.513332156139e-18       2.350613277270e-17 
 1706       5.153788128570e-11       1.706787111634e-12      -3.804455749029e-12       8.658437530084e-15       6.971856871706e-16       5.455820829600e-18       2.321520934144e-17 
 1707       5.155953767663e-11       1.692771127974e-12      -3.793764061836e-12       8.652611919544e-15       6.954585184734e-16       5.396349947910e-18       2.292459603741e-17 
 1708       5.158025379507e-11       1.678825439000e-12      -3.782396473905e-12       8.646787594496e-15       6.937364304027e-16       5.333709097202e-18       2.263433260164e-17 
 1709       5.159996883141e-11       1.664955111625e-12      -3.770358027190e-12       8.640963360844e-15       6.920194014690e-16       5.266682217234e-18       2.234445895150e-17 
 1710       5.161862170266e-11       1.651165235321e-12      -3.757653795326e-12       8.635138018650e-15       6.903074099761e-16       5.194047593135e-18       2.205501518100e-17 
 1711       5.163615105207e-11       1.637460922148e-12      -3.744288883672e-12       8.629310362130e-15       6.886004340214e-16       5.114577847158e-18       2.176604156099e-17 
 1712       5.165249524872e-11       1.623847306791e-12      -3.730268429369e-12       8.623479179639e-15       6.868984514950e-16       5.027039930433e-18       2.147757853947e-17 
 1713       5.166759238714e-11       1.610329546587e-12      -3.715597601386e-12       8.617643253670e-15       6.852014400795e-16       4.930195114716e-18       2.118966674178e-17 
 1714       5.168138028692e-11       1.596912821561e-12      -3.700281600569e-12       8.611801360837e-15       6.835093772497e-16       4.822798984139e-18       2.090234697091e-17 
 1715       5.169379649231e-11       1.583602334458e-12      -3.684325659695e-12       8.605952271873e-15       6.818222402723e-16       4.703601426964e-18       2.061566020770e-17 
 1716       5.170477827182e-11       1.570403310775e-12      -3.667735043519e-12       8.600094751618e-15       6.801400062053e-16       4.571346627335e-18       2.032964761113e-17 
 1717       5.171427124502e-11       1.557320411491e-12      -3.650516194113e-12       8.594227672871e-15       6.784626538894e-16       4.425133913621e-18       2.004433965996e-17 
 1718       5.172225534414e-11       1.544355965737e-12      -3.632680177446e-12       8.588350359027e-15       6.767901699407e-16       4.265503682635e-18       1.975972347606e-17 
 1719       5.172871907292e-11       1.531511723131e-12      -3.614239266275e-12       8.582462244345e-15       6.751225428082e-16       4.093360712870e-18       1.947577522308e-17 
 1720       5.173365089948e-11       1.518789439719e-12      -3.595205797618e-12       8.576562760343e-15       6.734597607867e-16       3.909614154270e-18       1.919247093969e-17 
 1721       5.173703925622e-11       1.506190877986e-12      -3.575592172853e-12       8.570651335800e-15       6.718018120164e-16       3.715177534654e-18       1.890978653926e-17 
 1722       5.173887253984e-11       1.493717806864e-12      -3.555410857814e-12       8.564727396748e-15       6.701486844830e-16       3.510968766156e-18       1.862769780978e-17 
 1723       5.173913911125e-11       1.481372001737e-12      -3.534674382887e-12       8.558790366469e-15       6.685003660166e-16       3.297910151649e-18       1.834618041361e-17 
 1724       5.173782729556e-11       1.469155244455e-12      -3.513395343109e-12       8.552839665489e-15       6.668568442925e-16       3.076928391179e-18       1.806520988730e-17 
 1725       5.173492538199e-11       1.457069323336e-12      -3.491586398262e-12       8.546874711579e-15       6.652181068298e-16       2.848954588395e-18       1.778476164140e-17 
 1726       5.173042162390e-11       1.445116033182e-12      -3.469260272973e-12       8.540894919744e-15       6.635841409921e-16       2.614924256983e-18       1.750481096029e-17 
 1727       5.172430423868e-11       1.433297175279e-12      -3.446429756805e-12       8.534899702227e-15       6.619549339864e-16       2.375777327091e-18       1.722533300196e-17 
 1728       5.171656140772e-11       1.421614557412e-12      -3.423107704363e-12       8.528888468495e-15       6.603304728635e-16       2.132458151766e-18       1.694630279785e-17 
 1729       5.170718127640e-11       1.410069993873e-12      -3.399307035380e-12       8.522860625244e-15       6.587107445172e-16       1.885915513383e-18       1.666769525263e-17 
 1730       5.169615195402e-11       1.398665305463e-12      -3.375040734824e-12       8.516815576390e-15       6.570957356844e-16       1.637102630073e-18       1.638948514403e-17 
 1731       5.168346151374e-11       1.387402319510e-12      -3.350321852985e-12       8.510752723066e-15       6.554854329444e-16       1.386977162160e-18       1.611164712264e-17 
 1732       5.166909799259e-11       1.376282869870e-12      -3.325163505582e-12       8.504671463619e-15       6.538798227190e-16       1.136501218588e-18       1.583415571172e-17 
 1733       5.165304939137e-11       1.365308796937e-12      -3.299578873851e-12       8.498571193603e-15       6.522788912721e-16       8.866413633500e-19       1.555698530704e-17 
 1734       5.163530367463e-11       1.354481947655e-12      -3.273581204645e-12       8.492451305777e-15       6.506826247093e-16       6.383686219251e-19       1.528011017663e-17 
 1735       5.161584877063e-11       1.343804175522e-12      -3.247183810534e-12       8.486311190103e-15       6.490910089778e-16       3.926584877049e-19       1.500350446066e-17 
 1736       5.159467257131e-11       1.333277340602e-12      -3.220400069895e-12       8.480150233738e-15       6.475040298658e-16       1.504909284257e-19       1.472714217117e-17 
 1737       5.157176293222e-11       1.322903309530e-12      -3.193243427016e-12       8.473967821029e-15       6.459216730028e-16      -8.714960739996e-20       1.445099719197e-17 
 1738       5.154710767247e-11       1.312683955523e-12      -3.165727392187e-12       8.467763333516e-15       6.443439238584e-16      -3.192741840528e-19       1.417504327836e-17 
 1739       5.152069457472e-11       1.302621158388e-12      -3.137865541800e-12       8.461536149920e-15       6.427707677432e-16      -5.448893721755e-19       1.389925405703e-17 
 1740       5.149251138513e-11       1.292716804531e-12      -3.109671518444e-12       8.455285646144e-15       6.412021898074e-16      -7.629972423419e-19       1.362360302580e-17 
 1741       5.146254581328e-11       1.282972786961e-12      -3.081159031005e-12       8.449011195264e-15       6.396381750412e-16      -9.725953586259e-19       1.334806355344e-17 
 1742       5.143078553218e-11       1.273391005306e-12      -3.052341854758e-12       8.442712167532e-15       6.380787082742e-16      -1.172676772170e-18       1.307260887952e-17 
 1743       5.139721817817e-11       1.263973365816e-12      -3.023233831466e-12       8.436387930365e-15       6.365237741755e-16      -1.362230014755e-18       1.279721211419e-17 
 1744       5.136183135095e-11       1.254721781373e-12      -2.993848869479e-12       8.430037848345e-15       6.349733572527e-16      -1.540239092369e-18       1.252184623797e-17 
 1745       5.132461261344e-11       1.245638171498e-12      -2.964200943828e-12       8.423661283213e-15       6.334274418523e-16      -1.705683478776e-18       1.224648410162e-17 
 1746       5.128554949184e-11       1.236724462362e-12      -2.934304096320e-12       8.417257593865e-15       6.318860121594e-16      -1.857538109083e-18       1.197109842589e-17 
 1747       5.124462947549e-11       1.227982586795e-12      -2.904172435642e-12       8.410826136350e-15       6.303490521967e-16      -1.994773373314e-18       1.169566180136e-17 
 1748       5.120184001692e-11       1.219414484289e-12      -2.873820137448e-12       8.404366263862e-15       6.288165458251e-16      -2.116355109972e-18       1.142014668825e-17 
 1749       5.115716853172e-11       1.211022101013e-12      -2.843261444464e-12       8.397877326742e-15       6.272884767428e-16      -2.221244599616e-18       1.114452541622e-17 
 1750       5.111060239856e-11       1.202807389818e-12      -2.812510666580e-12       8.391358672466e-15       6.257648284854e-16      -2.308398558424e-18       1.086877018418e-17 
 1751       5.106212895911e-11       1.194772310244e-12      -2.781582180950e-12       8.384809645647e-15       6.242455844253e-16      -2.376769131761e-18       1.059285306010e-17 
 1752       5.101173551802e-11       1.186918828534e-12      -2.750490432085e-12       8.378229588028e-15       6.227307277717e-16      -2.425303887756e-18       1.031674598084e-17 
 1753       5.095940934285e-11       1.179248917637e-12      -2.719249931954e-12       8.371617838481e-15       6.212202415701e-16      -2.452945810861e-18       1.004042075194e-17 
 1754       5.090513766406e-11       1.171764557217e-12      -2.687875260077e-12       8.364973732998e-15       6.197141087021e-16      -2.458633295427e-18       9.763849047420e-18 
 1755       5.084890767495e-11       1.164467733665e-12      -2.656381063623e-12       8.358296604691e-15       6.182123118851e-16      -2.441300139271e-18       9.487002409620e-18 
 1756       5.079070653160e-11       1.157360440105e-12      -2.624782057509e-12       8.351585783786e-15       6.167148336721e-16      -2.399875537243e-18       9.209852248988e-18 
 1757       5.073052135284e-11       1.150444676402e-12      -2.593093024494e-12       8.344840597619e-15       6.152216564513e-16      -2.333284074798e-18       8.932369843894e-18 
 1758       5.066833922024e-11       1.143722449171e-12      -2.561328815276e-12       8.338060370634e-15       6.137327624459e-16      -2.240445721563e-18       8.654526340446e-18 
 1759       5.060414717801e-11       1.137195771786e-12      -2.529504348591e-12       8.331244424375e-15       6.122481337138e-16      -2.120275824906e-18       8.376292752294e-18 
 1760       5.053793223298e-11       1.130866664389e-12      -2.497634611307e-12       8.324392077486e-15       6.107677521472e-16      -1.971685103506e-18       8.097639960443e-18 
 1761       5.046968135458e-11       1.124737153895e-12      -2.465734658521e-12       8.317502645703e-15       6.092915994724e-16      -1.793579640922e-18       7.818538713060e-18 
 1762       5.039938147475e-11       1.118809274006e-12      -2.433819613661e-12       8.310575441854e-15       6.078196572497e-16      -1.584860879161e-18       7.538959625288e-18 
 1763       5.032701948793e-11       1.113085065214e-12      -2.401904668573e-12       8.303609775850e-15       6.063519068727e-16      -1.344425612246e-18       7.258873179055e-18 
 1764       5.025258225104e-11       1.107566574814e-12      -2.370005083628e-12       8.296604954688e-15       6.048883295685e-16      -1.071165979790e-18       6.978249722880e-18 
 1765       5.017605658335e-11       1.102255856907e-12      -2.338136187811e-12       8.289560282437e-15       6.034289063970e-16      -7.639694605581e-19       6.697059471688e-18 
 1766       5.009743581552e-11       1.097154360463e-12      -2.306312253192e-12       8.282475200366e-15       6.019736198589e-16      -4.220748755431e-19       6.415289867799e-18 
 1767       5.001673949582e-11       1.092261087925e-12      -2.274543107939e-12       8.275349708574e-15       6.005224587345e-16      -4.614363549575e-20       6.132997821569e-18 
 1768       4.993399384705e-11       1.087574421361e-12      -2.242837495428e-12       8.268183947838e-15       5.990754132840e-16       3.628026433092e-19       5.850257903225e-18 
 1769       4.984922523261e-11       1.083092733018e-12      -2.211204197390e-12       8.260978059815e-15       5.976324736437e-16       8.037373356367e-19       5.567145021451e-18 
 1770       4.976246015668e-11       1.078814385303e-12      -2.179652033953e-12       8.253732187039e-15       5.961936298249e-16       1.275628800032e-18       5.283734423865e-18 
 1771       4.967372526445e-11       1.074737730770e-12      -2.148189863705e-12       8.246446472926e-15       5.947588717143e-16       1.777440371561e-18       5.000101697496e-18 
 1772       4.958304734233e-11       1.070861112107e-12      -2.116826583741e-12       8.239121061770e-15       5.933281890735e-16       2.308130354552e-18       4.716322769263e-18 
 1773       4.949045331815e-11       1.067182862118e-12      -2.085571129719e-12       8.231756098750e-15       5.919015715390e-16       2.866652015336e-18       4.432473906454e-18 
 1774       4.939597026135e-11       1.063701303708e-12      -2.054432475913e-12       8.224351729928e-15       5.904790086216e-16       3.451953574985e-18       4.148631717200e-18 
 1775       4.929962538322e-11       1.060414749869e-12      -2.023419635269e-12       8.216908102249e-15       5.890604897066e-16       4.062978202056e-18       3.864873150954e-18 
 1776       4.920144603711e-11       1.057321503665e-12      -1.992541659454e-12       8.209425363548e-15       5.876460040530e-16       4.698664005330e-18       3.581275498971e-18 
 1777       4.910145971860e-11       1.054419858217e-12      -1.961807638911e-12       8.201903662543e-15       5.862355407942e-16       5.357944026553e-18       3.297916394781e-18 
 1778       4.899969406575e-11       1.051708096685e-12      -1.931226702917e-12       8.194343148845e-15       5.848290889367e-16       6.039746233177e-18       3.014873814673e-18 
 1779       4.889617685927e-11       1.049184492260e-12      -1.900808019628e-12       8.186743972952e-15       5.834266373609e-16       6.742993511099e-18       2.732226078166e-18 
 1780       4.879093602277e-11       1.046847308139e-12      -1.870560796141e-12       8.179106286255e-15       5.820281748199e-16       7.466603657403e-18       2.450051848490e-18 
 1781       4.868399962294e-11       1.044694797520e-12      -1.840494278542e-12       8.171430241037e-15       5.806336899402e-16       8.209489373102e-18       2.168430133064e-18 
 1782       4.857539586977e-11       1.042725203577e-12      -1.810617751960e-12       8.163715990475e-15       5.792431712207e-16       8.970558255875e-18       1.887440283971e-18 
 1783       4.846515311675e-11       1.040936759455e-12      -1.780940540625e-12       8.155963688643e-15       5.778566070331e-16       9.748712792810e-18       1.607161998440e-18 
 1784       4.835329986108e-11       1.039327688247e-12      -1.751472007914e-12       8.148173490508e-15       5.764739856211e-16       1.054285035315e-17       1.327675319320e-18 
 1785       4.823986474390e-11       1.037896202983e-12      -1.722221556411e-12       8.140345551937e-15       5.750952951007e-16       1.135186318101e-17       1.049060635557e-18 
 1786       4.812487655045e-11       1.036640506613e-12      -1.693198627959e-12       8.132480029697e-15       5.737205234597e-16       1.217463838817e-17       7.713986826745e-19 
 1787       4.800836421034e-11       1.035558791992e-12      -1.664412703710e-12       8.124577081453e-15       5.723496585576e-16       1.301005794674e-17       4.947705432507e-19 
 1788       4.789035679771e-11       1.034649241868e-12      -1.635873304182e-12       8.116636865773e-15       5.709826881250e-16       1.385699868197e-17       2.192576473943e-19 
 1789       4.777088353145e-11       1.033910028863e-12      -1.607589989313e-12       8.108659542128e-15       5.696195997641e-16       1.471433226496e-17      -5.505822677699e-20 
 1790       4.764997377544e-11       1.033339315458e-12      -1.579572358511e-12       8.100645270893e-15       5.682603809477e-16       1.558092520539e-17      -3.280949526584e-19 
 1791       4.752765703869e-11       1.032935253983e-12      -1.551830050710e-12       8.092594213349e-15       5.669050190197e-16       1.645563884428e-17      -5.997700546811e-19 
 1792       4.740396297564e-11       1.032695986595e-12      -1.524372744424e-12       8.084506531682e-15       5.655535011942e-16       1.733732934674e-17      -8.700007078339e-19 
 1793       4.727892138629e-11       1.032619645266e-12      -1.497210157798e-12       8.076382388988e-15       5.642058145557e-16       1.822484769467e-17      -1.138703737187e-18 
 1794       4.715256221643e-11       1.032704351772e-12      -1.470352048665e-12       8.068221949271e-15       5.628619460588e-16       1.911703967953e-17      -1.405795617411e-18 
 1795       4.702491555788e-11       1.032948217669e-12      -1.443808214594e-12       8.060025377448e-15       5.615218825280e-16       2.001274589510e-17      -1.671192472306e-18 
 1796       4.689601164866e-11       1.033349344286e-12      -1.417588492951e-12       8.051792839345e-15       5.601856106574e-16       2.091080173018e-17      -1.934810074315e-18 
 1797       4.676588087322e-11       1.033905822705e-12      -1.391702760945e-12       8.043524501703e-15       5.588531170103e-16       2.181003736134e-17      -2.196563844053e-18 
 1798       4.663455376265e-11       1.034615733751e-12      -1.366160935686e-12       8.035220532177e-15       5.575243880195e-16       2.270927774568e-17      -2.456368849829e-18 
 1799       4.650206099485e-11       1.035477147969e-12      -1.340972974239e-12       8.026881099337e-15       5.561994099866e-16       2.360734261355e-17      -2.714139807164e-18 
 1800       4.636843339480e-11       1.036488125617e-12      -1.316148873673e-12       8.018506372672e-15       5.548781690819e-16       2.450304646132e-17      -2.969791078318e-18 
 1801       4.623370193472e-11       1.037646716646e-12      -1.291698671120e-12       8.010096522588e-15       5.535606513444e-16       2.539519854408e-17      -3.223236671809e-18 
 1802       4.609789773431e-11       1.038950960687e-12      -1.267632443823e-12       8.001651720411e-15       5.522468426811e-16       2.628260286840e-17      -3.474390241937e-18 
 1803       4.596105206092e-11       1.040398887034e-12      -1.243960309195e-12       7.993172138387e-15       5.509367288673e-16       2.716405818509e-17      -3.723165088308e-18 
 1804       4.582319632981e-11       1.041988514633e-12      -1.220692424868e-12       7.984657949686e-15       5.496302955462e-16       2.803835798191e-17      -3.969474155354e-18 
 1805       4.568436210431e-11       1.043717852061e-12      -1.197838988748e-12       7.976109328401e-15       5.483275282283e-16       2.890429047631e-17      -4.213230031854e-18 
 1806       4.554458109606e-11       1.045584897516e-12      -1.175410239071e-12       7.967526449548e-15       5.470284122919e-16       2.976063860821e-17      -4.454344950460e-18 
 1807       4.540388516521e-11       1.047587638798e-12      -1.153416454452e-12       7.958909489070e-15       5.457329329823e-16       3.060618003270e-17      -4.692730787219e-18 
 1808       4.526230632061e-11       1.049724053299e-12      -1.131867953942e-12       7.950258623840e-15       5.444410754116e-16       3.143968711279e-17      -4.928299061092e-18 
 1809       4.511987672006e-11       1.051992107981e-12      -1.110775097078e-12       7.941574031656e-15       5.431528245589e-16       3.225992691218e-17      -5.160960933479e-18 
 1810       4.497662867046e-11       1.054389759369e-12      -1.090148283942e-12       7.932855891248e-15       5.418681652697e-16       3.306566118793e-17      -5.390627207742e-18 
 1811       4.483259462809e-11       1.056914953527e-12      -1.069997955208e-12       7.924104382275e-15       5.405870822558e-16       3.385564638330e-17      -5.617208328725e-18 
 1812       4.468780719875e-11       1.059565626050e-12      -1.050334592201e-12       7.915319685332e-15       5.393095600951e-16       3.462863362040e-17      -5.840614382279e-18 
 1813       4.454229913801e-11       1.062339702047e-12      -1.031168716947e-12       7.906501981945e-15       5.380355832313e-16       3.538336869299e-17      -6.060755094782e-18 
 1814       4.439610335142e-11       1.065235096125e-12      -1.012510892227e-12       7.897651454576e-15       5.367651359738e-16       3.611859205918e-17      -6.277539832663e-18 
 1815       4.424925274069e-11       1.068249574613e-12      -9.943697818089e-13       7.888768372044e-15       5.354982038047e-16       3.683336678130e-17      -6.490898818014e-18 
 1816       4.410177974065e-11       1.071380341057e-12      -9.767463139273e-13       7.879853346539e-15       5.342347773126e-16       3.752806525098e-17      -6.700846963412e-18 
 1817       4.395371677900e-11       1.074624447358e-12      -9.596394708523e-13       7.870907078682e-15       5.329748482902e-16       3.820339040510e-17      -6.907420550818e-18 
 1818       4.380509643015e-11       1.077978931199e-12      -9.430482244231e-13       7.861930272301e-15       5.317184084296e-16       3.886004850563e-17      -7.110656062502e-18 
 1819       4.365595141545e-11       1.081440816035e-12      -9.269715360314e-13       7.852923634428e-15       5.304654493220e-16       3.949874914420e-17      -7.310590181338e-18 
 1820       4.350631460337e-11       1.085007111067e-12      -9.114083566043e-13       7.843887875308e-15       5.292159624578e-16       4.012020524685e-17      -7.507259791095e-18 
 1821       4.335621900970e-11       1.088674811225e-12      -8.963576265867e-13       7.834823708406e-15       5.279699392261e-16       4.072513307868e-17      -7.700701976737e-18 
 1822       4.320569779777e-11       1.092440897143e-12      -8.818182759247e-13       7.825731850405e-15       5.267273709147e-16       4.131425224856e-17      -7.890954024713e-18 
 1823       4.305478427864e-11       1.096302335145e-12      -8.677892240481e-13       7.816613021214e-15       5.254882487100e-16       4.188828571376e-17      -8.078053423256e-18 
 1824       4.290351191132e-11       1.100256077221e-12      -8.542693798534e-13       7.807467943974e-15       5.242525636967e-16       4.244795978468e-17      -8.262037862675e-18 
 1825       4.275191430295e-11       1.104299061009e-12      -8.412576416866e-13       7.798297345057e-15       5.230203068576e-16       4.299400412951e-17      -8.442945235651e-18 
 1826       4.260002520901e-11       1.108428209773e-12      -8.287528973262e-13       7.789101954077e-15       5.217914690734e-16       4.352715177890e-17      -8.620813637530e-18 
 1827       4.244787853354e-11       1.112640432385e-12      -8.167540239659e-13       7.779882503890e-15       5.205660411229e-16       4.404813913066e-17      -8.795681366622e-18 
 1828       4.229550832932e-11       1.116932623302e-12      -8.052598881974e-13       7.770639730598e-15       5.193440136822e-16       4.455770595443e-17      -8.967586924491e-18 
 1829       4.214294879808e-11       1.121301662549e-12      -7.942693459935e-13       7.761374373559e-15       5.181253773251e-16       4.505659539635e-17      -9.136569016252e-18 
 1830       4.199023429070e-11       1.125744415696e-12      -7.837812426909e-13       7.752087175382e-15       5.169101225226e-16       4.554555398378e-17      -9.302666550867e-18 
 1831       4.183739930745e-11       1.130257733842e-12      -7.737944129728e-13       7.742778881942e-15       5.156982396427e-16       4.602533162992e-17      -9.465918641437e-18 
 1832       4.168447849812e-11       1.134838453590e-12      -7.643076808520e-13       7.733450242375e-15       5.144897189505e-16       4.649668163855e-17      -9.626364605499e-18 
 1833       4.153150666228e-11       1.139483397029e-12      -7.553198596538e-13       7.724102009088e-15       5.132845506078e-16       4.696036070865e-17      -9.784043965321e-18 
 1834       4.137851874947e-11       1.144189371718e-12      -7.468297519988e-13       7.714734937764e-15       5.120827246729e-16       4.741712893916e-17      -9.938996448194e-18 
 1835       4.122554985940e-11       1.148953170656e-12      -7.388361497854e-13       7.705349787361e-15       5.108842311007e-16       4.786774983356e-17      -1.009126198673e-17 
 1836       4.107263524213e-11       1.153771572273e-12      -7.313378341733e-13       7.695947320122e-15       5.096890597420e-16       4.831299030466e-17      -1.024088071916e-17 
 1837       4.091981029834e-11       1.158641340403e-12      -7.243335755661e-13       7.686528301576e-15       5.084972003441e-16       4.875362067917e-17      -1.038789298961e-17 
 1838       4.076711057944e-11       1.163559224264e-12      -7.178221335937e-13       7.677093500544e-15       5.073086425498e-16       4.919041470247e-17      -1.053233934842e-17 
 1839       4.061457178784e-11       1.168521958443e-12      -7.118022570960e-13       7.667643689143e-15       5.061233758979e-16       4.962414954325e-17      -1.067426055244e-17 
 1840       4.046222977715e-11       1.173526262869e-12      -7.062726841051e-13       7.658179642790e-15       5.049413898224e-16       5.005560579819e-17      -1.081369756529e-17 
 1841       4.031012055234e-11       1.178568842799e-12      -7.012321418283e-13       7.648702140206e-15       5.037626736531e-16       5.048556749663e-17      -1.095069155770e-17 
 1842       4.015828026998e-11       1.183646388795e-12      -6.966793466312e-13       7.639211963424e-15       5.025872166146e-16       5.091482210530e-17      -1.108528390777e-17 
 1843       4.000674523843e-11       1.188755576703e-12      -6.926130040203e-13       7.629709897786e-15       5.014150078266e-16       5.134416053294e-17      -1.121751620128e-17 
 1844       3.985555191805e-11       1.193893067635e-12      -6.890318086261e-13       7.620196731956e-15       5.002460363039e-16       5.177437713502e-17      -1.134743023199e-17 
 1845       3.970473692139e-11       1.199055507947e-12      -6.859344441855e-13       7.610673257918e-15       4.990802909555e-16       5.220626971839e-17      -1.147506800192e-17 
 1846       3.955433701341e-11       1.204239529221e-12      -6.833195835253e-13       7.601140270983e-15       4.979177605854e-16       5.264063954600e-17      -1.160047172166e-17 
 1847       3.940438911166e-11       1.209441748244e-12      -6.811858885445e-13       7.591598569795e-15       4.967584338914e-16       5.307829134154e-17      -1.172368381064e-17 
 1848       3.925493028651e-11       1.214658766987e-12      -6.795320101975e-13       7.582048956330e-15       4.956022994658e-16       5.352003329414e-17      -1.184474689747e-17 
 1849       3.910599776134e-11       1.219887172585e-12      -6.783565884769e-13       7.572492235906e-15       4.944493457948e-16       5.396667706306e-17      -1.196370382018e-17 
 1850       3.895762891272e-11       1.225123537318e-12      -6.776582523962e-13       7.562929217186e-15       4.932995612583e-16       5.441903778235e-17      -1.208059762657e-17 
 1851       3.880986127066e-11       1.230364418591e-12      -6.774356199727e-13       7.553360712180e-15       4.921529341298e-16       5.487793406553e-17      -1.219547157444e-17 
 1852       3.866273251877e-11       1.235606358914e-12      -6.776872982105e-13       7.543787536251e-15       4.910094525763e-16       5.534418801029e-17      -1.230836913195e-17 
 1853       3.851628049449e-11       1.240845885878e-12      -6.784118830835e-13       7.534210508122e-15       4.898691046581e-16       5.581862520317e-17      -1.241933397789e-17 
 1854       3.837054318929e-11       1.246079512142e-12      -6.796079595176e-13       7.524630449874e-15       4.887318783285e-16       5.630207472420e-17      -1.252841000194e-17 
 1855       3.822555874885e-11       1.251303735406e-12      -6.812741013744e-13       7.515048186958e-15       4.875977614337e-16       5.679536915164e-17      -1.263564130502e-17 
 1856       3.808136547328e-11       1.256515038395e-12      -6.834088714333e-13       7.505464548193e-15       4.864667417128e-16       5.729934456662e-17      -1.274107219956e-17 
 1857       3.793800181734e-11       1.261709888838e-12      -6.860108213751e-13       7.495880365774e-15       4.853388067973e-16       5.781484055781e-17      -1.284474720979e-17 
 1858       3.779550639061e-11       1.266884739447e-12      -6.890784917642e-13       7.486296475275e-15       4.842139442111e-16       5.834270022616e-17      -1.294671107203e-17 
 1859       3.765391795771e-11       1.272036027899e-12      -6.926104120318e-13       7.476713715655e-15       4.830921413704e-16       5.888377018951e-17      -1.304700873502e-17 
 1860       3.751327543850e-11       1.277160176813e-12      -6.966051004587e-13       7.467132929259e-15       4.819733855834e-16       5.943890058731e-17      -1.314568536017e-17 
 1861       3.737361790828e-11       1.282253593731e-12      -7.010610641582e-13       7.457554961828e-15       4.808576640501e-16       6.000894508530e-17      -1.324278632188e-17 
 1862       3.723498459800e-11       1.287312671100e-12      -7.059767990588e-13       7.447980662497e-15       4.797449638623e-16       6.059476088017e-17      -1.333835720783e-17 
 1863       3.709741489447e-11       1.292333786250e-12      -7.113507898872e-13       7.438410883803e-15       4.786352720033e-16       6.119720870427e-17      -1.343244381927e-17 
 1864       3.696094338076e-11       1.297313634755e-12      -7.171804768559e-13       7.428846416522e-15       4.775285764145e-16       6.181688945218e-17      -1.352508495623e-17 
 1865       3.682558491450e-11       1.302250233427e-12      -7.234591468898e-13       7.419287793617e-15       4.764248692045e-16       6.245335179045e-17      -1.361629071067e-17 
 1866       3.669134943288e-11       1.307141925160e-12      -7.301790179582e-13       7.409735484756e-15       4.753241434651e-16       6.310587833605e-17      -1.370606400345e-17 
 1867       3.655824690177e-11       1.311987046248e-12      -7.373322701015e-13       7.400189961346e-15       4.742263922064e-16       6.377374846533e-17      -1.379440778408e-17 
 1868       3.642628731577e-11       1.316783926385e-12      -7.449110453784e-13       7.390651696535e-15       4.731316083566e-16       6.445623830960e-17      -1.388132503070e-17 
 1869       3.629548069825e-11       1.321530888649e-12      -7.529074478134e-13       7.381121165211e-15       4.720397847620e-16       6.515262075072e-17      -1.396681875016e-17 
 1870       3.616583710137e-11       1.326226249495e-12      -7.613135433436e-13       7.371598844008e-15       4.709509141868e-16       6.586216541666e-17      -1.405089197804e-17 
 1871       3.603736660614e-11       1.330868318750e-12      -7.701213597662e-13       7.362085211305e-15       4.698649893131e-16       6.658413867713e-17      -1.413354777875e-17 
 1872       3.591007932239e-11       1.335455399600e-12      -7.793228866854e-13       7.352580747230e-15       4.687820027406e-16       6.731780363915e-17      -1.421478924549e-17 
 1873       3.578398538889e-11       1.339985788584e-12      -7.889100754599e-13       7.343085933662e-15       4.677019469864e-16       6.806242014265e-17      -1.429461950038e-17 
 1874       3.565909497329e-11       1.344457775585e-12      -7.988748391499e-13       7.333601254232e-15       4.666248144851e-16       6.881724475603e-17      -1.437304169444e-17 
 1875       3.553541827221e-11       1.348869643821e-12      -8.092090524642e-13       7.324127194326e-15       4.655505975884e-16       6.958153077179e-17      -1.445005900769e-17 
 1876       3.541296551125e-11       1.353219669835e-12      -8.199045517076e-13       7.314664241088e-15       4.644792885653e-16       7.035452820207e-17      -1.452567464915e-17 
 1877       3.529174694506e-11       1.357506123491e-12      -8.309531347281e-13       7.305212883420e-15       4.634108796016e-16       7.113548377429e-17      -1.459989185692e-17 
 1878       3.517177285729e-11       1.361727267959e-12      -8.423465608639e-13       7.295773611985e-15       4.623453627999e-16       7.192364092670e-17      -1.467271389821e-17 
 1879       3.505305356069e-11       1.365881359712e-12      -8.540765508907e-13       7.286346919212e-15       4.612827301797e-16       7.271823980400e-17      -1.474414406938e-17 
 1880       3.493559939715e-11       1.369966648514e-12      -8.661347869688e-13       7.276933299292e-15       4.602229736768e-16       7.351851725290e-17      -1.481418569600e-17 
 1881       3.481942073766e-11       1.373981377412e-12      -8.785129125906e-13       7.267533248187e-15       4.591660851435e-16       7.432370681771e-17      -1.488284213288e-17 
 1882       3.470452798242e-11       1.377923782730e-12      -8.912025325274e-13       7.258147263627e-15       4.581120563484e-16       7.513303873596e-17      -1.495011676414e-17 
 1883       3.459093156081e-11       1.381792094057e-12      -9.041952127766e-13       7.248775845115e-15       4.570608789762e-16       7.594573993397e-17      -1.501601300323e-17 
 1884       3.447864193148e-11       1.385584534238e-12      -9.174824805095e-13       7.239419493927e-15       4.560125446276e-16       7.676103402242e-17      -1.508053429298e-17 
 1885       3.436766958232e-11       1.389299319372e-12      -9.310558240174e-13       7.230078713116e-15       4.549670448191e-16       7.757814129197e-17      -1.514368410567e-17 
 1886       3.425802503053e-11       1.392934658792e-12      -9.449066926601e-13       7.220754007515e-15       4.539243709830e-16       7.839627870883e-17      -1.520546594304e-17 
 1887       3.414971882267e-11       1.396488755070e-12      -9.590264968119e-13       7.211445883735e-15       4.528845144671e-16       7.921465991035e-17      -1.526588333636e-17 
 1888       3.404276153463e-11       1.399959803995e-12      -9.734066078094e-13       7.202154850172e-15       4.518474665348e-16       8.003249520062e-17      -1.532493984649e-17 
 1889       3.393716377171e-11       1.403345994575e-12      -9.880383578989e-13       7.192881417006e-15       4.508132183646e-16       8.084899154605e-17      -1.538263906386e-17 
 1890       3.383293616866e-11       1.406645509023e-12      -1.002913040183e-12       7.183626096203e-15       4.497817610504e-16       8.166335257095e-17      -1.543898460860e-17 
 1891       3.373008938965e-11       1.409856522749e-12      -1.018021908568e-12       7.174389401520e-15       4.487530856008e-16       8.247477855316e-17      -1.549398013053e-17 
 1892       3.362863412838e-11       1.412977204352e-12      -1.033356177711e-12       7.165171848504e-15       4.477271829396e-16       8.328246641957e-17      -1.554762930922e-17 
 1893       3.352858110806e-11       1.416005715612e-12      -1.048907022969e-12       7.155973954498e-15       4.467040439052e-16       8.408560974176e-17      -1.559993585405e-17 
 1894       3.342994108144e-11       1.418940211481e-12      -1.064665580341e-12       7.146796238637e-15       4.456836592506e-16       8.488339873159e-17      -1.565090350424e-17 
 1895       3.333272483088e-11       1.421778840074e-12      -1.080622946422e-12       7.137639221856e-15       4.446660196433e-16       8.567502023676e-17      -1.570053602889e-17 
 1896       3.323694316834e-11       1.424519742660e-12      -1.096770178344e-12       7.128503426891e-15       4.436511156653e-16       8.645965773642e-17      -1.574883722704e-17 
 1897       3.314260693546e-11       1.427161053654e-12      -1.113098293728e-12       7.119389378277e-15       4.426389378126e-16       8.723649133674e-17      -1.579581092772e-17 
 1898       3.304972700352e-11       1.429700900609e-12      -1.129598270628e-12       7.110297602356e-15       4.416294764952e-16       8.800469776653e-17      -1.584146098997e-17 
 1899       3.295831427355e-11       1.432137404207e-12      -1.146261047479e-12       7.101228627274e-15       4.406227220373e-16       8.876345037279e-17      -1.588579130292e-17 
 1900       3.286837967630e-11       1.434468678251e-12      -1.163077523045e-12       7.092182982989e-15       4.396186646767e-16       8.951191911633e-17      -1.592880578581e-17 
 1901       3.277993417232e-11       1.436692829653e-12      -1.180038556367e-12       7.083161201266e-15       4.386172945648e-16       9.024927056735e-17      -1.597050838803e-17 
 1902       3.269298875195e-11       1.438807958430e-12      -1.197134966706e-12       7.074163815685e-15       4.376186017667e-16       9.097466790102e-17      -1.601090308921e-17 
 1903       3.260755443538e-11       1.440812157694e-12      -1.214357533495e-12       7.065191361639e-15       4.366225762607e-16       9.168727089308e-17      -1.604999389920e-17 
 1904       3.252364227267e-11       1.442703513640e-12      -1.231696996284e-12       7.056244376342e-15       4.356292079384e-16       9.238623591540e-17      -1.608778485820e-17 
 1905       3.244126334378e-11       1.444480105545e-12      -1.249144054688e-12       7.047323398823e-15       4.346384866045e-16       9.307071593164e-17      -1.612428003670e-17 
 1906       3.236042875861e-11       1.446140005750e-12      -1.266689368332e-12       7.038428969935e-15       4.336504019766e-16       9.373986049274e-17      -1.615948353562e-17 
 1907       3.228114965702e-11       1.447681279659e-12      -1.284323556802e-12       7.029561632352e-15       4.326649436853e-16       9.439281573260e-17      -1.619339948630e-17 
 1908       3.220343720888e-11       1.449101985725e-12      -1.302037199587e-12       7.020721930578e-15       4.316821012737e-16       9.502872436361e-17      -1.622603205059e-17 
 1909       3.212730261408e-11       1.450400175448e-12      -1.319820836032e-12       7.011910410941e-15       4.307018641975e-16       9.564672567225e-17      -1.625738542084e-17 
 1910       3.205275710257e-11       1.451573893357e-12      -1.337664965282e-12       7.003127621599e-15       4.297242218248e-16       9.624595551471e-17      -1.628746381999e-17 
 1911       3.197981193441e-11       1.452621177011e-12      -1.355560046228e-12       6.994374112546e-15       4.287491634360e-16       9.682554631244e-17      -1.631627150160e-17 
 1912       3.190847839977e-11       1.453540056984e-12      -1.373496497457e-12       6.985650435606e-15       4.277766782236e-16       9.738462704775e-17      -1.634381274989e-17 
 1913       3.183876334961e-11       1.454328999556e-12      -1.391465204802e-12       6.976957058455e-15       4.268067561643e-16       9.792253947386e-17      -1.637008538032e-17 
 1914       3.177065575029e-11       1.454988238492e-12      -1.409459048344e-12       6.968294105946e-15       4.258393906426e-16       9.843948856216e-17      -1.639506118679e-17 
 1915       3.170414002612e-11       1.455518453435e-12      -1.427471386988e-12       6.959661616808e-15       4.248745758471e-16       9.893589702237e-17      -1.641870534490e-17 
 1916       3.163920051936e-11       1.455920328139e-12      -1.445495551882e-12       6.951059629449e-15       4.239123058997e-16       9.941218954245e-17      -1.644098289777e-17 
 1917       3.157582149003e-11       1.456194550473e-12      -1.463524846381e-12       6.942488181960e-15       4.229525748559e-16       9.986879279137e-17      -1.646185875579e-17 
 1918       3.151398711583e-11       1.456341812430e-12      -1.481552546012e-12       6.933947312112e-15       4.219953767044e-16       1.003061354217e-16      -1.648129769648e-17 
 1919       3.145368149202e-11       1.456362810133e-12      -1.499571898435e-12       6.925437057354e-15       4.210407053670e-16       1.007246480723e-16      -1.649926436434e-17 
 1920       3.139488863130e-11       1.456258243838e-12      -1.517576123410e-12       6.916957454814e-15       4.200885546987e-16       1.011247633710e-16      -1.651572327069e-17 
 1921       3.133759246372e-11       1.456028817941e-12      -1.535558412759e-12       6.908508541300e-15       4.191389184873e-16       1.015069159373e-16      -1.653063879345e-17 
 1922       3.128177683653e-11       1.455675240986e-12      -1.553511930331e-12       6.900090353295e-15       4.181917904537e-16       1.018715423851e-16      -1.654397517703e-17 
 1923       3.122742551407e-11       1.455198225669e-12      -1.571429811964e-12       6.891702926960e-15       4.172471642513e-16       1.022190813253e-16      -1.655569653212e-17 
 1924       3.117452217767e-11       1.454598488843e-12      -1.589305165451e-12       6.883346298132e-15       4.163050334662e-16       1.025499733683e-16      -1.656576683557e-17 
 1925       3.112305042555e-11       1.453876751526e-12      -1.607131070502e-12       6.875020502322e-15       4.153653916170e-16       1.028646611270e-16      -1.657414993016e-17 
 1926       3.107299377266e-11       1.453033738907e-12      -1.624900578710e-12       6.866725574718e-15       4.144282321548e-16       1.031635892193e-16      -1.658080952450e-17 
 1927       3.102433565060e-11       1.452070180350e-12      -1.642606713511e-12       6.858461550180e-15       4.134935484630e-16       1.034472042709e-16      -1.658570919280e-17 
 1928       3.097705940751e-11       1.450986809402e-12      -1.660242470153e-12       6.850228463242e-15       4.125613338570e-16       1.037159549178e-16      -1.658881237477e-17 
 1929       3.093114830792e-11       1.449784363796e-12      -1.677800815655e-12       6.842026348111e-15       4.116315815844e-16       1.039702918089e-16      -1.659008237538e-17 
 1930       3.088658553266e-11       1.448463585459e-12      -1.695274688774e-12       6.833855238666e-15       4.107042848250e-16       1.042106676091e-16      -1.658948236474e-17 
 1931       3.084335417875e-11       1.447025220520e-12      -1.712656999968e-12       6.825715168457e-15       4.097794366900e-16       1.044375370015e-16      -1.658697537793e-17 
 1932       3.080143725927e-11       1.445470019312e-12      -1.729940631359e-12       6.817606170705e-15       4.088570302228e-16       1.046513566905e-16      -1.658252431482e-17 
 1933       3.076081770326e-11       1.443798736379e-12      -1.747118436697e-12       6.809528278300e-15       4.079370583982e-16       1.048525854039e-16      -1.657609193990e-17 
 1934       3.072147835558e-11       1.442012130483e-12      -1.764183241325e-12       6.801481523802e-15       4.070195141225e-16       1.050416838964e-16      -1.656764088213e-17 
 1935       3.068340197683e-11       1.440110964609e-12      -1.781127842142e-12       6.793465939440e-15       4.061043902336e-16       1.052191149513e-16      -1.655713363475e-17 
 1936       3.064657124321e-11       1.438096005972e-12      -1.797945007566e-12       6.785481557112e-15       4.051916795007e-16       1.053853433841e-16      -1.654453255513e-17 
 1937       3.061096874640e-11       1.435968026022e-12      -1.814627477501e-12       6.777528408380e-15       4.042813746239e-16       1.055408360445e-16      -1.652979986460e-17 
 1938       3.057657699348e-11       1.433727800450e-12      -1.831167963296e-12       6.769606524475e-15       4.033734682349e-16       1.056860618194e-16      -1.651289764829e-17 
 1939       3.054337840677e-11       1.431376109193e-12      -1.847559147712e-12       6.761715936294e-15       4.024679528960e-16       1.058214916356e-16      -1.649378785492e-17 
 1940       3.051135532377e-11       1.428913736441e-12      -1.863793684886e-12       6.753856674398e-15       4.015648211005e-16       1.059475984621e-16      -1.647243229671e-17 
 1941       3.048048999697e-11       1.426341470646e-12      -1.879864200294e-12       6.746028769015e-15       4.006640652725e-16       1.060648573135e-16      -1.644879264913e-17 
 1942       3.045076459382e-11       1.423660104520e-12      -1.895763290714e-12       6.738232250034e-15       3.997656777667e-16       1.061737452518e-16      -1.642283045079e-17 
 1943       3.042216119654e-11       1.420870435050e-12      -1.911483524190e-12       6.730467147009e-15       3.988696508685e-16       1.062747413898e-16      -1.639450710326e-17 
 1944       3.039466180205e-11       1.417973263496e-12      -1.927017440000e-12       6.722733489156e-15       3.979759767935e-16       1.063683268932e-16      -1.636378387088e-17 
 1945       3.036824832186e-11       1.414969395402e-12      -1.942357548612e-12       6.715031305353e-15       3.970846476878e-16       1.064549849838e-16      -1.633062188063e-17 
 1946       3.034290258191e-11       1.411859640601e-12      -1.957496331655e-12       6.707360624139e-15       3.961956556278e-16       1.065352009418e-16      -1.629498212191e-17 
 1947       3.031860632251e-11       1.408644813220e-12      -1.972426241879e-12       6.699721473716e-15       3.953089926197e-16       1.066094621087e-16      -1.625682544644e-17 
 1948       3.029534119819e-11       1.405325731685e-12      -1.987139703119e-12       6.692113881941e-15       3.944246506000e-16       1.066782578898e-16      -1.621611256803e-17 
 1949       3.027308877757e-11       1.401903218730e-12      -2.001629110262e-12       6.684537876335e-15       3.935426214351e-16       1.067420797570e-16      -1.617280406247e-17 
 1950       3.025183054332e-11       1.398378101400e-12      -2.015886829206e-12       6.676993484074e-15       3.926628969210e-16       1.068014212513e-16      -1.612686036730e-17 
 1951       3.023154789194e-11       1.394751211057e-12      -2.029905196827e-12       6.669480731995e-15       3.917854687834e-16       1.068567779858e-16      -1.607824178171e-17 
 1952       3.021222213375e-11       1.391023383390e-12      -2.043676520943e-12       6.661999646590e-15       3.909103286777e-16       1.069086476480e-16      -1.602690846630e-17 
 1953       3.019383449268e-11       1.387195458414e-12      -2.057193080276e-12       6.654550254009e-15       3.900374681887e-16       1.069575300028e-16      -1.597282044298e-17 
 1954       3.017636610623e-11       1.383268280483e-12      -2.070447124418e-12       6.647132580055e-15       3.891668788305e-16       1.070039268949e-16      -1.591593759477e-17 
 1955       3.015979802532e-11       1.379242698291e-12      -2.083430873792e-12       6.639746650191e-15       3.882985520465e-16       1.070483422518e-16      -1.585621966562e-17 
 1956       3.014411121417e-11       1.375119564879e-12      -2.096136519617e-12       6.632392489529e-15       3.874324792093e-16       1.070912820860e-16      -1.579362626029e-17 
 1957       3.012928655021e-11       1.370899737642e-12      -2.108556223876e-12       6.625070122840e-15       3.865686516203e-16       1.071332544981e-16      -1.572811684413e-17 
 1958       3.011530482393e-11       1.366584078335e-12      -2.120682119271e-12       6.617779574545e-15       3.857070605099e-16       1.071747696794e-16      -1.565965074293e-17 
 1959       3.010214673881e-11       1.362173453079e-12      -2.132506309195e-12       6.610520868718e-15       3.848476970375e-16       1.072163399144e-16      -1.558818714278e-17 
 1960       3.008979291117e-11       1.357668732363e-12      -2.144020867693e-12       6.603294029086e-15       3.839905522909e-16       1.072584795835e-16      -1.551368508985e-17 
 1961       3.007822387007e-11       1.353070791057e-12      -2.155217839424e-12       6.596099079025e-15       3.831356172867e-16       1.073017051661e-16      -1.543610349029e-17 
 1962       3.006741951812e-11       1.348380679105e-12      -2.166090492920e-12       6.588935966665e-15       3.822828836836e-16       1.073464275137e-16      -1.535542276177e-17 
 1963       3.005735750990e-11       1.343600135009e-12      -2.176637090651e-12       6.581804339576e-15       3.814323459300e-16       1.073926277884e-16      -1.527170996529e-17 
 1964       3.004801486121e-11       1.338731076188e-12      -2.186857147011e-12       6.574703768397e-15       3.805839991320e-16       1.074401791130e-16      -1.518505415890e-17 
 1965       3.003936848690e-11       1.333775428646e-12      -2.196750177581e-12       6.567633821582e-15       3.797378383416e-16       1.074889540789e-16      -1.509554479060e-17 
 1966       3.003139520080e-11       1.328735126984e-12      -2.206315699131e-12       6.560594065394e-15       3.788938585562e-16       1.075388247464e-16      -1.500327169882e-17 
 1967       3.002407171549e-11       1.323612114407e-12      -2.215553229627e-12       6.553584063900e-15       3.780520547189e-16       1.075896626432e-16      -1.490832511293e-17 
 1968       3.001737464227e-11       1.318408342740e-12      -2.224462288227e-12       6.546603378975e-15       3.772124217178e-16       1.076413387642e-16      -1.481079565374e-17 
 1969       3.001128049094e-11       1.313125772436e-12      -2.233042395290e-12       6.539651570292e-15       3.763749543868e-16       1.076937235705e-16      -1.471077433402e-17 
 1970       3.000576566973e-11       1.307766372590e-12      -2.241293072376e-12       6.532728195323e-15       3.755396475045e-16       1.077466869891e-16      -1.460835255902e-17 
 1971       3.000080648514e-11       1.302332120946e-12      -2.249213842249e-12       6.525832809335e-15       3.747064957949e-16       1.078000984118e-16      -1.450362212692e-17 
 1972       2.999637914182e-11       1.296825003913e-12      -2.256804228881e-12       6.518964965384e-15       3.738754939270e-16       1.078538266948e-16      -1.439667522941e-17 
 1973       2.999245974242e-11       1.291247016573e-12      -2.264063757454e-12       6.512124214319e-15       3.730466365146e-16       1.079077401580e-16      -1.428760445216e-17 
 1974       2.998902428747e-11       1.285600162695e-12      -2.270991954363e-12       6.505310104772e-15       3.722199181166e-16       1.079617065840e-16      -1.417650277532e-17 
 1975       2.998604867527e-11       1.279886454742e-12      -2.277588347217e-12       6.498522183158e-15       3.713953332365e-16       1.080155932181e-16      -1.406346357406e-17 
 1976       2.998350870173e-11       1.274107913886e-12      -2.283852464846e-12       6.491759993673e-15       3.705728763225e-16       1.080692667667e-16      -1.394858061902e-17 
 1977       2.998138006023e-11       1.268266570019e-12      -2.289783837303e-12       6.485023078289e-15       3.697525417675e-16       1.081225933976e-16      -1.383194807690e-17 
 1978       2.997963834152e-11       1.262364461762e-12      -2.295381995861e-12       6.478310976750e-15       3.689343239086e-16       1.081754387383e-16      -1.371366051088e-17 
 1979       2.997825903357e-11       1.256403636477e-12      -2.300646473025e-12       6.471623226574e-15       3.681182170278e-16       1.082276678763e-16      -1.359381288119e-17 
 1980       2.997721752144e-11       1.250386150281e-12      -2.305576802527e-12       6.464959363044e-15       3.673042153510e-16       1.082791453578e-16      -1.347250054560e-17 
 1981       2.997648908715e-11       1.244314068053e-12      -2.310172519335e-12       6.458318919209e-15       3.664923130485e-16       1.083297351870e-16      -1.334981925992e-17 
 1982       2.997604890955e-11       1.238189463448e-12      -2.314433159650e-12       6.451701425880e-15       3.656825042350e-16       1.083793008259e-16      -1.322586517849e-17 
 1983       2.997587206418e-11       1.232014418906e-12      -2.318358260913e-12       6.445106411626e-15       3.648747829688e-16       1.084277051931e-16      -1.310073485474e-17 
 1984       2.997593352316e-11       1.225791025667e-12      -2.321947361809e-12       6.438533402772e-15       3.640691432526e-16       1.084748106634e-16      -1.297452524165e-17 
 1985       2.997620815502e-11       1.219521383778e-12      -2.325200002265e-12       6.431981923395e-15       3.632655790328e-16       1.085204790671e-16      -1.284733369226e-17 
 1986       2.997667072462e-11       1.213207602107e-12      -2.328115723457e-12       6.425451495322e-15       3.624640841997e-16       1.085645716893e-16      -1.271925796021e-17 
 1987       2.997729589296e-11       1.206851798354e-12      -2.330694067810e-12       6.418941638128e-15       3.616646525871e-16       1.086069492691e-16      -1.259039620022e-17 
 1988       2.997805821710e-11       1.200456099059e-12      -2.332934579003e-12       6.412451869130e-15       3.608672779728e-16       1.086474719990e-16      -1.246084696861e-17 
 1989       2.997893215000e-11       1.194022639620e-12      -2.334836801971e-12       6.405981703386e-15       3.600719540778e-16       1.086859995243e-16      -1.233070922379e-17 
 1990       2.997989204039e-11       1.187553564295e-12      -2.336400282910e-12       6.399530653693e-15       3.592786745668e-16       1.087223909423e-16      -1.220008232679e-17 
 1991       2.998091213266e-11       1.181051026223e-12      -2.337624569275e-12       6.393098230580e-15       3.584874330479e-16       1.087565048017e-16      -1.206906604176e-17 
 1992       2.998196656668e-11       1.174517187427e-12      -2.338509209787e-12       6.386683942310e-15       3.576982230722e-16       1.087881991018e-16      -1.193776053645e-17 
 1993       2.998302937774e-11       1.167954218831e-12      -2.339053754435e-12       6.380287294874e-15       3.569110381342e-16       1.088173312921e-16      -1.180626638278e-17 
 1994       2.998407449635e-11       1.161364300268e-12      -2.339257754478e-12       6.373907791988e-15       3.561258716716e-16       1.088437582711e-16      -1.167468455728e-17 
 1995       2.998507574814e-11       1.154749620493e-12      -2.339120762449e-12       6.367544935092e-15       3.553427170650e-16       1.088673363863e-16      -1.154311644163e-17 
 1996       2.998600685374e-11       1.148112377192e-12      -2.338642332156e-12       6.361198223344e-15       3.545615676380e-16       1.088879214329e-16      -1.141166382317e-17 
 1997       2.998684142863e-11       1.141454776996e-12      -2.337822018689e-12       6.354867153619e-15       3.537824166569e-16       1.089053686535e-16      -1.128042889540e-17 
 1998       2.998755298299e-11       1.134779035491e-12      -2.336659378417e-12       6.348551220507e-15       3.530052573310e-16       1.089195327371e-16      -1.114951425850e-17 
 1999       2.998811492161e-11       1.128087377227e-12      -2.335153968995e-12       6.342249916306e-15       3.522300828121e-16       1.089302678189e-16      -1.101902291979e-17 
 2000       2.998850054375e-11       1.121382035735e-12      -2.333305349366e-12       6.335962731025e-15       3.514568861947e-16       1.089374274792e-16      -1.088905829431e-17 
 2001       2.998868304297e-11       1.114665253531e-12      -2.331113079763e-12       6.329689152375e-15       3.506856605157e-16       1.089408647428e-16      -1.075972420527e-17 
 2002       2.998863550705e-11       1.107939282134e-12      -2.328576721715e-12       6.323428665769e-15       3.499163987546e-16       1.089404320784e-16      -1.063112488458e-17 
 2003       2.998833091781e-11       1.101206382072e-12      -2.325695838044e-12       6.317180754319e-15       3.491490938329e-16       1.089359813979e-16      -1.050336497338e-17 
 2004       2.998774215102e-11       1.094468822896e-12      -2.322469992874e-12       6.310944898833e-15       3.483837386147e-16       1.089273640557e-16      -1.037654952248e-17 
 2005       2.998684197625e-11       1.087728883189e-12      -2.318898751629e-12       6.304720577810e-15       3.476203259061e-16       1.089144308481e-16      -1.025078399293e-17 
 2006       2.998560305673e-11       1.080988850583e-12      -2.314981681039e-12       6.298507267441e-15       3.468588484553e-16       1.088970320122e-16      -1.012617425653e-17 
 2007       2.998399794923e-11       1.074251021762e-12      -2.310718349143e-12       6.292304441601e-15       3.460992989523e-16       1.088750172261e-16      -1.000282659627e-17 
 2008       2.998199910393e-11       1.067517702478e-12      -2.306108325290e-12       6.286111571851e-15       3.453416700293e-16       1.088482356073e-16      -9.880847706910e-18 
 2009       2.997957886429e-11       1.060791207562e-12      -2.301151180142e-12       6.279928127430e-15       3.445859542601e-16       1.088165357124e-16      -9.760344695458e-18 
 2010       2.997670946689e-11       1.054073860936e-12      -2.295846485678e-12       6.273753575257e-15       3.438321441603e-16       1.087797655366e-16      -9.641425081672e-18 
 2011       2.997336606401e-11       1.047367834655e-12      -2.290194677353e-12       6.267587414121e-15       3.430802327718e-16       1.087377807154e-16      -9.524167458825e-18 
 2012       2.996953581552e-11       1.040674664742e-12      -2.284199647436e-12       6.261429277546e-15       3.423302154211e-16       1.086904691973e-16      -9.408533241534e-18 
 2013       2.996520886289e-11       1.033995731854e-12      -2.277866170551e-12       6.255278831671e-15       3.415820879738e-16       1.086377267495e-16      -9.294454276608e-18 
 2014       2.996037531246e-11       1.027332421933e-12      -2.271199043265e-12       6.249135741116e-15       3.408358462507e-16       1.085794487710e-16      -9.181862124122e-18 
 2015       2.995502523543e-11       1.020686126214e-12      -2.264203084116e-12       6.242999668986e-15       3.400914860281e-16       1.085155302921e-16      -9.070688057054e-18 
 2016       2.994914866780e-11       1.014058241231e-12      -2.256883133642e-12       6.236870276861e-15       3.393490030371e-16       1.084458659741e-16      -8.960863060922e-18 
 2017       2.994273561035e-11       1.007450168823e-12      -2.249244054407e-12       6.230747224802e-15       3.386083929645e-16       1.083703501088e-16      -8.852317833420e-18 
 2018       2.993577602855e-11       1.000863316140e-12      -2.241290731034e-12       6.224630171343e-15       3.378696514516e-16       1.082888766181e-16      -8.744982784057e-18 
 2019       2.992825985256e-11       9.942990956524e-13      -2.233028070229e-12       6.218518773491e-15       3.371327740951e-16       1.082013390535e-16      -8.638788033791e-18 
 2020       2.992017697720e-11       9.877589251527e-13      -2.224461000811e-12       6.212412686725e-15       3.363977564466e-16       1.081076305956e-16      -8.533663414671e-18 
 2021       2.991151726186e-11       9.812442277660e-13      -2.215594473740e-12       6.206311564994e-15       3.356645940123e-16       1.080076440538e-16      -8.429538469472e-18 
 2022       2.990227053048e-11       9.747564319546e-13      -2.206433462148e-12       6.200215060713e-15       3.349332822535e-16       1.079012718659e-16      -8.326342451329e-18 
 2023       2.989242657153e-11       9.682969715251e-13      -2.196982961365e-12       6.194122824763e-15       3.342038165859e-16       1.077884060974e-16      -8.224004323379e-18 
 2024       2.988197513794e-11       9.618672856344e-13      -2.187247988946e-12       6.188034506488e-15       3.334761923803e-16       1.076689384414e-16      -8.122452758397e-18 
 2025       2.987090594706e-11       9.554688187964e-13      -2.177233584703e-12       6.181949753693e-15       3.327504049616e-16       1.075427602179e-16      -8.021616138431e-18 
 2026       2.985920868063e-11       9.491030208884e-13      -2.166944810732e-12       6.175868212642e-15       3.320264496095e-16       1.074097623735e-16      -7.921422554441e-18 
 2027       2.984687298473e-11       9.427713471577e-13      -2.156386751440e-12       6.169789528058e-15       3.313043215581e-16       1.072698354809e-16      -7.821799805936e-18 
 2028       2.983388846976e-11       9.364752582279e-13      -2.145564513576e-12       6.163713343117e-15       3.305840159959e-16       1.071228697384e-16      -7.722675400611e-18 
 2029       2.982024471036e-11       9.302162201054e-13      -2.134483226258e-12       6.157639299450e-15       3.298655280656e-16       1.069687549697e-16      -7.623976553984e-18 
 2030       2.980593124538e-11       9.239957041859e-13      -2.123148041000e-12       6.151567037140e-15       3.291488528641e-16       1.068073806231e-16      -7.525630189033e-18 
 2031       2.979093757786e-11       9.178151872607e-13      -2.111564131744e-12       6.145496194715e-15       3.284339854427e-16       1.066386357715e-16      -7.427562935835e-18 
 2032       2.977525317498e-11       9.116761515234e-13      -2.099736694886e-12       6.139426409157e-15       3.277209208067e-16       1.064624091115e-16      -7.329701131201e-18 
 2033       2.975886746798e-11       9.055800845764e-13      -2.087670949304e-12       6.133357315887e-15       3.270096539152e-16       1.062785889633e-16      -7.231970818313e-18 
 2034       2.974176985219e-11       8.995284794369e-13      -2.075372136388e-12       6.127288548774e-15       3.263001796815e-16       1.060870632703e-16      -7.134297746363e-18 
 2035       2.972394968691e-11       8.935228345438e-13      -2.062845520068e-12       6.121219740125e-15       3.255924929728e-16       1.058877195981e-16      -7.036607370191e-18 
 2036       2.970539629544e-11       8.875646537641e-13      -2.050096386842e-12       6.115150520689e-15       3.248865886099e-16       1.056804451349e-16      -6.938824849918e-18 
 2037       2.968609896496e-11       8.816554463992e-13      -2.037130045805e-12       6.109080519651e-15       3.241824613676e-16       1.054651266904e-16      -6.840875050586e-18 
 2038       2.966604694658e-11       8.757967271915e-13      -2.023951828676e-12       6.103009364631e-15       3.234801059742e-16       1.052416506957e-16      -6.742682541796e-18 
 2039       2.964522945521e-11       8.699900163307e-13      -2.010567089831e-12       6.096936681684e-15       3.227795171117e-16       1.050099032027e-16      -6.644171597345e-18 
 2040       2.962363566958e-11       8.642368394604e-13      -1.996981206323e-12       6.090862095295e-15       3.220806894155e-16       1.047697698836e-16      -6.545266194860e-18 
 2041       2.960125473216e-11       8.585387276847e-13      -1.983199577919e-12       6.084785228379e-15       3.213836174747e-16       1.045211360308e-16      -6.445890015438e-18 
 2042       2.957807574914e-11       8.528972175742e-13      -1.969227627124e-12       6.078705702278e-15       3.206882958316e-16       1.042638865562e-16      -6.345966443285e-18 
 2043       2.955408779039e-11       8.473138511729e-13      -1.955070799211e-12       6.072623136759e-15       3.199947189819e-16       1.039979059906e-16      -6.245418565349e-18 
 2044       2.952927988940e-11       8.417901760045e-13      -1.940734562248e-12       6.066537150015e-15       3.193028813746e-16       1.037230784838e-16      -6.144169170958e-18 
 2045       2.950364104324e-11       8.363277450789e-13      -1.926224407127e-12       6.060447358657e-15       3.186127774118e-16       1.034392878035e-16      -6.042140751460e-18 
 2046       2.947716021254e-11       8.309281168984e-13      -1.911545847594e-12       6.054353377717e-15       3.179244014487e-16       1.031464173355e-16      -5.939255499859e-18 
 2047       2.944982632144e-11       8.255928554647e-13      -1.896704420275e-12       6.048254820645e-15       3.172377477937e-16       1.028443500826e-16      -5.835435310450e-18 
 2048       2.942162825750e-11       8.203235302847e-13      -1.881705684706e-12       6.042151299307e-15       3.165528107080e-16       1.025329686648e-16      -5.730601778459e-18 
 2049       2.939255487175e-11       8.151217163776e-13      -1.866555223361e-12       6.036042423979e-15       3.158695844059e-16       1.022121553184e-16      -5.624676199678e-18 
 2050       2.936259497857e-11       8.099889942810e-13      -1.851258641682e-12       6.029927803353e-15       3.151880630543e-16       1.018817918959e-16      -5.517579570105e-18 
 2051       2.933173735568e-11       8.049269500571e-13      -1.835821568102e-12       6.023807044528e-15       3.145082407731e-16       1.015417598652e-16      -5.409232585577e-18 
 2052       2.929997074409e-11       7.999371752999e-13      -1.820249654083e-12       6.017679753010e-15       3.138301116348e-16       1.011919403095e-16      -5.299555641412e-18 
 2053       2.926728384807e-11       7.950212671410e-13      -1.804548574133e-12       6.011545532712e-15       3.131536696645e-16       1.008322139267e-16      -5.188468832043e-18 
 2054       2.923366533509e-11       7.901808282563e-13      -1.788724025845e-12       6.005403985950e-15       3.124789088399e-16       1.004624610290e-16      -5.075891950655e-18 
 2055       2.919910383581e-11       7.854174668726e-13      -1.772781729918e-12       5.999254713442e-15       3.118058230912e-16       1.000825615424e-16      -4.961744488824e-18 
 2056       2.916358794397e-11       7.807327967737e-13      -1.756727430189e-12       5.993097314304e-15       3.111344063010e-16       9.969239500618e-17      -4.845945636154e-18 
 2057       2.912710621644e-11       7.761284373073e-13      -1.740566893662e-12       5.986931386051e-15       3.104646523042e-16       9.929184057284e-17      -4.728414279912e-18 
 2058       2.908964717312e-11       7.716060133910e-13      -1.724305910532e-12       5.980756524593e-15       3.097965548882e-16       9.888077700726e-17      -4.609069004669e-18 
 2059       2.905119929688e-11       7.671671555193e-13      -1.707950294219e-12       5.974572324234e-15       3.091301077922e-16       9.845908268643e-17      -4.487828091933e-18 
 2060       2.901175421137e-11       7.628132007127e-13      -1.691505733035e-12       5.968378432812e-15       3.084653051881e-16       9.802670533264e-17      -4.364637699498e-18 
 2061       2.897131623899e-11       7.585442930328e-13      -1.674977343987e-12       5.962174717557e-15       3.078021431236e-16       9.758387175557e-17      -4.239556619079e-18 
 2062       2.892989291071e-11       7.543602766889e-13      -1.658370115863e-12       5.955961100406e-15       3.071406180889e-16       9.713087959965e-17      -4.112672120205e-18 
 2063       2.888749179449e-11       7.502609945125e-13      -1.641689057322e-12       5.949737502972e-15       3.064807265373e-16       9.666802774726e-17      -3.984071825622e-18 
 2064       2.884412049537e-11       7.462462879556e-13      -1.624939196922e-12       5.943503846537e-15       3.058224648852e-16       9.619561632030e-17      -3.853843711728e-18 
 2065       2.879978665546e-11       7.423159970885e-13      -1.608125583143e-12       5.937260052058e-15       3.051658295120e-16       9.571394668166e-17      -3.722076109006e-18 
 2066       2.875449795405e-11       7.384699605975e-13      -1.591253284412e-12       5.931006040159e-15       3.045108167601e-16       9.522332143680e-17      -3.588857702457e-18 
 2067       2.870826210758e-11       7.347080157837e-13      -1.574327389125e-12       5.924741731140e-15       3.038574229348e-16       9.472404443528e-17      -3.454277532032e-18 
 2068       2.866108686977e-11       7.310299985600e-13      -1.557353005673e-12       5.918467044967e-15       3.032056443042e-16       9.421642077225e-17      -3.318424993072e-18 
 2069       2.861298003161e-11       7.274357434501e-13      -1.540335262468e-12       5.912181901280e-15       3.025554770993e-16       9.370075679004e-17      -3.181389836733e-18 
 2070       2.856394942144e-11       7.239250835858e-13      -1.523279307964e-12       5.905886219386e-15       3.019069175138e-16       9.317736007966e-17      -3.043262170426e-18 
 2071       2.851400290498e-11       7.204978507052e-13      -1.506190310682e-12       5.899579918261e-15       3.012599617041e-16       9.264653948233e-17      -2.904132458251e-18 
 2072       2.846314838538e-11       7.171538751507e-13      -1.489073459235e-12       5.893262916552e-15       3.006146057892e-16       9.210860509103e-17      -2.764091521424e-18 
 2073       2.841139380327e-11       7.138929858674e-13      -1.471933962353e-12       5.886935132573e-15       2.999708458507e-16       9.156386825202e-17      -2.623230538717e-18 
 2074       2.835874713682e-11       7.107150104004e-13      -1.454777048906e-12       5.880596484305e-15       2.993286779327e-16       9.101264156638e-17      -2.481641046892e-18 
 2075       2.830521640177e-11       7.076197748933e-13      -1.437607967928e-12       5.874246889398e-15       2.986880980417e-16       9.045523889154e-17      -2.339414941129e-18 
 2076       2.825080965149e-11       7.046071040861e-13      -1.420431988642e-12       5.867886265169e-15       2.980491021469e-16       8.989197534280e-17      -2.196644475464e-18 
 2077       2.819553497700e-11       7.016768213132e-13      -1.403254400486e-12       5.861514528600e-15       2.974116861794e-16       8.932316729490e-17      -2.053422263223e-18 
 2078       2.813940050708e-11       6.988287485012e-13      -1.386080513131e-12       5.855131596340e-15       2.967758460330e-16       8.874913238348e-17      -1.909841277453e-18 
 2079       2.808241440824e-11       6.960627061673e-13      -1.368915656514e-12       5.848737384705e-15       2.961415775634e-16       8.817018950672e-17      -1.765994851358e-18 
 2080       2.802458488484e-11       6.933785134172e-13      -1.351765180856e-12       5.842331809676e-15       2.955088765889e-16       8.758665882677e-17      -1.621976678731e-18 
 2081       2.796592017907e-11       6.907759879426e-13      -1.334634456687e-12       5.835914786896e-15       2.948777388894e-16       8.699886177133e-17      -1.477880814389e-18 
 2082       2.790642857105e-11       6.882549460200e-13      -1.317528874874e-12       5.829486231675e-15       2.942481602073e-16       8.640712103519e-17      -1.333801674605e-18 
 2083       2.784611837887e-11       6.858152025082e-13      -1.300453846640e-12       5.823046058988e-15       2.936201362469e-16       8.581176058174e-17      -1.189834037545e-18 
 2084       2.778499795861e-11       6.834565708464e-13      -1.283414803593e-12       5.816594183472e-15       2.929936626743e-16       8.521310564453e-17      -1.046073043698e-18 
 2085       2.772307570442e-11       6.811788630522e-13      -1.266417197746e-12       5.810130519425e-15       2.923687351177e-16       8.461148272876e-17      -9.026141963095e-19 
 2086       2.766036004852e-11       6.789818897198e-13      -1.249466501545e-12       5.803654980813e-15       2.917453491670e-16       8.400721961286e-17      -7.595533618194e-19 
 2087       2.759685946133e-11       6.768654600176e-13      -1.232568207891e-12       5.797167481259e-15       2.911235003741e-16       8.340064534998e-17      -6.169867702917e-19 
 2088       2.753258245144e-11       6.748293816868e-13      -1.215727830165e-12       5.790667934051e-15       2.905031842523e-16       8.279209026955e-17      -4.750110158497e-19 
 2089       2.746753756568e-11       6.728734610387e-13      -1.198950902252e-12       5.784156252138e-15       2.898843962768e-16       8.218188597883e-17      -3.337230571094e-19 
 2090       2.740173338920e-11       6.709975029534e-13      -1.182242978565e-12       5.777632348128e-15       2.892671318845e-16       8.157036536439e-17      -1.932202176134e-19 
 2091       2.733517854546e-11       6.692013108771e-13      -1.165609634070e-12       5.771096134293e-15       2.886513864737e-16       8.095786259367e-17      -5.360018626424e-20 
 2092       2.726788169634e-11       6.674846868209e-13      -1.149056464311e-12       5.764547522561e-15       2.880371554042e-16       8.034471311652e-17       8.503898224188e-20 
 2093       2.719985154215e-11       6.658474313581e-13      -1.132589085430e-12       5.757986424524e-15       2.874244339974e-16       7.973125366675e-17       2.225988669812e-19 
 2094       2.713109682167e-11       6.642893436226e-13      -1.116213134198e-12       5.751412751429e-15       2.868132175359e-16       7.911782226361e-17       3.589806803688e-19 
 2095       2.706162631223e-11       6.628102213068e-13      -1.099934268034e-12       5.744826414184e-15       2.862035012638e-16       7.850475821335e-17       4.940852677252e-19 
 2096       2.699144882974e-11       6.614098606595e-13      -1.083758165031e-12       5.738227323357e-15       2.855952803864e-16       7.789240211077e-17       6.278131068424e-19 
 2097       2.692057322874e-11       6.600880564843e-13      -1.067690523979e-12       5.731615389171e-15       2.849885500703e-16       7.728109584073e-17       7.600643075503e-19 
 2098       2.684900840244e-11       6.588446021371e-13      -1.051737064392e-12       5.724990521507e-15       2.843833054432e-16       7.667118257970e-17       8.907386112830e-19 
 2099       2.677676328277e-11       6.576792895243e-13      -1.035903526530e-12       5.718352629905e-15       2.837795415940e-16       7.606300679726e-17       1.019735390645e-18 
 2100       2.670384684046e-11       6.565919091010e-13      -1.020195671424e-12       5.711701623560e-15       2.831772535725e-16       7.545691425766e-17       1.146953648979e-18 
 2101       2.663026808502e-11       6.555822498686e-13      -1.004619280900e-12       5.705037411322e-15       2.825764363896e-16       7.485325202138e-17       1.272292019928e-18 
 2102       2.655603606487e-11       6.546500993734e-13      -9.891801576042e-13       5.698359901701e-15       2.819770850172e-16       7.425236844658e-17       1.395648767008e-18 
 2103       2.648115986732e-11       6.537952437041e-13      -9.738841250252e-13       5.691669002858e-15       2.813791943880e-16       7.365461319072e-17       1.516921783169e-18 
 2104       2.640564861865e-11       6.530174674897e-13      -9.587370275201e-13       5.684964622611e-15       2.807827593956e-16       7.306033721203e-17       1.636008590363e-18 
 2105       2.632951148415e-11       6.523165538982e-13      -9.437447303382e-13       5.678246668432e-15       2.801877748944e-16       7.246989277109e-17       1.752806339112e-18 
 2106       2.625275766818e-11       6.516922846339e-13      -9.289131196452e-13       5.671515047447e-15       2.795942356993e-16       7.188363343233e-17       1.867211808071e-18 
 2107       2.617539641420e-11       6.511444399359e-13      -9.142481025473e-13       5.664769666436e-15       2.790021365862e-16       7.130191406556e-17       1.979121403598e-18 
 2108       2.609743700483e-11       6.506727985756e-13      -8.997556071159e-13       5.658010431832e-15       2.784114722914e-16       7.072509084754e-17       2.088431159318e-18 
 2109       2.601888978902e-11       6.502769798298e-13      -8.854408188759e-13       5.651237307711e-15       2.778222379073e-16       7.015345845226e-17       2.195064950252e-18 
 2110       2.593976927128e-11       6.499559682032e-13      -8.713058844320e-13       5.644450490203e-15       2.772344300717e-16       6.958706114227e-17       2.299059350130e-18 
 2111       2.586009104401e-11       6.497085854028e-13      -8.573521919520e-13       5.637650234293e-15       2.766480457869e-16       6.902588036928e-17       2.400479362190e-18 
 2112       2.577987076235e-11       6.495336480577e-13      -8.435811332593e-13       5.630836795936e-15       2.760630820242e-16       6.846989746610e-17       2.499390258423e-18 
 2113       2.569912414431e-11       6.494299677128e-13      -8.299941038362e-13       5.624010432066e-15       2.754795357246e-16       6.791909364648e-17       2.595857579897e-18 
 2114       2.561786697078e-11       6.493963508225e-13      -8.165925028278e-13       5.617171400589e-15       2.748974037983e-16       6.737345000503e-17       2.689947137085e-18 
 2115       2.553611508566e-11       6.494315987446e-13      -8.033777330452e-13       5.610319960389e-15       2.743166831246e-16       6.683294751696e-17       2.781725010190e-18 
 2116       2.545388439591e-11       6.495345077338e-13      -7.903512009699e-13       5.603456371329e-15       2.737373705523e-16       6.629756703798e-17       2.871257549476e-18 
 2117       2.537119087163e-11       6.497038689358e-13      -7.775143167568e-13       5.596580894250e-15       2.731594628991e-16       6.576728930411e-17       2.958611375593e-18 
 2118       2.528805054614e-11       6.499384683805e-13      -7.648684942382e-13       5.589693790974e-15       2.725829569520e-16       6.524209493153e-17       3.043853379903e-18 
 2119       2.520447951603e-11       6.502370869765e-13      -7.524151509273e-13       5.582795324304e-15       2.720078494671e-16       6.472196441644e-17       3.127050724809e-18 
 2120       2.512049394129e-11       6.505985005040e-13      -7.401557080221e-13       5.575885758025e-15       2.714341371694e-16       6.420687813485e-17       3.208270844083e-18 
 2121       2.503611004534e-11       6.510214796093e-13      -7.280915904087e-13       5.568965356907e-15       2.708618167530e-16       6.369681634246e-17       3.287581443191e-18 
 2122       2.495134411510e-11       6.515047897979e-13      -7.162242266654e-13       5.562034386703e-15       2.702908848808e-16       6.319175917448e-17       3.365050499620e-18 
 2123       2.486621250111e-11       6.520471914289e-13      -7.045550490660e-13       5.555093114153e-15       2.697213381849e-16       6.269168664547e-17       3.440746263208e-18 
 2124       2.478073161756e-11       6.526474397081e-13      -6.930854935836e-13       5.548141806985e-15       2.691531732659e-16       6.219657864920e-17       3.514737256469e-18 
 2125       2.469491794241e-11       6.533042846823e-13      -6.818169998942e-13       5.541180733914e-15       2.685863866935e-16       6.170641495844e-17       3.587092274919e-18 
 2126       2.460878801740e-11       6.540164712325e-13      -6.707510113805e-13       5.534210164643e-15       2.680209750059e-16       6.122117522486e-17       3.657880387407e-18 
 2127       2.452235844820e-11       6.547827390683e-13      -6.598889751356e-13       5.527230369868e-15       2.674569347102e-16       6.074083897882e-17       3.727170936439e-18 
 2128       2.443564590443e-11       6.556018227209e-13      -6.492323419662e-13       5.520241621274e-15       2.668942622822e-16       6.026538562925e-17       3.795033538505e-18 
 2129       2.434866711979e-11       6.564724515376e-13      -6.387825663971e-13       5.513244191542e-15       2.663329541662e-16       5.979479446343e-17       3.861538084410e-18 
 2130       2.426143889206e-11       6.573933496749e-13      -6.285411066739e-13       5.506238354345e-15       2.657730067751e-16       5.932904464691e-17       3.926754739596e-18 
 2131       2.417397808323e-11       6.583632360926e-13      -6.185094247674e-13       5.499224384349e-15       2.652144164904e-16       5.886811522326e-17       3.990753944473e-18 
 2132       2.408630161960e-11       6.593808245476e-13      -6.086889863769e-13       5.492202557219e-15       2.646571796620e-16       5.841198511399e-17       4.053606414743e-18 
 2133       2.399842649176e-11       6.604448235872e-13      -5.990812609340e-13       5.485173149616e-15       2.641012926084e-16       5.796063311833e-17       4.115383141732e-18 
 2134       2.391036975477e-11       6.615539365436e-13      -5.896877216063e-13       5.478136439200e-15       2.635467516163e-16       5.751403791309e-17       4.176155392711e-18 
 2135       2.382214852816e-11       6.627068615267e-13      -5.805098453008e-13       5.471092704630e-15       2.629935529409e-16       5.707217805252e-17       4.235994711229e-18 
 2136       2.373377999607e-11       6.639022914189e-13      -5.715491126680e-13       5.464042225564e-15       2.624416928057e-16       5.663503196810e-17       4.294972917436e-18 
 2137       2.364528140726e-11       6.651389138677e-13      -5.628070081049e-13       5.456985282666e-15       2.618911674024e-16       5.620257796843e-17       4.353162108412e-18 
 2138       2.355667007523e-11       6.664154112805e-13      -5.542850197596e-13       5.449922157598e-15       2.613419728908e-16       5.577479423904e-17       4.410634658494e-18 
 2139       2.346796337827e-11       6.677304608177e-13      -5.459846395341e-13       5.442853133030e-15       2.607941053992e-16       5.535165884223e-17       4.467463219602e-18 
 2140       2.337917875957e-11       6.690827343866e-13      -5.379073630883e-13       5.435778492634e-15       2.602475610238e-16       5.493314971691e-17       4.523720721570e-18 
 2141       2.329033372725e-11       6.704708986353e-13      -5.300546898439e-13       5.428698521090e-15       2.597023358289e-16       5.451924467846e-17       4.579480372468e-18 
 2142       2.320144585448e-11       6.718936149461e-13      -5.224281229875e-13       5.421613504086e-15       2.591584258467e-16       5.410992141854e-17       4.634815658932e-18 
 2143       2.311253277951e-11       6.733495394298e-13      -5.150291694748e-13       5.414523728316e-15       2.586158270778e-16       5.370515750493e-17       4.689800346491e-18 
 2144       2.302361220580e-11       6.748373229188e-13      -5.078593400341e-13       5.407429481485e-15       2.580745354903e-16       5.330493038140e-17       4.744508479894e-18 
 2145       2.293470190204e-11       6.763556109613e-13      -5.009201491698e-13       5.400331052311e-15       2.575345470204e-16       5.290921736750e-17       4.799014383436e-18 
 2146       2.284581970226e-11       6.779030438149e-13      -4.942131151661e-13       5.393228730521e-15       2.569958575723e-16       5.251799565847e-17       4.853392661290e-18 
 2147       2.275698350590e-11       6.794782564403e-13      -4.877397600909e-13       5.386122806855e-15       2.564584630176e-16       5.213124232499e-17       4.907718197825e-18 
 2148       2.266821127788e-11       6.810798784952e-13      -4.815016097993e-13       5.379013573070e-15       2.559223591960e-16       5.174893431310e-17       4.962066157943e-18 
 2149       2.257952104867e-11       6.827065343277e-13      -4.755001939372e-13       5.371901321934e-15       2.553875419149e-16       5.137104844397e-17       5.016511987399e-18 
 2150       2.249093091438e-11       6.843568429705e-13      -4.697370459451e-13       5.364786347236e-15       2.548540069491e-16       5.099756141379e-17       5.071131413134e-18 
 2151       2.240245903683e-11       6.860294181345e-13      -4.642137030614e-13       5.357668943779e-15       2.543217500414e-16       5.062844979361e-17       5.126000443596e-18 
 2152       2.231412364362e-11       6.877228682022e-13      -4.589317063269e-13       5.350549407388e-15       2.537907669020e-16       5.026369002912e-17       5.181195369072e-18 
 2153       2.222594302821e-11       6.894357962219e-13      -4.538926005874e-13       5.343428034904e-15       2.532610532084e-16       4.990325844055e-17       5.236792762014e-18 
 2154       2.213793555000e-11       6.911667999012e-13      -4.490979344981e-13       5.336305124191e-15       2.527326046061e-16       4.954713122249e-17       5.292869477364e-18 
 2155       2.205011963439e-11       6.929144716010e-13      -4.445492605272e-13       5.329180974137e-15       2.522054167075e-16       4.919528444373e-17       5.349502652884e-18 
 2156       2.196251377289e-11       6.946773983287e-13      -4.402481349590e-13       5.322055884649e-15       2.516794850928e-16       4.884769404707e-17       5.406769709482e-18 
 2157       2.187513652314e-11       6.964541617325e-13      -4.361961178984e-13       5.314930156662e-15       2.511548053094e-16       4.850433584921e-17       5.464748351539e-18 
 2158       2.178800489157e-11       6.982433973819e-13      -4.323941018594e-13       5.307804085395e-15       2.506313731993e-16       4.816517090915e-17       5.523494130042e-18 
 2159       2.170112946902e-11       7.000439730612e-13      -4.288402925476e-13       5.300677940086e-15       2.501091858837e-16       4.783010152535e-17       5.582972964972e-18 
 2160       2.161451926228e-11       7.018548116728e-13      -4.255322143878e-13       5.293551984123e-15       2.495882407850e-16       4.749901493977e-17       5.643128165830e-18 
 2161       2.152818330855e-11       7.036748320555e-13      -4.224673806813e-13       5.286426481773e-15       2.490685353000e-16       4.717179794162e-17       5.703902827026e-18 
 2162       2.144213067548e-11       7.055029489801e-13      -4.196432935921e-13       5.279301698183e-15       2.485500668000e-16       4.684833686683e-17       5.765239827624e-18 
 2163       2.135637046125e-11       7.073380731440e-13      -4.170574441337e-13       5.272177899380e-15       2.480328326307e-16       4.652851759753e-17       5.827081831095e-18 
 2164       2.127091179453e-11       7.091791111670e-13      -4.147073121550e-13       5.265055352273e-15       2.475168301121e-16       4.621222556147e-17       5.889371285063e-18 
 2165       2.118576383459e-11       7.110249655865e-13      -4.125903663267e-13       5.257934324653e-15       2.470020565385e-16       4.589934573152e-17       5.952050421055e-18 
 2166       2.110093577127e-11       7.128745348526e-13      -4.107040641280e-13       5.250815085196e-15       2.464885091786e-16       4.558976262511e-17       6.015061254252e-18 
 2167       2.101643682506e-11       7.147267133235e-13      -4.090458518327e-13       5.243697903461e-15       2.459761852752e-16       4.528336030371e-17       6.078345583236e-18 
 2168       2.093227624712e-11       7.165803912606e-13      -4.076131644958e-13       5.236583049893e-15       2.454650820453e-16       4.498002237226e-17       6.141844989743e-18 
 2169       2.084846331928e-11       7.184344548241e-13      -4.064034259394e-13       5.229470795823e-15       2.449551966802e-16       4.467963197870e-17       6.205500838406e-18 
 2170       2.076500735413e-11       7.202877860680e-13      -4.054140487397e-13       5.222361413470e-15       2.444465263452e-16       4.438207181332e-17       6.269254276512e-18 
 2171       2.068191769501e-11       7.221392629353e-13      -4.046424342130e-13       5.215255175941e-15       2.439390681798e-16       4.408722410835e-17       6.333046233743e-18 
 2172       2.059920371609e-11       7.239877592538e-13      -4.040859724020e-13       5.208152357231e-15       2.434328192974e-16       4.379497063732e-17       6.396817421934e-18 
 2173       2.051687482235e-11       7.258321447305e-13      -4.037420420624e-13       5.201053232228e-15       2.429277767856e-16       4.350519271458e-17       6.460508334815e-18 
 2174       2.043494044964e-11       7.276712849479e-13      -4.036080106491e-13       5.193958076708e-15       2.424239377058e-16       4.321777119474e-17       6.524059247764e-18 
 2175       2.035341006471e-11       7.295040413582e-13      -4.036812343028e-13       5.186867167342e-15       2.419212990935e-16       4.293258647213e-17       6.587410217556e-18 
 2176       2.027229316527e-11       7.313292712796e-13      -4.039590578360e-13       5.179780781692e-15       2.414198579580e-16       4.264951848027e-17       6.650501082109e-18 
 2177       2.019159927997e-11       7.331458278908e-13      -4.044388147198e-13       5.172699198215e-15       2.409196112826e-16       4.236844669134e-17       6.713271460241e-18 
 2178       2.011133796848e-11       7.349525602266e-13      -4.051178270698e-13       5.165622696262e-15       2.404205560242e-16       4.208925011561e-17       6.775660751409e-18 
 2179       2.003151882152e-11       7.367483131731e-13      -4.059934056329e-13       5.158551556083e-15       2.399226891138e-16       4.181180730095e-17       6.837608135468e-18 
 2180       1.995215146085e-11       7.385319274632e-13      -4.070628497734e-13       5.151486058820e-15       2.394260074558e-16       4.153599633225e-17       6.899052572413e-18 
 2181       1.987324553937e-11       7.403022396715e-13      -4.083234474596e-13       5.144426486517e-15       2.389305079286e-16       4.126169483090e-17       6.959932802132e-18 
 2182       1.979481074110e-11       7.420580822097e-13      -4.097724752498e-13       5.137373122115e-15       2.384361873843e-16       4.098877995425e-17       7.020187344155e-18 
 2183       1.971685678124e-11       7.437982833220e-13      -4.114071982792e-13       5.130326249455e-15       2.379430426484e-16       4.071712839507e-17       7.079754497401e-18 
 2184       1.963939340620e-11       7.455216670804e-13      -4.132248702457e-13       5.123286153279e-15       2.374510705201e-16       4.044661638102e-17       7.138572339932e-18 
 2185       1.956243039361e-11       7.472270533797e-13      -4.152227333966e-13       5.116253119230e-15       2.369602677725e-16       4.017711967410e-17       7.196578728697e-18 
 2186       1.948597755241e-11       7.489132579330e-13      -4.173980185151e-13       5.109227433855e-15       2.364706311516e-16       3.990851357011e-17       7.253711299284e-18 
 2187       1.941004472283e-11       7.505790922670e-13      -4.197479449062e-13       5.102209384604e-15       2.359821573776e-16       3.964067289814e-17       7.309907465669e-18 
 2188       1.933464177643e-11       7.522233637169e-13      -4.222697203835e-13       5.095199259831e-15       2.354948431435e-16       3.937347202000e-17       7.365104419965e-18 
 2189       1.925977861619e-11       7.538448754223e-13      -4.249605412554e-13       5.088197348795e-15       2.350086851163e-16       3.910678482968e-17       7.419239132172e-18 
 2190       1.918546517645e-11       7.554424263219e-13      -4.278175923115e-13       5.081203941663e-15       2.345236799360e-16       3.884048475285e-17       7.472248349926e-18 
 2191       1.911171142302e-11       7.570148111490e-13      -4.308380468090e-13       5.074219329510e-15       2.340398242161e-16       3.857444474629e-17       7.524068598247e-18 
 2192       1.903852735320e-11       7.585608204270e-13      -4.340190664590e-13       5.067243804316e-15       2.335571145433e-16       3.830853729735e-17       7.574636179288e-18 
 2193       1.896592299577e-11       7.600792404642e-13      -4.373578014128e-13       5.060277658975e-15       2.330755474778e-16       3.804263442343e-17       7.623887172090e-18 
 2194       1.889390841109e-11       7.615688533495e-13      -4.408513902484e-13       5.053321187287e-15       2.325951195529e-16       3.777660767143e-17       7.671757432323e-18 
 2195       1.882249369108e-11       7.630284369472e-13      -4.444969599571e-13       5.046374683965e-15       2.321158272750e-16       3.751032811721e-17       7.718182592039e-18 
 2196       1.875168895928e-11       7.644567648929e-13      -4.482916259292e-13       5.039438444636e-15       2.316376671238e-16       3.724366636508e-17       7.763098059425e-18 
 2197       1.868150437088e-11       7.658526065882e-13      -4.522324919410e-13       5.032512765837e-15       2.311606355521e-16       3.697649254721e-17       7.806439018545e-18 
 2198       1.861195011275e-11       7.672147271964e-13      -4.563166501410e-13       5.025597945022e-15       2.306847289858e-16       3.670867632313e-17       7.848140429095e-18 
 2199       1.854303640346e-11       7.685418876374e-13      -4.605411810362e-13       5.018694280558e-15       2.302099438238e-16       3.644008687921e-17       7.888137026150e-18 
 2200       1.847477349337e-11       7.698328445832e-13      -4.649031534783e-13       5.011802071729e-15       2.297362764382e-16       3.617059292806e-17       7.926363319913e-18 
 2201       1.840717166458e-11       7.710863504531e-13      -4.693996246505e-13       5.004921618736e-15       2.292637231737e-16       3.590006270804e-17       7.962753595465e-18 
 2202       1.834024123102e-11       7.723011534092e-13      -4.740276400534e-13       4.998053222697e-15       2.287922803483e-16       3.562836398271e-17       7.997241912515e-18 
 2203       1.827399253850e-11       7.734759973512e-13      -4.787842334919e-13       4.991197185650e-15       2.283219442527e-16       3.535536404030e-17       8.029762105148e-18 
 2204       1.820843596467e-11       7.746096219121e-13      -4.836664270610e-13       4.984353810554e-15       2.278527111506e-16       3.508092969315e-17       8.060247781574e-18 
 2205       1.814358191913e-11       7.757007624532e-13      -4.886712311325e-13       4.977523401285e-15       2.273845772785e-16       3.480492727718e-17       8.088632323878e-18 
 2206       1.807944084342e-11       7.767481500596e-13      -4.937956443414e-13       4.970706262645e-15       2.269175388457e-16       3.452722265139e-17       8.114848887771e-18 
 2207       1.801602113848e-11       7.777507017148e-13      -4.990365986176e-13       4.963902663646e-15       2.264515923065e-16       3.424771241753e-17       8.138848713506e-18 
 2208       1.795332293188e-11       7.787080922135e-13      -5.043907939097e-13       4.957112727114e-15       2.259867351803e-16       3.396641780672e-17       8.160656191889e-18 
 2209       1.789134426932e-11       7.796201860328e-13      -5.098548623382e-13       4.950336539355e-15       2.255229652367e-16       3.368339141460e-17       8.180314163034e-18 
 2210       1.783008318342e-11       7.804868474978e-13      -5.154254230348e-13       4.943574186804e-15       2.250602802242e-16       3.339868603775e-17       8.197865638556e-18 
 2211       1.776953769373e-11       7.813079407806e-13      -5.210990821277e-13       4.936825756020e-15       2.245986778696e-16       3.311235467397e-17       8.213353801772e-18 
 2212       1.770970580672e-11       7.820833299011e-13      -5.268724327267e-13       4.930091333688e-15       2.241381558784e-16       3.282445052251e-17       8.226822007903e-18 
 2213       1.765058551573e-11       7.828128787265e-13      -5.327420549080e-13       4.923371006619e-15       2.236787119344e-16       3.253502698430e-17       8.238313784271e-18 
 2214       1.759217480098e-11       7.834964509713e-13      -5.387045156997e-13       4.916664861752e-15       2.232203437001e-16       3.224413766215e-17       8.247872830501e-18 
 2215       1.753447162954e-11       7.841339101974e-13      -5.447563690660e-13       4.909972986150e-15       2.227630488162e-16       3.195183636103e-17       8.255543018722e-18 
 2216       1.747747395534e-11       7.847251198140e-13      -5.508941558930e-13       4.903295467003e-15       2.223068249019e-16       3.165817708825e-17       8.261368393764e-18 
 2217       1.742117971909e-11       7.852699430774e-13      -5.571144039735e-13       4.896632391628e-15       2.218516695548e-16       3.136321405374e-17       8.265393173364e-18 
 2218       1.736558684833e-11       7.857682430913e-13      -5.634136279915e-13       4.889983847467e-15       2.213975803508e-16       3.106700167025e-17       8.267661748359e-18 
 2219       1.731069325738e-11       7.862198828063e-13      -5.697883295080e-13       4.883349922090e-15       2.209445548441e-16       3.076959455357e-17       8.268218682892e-18 
 2220       1.725649684733e-11       7.866247250202e-13      -5.762349969455e-13       4.876730703191e-15       2.204925905672e-16       3.047104752281e-17       8.267108714610e-18 
 2221       1.720299550601e-11       7.869826323780e-13      -5.827501055733e-13       4.870126278594e-15       2.200416850308e-16       3.017141560057e-17       8.264376754862e-18 
 2222       1.715018710801e-11       7.872934673715e-13      -5.893301174922e-13       4.863536736247e-15       2.195918357238e-16       2.987075401321e-17       8.260067888905e-18 
 2223       1.709806951460e-11       7.875570923395e-13      -5.959714816199e-13       4.856962164225e-15       2.191430401135e-16       2.956911819109e-17       8.254227376097e-18 
 2224       1.704664057379e-11       7.877733694679e-13      -6.026706336757e-13       4.850402650730e-15       2.186952956450e-16       2.926656376875e-17       8.246900650103e-18 
 2225       1.699589812024e-11       7.879421607892e-13      -6.094239961656e-13       4.843858284091e-15       2.182485997418e-16       2.896314658519e-17       8.238133319092e-18 
 2226       1.694583997529e-11       7.880633281830e-13      -6.162279783675e-13       4.837329152763e-15       2.178029498053e-16       2.865892268408e-17       8.227971165940e-18 
 2227       1.689646394693e-11       7.881367333754e-13      -6.230789763159e-13       4.830815345329e-15       2.173583432153e-16       2.835394831400e-17       8.216460148427e-18 
 2228       1.684776782978e-11       7.881622379396e-13      -6.299733727873e-13       4.824316950498e-15       2.169147773291e-16       2.804827992866e-17       8.203646399437e-18 
 2229       1.679974940506e-11       7.881397032952e-13      -6.369075372849e-13       4.817834057107e-15       2.164722494826e-16       2.774197418714e-17       8.189576227163e-18 
 2230       1.675240644062e-11       7.880689907085e-13      -6.438778260236e-13       4.811366754117e-15       2.160307569891e-16       2.743508795410e-17       8.174296115303e-18 
 2231       1.670573669085e-11       7.879499612926e-13      -6.508805819152e-13       4.804915130620e-15       2.155902971404e-16       2.712767830004e-17       8.157852723259e-18 
 2232       1.665973789672e-11       7.877824760070e-13      -6.579121345536e-13       4.798479275833e-15       2.151508672056e-16       2.681980250152e-17       8.140292886344e-18 
 2233       1.661440778576e-11       7.875663956578e-13      -6.649688001992e-13       4.792059279099e-15       2.147124644323e-16       2.651151804139e-17       8.121663615972e-18 
 2234       1.656974407201e-11       7.873015808974e-13      -6.720468817646e-13       4.785655229892e-15       2.142750860455e-16       2.620288260901e-17       8.102012099869e-18 
 2235       1.652574445602e-11       7.869878922248e-13      -6.791426687990e-13       4.779267217810e-15       2.138387292483e-16       2.589395410050e-17       8.081385702265e-18 
 2236       1.648240662485e-11       7.866251899855e-13      -6.862524374739e-13       4.772895332578e-15       2.134033912214e-16       2.558479061896e-17       8.059831964098e-18 
 2237       1.643972825202e-11       7.862133343711e-13      -6.933724505673e-13       4.766539664051e-15       2.129690691232e-16       2.527545047469e-17       8.037398603214e-18 
 2238       1.639770699751e-11       7.857521854196e-13      -7.004989574495e-13       4.760200302209e-15       2.125357600902e-16       2.496599218544e-17       8.014133514565e-18 
 2239       1.635634050776e-11       7.852416030153e-13      -7.076281940677e-13       4.753877337162e-15       2.121034612363e-16       2.465647447665e-17       7.990084770413e-18 
 2240       1.631562641561e-11       7.846814468886e-13      -7.147563829309e-13       4.747570859144e-15       2.116721696530e-16       2.434695628164e-17       7.965300620526e-18 
 2241       1.627556234033e-11       7.840715766161e-13      -7.218797330954e-13       4.741280958520e-15       2.112418824096e-16       2.403749674188e-17       7.939829492383e-18 
 2242       1.623614588758e-11       7.834118516208e-13      -7.289944401493e-13       4.735007725781e-15       2.108125965531e-16       2.372815520719e-17       7.913719991368e-18 
 2243       1.619737464937e-11       7.827021311712e-13      -7.360966861979e-13       4.728751251546e-15       2.103843091079e-16       2.341899123601e-17       7.887020900977e-18 
 2244       1.615924620409e-11       7.819422743825e-13      -7.431826398482e-13       4.722511626561e-15       2.099570170759e-16       2.311006459559e-17       7.859781183011e-18 
 2245       1.612175811647e-11       7.811321402153e-13      -7.502484561949e-13       4.716288941700e-15       2.095307174367e-16       2.280143526225e-17       7.832049977785e-18 
 2246       1.608490793755e-11       7.802715874765e-13      -7.572902768041e-13       4.710083287967e-15       2.091054071473e-16       2.249316342158e-17       7.803876604318e-18 
 2247       1.604869320467e-11       7.793604748188e-13      -7.643042296995e-13       4.703894756490e-15       2.086810831421e-16       2.218530946871e-17       7.775310560543e-18 
 2248       1.601311144147e-11       7.783986607407e-13      -7.712864293468e-13       4.697723438529e-15       2.082577423330e-16       2.187793400852e-17       7.746401523499e-18 
 2249       1.597816015787e-11       7.773860035867e-13      -7.782329766386e-13       4.691569425469e-15       2.078353816094e-16       2.157109785585e-17       7.717199349538e-18 
 2250       1.594383685003e-11       7.763223615469e-13      -7.851399588800e-13       4.685432808825e-15       2.074139978378e-16       2.126486203577e-17       7.687754074519e-18 
 2251       1.591013900034e-11       7.752075926571e-13      -7.920034497731e-13       4.679313680238e-15       2.069935878622e-16       2.095928778380e-17       7.658115914015e-18 
 2252       1.587706407741e-11       7.740415547988e-13      -7.988195094022e-13       4.673212131479e-15       2.065741485039e-16       2.065443654612e-17       7.628335263505e-18 
 2253       1.584460953608e-11       7.728241056993e-13      -8.055841842187e-13       4.667128254447e-15       2.061556765615e-16       2.035036997982e-17       7.598462698583e-18 
 2254       1.581277281734e-11       7.715551029313e-13      -8.122935070265e-13       4.661062141169e-15       2.057381688107e-16       2.004714995311e-17       7.568548975150e-18 
 2255       1.578155134838e-11       7.702344039131e-13      -8.189434969666e-13       4.655013883799e-15       2.053216220045e-16       1.974483854560e-17       7.538645029622e-18 
 2256       1.575094146590e-11       7.688619977590e-13      -8.255305748240e-13       4.648983542129e-15       2.049060331018e-16       1.944350264527e-17       7.508792012513e-18 
 2257       1.572093517874e-11       7.674384017657e-13      -8.320528119246e-13       4.642971045873e-15       2.044913999546e-16       1.914322777176e-17       7.478991318132e-18 
 2258       1.569152338424e-11       7.659642674991e-13      -8.385086893132e-13       4.636976291748e-15       2.040777206250e-16       1.884410434329e-17       7.449234360796e-18 
 2259       1.566269694290e-11       7.644402491796e-13      -8.448966831622e-13       4.630999175907e-15       2.036649931571e-16       1.854622308830e-17       7.419512523754e-18 
 2260       1.563444667833e-11       7.628670036862e-13      -8.512152647663e-13       4.625039593938e-15       2.032532155771e-16       1.824967504582e-17       7.389817159145e-18 
 2261       1.560676337720e-11       7.612451905587e-13      -8.574629005377e-13       4.619097440862e-15       2.028423858930e-16       1.795455156584e-17       7.360139587966e-18 
 2262       1.557963778924e-11       7.595754720015e-13      -8.636380520006e-13       4.613172611138e-15       2.024325020945e-16       1.766094430955e-17       7.330471100041e-18 
 2263       1.555306062713e-11       7.578585128859e-13      -8.697391757859e-13       4.607264998654e-15       2.020235621536e-16       1.736894524980e-17       7.300802953977e-18 
 2264       1.552702256653e-11       7.560949807540e-13      -8.757647236264e-13       4.601374496733e-15       2.016155640237e-16       1.707864667134e-17       7.271126377141e-18 
 2265       1.550151424598e-11       7.542855458208e-13      -8.817131423511e-13       4.595500998131e-15       2.012085056402e-16       1.679014117123e-17       7.241432565615e-18 
 2266       1.547652626688e-11       7.524308809784e-13      -8.875828738806e-13       4.589644395031e-15       2.008023849204e-16       1.650352165913e-17       7.211712684169e-18 
 2267       1.545204919346e-11       7.505316617979e-13      -8.933723552214e-13       4.583804579050e-15       2.003971997632e-16       1.621888135766e-17       7.181957866220e-18 
 2268       1.542807355272e-11       7.485885665334e-13      -8.990800184608e-13       4.577981441233e-15       1.999929480492e-16       1.593631380275e-17       7.152159213803e-18 
 2269       1.540458983438e-11       7.466022761244e-13      -9.047042907621e-13       4.572174872056e-15       1.995896276408e-16       1.565591284395e-17       7.122307797533e-18 
 2270       1.538158849086e-11       7.445734741993e-13      -9.102435943587e-13       4.566384761420e-15       1.991872363822e-16       1.537777264480e-17       7.092394656569e-18 
 2271       1.535905993723e-11       7.425028470784e-13      -9.156963465497e-13       4.560610998656e-15       1.987857720991e-16       1.510198768315e-17       7.062410798583e-18 
 2272       1.533699455116e-11       7.403910837766e-13      -9.210609596939e-13       4.554853472521e-15       1.983852325989e-16       1.482865275151e-17       7.032347199725e-18 
 2273       1.531538267287e-11       7.382388760068e-13      -9.263358412054e-13       4.549112071199e-15       1.979856156704e-16       1.455786295736e-17       7.002194804584e-18 
 2274       1.529421460512e-11       7.360469181832e-13      -9.315193935478e-13       4.543386682299e-15       1.975869190845e-16       1.428971372355e-17       6.971944526159e-18 
 2275       1.527348061313e-11       7.338159074236e-13      -9.366100142293e-13       4.537677192853e-15       1.971891405931e-16       1.402430078856e-17       6.941587245819e-18 
 2276       1.525317092457e-11       7.315465435532e-13      -9.416060957974e-13       4.531983489320e-15       1.967922779300e-16       1.376172020691e-17       6.911113813273e-18 
 2277       1.523327572948e-11       7.292395291073e-13      -9.465060258336e-13       4.526305457580e-15       1.963963288103e-16       1.350206834946e-17       6.880515046531e-18 
 2278       1.521378518028e-11       7.268955693345e-13      -9.513081869486e-13       4.520642982937e-15       1.960012909308e-16       1.324544190376e-17       6.849781731875e-18 
 2279       1.519468939166e-11       7.245153721996e-13      -9.560109567766e-13       4.514995950115e-15       1.956071619696e-16       1.299193787439e-17       6.818904623817e-18 
 2280       1.517597844060e-11       7.220996483869e-13      -9.606127079706e-13       4.509364243261e-15       1.952139395862e-16       1.274165358329e-17       6.787874445071e-18 
 2281       1.515764236630e-11       7.196491113030e-13      -9.651118081967e-13       4.503747745942e-15       1.948216214217e-16       1.249468667012e-17       6.756681886513e-18 
 2282       1.513967117012e-11       7.171644770801e-13      -9.695066201292e-13       4.498146341144e-15       1.944302050984e-16       1.225113509256e-17       6.725317607151e-18 
 2283       1.512205481557e-11       7.146464645790e-13      -9.737955014455e-13       4.492559911273e-15       1.940396882202e-16       1.201109712671e-17       6.693772234087e-18 
 2284       1.510478322827e-11       7.120957953919e-13      -9.779768048206e-13       4.486988338153e-15       1.936500683720e-16       1.177467136736e-17       6.662036362483e-18 
 2285       1.508784629586e-11       7.095131938459e-13      -9.820488779223e-13       4.481431503025e-15       1.932613431203e-16       1.154195672837e-17       6.630100555528e-18 
 2286       1.507123386800e-11       7.068993870058e-13      -9.860100634054e-13       4.475889286547e-15       1.928735100127e-16       1.131305244303e-17       6.597955344401e-18 
 2287       1.505493575633e-11       7.042551046772e-13      -9.898586989073e-13       4.470361568793e-15       1.924865665782e-16       1.108805806434e-17       6.565591228238e-18 
 2288       1.503894173439e-11       7.015810794095e-13      -9.935931170422e-13       4.464848229255e-15       1.921005103270e-16       1.086707346539e-17       6.532998674096e-18 
 2289       1.502324153763e-11       6.988780464991e-13      -9.972116453958e-13       4.459349146835e-15       1.917153387505e-16       1.065019883968e-17       6.500168116919e-18 
 2290       1.500782486331e-11       6.961467439925e-13      -1.000712606521e-12       4.453864199853e-15       1.913310493212e-16       1.043753470149e-17       6.467089959505e-18 
 2291       1.499268137050e-11       6.933879126890e-13      -1.004094317932e-12       4.448393266041e-15       1.909476394930e-16       1.022918188618e-17       6.433754572466e-18 
 2292       1.497780068003e-11       6.906022961443e-13      -1.007355092098e-12       4.442936222543e-15       1.905651067006e-16       1.002524155055e-17       6.400152294201e-18 
 2293       1.496317237443e-11       6.877906406732e-13      -1.010493236440e-12       4.437492945915e-15       1.901834483601e-16       9.825815173173e-18       6.366273430855e-18 
 2294       1.494878599789e-11       6.849536953527e-13      -1.013507053327e-12       4.432063312126e-15       1.898026618685e-16       9.631004554749e-18       6.332108256287e-18 
 2295       1.493463105626e-11       6.820922120252e-13      -1.016394840065e-12       4.426647196552e-15       1.894227446040e-16       9.440911818420e-18       6.297647012033e-18 
 2296       1.492069701694e-11       6.792069453013e-13      -1.019154888897e-12       4.421244473983e-15       1.890436939259e-16       9.255639410126e-18       6.262879907278e-18 
 2297       1.490697330888e-11       6.762986525632e-13      -1.021785486997e-12       4.415855018614e-15       1.886655071742e-16       9.075290098937e-18       6.227797118812e-18 
 2298       1.489344932253e-11       6.733680939676e-13      -1.024284916463e-12       4.410478704052e-15       1.882881816701e-16       8.899966977396e-18       6.192388791001e-18 
 2299       1.488011440980e-11       6.704160324487e-13      -1.026651454312e-12       4.405115403307e-15       1.879117147159e-16       8.729773461855e-18       6.156645035751e-18 
 2300       1.486695788401e-11       6.674432337215e-13      -1.028883372479e-12       4.399764988801e-15       1.875361035945e-16       8.564813292818e-18       6.120555932476e-18 
 2301       1.485396901985e-11       6.644504662844e-13      -1.030978937804e-12       4.394427332359e-15       1.871613455701e-16       8.405190535274e-18       6.084111528057e-18 
 2302       1.484113705333e-11       6.614385014228e-13      -1.032936412035e-12       4.389102305212e-15       1.867874378873e-16       8.251009579044e-18       6.047301836813e-18 
 2303       1.482845118177e-11       6.584081132117e-13      -1.034754051817e-12       4.383789777996e-15       1.864143777721e-16       8.102375139113e-18       6.010116840464e-18 
 2304       1.481590056371e-11       6.553600785193e-13      -1.036430108689e-12       4.378489620752e-15       1.860421624310e-16       7.959392255974e-18       5.972546488098e-18 
 2305       1.480347500994e-11       6.522951731925e-13      -1.037963291579e-12       4.373201691568e-15       1.856707892430e-16       7.822144170642e-18       5.934581319492e-18 
 2306       1.479116706142e-11       6.492141605828e-13      -1.039354157509e-12       4.367925802445e-15       1.853002563354e-16       7.690625795456e-18       5.896214339484e-18 
 2307       1.477896992447e-11       6.461178029540e-13      -1.040603729711e-12       4.362661753211e-15       1.849305620119e-16       7.564809821381e-18       5.857439155443e-18 
 2308       1.476687678089e-11       6.430068652953e-13      -1.041713035939e-12       4.357409342863e-15       1.845617045607e-16       7.444668804803e-18       5.818249354962e-18 
 2309       1.475488078794e-11       6.398821153246e-13      -1.042683108468e-12       4.352168369557e-15       1.841936822545e-16       7.330175167367e-18       5.778638505846e-18 
 2310       1.474297507831e-11       6.367443234910e-13      -1.043514984104e-12       4.346938630615e-15       1.838264933512e-16       7.221301195815e-18       5.738600156084e-18 
 2311       1.473115276010e-11       6.335942629783e-13      -1.044209704187e-12       4.341719922518e-15       1.834601360928e-16       7.118019041826e-18       5.698127833834e-18 
 2312       1.471940691679e-11       6.304327097076e-13      -1.044768314598e-12       4.336512040909e-15       1.830946087065e-16       7.020300721860e-18       5.657215047400e-18 
 2313       1.470773060719e-11       6.272604423405e-13      -1.045191865761e-12       4.331314780591e-15       1.827299094037e-16       6.928118116992e-18       5.615855285211e-18 
 2314       1.469611686546e-11       6.240782422819e-13      -1.045481412654e-12       4.326127935524e-15       1.823660363807e-16       6.841442972753e-18       5.574042015802e-18 
 2315       1.468455870105e-11       6.208868936831e-13      -1.045638014806e-12       4.320951298826e-15       1.820029878182e-16       6.760246898972e-18       5.531768687792e-18 
 2316       1.467304909866e-11       6.176871834447e-13      -1.045662736311e-12       4.315784662772e-15       1.816407618814e-16       6.684501369614e-18       5.489028729862e-18 
 2317       1.466158101827e-11       6.144799012198e-13      -1.045556645827e-12       4.310627818793e-15       1.812793567204e-16       6.614177722618e-18       5.445815550739e-18 
 2318       1.465014739504e-11       6.112658394166e-13      -1.045320816584e-12       4.305480557475e-15       1.809187704695e-16       6.549247159740e-18       5.402122539172e-18 
 2319       1.463874113935e-11       6.080457932016e-13      -1.044956326389e-12       4.300342668556e-15       1.805590012477e-16       6.489680746391e-18       5.357943063910e-18 
 2320       1.462735513671e-11       6.048205605025e-13      -1.044464257629e-12       4.295213940929e-15       1.802000471582e-16       6.435449411475e-18       5.313270473685e-18 
 2321       1.461598224779e-11       6.015909420115e-13      -1.043845697282e-12       4.290094162636e-15       1.798419062891e-16       6.386523947232e-18       5.268098097189e-18 
 2322       1.460461530836e-11       5.983577411877e-13      -1.043101736913e-12       4.284983120874e-15       1.794845767125e-16       6.342875009073e-18       5.222419243056e-18 
 2323       1.459324712927e-11       5.951217642605e-13      -1.042233472690e-12       4.279880601985e-15       1.791280564853e-16       6.304473115427e-18       5.176227199836e-18 
 2324       1.458187049643e-11       5.918838202325e-13      -1.041242005380e-12       4.274786391463e-15       1.787723436485e-16       6.271288647570e-18       5.129515235982e-18 
 2325       1.457047817077e-11       5.886447208823e-13      -1.040128440361e-12       4.269700273950e-15       1.784174362277e-16       6.243291849476e-18       5.082276599821e-18 
 2326       1.455906288822e-11       5.854052807677e-13      -1.038893887621e-12       4.264622033233e-15       1.780633322327e-16       6.220452827649e-18       5.034504519541e-18 
 2327       1.454761735970e-11       5.821663172286e-13      -1.037539461770e-12       4.259551452248e-15       1.777100296577e-16       6.202741550964e-18       4.986192203167e-18 
 2328       1.453613427107e-11       5.789286503900e-13      -1.036066282040e-12       4.254488313072e-15       1.773575264813e-16       6.190127850509e-18       4.937332838537e-18 
 2329       1.452460628308e-11       5.756931031647e-13      -1.034475472293e-12       4.249432396929e-15       1.770058206664e-16       6.182581419422e-18       4.887919593289e-18 
 2330       1.451302603142e-11       5.724605012568e-13      -1.032768161023e-12       4.244383484186e-15       1.766549101599e-16       6.180071812733e-18       4.837945614833e-18 
 2331       1.450138612662e-11       5.692316731644e-13      -1.030945481368e-12       4.239341354351e-15       1.763047928934e-16       6.182568447201e-18       4.787404030337e-18 
 2332       1.448967915404e-11       5.660074501823e-13      -1.029008571106e-12       4.234305786074e-15       1.759554667823e-16       6.190040601156e-18       4.736287946699e-18 
 2333       1.447789767388e-11       5.627886664054e-13      -1.026958572669e-12       4.229276557143e-15       1.756069297266e-16       6.202457414337e-18       4.684590450534e-18 
 2334       1.446603422110e-11       5.595761587317e-13      -1.024796633142e-12       4.224253444489e-15       1.752591796102e-16       6.219787887733e-18       4.632304608148e-18 
 2335       1.445408130544e-11       5.563707668647e-13      -1.022523904271e-12       4.219236224178e-15       1.749122143013e-16       6.242000883420e-18       4.579423465519e-18 
 2336       1.444203141134e-11       5.531733333172e-13      -1.020141542469e-12       4.214224671415e-15       1.745660316523e-16       6.269065124404e-18       4.525940048276e-18 
 2337       1.442987699799e-11       5.499847034136e-13      -1.017650708818e-12       4.209218560540e-15       1.742206294996e-16       6.300949194459e-18       4.471847361682e-18 
 2338       1.441761049920e-11       5.468057252932e-13      -1.015052569078e-12       4.204217665030e-15       1.738760056639e-16       6.337621537967e-18       4.417138390606e-18 
 2339       1.440522432349e-11       5.436372499131e-13      -1.012348293691e-12       4.199221757495e-15       1.735321579498e-16       6.379050459756e-18       4.361806099511e-18 
 2340       1.439271085396e-11       5.404801310511e-13      -1.009539057783e-12       4.194230609679e-15       1.731890841461e-16       6.425204124941e-18       4.305843432426e-18 
 2341       1.438006244833e-11       5.373352253090e-13      -1.006626041175e-12       4.189243992458e-15       1.728467820256e-16       6.476050558766e-18       4.249243312929e-18 
 2342       1.436727143887e-11       5.342033921152e-13      -1.003610428385e-12       4.184261675840e-15       1.725052493451e-16       6.531557646438e-18       4.191998644128e-18 
 2343       1.435433013242e-11       5.310854937276e-13      -1.000493408631e-12       4.179283428962e-15       1.721644838455e-16       6.591693132971e-18       4.134102308635e-18 
 2344       1.434123081031e-11       5.279823952372e-13      -9.972761758422e-13       4.174309020094e-15       1.718244832515e-16       6.656424623026e-18       4.075547168552e-18 
 2345       1.432796572837e-11       5.248949645704e-13      -9.939599286581e-13       4.169338216630e-15       1.714852452721e-16       6.725719580746e-18       4.016326065444e-18 
 2346       1.431452711689e-11       5.218240724923e-13      -9.905458704381e-13       4.164370785095e-15       1.711467676000e-16       6.799545329601e-18       3.956431820324e-18 
 2347       1.430090718060e-11       5.187705926097e-13      -9.870352092644e-13       4.159406491139e-15       1.708090479117e-16       6.877869052224e-18       3.895857233628e-18 
 2348       1.428709809863e-11       5.157354013738e-13      -9.834291579483e-13       4.154445099538e-15       1.704720838681e-16       6.960657790253e-18       3.834595085197e-18 
 2349       1.427309202449e-11       5.127193780836e-13      -9.797289340351e-13       4.149486374193e-15       1.701358731133e-16       7.047878444169e-18       3.772638134256e-18 
 2350       1.425888108607e-11       5.097234048886e-13      -9.759357598093e-13       4.144530078129e-15       1.698004132760e-16       7.139497773136e-18       3.709979119392e-18 
 2351       1.424445738554e-11       5.067483667918e-13      -9.720508622998e-13       4.139575973492e-15       1.694657019681e-16       7.235482394840e-18       3.646610758535e-18 
 2352       1.422981299942e-11       5.037951516526e-13      -9.680754732854e-13       4.134623821552e-15       1.691317367857e-16       7.335798785331e-18       3.582525748936e-18 
 2353       1.421493997847e-11       5.008646501900e-13      -9.640108293001e-13       4.129673382697e-15       1.687985153086e-16       7.440413278860e-18       3.517716767149e-18 
 2354       1.419983162383e-11       4.979576493021e-13      -9.598583065702e-13       4.124724448392e-15       1.684660352677e-16       7.549273736957e-18       3.452183434864e-18 
 2355       1.418448632411e-11       4.950745112938e-13      -9.556198267352e-13       4.119776937249e-15       1.681342950479e-16       7.662254431390e-18       3.385953263811e-18 
 2356       1.416890374208e-11       4.922154926597e-13      -9.512974536611e-13       4.114830799549e-15       1.678032931881e-16       7.779210818074e-18       3.319060841084e-18 
 2357       1.415308354075e-11       4.893808505874e-13      -9.468932587452e-13       4.109885985343e-15       1.674730282146e-16       7.899997836152e-18       3.251540875249e-18 
 2358       1.413702538334e-11       4.865708429579e-13      -9.424093209246e-13       4.104942444451e-15       1.671434986407e-16       8.024469907433e-18       3.183428196472e-18 
 2359       1.412072893334e-11       4.837857283462e-13      -9.378477266843e-13       4.100000126462e-15       1.668147029666e-16       8.152480935839e-18       3.114757756647e-18 
 2360       1.410419385441e-11       4.810257660223e-13      -9.332105700652e-13       4.095058980734e-15       1.664866396800e-16       8.283884306845e-18       3.045564629529e-18 
 2361       1.408741981047e-11       4.782912159516e-13      -9.284999526722e-13       4.090118956393e-15       1.661593072553e-16       8.418532886925e-18       2.975884010862e-18 
 2362       1.407040646568e-11       4.755823387955e-13      -9.237179836826e-13       4.085180002332e-15       1.658327041542e-16       8.556279022989e-18       2.905751218512e-18 
 2363       1.405315348441e-11       4.728993959125e-13      -9.188667798543e-13       4.080242067214e-15       1.655068288252e-16       8.696974541833e-18       2.835201692594e-18 
 2364       1.403566053127e-11       4.702426493583e-13      -9.139484655336e-13       4.075305099467e-15       1.651816797040e-16       8.840470749576e-18       2.764270995604e-18 
 2365       1.401792727109e-11       4.676123618867e-13      -9.089651726638e-13       4.070369047288e-15       1.648572552133e-16       8.986618431108e-18       2.692994812548e-18 
 2366       1.399995336895e-11       4.650087969506e-13      -9.039190407931e-13       4.065433858641e-15       1.645335537626e-16       9.135267849527e-18       2.621408951076e-18 
 2367       1.398173849014e-11       4.624322187021e-13      -8.988122170828e-13       4.060499481256e-15       1.642105737487e-16       9.286268745586e-18       2.549549341605e-18 
 2368       1.396328230020e-11       4.598828919935e-13      -8.936468563156e-13       4.055565862628e-15       1.638883135549e-16       9.439470337136e-18       2.477452037455e-18 
 2369       1.394458446491e-11       4.573610823780e-13      -8.884251209037e-13       4.050632950021e-15       1.635667715518e-16       9.594721318565e-18       2.405153214979e-18 
 2370       1.392564465027e-11       4.548670561102e-13      -8.831491808966e-13       4.045700690463e-15       1.632459460967e-16       9.751869860246e-18       2.332689173689e-18 
 2371       1.390646252251e-11       4.524010801469e-13      -8.778212139902e-13       4.040769030748e-15       1.629258355340e-16       9.910763607976e-18       2.260096336391e-18 
 2372       1.388703774812e-11       4.499634221475e-13      -8.724434055338e-13       4.035837917435e-15       1.626064381948e-16       1.007124968242e-17       2.187411249312e-18 
 2373       1.386736999380e-11       4.475543504752e-13      -8.670179485392e-13       4.030907296849e-15       1.622877523971e-16       1.023317467855e-17       2.114670582231e-18 
 2374       1.384745892651e-11       4.451741341971e-13      -8.615470436884e-13       4.025977115078e-15       1.619697764459e-16       1.039638466510e-17       2.041911128609e-18 
 2375       1.382730421344e-11       4.428230430853e-13      -8.560328993419e-13       4.021047317976e-15       1.616525086327e-16       1.056072518400e-17       1.969169805721e-18 
 2376       1.380690552201e-11       4.405013476170e-13      -8.504777315468e-13       4.016117851160e-15       1.613359472361e-16       1.072604124980e-17       1.896483654783e-18 
 2377       1.378626251989e-11       4.382093189761e-13      -8.448837640450e-13       4.011188660013e-15       1.610200905214e-16       1.089217734917e-17       1.823889841086e-18 
 2378       1.376537487499e-11       4.359472290529e-13      -8.392532282814e-13       4.006259689679e-15       1.607049367408e-16       1.105897744026e-17       1.751425654121e-18 
 2379       1.374424225546e-11       4.337153504453e-13      -8.335883634122e-13       4.001330885066e-15       1.603904841330e-16       1.122628495222e-17       1.679128507714e-18 
 2380       1.372286432969e-11       4.315139564594e-13      -8.278914163125e-13       3.996402190847e-15       1.600767309236e-16       1.139394278460e-17       1.607035940155e-18 
 2381       1.370124076630e-11       4.293433211100e-13      -8.221646415855e-13       3.991473551455e-15       1.597636753249e-16       1.156179330681e-17       1.535185614327e-18 
 2382       1.367937123418e-11       4.272037191215e-13      -8.164103015694e-13       3.986544911087e-15       1.594513155361e-16       1.172967835754e-17       1.463615317836e-18 
 2383       1.365725540245e-11       4.250954259284e-13      -8.106306663465e-13       3.981616213703e-15       1.591396497427e-16       1.189743924424e-17       1.392362963142e-18 
 2384       1.363489294046e-11       4.230187176761e-13      -8.048280137513e-13       3.976687403023e-15       1.588286761172e-16       1.206491674252e-17       1.321466587690e-18 
 2385       1.361228351782e-11       4.209738712213e-13      -7.990046293781e-13       3.971758422530e-15       1.585183928187e-16       1.223195109564e-17       1.250964354038e-18 
 2386       1.358942680440e-11       4.189611641330e-13      -7.931628065897e-13       3.966829215468e-15       1.582087979928e-16       1.239838201390e-17       1.180894549990e-18 
 2387       1.356632247028e-11       4.169808746930e-13      -7.873048465252e-13       3.961899724842e-15       1.578998897718e-16       1.256404867413e-17       1.111295588723e-18 
 2388       1.354297018583e-11       4.150332818966e-13      -7.814330581086e-13       3.956969893418e-15       1.575916662747e-16       1.272878971911e-17       1.042206008920e-18 
 2389       1.351936962162e-11       4.131186654532e-13      -7.755497580565e-13       3.952039663724e-15       1.572841256070e-16       1.289244325701e-17       9.736644748986e-19 
 2390       1.349552044852e-11       4.112373057870e-13      -7.696572708866e-13       3.947108978045e-15       1.569772658607e-16       1.305484686084e-17       9.057097767403e-19 
 2391       1.347142233761e-11       4.093894840378e-13      -7.637579289258e-13       3.942177778429e-15       1.566710851146e-16       1.321583756790e-17       8.383808304234e-19 
 2392       1.344707496023e-11       4.075754820615e-13      -7.578540723181e-13       3.937246006682e-15       1.563655814338e-16       1.337525187921e-17       7.717166779511e-19 
 2393       1.342247798797e-11       4.057955824308e-13      -7.519480490332e-13       3.932313604370e-15       1.560607528700e-16       1.353292575895e-17       7.057564874823e-19 
 2394       1.339763109269e-11       4.040500684360e-13      -7.460422148743e-13       3.927380512820e-15       1.557565974614e-16       1.368869463392e-17       6.405395534615e-19 
 2395       1.337253394649e-11       4.023392240853e-13      -7.401389334865e-13       3.922446673114e-15       1.554531132327e-16       1.384239339296e-17       5.761052967495e-19 
 2396       1.334718622170e-11       4.006633341062e-13      -7.342405763649e-13       3.917512026095e-15       1.551502981951e-16       1.399385638643e-17       5.124932647531e-19 
 2397       1.332158759093e-11       3.990226839452e-13      -7.283495228627e-13       3.912576512366e-15       1.548481503462e-16       1.414291742560e-17       4.497431315552e-19 
 2398       1.329573772704e-11       3.974175597691e-13      -7.224681601995e-13       3.907640072285e-15       1.545466676700e-16       1.428940978215e-17       3.878946980455e-19 
 2399       1.326963630315e-11       3.958482484659e-13      -7.165988834692e-13       3.902702645968e-15       1.542458481371e-16       1.443316618756e-17       3.269878920503e-19 
 2400       1.324328299261e-11       3.943150376445e-13      -7.107440956485e-13       3.897764173291e-15       1.539456897044e-16       1.457401883258e-17       2.670627684627e-19 
 2401       1.321667746906e-11       3.928182156364e-13      -7.049062076049e-13       3.892824593886e-15       1.536461903150e-16       1.471179936669e-17       2.081595093727e-19 
 2402       1.318981940636e-11       3.913580714958e-13      -6.990876381049e-13       3.887883847140e-15       1.533473478986e-16       1.484633889750e-17       1.503184241977e-19 
 2403       1.316270924770e-11       3.899347942578e-13      -6.932905995908e-13       3.882941883349e-15       1.530491604956e-16       1.497751542561e-17       9.356977541396e-20 
 2404       1.313535051774e-11       3.885481700402e-13      -6.875164540685e-13       3.877998697233e-15       1.527516266305e-16       1.510539646604e-17       3.790318774756e-20 
 2405       1.310774752453e-11       3.871978830977e-13      -6.817663533113e-13       3.873054294624e-15       1.524547449409e-16       1.523009729465e-17      -1.670194714900e-20 
 2406       1.307990459177e-11       3.858836163949e-13      -6.760414527388e-13       3.868108681330e-15       1.521585140531e-16       1.535173359217e-17      -7.026631330514e-20 
 2407       1.305182605880e-11       3.846050516054e-13      -6.703429114204e-13       3.863161863139e-15       1.518629325823e-16       1.547042144454e-17      -1.228106705134e-19 
 2408       1.302351628067e-11       3.833618691103e-13      -6.646718920790e-13       3.858213845819e-15       1.515679991323e-16       1.558627734341e-17      -1.743558544105e-19 
 2409       1.299497962810e-11       3.821537479965e-13      -6.590295610948e-13       3.853264635115e-15       1.512737122957e-16       1.569941818655e-17      -2.249227765588e-19 
 2410       1.296622048751e-11       3.809803660553e-13      -6.534170885093e-13       3.848314236751e-15       1.509800706538e-16       1.580996127824e-17      -2.745324245272e-19 
 2411       1.293724326107e-11       3.798413997814e-13      -6.478356480282e-13       3.843362656431e-15       1.506870727767e-16       1.591802432976e-17      -3.232058619723e-19 
 2412       1.290805236668e-11       3.787365243711e-13      -6.422864170263e-13       3.838409899837e-15       1.503947172232e-16       1.602372545975e-17      -3.709642287200e-19 
 2413       1.287865223801e-11       3.776654137209e-13      -6.367705765499e-13       3.833455972628e-15       1.501030025406e-16       1.612718319471e-17      -4.178287408460e-19 
 2414       1.284904732450e-11       3.766277404260e-13      -6.312893113217e-13       3.828500880443e-15       1.498119272651e-16       1.622851646937e-17      -4.638206907577e-19 
 2415       1.281924209137e-11       3.756231757794e-13      -6.258438097437e-13       3.823544628899e-15       1.495214899214e-16       1.632784462715e-17      -5.089614472747e-19 
 2416       1.278924101968e-11       3.746513897697e-13      -6.204352639013e-13       3.818587223593e-15       1.492316890229e-16       1.642528742057e-17      -5.532724557105e-19 
 2417       1.275904860630e-11       3.737120510802e-13      -6.150648695671e-13       3.813628670097e-15       1.489425230717e-16       1.652096501169e-17      -5.967752379534e-19 
 2418       1.272866936393e-11       3.728048270875e-13      -6.097338262041e-13       3.808668973965e-15       1.486539905584e-16       1.661499797255e-17      -6.394913925477e-19 
 2419       1.269810782115e-11       3.719293838596e-13      -6.044433369700e-13       3.803708140726e-15       1.483660899623e-16       1.670750728557e-17      -6.814425947751e-19 
 2420       1.266736852241e-11       3.710853861549e-13      -5.991946087207e-13       3.798746175890e-15       1.480788197511e-16       1.679861434398e-17      -7.226505967356e-19 
 2421       1.263645602805e-11       3.702724974209e-13      -5.939888520139e-13       3.793783084944e-15       1.477921783813e-16       1.688844095228e-17      -7.631372274286e-19 
 2422       1.260537491433e-11       3.694903797921e-13      -5.888272811130e-13       3.788818873352e-15       1.475061642978e-16       1.697710932664e-17      -8.029243928347e-19 
 2423       1.257412977343e-11       3.687386940894e-13      -5.837111139906e-13       3.783853546559e-15       1.472207759341e-16       1.706474209534e-17      -8.420340759959e-19 
 2424       1.254272521347e-11       3.680170998181e-13      -5.786415723325e-13       3.778887109985e-15       1.469360117122e-16       1.715146229918e-17      -8.804883370977e-19 
 2425       1.251116585853e-11       3.673252551666e-13      -5.736198815411e-13       3.773919569030e-15       1.466518700427e-16       1.723739339195e-17      -9.183093135497e-19 
 2426       1.247945634867e-11       3.666628170052e-13      -5.686472707396e-13       3.768950929070e-15       1.463683493245e-16       1.732265924079e-17      -9.555192200670e-19 
 2427       1.244760133995e-11       3.660294408843e-13      -5.637249727749e-13       3.763981195462e-15       1.460854479453e-16       1.740738412671e-17      -9.921403487515e-19 
 2428       1.241560550443e-11       3.654247810334e-13      -5.588542242223e-13       3.759010373538e-15       1.458031642809e-16       1.749169274491e-17      -1.028195069173e-18 
 2429       1.238347353019e-11       3.648484903594e-13      -5.540362653885e-13       3.754038468608e-15       1.455214966958e-16       1.757571020532e-17      -1.063705828449e-18 
 2430       1.235121012137e-11       3.643002204451e-13      -5.492723403155e-13       3.749065485963e-15       1.452404435428e-16       1.765956203293e-17      -1.098695151329e-18 
 2431       1.231881999817e-11       3.637796215480e-13      -5.445636967846e-13       3.744091430868e-15       1.449600031634e-16       1.774337416829e-17      -1.133185640273e-18 
 2432       1.228630789685e-11       3.632863425989e-13      -5.399115863196e-13       3.739116308567e-15       1.446801738871e-16       1.782727296790e-17      -1.167199975534e-18 
 2433       1.225367856977e-11       3.628200312000e-13      -5.353172641910e-13       3.734140124282e-15       1.444009540320e-16       1.791138520464e-17      -1.200760915238e-18 
 2434       1.222093678541e-11       3.623803336243e-13      -5.307819894195e-13       3.729162883212e-15       1.441223419047e-16       1.799583806821e-17      -1.233891295465e-18 
 2435       1.218808732836e-11       3.619668948134e-13      -5.263070247796e-13       3.724184590534e-15       1.438443358000e-16       1.808075916557e-17      -1.266614030334e-18 
 2436       1.215513499937e-11       3.615793583764e-13      -5.218936368035e-13       3.719205251403e-15       1.435669340011e-16       1.816627652134e-17      -1.298952112079e-18 
 2437       1.212208461533e-11       3.612173665886e-13      -5.175430957850e-13       3.714224870950e-15       1.432901347796e-16       1.825251857823e-17      -1.330928611131e-18 
 2438       1.208894100934e-11       3.608805603898e-13      -5.132566757826e-13       3.709243454285e-15       1.430139363953e-16       1.833961419749e-17      -1.362566676205e-18 
 2439       1.205570903065e-11       3.605685793830e-13      -5.090356546240e-13       3.704261006493e-15       1.427383370963e-16       1.842769265933e-17      -1.393889534373e-18 
 2440       1.202239354476e-11       3.602810618331e-13      -5.048813139090e-13       3.699277532640e-15       1.424633351192e-16       1.851688366335e-17      -1.424920491150e-18 
 2441       1.198899943336e-11       3.600176446653e-13      -5.007949390140e-13       3.694293037767e-15       1.421889286886e-16       1.860731732895e-17      -1.455682930574e-18 
 2442       1.195553159441e-11       3.597779634636e-13      -4.967778190951e-13       3.689307526890e-15       1.419151160177e-16       1.869912419577e-17      -1.486200315288e-18 
 2443       1.192199494213e-11       3.595616524697e-13      -4.928312470923e-13       3.684321005008e-15       1.416418953077e-16       1.879243522414e-17      -1.516496186620e-18 
 2444       1.188839440699e-11       3.593683445813e-13      -4.889565197328e-13       3.679333477091e-15       1.413692647480e-16       1.888738179546e-17      -1.546594164664e-18 
 2445       1.185473493578e-11       3.591976713507e-13      -4.851549375349e-13       3.674344948090e-15       1.410972225164e-16       1.898409571269e-17      -1.576517948363e-18 
 2446       1.182102149159e-11       3.590492629835e-13      -4.814278048119e-13       3.669355422933e-15       1.408257667789e-16       1.908270920071e-17      -1.606291315588e-18 
 2447       1.178725905384e-11       3.589227483371e-13      -4.777764296754e-13       3.664364906521e-15       1.405548956895e-16       1.918335490680e-17      -1.635938123221e-18 
 2448       1.175345261829e-11       3.588177549193e-13      -4.742021240395e-13       3.659373403738e-15       1.402846073905e-16       1.928616590105e-17      -1.665482307234e-18 
 2449       1.171960719706e-11       3.587339088867e-13      -4.707062036241e-13       3.654380919440e-15       1.400149000125e-16       1.939127567679e-17      -1.694947882773e-18 
 2450       1.168572781865e-11       3.586708350436e-13      -4.672899879588e-13       3.649387458462e-15       1.397457716740e-16       1.949881815102e-17      -1.724358944237e-18 
 2451       1.165181952793e-11       3.586281568405e-13      -4.639548003866e-13       3.644393025615e-15       1.394772204818e-16       1.960892766482e-17      -1.753739665360e-18 
 2452       1.161788733176e-11       3.586054799748e-13      -4.607017093173e-13       3.639397650658e-15       1.392092447079e-16       1.972169468578e-17      -1.783108633109e-18 
 2453       1.158393603512e-11       3.586023430909e-13      -4.575307502907e-13       3.634401463376e-15       1.389418433218e-16       1.983703262522e-17      -1.812461812245e-18 
 2454       1.154997040402e-11       3.586182667833e-13      -4.544416992754e-13       3.629404618945e-15       1.386750154616e-16       1.995481022653e-17      -1.841789479194e-18 
 2455       1.151599521986e-11       3.586527699652e-13      -4.514343309957e-13       3.624407273013e-15       1.384087602568e-16       2.007489579046e-17      -1.871081878966e-18 
 2456       1.148201527942e-11       3.587053698673e-13      -4.485084189301e-13       3.619409581689e-15       1.381430768285e-16       2.019715717475e-17      -1.900329225118e-18 
 2457       1.144803539494e-11       3.587755820354e-13      -4.456637353103e-13       3.614411701553e-15       1.378779642892e-16       2.032146179360e-17      -1.929521699725e-18 
 2458       1.141406039407e-11       3.588629203294e-13      -4.429000511192e-13       3.609413789651e-15       1.376134217432e-16       2.044767661723e-17      -1.958649453347e-18 
 2459       1.138009511993e-11       3.589668969206e-13      -4.402171360896e-13       3.604416003498e-15       1.373494482859e-16       2.057566817147e-17      -1.987702604997e-18 
 2460       1.134614443111e-11       3.590870222912e-13      -4.376147587033e-13       3.599418501075e-15       1.370860430046e-16       2.070530253724e-17      -2.016671242112e-18 
 2461       1.131221320167e-11       3.592228052311e-13      -4.350926861888e-13       3.594421440835e-15       1.368232049778e-16       2.083644535014e-17      -2.045545420515e-18 
 2462       1.127830632118e-11       3.593737528374e-13      -4.326506845203e-13       3.589424981698e-15       1.365609332757e-16       2.096896179999e-17      -2.074315164390e-18 
 2463       1.124442869474e-11       3.595393705120e-13      -4.302885184164e-13       3.584429283056e-15       1.362992269596e-16       2.110271663033e-17      -2.102970466245e-18 
 2464       1.121058524297e-11       3.597191619599e-13      -4.280059513384e-13       3.579434504768e-15       1.360380850827e-16       2.123757413804e-17      -2.131501286884e-18 
 2465       1.117678090203e-11       3.599126291876e-13      -4.258027454889e-13       3.574440807166e-15       1.357775066893e-16       2.137339817281e-17      -2.159897555371e-18 
 2466       1.114302062365e-11       3.601192725012e-13      -4.236786618104e-13       3.569448351053e-15       1.355174908154e-16       2.151005213674e-17      -2.188149169001e-18 
 2467       1.110930937514e-11       3.603385905048e-13      -4.216334599837e-13       3.564457297704e-15       1.352580364881e-16       2.164739898384e-17      -2.216245993270e-18 
 2468       1.107565213942e-11       3.605700800986e-13      -4.196668984268e-13       3.559467808865e-15       1.349991427262e-16       2.178530121961e-17      -2.244177861837e-18 
 2469       1.104205391499e-11       3.608132364774e-13      -4.177787342933e-13       3.554480046753e-15       1.347408085397e-16       2.192362090058e-17      -2.271934576497e-18 
 2470       1.100851971599e-11       3.610675531284e-13      -4.159687234705e-13       3.549494174062e-15       1.344830329301e-16       2.206221963383e-17      -2.299505907150e-18 
 2471       1.097505457220e-11       3.613325218299e-13      -4.142366205788e-13       3.544510353957e-15       1.342258148902e-16       2.220095857654e-17      -2.326881591764e-18 
 2472       1.094166352908e-11       3.616076326493e-13      -4.125821789695e-13       3.539528750075e-15       1.339691534043e-16       2.233969843556e-17      -2.354051336348e-18 
 2473       1.090835164771e-11       3.618923739414e-13      -4.110051507239e-13       3.534549526532e-15       1.337130474478e-16       2.247829946694e-17      -2.381004814917e-18 
 2474       1.087512400491e-11       3.621862323467e-13      -4.095052866514e-13       3.529572847914e-15       1.334574959877e-16       2.261662147547e-17      -2.407731669463e-18 
 2475       1.084198569317e-11       3.624886927896e-13      -4.080823362884e-13       3.524598879285e-15       1.332024979822e-16       2.275452381421e-17      -2.434221509920e-18 
 2476       1.080894182072e-11       3.627992384765e-13      -4.067360478968e-13       3.519627786183e-15       1.329480523808e-16       2.289186538406e-17      -2.460463914135e-18 
 2477       1.077599751151e-11       3.631173508946e-13      -4.054661684622e-13       3.514659734625e-15       1.326941581244e-16       2.302850463332e-17      -2.486448427834e-18 
 2478       1.074315790525e-11       3.634425098092e-13      -4.042724436931e-13       3.509694891102e-15       1.324408141452e-16       2.316429955718e-17      -2.512164564591e-18 
 2479       1.071042815741e-11       3.637741932629e-13      -4.031546180188e-13       3.504733422581e-15       1.321880193664e-16       2.329910769730e-17      -2.537601805797e-18 
 2480       1.067781343925e-11       3.641118775734e-13      -4.021124345884e-13       3.499775496510e-15       1.319357727030e-16       2.343278614136e-17      -2.562749600625e-18 
 2481       1.064531893780e-11       3.644550373316e-13      -4.011456352691e-13       3.494821280813e-15       1.316840730608e-16       2.356519152259e-17      -2.587597366002e-18 
 2482       1.061294985594e-11       3.648031454001e-13      -4.002539606449e-13       3.489870943891e-15       1.314329193371e-16       2.369618001930e-17      -2.612134486576e-18 
 2483       1.058071141236e-11       3.651556729116e-13      -3.994371500152e-13       3.484924654626e-15       1.311823104203e-16       2.382560735446e-17      -2.636350314683e-18 
 2484       1.054860884160e-11       3.655120892666e-13      -3.986949413931e-13       3.479982582378e-15       1.309322451902e-16       2.395332879523e-17      -2.660234170314e-18 
 2485       1.051664739403e-11       3.658718621322e-13      -3.980270715042e-13       3.475044896989e-15       1.306827225176e-16       2.407919915248e-17      -2.683775341088e-18 
 2486       1.048483233594e-11       3.662344574402e-13      -3.974332757851e-13       3.470111768777e-15       1.304337412648e-16       2.420307278038e-17      -2.706963082214e-18 
 2487       1.045316894949e-11       3.665993393850e-13      -3.969132883819e-13       3.465183368545e-15       1.301853002850e-16       2.432480357591e-17      -2.729786616465e-18 
 2488       1.042166253273e-11       3.669659704224e-13      -3.964668421488e-13       3.460259867574e-15       1.299373984227e-16       2.444424497841e-17      -2.752235134141e-18 
 2489       1.039031839966e-11       3.673338112674e-13      -3.960936686464e-13       3.455341437628e-15       1.296900345137e-16       2.456124996912e-17      -2.774297793039e-18 
 2490       1.035914188020e-11       3.677023208926e-13      -3.957934981410e-13       3.450428250953e-15       1.294432073848e-16       2.467567107075e-17      -2.795963718424e-18 
 2491       1.032813832022e-11       3.680709565267e-13      -3.955660596021e-13       3.445520480277e-15       1.291969158541e-16       2.478736034701e-17      -2.817222002993e-18 
 2492       1.029731308157e-11       3.684391736522e-13      -3.954110807019e-13       3.440618298811e-15       1.289511587307e-16       2.489616940213e-17      -2.838061706845e-18 
 2493       1.026667154209e-11       3.688064260042e-13      -3.953282878132e-13       3.435721880250e-15       1.287059348149e-16       2.500194938043e-17      -2.858471857449e-18 
 2494       1.023621909559e-11       3.691721655683e-13      -3.953174060084e-13       3.430831398771e-15       1.284612428981e-16       2.510455096589e-17      -2.878441449611e-18 
 2495       1.020596115192e-11       3.695358425791e-13      -3.953781590577e-13       3.425947029037e-15       1.282170817629e-16       2.520382438164e-17      -2.897959445446e-18 
 2496       1.017590313696e-11       3.698969055180e-13      -3.955102694278e-13       3.421068946195e-15       1.279734501828e-16       2.529961938952e-17      -2.917014774340e-18 
 2497       1.014605049262e-11       3.702548011121e-13      -3.957134582808e-13       3.416197325878e-15       1.277303469227e-16       2.539178528965e-17      -2.935596332923e-18 
 2498       1.011640867689e-11       3.706089743319e-13      -3.959874454719e-13       3.411332344204e-15       1.274877707383e-16       2.548017091996e-17      -2.953692985035e-18 
 2499       1.008698316382e-11       3.709588683898e-13      -3.963319495489e-13       3.406474177776e-15       1.272457203764e-16       2.556462465572e-17      -2.971293561697e-18 
 2500       1.005777944358e-11       3.713039247383e-13      -3.967466877503e-13       3.401623003685e-15       1.270041945751e-16       2.564499440911e-17      -2.988386861073e-18 
