5.941193720351156671e-01 6.181522951451153824e-01 6.434997155072124109e-01 6.694587750978283625e-01 6.953580195862341107e-01 7.206340410983933520e-01 7.448407959870011474e-01 7.676726506608778644e-01 7.889328479046746612e-01 8.085186042797483097e-01 8.264252968332270743e-01 8.426946547421518829e-01 8.574005313425379082e-01 8.706478362736491672e-01 8.825594670618933657e-01 8.932474389209614785e-01 9.028225162369941659e-01 9.114124886047846319e-01 9.191180801502792930e-01 9.260178971335715215e-01 9.322180392436013596e-01 9.377926948765117343e-01 9.428098784466194537e-01 9.473313535451218792e-01 9.514127604914839331e-01 9.551038895326543487e-01 9.584490530624324434e-01 9.614753381830718482e-01 9.642251990991189681e-01 9.667336085539459667e-01 9.690140481642237624e-01 9.710983693346694201e-01 9.730048982350801845e-01 9.747500423657157187e-01 9.763525966876183126e-01 9.778227959524387058e-01 9.791791321062037756e-01 9.804244920505762462e-01 9.815770023513603615e-01 9.826416802746381629e-01 9.836254700309532417e-01 9.845381270184878630e-01 9.853853368323135520e-01 9.861725300260572036e-01 9.869047871134124517e-01 9.875867923648224966e-01 9.882228237539049109e-01 9.888167655529064293e-01 9.893721332517040334e-01 9.898921039056151061e-01 9.903794373165638598e-01 9.908360139636197550e-01 9.912650771954055751e-01 9.916687557263756947e-01 9.920480759539668236e-01 9.924057656986072784e-01 9.927429926551973871e-01 9.930612832171553661e-01 9.933621363186151410e-01 9.936465468000243995e-01 9.939159207353199799e-01 9.941710803267197472e-01 9.944131463912545543e-01 9.946429511459043971e-01 9.948612627138542219e-01 9.950690056496995783e-01 9.952665943643330682e-01 9.954549881160329461e-01 9.956345304138023433e-01 9.958059287126557191e-01 9.959696803433835122e-01 9.961261505308656172e-01 9.962759553156403936e-01 9.964193255854879583e-01 9.965567715742310595e-01 9.966886248231709988e-01 9.968151468007546701e-01 9.969367658483344607e-01 9.970536411690733569e-01 9.971661356221548367e-01 9.972744845234701172e-01 9.973788688678474346e-01 9.974795952130843801e-01 9.975767858942956590e-01 9.976706860652652109e-01 9.977614828153203996e-01 9.978492869623378780e-01 9.979343294947974341e-01 9.980167137073747696e-01 9.980965920107481848e-01 9.981741238851489229e-01 9.982493751811263305e-01 9.983225175807469709e-01 9.983936445930905457e-01 9.984628431079289879e-01 9.985302437845186008e-01 9.985959074640479161e-01 9.986599398504658609e-01 9.987224289530430843e-01 9.987834257825700668e-01
5.941195080838113096e-01 6.181521883877640899e-01 6.434998173985381209e-01 6.694586260753887519e-01 6.953572122386776355e-01 7.206327730811616927e-01 7.448388077542684726e-01 7.676700596757055628e-01 7.889297341069949621e-01 8.085150853396393389e-01 8.264216595259826770e-01 8.426912155832282370e-01 8.573975979052703700e-01 8.706457256278063994e-01 8.825584892793469916e-01 8.932478512773607271e-01 9.028245294379483310e-01 9.114162779754853005e-01 9.191237629001209886e-01 9.260255252365858780e-01 9.322276279522283549e-01 9.378042099558820954e-01 9.428232427211542532e-01 9.473464529675563739e-01 9.514294501417990269e-01 9.551219996637161369e-01 9.584683951488319753e-01 9.614956930322452466e-01 9.642463443975388682e-01 9.667553239093780171e-01 9.690360853042228051e-01 9.711204925200318527e-01 9.730268685981872112e-01 9.747716168757243338e-01 9.763735446714536526e-01 9.778428773928343753e-01 9.791981346403900721e-01 9.804421765877708861e-01 9.815931705938291119e-01 9.826561255898560443e-01 9.836379871547850096e-01 9.845485328272657322e-01 9.853934534290980096e-01 9.861781862573866242e-01 9.869078196531516634e-01 9.875870463840343838e-01 9.882201532536785127e-01 9.888110334455217920e-01 9.893632112653597543e-01 9.898798723688193579e-01 9.903637837337094796e-01 9.908168260299127228e-01 9.912422590560019398e-01 9.916422188664877346e-01 9.920177277138108041e-01 9.923715311488426893e-01 9.927047974111462558e-01 9.930190592378108638e-01 9.933158230523297938e-01 9.935960854024371569e-01 9.938612612540650426e-01 9.941121741032010739e-01 9.943499517098594032e-01 9.945754297127884502e-01 9.947893793232650550e-01 9.949927320580016499e-01 9.951859006160421739e-01 9.953698537231803201e-01 9.955449331295646020e-01 9.957118524547255989e-01 9.958711116954308551e-01 9.960230763060694548e-01 9.961683688768339096e-01 9.963072185193531105e-01 9.964401407842454761e-01 9.965674688420198546e-01 9.966894643238457530e-01 9.968065606580721605e-01 9.969189153034492268e-01 9.970268953767282838e-01 9.971307373608452318e-01 9.972306220403662769e-01 9.973268600309729282e-01 9.974195722950310872e-01 9.975090068464292914e-01 9.975953521614865371e-01 9.976787179916831727e-01 9.977593388669978580e-01 9.978373172860688367e-01 9.979128068982902056e-01 9.979859690890462431e-01 9.980568679843283553e-01 9.981256782137166716e-01 9.981924932073256151e-01 9.982573996005693617e-01 9.983205301253944564e-01 9.983819445549712013e-01 9.984417499478359659e-01 9.985000350896061638e-01 9.985568498841979057e-01
5.941194061794163872e-01 6.181520333656006505e-01 6.435001806701721172e-01 6.694591790665299635e-01 6.953576039782853879e-01 7.206331242732626485e-01 7.448387174489847773e-01 7.676694072822214387e-01 7.889283247023723966e-01 8.085127549715556139e-01 8.264184300969412700e-01 8.426871876692293428e-01 8.573929286300134844e-01 8.706406512500834971e-01 8.825533067310685764e-01 8.932428698609357065e-01 9.028200689918032262e-01 9.114126611277655332e-01 9.191212874741984118e-01 9.260244549022934590e-01 9.322281929113667154e-01 9.378065973401776834e-01 9.428275958797022183e-01 9.473528715560188829e-01 9.514379914074657663e-01 9.551326810109355137e-01 9.584811978861742521e-01 9.615105621127907343e-01 9.642631954375010528e-01 9.667740508817179723e-01 9.690565510314931297e-01 9.711425463132392633e-01 9.730503433779865707e-01 9.747963285532361688e-01 9.763993050469830237e-01 9.778694804622688475e-01 9.792253849436713953e-01 9.804698493729983033e-01 9.816210652479654408e-01 9.826840284280005111e-01 9.836656788354107839e-01 9.845758079247043382e-01 9.854201066345852356e-01 9.862040142088938088e-01 9.869326225143829623e-01 9.876106290904895779e-01 9.882423264397230955e-01 9.888316140944660715e-01 9.893820231368749551e-01 9.898967462549864704e-01 9.903785563188198804e-01 9.908293323672666686e-01 9.912523510374486868e-01 9.916497555402123965e-01 9.920225621351271839e-01 9.923735359939439560e-01 9.927038451974768973e-01 9.930150293118940041e-01 9.933086031916477099e-01 9.935855649640839005e-01 9.938473401235019544e-01 9.940947534674903219e-01 9.943289412047925380e-01 9.945507431588553882e-01 9.947609343511809588e-01 9.949604552429600623e-01 9.951497162883482517e-01 9.953296986503484822e-01 9.955007418609559400e-01 9.956635678350059804e-01 9.958186803298174627e-01 9.959664452797475365e-01 9.961074943912873181e-01 9.962420545971254482e-01 9.963706490079510258e-01 9.964936133573012444e-01 9.966112097956318916e-01 9.967238791966978040e-01 9.968317769016161733e-01 9.969352763903074344e-01 9.970346161786386441e-01 9.971299771124758626e-01 9.972216760214991371e-01 9.973098322712433683e-01 9.973946984130009907e-01 9.974764653542763648e-01 9.975552416748114659e-01 9.976312675229727089e-01 9.977046446307026306e-01 9.977755288945256984e-01 9.978440849649765632e-01 9.979103747839568328e-01 9.979745778251082333e-01 9.980367878195226528e-01 9.980970914022672114e-01 9.981556248796769060e-01 9.982124467828820125e-01 9.982676666401093524e-01 9.983213748274329946e-01 9.983736198768036196e-01
5.941189277132512547e-01 6.181513202610977586e-01 6.434998943789348447e-01 6.694592171911480927e-01 6.953578802506246159e-01 7.206339570534070482e-01 7.448398634948509844e-01 7.676707649004365086e-01 7.889296035241718519e-01 8.085135867787167641e-01 8.264185435615002406e-01 8.426863468035035165e-01 8.573909466191886874e-01 8.706374424160369108e-01 8.825488925941263885e-01 8.932373445864605355e-01 9.028136051773628656e-01 9.114055039164934424e-01 9.191137220028925414e-01 9.260167937727105114e-01 9.322207635159582839e-01 9.377997254864094412e-01 9.428215963459936066e-01 9.473480393046616044e-01 9.514345943512836357e-01 9.551309548034880859e-01 9.584813428785563527e-01 9.615127535593173125e-01 9.642675641908488027e-01 9.667806882734658602e-01 9.690655249687836204e-01 9.711538852429223434e-01 9.730640481891951188e-01 9.748123721396360075e-01 9.764176357055298627e-01 9.778900221874243792e-01 9.792480454094907305e-01 9.804945107509073221e-01 9.816476028913018181e-01 9.827123002562481169e-01 9.836955272679460682e-01 9.846070722636222072e-01 9.854526173467980099e-01 9.862375946292237794e-01 9.869670906607862504e-01 9.876457994053290390e-01 9.882780113482969586e-01 9.888676253560443330e-01 9.894181729879024667e-01 9.899328483534565182e-01 9.904144253733115910e-01 9.908647775834138471e-01 9.912871936791857186e-01 9.916838207687070916e-01 9.920556663083136550e-01 9.924055123114836618e-01 9.927345244485988873e-01 9.930442472017123601e-01 9.933362023847973621e-01 9.936113880985489866e-01 9.938712396889236578e-01 9.941165820285208232e-01 9.943485594751603207e-01 9.945680155221104934e-01 9.947757285274102523e-01 9.949726484945041749e-01 9.951591824414488530e-01 9.953363255937772713e-01 9.955044142617517355e-01 9.956641798533498733e-01 9.958161303337041970e-01 9.959606318330735952e-01 9.960983271063031941e-01 9.962294401136210231e-01 9.963545033099339143e-01 9.964738555919782081e-01 9.965877596541237171e-01 9.966966659644059812e-01 9.968007270854968294e-01 9.969003248463499389e-01 9.969957005293370589e-01 9.970870351141108978e-01 9.971746538649726155e-01 9.972586741224021001e-01 9.973393547234042922e-01 9.974168900871017707e-01 9.974913873521840113e-01 9.975630946269551380e-01 9.976321128074984168e-01 9.976986011398522036e-01 9.977627291156976330e-01 9.978245558351305222e-01 9.978842678915138542e-01 9.979419597377119366e-01 9.979977182780398470e-01 9.980516852545109341e-01 9.981039176912899213e-01 9.981545289738573690e-01 9.982036120854436145e-01 9.982512138021903958e-01
5.941187044646377702e-01 6.181506512073119408e-01 6.434992423653642657e-01 6.694584271986770974e-01 6.953569563578402279e-01 7.206334091035974110e-01 7.448397864293653248e-01 7.676714045856817270e-01 7.889309914307779392e-01 8.085155858126007455e-01 8.264209714420440722e-01 8.426889197525362363e-01 8.573933059263706413e-01 8.706392290131275136e-01 8.825497889836194654e-01 8.932370722173762490e-01 9.028119567717860505e-01 9.114023732257048316e-01 9.191090816221986204e-01 9.260106880355426506e-01 9.322133198279998201e-01 9.377911288825382385e-01 9.428120799379156036e-01 9.473378724957450814e-01 9.514240703173403313e-01 9.551203783358932498e-01 9.584710194208163614e-01 9.615030004265385788e-01 9.642586760991752604e-01 9.667729314558719533e-01 9.690591687559872991e-01 9.711491582728257743e-01 9.730611568390441501e-01 9.748114996401165966e-01 9.764189313456496100e-01 9.778936164869878045e-01 9.792540293955247499e-01 9.805029662594977324e-01 9.816585707151630480e-01 9.827258053565604001e-01 9.837115727404552867e-01 9.846256371989956513e-01 9.854736630777083395e-01 9.862610652602055161e-01 9.869929142176678827e-01 9.876738893136274289e-01 9.883082680441356294e-01 9.888999379563482295e-01 9.894524208565220746e-01 9.899689026019466986e-01 9.904521495770650663e-01 9.909040245881710618e-01 9.913278162733344390e-01 9.917256682895412290e-01 9.920985764117291605e-01 9.924493288757185727e-01 9.927790849212072555e-01 9.930893882427006547e-01 9.933817620079350430e-01 9.936572005312078737e-01 9.939171438568380479e-01 9.941624137578856102e-01 9.943941587557869610e-01 9.946132229935625846e-01 9.948203853374790739e-01 9.950166025405772219e-01 9.952022761384645699e-01 9.953784131595955209e-01 9.955453449371489683e-01 9.957038107804117022e-01 9.958543215470840870e-01 9.959972421193461489e-01 9.961332257067552209e-01 9.962624919124424272e-01 9.963855822433719256e-01 9.965028381734509777e-01 9.966145220645890035e-01 9.967210944243627413e-01 9.968227039122280475e-01 9.969197412847681239e-01 9.970124504993791437e-01 9.971010121236132395e-01 9.971857609653882459e-01 9.972668115246160481e-01 9.973444298267418739e-01 9.974188142843508631e-01 9.974900699525077741e-01 9.975584545474742715e-01 9.976240677360790343e-01 9.976870727783401227e-01 9.977476451868758645e-01 9.978058403116126795e-01 9.978618537879438977e-01 9.979157809727873252e-01 9.979677090646712490e-01 9.980177869179596151e-01 9.980660695825623874e-01 9.981126755632739878e-01 9.981577013738249793e-01 9.982011914538311270e-01
5.941187629905171352e-01 6.181505160328284454e-01 6.434992141986822789e-01 6.694581264454372294e-01 6.953561195954105489e-01 7.206323003671389893e-01 7.448384324385834976e-01 7.676701405599217765e-01 7.889301128532830720e-01 8.085153398563730276e-01 8.264215902942546599e-01 8.426905081606589354e-01 8.573958171971858278e-01 8.706424989521488467e-01 8.825535647011557572e-01 8.932410184981480761e-01 9.028156976704785341e-01 9.114055512884056132e-01 9.191113592652642161e-01 9.260117548309915181e-01 9.322129476417289062e-01 9.377891533687031655e-01 9.428084065090369670e-01 9.473324766308711675e-01 9.514169933606694274e-01 9.551117199392307189e-01 9.584609277811840800e-01 9.614916738275666175e-01 9.642463436550534617e-01 9.667598368519723095e-01 9.690455916248226220e-01 9.711353750755525871e-01 9.730474492881121540e-01 9.747981535834959743e-01 9.764062163584956711e-01 9.778818059235223625e-01 9.792433606110364508e-01 9.804936935480506044e-01 9.816508972736335270e-01 9.827199309887952872e-01 9.837076822120007780e-01 9.846238825215015700e-01 9.854741785753454719e-01 9.862639660161809374e-01 9.869982953392125724e-01 9.876818258858374167e-01 9.883188156123665635e-01 9.889131333391618650e-01 9.894682831622053643e-01 9.899874344250314540e-01 9.904733383758226317e-01 9.909278443870542796e-01 9.913542260160264075e-01 9.917546151836700297e-01 9.921299957167268868e-01 9.924831461708728542e-01 9.928152156426952590e-01 9.931277392697204220e-01 9.934222331547398754e-01 9.936996832749511732e-01 9.939615253465607925e-01 9.942085739046526704e-01 9.944419741939186652e-01 9.946625658734427056e-01 9.948711234176029761e-01 9.950686036951785773e-01 9.952554005722887842e-01 9.954325255346240242e-01 9.956003029732654053e-01 9.957594747859223050e-01 9.959105511926947818e-01 9.960538932382723143e-01 9.961901600538176638e-01 9.963195652167451399e-01 9.964426556204684093e-01 9.965597729696080709e-01 9.966711773070958680e-01 9.967773364248313506e-01 9.968783936768399467e-01 9.969747465395296659e-01 9.970666401055457984e-01 9.971542531043275925e-01 9.972379284359705887e-01 9.973177765749885459e-01 9.973940696368752690e-01 9.974670091215750434e-01 9.975366969229233494e-01 9.976033998907454237e-01 9.976672155869011904e-01 9.977283107469443468e-01 9.977868667144660364e-01 9.978429340516333790e-01 9.978967177135830147e-01 9.979483135348373724e-01 9.979978084850875675e-01 9.980453589973352635e-01 9.980910174222511477e-01 9.981349077207136711e-01 9.981771301588633349e-01 9.982177260551353681e-01
5.941185612809763983e-01 6.181502511827758894e-01 6.434993508346539270e-01 6.694584244762452618e-01 6.953562801672074078e-01 7.206323264389068450e-01 7.448379982232964380e-01 7.676691929482016841e-01 7.889286580755747735e-01 8.085135084564530894e-01 8.264196864275833443e-01 8.426888866172319581e-01 8.573948151281224339e-01 8.706424018253898778e-01 8.825545683787876516e-01 8.932431942117842194e-01 9.028189932398812401e-01 9.114098178597388467e-01 9.191163568863174316e-01 9.260171618755538292e-01 9.322184228538161754e-01 9.377943385677075527e-01 9.428129496828339118e-01 9.473360512385418097e-01 9.514193130624805095e-01 9.551125484338368610e-01 9.584600837807585316e-01 9.614890220217069405e-01 9.642418166486407261e-01 9.667534224716012314e-01 9.690373232591098507e-01 9.711253359398277496e-01 9.730357605862908210e-01 9.747849751024265652e-01 9.763917312483241240e-01 9.778662301842759863e-01 9.792269118246259563e-01 9.804766288982349476e-01 9.816334543396716406e-01 9.827023647907635606e-01 9.836902555922728553e-01 9.846068417053542854e-01 9.854577671420611251e-01 9.862484213886533180e-01 9.869838456970447815e-01 9.876686877187258462e-01 9.883071919111025005e-01 9.889032123458643131e-01 9.894602376558148116e-01 9.899814212710857930e-01 9.904694995209233355e-01 9.909263127763429102e-01 9.913551103452651336e-01 9.917580088015914841e-01 9.921359855037824582e-01 9.924917953576651852e-01 9.928265773840588837e-01 9.931418525999184954e-01 9.934391228141828956e-01 9.937193633592470432e-01 9.939839961636611765e-01 9.942338259079788187e-01 9.944699862855547190e-01 9.946933073195958208e-01 9.949045540726836334e-01 9.951046746744149907e-01 9.952940545904921388e-01 9.954736983685121832e-01 9.956439226027409273e-01 9.958054634384303494e-01 9.959588254374539540e-01 9.961043629316489456e-01 9.962427325022881197e-01 9.963741406377599752e-01 9.964991323871669193e-01 9.966180457892487299e-01 9.967311358271243593e-01 9.968388710265922992e-01 9.969413883198116055e-01 9.970390862672032783e-01 9.971322079584331588e-01 9.972209280877125659e-01 9.973055927275460419e-01 9.973863070594973790e-01 9.974633454025764179e-01 9.975369096216338827e-01 9.976070970612125333e-01 9.976741800087330914e-01 9.977382525501152788e-01 9.977994826011918894e-01 9.978580549600725158e-01 9.979140144864862005e-01 9.979675729253562055e-01 9.980188252801469595e-01 9.980678570019424489e-01 9.981148303825054802e-01 9.981597941192573709e-01 9.982028762674695077e-01 9.982441797624206359e-01 9.982837418702968924e-01
5.941183877472555608e-01 6.181497807808357114e-01 6.434990139979093193e-01 6.694581818474647505e-01 6.953561566800745553e-01 7.206325968381106506e-01 7.448384984990833457e-01 7.676697840969735065e-01 7.889290508328261620e-01 8.085133954300355308e-01 8.264189006991617958e-01 8.426873889577775056e-01 8.573927007774774234e-01 8.706399025773750022e-01 8.825520091891402297e-01 8.932409321010698067e-01 9.028173778997566901e-01 9.114091484005988342e-01 9.191168524082660163e-01 9.260189442406276950e-01 9.322215138458314065e-01 9.377986644175676512e-01 9.428183518124128026e-01 9.473423018832011211e-01 9.514261338427683068e-01 9.551196298388011652e-01 9.584671036470839844e-01 9.614956371811704816e-01 9.642477109337748153e-01 9.667583156176036141e-01 9.690409391329500854e-01 9.711274546438792843e-01 9.730361982252353492e-01 9.747835880578287204e-01 9.763884233984266858e-01 9.778609431027632803e-01 9.792196332187461660e-01 9.804673801054348825e-01 9.816222949183580626e-01 9.826893845891020440e-01 9.836755768195264427e-01 9.845906071232869428e-01 9.854401407188588813e-01 9.862295853562784709e-01 9.869639970222882086e-01 9.876480344528445476e-01 9.882859497133885673e-01 9.888816013049620546e-01 9.894384794764182756e-01 9.899597368540282716e-01 9.904481082527466507e-01 9.909054390116459610e-01 9.913349621610134665e-01 9.917387867915397059e-01 9.921178961666642371e-01 9.924750219422446840e-01 9.928113007190123573e-01 9.931282426714462819e-01 9.934273364578178889e-01 9.937095510457624181e-01 9.939762921813003471e-01 9.942283576218727825e-01 9.944668666289394610e-01 9.946926390074060098e-01 9.949064296344525271e-01 9.951091721340702412e-01 9.953012468390924905e-01 9.954836413870525869e-01 9.956566670389893625e-01 9.958210469096070439e-01 9.959772762702515658e-01 9.961257019518084954e-01 9.962669687609549962e-01 9.964012773181749605e-01 9.965291625904685313e-01 9.966509552620086421e-01 9.967669034580292076e-01 9.968774677532282746e-01 9.969827791771558312e-01 9.970832295227799458e-01 9.971790562040699912e-01 9.972704280367360452e-01 9.973576864515988349e-01 9.974409309868138562e-01 9.975204319825677901e-01 9.975963874365586515e-01 9.976688892703649003e-01 9.977382081069408049e-01 9.978044333640614383e-01 9.978677301349274664e-01 9.979282819721878584e-01 9.979861279456824219e-01 9.980414806206554523e-01 9.980944320987789053e-01 9.981450644353829782e-01 9.981935412016843534e-01 9.982399066249578734e-01 9.982842892868055706e-01 9.983267920325522571e-01 9.983674473751873446e-01
5.941183668028020559e-01 6.181496486913924393e-01 6.434989858502458970e-01 6.694579826380395726e-01 6.953556418046439314e-01 7.206320395029625070e-01 7.448380070162091693e-01 7.676696208979107983e-01 7.889293375507152595e-01 8.085140928303746755e-01 8.264198673992874111e-01 8.426883704404094511e-01 8.573933877602253339e-01 8.706400210732236911e-01 8.825513783894972653e-01 8.932394789344151320e-01 9.028151573013450948e-01 9.114063327595494091e-01 9.191136975482487870e-01 9.260157647199523945e-01 9.322186372629316375e-01 9.377964056614905841e-01 9.428169878325236564e-01 9.473420522469807592e-01 9.514271485915780646e-01 9.551219848751433261e-01 9.584708029282932307e-01 9.615006125846691232e-01 9.642538314532991262e-01 9.667654077485988706e-01 9.690487735247405032e-01 9.711357826574124052e-01 9.730447513695071882e-01 9.747920823681189839e-01 9.763965846477636878e-01 9.778684900616009257e-01 9.792263214948151440e-01 9.804729516060972649e-01 9.816265482559072275e-01 9.826921291064356634e-01 9.836766467771678180e-01 9.845898776551090803e-01 9.854375143472086096e-01 9.862249937307240311e-01 9.869574013348807462e-01 9.876394247531861126e-01 9.882753434394991876e-01 9.888690413063021545e-01 9.894240317438752763e-01 9.899434881254390861e-01 9.904301640952120067e-01 9.908859255087507645e-01 9.913140159962303688e-01 9.917165560189296070e-01 9.920945477420247682e-01 9.924507224745131584e-01 9.927862284227468859e-01 9.931025804462655371e-01 9.934012685335923409e-01 9.936832679601299567e-01 9.939499802861746502e-01 9.942022073264362714e-01 9.944410633408981015e-01 9.946673666132690439e-01 9.948818700742305676e-01 9.950854978474142909e-01 9.952786341195478670e-01 9.954622506546525473e-01 9.956366611303923975e-01 9.958025766454191574e-01 9.959604858212498524e-01 9.961107327032657777e-01 9.962539473914646670e-01 9.963903303855209392e-01 9.965204033311984011e-01 9.966444899589236295e-01 9.967628337223185531e-01 9.968758816526283040e-01 9.969837629912537968e-01 9.970868572216120551e-01 9.971853947722254530e-01 9.972795394670332936e-01 9.973696210583743449e-01 9.974557358101971971e-01 9.975381443543750448e-01 9.976170375080144481e-01 9.976925030335892508e-01 9.977648017961460170e-01 9.978340188488381557e-01 9.979003125891485748e-01 9.979638596598461309e-01 9.980246954583290586e-01 9.980830251890465687e-01 9.981389363055309660e-01 9.981925061177289171e-01 9.982438927395623773e-01 9.982931362612491588e-01 9.983403605695170269e-01 9.983856644680196846e-01 9.984290761745985288e-01
5.941181886387133515e-01 6.181493182791067964e-01 6.434989101105578202e-01 6.694580685054259961e-01 6.953556969638815533e-01 7.206320691164712633e-01 7.448377743587596411e-01 7.676691061361006208e-01 7.889286079757610315e-01 8.085133254533395375e-01 8.264193281978575722e-01 8.426882831331191648e-01 8.573938597223754732e-01 8.706410243661747428e-01 8.825527603104864616e-01 8.932409843215841638e-01 9.028164823951663198e-01 9.114071962558557560e-01 9.191138677524045564e-01 9.260150843193049042e-01 9.322170593412931749e-01 9.377939795567006298e-01 9.428138514008366222e-01 9.473384148597333576e-01 9.514232686475505574e-01 9.551181455968755785e-01 9.584672897695333260e-01 9.614977126862125356e-01 9.642517897225706403e-01 9.667644196017772806e-01 9.690490026167520865e-01 9.711373264976250752e-01 9.730476571876937042e-01 9.747963428598697133e-01 9.764021446951867134e-01 9.778752450973305921e-01 9.792341374990823910e-01 9.804816442042980640e-01 9.816359268366114943e-01 9.827019744906675403e-01 9.836867196267142788e-01 9.845999441231598759e-01 9.854473368438458891e-01 9.862343365302786991e-01 9.869660358366886266e-01 9.876471339848043041e-01 9.882819256393106100e-01 9.888743126136594341e-01 9.894278280798647351e-01 9.899456663765094921e-01 9.904306019045773235e-01 9.908845172867711826e-01 9.913106851358026717e-01 9.917112471875023649e-01 9.920872219461047692e-01 9.924413665470362966e-01 9.927748469965363975e-01 9.930891972968213244e-01 9.933859253158434655e-01 9.936660230866615207e-01 9.939309069697717103e-01 9.941813937334792461e-01 9.944186095961418115e-01 9.946433845129133422e-01 9.948564825715648929e-01 9.950588339345485256e-01 9.952508358659853949e-01 9.954334602117292929e-01 9.956070319516002742e-01 9.957722627261771375e-01 9.959296444787023583e-01 9.960795278142900999e-01 9.962225376055985349e-01 9.963588824831169921e-01 9.964890784817295177e-01 9.966134493013648621e-01 9.967322409576692133e-01 9.968458914557207784e-01 9.969545353502637930e-01 9.970585431468793614e-01 9.971581425468807325e-01 9.972534976743535617e-01 9.973449272170988866e-01 9.974325296895657500e-01 9.975165565845284243e-01 9.975971928592080040e-01 9.976745267609860024e-01 9.977488067323959653e-01 9.978201169427707296e-01 9.978886090241625428e-01 9.979544507766815453e-01 9.980176785945031881e-01 9.980784855729699645e-01 9.981369552778212029e-01 9.981931614740716663e-01 9.982472523116386887e-01 9.982992663275820355e-01 9.983493193277193090e-01 9.983975036817238635e-01 9.984438458916711223e-01
5.941181863733810964e-01 6.181491951969035892e-01 6.434988230668440279e-01 6.694578428466840814e-01 6.953553602956196178e-01 7.206319171138151347e-01 7.448378501354285808e-01 7.676694150242293624e-01 7.889289642330629126e-01 8.085134625178150847e-01 8.264190616851948556e-01 8.426875568601458477e-01 8.573927708466682063e-01 8.706398066443971073e-01 8.825517132494259398e-01 8.932403905667817279e-01 9.028165454943628543e-01 9.114080022438458828e-01 9.191153732747858740e-01 9.260171201895022186e-01 9.322193790890597187e-01 9.377962881565032882e-01 9.428158446412738813e-01 9.473398152558762941e-01 9.514238534031185246e-01 9.551177641230921278e-01 9.584658703532120683e-01 9.614952636814955156e-01 9.642484000675188849e-01 9.667602345784578333e-01 9.690442309837250523e-01 9.711322047445269945e-01 9.730424434663859090e-01 9.747913085079232820e-01 9.763975463763022722e-01 9.778713359095922986e-01 9.792311260044511689e-01 9.804797335866939356e-01 9.816352576051835532e-01 9.827026601311322773e-01 9.836888330665934932e-01 9.846035120822306252e-01 9.854523489696225269e-01 9.862407458754910428e-01 9.869737611464806104e-01 9.876560632397177741e-01 9.882919203368727423e-01 9.888852123359469504e-01 9.894394551051837183e-01 9.899578301099390965e-01 9.904431017790528147e-01 9.908971387516282148e-01 9.913232210128029021e-01 9.917234921121417246e-01 9.920989608328071307e-01 9.924524047059483101e-01 9.927849911930266558e-01 9.930982653478248601e-01 9.933937495494782333e-01 9.936724445873418299e-01 9.939357860307382886e-01 9.941846015381493595e-01 9.944200359155194180e-01 9.946429340306180977e-01 9.948540753665612302e-01 9.950544088294703826e-01 9.952443435158911944e-01 9.954248712597274507e-01 9.955963292087499639e-01 9.957594455359601859e-01 9.959147258891314358e-01 9.960625342600021304e-01 9.962035084593398038e-01 9.963378696250230204e-01 9.964661447003970718e-01 9.965886677533848381e-01 9.967056959765173696e-01 9.968176738611372878e-01 9.969247473623013001e-01 9.970272918966232023e-01 9.971255419276946474e-01 9.972196701527674678e-01 9.973099960719431500e-01 9.973966272963227242e-01 9.974798161446427613e-01 9.975597498057976464e-01 9.976365240555716829e-01 9.977103830329752121e-01 9.977814164956082532e-01 9.978497760184767973e-01 9.979156262067531147e-01 9.979790109363452233e-01 9.980401155349210018e-01 9.980990246794761989e-01 9.981558137953320253e-01 9.982106236450959402e-01 9.982634965197491050e-01 9.983145425168239440e-01 9.983638498673582662e-01 9.984114485821735663e-01
5.941180882503632743e-01 6.181489828514374896e-01 6.434988125198617404e-01 6.694579414021033514e-01 6.953553828268731474e-01 7.206318207544462062e-01 7.448375092666562614e-01 7.676689742442742714e-01 7.889286469341433294e-01 8.085134640228058833e-01 8.264194622141782798e-01 8.426882495276435403e-01 8.573934865265773198e-01 8.706402303405905707e-01 8.825515973000440662e-01 8.932396191148507247e-01 9.028151749926346392e-01 9.114062405481786477e-01 9.191135255239893942e-01 9.260155344694455115e-01 9.322183651532989224e-01 9.377960791591286593e-01 9.428165661126146624e-01 9.473414734021066153e-01 9.514263417100228271e-01 9.551208840289787672e-01 9.584693598957955141e-01 9.614988051480730658e-01 9.642516791819578659e-01 9.667629674464580658e-01 9.690461467848838772e-01 9.711331048808000688e-01 9.730421870957403074e-01 9.747898227388880343e-01 9.763948255170680213e-01 9.778674404618615812e-01 9.792261656394107838e-01 9.804738821067403576e-01 9.816287084395162177e-01 9.826956434925906425e-01 9.836816049306512655e-01 9.845963230871649374e-01 9.854454513349822919e-01 9.862343847825333354e-01 9.869681668339402858e-01 9.876514445082311688e-01 9.882884596707324221e-01 9.888830626170566074e-01 9.894387376957182179e-01 9.899586341116418664e-01 9.904454846069110641e-01 9.909011277298319653e-01 9.913288096360758361e-01 9.917306461169826948e-01 9.921076171955980350e-01 9.924624777073141058e-01 9.927963711971825589e-01 9.931108232329831642e-01 9.934073407967857205e-01 9.936869074810679159e-01 9.939509512920956524e-01 9.942002872970938654e-01 9.944360569898047508e-01 9.946591004692356686e-01 9.948701939574622344e-01 9.950702920912478655e-01 9.952597972157229966e-01 9.954397158275136714e-01 9.956103817729612393e-01 9.957725358742891553e-01 9.959266916092469613e-01 9.960732175166800983e-01 9.962127688803718017e-01 9.963455698913405989e-01 9.964721644064726824e-01 9.965928972153041965e-01 9.967080346005622316e-01 9.968180384021776419e-01 9.969230615779470783e-01 9.970234957678070220e-01 9.971195869174648285e-01 9.972115180975892335e-01 9.972996234092126322e-01 9.973840196703585015e-01 9.974649719208165122e-01 9.975426780465989074e-01 9.976172437722859998e-01 9.976889238142487848e-01 9.977578173214014523e-01 9.978240851469279971e-01 9.978878996786998412e-01 9.979493146459930131e-01 9.980085212067930645e-01 9.980656114778828636e-01 9.981206687945405331e-01 9.981738374326035723e-01 9.982251679560372182e-01 9.982747738915214164e-01 9.983227469087613271e-01 9.983691251963099367e-01
5.941180707622198964e-01 6.181488931754467453e-01 6.434987656784820764e-01 6.694577997450883444e-01 6.953551813557494743e-01 7.206318154155064715e-01 7.448376862880086158e-01 7.676692108000392478e-01 7.889286948897651364e-01 8.085131543513760510e-01 8.264188578031095300e-01 8.426875924596161083e-01 8.573930897732637835e-01 8.706403344618052209e-01 8.825522687345652706e-01 8.932407302702481955e-01 9.028164255026648322e-01 9.114072722846942032e-01 9.191140060823537183e-01 9.260152298271628890e-01 9.322172069691094798e-01 9.377941557224129809e-01 9.428141024481699883e-01 9.473387890291808944e-01 9.514237978100493764e-01 9.551188317134134964e-01 9.584680986761368038e-01 9.614985661614667833e-01 9.642525789321682028e-01 9.667650201202773186e-01 9.690492669129644465e-01 9.711371201725190749e-01 9.730468602480109030e-01 9.747948619752713206e-01 9.763999250454996615e-01 9.778722735513517561e-01 9.792304447547273138e-01 9.804773126049595167e-01 9.816310726019524813e-01 9.826967556232967249e-01 9.836813329920673921e-01 9.845946003991313811e-01 9.854422642191739135e-01 9.862297725000523929e-01 9.869622183204176391e-01 9.876442927515406423e-01 9.882802746636146773e-01 9.888740436551891611e-01 9.894291055982995520e-01 9.899486237631297536e-01 9.904353395270751870e-01 9.908911029874466481e-01 9.913191444505180527e-01 9.917215698735357687e-01 9.920993605479965227e-01 9.924552387132948850e-01 9.927903351509117513e-01 9.931061521967115002e-01 9.934041704191144406e-01 9.936853519047091909e-01 9.939510950589124372e-01 9.942021919416353937e-01 9.944397566006609734e-01 9.946646050104945846e-01 9.948774893106199224e-01 9.950793417245471506e-01 9.952705423442841370e-01 9.954520798918659041e-01 9.956242679596527534e-01 9.957878330214169349e-01 9.959432746885779064e-01 9.960909458039867159e-01 9.962314964958607355e-01 9.963651358718176310e-01 9.964924055643105127e-01 9.966136445313137360e-01 9.967291112784705254e-01 9.968392725753898453e-01 9.969442724666275346e-01 9.970445093640841749e-01 9.971402302880599811e-01 9.972316166935223380e-01 9.973190141465104741e-01 9.974025369653886086e-01 9.974824607232446461e-01 9.975589906966317866e-01 9.976322336015293057e-01 9.977024594783739930e-01 9.977697707095587454e-01 9.978343379886372988e-01 9.978963457738044829e-01 9.979558501938555759e-01 9.980130580456474387e-01 9.980680689376623116e-01 9.981209737822877015e-01 9.981719300411817652e-01 9.982209942414939086e-01 9.982682913486515819e-01 9.983139227416919503e-01 9.983579332606371537e-01
5.941180009099885639e-01 6.181487058380116251e-01 6.434986939657185712e-01 6.694578304467612151e-01 6.953551845614146520e-01 7.206317477102813784e-01 7.448374544116193041e-01 7.676689651135748527e-01 7.889286384955039866e-01 8.085133810330655812e-01 8.264192749158209006e-01 8.426879473251143171e-01 8.573931161386808553e-01 8.706399118413952198e-01 8.825514850760943775e-01 8.932398318930946379e-01 9.028157445365104783e-01 9.114070925378370269e-01 9.191144789481658917e-01 9.260163306515302173e-01 9.322187490669029408e-01 9.377958397841548166e-01 9.428155763079235641e-01 9.473397231986614431e-01 9.514239435689699764e-01 9.551180565700398972e-01 9.584663966543790492e-01 9.614960617658601105e-01 9.642495008980540572e-01 9.667616524497910646e-01 9.690459551266717986e-01 9.711341924426860617e-01 9.730446198781887990e-01 9.747935631306623439e-01 9.763997466355187616e-01 9.778733203022154097e-01 9.792327364424094904e-01 9.804807882264768848e-01 9.816356062114012238e-01 9.827021590496820558e-01 9.836873622857826849e-01 9.846009917754020568e-01 9.854487341115585330e-01 9.862360308843366452e-01 9.869679820066477038e-01 9.876492971728283443e-01 9.882842834047007585e-01 9.888768555076725697e-01 9.894305592336971600e-01 9.899486002804976925e-01 9.904337627870706262e-01 9.908879386101260289e-01 9.913144036676054816e-01 9.917153017921657154e-01 9.920916541035923464e-01 9.924462117050711907e-01 9.927801366153841123e-01 9.930949549246269603e-01 9.933921644304014587e-01 9.936727461905424663e-01 9.939381035420081778e-01 9.941890394330112901e-01 9.944266658476381693e-01 9.946517980380481516e-01 9.948651845934863847e-01 9.950677434244491470e-01 9.952598535457501949e-01 9.954424790690152847e-01 9.956159275668212683e-01 9.957809030883603141e-01 9.959378879900357973e-01 9.960872200550180411e-01 9.962295244014734985e-01 9.963649960946554529e-01 9.964941533381715955e-01 9.966173166910944348e-01 9.967347266681609863e-01 9.968468300520162417e-01 9.969537543091921972e-01 9.970558803553494220e-01 9.971534397848541564e-01 9.972465980083451420e-01 9.973356886977740032e-01 9.974208110501719959e-01 9.975022306945507955e-01 9.975801434531854639e-01 9.976546428109254183e-01 9.977259958199761192e-01 9.977942944047757390e-01 9.978597041632935039e-01 9.979224083291315939e-01 9.979824518949512724e-01 9.980400461282071811e-01 9.980952869417050177e-01 9.981482612538236099e-01 9.981991326325723168e-01 9.982479523251044373e-01 9.982948505505048198e-01 9.983399327152475689e-01 9.983832397277120352e-01
5.941179730783503476e-01 6.181486130204117968e-01 6.434986624854377446e-01 6.694577286814938910e-01 6.953549841166609680e-01 7.206316167296855646e-01 7.448374447688905775e-01 7.676690539053072637e-01 7.889286794346430653e-01 8.085132379461812402e-01 8.264189811025700605e-01 8.426876819839514976e-01 8.573930825839509717e-01 8.706402018367513929e-01 8.825520169003531201e-01 8.932403813323186448e-01 9.028160477079513191e-01 9.114069689845974986e-01 9.191138908256352158e-01 9.260153981151203473e-01 9.322177077741431450e-01 9.377949705032480043e-01 9.428151386044969495e-01 9.473398893632377638e-01 9.514247643308545443e-01 9.551194595114147479e-01 9.584682044712535820e-01 9.614980090174380933e-01 9.642512959923272842e-01 9.667630269303078006e-01 9.690466634021595027e-01 9.711340785672982756e-01 9.730436082425859556e-01 9.747916717550815235e-01 9.763970735463932682e-01 9.778700447049382127e-01 9.792290735102230359e-01 9.804770175334706073e-01 9.816319876430719127e-01 9.826989623538744389e-01 9.836848399726945136e-01 9.845993451788025430e-01 9.854481214693338043e-01 9.862365585094797771e-01 9.869696996234348374e-01 9.876521974342459265e-01 9.882883049016728538e-01 9.888818883604821863e-01 9.894364523689519464e-01 9.899551696281697621e-01 9.904407984949286092e-01 9.908952045830137223e-01 9.913216654800061090e-01 9.917223250918191235e-01 9.920981954852147178e-01 9.924520558564220440e-01 9.927850782370590821e-01 9.930988116750012473e-01 9.933947820599998701e-01 9.936739946553242442e-01 9.939378867471947432e-01 9.941872890110357019e-01 9.944233462456905093e-01 9.946469032127278620e-01 9.948587381056736012e-01 9.950597956743900685e-01 9.952504827184149860e-01 9.954317834981999402e-01 9.956040301330997266e-01 9.957679422329018815e-01 9.959240171930382468e-01 9.960726097140680801e-01 9.962143478531135798e-01 9.963494418471258163e-01 9.964784084970589317e-01 9.966015712483967670e-01 9.967191750602961697e-01 9.968316563006662800e-01 9.969391471729334153e-01 9.970420156605891426e-01 9.971404866042147264e-01 9.972347207475505959e-01 9.973250341750532488e-01 9.974115216784641413e-01 9.974944321860155227e-01 9.975739480872944931e-01 9.976501541577410537e-01 9.977232978256824758e-01 9.977934605828036041e-01 9.978607928169089814e-01 9.979254620847217705e-01 9.979875026027790197e-01 9.980471089262071827e-01 9.981043645612811543e-01 9.981593435245396106e-01 9.982121964287007376e-01 9.982629624956742553e-01 9.983117604257235600e-01 9.983586854177434189e-01 9.984037662446672012e-01
5.941179493219180818e-01 6.181485310592335081e-01 6.434986515707965538e-01 6.694577220472093249e-01 6.953549401010880038e-01 7.206315677271676323e-01 7.448373049606002994e-01 7.676688448777181373e-01 7.889284582571028936e-01 8.085131186803815595e-01 8.264190528022907767e-01 8.426878935879206223e-01 8.573932435544091568e-01 8.706401365555804794e-01 8.825516957476030599e-01 8.932399424176695746e-01 9.028157276829812394e-01 9.114069730633271860e-01 9.191142996253481856e-01 9.260161261085363416e-01 9.322185443151718154e-01 9.377956517046462936e-01 9.428154306252137795e-01 9.473396557287457886e-01 9.514239988159249872e-01 9.551182791313822529e-01 9.584668192418708266e-01 9.614966925506226447e-01 9.642503117139914481e-01 9.667625820486420718e-01 9.690469017941053531e-01 9.711350352105818651e-01 9.730452270472372822e-01 9.747938063785990259e-01 9.763995206130288151e-01 9.778725472125322504e-01 9.792313839796481512e-01 9.804788708808001019e-01 9.816331856564841640e-01 9.826993429250587830e-01 9.836843038176790177e-01 9.845978658954125384e-01 9.854457354887157239e-01 9.862333626401715847e-01 9.869658433654618923e-01 9.876478716545585845e-01 9.882837286559432721e-01 9.888772953559988865e-01 9.894320781714792679e-01 9.899512403079677725e-01 9.904375222831808268e-01 9.908927700819645246e-01 9.913202183402974876e-01 9.917219743454145364e-01 9.920990159384875939e-01 9.924540752478178129e-01 9.927882857605175859e-01 9.931031576189919274e-01 9.934001817051851813e-01 9.936803297046057359e-01 9.939450143598479448e-01 9.941950408144274443e-01 9.944315391629136025e-01 9.946553412534715477e-01 9.948672163791191236e-01 9.950681126535049215e-01 9.952584294311977997e-01 9.954391685969956605e-01 9.956106630089441856e-01 9.957736515028989821e-01 9.959286469421870791e-01 9.960760182048031819e-01 9.962164197455090076e-01 9.963500768963203802e-01 9.964775329291162276e-01 9.965991327066884287e-01 9.967151426693795502e-01 9.968260231540390093e-01 9.969319268822712798e-01 9.970332432202702044e-01 9.971302161128092756e-01 9.972230262066300588e-01 9.973120039955236660e-01 9.973972628125938877e-01 9.974790632808342439e-01 9.975575987522067312e-01 9.976329693273483512e-01 9.977054248365142541e-01 9.977750580405087000e-01 9.978420236858880354e-01 9.979064888943243172e-01 9.979684986163362970e-01 9.980282397138771078e-01 9.980857972038130743e-01 9.981412463917820332e-01 9.981947279397298534e-01 9.982462830987978153e-01 9.982960211140724516e-01 9.983440290945576612e-01 9.983903351413753180e-01
5.941179289748542702e-01 6.181484609073342185e-01 6.434986423654085463e-01 6.694577165427120224e-01 6.953549030041050738e-01 7.206315504334316335e-01 7.448372814135046927e-01 7.676688327451995919e-01 7.889284494297881256e-01 8.085130579841085519e-01 8.264188802060462580e-01 8.426876064132361455e-01 8.573929170496722429e-01 8.706399516036780195e-01 8.825518101238828406e-01 8.932403358103749857e-01 9.028161755797978749e-01 9.114072031969479015e-01 9.191141338764935442e-01 9.260155738176215623e-01 9.322177986277968564e-01 9.377950027672220523e-01 9.428151564107053462e-01 9.473399258013585067e-01 9.514248235484337179e-01 9.551195136264506447e-01 9.584682092065293091e-01 9.614979175142926993e-01 9.642510894071025795e-01 9.667627182023386112e-01 9.690463035454702778e-01 9.711337468004717088e-01 9.730433996544558539e-01 9.747916830602206817e-01 9.763973816286463103e-01 9.778706969130736004e-01 9.792300756759637625e-01 9.804783273941116706e-01 9.816335254377587249e-01 9.827006096172863359e-01 9.836864469499426722e-01 9.846007577623802076e-01 9.854491846007515932e-01 9.862371295501579649e-01 9.869696605608372364e-01 9.876514648087625359e-01 9.882868363215716601e-01 9.888796854873267428e-01 9.894335606619529822e-01 9.899516753771363531e-01 9.904368246128125719e-01 9.908909108170032010e-01 9.913172274931112415e-01 9.917179315328354949e-01 9.920940535739422028e-01 9.924483571554523209e-01 9.927820107132317995e-01 9.930965453376011665e-01 9.933934614024726439e-01 9.936737396054027283e-01 9.939387817778682077e-01 9.941893868539094514e-01 9.944266625062377907e-01 9.946514185723399626e-01 9.948643976945168443e-01 9.950665137237612035e-01 9.952581386648400308e-01 9.954402356736284929e-01 9.956131072057315956e-01 9.957774578015370359e-01 9.959337701138611942e-01 9.960823823108048147e-01 9.962239255211221556e-01 9.963585974243462928e-01 9.964869246585580376e-01 9.966092353317159702e-01 9.967257785951652016e-01 9.968370123514298520e-01 9.969430745840922592e-01 9.970443582896624246e-01 9.971411069047233511e-01 9.972334992511099339e-01 9.973218798058585133e-01 9.974063622040484356e-01 9.974872226634743377e-01 9.975646675833648169e-01 9.976388050637712279e-01 9.977099073922330863e-01 9.977780790176334902e-01 9.978434930246402601e-01 9.979063361246937047e-01 9.979666668072124658e-01 9.980246937241147309e-01 9.980805182464389524e-01 9.981342328597894165e-01 9.981859957116856474e-01 9.982358642354374201e-01 9.982839632956680420e-01 9.983303938190398741e-01 9.983752000901811030e-01
5.941179115686341383e-01 6.181484016103400148e-01 6.434986344648127021e-01 6.694577117830828872e-01 6.953548712585779779e-01 7.206315351411487491e-01 7.448372613472666881e-01 7.676688207387607488e-01 7.889284427817369050e-01 8.085130505126103539e-01 8.264188727451471372e-01 8.426876013965940437e-01 8.573929322718640833e-01 8.706399249318835798e-01 8.825516434801899956e-01 8.932400031032095011e-01 9.028157709020782073e-01 9.114068754055659749e-01 9.191140503404481299e-01 9.260158778257960854e-01 9.322183886177908274e-01 9.377956331452931282e-01 9.428155468551081553e-01 9.473398775557783091e-01 9.514242932052054957e-01 9.551186225971554089e-01 9.584671986831853063e-01 9.614970963677125226e-01 9.642507196380430967e-01 9.667629601733519484e-01 9.690471964132220117e-01 9.711351866493410645e-01 9.730451781395222932e-01 9.747935156587176353e-01 9.763989764369391811e-01 9.778717784869206398e-01 9.792304531791570232e-01 9.804778867851484669e-01 9.816322685623044553e-01 9.826986315621160095e-01 9.836839375786660122e-01 9.845979580341266413e-01 9.854463706099830800e-01 9.862345857585167463e-01 9.869676529013656774e-01 9.876502172963363968e-01 9.882865139013530253e-01 9.888803838861260909e-01 9.894353029291186319e-01 9.899544141496967598e-01 9.904404475790176132e-01 9.908952433370101787e-01 9.913220582677498838e-01 9.917230222364928904e-01 9.920991343695868547e-01 9.924531728688714693e-01 9.927863080170682419e-01 9.931000932791077540e-01 9.933960626297371199e-01 9.936752297842297299e-01 9.939390440834369178e-01 9.941883467443159983e-01 9.944242940410795706e-01 9.946477405185039089e-01 9.948594730398738761e-01 9.950604425849970402e-01 9.952510612635955267e-01 9.954323146327409555e-01 9.956045358617572338e-01 9.957684419682438781e-01 9.959245266136250718e-01 9.960731392342950796e-01 9.962149008037844977e-01 9.963500137187532024e-01 9.964789863381671164e-01 9.966021334335984916e-01 9.967196902076306264e-01 9.968320860057432453e-01 9.969394428622931903e-01 9.970421231852277799e-01 9.971403455173760699e-01 9.972342636155340223e-01 9.973241928562791569e-01 9.974102223755013652e-01 9.974926022326618957e-01 9.975715158039909491e-01 9.976470467065639003e-01 9.977194495036501021e-01 9.977888078804557637e-01 9.978552788256163097e-01 9.979190384009328785e-01 9.979801259812669523e-01 9.980387478972655435e-01 9.980949965190216711e-01 9.981489559252304522e-01 9.982007883826089500e-01 9.982505439139203185e-01 9.982983529619658958e-01 9.983443216991341185e-01 9.983884917783664159e-01
5.941178962353644843e-01 6.181483511631608030e-01 6.434986274728672351e-01 6.694577080900618871e-01 6.953548429105389506e-01 7.206315226464666823e-01 7.448372449452623778e-01 7.676688127804172090e-01 7.889284371079683389e-01 8.085130419040166272e-01 8.264188690733975662e-01 8.426875969915430531e-01 8.573929273659700590e-01 8.706399236576892742e-01 8.825516422746263467e-01 8.932400014652652764e-01 9.028157773868306091e-01 9.114068925803878729e-01 9.191140251488542079e-01 9.260156831797128341e-01 9.322180388266905204e-01 9.377952227469134039e-01 9.428152032641898828e-01 9.473396535543150421e-01 9.514243192467313204e-01 9.551190118765070514e-01 9.584678643153698996e-01 9.614978303290624417e-01 9.642512890667522818e-01 9.667631800202136638e-01 9.690469600669215922e-01 9.711345148344023848e-01 9.730441943703284080e-01 9.747924282362948611e-01 9.763980177759354895e-01 9.778711777548679818e-01 9.792303713115053654e-01 9.804784160036494889e-01 9.816333982004394887e-01 9.827002663950267225e-01 9.836858996948139033e-01 9.846000311212634859e-01 9.854483179028664663e-01 9.862361777083632486e-01 9.869686935996303534e-01 9.876505651777403028e-01 9.882860944641611578e-01 9.888791941092717197e-01 9.894334083464003671e-01 9.899519401911819338e-01 9.904375685777901950e-01 9.908921756267097258e-01 9.913190261857316443e-01 9.917202497260795280e-01 9.920968451192480053e-01 9.924515493890911921e-01 9.927855022158574849e-01 9.931002116715800243e-01 9.933971614471671652e-01 9.936773159958338653e-01 9.939420747655299815e-01 9.941922323431583441e-01 9.944289051903771881e-01 9.946529117700513289e-01 9.948650132508636279e-01 9.950661484512384192e-01 9.952567100951982271e-01 9.954376942094413927e-01 9.956094301058429075e-01 9.957726544274274616e-01 9.959278793007780850e-01 9.960754739016614012e-01 9.962160939080194622e-01 9.963499663489865377e-01 9.964776364334103631e-01 9.965994509180136074e-01 9.967156780969051999e-01 9.968267792546268158e-01 9.969329081178885943e-01 9.970344537044160127e-01 9.971316591783798700e-01 9.972247036595557335e-01 9.973139150255789787e-01 9.973994034757879268e-01 9.974814256792066125e-01 9.975601706687455827e-01 9.976357329510237015e-01 9.977083577313495821e-01 9.977781315058169564e-01 9.978452032881895972e-01 9.979097354956023569e-01 9.979717651448156701e-01 9.980314759672944680e-01 9.980889474278239470e-01 9.981442489710916632e-01 9.981975198374865021e-01 9.982487953254226554e-01 9.982981836762279126e-01 9.983457710968708376e-01 9.983915812202373008e-01
5.941178844015837512e-01 6.181483073635938297e-01 6.434986222728585892e-01 6.694577045626065592e-01 6.953548198611874120e-01 7.206315124245539216e-01 7.448372308974574585e-01 7.676688036596930331e-01 7.889284321322678206e-01 8.085130366022145187e-01 8.264188622992523214e-01 8.426875930863880759e-01 8.573929253705742104e-01 8.706399202324488495e-01 8.825516406752933474e-01 8.932400011337139345e-01 9.028157759083941247e-01 9.114068910245942678e-01 9.191140250512035426e-01 9.260156830193512212e-01 9.322180376727813300e-01 9.377952231240743730e-01 9.428152109496327204e-01 9.473397243753299835e-01 9.514243635377203079e-01 9.551188781421076079e-01 9.584675393367289020e-01 9.614973854636538197e-01 9.642508358601793450e-01 9.667627964345882896e-01 9.690465528743718027e-01 9.711345028463347351e-01 9.730446787548191478e-01 9.747933228602926325e-01 9.763991409957969436e-01 9.778722783984272748e-01 9.792312170592164522e-01 9.804787986961153168e-01 9.816332183330238603e-01 9.826995145851843416e-01 9.836846751865504501e-01 9.845985085400108527e-01 9.854467226678234049e-01 9.862347542254040755e-01 9.869676708197625548e-01 9.876501264678279046e-01 9.882863563008520424e-01 9.888801953264841904e-01 9.894351095180251576e-01 9.899542314114857522e-01 9.904402821038483795e-01 9.908950945057684034e-01 9.913219228144649620e-01 9.917228972656292330e-01 9.920990209953109984e-01 9.924530788902483636e-01 9.927862498400423785e-01 9.931000959227597180e-01 9.933961584017313440e-01 9.936754575934698686e-01 9.939394446752598533e-01 9.941889615916337242e-01 9.944251599201120451e-01 9.946488871935207365e-01 9.948609198088937955e-01 9.950621953702006861e-01 9.952531107483364448e-01 9.954346356987254785e-01 9.956070854513352497e-01 9.957711615787131487e-01 9.959273429403464606e-01 9.960759631209343823e-01 9.962176362421423237e-01 9.963525517696384393e-01 9.964812168755081689e-01 9.966039443372268769e-01 9.967209679112086773e-01 9.968327247730534024e-01 9.969393431447419740e-01 9.970412006292487250e-01 9.971385292015538804e-01 9.972314974132490129e-01 9.973204410810264653e-01 9.974054666703341399e-01 9.974868454255596539e-01 9.975647803993096252e-01 9.976393766283214726e-01 9.977109066446452346e-01 9.977794742982807330e-01 9.978452539056574810e-01 9.979084344151536445e-01 9.979690753006751347e-01 9.980273886873411993e-01 9.980834780864854539e-01 9.981374381136252083e-01 9.981894296669411304e-01 9.982395115649672634e-01 9.982878104453646317e-01 9.983344283258449581e-01 9.983794095626382648e-01
5.941178737761030337e-01 6.181482729686920141e-01 6.434986174579493401e-01 6.694577018239904476e-01 6.953548004637476465e-01 7.206315035988031248e-01 7.448372200146159416e-01 7.676687960951205092e-01 7.889284286811060198e-01 8.085130311977504203e-01 8.264188584637558455e-01 8.426875903830025605e-01 8.573929233467919575e-01 8.706399184548961889e-01 8.825516397846988603e-01 8.932400008958580884e-01 9.028157706424242424e-01 9.114068906339800602e-01 9.191140248581269878e-01 9.260156823134108039e-01 9.322180373057203928e-01 9.377952229657940952e-01 9.428152105165049646e-01 9.473397238991538849e-01 9.514243633315520032e-01 9.551188780306089088e-01 9.584675392693750018e-01 9.614973852283213995e-01 9.642508390465430734e-01 9.667628397105599847e-01 9.690468236342023589e-01 9.711346161697499424e-01 9.730445118791284376e-01 9.747928868274621239e-01 9.763985156473183880e-01 9.778716002414146180e-01 9.792306269331944035e-01 9.804783501234491938e-01 9.816328496109218982e-01 9.826997196319957606e-01 9.836854550597595725e-01 9.845997563337527403e-01 9.854482489138475243e-01 9.862363182572599918e-01 9.869690212510392469e-01 9.876510412821529750e-01 9.882866749386325367e-01 9.888798385763891696e-01 9.894340862565689232e-01 9.899526335551811496e-01 9.904382716917863316e-01 9.908928929731015689e-01 9.913197675871313619e-01 9.917210256035955407e-01 9.920976623941648587e-01 9.924524068759679185e-01 9.927863886219884249e-01 9.931011047481834719e-01 9.933980291324647771e-01 9.936781173097987141e-01 9.939427649966093847e-01 9.941927646210049208e-01 9.944292368324065823e-01 9.946530089262998198e-01 9.948648502222484646e-01 9.950657131606379657e-01 9.952560054330196193e-01 9.954367388955319695e-01 9.956082597169809700e-01 9.957713186630109403e-01 9.959264403894997342e-01 9.960740062955554253e-01 9.962146756497574085e-01 9.963486826785331596e-01 9.964765692776316186e-01 9.965986786002477560e-01 9.967152730918305004e-01 9.968268003576084002e-01 9.969334034864075766e-01 9.970354537903335368e-01 9.971331778440495341e-01 9.972267364229233655e-01 9.973164391847917365e-01 9.974023770988863502e-01 9.974847900506279563e-01 9.975638518978845459e-01 9.976396394581963367e-01 9.977123900249702526e-01 9.977821772725776750e-01 9.978491437073286896e-01 9.979134505736592109e-01 9.979751264949661138e-01 9.980343620645311109e-01 9.980912398392846052e-01 9.981458317708488126e-01 9.981982904347056484e-01 9.982486599883251266e-01 9.982970641934845180e-01 9.983436042340405603e-01 9.983883168220314408e-01
5.941178641757801637e-01 6.181482433193756787e-01 6.434986131126585462e-01 6.694576996534389313e-01 6.953547831093381815e-01 7.206314972320851941e-01 7.448372089657708806e-01 7.676687818000231811e-01 7.889284190687950726e-01 8.085130150739088251e-01 8.264188537279029134e-01 8.426875886902727153e-01 8.573929205388327590e-01 8.706399168488717644e-01 8.825516391503801517e-01 8.932399998565528909e-01 9.028157744416177577e-01 9.114068903159525670e-01 9.191140247741678149e-01 9.260156821266893878e-01 9.322180370942059202e-01 9.377952228384905942e-01 9.428152104051287230e-01 9.473397237685202699e-01 9.514243633070855743e-01 9.551188779940629203e-01 9.584675392491200929e-01 9.614973851976589270e-01 9.642508390697226428e-01 9.667628397059738754e-01 9.690468236125229229e-01 9.711346161579734737e-01 9.730445118805624016e-01 9.747928868508209943e-01 9.763985156546375332e-01 9.778716002317805467e-01 9.792306269476213076e-01 9.804784375142794328e-01 9.816331680556936723e-01 9.826998074640749259e-01 9.836852777664346625e-01 9.845993362924944092e-01 9.854476549334136859e-01 9.862356526730962081e-01 9.869684006322860803e-01 9.876505750536470618e-01 9.882864474740952199e-01 9.888792108192305808e-01 9.894339469763843153e-01 9.899530313437120421e-01 9.904391820556475157e-01 9.908942187003604296e-01 9.913213618274734351e-01 9.917227102578480835e-01 9.920992362313665325e-01 9.924536922257023441e-01 9.927872321552386747e-01 9.931013990147029569e-01 9.933977222423384656e-01 9.936772144489530723e-01 9.939413272691255408e-01 9.941909037579236275e-01 9.944271019252625132e-01 9.946507755614076851e-01 9.948627078453378125e-01 9.950638442438677345e-01 9.952545859000180295e-01 9.954359095075656638e-01 9.956081329964038273e-01 9.957719621929098652e-01 9.959278787992992266e-01 9.960762187335833184e-01 9.962175999694178330e-01 9.963522148240968601e-01 9.964805752845146136e-01 9.966029990974345498e-01 9.967197266943922385e-01 9.968312041065072737e-01 9.969375646702074434e-01 9.970391934720042038e-01 9.971363301324492889e-01 9.972291520281265642e-01 9.973180003086291601e-01 9.974029901676412235e-01 9.974843967562779801e-01 9.975624265596041429e-01 9.976371898211346956e-01 9.977089562668344236e-01 9.977778309109959221e-01 9.978439844349991095e-01 9.979075993111830023e-01 9.979687316615641901e-01 9.980275822543340780e-01 9.980842459116142651e-01 9.981388068220383714e-01 9.981914129343111286e-01 9.982421111384773837e-01 9.982910145612212682e-01 9.983382125631315995e-01 9.983837350478809158e-01
5.941178576118273380e-01 6.181482160870291898e-01 6.434986110963006878e-01 6.694576970509314995e-01 6.953547738440217785e-01 7.206314885469348175e-01 7.448372058147354480e-01 7.676687827994946867e-01 7.889284192660436235e-01 8.085130173042680557e-01 8.264188478780446490e-01 8.426875883141455859e-01 8.573929182556496720e-01 8.706399165826188558e-01 8.825516351373223767e-01 8.932400002661471383e-01 9.028157742309873557e-01 9.114068903270124977e-01 9.191140231373099434e-01 9.260156794317133677e-01 9.322180372494238698e-01 9.377952206452523365e-01 9.428152102678368784e-01 9.473397237560819972e-01 9.514243631816825530e-01 9.551188779103626514e-01 9.584675392542743033e-01 9.614973851980741504e-01 9.642508389818097436e-01 9.667628396897895993e-01 9.690468236085894027e-01 9.711346161484430972e-01 9.730445118615305145e-01 9.747928868223701970e-01 9.763985156420976752e-01 9.778716002289777887e-01 9.792306269465513857e-01 9.804784375002604246e-01 9.816331680464819298e-01 9.826998074600136190e-01 9.836852777619186083e-01 9.845993362890425038e-01 9.854476549296353749e-01 9.862356526692006575e-01 9.869684006282554156e-01 9.876505757125930707e-01 9.882864503326530548e-01 9.888799047556425803e-01 9.894344517883403300e-01 9.899532669132515839e-01 9.904391069429550054e-01 9.908938353013307943e-01 9.913207135502271061e-01 9.917218719189166976e-01 9.920983109251456655e-01 9.924527864989451942e-01 9.927864533025189120e-01 9.931007932246831427e-01 9.933966756546011023e-01 9.936767998750034581e-01 9.939416137761337700e-01 9.941918934571613020e-01 9.944287297538279002e-01 9.946529188967285773e-01 9.948651969444072263e-01 9.950664855940455356e-01 9.952571644802475914e-01 9.954382266534158585e-01 9.956100013520831071e-01 9.957732336176827737e-01 9.959284467613784830e-01 9.960760241836996709e-01 9.962166366087589209e-01 9.963505264968062214e-01 9.964782509144374245e-01 9.966001659375088861e-01 9.967165466300488275e-01 9.968278528584283427e-01 9.969342371529132940e-01 9.970360783918242875e-01 9.971336080715810235e-01 9.972269900874431992e-01 9.973165340516201294e-01 9.974023303645516147e-01 9.974846159278748514e-01 9.975635611701726413e-01 9.976392391643555957e-01 9.977118830970612695e-01 9.977815631594921797e-01 9.978484189903424895e-01 9.979126101842682450e-01 9.979741644332409400e-01 9.980332740522526169e-01 9.980900222348827455e-01 9.981444855590685394e-01 9.981968206747635630e-01 9.982470746703646647e-01 9.982953767936825207e-01 9.983418338386454982e-01 9.983864897834656693e-01
5.941178510617900477e-01 6.181481978292542312e-01 6.434986073905247794e-01 6.694576958028164437e-01 6.953547574140025445e-01 7.206314845208453557e-01 7.448371950436086797e-01 7.676687795560377392e-01 7.889284181345210811e-01 8.085130133853425383e-01 8.264188410319376343e-01 8.426875791119401438e-01 8.573929146697139014e-01 8.706399124742567608e-01 8.825516371459558584e-01 8.932399966744687392e-01 9.028157735353774527e-01 9.114068897177981521e-01 9.191140246428448624e-01 9.260156817713613986e-01 9.322180367935400946e-01 9.377952226204664399e-01 9.428152090397499130e-01 9.473397237051143227e-01 9.514243631096820364e-01 9.551188778984036620e-01 9.584675392480289657e-01 9.614973851669507132e-01 9.642508389702054705e-01 9.667628396875495023e-01 9.690468235973375144e-01 9.711346161287340850e-01 9.730445118562558449e-01 9.747928868277475623e-01 9.763985156410805999e-01 9.778716002171792265e-01 9.792306269445220090e-01 9.804784375036276201e-01 9.816331680485447242e-01 9.826998074604680333e-01 9.836852777599526254e-01 9.845993362883362909e-01 9.854476549305781763e-01 9.862356526704155746e-01 9.869684006290802003e-01 9.876505757129778740e-01 9.882864503333879114e-01 9.888799047568461731e-01 9.894344517897686320e-01 9.899532669142373509e-01 9.904391069430666938e-01 9.908938353019443035e-01 9.913207135507279277e-01 9.917218719189321297e-01 9.920983109256870103e-01 9.924527864992643833e-01 9.927864533071432129e-01 9.931008402518399780e-01 9.933974533384025696e-01 9.936772786355330123e-01 9.939417360668909573e-01 9.941916390130254300e-01 9.944281185640468923e-01 9.946520067630176820e-01 9.948640704973501503e-01 9.950652494005797211e-01 9.952559392040726260e-01 9.954371269843252934e-01 9.956091379788507556e-01 9.957726961436401680e-01 9.959279481942487910e-01 9.960759804478173107e-01 9.962164237050682436e-01 9.963509767695676311e-01 9.964793568707011051e-01 9.966018757500914038e-01 9.967187649208075761e-01 9.968304549215571964e-01 9.969370669410345664e-01 9.970389697945465368e-01 9.971363896020242201e-01 9.972294909981176403e-01 9.973186047112920782e-01 9.974038369541812221e-01 9.974854572327775948e-01 9.975636685624683642e-01 9.976385782747599906e-01 9.977104577359006132e-01 9.977794125159246130e-01 9.978456162047545375e-01 9.979092551745276651e-01 9.979703879638536224e-01 9.980292201072245017e-01 9.980858494496358535e-01 9.981403628961375007e-01 9.981929112200091936e-01 9.982435426065052742e-01 9.982923714729720066e-01 9.983394877003683998e-01 9.983849207156970662e-01
5.941178459225622266e-01 6.181481791953551408e-01 6.434986047498610917e-01 6.694576946925608896e-01 6.953547471612530062e-01 7.206314760653556029e-01 7.448371889360588805e-01 7.676687776624914195e-01 7.889284193629744202e-01 8.085130179265955785e-01 8.264188474619560409e-01 8.426875796543592534e-01 8.573929099191760494e-01 8.706399119855907642e-01 8.825516385514805551e-01 8.932399988933902302e-01 9.028157727218497630e-01 9.114068902484004919e-01 9.191140234116191854e-01 9.260156782467834358e-01 9.322180343280230819e-01 9.377952227964322374e-01 9.428152106575568014e-01 9.473397205745528460e-01 9.514243599305082233e-01 9.551188777100712013e-01 9.584675392145295403e-01 9.614973851562779172e-01 9.642508389727144635e-01 9.667628396790189926e-01 9.690468235837256250e-01 9.711346161350561390e-01 9.730445118582954356e-01 9.747928868192196061e-01 9.763985156371670637e-01 9.778716002210335878e-01 9.792306269456443335e-01 9.804784374997930207e-01 9.816331680464697174e-01 9.826998074597961264e-01 9.836852777619721211e-01 9.845993362905811619e-01 9.854476549313424538e-01 9.862356526704545434e-01 9.869684006293457657e-01 9.876505757138359654e-01 9.882864503348084417e-01 9.888799047581141588e-01 9.894344517906289438e-01 9.899532669145258978e-01 9.904391069431296435e-01 9.908938353025813495e-01 9.913207135516027835e-01 9.917218719189575538e-01 9.920983109263173949e-01 9.924527864995071891e-01 9.927864533074335363e-01 9.931008402522129019e-01 9.933974533386742412e-01 9.936772786359938658e-01 9.939417360672133661e-01 9.941916390134654113e-01 9.944281185643869536e-01 9.946520067632963480e-01 9.948640704977100846e-01 9.950652494006674287e-01 9.952559392042410469e-01 9.954371269844513037e-01 9.956091379794906882e-01 9.957726961479833605e-01 9.959283014299342707e-01 9.960763097618557937e-01 9.962173604108187641e-01 9.963516657201373361e-01 9.964797550872636078e-01 9.966019609174179283e-01 9.967185367626759662e-01 9.968299334799654021e-01 9.969362915807570280e-01 9.970379933756158275e-01 9.971352751890861787e-01 9.972283091986413606e-01 9.973174243374250958e-01 9.974027264700242590e-01 9.974844761018789585e-01 9.975628659620360272e-01 9.976379922117838417e-01 9.977093954014460975e-01 9.977789017947098493e-01 9.978458145108589639e-01 9.979101939457554193e-01 9.979720277585790722e-01 9.980314887204745355e-01 9.980886449956828388e-01 9.981435565656805453e-01 9.981963617168851943e-01 9.982470922985317019e-01 9.982958623904352180e-01 9.983427665820934216e-01 9.983878371599902435e-01
5.941178420958164175e-01 6.181481616356322428e-01 6.434986035097348678e-01 6.694576933008192787e-01 6.953547409159430703e-01 7.206314775763705827e-01 7.448371866098832950e-01 7.676687732747828896e-01 7.889284149366827537e-01 8.085130160556903700e-01 8.264188416426699879e-01 8.426875815194252439e-01 8.573929148316752347e-01 8.706399102943843671e-01 8.825516350444618796e-01 8.932399980564462716e-01 9.028157709878249504e-01 9.114068861723222392e-01 9.191140245038269541e-01 9.260156809750647033e-01 9.322180330422029648e-01 9.377952212598194004e-01 9.428152081242706650e-01 9.473397217237938817e-01 9.514243621843051502e-01 9.551188764038364143e-01 9.584675392202095523e-01 9.614973851937065330e-01 9.642508387481623089e-01 9.667628396974715654e-01 9.690468235665384844e-01 9.711346160179390452e-01 9.730445118647202962e-01 9.747928868197518470e-01 9.763985156414052291e-01 9.778716002310210431e-01 9.792306269469738256e-01 9.804784375054026446e-01 9.816331680524698067e-01 9.826998074625558077e-01 9.836852777649250923e-01 9.845993362935985260e-01 9.854476549342540137e-01 9.862356526732629636e-01 9.869684006313522717e-01 9.876505757153665188e-01 9.882864503364403586e-01 9.888799047601112280e-01 9.894344517929084537e-01 9.899532669160957532e-01 9.904391069433302608e-01 9.908938353039931091e-01 9.913207135530335279e-01 9.917218719189950793e-01 9.920983109277194956e-01 9.924527865005466909e-01 9.927864533082912946e-01 9.931008402532074397e-01 9.933974533392846418e-01 9.936772786369717503e-01 9.939417360678325375e-01 9.941916390143180626e-01 9.944281185651275834e-01 9.946520067638839890e-01 9.948640704985481920e-01 9.950652494008629390e-01 9.952559392051114617e-01 9.954371269847749337e-01 9.956091379801750296e-01 9.957726961486220718e-01 9.959283014302305892e-01 9.960763097625706664e-01 9.962173604110418079e-01 9.963516657207467375e-01 9.964797550878194965e-01 9.966019609177030336e-01 9.967185367633166759e-01 9.968299334801469236e-01 9.969362915812710613e-01 9.970379933760779023e-01 9.971352751893046706e-01 9.972283091991808179e-01 9.973174243376216053e-01 9.974027264704578011e-01 9.974844761022699791e-01 9.975628659622288730e-01 9.976379922180204085e-01 9.977101104033772039e-01 9.977793121481380867e-01 9.978457559328015591e-01 9.979096149902751955e-01 9.979709340933778927e-01 9.980299099608868074e-01 9.980866321697012822e-01 9.981411810377712746e-01 9.981937068932386081e-01 9.982442555984289978e-01 9.982929454725505414e-01 9.983398716552234209e-01 9.983850683014400262e-01
5.941178381366254424e-01 6.181481499987498962e-01 6.434986016043666712e-01 6.694576920882785442e-01 6.953547368709122045e-01 7.206314751052553813e-01 7.448371806954436902e-01 7.676687728755842155e-01 7.889284161522241989e-01 8.085130147940310374e-01 8.264188423229766878e-01 8.426875825757169647e-01 8.573929133519989643e-01 8.706399099446834322e-01 8.825516375014611503e-01 8.932399981170008330e-01 9.028157714349169805e-01 9.114068878850196676e-01 9.191140237199098006e-01 9.260156786864193190e-01 9.322180340836877521e-01 9.377952226587180640e-01 9.428152089842499750e-01 9.473397207106298845e-01 9.514243607075987263e-01 9.551188778607661023e-01 9.584675392369211844e-01 9.614973851329131627e-01 9.642508389066740682e-01 9.667628396638021648e-01 9.690468235867328861e-01 9.711346160628201440e-01 9.730445118379190683e-01 9.747928868333252117e-01 9.763985156368374385e-01 9.778716002289917775e-01 9.792306269431028110e-01 9.804784375094713900e-01 9.816331680521782621e-01 9.826998074638074732e-01 9.836852777695430650e-01 9.845993362957733419e-01 9.854476549359456605e-01 9.862356526749724850e-01 9.869684006291452594e-01 9.876505757063239743e-01 9.882864503359852781e-01 9.888799047605486559e-01 9.894344517933333361e-01 9.899532669164300414e-01 9.904391069434043127e-01 9.908938353044270952e-01 9.913207135533924630e-01 9.917218719190099563e-01 9.920983109279891687e-01 9.924527865007271021e-01 9.927864533085143384e-01 9.931008402535128621e-01 9.933974533394367423e-01 9.936772786372670696e-01 9.939417360679696500e-01 9.941916390144976967e-01 9.944281185652922295e-01 9.946520067640391982e-01 9.948640704987724570e-01 9.950652494009178950e-01 9.952559392053534904e-01 9.954371269848601989e-01 9.956091379803305719e-01 9.957726961487523010e-01 9.959283014303004222e-01 9.960763097627723939e-01 9.962173604111046465e-01 9.963516657209121608e-01 9.964797550879735955e-01 9.966019609177779737e-01 9.967185367634789905e-01 9.968299334801912215e-01 9.969362915814051762e-01 9.970379933762084645e-01 9.971352751893672872e-01 9.972283091993470183e-01 9.973174243376814463e-01 9.974027264705851437e-01 9.974844761024004303e-01 9.975628659622621797e-01 9.976379922181568549e-01 9.977101104034520329e-01 9.977793121482286809e-01 9.978457559329293458e-01 9.979096149902862978e-01 9.979709340934996842e-01 9.980299099609867275e-01 9.980866321697550170e-01 9.981411810378935101e-01 9.981937068932870138e-01 9.982442555985213684e-01 9.982929454726541252e-01 9.983398716552434049e-01 9.983850683015615957e-01
5.941178349920799295e-01 6.181481462946821770e-01 6.434986010543897184e-01 6.694576905133882150e-01 6.953547317217789736e-01 7.206314721012379021e-01 7.448371742769938075e-01 7.676687692045223166e-01 7.889284138538273927e-01 8.085130137699761965e-01 8.264188404650086861e-01 8.426875802768000190e-01 8.573929152139160292e-01 8.706399125774828551e-01 8.825516368299083370e-01 8.932399985006611587e-01 9.028157727915837594e-01 9.114068885859090141e-01 9.191140241003837863e-01 9.260156812498975265e-01 9.322180347857063065e-01 9.377952213922188252e-01 9.428152092584044519e-01 9.473397228396680525e-01 9.514243610640638060e-01 9.551188774763205158e-01 9.584675390545280838e-01 9.614973846101418919e-01 9.642508388606153558e-01 9.667628395010635645e-01 9.690468236236208233e-01 9.711346161603824356e-01 9.730445112184014089e-01 9.747928868269197800e-01 9.763985155862674459e-01 9.778716002563813126e-01 9.792306269445876232e-01 9.804784375362110005e-01 9.816331679712253511e-01 9.826998074270071326e-01 9.836852777774285350e-01 9.845993363033648249e-01 9.854476549125718021e-01 9.862356526781418387e-01 9.869684006090045925e-01 9.876505757121907259e-01 9.882864503331844075e-01 9.888799047614657001e-01 9.894344517938253869e-01 9.899532669165490573e-01 9.904391069434594908e-01 9.908938353049879799e-01 9.913207135539073844e-01 9.917218719190189491e-01 9.920983109282441870e-01 9.924527865010088767e-01 9.927864533088693877e-01 9.931008402538665791e-01 9.933974533396280338e-01 9.936772786374968858e-01 9.939417360681448432e-01 9.941916390147697014e-01 9.944281185655484689e-01 9.946520067642351526e-01 9.948640704990314720e-01 9.950652494009746274e-01 9.952559392056000709e-01 9.954371269849537907e-01 9.956091379805324104e-01 9.957726961489684614e-01 9.959283014303944581e-01 9.960763097629919960e-01 9.962173604111743686e-01 9.963516657211078931e-01 9.964797550881380195e-01 9.966019609178603522e-01 9.967185367636712812e-01 9.968299334802490641e-01 9.969362915815691562e-01 9.970379933763638958e-01 9.971352751894408950e-01 9.972283091995230997e-01 9.973174243377443959e-01 9.974027264707172602e-01 9.974844761025344342e-01 9.975628659622982619e-01 9.976379922183076232e-01 9.977101104035381862e-01 9.977793121483324867e-01 9.978457559330742299e-01 9.979096149902980661e-01 9.979709340936295803e-01 9.980299099610910885e-01 9.980866321698113053e-01 9.981411810380225180e-01 9.981937068933396384e-01 9.982442555986221766e-01 9.982929454727683671e-01 9.983398716552650543e-01 9.983850683016832761e-01
5.941178357972798363e-01 6.181481310209742119e-01 6.434985982818570704e-01 6.694576886031766705e-01 6.953547227806465836e-01 7.206314687822474863e-01 7.448371720855836431e-01 7.676687682393373846e-01 7.889284133702693103e-01 8.085130088352470157e-01 8.264188404657597520e-01 8.426875790538186362e-01 8.573929139366521790e-01 8.706399105125940396e-01 8.825516346057316053e-01 8.932399986230306066e-01 9.028157732210118080e-01 9.114068879025641889e-01 9.191140241727571158e-01 9.260156818246434440e-01 9.322180364045949963e-01 9.377952206773324528e-01 9.428152099736184510e-01 9.473397223110381349e-01 9.514243623106012349e-01 9.551188779428305686e-01 9.584675392290713525e-01 9.614973851715843400e-01 9.642508390033615040e-01 9.667628397256049499e-01 9.690468228823712060e-01 9.711346161382606867e-01 9.730445118669336368e-01 9.747928868147603954e-01 9.763985156486625350e-01 9.778716002234756344e-01 9.792306269454278400e-01 9.804784375004247376e-01 9.816331680503312951e-01 9.826998074627846247e-01 9.836852777695770378e-01 9.845993362956362294e-01 9.854476549353723414e-01 9.862356526741061780e-01 9.869684006326727710e-01 9.876505757166682553e-01 9.882864503376206367e-01 9.888799047617307103e-01 9.894344517939742678e-01 9.899532669168121801e-01 9.904391069434906880e-01 9.908938353052330061e-01 9.913207135541174386e-01 9.917218719190264986e-01 9.920983109284774448e-01 9.924527865011842920e-01 9.927864533090431376e-01 9.931008402541053881e-01 9.933974533397462725e-01 9.936772786376685263e-01 9.939417360682493152e-01 9.941916390149220240e-01 9.944281185656775879e-01 9.946520067643362939e-01 9.948640704991882355e-01 9.950652494010107096e-01 9.952559392057410692e-01 9.954371269850130766e-01 9.956091379806680797e-01 9.957726961490712680e-01 9.959283014304465276e-01 9.960763097631240015e-01 9.962173604112154468e-01 9.963516657212184713e-01 9.964797550882396049e-01 9.966019609179123107e-01 9.967185367637831916e-01 9.968299334802837031e-01 9.969362915816716297e-01 9.970379933764546010e-01 9.971352751894830835e-01 9.972283091996314575e-01 9.973174243377832537e-01 9.974027264707996387e-01 9.974844761026193662e-01 9.975628659623209105e-01 9.976379922184033244e-01 9.977101104035906998e-01 9.977793121483954364e-01 9.978457559331636029e-01 9.979096149903052826e-01 9.979709340937092943e-01 9.980299099611539271e-01 9.980866321698452781e-01 9.981411810381024541e-01 9.981937068933722790e-01 9.982442555986862365e-01 9.982929454728417529e-01 9.983398716552787100e-01 9.983850683017603256e-01
5.941178304694867407e-01 6.181481206321195465e-01 6.434985975479151632e-01 6.694576891616569325e-01 6.953547172310852176e-01 7.206314659316455096e-01 7.448371726239768620e-01 7.676687686567946756e-01 7.889284099856784804e-01 8.085130106437420361e-01 8.264188377186190149e-01 8.426875775322074658e-01 8.573929122160826033e-01 8.706399114217158175e-01 8.825516369282057072e-01 8.932399980060602429e-01 9.028157706970427743e-01 9.114068886381532231e-01 9.191140244977387130e-01 9.260156820839098302e-01 9.322180360603838922e-01 9.377952222469340127e-01 9.428152091798122081e-01 9.473397236724604431e-01 9.514243627616295607e-01 9.551188776453908291e-01 9.584675391353090212e-01 9.614973846684572445e-01 9.642508375453475722e-01 9.667628393085104799e-01 9.690468236746748731e-01 9.711346160865658161e-01 9.730445118702206742e-01 9.747928868168076466e-01 9.763985154100576214e-01 9.778716001983267514e-01 9.792306269566891652e-01 9.804784372898993627e-01 9.816331680641756652e-01 9.826998074684983875e-01 9.836852777837779005e-01 9.845993361101150754e-01 9.854476549401237628e-01 9.862356526763371711e-01 9.869684006346123306e-01 9.876505757193848600e-01 9.882864503398991474e-01 9.888799047638298090e-01 9.894344517779374293e-01 9.899532669183059852e-01 9.904391069436772055e-01 9.908938353025049661e-01 9.913207135288081284e-01 9.917218719190384890e-01 9.920983109284834400e-01 9.924527865011978367e-01 9.927864533092519705e-01 9.931008402543045621e-01 9.933974533397712525e-01 9.936772786377494615e-01 9.939417360683779901e-01 9.941916390150988825e-01 9.944281185657523059e-01 9.946520067643840335e-01 9.948640704993162442e-01 9.950652494010515658e-01 9.952559392059069365e-01 9.954371269850438297e-01 9.956091379807162633e-01 9.957726961491653039e-01 9.959283014305034820e-01 9.960763097632788776e-01 9.962173604112476433e-01 9.963516657212813099e-01 9.964797550882902311e-01 9.966019609179455063e-01 9.967185367639034288e-01 9.968299334803202294e-01 9.969362915817648885e-01 9.970379933765227687e-01 9.971352751895108391e-01 9.972283091996984039e-01 9.973174243378134518e-01 9.974027264708741347e-01 9.974844761027058526e-01 9.975628659623420047e-01 9.976379922184794857e-01 9.977101104036286694e-01 9.977793121484404004e-01 9.978457559332276627e-01 9.979096149903113888e-01 9.979709340937785722e-01 9.980299099612125469e-01 9.980866321698754762e-01 9.981411810381695116e-01 9.981937068933982582e-01 9.982442555987343091e-01 9.982929454728965979e-01 9.983398716552899232e-01 9.983850683018222760e-01
5.941178291182060978e-01 6.181481184654459282e-01 6.434985977146642222e-01 6.694576897890504030e-01 6.953547194617092364e-01 7.206314647512709337e-01 7.448371695441495799e-01 7.676687670075135195e-01 7.889284105760568933e-01 8.085130085807050726e-01 8.264188370017605534e-01 8.426875794012187448e-01 8.573929139867096927e-01 8.706399096619011901e-01 8.825516354540794417e-01 8.932399975266451797e-01 9.028157711073004910e-01 9.114068884857179365e-01 9.191140240224047187e-01 9.260156808498931635e-01 9.322180362611902638e-01 9.377952221069031369e-01 9.428152089902086530e-01 9.473397229958044896e-01 9.514243627880899501e-01 9.551188775400111242e-01 9.584675392461048382e-01 9.614973848529562162e-01 9.642508390352231284e-01 9.667628397131536877e-01 9.690468235397581287e-01 9.711346161185160364e-01 9.730445119097141937e-01 9.747928868794960566e-01 9.763985154980237002e-01 9.778716001234651900e-01 9.792306269618042958e-01 9.804784375252897366e-01 9.816331679953905764e-01 9.826998074680280970e-01 9.836852777874536269e-01 9.845993359279981982e-01 9.854476549378450301e-01 9.862356526797608769e-01 9.869684006357575257e-01 9.876505757184987910e-01 9.882864503426288527e-01 9.888799047522621732e-01 9.894344517958182372e-01 9.899532669191898338e-01 9.904391069408950976e-01 9.908938352948166717e-01 9.913207135452590801e-01 9.917218719190707965e-01 9.920983109293061153e-01 9.924527865014360906e-01 9.927864533096893984e-01 9.931008402550028924e-01 9.933974533400782292e-01 9.936772786350304143e-01 9.939417360686547687e-01 9.941916390146914306e-01 9.944281185652064092e-01 9.946520067624657901e-01 9.948640704994484718e-01 9.950652494010886473e-01 9.952559392059850962e-01 9.954371269850541548e-01 9.956091379807754382e-01 9.957726961492892048e-01 9.959283014305577719e-01 9.960763097633378305e-01 9.962173604112565251e-01 9.963516657213328243e-01 9.964797550883880417e-01 9.966019609179980199e-01 9.967185367639848081e-01 9.968299334803303324e-01 9.969362915817944204e-01 9.970379933765793901e-01 9.971352751895489197e-01 9.972283091998003224e-01 9.973174243378407633e-01 9.974027264709137697e-01 9.974844761027383822e-01 9.975628659623527739e-01 9.976379922185489857e-01 9.977101104036744106e-01 9.977793121484934691e-01 9.978457559332859494e-01 9.979096149903149415e-01 9.979709340938150985e-01 9.980299099612485181e-01 9.980866321698990129e-01 9.981411810382341265e-01 9.981937068934243484e-01 9.982442555987804944e-01 9.982929454729405627e-01 9.983398716552970287e-01 9.983850683018626881e-01
5.941178279643193338e-01 6.181481132748992691e-01 6.434985980402296857e-01 6.694576897159707496e-01 6.953547145466630885e-01 7.206314636574122634e-01 7.448371679703186254e-01 7.676687647619736543e-01 7.889284105221399113e-01 8.085130101450735962e-01 8.264188392373184033e-01 8.426875781371311325e-01 8.573929134589665102e-01 8.706399095253065656e-01 8.825516350864375248e-01 8.932399979291487657e-01 9.028157718562822565e-01 9.114068889807390716e-01 9.191140242305029240e-01 9.260156817872308155e-01 9.322180368343724322e-01 9.377952216286077336e-01 9.428152098709157158e-01 9.473397211949894370e-01 9.514243627907860157e-01 9.551188775417611687e-01 9.584675391350335749e-01 9.614973848925226774e-01 9.642508384650896325e-01 9.667628394248923840e-01 9.690468226433148757e-01 9.711346158436986453e-01 9.730445113540352464e-01 9.747928865803788812e-01 9.763985156561061363e-01 9.778716002469367563e-01 9.792306269578655575e-01 9.804784375160672250e-01 9.816331679959666712e-01 9.826998073255386323e-01 9.836852777249935897e-01 9.845993363037728319e-01 9.854476549378754502e-01 9.862356526802478207e-01 9.869684006332353210e-01 9.876505757205585878e-01 9.882864503415748070e-01 9.888799047630063566e-01 9.894344517982663900e-01 9.899532669193551460e-01 9.904391069437372686e-01 9.908938353080933847e-01 9.913207135566182160e-01 9.917218719190729059e-01 9.920983109308800785e-01 9.924527865028346385e-01 9.927864533099933775e-01 9.931008402554981629e-01 9.933974533402321061e-01 9.936772786223052600e-01 9.939417360687667902e-01 9.941916390158288541e-01 9.944281185626843156e-01 9.946520067595732151e-01 9.948640704996859485e-01 9.950652494011458238e-01 9.952559392064320720e-01 9.954371269852170245e-01 9.956091379810588782e-01 9.957726961495257934e-01 9.959283014306823389e-01 9.960763097636855523e-01 9.962173604113564451e-01 9.963516657216023864e-01 9.964797550885428068e-01 9.966019609180082339e-01 9.967185367644603167e-01 9.968299334803991663e-01 9.969362915772512768e-01 9.970379933766416736e-01 9.971352751895784516e-01 9.972283091998521698e-01 9.973174243378515325e-01 9.974027264709431906e-01 9.974844761027925610e-01 9.975628659623698713e-01 9.976379922186132676e-01 9.977101104036963930e-01 9.977793121485118988e-01 9.978457559333171467e-01 9.979096149903190494e-01 9.979709340938726081e-01 9.980299099612951474e-01 9.980866321699195520e-01 9.981411810382665450e-01 9.981937068934352286e-01 9.982442555988055854e-01 9.982929454729806418e-01 9.983398716553060215e-01 9.983850683019133143e-01
5.941178326261502551e-01 6.181481396405398288e-01 6.434985965916039108e-01 6.694576880674967256e-01 6.953547106672158806e-01 7.206314642722703168e-01 7.448371649651882587e-01 7.676687651999974937e-01 7.889284115906952666e-01 8.085130087589152970e-01 8.264188370068896727e-01 8.426875770554687062e-01 8.573929134209345992e-01 8.706399108083292537e-01 8.825516355062641427e-01 8.932399982828731488e-01 9.028157721886536091e-01 9.114068885788453311e-01 9.191140242296658158e-01 9.260156804383220530e-01 9.322180362540846144e-01 9.377952218529216344e-01 9.428152102153387615e-01 9.473397237589156195e-01 9.514243629932550572e-01 9.551188770634577718e-01 9.584675390719470389e-01 9.614973849530500383e-01 9.642508389284137893e-01 9.667628397243072103e-01 9.690468236063081164e-01 9.711346161927820742e-01 9.730445119691091271e-01 9.747928869541679919e-01 9.763985153392525929e-01 9.778716002738903068e-01 9.792306269342549996e-01 9.804784375883808245e-01 9.816331680225608425e-01 9.826998074787411941e-01 9.836852778117913809e-01 9.845993363396748910e-01 9.854476549657239515e-01 9.862356526983269145e-01 9.869684005366837765e-01 9.876505756596016816e-01 9.882864503508533849e-01 9.888799047758317640e-01 9.894344517643627324e-01 9.899532669247136374e-01 9.904391069423663652e-01 9.908938352986405018e-01 9.913207134787999086e-01 9.917218719183560349e-01 9.920983109322331073e-01 9.924527865035168706e-01 9.927864533112095158e-01 9.931008402569990734e-01 9.933974533273156604e-01 9.936772786394154622e-01 9.939417360694144943e-01 9.941916390148658467e-01 9.944281185646541843e-01 9.946520067651065666e-01 9.948640705002768092e-01 9.950652494012813820e-01 9.952559391865806182e-01 9.954371269852927417e-01 9.956091379812053166e-01 9.957726961472668226e-01 9.959283014251710808e-01 9.960763097635135788e-01 9.962173604113062630e-01 9.963516657214266381e-01 9.964797550884600952e-01 9.966019609180443162e-01 9.967185367641002713e-01 9.968299334803615297e-01 9.969362915818862358e-01 9.970379933766740921e-01 9.971352751895937727e-01 9.972283091998916937e-01 9.973174243378685189e-01 9.974027264709821594e-01 9.974844761028343054e-01 9.975628659623803074e-01 9.976379922186486837e-01 9.977101104037147117e-01 9.977793121485357686e-01 9.978457559333576699e-01 9.979096149903227131e-01 9.979709340939092455e-01 9.980299099613200164e-01 9.980866321699318755e-01 9.981411810382965211e-01 9.981937068934508828e-01 9.982442555988387811e-01 9.982929454730166130e-01 9.983398716553122387e-01 9.983850683019392935e-01
5.941178237240843929e-01 6.181480858151374713e-01 6.434985966375115218e-01 6.694576887458464354e-01 6.953547094895683456e-01 7.206314625888214920e-01 7.448371663434383283e-01 7.676687641075772284e-01 7.889284106722733725e-01 8.085130087812206767e-01 8.264188383068580279e-01 8.426875781026464951e-01 8.573929130103201679e-01 8.706399096475888610e-01 8.825516349830355711e-01 8.932399980295034903e-01 9.028157718108920093e-01 9.114068884269848070e-01 9.191140245211354420e-01 9.260156813009469134e-01 9.322180365460962514e-01 9.377952223175075597e-01 9.428152099275445286e-01 9.473397229137149322e-01 9.514243630542530417e-01 9.551188777414632014e-01 9.584675391283263846e-01 9.614973851963000140e-01 9.642508387929437097e-01 9.667628395670782027e-01 9.690468236678784208e-01 9.711346162126011095e-01 9.730445118916092317e-01 9.747928868803866775e-01 9.763985156786181285e-01 9.778716001405144409e-01 9.792306269607278235e-01 9.804784374992339124e-01 9.816331679932875920e-01 9.826998074418337170e-01 9.836852777923020819e-01 9.845993362170765151e-01 9.854476549500439386e-01 9.862356526852613658e-01 9.869684006011517630e-01 9.876505757231874849e-01 9.882864502767250148e-01 9.888799047659440067e-01 9.894344518002197164e-01 9.899532669204921254e-01 9.904391069440844353e-01 9.908938353094910445e-01 9.913207135573022244e-01 9.917218719190959986e-01 9.920983109137889722e-01 9.924527865021485207e-01 9.927864533104621136e-01 9.931008402557021109e-01 9.933974533355847125e-01 9.936772786390857259e-01 9.939417360689800640e-01 9.941916390157073957e-01 9.944281185666608014e-01 9.946520067651620778e-01 9.948640705000718620e-01 9.950652494012350857e-01 9.952559392068945909e-01 9.954371269853539150e-01 9.956091379813674092e-01 9.957726961499140383e-01 9.959283014308449866e-01 9.960763097639523389e-01 9.962173604114676895e-01 9.963516657219690931e-01 9.964797550889137323e-01 9.966019609182290573e-01 9.967185367645213789e-01 9.968299334805129641e-01 9.969362915808457348e-01 9.970379933710945553e-01 9.971352751896410682e-01 9.972283091957674372e-01 9.973174243379102633e-01 9.974027264710711993e-01 9.974844761028887064e-01 9.975628659623896333e-01 9.976379922187008642e-01 9.977101104037613410e-01 9.977793121485952765e-01 9.978457559334243943e-01 9.979096149903265989e-01 9.979709340925492222e-01 9.980299099613447744e-01 9.980866321699485288e-01 9.981411810383341576e-01 9.981937068934613189e-01 9.982442555988552124e-01 9.982929454730377072e-01 9.983398716553169017e-01 9.983850683019702688e-01
5.941178256043752048e-01 6.181481010621643346e-01 6.434985961824397638e-01 6.694576880843892130e-01 6.953547078840784934e-01 7.206314636841079091e-01 7.448371652829071099e-01 7.676687643697817087e-01 7.889284104146740972e-01 8.085130090046755980e-01 8.264188363621904898e-01 8.426875783018886734e-01 8.573929133110740342e-01 8.706399095450557679e-01 8.825516358659156735e-01 8.932399978030634013e-01 9.028157721274119307e-01 9.114068885023510758e-01 9.191140242334483457e-01 9.260156812725000020e-01 9.322180357164895348e-01 9.377952218384415506e-01 9.428152097246863539e-01 9.473397231884980174e-01 9.514243622888781671e-01 9.551188772345186040e-01 9.584675392242647529e-01 9.614973851985137987e-01 9.642508382264399769e-01 9.667628397177172594e-01 9.690468232233221402e-01 9.711346160395821769e-01 9.730445118786711367e-01 9.747928869199651292e-01 9.763985156044217018e-01 9.778716001487179899e-01 9.792306269272609276e-01 9.804784372830034345e-01 9.816331680486576339e-01 9.826998073231876241e-01 9.836852777906439638e-01 9.845993362681412231e-01 9.854476549170162469e-01 9.862356526820361680e-01 9.869684006385569530e-01 9.876505757238942529e-01 9.882864503449579896e-01 9.888799047692513611e-01 9.894344518022494261e-01 9.899532669210524549e-01 9.904391069443430062e-01 9.908938353097256346e-01 9.913207135599593212e-01 9.917218719191843723e-01 9.920983109333614269e-01 9.924527865046590680e-01 9.927864533109729273e-01 9.931008402578158645e-01 9.933974533166474163e-01 9.936772786354761688e-01 9.939417360692796022e-01 9.941916390162010009e-01 9.944281185536741896e-01 9.946520067651709596e-01 9.948640705002008700e-01 9.950652494010044924e-01 9.952559392066617772e-01 9.954371269852798632e-01 9.956091379811744524e-01 9.957726961497458396e-01 9.959283014307624970e-01 9.960763097637344021e-01 9.962173604114227254e-01 9.963516657218316475e-01 9.964797550887307676e-01 9.966019609180943872e-01 9.967185367643818239e-01 9.968299334804633371e-01 9.969362915821340376e-01 9.970379933768579450e-01 9.971352751896888078e-01 9.972283092001632543e-01 9.973174243379583359e-01 9.974027264711677887e-01 9.974844761030475793e-01 9.975628659624419248e-01 9.976379922147949886e-01 9.977101104037890966e-01 9.977793121486341343e-01 9.978457559335139893e-01 9.979096149903349255e-01 9.979709340940240425e-01 9.980299099614069469e-01 9.980866321699848331e-01 9.981411810383771233e-01 9.981937068929321866e-01 9.982442555981244636e-01 9.982929454730651297e-01 9.983398716553211205e-01 9.983850683020033534e-01
5.941178237795894379e-01 6.181480990381941210e-01 6.434985942224631383e-01 6.694576883225124009e-01 6.953547070610720526e-01 7.206314622606243558e-01 7.448371661097554774e-01 7.676687639560633158e-01 7.889284105661417135e-01 8.085130084299001485e-01 8.264188370189912147e-01 8.426875786258603007e-01 8.573929125659999206e-01 8.706399098146120341e-01 8.825516355370039978e-01 8.932399982336426403e-01 9.028157713737074985e-01 9.114068884574491047e-01 9.191140243796747100e-01 9.260156809567682279e-01 9.322180359951574014e-01 9.377952223888761374e-01 9.428152102011958524e-01 9.473397237069167698e-01 9.514243629864641560e-01 9.551188777624214366e-01 9.584675392613980494e-01 9.614973852764213680e-01 9.642508389651519574e-01 9.667628393089503502e-01 9.690468226324927548e-01 9.711346158490142821e-01 9.730445117056379933e-01 9.747928868570532313e-01 9.763985156975402147e-01 9.778716001357586896e-01 9.792306269405569585e-01 9.804784371743190396e-01 9.816331678929384186e-01 9.826998074461461563e-01 9.836852777709600426e-01 9.845993363135635557e-01 9.854476549050471545e-01 9.862356526815603264e-01 9.869684006198371495e-01 9.876505757090824345e-01 9.882864503354710228e-01 9.888799047636273043e-01 9.894344518007605060e-01 9.899532669199455626e-01 9.904391069441883522e-01 9.908938353084687511e-01 9.913207135242139145e-01 9.917218719191218668e-01 9.920983109315125725e-01 9.924527865033585527e-01 9.927864533106229850e-01 9.931008402567460536e-01 9.933974533407928798e-01 9.936772786399851176e-01 9.939417360694259296e-01 9.941916390164220463e-01 9.944281185612554586e-01 9.946520067596797965e-01 9.948640705005643570e-01 9.950652494009384341e-01 9.952559392055659870e-01 9.954371269852247961e-01 9.956091379811891073e-01 9.957726961494600681e-01 9.959283014306430371e-01 9.960763097637072017e-01 9.962173604113495617e-01 9.963516657215907291e-01 9.964797550886491662e-01 9.966019609181059336e-01 9.967185367641998583e-01 9.968299334804252565e-01 9.969362915820737525e-01 9.970379933767729019e-01 9.971352751896352951e-01 9.972283092000481242e-01 9.973174243379283599e-01 9.974027264710960683e-01 9.974844761029532103e-01 9.975628659624123928e-01 9.976379922187695870e-01 9.977101104037802148e-01 9.977793121486238093e-01 9.978457559334953375e-01 9.979096149903329271e-01 9.979709340940069451e-01 9.980299099612017777e-01 9.980866321695602839e-01 9.981411810383975514e-01 9.981937068934860768e-01 9.982442555988952915e-01 9.982929454730775642e-01 9.983398716553247842e-01 9.983850683020203398e-01
5.941178224928076457e-01 6.181481046907257859e-01 6.434985954866330182e-01 6.694576883020240121e-01 6.953547060650687728e-01 7.206314615869121587e-01 7.448371643441605849e-01 7.676687629092507903e-01 7.889284103605302967e-01 8.085130081374443112e-01 8.264188368664370232e-01 8.426875776216518066e-01 8.573929131096287293e-01 8.706399096285186712e-01 8.825516355602656127e-01 8.932399978926887085e-01 9.028157717258475934e-01 9.114068888222308651e-01 9.191140243114981345e-01 9.260156811350379602e-01 9.322180363369505507e-01 9.377952218250433791e-01 9.428152099931547125e-01 9.473397235752913925e-01 9.514243627959740879e-01 9.551188777095747096e-01 9.584675392300433527e-01 9.614973851565944418e-01 9.642508388183268497e-01 9.667628395919993789e-01 9.690468233607021364e-01 9.711346161920956233e-01 9.730445118539445826e-01 9.747928866787647362e-01 9.763985154977588010e-01 9.778716001048218809e-01 9.792306269460012702e-01 9.804784375347130876e-01 9.816331680587581099e-01 9.826998074403348049e-01 9.836852777851308183e-01 9.845993363171191559e-01 9.854476549481349101e-01 9.862356526584857841e-01 9.869684006333602211e-01 9.876505756907912881e-01 9.882864503258288469e-01 9.888799047667193864e-01 9.894344517999352773e-01 9.899532669131575480e-01 9.904391069438107653e-01 9.908938353092042739e-01 9.913207135355379673e-01 9.917218719191051024e-01 9.920983109305702152e-01 9.924527865028128781e-01 9.927864533103721856e-01 9.931008402498158194e-01 9.933974533379249516e-01 9.936772786389589385e-01 9.939417360694473569e-01 9.941916390160017158e-01 9.944281185664118894e-01 9.946520067619911698e-01 9.948640705003615192e-01 9.950652494013567662e-01 9.952559392067759081e-01 9.954371269855076809e-01 9.956091379759125504e-01 9.957726961498096774e-01 9.959283014308745186e-01 9.960763097641125441e-01 9.962173604114793468e-01 9.963516657220689021e-01 9.964797550889427091e-01 9.966019609182371619e-01 9.967185367646999028e-01 9.968299334805305056e-01 9.969362915823160032e-01 9.970379933771286174e-01 9.971352751889521748e-01 9.972283092002701688e-01 9.973174243380263926e-01 9.974027264713644092e-01 9.974844761031869123e-01 9.975628659624605765e-01 9.976379922190123928e-01 9.977101104035861479e-01 9.977793121462613657e-01 9.978457559336024740e-01 9.979096149903449176e-01 9.979709340940741136e-01 9.980299099566842802e-01 9.980866321699901622e-01 9.981411810384531735e-01 9.981937068935153867e-01 9.982442555989514688e-01 9.982929454731287455e-01 9.983398716553337771e-01 9.983850683020767391e-01
5.941178209014473799e-01 6.181481012421272681e-01 6.434985946291273962e-01 6.694576881463281115e-01 6.953547057615024896e-01 7.206314616644134974e-01 7.448371641103402885e-01 7.676687627788392199e-01 7.889284097475237623e-01 8.085130066635158874e-01 8.264188365250000334e-01 8.426875773419089111e-01 8.573929129792119408e-01 8.706399100400648017e-01 8.825516355616891406e-01 8.932399976385896334e-01 9.028157715814471018e-01 9.114068886574246964e-01 9.191140243709011726e-01 9.260156812245580182e-01 9.322180358534069011e-01 9.377952221688281575e-01 9.428152098941077197e-01 9.473397230728741736e-01 9.514243627566930650e-01 9.551188778757547793e-01 9.584675391524544175e-01 9.614973851055093057e-01 9.642508388246814333e-01 9.667628395675638142e-01 9.690468234926364888e-01 9.711346161547259603e-01 9.730445118514671199e-01 9.747928867799789954e-01 9.763985154859674553e-01 9.778716002497304105e-01 9.792306269530610674e-01 9.804784375338702063e-01 9.816331680458093567e-01 9.826998074421960938e-01 9.836852777847403528e-01 9.845993363127766296e-01 9.854476549266312224e-01 9.862356526484814534e-01 9.869684006305764479e-01 9.876505757215284786e-01 9.882864503414364732e-01 9.888799047686929189e-01 9.894344517907396330e-01 9.899532668993924478e-01 9.904391069440252604e-01 9.908938353075937844e-01 9.913207135500918810e-01 9.917218719190956655e-01 9.920983109313158410e-01 9.924527865024167506e-01 9.927864533107090272e-01 9.931008402555980830e-01 9.933974533315294009e-01 9.936772786389208578e-01 9.939417360688601599e-01 9.941916390119243108e-01 9.944281185667286360e-01 9.946520067651248853e-01 9.948640705003493068e-01 9.950652494012914850e-01 9.952559392067823474e-01 9.954371269854476179e-01 9.956091379814926423e-01 9.957726961499834273e-01 9.959283014308465409e-01 9.960763097609994787e-01 9.962173604101554059e-01 9.963516657213110639e-01 9.964797550887909416e-01 9.966019609182115158e-01 9.967185367644271210e-01 9.968299334804811007e-01 9.969362915822452820e-01 9.970379933769409897e-01 9.971352751897178956e-01 9.972283092002275362e-01 9.973174243379899773e-01 9.974027264712559404e-01 9.974844761031188556e-01 9.975628659624478090e-01 9.976379922189215765e-01 9.977101104038822443e-01 9.977793121487381622e-01 9.978457559336264548e-01 9.979096149903448065e-01 9.979709340941481654e-01 9.980299099614944325e-01 9.980866321695638366e-01 9.981411810384338557e-01 9.981937068923218970e-01 9.982442555989669009e-01 9.982929454731545027e-01 9.983398716553385510e-01 9.983850683020937256e-01
5.941178238642408349e-01 6.181480990492755900e-01 6.434985944399485014e-01 6.694576880171106970e-01 6.953547075044180792e-01 7.206314612814116449e-01 7.448371648945130152e-01 7.676687627825894422e-01 7.889284102463873793e-01 8.085130066866978993e-01 8.264188363849704899e-01 8.426875768989249282e-01 8.573929122154831939e-01 8.706399090758673021e-01 8.825516353722167029e-01 8.932399978324429002e-01 9.028157717635502122e-01 9.114068886610089404e-01 9.191140243819777567e-01 9.260156812221851386e-01 9.322180362636128814e-01 9.377952219598824080e-01 9.428152099022164556e-01 9.473397235523335347e-01 9.514243630553614883e-01 9.551188779180767030e-01 9.584675391945736145e-01 9.614973851020378603e-01 9.642508388333506097e-01 9.667628394429456096e-01 9.690468234472947584e-01 9.711346161938547716e-01 9.730445119032745671e-01 9.747928866977941809e-01 9.763985156264083365e-01 9.778716001372745881e-01 9.792306269356786386e-01 9.804784375389241635e-01 9.816331680713642482e-01 9.826998074684751838e-01 9.836852777018747496e-01 9.845993363144037724e-01 9.854476548719671714e-01 9.862356526705498005e-01 9.869684006266007392e-01 9.876505757012181697e-01 9.882864503423643976e-01 9.888799047337561987e-01 9.894344517968668429e-01 9.899532669156299036e-01 9.904391069437655792e-01 9.908938353067684446e-01 9.913207135563018024e-01 9.917218719190803444e-01 9.920983109307643932e-01 9.924527865017034323e-01 9.927864533100759781e-01 9.931008402549821312e-01 9.933974533403788776e-01 9.936772786387869649e-01 9.939417360689343228e-01 9.941916390114609037e-01 9.944281185663301770e-01 9.946520067649560204e-01 9.948640704994680117e-01 9.950652494011970051e-01 9.952559392067029664e-01 9.954371269853293791e-01 9.956091379815026343e-01 9.957726961496613516e-01 9.959283014308195625e-01 9.960763097638291041e-01 9.962173604114745729e-01 9.963516657218935979e-01 9.964797550887405375e-01 9.966019609181236971e-01 9.967185367644223470e-01 9.968299334804955336e-01 9.969362915822912452e-01 9.970379933769304426e-01 9.971352751897376576e-01 9.972283092002434124e-01 9.973174243379923087e-01 9.974027264713070107e-01 9.974844761030888796e-01 9.975628659624437011e-01 9.976379922189749783e-01 9.977101104038850199e-01 9.977793121487257277e-01 9.978457559336832983e-01 9.979096149900662516e-01 9.979709340940766671e-01 9.980299099614756697e-01 9.980866321700263555e-01 9.981411810384970273e-01 9.981937068935294866e-01 9.982442555989982091e-01 9.982929454731862551e-01 9.983398716553409935e-01 9.983850683021148198e-01
5.941178234427944016e-01 6.181480982182905315e-01 6.434985942811695114e-01 6.694576877891209588e-01 6.953547039563511278e-01 7.206314614540169083e-01 7.448371630291324985e-01 7.676687628082118353e-01 7.889284101060806131e-01 8.085130069692108012e-01 8.264188370402909545e-01 8.426875774492256221e-01 8.573929119654336573e-01 8.706399095028762858e-01 8.825516354211595527e-01 8.932399977734238883e-01 9.028157714643098020e-01 9.114068886314479201e-01 9.191140243577463620e-01 9.260156811408050137e-01 9.322180362266554443e-01 9.377952221575938108e-01 9.428152098033830697e-01 9.473397234781977261e-01 9.514243627040429585e-01 9.551188778406382029e-01 9.584675392244850212e-01 9.614973851069494870e-01 9.642508389539820035e-01 9.667628395921171736e-01 9.690468234918220292e-01 9.711346159634712816e-01 9.730445118144912531e-01 9.747928867392620100e-01 9.763985156516119535e-01 9.778716001490328491e-01 9.792306269383936890e-01 9.804784374862126617e-01 9.816331680593142206e-01 9.826998074466426480e-01 9.836852777357796285e-01 9.845993362975372643e-01 9.854476549223307735e-01 9.862356526768230047e-01 9.869684006364237705e-01 9.876505757207120206e-01 9.882864503393162803e-01 9.888799047628787919e-01 9.894344517984420273e-01 9.899532669186072997e-01 9.904391069436919715e-01 9.908938353068356131e-01 9.913207135546305837e-01 9.917218719190501464e-01 9.920983109301264591e-01 9.924527865003984761e-01 9.927864533092718435e-01 9.931008402556682491e-01 9.933974533392250228e-01 9.936772786388489154e-01 9.939417360686945146e-01 9.941916390155542960e-01 9.944281185666261624e-01 9.946520067621915651e-01 9.948640705001803308e-01 9.950652494011298366e-01 9.952559392066688826e-01 9.954371269851745030e-01 9.956091379813496456e-01 9.957726961494640650e-01 9.959283014307290793e-01 9.960763097606893934e-01 9.962173604113857550e-01 9.963516657216491268e-01 9.964797550885692301e-01 9.966019609181391292e-01 9.967185367641396843e-01 9.968299334804374690e-01 9.969362915820165760e-01 9.970379933768005465e-01 9.971352751896632727e-01 9.972283091999581961e-01 9.973174243379453463e-01 9.974027264711082807e-01 9.974844761029340034e-01 9.975628659624172778e-01 9.976379922187355032e-01 9.977101104037877644e-01 9.977793121486503436e-01 9.978457559334849014e-01 9.979096149903324831e-01 9.979709340940218221e-01 9.980299099613783032e-01 9.980866321699713994e-01 9.981411810384268612e-01 9.981937068934877422e-01 9.982442555989076149e-01 9.982929454731130914e-01 9.983398716553278929e-01 9.983850683020193406e-01
5.941178217080727020e-01 6.181480916992833086e-01 6.434985944044857575e-01 6.694576878457816349e-01 6.953547052340182111e-01 7.206314606933954536e-01 7.448371641816932121e-01 7.676687618024824467e-01 7.889284097652750072e-01 8.085130072096700093e-01 8.264188364969994316e-01 8.426875766329654516e-01 8.573929124755571562e-01 8.706399091400818246e-01 8.825516352764958272e-01 8.932399978137127716e-01 9.028157717843050545e-01 9.114068885193425951e-01 9.191140243582573977e-01 9.260156810965021190e-01 9.322180361955072492e-01 9.377952221328397231e-01 9.428152097626735229e-01 9.473397234209440798e-01 9.514243629947249925e-01 9.551188776787922219e-01 9.584675392021919649e-01 9.614973850198494931e-01 9.642508388781518835e-01 9.667628395978890010e-01 9.690468234066946795e-01 9.711346161317817582e-01 9.730445117968987701e-01 9.747928867849576795e-01 9.763985156190591042e-01 9.778716001467165908e-01 9.792306269503309180e-01 9.804784374790579404e-01 9.816331680456402697e-01 9.826998074500089553e-01 9.836852777674149895e-01 9.845993362983416208e-01 9.854476549384506567e-01 9.862356526752044106e-01 9.869684006298847789e-01 9.876505757152937992e-01 9.882864503398555156e-01 9.888799047527880859e-01 9.894344517954803964e-01 9.899532669169276433e-01 9.904391069435237727e-01 9.908938353067555660e-01 9.913207135561985517e-01 9.917218719190291631e-01 9.920983109291542368e-01 9.924527864996479654e-01 9.927864533098622601e-01 9.931008402538579194e-01 9.933974533405184326e-01 9.936772786382332967e-01 9.939417360685824931e-01 9.941916390158350714e-01 9.944281185660724942e-01 9.946520067650495012e-01 9.948640704998699125e-01 9.950652494012158789e-01 9.952559392065012389e-01 9.954371269843965697e-01 9.956091379812075370e-01 9.957726961495076967e-01 9.959283014306996584e-01 9.960763097636491370e-01 9.962173604114160641e-01 9.963516657216581196e-01 9.964797550887072308e-01 9.966019609181383521e-01 9.967185367643088822e-01 9.968299334804345824e-01 9.969362915820719762e-01 9.970379933768824809e-01 9.971352751896537248e-01 9.972283092001260618e-01 9.973174243379384629e-01 9.974027264711533558e-01 9.974844761030178253e-01 9.975628659624151684e-01 9.976379922188387539e-01 9.977101104038098578e-01 9.977793121486545624e-01 9.978457559335537352e-01 9.979096149903347035e-01 9.979709340940546847e-01 9.980299099614480252e-01 9.980866321699940480e-01 9.981411810384696048e-01 9.981937068935180513e-01 9.982442555989485822e-01 9.982929454731528374e-01 9.983398716553384400e-01 9.983850683020711880e-01
5.941178210691200334e-01 6.181480952181496180e-01 6.434985944687160453e-01 6.694576877521033476e-01 6.953547050272885777e-01 7.206314603167252031e-01 7.448371622488072497e-01 7.676687619908257876e-01 7.889284094273476544e-01 8.085130071941474261e-01 8.264188361331800126e-01 8.426875772185888902e-01 8.573929122758664478e-01 8.706399092930964256e-01 8.825516352643728579e-01 8.932399977407674552e-01 9.028157715006400741e-01 9.114068885763362271e-01 9.191140243359583462e-01 9.260156811108637420e-01 9.322180361661257519e-01 9.377952220035482567e-01 9.428152098674379422e-01 9.473397234155467306e-01 9.514243628028888899e-01 9.551188777982344558e-01 9.584675391890257190e-01 9.614973850575023739e-01 9.642508389525388246e-01 9.667628396057829088e-01 9.690468234874329845e-01 9.711346161361857909e-01 9.730445118593078480e-01 9.747928868121437107e-01 9.763985156126953058e-01 9.778716002310871014e-01 9.792306269482264902e-01 9.804784375066601942e-01 9.816331680527573544e-01 9.826998074648065629e-01 9.836852777632485445e-01 9.845993363021380285e-01 9.854476549207161762e-01 9.862356526754445518e-01 9.869684006316732372e-01 9.876505757202076463e-01 9.882864503396946443e-01 9.888799047612680804e-01 9.894344517912609938e-01 9.899532669181693167e-01 9.904391069431891514e-01 9.908938353077733074e-01 9.913207135558222971e-01 9.917218719190169507e-01 9.920983109283572077e-01 9.924527865020177364e-01 9.927864533103800682e-01 9.931008402544101443e-01 9.933974533398695073e-01 9.936772786390346557e-01 9.939417360689849490e-01 9.941916390152362171e-01 9.944281185663694789e-01 9.946520067647719454e-01 9.948640704995624917e-01 9.950652494012104388e-01 9.952559392039861397e-01 9.954371269847853698e-01 9.956091379810422248e-01 9.957726961493637008e-01 9.959283014306726800e-01 9.960763097634421914e-01 9.962173604113991887e-01 9.963516657214747108e-01 9.964797550886693722e-01 9.966019609180423178e-01 9.967185367643057736e-01 9.968299334803927270e-01 9.969362915821037285e-01 9.970379933767270497e-01 9.971352751896614963e-01 9.972283091999443183e-01 9.973174243379420156e-01 9.974027264710763063e-01 9.974844761029683093e-01 9.975628659624090622e-01 9.976379922187338378e-01 9.977101104037909840e-01 9.977793121485979411e-01 9.978457559335047744e-01 9.979096149903289303e-01 9.979709340939972861e-01 9.980299099614040603e-01 9.980866321699668475e-01 9.981411810384264172e-01 9.981937068934901847e-01 9.982442555989076149e-01 9.982929454731147567e-01 9.983398716553265606e-01 9.983850683020326633e-01
5.941178227685521840e-01 6.181480899051152722e-01 6.434985939155614121e-01 6.694576875287300277e-01 6.953547047674737414e-01 7.206314602562200466e-01 7.448371627846100962e-01 7.676687619629968262e-01 7.889284095169580846e-01 8.085130066856557329e-01 8.264188363480342581e-01 8.426875770545763089e-01 8.573929122405219427e-01 8.706399093772640985e-01 8.825516352985539603e-01 8.932399977432892157e-01 9.028157717826610362e-01 9.114068883220057815e-01 9.191140242709787689e-01 9.260156808627276748e-01 9.322180359944421957e-01 9.377952220025906893e-01 9.428152097151707434e-01 9.473397232147846569e-01 9.514243629347073350e-01 9.551188777845470712e-01 9.584675392173142017e-01 9.614973851059086529e-01 9.642508388443432610e-01 9.667628396644075695e-01 9.690468235635606442e-01 9.711346161207927707e-01 9.730445118513572078e-01 9.747928867938558950e-01 9.763985156410532884e-01 9.778716002248631911e-01 9.792306269461028556e-01 9.804784375179300682e-01 9.816331680522971670e-01 9.826998074614237133e-01 9.836852777591087449e-01 9.845993363026475098e-01 9.854476549341243397e-01 9.862356526718858429e-01 9.869684006317640534e-01 9.876505757169096178e-01 9.882864503379850118e-01 9.888799047610404847e-01 9.894344517925587335e-01 9.899532669163545462e-01 9.904391069435767303e-01 9.908938353044025593e-01 9.913207135550429205e-01 9.917218719191036591e-01 9.920983109305799852e-01 9.924527865018706319e-01 9.927864533097091604e-01 9.931008402540848490e-01 9.933974533398813866e-01 9.936772786389859169e-01 9.939417360689063452e-01 9.941916390149821980e-01 9.944281185646896004e-01 9.946520067648834118e-01 9.948640704995274087e-01 9.950652494011614779e-01 9.952559392066010480e-01 9.954371269851934878e-01 9.956091379810796393e-01 9.957726961496846663e-01 9.959283014305548853e-01 9.960763097637167496e-01 9.962173604108887082e-01 9.963516657215275574e-01 9.964797550886772548e-01 9.966019609180292171e-01 9.967185367643128791e-01 9.968299334803750744e-01 9.969362915820917381e-01 9.970379933767069547e-01 9.971352751896566113e-01 9.972283091999226690e-01 9.973174243379115955e-01 9.974027264710288998e-01 9.974844761029393325e-01 9.975628659623844152e-01 9.976379922187669225e-01 9.977101104037459089e-01 9.977793121486350225e-01 9.978457559334067417e-01 9.979096149903324831e-01 9.979709340939569850e-01 9.980299099613908487e-01 9.980866321699729538e-01 9.981411810383675753e-01 9.981937068934929602e-01 9.982442555988819688e-01 9.982929454730962160e-01 9.983398716553252283e-01 9.983850683020016881e-01
5.941178230593302523e-01 6.181480948781634677e-01 6.434985942121458358e-01 6.694576876396489684e-01 6.953547038890944831e-01 7.206314601591087277e-01 7.448371625462173462e-01 7.676687617362654148e-01 7.889284094718755913e-01 8.085130068150404581e-01 8.264188364057969416e-01 8.426875767938225570e-01 8.573929121228200945e-01 8.706399094317756049e-01 8.825516351149262917e-01 8.932399977390356183e-01 9.028157716517748455e-01 9.114068883416315270e-01 9.191140242971030938e-01 9.260156809755666352e-01 9.322180361466445575e-01 9.377952218555312136e-01 9.428152097594061365e-01 9.473397233736949863e-01 9.514243628291138011e-01 9.551188777640861050e-01 9.584675392072614653e-01 9.614973851062620369e-01 9.642508388822915721e-01 9.667628396414255088e-01 9.690468235623677096e-01 9.711346161084205564e-01 9.730445118309956065e-01 9.747928868136198632e-01 9.763985156374515029e-01 9.778716002292309195e-01 9.792306269481502179e-01 9.804784375119435236e-01 9.816331680493680656e-01 9.826998074607078415e-01 9.836852777766098566e-01 9.845993362923688430e-01 9.854476549392315876e-01 9.862356526778143229e-01 9.869684006325709635e-01 9.876505757164006916e-01 9.882864503382036148e-01 9.888799047604034387e-01 9.894344517897175617e-01 9.899532669176793753e-01 9.904391069436710993e-01 9.908938353062067828e-01 9.913207135560385685e-01 9.917218719190649123e-01 9.920983109304328806e-01 9.924527865018076822e-01 9.927864533101009581e-01 9.931008402539753810e-01 9.933974533398459705e-01 9.936772786378272881e-01 9.939417360683886482e-01 9.941916390159467598e-01 9.944281185664679557e-01 9.946520067643487284e-01 9.948640704993172434e-01 9.950652494012222071e-01 9.952559392064642685e-01 9.954371269851529647e-01 9.956091379810626529e-01 9.957726961496587981e-01 9.959283014305623238e-01 9.960763097634764973e-01 9.962173604113823133e-01 9.963516657214972483e-01 9.964797550885212685e-01 9.966019609181036021e-01 9.967185367641313576e-01 9.968299334804027190e-01 9.969362915820114690e-01 9.970379933767388181e-01 9.971352751896406241e-01 9.972283091999648574e-01 9.973174243379151482e-01 9.974027264710815244e-01 9.974844761029196816e-01 9.975628659624027339e-01 9.976379922187221805e-01 9.977101104037872092e-01 9.977793121486031591e-01 9.978457559334800164e-01 9.979096149903284863e-01 9.979709340940010609e-01 9.980299099613711977e-01 9.980866321699731758e-01 9.981411810383851169e-01 9.981937068934945145e-01 9.982442555989119448e-01 9.982929454730856689e-01 9.983398716553283370e-01 9.983850683020067951e-01
5.941178221710163854e-01 6.181480908835444987e-01 6.434985938832253893e-01 6.694576876647169161e-01 6.953547029658763146e-01 7.206314603576101652e-01 7.448371623466736313e-01 7.676687616510884382e-01 7.889284094293959049e-01 8.085130064614265422e-01 8.264188365508149392e-01 8.426875766866951389e-01 8.573929122744714526e-01 8.706399093498667918e-01 8.825516350857249837e-01 8.932399978116049022e-01 9.028157715663179816e-01 9.114068885275421472e-01 9.191140243587881953e-01 9.260156809352915186e-01 9.322180361323972875e-01 9.377952219378493659e-01 9.428152098683764137e-01 9.473397233270692830e-01 9.514243629179904849e-01 9.551188777164938415e-01 9.584675392243106051e-01 9.614973850905544905e-01 9.642508389353976472e-01 9.667628396468644913e-01 9.690468235440595768e-01 9.711346161121804377e-01 9.730445118434730700e-01 9.747928868138817649e-01 9.763985156389500819e-01 9.778716002291084619e-01 9.792306269474273517e-01 9.804784375101978089e-01 9.816331680541857674e-01 9.826998074648138903e-01 9.836852777705193951e-01 9.845993362957917716e-01 9.854476549292595644e-01 9.862356526716610228e-01 9.869684006302245072e-01 9.876505757197673319e-01 9.882864503412874813e-01 9.888799047627024885e-01 9.894344517941421335e-01 9.899532669165881371e-01 9.904391069437804562e-01 9.908938353066069071e-01 9.913207135548812721e-01 9.917218719190309395e-01 9.920983109301962921e-01 9.924527865017199746e-01 9.927864533100229094e-01 9.931008402546334102e-01 9.933974533403379104e-01 9.936772786375625000e-01 9.939417360684670300e-01 9.941916390152431005e-01 9.944281185659655797e-01 9.946520067649760044e-01 9.948640705000951767e-01 9.950652494010879812e-01 9.952559392059752152e-01 9.954371269850931236e-01 9.956091379813130082e-01 9.957726961497136431e-01 9.959283014305525539e-01 9.960763097634558472e-01 9.962173604113766512e-01 9.963516657216070493e-01 9.964797550884416655e-01 9.966019609181466787e-01 9.967185367642936722e-01 9.968299334803790712e-01 9.969362915820955129e-01 9.970379933768251934e-01 9.971352751896128686e-01 9.972283092000747695e-01 9.973174243379185899e-01 9.974027264711083918e-01 9.974844761029755258e-01 9.975628659621419425e-01 9.976379922187756932e-01 9.977101104037517931e-01 9.977793121486332462e-01 9.978457559334397153e-01 9.979096149903298185e-01 9.979709340939725282e-01 9.980299099613243463e-01 9.980866321699637389e-01 9.981411810383966632e-01 9.981937068933269819e-01 9.982442555989111677e-01 9.982929454730784524e-01 9.983398716553271157e-01 9.983850683020060179e-01
5.941178226721498534e-01 6.181480900917420973e-01 6.434985942049064045e-01 6.694576876160215351e-01 6.953547035210713156e-01 7.206314599628147466e-01 7.448371622861498231e-01 7.676687612202903743e-01 7.889284097265882867e-01 8.085130073136171935e-01 8.264188360709410208e-01 8.426875763143799603e-01 8.573929116096660197e-01 8.706399089560611371e-01 8.825516349965946139e-01 8.932399976182049395e-01 9.028157715192649535e-01 9.114068883502970397e-01 9.191140242705733154e-01 9.260156810905283420e-01 9.322180361000462767e-01 9.377952219832993430e-01 9.428152096206191546e-01 9.473397232517801747e-01 9.514243629176343253e-01 9.551188778295810478e-01 9.584675392167697483e-01 9.614973850774667374e-01 9.642508389537667313e-01 9.667628396214688058e-01 9.690468235980663758e-01 9.711346161066293226e-01 9.730445118717323538e-01 9.747928868053835627e-01 9.763985156484136230e-01 9.778716002207296087e-01 9.792306269450726797e-01 9.804784375055960455e-01 9.816331680525939296e-01 9.826998074631411173e-01 9.836852777713607221e-01 9.845993363000794529e-01 9.854476549332989999e-01 9.862356526780579058e-01 9.869684006306220780e-01 9.876505757198429380e-01 9.882864503392511102e-01 9.888799047593679337e-01 9.894344517942208483e-01 9.899532669190046485e-01 9.904391069433253758e-01 9.908938353043317271e-01 9.913207135535585524e-01 9.917218719190145082e-01 9.920983109306874548e-01 9.924527865026641082e-01 9.927864533089675314e-01 9.931008402548540115e-01 9.933974533395649731e-01 9.936772786380099198e-01 9.939417360681389590e-01 9.941916390152941707e-01 9.944281185656880240e-01 9.946520067649122776e-01 9.948640704997419038e-01 9.950652494012415250e-01 9.952559392067107380e-01 9.954371269853515836e-01 9.956091379809017816e-01 9.957726961493011952e-01 9.959283014306263837e-01 9.960763097636877728e-01 9.962173604114140657e-01 9.963516657215475414e-01 9.964797550884434418e-01 9.966019609181264727e-01 9.967185367643827121e-01 9.968299334804363587e-01 9.969362915819238724e-01 9.970379933768006575e-01 9.971352751896339628e-01 9.972283091998970228e-01 9.973174243379089310e-01 9.974027264711240459e-01 9.974844761028739404e-01 9.975628659624224959e-01 9.976379922187375016e-01 9.977101104037464641e-01 9.977793121486573380e-01 9.978457559334386051e-01 9.979096149903305957e-01 9.979709340939975082e-01 9.980299099613729741e-01 9.980866321699840560e-01 9.981411810383788996e-01 9.981937068933313117e-01 9.982442555988815247e-01 9.982929454731096497e-01 9.983398716553205654e-01 9.983850683020416561e-01
5.941178222659225794e-01 6.181480892002423344e-01 6.434985940181298103e-01 6.694576875133109173e-01 6.953547034630911394e-01 7.206314595600676887e-01 7.448371629141060657e-01 7.676687622425169000e-01 7.889284095602487890e-01 8.085130076088863360e-01 8.264188366866067614e-01 8.426875761212762050e-01 8.573929120255906478e-01 8.706399095811743205e-01 8.825516350515801856e-01 8.932399975236533507e-01 9.028157718710860813e-01 9.114068884173553986e-01 9.191140243437415647e-01 9.260156812013651262e-01 9.322180362366125905e-01 9.377952219501070052e-01 9.428152098359623423e-01 9.473397233218651126e-01 9.514243628054104285e-01 9.551188777238444061e-01 9.584675391990007398e-01 9.614973851369642555e-01 9.642508389632716836e-01 9.667628396752093733e-01 9.690468235306274325e-01 9.711346160490181845e-01 9.730445118708409558e-01 9.747928868076867204e-01 9.763985156449973557e-01 9.778716002338696534e-01 9.792306269495540949e-01 9.804784375022129739e-01 9.816331680534909898e-01 9.826998074637672831e-01 9.836852777669610193e-01 9.845993362964454709e-01 9.854476549387022333e-01 9.862356526767256382e-01 9.869684006308925284e-01 9.876505757202664881e-01 9.882864503360557773e-01 9.888799047642288231e-01 9.894344517965900643e-01 9.899532669159614162e-01 9.904391069436087047e-01 9.908938353043929004e-01 9.913207135532097203e-01 9.917218719190208365e-01 9.920983109294578828e-01 9.924527865016590233e-01 9.927864533093410104e-01 9.931008402542806923e-01 9.933974533405213192e-01 9.936772786389280743e-01 9.939417360684940084e-01 9.941916390156810834e-01 9.944281185657699584e-01 9.946520067647606211e-01 9.948640704993847450e-01 9.950652494011650306e-01 9.952559392060761345e-01 9.954371269850482706e-01 9.956091379812100906e-01 9.957726961495164675e-01 9.959283014307235282e-01 9.960763097638094532e-01 9.962173604114148429e-01 9.963516657214126493e-01 9.964797550884143540e-01 9.966019609180963856e-01 9.967185367642876770e-01 9.968299334804429090e-01 9.969362915819405258e-01 9.970379933766543301e-01 9.971352751896543909e-01 9.972283092000926441e-01 9.973174243379326898e-01 9.974027264710177976e-01 9.974844761029383333e-01 9.975628659624000694e-01 9.976379922186612292e-01 9.977101104037512380e-01 9.977793121486309147e-01 9.978457559334117377e-01 9.979096149903272650e-01 9.979709340940076112e-01 9.980299099613514358e-01 9.980866321699860544e-01 9.981411810383891137e-01 9.981937068934753077e-01 9.982442555989243793e-01 9.982929454730624652e-01 9.983398716553302243e-01 9.983850683020075722e-01
5.941178225755910924e-01 6.181480902311959902e-01 6.434985938913021508e-01 6.694576875756131917e-01 6.953547028155323551e-01 7.206314603526161600e-01 7.448371627618047830e-01 7.676687604379557328e-01 7.889284089177411863e-01 8.085130060576675159e-01 8.264188368970747378e-01 8.426875761333644244e-01 8.573929121552309462e-01 8.706399098674786341e-01 8.825516353799065516e-01 8.932399977476160879e-01 9.028157719474926290e-01 9.114068883031692936e-01 9.191140242624501466e-01 9.260156810963006135e-01 9.322180361387382153e-01 9.377952218838735421e-01 9.428152098936002368e-01 9.473397233523357386e-01 9.514243628499442496e-01 9.551188778244426025e-01 9.584675392085547641e-01 9.614973851244520420e-01 9.642508389234031307e-01 9.667628396407925706e-01 9.690468235691502841e-01 9.711346160849519960e-01 9.730445118793993320e-01 9.747928868271452663e-01 9.763985156329059167e-01 9.778716002112367578e-01 9.792306269515859141e-01 9.804784375037355337e-01 9.816331680554774008e-01 9.826998074595564292e-01 9.836852777612996590e-01 9.845993362978072705e-01 9.854476549381787631e-01 9.862356526760969189e-01 9.869684006323488079e-01 9.876505757169269373e-01 9.882864503407103873e-01 9.888799047601309899e-01 9.894344517971672692e-01 9.899532669171462462e-01 9.904391069435442008e-01 9.908938353041010227e-01 9.913207135555401894e-01 9.917218719191081000e-01 9.920983109291466873e-01 9.924527865022569895e-01 9.927864533086181442e-01 9.931008402536811719e-01 9.933974533406363383e-01 9.936772786390180023e-01 9.939417360682327729e-01 9.941916390150662419e-01 9.944281185660293065e-01 9.946520067644731844e-01 9.948640704999844875e-01 9.950652494011218430e-01 9.952559392064221910e-01 9.954371269852475557e-01 9.956091379812725961e-01 9.957726961496292661e-01 9.959283014306992143e-01 9.960763097637927999e-01 9.962173604114071823e-01 9.963516657216172634e-01 9.964797550886460575e-01 9.966019609180244432e-01 9.967185367640705174e-01 9.968299334802951384e-01 9.969362915820625393e-01 9.970379933768278580e-01 9.971352751896477296e-01 9.972283091999957216e-01 9.973174243379013815e-01 9.974027264705926932e-01 9.974844761029740825e-01 9.975628659624032890e-01 9.976379922186892069e-01 9.977101104037385815e-01 9.977793121486570049e-01 9.978457559335021099e-01 9.979096149903289303e-01 9.979709340940045026e-01 9.980299099614243774e-01 9.980866321699565225e-01 9.981411810383941097e-01 9.981937068935049506e-01 9.982442555988905175e-01 9.982929454730934404e-01 9.983398716553270047e-01 9.983850683020087935e-01
5.941178232035522200e-01 6.181480900278031321e-01 6.434985938630229940e-01 6.694576874810277411e-01 6.953547028591159362e-01 7.206314600943586335e-01 7.448371611105405465e-01 7.676687604288430222e-01 7.889284099834097397e-01 8.085130064371204295e-01 8.264188362085115314e-01 8.426875764587229423e-01 8.573929119206931126e-01 8.706399096904452461e-01 8.825516352009965537e-01 8.932399976431236732e-01 9.028157718141170962e-01 9.114068883058682458e-01 9.191140243044458868e-01 9.260156810695441276e-01 9.322180360208708327e-01 9.377952220004821537e-01 9.428152098107464019e-01 9.473397233643522375e-01 9.514243628323785229e-01 9.551188778149647396e-01 9.584675392101246194e-01 9.614973850698306235e-01 9.642508389172904648e-01 9.667628396664966761e-01 9.690468235617611947e-01 9.711346161040890212e-01 9.730445118481644284e-01 9.747928868153350468e-01 9.763985156245496011e-01 9.778716002164258292e-01 9.792306269485115955e-01 9.804784375216571979e-01 9.816331680558449957e-01 9.826998074649460069e-01 9.836852777645433976e-01 9.845993363003164855e-01 9.854476549375670302e-01 9.862356526747403374e-01 9.869684006325204484e-01 9.876505757171208932e-01 9.882864503390534905e-01 9.888799047630242312e-01 9.894344517923874260e-01 9.899532669180330924e-01 9.904391069435585226e-01 9.908938353056772064e-01 9.913207135552627447e-01 9.917218719190290521e-01 9.920983109286443113e-01 9.924527865011583128e-01 9.927864533089379995e-01 9.931008402539195368e-01 9.933974533401173090e-01 9.936772786378971212e-01 9.939417360688886927e-01 9.941916390158211936e-01 9.944281185656403954e-01 9.946520067643567220e-01 9.948640704997646633e-01 9.950652494011151816e-01 9.952559392065080113e-01 9.954371269850290638e-01 9.956091379808802433e-01 9.957726961492291418e-01 9.959283014305064796e-01 9.960763097634337537e-01 9.962173604113863101e-01 9.963516657214828154e-01 9.964797550886188571e-01 9.966019609180237770e-01 9.967185367641691052e-01 9.968299334804142653e-01 9.969362915819175441e-01 9.970379933767118397e-01 9.971352751895947719e-01 9.972283091999010196e-01 9.973174243378843951e-01 9.974027264710821905e-01 9.974844761029217910e-01 9.975628659624001804e-01 9.976379922187226246e-01 9.977101104037607859e-01 9.977793121485767358e-01 9.978457559334255045e-01 9.979096149903291524e-01 9.979709340939788564e-01 9.980299099613614278e-01 9.980866321699614074e-01 9.981411810382955219e-01 9.981937068934928492e-01 9.982442555988711996e-01 9.982929454730631313e-01 9.983398716553252283e-01 9.983850683019904748e-01
5.941178235493095316e-01 6.181480892479881417e-01 6.434985938385485715e-01 6.694576874954772938e-01 6.953547036975055162e-01 7.206314600763580325e-01 7.448371619608504801e-01 7.676687608675805130e-01 7.889284096572292126e-01 8.085130071387102157e-01 8.264188367274056812e-01 8.426875761843838353e-01 8.573929115915328580e-01 8.706399100092542254e-01 8.825516354215723336e-01 8.932399975519577096e-01 9.028157721523235590e-01 9.114068881534374000e-01 9.191140242723838671e-01 9.260156811029259805e-01 9.322180359743088562e-01 9.377952220599881095e-01 9.428152097375854801e-01 9.473397234327287642e-01 9.514243628614138526e-01 9.551188778024584103e-01 9.584675392059686105e-01 9.614973850847895465e-01 9.642508389218698017e-01 9.667628396601660734e-01 9.690468235735613112e-01 9.711346160994076548e-01 9.730445118502212276e-01 9.747928868022341931e-01 9.763985156299623824e-01 9.778716002349938652e-01 9.792306269448169953e-01 9.804784375123215545e-01 9.816331680534348125e-01 9.826998074617626644e-01 9.836852777697023820e-01 9.845993362983475050e-01 9.854476549385958739e-01 9.862356526741616891e-01 9.869684006317402947e-01 9.876505757175857436e-01 9.882864503391385336e-01 9.888799047630606465e-01 9.894344517937571082e-01 9.899532669173244370e-01 9.904391069435330985e-01 9.908938353059898452e-01 9.913207135545963888e-01 9.917218719190654674e-01 9.920983109291457991e-01 9.924527865011417704e-01 9.927864533089411081e-01 9.931008402548273661e-01 9.933974533399587692e-01 9.936772786384107103e-01 9.939417360684494884e-01 9.941916390153451299e-01 9.944281185659399336e-01 9.946520067643546126e-01 9.948640704997364637e-01 9.950652494011276161e-01 9.952559392061740562e-01 9.954371269851786108e-01 9.956091379809259845e-01 9.957726961493497120e-01 9.959283014305563286e-01 9.960763097636884389e-01 9.962173604113260250e-01 9.963516657216460182e-01 9.964797550884296751e-01 9.966019609180664096e-01 9.967185367640138960e-01 9.968299334803447653e-01 9.969362915817945314e-01 9.970379933766370106e-01 9.971352751895689037e-01 9.972283091998574989e-01 9.973174243378921666e-01 9.974027264709856011e-01 9.974844761028230922e-01 9.975628659623974048e-01 9.976379922186968674e-01 9.977101104037449097e-01 9.977793121486343564e-01 9.978457559334870108e-01 9.979096149903319279e-01 9.979709340939328932e-01 9.980299099612544023e-01 9.980866321698518284e-01 9.981411810383975514e-01 9.981937068934916280e-01 9.982442555988741972e-01 9.982929454730481433e-01 9.983398716553250063e-01 9.983850683020181194e-01
5.941178235883772807e-01 6.181480933114511522e-01 6.434985920377728208e-01 6.694576870051412998e-01 6.953547141392982800e-01 7.206314667943654051e-01 7.448371495041691270e-01 7.676687557039508780e-01 7.889284111308482172e-01 8.085130089631227257e-01 8.264188361262755356e-01 8.426875725527681604e-01 8.573929141353691108e-01 8.706399104213772278e-01 8.825516379441731285e-01 8.932399980747098844e-01 9.028157778251917343e-01 9.114068848104266429e-01 9.191140250497399355e-01 9.260156794077154530e-01 9.322180372365289625e-01 9.377952213779099377e-01 9.428152100328093255e-01 9.473397233413576313e-01 9.514243628104156469e-01 9.551188778755931308e-01 9.584675391810598688e-01 9.614973850190275950e-01 9.642508389853898798e-01 9.667628396402775381e-01 9.690468236104737842e-01 9.711346160987629483e-01 9.730445118576410701e-01 9.747928868070969699e-01 9.763985156321245418e-01 9.778716002303187160e-01 9.792306269461702461e-01 9.804784375157075127e-01 9.816331680440560925e-01 9.826998074655454163e-01 9.836852777765484612e-01 9.845993363032971013e-01 9.854476549343506031e-01 9.862356526771119958e-01 9.869684006325557535e-01 9.876505757174748323e-01 9.882864503383425037e-01 9.888799047629097672e-01 9.894344517955938612e-01 9.899532669179474942e-01 9.904391069435202200e-01 9.908938353060422477e-01 9.913207135554560345e-01 9.917218719190270537e-01 9.920983109293528557e-01 9.924527865017775952e-01 9.927864533091038668e-01 9.931008402547004676e-01 9.933974533401986884e-01 9.936772786388038403e-01 9.939417360689647429e-01 9.941916390146378069e-01 9.944281185664879397e-01 9.946520067648032537e-01 9.948640705000606488e-01 9.950652494012124372e-01 9.952559392061669508e-01 9.954371269851499671e-01 9.956091379809194342e-01 9.957726961496770057e-01 9.959283014307269699e-01 9.960763097634024454e-01 9.962173604113994108e-01 9.963516657216767713e-01 9.964797550885889921e-01 9.966019609181238081e-01 9.967185367640604143e-01 9.968299334804376910e-01 9.969362915820220161e-01 9.970379933768717118e-01 9.971352751896656041e-01 9.972283091999226690e-01 9.973174243379009374e-01 9.974027264711101681e-01 9.974844761029098006e-01 9.975628659624179440e-01 9.976379922187452731e-01 9.977101104037537915e-01 9.977793121486459027e-01 9.978457559334784621e-01 9.979096149903210478e-01 9.979709340940411400e-01 9.980299099614258207e-01 9.980866321698566024e-01 9.981411810384009931e-01 9.981937068934922941e-01 9.982442555988909616e-01 9.982929454730750107e-01 9.983398716553105734e-01 9.983850683020316641e-01
5.941178248981494603e-01 6.181481011505778334e-01 6.434985969420720098e-01 6.694576839262389445e-01 6.953547267074323690e-01 7.206314495053492974e-01 7.448371614839626176e-01 7.676687607228523946e-01 7.889284089772213848e-01 8.085130237096185279e-01 8.264188227988531477e-01 8.426875778261693206e-01 8.573929143019154431e-01 8.706399055425974032e-01 8.825516339296104462e-01 8.932399975202089948e-01 9.028157709310120627e-01 9.114068889396920170e-01 9.191140243436495272e-01 9.260156808180305399e-01 9.322180364004042374e-01 9.377952222352564648e-01 9.428152104604122785e-01 9.473397237264142845e-01 9.514243632265025896e-01 9.551188776369323730e-01 9.584675391913367593e-01 9.614973852302075574e-01 9.642508389288099169e-01 9.667628396881173813e-01 9.690468234733801145e-01 9.711346162425661399e-01 9.730445117305297487e-01 9.747928869105130234e-01 9.763985156425436518e-01 9.778716002059540946e-01 9.792306269463094681e-01 9.804784375224347981e-01 9.816331680391572334e-01 9.826998074588425558e-01 9.836852777588165342e-01 9.845993362993719078e-01 9.854476549352232384e-01 9.862356526740669871e-01 9.869684006327339443e-01 9.876505757185397583e-01 9.882864503372901233e-01 9.888799047632254036e-01 9.894344517953240770e-01 9.899532669174488930e-01 9.904391069435992678e-01 9.908938353058467374e-01 9.913207135547646986e-01 9.917218719190558085e-01 9.920983109290998359e-01 9.924527865016279371e-01 9.927864533088831545e-01 9.931008402546015468e-01 9.933974533399689832e-01 9.936772786382495060e-01 9.939417360687800018e-01 9.941916390154541538e-01 9.944281185662315892e-01 9.946520067643824792e-01 9.948640704994383688e-01 9.950652494010522320e-01 9.952559392056805621e-01 9.954371269852481108e-01 9.956091379809558495e-01 9.957726961496823348e-01 9.959283014305451154e-01 9.960763097635616514e-01 9.962173604113120362e-01 9.963516657214620542e-01 9.964797550886723698e-01 9.966019609181310246e-01 9.967185367639241900e-01 9.968299334804227030e-01 9.969362915820494386e-01 9.970379933767414826e-01 9.971352751896245259e-01 9.972283091999563087e-01 9.973174243379245851e-01 9.974027264711011753e-01 9.974844761029219020e-01 9.975628659624031780e-01 9.976379922187105231e-01 9.977101104037693347e-01 9.977793121485942773e-01 9.978457559334642513e-01 9.979096149903322610e-01 9.979709340939877382e-01 9.980299099614005076e-01 9.980866321699662924e-01 9.981411810384023253e-01 9.981937068934796375e-01 9.982442555988949584e-01 9.982929454730833374e-01 9.983398716553221197e-01 9.983850683020010219e-01
5.941178258757718877e-01 6.181480630692470779e-01 6.434985916973596787e-01 6.694576849373371497e-01 6.953546901922484924e-01 7.206314605086869829e-01 7.448371501261807914e-01 7.676687725029585074e-01 7.889284078270233369e-01 8.085130024410022154e-01 8.264188335328664925e-01 8.426875787839830378e-01 8.573929129264564741e-01 8.706399077439418432e-01 8.825516346628162756e-01 8.932399978448017919e-01 9.028157713279220120e-01 9.114068889406869989e-01 9.191140243650077757e-01 9.260156807379351651e-01 9.322180363883376675e-01 9.377952217609063501e-01 9.428152099114106566e-01 9.473397232921612066e-01 9.514243629246604828e-01 9.551188777806289831e-01 9.584675392040035158e-01 9.614973851613360933e-01 9.642508388329794622e-01 9.667628396360478105e-01 9.690468235372622363e-01 9.711346160800304883e-01 9.730445118746906541e-01 9.747928868491985144e-01 9.763985156205456928e-01 9.778716002301689469e-01 9.792306269437790478e-01 9.804784375044958145e-01 9.816331680537342397e-01 9.826998074656612125e-01 9.836852777699276462e-01 9.845993362971356966e-01 9.854476549287161102e-01 9.862356526731126394e-01 9.869684006400781806e-01 9.876505757162301613e-01 9.882864503384575228e-01 9.888799047613232585e-01 9.894344517963373775e-01 9.899532669172452781e-01 9.904391069435682926e-01 9.908938353053483583e-01 9.913207135546724391e-01 9.917218719190453724e-01 9.920983109293252111e-01 9.924527865018203387e-01 9.927864533090557941e-01 9.931008402545083991e-01 9.933974533399833051e-01 9.936772786380423383e-01 9.939417360683036051e-01 9.941916390156665395e-01 9.944281185661278943e-01 9.946520067644206708e-01 9.948640704995536099e-01 9.950652494011987814e-01 9.952559392065043475e-01 9.954371269852925197e-01 9.956091379810204645e-01 9.957726961496135010e-01 9.959283014305604365e-01 9.960763097636925467e-01 9.962173604113755410e-01 9.963516657217034167e-01 9.964797550885238220e-01 9.966019609180998273e-01 9.967185367640277738e-01 9.968299334804188172e-01 9.969362915820231263e-01 9.970379933767234970e-01 9.971352751895851130e-01 9.972283091999422089e-01 9.973174243379036019e-01 9.974027264710506602e-01 9.974844761029277862e-01 9.975628659624043992e-01 9.976379922186536797e-01 9.977101104037775503e-01 9.977793121485993844e-01 9.978457559334679150e-01 9.979096149903251556e-01 9.979709340939583173e-01 9.980299099613382241e-01 9.980866321699504162e-01 9.981411810383238326e-01 9.981937068934855217e-01 9.982442555988723099e-01 9.982929454730763430e-01 9.983398716553151253e-01 9.983850683019981354e-01
5.941178237571189680e-01 6.181480746838489138e-01 6.434985940404650551e-01 6.694576879981273265e-01 6.953546996951295300e-01 7.206314522070872419e-01 7.448371724271782846e-01 7.676687657325603764e-01 7.889284074361232468e-01 8.085130039461447815e-01 8.264188343313764173e-01 8.426875778567225472e-01 8.573929122476736664e-01 8.706399087902255696e-01 8.825516347963876518e-01 8.932399977332204921e-01 9.028157714571967141e-01 9.114068887226446369e-01 9.191140243222839512e-01 9.260156809303378145e-01 9.322180361160833373e-01 9.377952219202289053e-01 9.428152098578548301e-01 9.473397233308032961e-01 9.514243629475448438e-01 9.551188777273638131e-01 9.584675392131071225e-01 9.614973850936725519e-01 9.642508389045091333e-01 9.667628396697508508e-01 9.690468235466929148e-01 9.711346161209994943e-01 9.730445118386211734e-01 9.747928868138252545e-01 9.763985156368258922e-01 9.778716002141525365e-01 9.792306269481189096e-01 9.804784374944575109e-01 9.816331680534313708e-01 9.826998074642827596e-01 9.836852777675761939e-01 9.845993363021255940e-01 9.854476549285297038e-01 9.862356526726012707e-01 9.869684006342427374e-01 9.876505757155357168e-01 9.882864503360231367e-01 9.888799047635153938e-01 9.894344517940381056e-01 9.899532669181180244e-01 9.904391069435608541e-01 9.908938353058061033e-01 9.913207135547323912e-01 9.917218719190462606e-01 9.920983109289682744e-01 9.924527865014732830e-01 9.927864533096736332e-01 9.931008402548943126e-01 9.933974533397520457e-01 9.936772786382370715e-01 9.939417360685254277e-01 9.941916390150237204e-01 9.944281185660883704e-01 9.946520067645131524e-01 9.948640704993918504e-01 9.950652494011742455e-01 9.952559392060658094e-01 9.954371269850746939e-01 9.956091379811033981e-01 9.957726961495310114e-01 9.959283014306425930e-01 9.960763097636418095e-01 9.962173604113814251e-01 9.963516657215234495e-01 9.964797550885819977e-01 9.966019609180212235e-01 9.967185367642226179e-01 9.968299334804292533e-01 9.969362915820553228e-01 9.970379933767623548e-01 9.971352751896433997e-01 9.972283091998810356e-01 9.973174243379173687e-01 9.974027264710672025e-01 9.974844761029214579e-01 9.975628659624002914e-01 9.976379922186893179e-01 9.977101104037672252e-01 9.977793121486036032e-01 9.978457559334321658e-01 9.979096149903280422e-01 9.979709340939556528e-01 9.980299099613562097e-01 9.980866321699664034e-01 9.981411810383753469e-01 9.981937068934778612e-01 9.982442555988880750e-01 9.982929454730689045e-01 9.983398716553217866e-01 9.983850683020035754e-01
5.941178243515315982e-01 6.181480797263539939e-01 6.434985936670443163e-01 6.694576868015380544e-01 6.953547200310657983e-01 7.206314641949307376e-01 7.448371660545293205e-01 7.676687638153728566e-01 7.889284088445918108e-01 8.085130051157949360e-01 8.264188351114789555e-01 8.426875776173037291e-01 8.573929123435283239e-01 8.706399088559710897e-01 8.825516348129128774e-01 8.932399978785345862e-01 9.028157711738716840e-01 9.114068888432926840e-01 9.191140243283745237e-01 9.260156809265808198e-01 9.322180361694999418e-01 9.377952218649208138e-01 9.428152098954235560e-01 9.473397232447098304e-01 9.514243629963243798e-01 9.551188776907363343e-01 9.584675392268724448e-01 9.614973851284598361e-01 9.642508388716051204e-01 9.667628396666086976e-01 9.690468235586846557e-01 9.711346161206764194e-01 9.730445118374094760e-01 9.747928868168221905e-01 9.763985156402629206e-01 9.778716002282711317e-01 9.792306269440292921e-01 9.804784374959901738e-01 9.816331680488437073e-01 9.826998074614633483e-01 9.836852777709595985e-01 9.845993362945466565e-01 9.854476549353295978e-01 9.862356526768778497e-01 9.869684006335964765e-01 9.876505757146860631e-01 9.882864503366358688e-01 9.888799047599629022e-01 9.894344517945439232e-01 9.899532669184352152e-01 9.904391069436671025e-01 9.908938353056282455e-01 9.913207135547775772e-01 9.917218719190533660e-01 9.920983109290580915e-01 9.924527865015697614e-01 9.927864533094932220e-01 9.931008402546033231e-01 9.933974533400493634e-01 9.936772786383004652e-01 9.939417360686284564e-01 9.941916390154098560e-01 9.944281185659074040e-01 9.946520067648465524e-01 9.948640704994582418e-01 9.950652494011426041e-01 9.952559392060345012e-01 9.954371269852857473e-01 9.956091379807937569e-01 9.957726961493490458e-01 9.959283014307076520e-01 9.960763097635326746e-01 9.962173604112982694e-01 9.963516657215742978e-01 9.964797550885972077e-01 9.966019609181079320e-01 9.967185367642458216e-01 9.968299334804177070e-01 9.969362915819672821e-01 9.970379933767491432e-01 9.971352751896100930e-01 9.972283091999470939e-01 9.973174243379160364e-01 9.974027264710536578e-01 9.974844761029411089e-01 9.975628659623965167e-01 9.976379922187741389e-01 9.977101104037618962e-01 9.977793121486153716e-01 9.978457559334262816e-01 9.979096149903330382e-01 9.979709340940177142e-01 9.980299099613606506e-01 9.980866321699577437e-01 9.981411810384226424e-01 9.981937068934781943e-01 9.982442555988891852e-01 9.982929454730996577e-01 9.983398716553256724e-01 9.983850683020385475e-01
5.941178268835541898e-01 6.181480967546830740e-01 6.434985946772705523e-01 6.694576897388777592e-01 6.953547074713423148e-01 7.206314616921433158e-01 7.448371644390386903e-01 7.676687624569503710e-01 7.889284085284683501e-01 8.085130051581750354e-01 8.264188353477881499e-01 8.426875782390705893e-01 8.573929126766687281e-01 8.706399088742745596e-01 8.825516351314557362e-01 8.932399978486985637e-01 9.028157711624091863e-01 9.114068885082436955e-01 9.191140242748683242e-01 9.260156807533033163e-01 9.322180359686048634e-01 9.377952219218992358e-01 9.428152098521581648e-01 9.473397233161945374e-01 9.514243628940022290e-01 9.551188777251246043e-01 9.584675392139316852e-01 9.614973851130266258e-01 9.642508389168594762e-01 9.667628396746588137e-01 9.690468235211694426e-01 9.711346160978577835e-01 9.730445118608366251e-01 9.747928868103353794e-01 9.763985156412263722e-01 9.778716002252711981e-01 9.792306269464888802e-01 9.804784375068975599e-01 9.816331680522610847e-01 9.826998074636507097e-01 9.836852777717345342e-01 9.845993362939282623e-01 9.854476549356636639e-01 9.862356526756634878e-01 9.869684006335232018e-01 9.876505757166982313e-01 9.882864503377167820e-01 9.888799047639784678e-01 9.894344517970463659e-01 9.899532669187538492e-01 9.904391069437010753e-01 9.908938353064413729e-01 9.913207135538708581e-01 9.917218719190666887e-01 9.920983109288945556e-01 9.924527865017594985e-01 9.927864533093339050e-01 9.931008402545100644e-01 9.933974533400647955e-01 9.936772786382365164e-01 9.939417360685267600e-01 9.941916390153532346e-01 9.944281185660233113e-01 9.946520067646648089e-01 9.948640704996136730e-01 9.950652494011233973e-01 9.952559392062204635e-01 9.954371269851611803e-01 9.956091379810817488e-01 9.957726961493382767e-01 9.959283014306636872e-01 9.960763097634363072e-01 9.962173604113441217e-01 9.963516657215003569e-01 9.964797550884256783e-01 9.966019609181212546e-01 9.967185367642100724e-01 9.968299334803795153e-01 9.969362915819627302e-01 9.970379933767417047e-01 9.971352751896527256e-01 9.972283092000426841e-01 9.973174243379324677e-01 9.974027264710395579e-01 9.974844761029151297e-01 9.975628659623798633e-01 9.976379922186906501e-01 9.977101104037893187e-01 9.977793121485918348e-01 9.978457559334891203e-01 9.979096149903277091e-01 9.979709340939851847e-01 9.980299099613491043e-01 9.980866321699545241e-01 9.981411810383812311e-01 9.981937068934846335e-01 9.982442555988998434e-01 9.982929454730706809e-01 9.983398716553224528e-01 9.983850683020072392e-01
5.941178228498055214e-01 6.181480846479167068e-01 6.434985905659934557e-01 6.694576878697486855e-01 6.953547041118250949e-01 7.206314618667688521e-01 7.448371634400687835e-01 7.676687617489594828e-01 7.889284094035858841e-01 8.085130044383500580e-01 8.264188362902133989e-01 8.426875774601597646e-01 8.573929119707205393e-01 8.706399093786070242e-01 8.825516349517283921e-01 8.932399977876787078e-01 9.028157713629065828e-01 9.114068886461199615e-01 9.191140243335021998e-01 9.260156809770342390e-01 9.322180360483476314e-01 9.377952218595211331e-01 9.428152097764657125e-01 9.473397233323794797e-01 9.514243629436841543e-01 9.551188777259963514e-01 9.584675392075242550e-01 9.614973851058283838e-01 9.642508389370608723e-01 9.667628396497834897e-01 9.690468235325614410e-01 9.711346161442879765e-01 9.730445118416197747e-01 9.747928868376279921e-01 9.763985156256304032e-01 9.778716002165768195e-01 9.792306269447107470e-01 9.804784375074806491e-01 9.816331680568736173e-01 9.826998074625774571e-01 9.836852777750769716e-01 9.845993362972653706e-01 9.854476549337030100e-01 9.862356526744762153e-01 9.869684006333857562e-01 9.876505757177902467e-01 9.882864503395325517e-01 9.888799047608536341e-01 9.894344517946751516e-01 9.899532669190135303e-01 9.904391069434308470e-01 9.908938353045055880e-01 9.913207135533599335e-01 9.917218719190528109e-01 9.920983109292090818e-01 9.924527865018067940e-01 9.927864533090037247e-01 9.931008402550127734e-01 9.933974533398409745e-01 9.936772786382442879e-01 9.939417360686080283e-01 9.941916390153191507e-01 9.944281185659762379e-01 9.946520067646449359e-01 9.948640704996477568e-01 9.950652494011213989e-01 9.952559392062181320e-01 9.954371269851519655e-01 9.956091379809280939e-01 9.957726961494630658e-01 9.959283014306498094e-01 9.960763097634492969e-01 9.962173604113617742e-01 9.963516657215306660e-01 9.964797550885411415e-01 9.966019609180841732e-01 9.967185367641745453e-01 9.968299334803673029e-01 9.969362915820483284e-01 9.970379933767028469e-01 9.971352751896296329e-01 9.972283092000288063e-01 9.973174243379180348e-01 9.974027264710109142e-01 9.974844761028586193e-01 9.975628659624083960e-01 9.976379922187594840e-01 9.977101104037858770e-01 9.977793121485952765e-01 9.978457559334631410e-01 9.979096149903314839e-01 9.979709340939572071e-01 9.980299099613906266e-01 9.980866321699549681e-01 9.981411810384041017e-01 9.981937068934886303e-01 9.982442555989149424e-01 9.982929454730697927e-01 9.983398716553254504e-01 9.983850683019795946e-01
5.941178255173434897e-01 6.181480665688965370e-01 6.434985936935417872e-01 6.694576875663630355e-01 6.953547038832653682e-01 7.206314608713226821e-01 7.448371633805258574e-01 7.676687614931894110e-01 7.889284086761458870e-01 8.085130061493718268e-01 8.264188347552394731e-01 8.426875777631203102e-01 8.573929118820234896e-01 8.706399092728049904e-01 8.825516347298486552e-01 8.932399976453109236e-01 9.028157717053348907e-01 9.114068887432988930e-01 9.191140242892867906e-01 9.260156808397314032e-01 9.322180359515342962e-01 9.377952218668204054e-01 9.428152096769566448e-01 9.473397233228693093e-01 9.514243628012812870e-01 9.551188777599626256e-01 9.584675391997034000e-01 9.614973851173685970e-01 9.642508389306299055e-01 9.667628396550098646e-01 9.690468235462722513e-01 9.711346161341875005e-01 9.730445118411853445e-01 9.747928868108134415e-01 9.763985156343053529e-01 9.778716002311614863e-01 9.792306269449800871e-01 9.804784375130446428e-01 9.816331680510743674e-01 9.826998074639710090e-01 9.836852777650582080e-01 9.845993363017567779e-01 9.854476549403178298e-01 9.862356526743121243e-01 9.869684006337402504e-01 9.876505757168327904e-01 9.882864503389524602e-01 9.888799047624965421e-01 9.894344517940749650e-01 9.899532669180166611e-01 9.904391069436463413e-01 9.908938353051779391e-01 9.913207135540651471e-01 9.917218719190302734e-01 9.920983109296492852e-01 9.924527865015878580e-01 9.927864533096096844e-01 9.931008402541877667e-01 9.933974533399472229e-01 9.936772786383643030e-01 9.939417360683746594e-01 9.941916390154524885e-01 9.944281185659838984e-01 9.946520067645835406e-01 9.948640704997121498e-01 9.950652494011339444e-01 9.952559392062175769e-01 9.954371269851736148e-01 9.956091379810064756e-01 9.957726961494296480e-01 9.959283014306153925e-01 9.960763097635119134e-01 9.962173604113329084e-01 9.963516657215604200e-01 9.964797550885619026e-01 9.966019609180541972e-01 9.967185367641662186e-01 9.968299334803980560e-01 9.969362915819475202e-01 9.970379933767800074e-01 9.971352751896026545e-01 9.972283092000049365e-01 9.973174243379024917e-01 9.974027264710787488e-01 9.974844761029340034e-01 9.975628659623889671e-01 9.976379922187130767e-01 9.977101104037757739e-01 9.977793121485909467e-01 9.978457559334225069e-01 9.979096149903267099e-01 9.979709340939790785e-01 9.980299099613790803e-01 9.980866321699718435e-01 9.981411810384051009e-01 9.981937068934928492e-01 9.982442555988976229e-01 9.982929454730944396e-01 9.983398716553220087e-01 9.983850683020223382e-01
5.941178232447319463e-01 6.181480871158575585e-01 6.434985944355098297e-01 6.694576874938985567e-01 6.953547063724558885e-01 7.206314600157502914e-01 7.448371621361881134e-01 7.676687648645073025e-01 7.889284089399666300e-01 8.085130048987940743e-01 8.264188390419748842e-01 8.426875844622923051e-01 8.573929158133580808e-01 8.706399059831975151e-01 8.825516357192241257e-01 8.932399980152264662e-01 9.028157705706709724e-01 9.114068886979155293e-01 9.191140245284178389e-01 9.260156807639169374e-01 9.322180366129020346e-01 9.377952219132236200e-01 9.428152099581466050e-01 9.473397235978016084e-01 9.514243628324383639e-01 9.551188778417333269e-01 9.584675392807746608e-01 9.614973849688850382e-01 9.642508389750999998e-01 9.667628397339211865e-01 9.690468234604777686e-01 9.711346161444004421e-01 9.730445118091243240e-01 9.747928868109125844e-01 9.763985156299777035e-01 9.778716002295116949e-01 9.792306269476729330e-01 9.804784375047419509e-01 9.816331680521794834e-01 9.826998074626305257e-01 9.836852777685697324e-01 9.845993362984278852e-01 9.854476549329129753e-01 9.862356526745050811e-01 9.869684006317656078e-01 9.876505757168289046e-01 9.882864503387237542e-01 9.888799047626571914e-01 9.894344517948179263e-01 9.899532669171223764e-01 9.904391069436969675e-01 9.908938353051920389e-01 9.913207135554962246e-01 9.917218719190236120e-01 9.920983109291426905e-01 9.924527865012852113e-01 9.927864533096431021e-01 9.931008402545584701e-01 9.933974533402620821e-01 9.936772786381214972e-01 9.939417360684819069e-01 9.941916390152807370e-01 9.944281185661312250e-01 9.946520067645695518e-01 9.948640704997123718e-01 9.950652494010913118e-01 9.952559392062492183e-01 9.954371269851642889e-01 9.956091379809524078e-01 9.957726961494126616e-01 9.959283014306209436e-01 9.960763097635488839e-01 9.962173604113361280e-01 9.963516657215286676e-01 9.964797550885176047e-01 9.966019609180580829e-01 9.967185367641414606e-01 9.968299334803955025e-01 9.969362915820060289e-01 9.970379933767241631e-01 9.971352751896017663e-01 9.972283091999809557e-01 9.973174243378954973e-01 9.974027264710364493e-01 9.974844761029216800e-01 9.975628659623855254e-01 9.976379922187362803e-01 9.977101104037485735e-01 9.977793121486092653e-01 9.978457559334479310e-01 9.979096149903258217e-01 9.979709340939867390e-01 9.980299099613798575e-01 9.980866321699515264e-01 9.981411810383699068e-01 9.981937068934845225e-01 9.982442555988938482e-01 9.982929454730696817e-01 9.983398716553201213e-01 9.983850683019911409e-01
5.941178247537458601e-01 6.181480857393327755e-01 6.434985937477791795e-01 6.694576864728353227e-01 6.953547123621618420e-01 7.206314640607326405e-01 7.448371627965232333e-01 7.676687652510686410e-01 7.889284113432751822e-01 8.085130019772266419e-01 8.264188385424626748e-01 8.426875765226653492e-01 8.573929126979432658e-01 8.706399083333445921e-01 8.825516353254384549e-01 8.932399978632576953e-01 9.028157713486861802e-01 9.114068883887890271e-01 9.191140243782213171e-01 9.260156809758598451e-01 9.322180361759063727e-01 9.377952220592011834e-01 9.428152098190297759e-01 9.473397233682127050e-01 9.514243629893884835e-01 9.551188777714550993e-01 9.584675392156843943e-01 9.614973850776646902e-01 9.642508388867288005e-01 9.667628396611418484e-01 9.690468235532433416e-01 9.711346161168232793e-01 9.730445118476032107e-01 9.747928868419249993e-01 9.763985156314878289e-01 9.778716002097449511e-01 9.792306269480338665e-01 9.804784375055323187e-01 9.816331680624338363e-01 9.826998074581926312e-01 9.836852777593547703e-01 9.845993362986857900e-01 9.854476549357086279e-01 9.862356526756381747e-01 9.869684006317930303e-01 9.876505757182613143e-01 9.882864503384752863e-01 9.888799047602582215e-01 9.894344517958627572e-01 9.899532669175522548e-01 9.904391069436070394e-01 9.908938353057582527e-01 9.913207135542371207e-01 9.917218719190549203e-01 9.920983109284936541e-01 9.924527865019419082e-01 9.927864533096463218e-01 9.931008402551371184e-01 9.933974533399266837e-01 9.936772786380128064e-01 9.939417360687551328e-01 9.941916390155963734e-01 9.944281185662208200e-01 9.946520067647244279e-01 9.948640704996921658e-01 9.950652494010889804e-01 9.952559392062629851e-01 9.954371269852039239e-01 9.956091379809773878e-01 9.957726961494683948e-01 9.959283014306288262e-01 9.960763097634954821e-01 9.962173604113498948e-01 9.963516657215526484e-01 9.964797550885134969e-01 9.966019609180590821e-01 9.967185367641542282e-01 9.968299334803921719e-01 9.969362915819875992e-01 9.970379933767387071e-01 9.971352751896176425e-01 9.972283091999685212e-01 9.973174243379084869e-01 9.974027264710687568e-01 9.974844761028867079e-01 9.975628659623926309e-01 9.976379922187308402e-01 9.977101104037503498e-01 9.977793121485885042e-01 9.978457559334553695e-01 9.979096149903271540e-01 9.979709340939896256e-01 9.980299099613562097e-01 9.980866321699723986e-01 9.981411810383661321e-01 9.981937068934770840e-01 9.982442555989011757e-01 9.982929454730583574e-01 9.983398716553258945e-01 9.983850683020201178e-01
5.941178270267630790e-01 6.181480920425967973e-01 6.434985925301817122e-01 6.694576856647115326e-01 6.953547014304830576e-01 7.206314579236571261e-01 7.448371500178921911e-01 7.676687656908702806e-01 7.889284075194287205e-01 8.085130046017697802e-01 8.264188360118270849e-01 8.426875769698443097e-01 8.573929130689833533e-01 8.706399081254460048e-01 8.825516354964525467e-01 8.932399980171034093e-01 9.028157714960195479e-01 9.114068887262054552e-01 9.191140243790634212e-01 9.260156808863704292e-01 9.322180362428638123e-01 9.377952220069749600e-01 9.428152097510092977e-01 9.473397234637844777e-01 9.514243629330242369e-01 9.551188777006820452e-01 9.584675392159914820e-01 9.614973850816093126e-01 9.642508388497281757e-01 9.667628396402065949e-01 9.690468235816294129e-01 9.711346161417167000e-01 9.730445118283278516e-01 9.747928868248255663e-01 9.763985156383346853e-01 9.778716002146636832e-01 9.792306269471421354e-01 9.804784375132480356e-01 9.816331680523584513e-01 9.826998074637776082e-01 9.836852777628698474e-01 9.845993362912760505e-01 9.854476549366786298e-01 9.862356526744098240e-01 9.869684006342236415e-01 9.876505757157318932e-01 9.882864503404248380e-01 9.888799047647840457e-01 9.894344517962565533e-01 9.899532669169708310e-01 9.904391069435151129e-01 9.908938353055676274e-01 9.913207135547891236e-01 9.917218719190487031e-01 9.920983109292413893e-01 9.924527865016944395e-01 9.927864533092214394e-01 9.931008402548749947e-01 9.933974533402716300e-01 9.936772786377997546e-01 9.939417360685133263e-01 9.941916390149804217e-01 9.944281185663421674e-01 9.946520067648858543e-01 9.948640704995020956e-01 9.950652494011438254e-01 9.952559392060239540e-01 9.954371269850906812e-01 9.956091379811218278e-01 9.957726961495518836e-01 9.959283014305658766e-01 9.960763097634480756e-01 9.962173604113643277e-01 9.963516657214568362e-01 9.964797550885839961e-01 9.966019609180455374e-01 9.967185367641825389e-01 9.968299334803913947e-01 9.969362915819582893e-01 9.970379933767333780e-01 9.971352751896205291e-01 9.972283091999667448e-01 9.973174243379031578e-01 9.974027264710622065e-01 9.974844761029000306e-01 9.975628659623941852e-01 9.976379922187004201e-01 9.977101104037534585e-01 9.977793121485907246e-01 9.978457559334471538e-01 9.979096149903285973e-01 9.979709340939573181e-01 9.980299099613663127e-01 9.980866321699670696e-01 9.981411810383644667e-01 9.981937068934846335e-01 9.982442555988969568e-01 9.982929454730684604e-01 9.983398716553248953e-01 9.983850683019965810e-01
5.941178254195361719e-01 6.181480902084294238e-01 6.434985936491819380e-01 6.694576877750055832e-01 6.953547036211622512e-01 7.206314563921057958e-01 7.448371649692294705e-01 7.676687626382974194e-01 7.889284084263687991e-01 8.085130044304842389e-01 8.264188369765118614e-01 8.426875770395242382e-01 8.573929123075211267e-01 8.706399085993064002e-01 8.825516353130686831e-01 8.932399976833292898e-01 9.028157714235218734e-01 9.114068885985066037e-01 9.191140243502148310e-01 9.260156809760992092e-01 9.322180361931182713e-01 9.377952219342354789e-01 9.428152098784647883e-01 9.473397233417619745e-01 9.514243629230861865e-01 9.551188777857467782e-01 9.584675392141970285e-01 9.614973850839589886e-01 9.642508389020593151e-01 9.667628396634744270e-01 9.690468235542145647e-01 9.711346161201264149e-01 9.730445118458180831e-01 9.747928868121483736e-01 9.763985156478004468e-01 9.778716002222618275e-01 9.792306269471346969e-01 9.804784375127372220e-01 9.816331680515465452e-01 9.826998074620200141e-01 9.836852777687413729e-01 9.845993362969860385e-01 9.854476549337275459e-01 9.862356526735724938e-01 9.869684006340043725e-01 9.876505757172681088e-01 9.882864503381652010e-01 9.888799047635324913e-01 9.894344517933989502e-01 9.899532669168679133e-01 9.904391069437384898e-01 9.908938353057796800e-01 9.913207135544594983e-01 9.917218719190463716e-01 9.920983109292889068e-01 9.924527865015533301e-01 9.927864533094004074e-01 9.931008402543886060e-01 9.933974533401290774e-01 9.936772786382159772e-01 9.939417360686741976e-01 9.941916390151497307e-01 9.944281185658404576e-01 9.946520067647039998e-01 9.948640704994778927e-01 9.950652494011040794e-01 9.952559392061240962e-01 9.954371269852012594e-01 9.956091379810144693e-01 9.957726961495270146e-01 9.959283014306467008e-01 9.960763097636471386e-01 9.962173604113665482e-01 9.963516657214949168e-01 9.964797550884728627e-01 9.966019609180863936e-01 9.967185367642225069e-01 9.968299334803809586e-01 9.969362915820272342e-01 9.970379933767268277e-01 9.971352751896315203e-01 9.972283091999265547e-01 9.973174243379110404e-01 9.974027264710711993e-01 9.974844761028874851e-01 9.975628659623935190e-01 9.976379922187141869e-01 9.977101104037620072e-01 9.977793121485971639e-01 9.978457559334401594e-01 9.979096149903285973e-01 9.979709340939644235e-01 9.980299099613668679e-01 9.980866321699607413e-01 9.981411810383773453e-01 9.981937068934844115e-01 9.982442555988965127e-01 9.982929454730681273e-01 9.983398716553217866e-01 9.983850683020135675e-01
5.941178242869408210e-01 6.181480780674574182e-01 6.434985940962804074e-01 6.694576874644496689e-01 6.953547139920382980e-01 7.206314598229630608e-01 7.448371596478345902e-01 7.676687672551795183e-01 7.889284105765004274e-01 8.085130057007507975e-01 8.264188337743286761e-01 8.426875796906821980e-01 8.573929101648771756e-01 8.706399118891179345e-01 8.825516347748503243e-01 8.932399990088752961e-01 9.028157710604876041e-01 9.114068888265797197e-01 9.191140243172973845e-01 9.260156810357837998e-01 9.322180364820588094e-01 9.377952214878171322e-01 9.428152101039414257e-01 9.473397233769920156e-01 9.514243627858733898e-01 9.551188778710785199e-01 9.584675391968729974e-01 9.614973850871318950e-01 9.642508388823340937e-01 9.667628396723882966e-01 9.690468235229316996e-01 9.711346161401825938e-01 9.730445118272535998e-01 9.747928868138107106e-01 9.763985156374443974e-01 9.778716002213867498e-01 9.792306269446788836e-01 9.804784375135229268e-01 9.816331680504185586e-01 9.826998074607373734e-01 9.836852777621538646e-01 9.845993362984650776e-01 9.854476549346861125e-01 9.862356526775417631e-01 9.869684006343377725e-01 9.876505757189842916e-01 9.882864503378797627e-01 9.888799047623103577e-01 9.894344517955492302e-01 9.899532669170266752e-01 9.904391069436138118e-01 9.908938353071290450e-01 9.913207135559696237e-01 9.917218719190564746e-01 9.920983109293640689e-01 9.924527865014340922e-01 9.927864533095606125e-01 9.931008402547204517e-01 9.933974533400481421e-01 9.936772786381815603e-01 9.939417360684320579e-01 9.941916390153359151e-01 9.944281185660488465e-01 9.946520067645474583e-01 9.948640704994303752e-01 9.950652494011774651e-01 9.952559392064388444e-01 9.954371269852736459e-01 9.956091379811073949e-01 9.957726961495945162e-01 9.959283014307119819e-01 9.960763097633359431e-01 9.962173604113968572e-01 9.963516657216587857e-01 9.964797550885795552e-01 9.966019609181273609e-01 9.967185367642290572e-01 9.968299334803963907e-01 9.969362915820557669e-01 9.970379933767777869e-01 9.971352751895873334e-01 9.972283091999614157e-01 9.973174243379258064e-01 9.974027264710219054e-01 9.974844761029401097e-01 9.975628659623871908e-01 9.976379922187328386e-01 9.977101104037495727e-01 9.977793121485855066e-01 9.978457559334530380e-01 9.979096149903282642e-01 9.979709340939582063e-01 9.980299099613660907e-01 9.980866321699615185e-01 9.981411810383776784e-01 9.981937068934819690e-01 9.982442555988928490e-01 9.982929454730725682e-01 9.983398716553227858e-01 9.983850683020051298e-01
5.941178235605573121e-01 6.181480927928286739e-01 6.434985921883054072e-01 6.694576881705707194e-01 6.953547050137046659e-01 7.206314618512226211e-01 7.448371636349130354e-01 7.676687625088685074e-01 7.889284074227033150e-01 8.085130015344875742e-01 8.264188345237802880e-01 8.426875770802109145e-01 8.573929129894274359e-01 8.706399083549467566e-01 8.825516347454498423e-01 8.932399979789943378e-01 9.028157714086211261e-01 9.114068885337154313e-01 9.191140243257261977e-01 9.260156809043135206e-01 9.322180360225996720e-01 9.377952217908354093e-01 9.428152097166195844e-01 9.473397232126061773e-01 9.514243628560904442e-01 9.551188777211037095e-01 9.584675392205960209e-01 9.614973850889834139e-01 9.642508388812637277e-01 9.667628396629839305e-01 9.690468235483842285e-01 9.711346161180212100e-01 9.730445118372731406e-01 9.747928868285883341e-01 9.763985156410531774e-01 9.778716002324302492e-01 9.792306269478635583e-01 9.804784375084454329e-01 9.816331680509986501e-01 9.826998074620854062e-01 9.836852777689590877e-01 9.845993362958057604e-01 9.854476549353732295e-01 9.862356526749440633e-01 9.869684006336114646e-01 9.876505757164290022e-01 9.882864503384689581e-01 9.888799047613507920e-01 9.894344517955656615e-01 9.899532669176125399e-01 9.904391069435559691e-01 9.908938353057463733e-01 9.913207135547863480e-01 9.917218719190662446e-01 9.920983109293022295e-01 9.924527865015542183e-01 9.927864533097193744e-01 9.931008402542567115e-01 9.933974533400139473e-01 9.936772786381564693e-01 9.939417360685669500e-01 9.941916390153467953e-01 9.944281185660034383e-01 9.946520067646530405e-01 9.948640704996206674e-01 9.950652494011197335e-01 9.952559392061671728e-01 9.954371269851830517e-01 9.956091379809908215e-01 9.957726961494011153e-01 9.959283014306339332e-01 9.960763097635808583e-01 9.962173604113372383e-01 9.963516657215826244e-01 9.964797550885047261e-01 9.966019609180654104e-01 9.967185367641354654e-01 9.968299334803951695e-01 9.969362915819698356e-01 9.970379933767815617e-01 9.971352751896306321e-01 9.972283092000042704e-01 9.973174243379129278e-01 9.974027264710839669e-01 9.974844761029192375e-01 9.975628659623868577e-01 9.976379922186970894e-01 9.977101104037728874e-01 9.977793121485781791e-01 9.978457559334391602e-01 9.979096149903293744e-01 9.979709340939685314e-01 9.980299099613678671e-01 9.980866321699664034e-01 9.981411810383659100e-01 9.981937068934827462e-01 9.982442555988977340e-01 9.982929454730715690e-01 9.983398716553223418e-01 9.983850683020035754e-01
5.941178264692676958e-01 6.181481007636447922e-01 6.434985946200765250e-01 6.694576870595476681e-01 6.953547057181140856e-01 7.206314596908283132e-01 7.448371603226150439e-01 7.676687629254748124e-01 7.889284083656195046e-01 8.085130048033557504e-01 8.264188353658559194e-01 8.426875766132856382e-01 8.573929122096437538e-01 8.706399088876517478e-01 8.825516350859325954e-01 8.932399977400785618e-01 9.028157715567383113e-01 9.114068885370703033e-01 9.191140243741485749e-01 9.260156808934603134e-01 9.322180362514904672e-01 9.377952218870971857e-01 9.428152098980790985e-01 9.473397233197696776e-01 9.514243629267188362e-01 9.551188777769271665e-01 9.584675392178850784e-01 9.614973850950214729e-01 9.642508388878333614e-01 9.667628396609063701e-01 9.690468235511459083e-01 9.711346161211140693e-01 9.730445118526842574e-01 9.747928868044017925e-01 9.763985156417298583e-01 9.778716002216573111e-01 9.792306269460842039e-01 9.804784375100700222e-01 9.816331680537635496e-01 9.826998074608968015e-01 9.836852777642313139e-01 9.845993362965574924e-01 9.854476549385753348e-01 9.862356526774780363e-01 9.869684006319737746e-01 9.876505757175623179e-01 9.882864503398562928e-01 9.888799047607246262e-01 9.894344517922261106e-01 9.899532669172005361e-01 9.904391069436955242e-01 9.908938353057580306e-01 9.913207135546755477e-01 9.917218719190399323e-01 9.920983109295411495e-01 9.924527865013834660e-01 9.927864533094997723e-01 9.931008402543899383e-01 9.933974533399834161e-01 9.936772786379129974e-01 9.939417360683729941e-01 9.941916390155297600e-01 9.944281185659444855e-01 9.946520067647368624e-01 9.948640704996345452e-01 9.950652494011088534e-01 9.952559392061958166e-01 9.954371269851822746e-01 9.956091379810082520e-01 9.957726961493856832e-01 9.959283014306382631e-01 9.960763097634799390e-01 9.962173604113634395e-01 9.963516657214643857e-01 9.964797550885002853e-01 9.966019609180970518e-01 9.967185367642253935e-01 9.968299334804126000e-01 9.969362915820032534e-01 9.970379933767830050e-01 9.971352751896376265e-01 9.972283091999247784e-01 9.973174243379133719e-01 9.974027264710889629e-01 9.974844761028729412e-01 9.975628659623919647e-01 9.976379922186797700e-01 9.977101104037536805e-01 9.977793121485817318e-01 9.978457559334218407e-01 9.979096149903273760e-01 9.979709340939801887e-01 9.980299099613730851e-01 9.980866321699590760e-01 9.981411810383865602e-01 9.981937068934818580e-01 9.982442555988961796e-01 9.982929454730744556e-01 9.983398716553234520e-01 9.983850683020007999e-01
5.941178257537533813e-01 6.181480847912823595e-01 6.434985934102194216e-01 6.694576871841249055e-01 6.953547025190109920e-01 7.206314651441410035e-01 7.448371626626768549e-01 7.676687614592093700e-01 7.889284100059060778e-01 8.085130054195183158e-01 8.264188371242000564e-01 8.426875763096262073e-01 8.573929141527406594e-01 8.706399085268555771e-01 8.825516354783633499e-01 8.932399973586289121e-01 9.028157716003529787e-01 9.114068886499004929e-01 9.191140243400771626e-01 9.260156809676379774e-01 9.322180361309282404e-01 9.377952220020933094e-01 9.428152099041063883e-01 9.473397233721351229e-01 9.514243629413887682e-01 9.551188777610516434e-01 9.584675392188313214e-01 9.614973850997914351e-01 9.642508388863547664e-01 9.667628396630916221e-01 9.690468235509062112e-01 9.711346161236674712e-01 9.730445118489494671e-01 9.747928868157834659e-01 9.763985156382469777e-01 9.778716002367368043e-01 9.792306269449059242e-01 9.804784375120942919e-01 9.816331680489314149e-01 9.826998074629078594e-01 9.836852777692254302e-01 9.845993362924212455e-01 9.854476549374453498e-01 9.862356526741954399e-01 9.869684006342301918e-01 9.876505757178717371e-01 9.882864503385131449e-01 9.888799047623921812e-01 9.894344517946959128e-01 9.899532669177646405e-01 9.904391069435801720e-01 9.908938353054066450e-01 9.913207135549915172e-01 9.917218719190401544e-01 9.920983109292009772e-01 9.924527865015465578e-01 9.927864533095948074e-01 9.931008402542529367e-01 9.933974533398460816e-01 9.936772786384613365e-01 9.939417360683290292e-01 9.941916390150289384e-01 9.944281185661584255e-01 9.946520067644870622e-01 9.948640704994410333e-01 9.950652494011528182e-01 9.952559392061518517e-01 9.954371269851853832e-01 9.956091379809867137e-01 9.957726961494278717e-01 9.959283014306190562e-01 9.960763097635469965e-01 9.962173604113401248e-01 9.963516657215419903e-01 9.964797550885269306e-01 9.966019609180657435e-01 9.967185367641580029e-01 9.968299334803936151e-01 9.969362915819804938e-01 9.970379933767327119e-01 9.971352751896201960e-01 9.972283091999706306e-01 9.973174243379090420e-01 9.974027264710695340e-01 9.974844761029210138e-01 9.975628659623990702e-01 9.976379922187088578e-01 9.977101104037544577e-01 9.977793121485895034e-01 9.978457559334354965e-01 9.979096149903299295e-01 9.979709340939845186e-01 9.980299099613778591e-01 9.980866321699697341e-01 9.981411810383944427e-01 9.981937068934875201e-01 9.982442555988939592e-01 9.982929454730694596e-01 9.983398716553220087e-01 9.983850683020131234e-01
6.275899162579050561e-01 6.502543057293828088e-01 6.740636368769844511e-01 6.983424502759805197e-01 7.224646296882925034e-01 7.459179903627778385e-01 7.682964746003847489e-01 7.893344853991028920e-01 8.088648540020317856e-01 8.268074213062470701e-01 8.431719570680412668e-01 8.580079693378220851e-01 8.713923221962277532e-01 8.834286565989709628e-01 8.942352935639704681e-01 9.039189969333135677e-01 9.125843318867922216e-01 9.203503958898685555e-01 9.273108157713449984e-01 9.335385826426432221e-01 9.391311610720126657e-01 9.441566887903899419e-01 9.486774427514125252e-01 9.527498259630238220e-01 9.564245330792391364e-01 9.597468379381264292e-01 9.627569643464485294e-01 9.654795521374800460e-01 9.679529936377188060e-01 9.702088881438302170e-01 9.722594772812788166e-01 9.741334783535676722e-01 9.758474279098149351e-01 9.774161175276457891e-01 9.788564705445534919e-01 9.801777035042311681e-01 9.813964503351289004e-01 9.825153040604756027e-01 9.835505637197392570e-01 9.845067324578647971e-01 9.853900415899337073e-01 9.862092587494263318e-01 9.869694854767606662e-01 9.876755934836376483e-01 9.883321400530890033e-01 9.889433269030403206e-01 9.895129913742013450e-01 9.900446178254810325e-01 9.905413600283730080e-01 9.910060684061297032e-01 9.914412173857001243e-01 9.918484804392458942e-01 9.922307825192457909e-01 9.925900346819680475e-01 9.929271358365910904e-01 9.932445564227774248e-01 9.935433325778457725e-01 9.938248352422099918e-01 9.940904145592407426e-01 9.943409548949599941e-01 9.945777288516742809e-01 9.948014657982175990e-01 9.950131793896209720e-01 9.952136154076307584e-01 9.954034611895304918e-01 9.955835586066384968e-01 9.957542625384582236e-01 9.959164571455489945e-01 9.960704340584587424e-01 9.962168417633183726e-01 9.963561281589341512e-01 9.964886121998046686e-01 9.966148664045388905e-01 9.967350811197358551e-01 9.968497304460702813e-01 9.969591121311285331e-01 9.970634533212368034e-01 9.971631577317243700e-01 9.972583512909785064e-01 9.973493763217665675e-01 9.974364444705940969e-01 9.975197099592544303e-01 9.975994672882650960e-01 9.976758113060886224e-01 9.977489752481444318e-01 9.978191316824788215e-01 9.978863667510011748e-01 9.979509092117949676e-01 9.980128411308953895e-01 9.980723043954573548e-01 9.981294540883730582e-01 9.981843303263832068e-01 9.982371091997181978e-01 9.982878709117037896e-01 9.983366873765431304e-01 9.983836931560348127e-01 9.984289293236638940e-01 9.984725017904200195e-01 9.985144957212632733e-01 9.985549417057060229e-01
6.640521554352486477e-01 6.850807441697477351e-01 7.070761862126033748e-01 7.294085695023775351e-01 7.515038345924475172e-01 7.729008622189932343e-01 7.932413130208354479e-01 8.122979365932668783e-01 8.299338427674702867e-01 8.460904992628865973e-01 8.607891529997150348e-01 8.740850098888283126e-01 8.860560034705179389e-01 8.968022974393227154e-01 9.064355743844189073e-01 9.150558573830855913e-01 9.227601157648266383e-01 9.296573079205662227e-01 9.358329977015693579e-01 9.413538726283581237e-01 9.463078528044082116e-01 9.507564816427230836e-01 9.547558294139879553e-01 9.583565420483542985e-01 9.616040369807203891e-01 9.645387972658133746e-01 9.671967312218192614e-01 9.695999017393828190e-01 9.717824439865350161e-01 9.737724352954751916e-01 9.755808340363312237e-01 9.772330968048923427e-01 9.787439085698940167e-01 9.801263947283617162e-01 9.813955409901461424e-01 9.825595272680233139e-01 9.836330561817502316e-01 9.846184523226930718e-01 9.855301043925995819e-01 9.863720054841832452e-01 9.871496660349061703e-01 9.878708248348845311e-01 9.885399892573315528e-01 9.891614614997372712e-01 9.897392645346568818e-01 9.902771062936227553e-01 9.907783722605660870e-01 9.912461358027255809e-01 9.916831781346442387e-01 9.920920125031728043e-01 9.924748204656675954e-01 9.928330782533998367e-01 9.931693623525977843e-01 9.934853567554043918e-01 9.937818547577241812e-01 9.940610315217501824e-01 9.943238003128556102e-01 9.945713685844250751e-01 9.948049252326891523e-01 9.950252493164344347e-01 9.952334611212172444e-01 9.954302030548655145e-01 9.956163673737508102e-01 9.957926106547010381e-01 9.959595379790370240e-01 9.961178902081512243e-01 9.962679799276846770e-01 9.964105850191096181e-01 9.965459623267949318e-01 9.966746823943083422e-01 9.967971393553314297e-01 9.969136139380850858e-01 9.970246097553362441e-01 9.971302943982971456e-01 9.972310848884599066e-01 9.973272431811482930e-01 9.974189691435485505e-01 9.975066178425812113e-01 9.975903001264559977e-01 9.976703170552804201e-01 9.977468547988393999e-01 9.978200490350799257e-01 9.978901587413824270e-01 9.979572673816793360e-01 9.980215800575569229e-01 9.980832485326618375e-01 9.981423485936221640e-01 9.981990813808407914e-01 9.982535190851937745e-01 9.983057864748994259e-01 9.983560199112860856e-01 9.984042546981762856e-01 9.984506456527727503e-01 9.984952633060589777e-01 9.985381709001734940e-01 9.985794867386025286e-01 9.986192469499424185e-01 9.986575446492731434e-01 9.986944547143482565e-01 9.987300040524840217e-01
7.026328080086413630e-01 7.217724233378619569e-01 7.417055389982440960e-01 7.618566808494132703e-01 7.817102598515000000e-01 8.008598137287575858e-01 8.189960535876498193e-01 8.359294443597726776e-01 8.515516281401565024e-01 8.658233035837314961e-01 8.787744418095893018e-01 8.904632961649510126e-01 9.009664433437044595e-01 9.103783929634691185e-01 9.188023067564545787e-01 9.263299310799499864e-01 9.330493648579810673e-01 9.390583347709391404e-01 9.444335002807245916e-01 9.492345897519508524e-01 9.535393876794411305e-01 9.574024080089218458e-01 9.608731616472652171e-01 9.639962523829671559e-01 9.668115904143264050e-01 9.693546825636525366e-01 9.716569721427047446e-01 9.737378356399942758e-01 9.756270445441634909e-01 9.773490712452720386e-01 9.789135369504616824e-01 9.803425780057859473e-01 9.816489864757866890e-01 9.828441872568619564e-01 9.839411975685596889e-01 9.849471388439861030e-01 9.858747592606995624e-01 9.867261025327118684e-01 9.875136291832267155e-01 9.882408125071194815e-01 9.889124326652637409e-01 9.895351903281071060e-01 9.901129920838822596e-01 9.906495648689992439e-01 9.911483923906232452e-01 9.916126845410400126e-01 9.920453713053598577e-01 9.924491119419798224e-01 9.928263124389465899e-01 9.931791465773708305e-01 9.935095011035458556e-01 9.938186534677059258e-01 9.941088300157964186e-01 9.943814864146387489e-01 9.946373094271391269e-01 9.948781777863315856e-01 9.951048811362586122e-01 9.953184627015486674e-01 9.955199494665692983e-01 9.957100146617433589e-01 9.958896257197746849e-01 9.960593376878257299e-01 9.962199210171016617e-01 9.963719427495504322e-01 9.965159254178511672e-01 9.966525085864572642e-01 9.967819623477183200e-01 9.969049580561611945e-01 9.970217176143519877e-01 9.971327334393713659e-01 9.972383457538959162e-01 9.973387969393275876e-01 9.974345215660062047e-01 9.975256643820236135e-01 9.976125852216557455e-01 9.976955101649975788e-01 9.977746117296079076e-01 9.978501962538854908e-01 9.979223594548956022e-01 9.979913610654964629e-01 9.980573617293018174e-01 9.981204785387531864e-01 9.981809348993575526e-01 9.982388028593379703e-01 9.982942593480100824e-01 9.983474352930202800e-01 9.983983961017396380e-01 9.984473152657735717e-01 9.984942550807071049e-01 9.985393231735121278e-01 9.985826371624700881e-01 9.986242275246762778e-01 9.986642277841700777e-01 9.987026987857871019e-01 9.987396950870498502e-01 9.987753187183587844e-01 9.988096008540148230e-01 9.988426218013687352e-01 9.988744461408523012e-01 9.989050970904378435e-01
7.434549513155637168e-01 7.604292421360603349e-01 7.780308788609994197e-01 7.957482629397496510e-01 8.131308214661245870e-01 8.298301536425674030e-01 8.455869919807444957e-01 8.602484439124331583e-01 8.737325049550003220e-01 8.860163229367788995e-01 8.971355144132616699e-01 9.071484727987708663e-01 9.161277942387011652e-01 9.241600079986680427e-01 9.313377616211675480e-01 9.377429085789121821e-01 9.434533443616637260e-01 9.485544281636696384e-01 9.531130432920891238e-01 9.571812817487426184e-01 9.608261847997293659e-01 9.640947903689716103e-01 9.670296889841483168e-01 9.696691511305168820e-01 9.720473452819123894e-01 9.741946132926009305e-01 9.761377815254450585e-01 9.778934288833254218e-01 9.794868552484036206e-01 9.809388440679701615e-01 9.822576247835310692e-01 9.834619533387656265e-01 9.845626871455763762e-01 9.855695159523989446e-01 9.864934573636626736e-01 9.873405522964556758e-01 9.881215711885864561e-01 9.888382643272914940e-01 9.895011461102457551e-01 9.901131602222789097e-01 9.906783470920497159e-01 9.912023599455385137e-01 9.916884979329906313e-01 9.921399069543088700e-01 9.925595264732651746e-01 9.929500640713946336e-01 9.933139905778700651e-01 9.936535480128689812e-01 9.939707644584895307e-01 9.942674719327003752e-01 9.945452604227168480e-01 9.948052070524191492e-01 9.950491863486659039e-01 9.952784243881181991e-01 9.954935004781734209e-01 9.956959957682386397e-01 9.958865755296602007e-01 9.960661180148191463e-01 9.962354876300070217e-01 9.963952512549713036e-01 9.965462229323841514e-01 9.966888699482491232e-01 9.968238405413404335e-01 9.969516118881501798e-01 9.970726236795151021e-01 9.971874138954702760e-01 9.972962099352905563e-01 9.973995763783427559e-01 9.974977000295099927e-01 9.975909949952094236e-01 9.976797474410284972e-01 9.977641612808407778e-01 9.978446019058087035e-01 9.979211911330501117e-01 9.979942315014695975e-01 9.980639131328705727e-01 9.981303811246140523e-01 9.981938930063842808e-01 9.982545293130764552e-01 9.983125083856484450e-01 9.983679652920445236e-01 9.984209984975006558e-01 9.984717957868726179e-01 9.985204177614647181e-01 9.985670131398537430e-01 9.986116919820589022e-01 9.986545092921983446e-01 9.986956108819408096e-01 9.987350491314321843e-01 9.987729145040725731e-01 9.988093058535988389e-01 9.988442488165591993e-01 9.988778556036813638e-01 9.989101773598391132e-01 9.989412599453787456e-01 9.989711891028337787e-01 9.989999910427962426e-01 9.990277332530621557e-01 9.990544700066209538e-01 9.990802208249480731e-01
7.866488133426721152e-01 8.011564498702701265e-01 8.161352674793119766e-01 8.311475293038594891e-01 8.458143212087020357e-01 8.598484679712927736e-01 8.730412776409327558e-01 8.852749358775606758e-01 8.964911403930646561e-01 9.066802906102340298e-01 9.158802224199653619e-01 9.241462901899366589e-01 9.315442784548769728e-01 9.381502537685665333e-01 9.440442409026781334e-01 9.492965012636968014e-01 9.539733335788620483e-01 9.581465494455997378e-01 9.618723531339015143e-01 9.651945009395216379e-01 9.681686664706069534e-01 9.708339534570397111e-01 9.732256625563542318e-01 9.753754335972671941e-01 9.773114543079562955e-01 9.790587095100774517e-01 9.806392542217827746e-01 9.820667568336505227e-01 9.833619362741830017e-01 9.845418020148964944e-01 9.856131364278085671e-01 9.865912542862053103e-01 9.874850361730888038e-01 9.883024017120108917e-01 9.890523375036377463e-01 9.897397817239440565e-01 9.903735036084952981e-01 9.909549473638196160e-01 9.914926632084203328e-01 9.919890553379524523e-01 9.924474149363272657e-01 9.928723384115691886e-01 9.932665107875624511e-01 9.936324911236107393e-01 9.939726696389209470e-01 9.942892473140617637e-01 9.945842321500301120e-01 9.948594457871657859e-01 9.951165357122314647e-01 9.953569898745669997e-01 9.955820995477338009e-01 9.957927399787578349e-01 9.959904321918243708e-01 9.961761714049469640e-01 9.963504285447095654e-01 9.965144860196420984e-01 9.966688839750438289e-01 9.968143349457913027e-01 9.969515400923932846e-01 9.970809594204258497e-01 9.972032530442712650e-01 9.973188000874452230e-01 9.974281261682679256e-01 9.975316182665856513e-01 9.976296329376687089e-01 9.977226062891864089e-01 9.978107228272035112e-01 9.978944401073532866e-01 9.979739096807006549e-01 9.980494671585690147e-01 9.981213445031686948e-01 9.981897070399661231e-01 9.982548508440318713e-01 9.983168747135361398e-01 9.983760237837346896e-01 9.984324521349796644e-01 9.984862773737824826e-01 9.985377081408387534e-01 9.985868097377893493e-01 9.986337590489806626e-01 9.986786655171404625e-01 9.987216089385572149e-01 9.987627414286169847e-01 9.988021121104662114e-01 9.988398414534431780e-01 9.988760186182874534e-01 9.989106881818475836e-01 9.989439682446941138e-01 9.989759012513695913e-01 9.990065604793610943e-01 9.990360259963487755e-01 9.990643185845029528e-01 9.990915291210797911e-01 9.991176990371677391e-01 9.991428654833685030e-01 9.991670978995589314e-01 9.991904175232031449e-01 9.992128790107102088e-01 9.992345263175005377e-01 9.992553752613962947e-01
8.323521881701401171e-01 8.440649328078984048e-01 8.561058345121640434e-01 8.681215500437918786e-01 8.798115224212315066e-01 8.909526661898513611e-01 9.013869414895979704e-01 9.110295027430416193e-01 9.198425836802880395e-01 9.278261902176228038e-01 9.350165814900945893e-01 9.414626064869895394e-01 9.472201893439278209e-01 9.523522885955635342e-01 9.569240779308459954e-01 9.609924416033716055e-01 9.646106260774482966e-01 9.678356696850546337e-01 9.707121628801532731e-01 9.732748042689314261e-01 9.755672582245986657e-01 9.776202242772324968e-01 9.794613351046567162e-01 9.811152962388146603e-01 9.826040710440130388e-01 9.839470918729400495e-01 9.851614855208704613e-01 9.862578951768739000e-01 9.872523480344953528e-01 9.881579935146032057e-01 9.889801109084243036e-01 9.897305124306534641e-01 9.904160592281162634e-01 9.910428654906811019e-01 9.916178551610964620e-01 9.921448412592229760e-01 9.926305681900445821e-01 9.930761613203563654e-01 9.934881885286853676e-01 9.938685045751410874e-01 9.942196418291969762e-01 9.945451304585493091e-01 9.948470346368412098e-01 9.951273207499159446e-01 9.953878247479950314e-01 9.956302367016925947e-01 9.958560980964232812e-01 9.960668070387933559e-01 9.962636277208817281e-01 9.964477017098065659e-01 9.966200196043221160e-01 9.967812532189044283e-01 9.969325683866854249e-01 9.970747281948868501e-01 9.972080942611760701e-01 9.973336490931665743e-01 9.974518069547718691e-01 9.975631139163365635e-01 9.976681072233847258e-01 9.977671394826379547e-01 9.978607163408497183e-01 9.979491283568826532e-01 9.980327781198198300e-01 9.981119620810561255e-01 9.981869533660482352e-01 9.982580859216846347e-01 9.983255011603298090e-01 9.983895493649524999e-01 9.984503466764073076e-01 9.985081500262409371e-01 9.985631370267942231e-01 9.986154342940779527e-01 9.986652684499924826e-01 9.987127151856657337e-01 9.987579621243057870e-01 9.988011272215563396e-01 9.988423005223444617e-01 9.988816416980240698e-01 9.989192007658379557e-01 9.989551130887486252e-01 9.989894624346716823e-01 9.990223098891658493e-01 9.990537718492873420e-01 9.990838859287552998e-01 9.991127443091392113e-01 9.991404152202206790e-01 9.991669327875405404e-01 9.991923873693887570e-01 9.992168114545230129e-01 9.992402611121607992e-01 9.992627976023990000e-01 9.992844368391882170e-01 9.993052483461408730e-01 9.993252638267275945e-01 9.993445117092292218e-01 9.993630451160675499e-01 9.993808803021533294e-01 9.993980590806704756e-01 9.994146150793385974e-01 9.994305604051652026e-01
8.807108755528306743e-01 8.892715160832403987e-01 8.980339768301301984e-01 9.067403789092102206e-01 9.151752288599117602e-01 9.231820291122581068e-01 9.306529245483610158e-01 9.375333257859504998e-01 9.438022760388377064e-01 9.494652615359624459e-01 9.545527747628810289e-01 9.591033896063220210e-01 9.631598925055359084e-01 9.667693186138072159e-01 9.699796378697467247e-01 9.728324834121311326e-01 9.753665298492404379e-01 9.776227697701488362e-01 9.796332123419402294e-01 9.814227533441796103e-01 9.830223888460810633e-01 9.844539321194628601e-01 9.857369609891951656e-01 9.868889366668522900e-01 9.879253498731939143e-01 9.888598816404796654e-01 9.897045711512877375e-01 9.904669199219021669e-01 9.911581511813424283e-01 9.917874671735191772e-01 9.923585873838229876e-01 9.928797594551515004e-01 9.933557820566434327e-01 9.937909283014989548e-01 9.941900275531947440e-01 9.945557450694061385e-01 9.948927766294481945e-01 9.952019158956784128e-01 9.954877301381793719e-01 9.957515146675792739e-01 9.959950334118149451e-01 9.962207408268021203e-01 9.964300734764180989e-01 9.966243992113102967e-01 9.968049946649646387e-01 9.969730346702193602e-01 9.971295904942855115e-01 9.972756335438273112e-01 9.974120420069026993e-01 9.975396087466870121e-01 9.976590217193809229e-01 9.977707477460063812e-01 9.978755957754585904e-01 9.979740954883581372e-01 9.980664982625472303e-01 9.981534855418906504e-01 9.982353449515852795e-01 9.983124553486433239e-01 9.983851893929037713e-01 9.984537917663613982e-01 9.985186131077212757e-01 9.985798550081887992e-01 9.986377966180660648e-01 9.986926435278751235e-01 9.987445851384874063e-01 9.987938529471265259e-01 9.988405450716124623e-01 9.988849042729602834e-01 9.989270111251653539e-01 9.989670436950605081e-01 9.990051250984209874e-01 9.990413431205840133e-01 9.990758547930357336e-01 9.991087126116476869e-01 9.991400465790588603e-01 9.991699384428500696e-01 9.991984506155477952e-01 9.992256937187293797e-01 9.992517024340374920e-01 9.992765705382178343e-01 9.993003560747297787e-01 9.993231013765775383e-01 9.993448870735874845e-01 9.993657392387511607e-01 9.993857217273081073e-01 9.994048818063778761e-01 9.994232431261351746e-01 9.994408682713835645e-01 9.994577797548997999e-01 9.994740164152579043e-01 9.994896206834309460e-01 9.995046035912975579e-01 9.995190132886421219e-01 9.995328717374751815e-01 9.995461986311722224e-01 9.995590307598940516e-01 9.995713793865660390e-01 9.995832734693020916e-01 9.995947362979835660e-01 9.996057762616380460e-01
9.318791460406228300e-01 9.368992817723955646e-01 9.420155675038569543e-01 9.470771860264778352e-01 9.519603667088558652e-01 9.565772584985103855e-01 9.608691074879661675e-01 9.648082024926265543e-01 9.683860608976712081e-01 9.716090064800924075e-01 9.744971563556901195e-01 9.770747192889690513e-01 9.793678270031508371e-01 9.814045984929858912e-01 9.832133181519947529e-01 9.848184021122836640e-01 9.862423674708375998e-01 9.875088405080882925e-01 9.886362481293787807e-01 9.896389144740722621e-01 9.905344903961332825e-01 9.913354085754283451e-01 9.920527961998510946e-01 9.926965536559732017e-01 9.932754460146702158e-01 9.937972006774276057e-01 9.942686072830682065e-01 9.946939074020232363e-01 9.950794066066798171e-01 9.954302717766032593e-01 9.957486051462192123e-01 9.960390271435544118e-01 9.963042304810735272e-01 9.965466112158209988e-01 9.967688719417483467e-01 9.969725073560338213e-01 9.971601406495758102e-01 9.973322208093234886e-01 9.974912961202770934e-01 9.976380923617593766e-01 9.977735953354109899e-01 9.978991742646373675e-01 9.980156313082424457e-01 9.981237298909614308e-01 9.982241822583851620e-01 9.983176436588595548e-01 9.984047114235095055e-01 9.984859270804991027e-01 9.985617800945114642e-01 9.986327122949097967e-01 9.986991070209840782e-01 9.987612245341771500e-01 9.988195152011500877e-01 9.988742740164396894e-01 9.989256411843442374e-01 9.989739959193478791e-01 9.990194984486046037e-01 9.990623596652170590e-01 9.991027869711385234e-01 9.991409165965741135e-01 9.991769436306758845e-01 9.992109802931500306e-01 9.992431818852113290e-01 9.992736628034704083e-01 9.993025284289168697e-01 9.993299075197565884e-01 9.993558546980654267e-01 9.993805049532571427e-01 9.994039031355617109e-01 9.994261482619075654e-01 9.994473088046033071e-01 9.994674335969246926e-01 9.994866099425353534e-01 9.995048670537154401e-01 9.995222772038911963e-01 9.995388858491291995e-01 9.995547276986561647e-01 9.995698642437579329e-01 9.995843147792160543e-01 9.995981314306652266e-01 9.996113464674153404e-01 9.996239834280516989e-01 9.996360871262283121e-01 9.996476720628795221e-01 9.996587737283219033e-01 9.996694183952836710e-01 9.996796192144934423e-01 9.996894109660415806e-01 9.996988061665104119e-01 9.997078264014415128e-01 9.997164952511290448e-01 9.997248188515162060e-01 9.997328239583631593e-01 9.997405227783687787e-01 9.997479262574109349e-01 9.997550548385742974e-01 9.997619147833615161e-01 9.997685221829650803e-01 9.997748899792852084e-01 9.997810228361994067e-01
9.860202331216788574e-01 9.870779040036917751e-01 9.881511750278354489e-01 9.892083965322573391e-01 9.902240698903113092e-01 9.911805284559515039e-01 9.920663411365480133e-01 9.928765644855355177e-01 9.936101943690569538e-01 9.942691952163387192e-01 9.948582549364292094e-01 9.953827891959363683e-01 9.958485066002272790e-01 9.962614321730741684e-01 9.966275489189904135e-01 9.969519950004759323e-01 9.972394762662462053e-01 9.974948827254753736e-01 9.977220237140889125e-01 9.979238587083735235e-01 9.981039982375766728e-01 9.982649875547001672e-01 9.984090983666898955e-01 9.985383471505133723e-01 9.986545155282000596e-01 9.987591714569784562e-01 9.988536905297346058e-01 9.989389342762904356e-01 9.990161754433657393e-01 9.990864562879997468e-01 9.991502036220544225e-01 9.992083473808504035e-01 9.992614304004550085e-01 9.993099353634327109e-01 9.993544056333486525e-01 9.993951423551554747e-01 9.994326720000132891e-01 9.994670858016345694e-01 9.994988945746223763e-01 9.995282444169559799e-01 9.995553332613061892e-01 9.995804355283649523e-01 9.996037121406314840e-01 9.996253161771264661e-01 9.996453904008961722e-01 9.996640661101205971e-01 9.996814629666471719e-01 9.996976894291980109e-01 9.997128435096824806e-01 9.997270136656116746e-01 9.997402766383816086e-01 9.997526845584970845e-01 9.997643275075632774e-01 9.997752645108699543e-01 9.997855236626349562e-01 9.997951807795266710e-01 9.998042679293295265e-01 9.998128272888807677e-01 9.998209003285432050e-01 9.998285142984771889e-01 9.998357081956922299e-01 9.998425044637119230e-01 9.998489341435949918e-01 9.998550201043838737e-01 9.998607834113644177e-01 9.998662497939017069e-01 9.998714301767732682e-01 9.998763515277838687e-01 9.998810228162352542e-01 9.998854638237064663e-01 9.998896882319336932e-01 9.998937058005735734e-01 9.998975339678937146e-01 9.999011785741270808e-01 9.999046540547216200e-01 9.999079694906806148e-01 9.999111318169494611e-01 9.999141533139269677e-01 9.999170378382137292e-01 9.999197957993778418e-01 9.999224336428387261e-01 9.999249560708559637e-01 9.999273720319282743e-01 9.999296844235719961e-01 9.999319003325580768e-01 9.999340250054672419e-01 9.999360610694816298e-01 9.999380154687295130e-01 9.999398907033688610e-01 9.999416910835040584e-01 9.999434213171803920e-01 9.999450826305318341e-01 9.999466803650853830e-01 9.999482169583687741e-01 9.999496945961603434e-01 9.999511173596459246e-01 9.999524864994616680e-01 9.999538052280206868e-01 9.999550761290939560e-01 9.999563001342345325e-01
5.942146577078787351e-01 6.182738311598734438e-01 6.436372224651927265e-01 6.696216691430475487e-01 6.955549500253743744e-01 7.208583738820479869e-01 7.450992860734484413e-01 7.679634407636557469e-01 7.892574901397608755e-01 8.088804503321193051e-01 8.268238583722650192e-01 8.431297559725873247e-01 8.578731526157375997e-01 8.711584521744880627e-01 8.831076930578533046e-01 8.938337829499879428e-01 9.034477344470593918e-01 9.120761315715636419e-01 9.198199975185838984e-01 9.267588756522848747e-01 9.329977335659922488e-01 9.386109746228588069e-01 9.436666725900035857e-01 9.482265719816709293e-01 9.523462630002503815e-01 9.560754784822873553e-01 9.594584780916853850e-01 9.625226133858593158e-01 9.653100559346996512e-01 9.678556416200830848e-01 9.701731333456643513e-01 9.722941522493115940e-01 9.742370628678116429e-01 9.760182852764369699e-01 9.776565477269726356e-01 9.791621479266101602e-01 9.805534554666418545e-01 9.818335065183509958e-01 9.830202662810199055e-01 9.841188208544994209e-01 9.851361280365523720e-01 9.860818913792523954e-01 9.869618070867322013e-01 9.877813097485401705e-01 9.885454804594985267e-01 9.892590024977534480e-01 9.899261527533114169e-01 9.905508145707980772e-01 9.911365032400464292e-01 9.916863961437427655e-01 9.922032564672498278e-01 9.926889807589494019e-01 9.931467973566365792e-01 9.935788379182960428e-01 9.939861508660127187e-01 9.943714481936006822e-01 9.947359107728579453e-01 9.950810681763551102e-01 9.954084206145848990e-01 9.957189727259162515e-01 9.960141293735077506e-01 9.962947224570978255e-01 9.965618740819326415e-01 9.968164225112273735e-01 9.970591419997116844e-01 9.972909580161457566e-01 9.975122966351536169e-01 9.977241145624728968e-01 9.979267663923910847e-01 9.981209607377234949e-01 9.983072002354451691e-01 9.984858578357602710e-01 9.986575499906031883e-01 9.988225171412618009e-01 9.989812709901021437e-01 9.991341484253432048e-01 9.992814176675652860e-01 9.994235084221017029e-01 9.995605879519526837e-01 9.996930212169324870e-01 9.998210484264733466e-01 9.999448563402930645e-01 1.000064753559716024e+00 1.000180869064630995e+00 1.000293450666232653e+00 1.000402689271094658e+00 1.000508701733490824e+00 1.000611721078324745e+00 1.000711856164416602e+00 1.000809263815382932e+00 1.000904105883237971e+00 1.000996455380959604e+00 1.001086483319911791e+00 1.001174289309104681e+00 1.001259961402143572e+00 1.001343632569357656e+00 1.001425370219157118e+00 1.001505282644243433e+00 1.001583460199793274e+00 1.001659956363313508e+00
5.942146207007135139e-01 6.182737887614881966e-01 6.436371764324135825e-01 6.696216183048563364e-01 6.955548934151145613e-01 7.208583129437463599e-01 7.450992200489546802e-01 7.679633703956202373e-01 7.892574156547842446e-01 8.088803716113405207e-01 8.268237759246952479e-01 8.431296702284424294e-01 8.578730637730844766e-01 8.711583604868253783e-01 8.831075988972211244e-01 8.938336865239966400e-01 9.034476358906955440e-01 9.120760311862700087e-01 9.198198955202949723e-01 9.267587720915445582e-01 9.329976286531047602e-01 9.386108685095567727e-01 9.436665654058619124e-01 9.482264638384235722e-01 9.523461540007774895e-01 9.560753687194317729e-01 9.594583676497914215e-01 9.625225023082876197e-01 9.653099442896051485e-01 9.678555294794145558e-01 9.701730207458415522e-01 9.722940392410842625e-01 9.742369494918033945e-01 9.760181715683116099e-01 9.776564337192187315e-01 9.791620336460655771e-01 9.805533409423201618e-01 9.818333917709750613e-01 9.830201513324425822e-01 9.841187057254175974e-01 9.851360127439923176e-01 9.860817759398298188e-01 9.869616915143984981e-01 9.877811940558879344e-01 9.885453646580898424e-01 9.892588865973284129e-01 9.899260367633473390e-01 9.905506984996956810e-01 9.911363870959963851e-01 9.916862799334872358e-01 9.922031401973445686e-01 9.926888644350337909e-01 9.931466809839029075e-01 9.935787215015992047e-01 9.939860344095147182e-01 9.943713317012807806e-01 9.947357942481983573e-01 9.950809516224020657e-01 9.954083040343639777e-01 9.957188561220662315e-01 9.960140127483763095e-01 9.962946058129329430e-01 9.965617574208253115e-01 9.968163058348602501e-01 9.970590253098908784e-01 9.972908413145533668e-01 9.975121799228785502e-01 9.977239978408687371e-01 9.979266496623883098e-01 9.981208440000233217e-01 9.983070834908672753e-01 9.984857410847838288e-01 9.986574332338699067e-01 9.988224003794161643e-01 9.989811542238917763e-01 9.991340316552443923e-01 9.992813008948493447e-01 9.994233916479675628e-01 9.995604711762505756e-01 9.996929044409476051e-01 9.998209316510879852e-01 9.999447395640808089e-01 1.000064636783147609e+00 1.000180752286745411e+00 1.000293333885827529e+00 1.000402572485692865e+00 1.000508584941052881e+00 1.000611604278879074e+00 1.000711739358881358e+00 1.000809147011813671e+00 1.000903989085243140e+00 1.000996338603877600e+00 1.001086366558382457e+00 1.001174172574067489e+00 1.001259844679825539e+00 1.001343515846749632e+00 1.001425253500906498e+00 1.001505165937062625e+00 1.001583343508712032e+00 1.001659839684487796e+00
5.942145836935505132e-01 6.182737463631059471e-01 6.436371303996376581e-01 6.696215674666688988e-01 6.955548368048593000e-01 7.208582520054498399e-01 7.450991540244666922e-01 7.679633000275912780e-01 7.892573411698146080e-01 8.088802928905695078e-01 8.268236934771335811e-01 8.431295844843061937e-01 8.578729749304406793e-01 8.711582687991722418e-01 8.831075047365991582e-01 8.938335900980156623e-01 9.034475373343423543e-01 9.120759308009873667e-01 9.198197935220172594e-01 9.267586685308157879e-01 9.329975237402290400e-01 9.386107623962667290e-01 9.436664582217322295e-01 9.482263556951885386e-01 9.523460450013171430e-01 9.560752589565888471e-01 9.594582572079101146e-01 9.625223912307286911e-01 9.653098326445236355e-01 9.678554173387591275e-01 9.701729081460318538e-01 9.722939262328701426e-01 9.742368361158082468e-01 9.760180578601994617e-01 9.776563197114781500e-01 9.791619193655343167e-01 9.805532264180116808e-01 9.818332770236124496e-01 9.830200363838786926e-01 9.841185905963492075e-01 9.851358974514455857e-01 9.860816605004206759e-01 9.869615759420782286e-01 9.877810783632491320e-01 9.885452488566945917e-01 9.892587706969170336e-01 9.899259207733969168e-01 9.905505824286069405e-01 9.911362709519598857e-01 9.916861637232453619e-01 9.922030239274528540e-01 9.926887481111318356e-01 9.931465646111827805e-01 9.935786050849160222e-01 9.939859179530302624e-01 9.943712152089745349e-01 9.947356777235523140e-01 9.950808350684626769e-01 9.954081874541567121e-01 9.957187395182297562e-01 9.960138961232586352e-01 9.962944891687817162e-01 9.965616407597315263e-01 9.968161891585067824e-01 9.970589086200838391e-01 9.972907246129745218e-01 9.975120632106171392e-01 9.977238811192781220e-01 9.979265329323990796e-01 9.981207272623368043e-01 9.983069667463030372e-01 9.984856243338211534e-01 9.986573164771501698e-01 9.988222836175842945e-01 9.989810374576950647e-01 9.991339148851592356e-01 9.992811841221470592e-01 9.994232748738470784e-01 9.995603544005620122e-01 9.996927876649763789e-01 9.998208148757163904e-01 9.999446227878822091e-01 1.000064520006592961e+00 1.000180635508873372e+00 1.000293217105436172e+00 1.000402455700304616e+00 1.000508468148628261e+00 1.000611487479446948e+00 1.000711622553359881e+00 1.000809030208258177e+00 1.000903872287261631e+00 1.000996221826809363e+00 1.001086249796866889e+00 1.001174055839043842e+00 1.001259727957521273e+00 1.001343399124155376e+00 1.001425136782669423e+00 1.001505049229895583e+00 1.001583226817644556e+00 1.001659723005675406e+00
5.942145466863899550e-01 6.182737039647265842e-01 6.436370843668650643e-01 6.696215166284853471e-01 6.955547801946087016e-01 7.208581910671584270e-01 7.450990879999845884e-01 7.679632296595687579e-01 7.892572666848519658e-01 8.088802141698060444e-01 8.268236110295801300e-01 8.431294987401788399e-01 8.578728860878059859e-01 8.711581771115287642e-01 8.831074105759871840e-01 8.938334936720450097e-01 9.034474387780000448e-01 9.120758304157158269e-01 9.198196915237509819e-01 9.267585649700986750e-01 9.329974188273651992e-01 9.386106562829886757e-01 9.436663510376148700e-01 9.482262475519658285e-01 9.523459360018692310e-01 9.560751491937585778e-01 9.594581467660415752e-01 9.625222801531826411e-01 9.653097209994550010e-01 9.678553051981165778e-01 9.701727955462353670e-01 9.722938132246691234e-01 9.742367227398264218e-01 9.760179441521005250e-01 9.776562057037508913e-01 9.791618050850164900e-01 9.805531118937167445e-01 9.818331622762633826e-01 9.830199214353283477e-01 9.841184754672942514e-01 9.851357821589123986e-01 9.860815450610250776e-01 9.869614603697716149e-01 9.877809626706239854e-01 9.885451330553129967e-01 9.892586547965191990e-01 9.899258047834600394e-01 9.905504663575318558e-01 9.911361548079369310e-01 9.916860475130171437e-01 9.922029076575749063e-01 9.926886317872435361e-01 9.931464482384764203e-01 9.935784886682464956e-01 9.939858014965595734e-01 9.943710987166819448e-01 9.947355611989200375e-01 9.950807185145369438e-01 9.954080708739631023e-01 9.957186229144069367e-01 9.960137794981546167e-01 9.962943725246441451e-01 9.965615240986515078e-01 9.968160724821669705e-01 9.970587919302903446e-01 9.972906079114094435e-01 9.975119464983693840e-01 9.977237643977011627e-01 9.979264162024235052e-01 9.981206105246639426e-01 9.983068500017525659e-01 9.984855075828720228e-01 9.986571997204441997e-01 9.988221668557660804e-01 9.989809206915120088e-01 9.991337981150878456e-01 9.992810673494584295e-01 9.994231580997402498e-01 9.995602376248871046e-01 9.996926708890186974e-01 9.998206981003584515e-01 9.999445060116972650e-01 1.000064403230051857e+00 1.000180518731015100e+00 1.000293100325058360e+00 1.000402338914930134e+00 1.000508351356217629e+00 1.000611370680028589e+00 1.000711505747851948e+00 1.000808913404716005e+00 1.000903755489293889e+00 1.000996105049754670e+00 1.001086133035364645e+00 1.001173939104033961e+00 1.001259611235230551e+00 1.001343282401574664e+00 1.001425020064445892e+00 1.001504932522742086e+00 1.001583110126590404e+00 1.001659606326876784e+00
5.942145096792316172e-01 6.182736615663501079e-01 6.436370383340958012e-01 6.696214657903056811e-01 6.955547235843626552e-01 7.208581301288722321e-01 7.450990219755083688e-01 7.679631592915525662e-01 7.892571921998964291e-01 8.088801354490502415e-01 8.268235285820350056e-01 8.431294129960601458e-01 8.578727972451805073e-01 8.711580854238949456e-01 8.831073164153852018e-01 8.938333972460849042e-01 9.034473402216683935e-01 9.120757300304552784e-01 9.198195895254959176e-01 9.267584614093929973e-01 9.329973139145131267e-01 9.386105501697226128e-01 9.436662438535096120e-01 9.482261394087554418e-01 9.523458270024337535e-01 9.560750394309408540e-01 9.594580363241856924e-01 9.625221690756493587e-01 9.653096093543992451e-01 9.678551930574871287e-01 9.701726829464517587e-01 9.722937002164812048e-01 9.742366093638576974e-01 9.760178304440149111e-01 9.776560916960369552e-01 9.791616908045118750e-01 9.805529973694351309e-01 9.818330475289276382e-01 9.830198064867913255e-01 9.841183603382528400e-01 9.851356668663927563e-01 9.860814296216430241e-01 9.869613447974784348e-01 9.877808469780123835e-01 9.885450172539449465e-01 9.892585388961349091e-01 9.899256887935368177e-01 9.905503502864703158e-01 9.911360386639276321e-01 9.916859313028024703e-01 9.922027913877105032e-01 9.926885154633687813e-01 9.931463318657836048e-01 9.935783722515905136e-01 9.939856850401024291e-01 9.943709822244030105e-01 9.947354446743014167e-01 9.950806019606248665e-01 9.954079542937830372e-01 9.957185063105977729e-01 9.960136628730641428e-01 9.962942558805202298e-01 9.965614074375851450e-01 9.968159558058408143e-01 9.970586752405105058e-01 9.972904912098580210e-01 9.975118297861352845e-01 9.977236476761378592e-01 9.979262994724616975e-01 9.981204937870047367e-01 9.983067332572156394e-01 9.984853908319365479e-01 9.986570829637517743e-01 9.988220500939614110e-01 9.989808039253426086e-01 9.991336813450300003e-01 9.992809505767834555e-01 9.994230413256470769e-01 9.995601208492258527e-01 9.996925541130747828e-01 9.998205813250140572e-01 9.999443892355259766e-01 1.000064286453524520e+00 1.000180401953170373e+00 1.000292983544694314e+00 1.000402222129569196e+00 1.000508234563820542e+00 1.000611253880623774e+00 1.000711388942357560e+00 1.000808796601187822e+00 1.000903638691339914e+00 1.000995988272713522e+00 1.001086016273876389e+00 1.001173822369037625e+00 1.001259494512953596e+00 1.001343165679007496e+00 1.001424903346236128e+00 1.001504815815602134e+00 1.001582993435550017e+00 1.001659489648091705e+00
5.942144726720754999e-01 6.182736191679765181e-01 6.436369923013297578e-01 6.696214149521297898e-01 6.955546669741212717e-01 7.208580691905911442e-01 7.450989559510380333e-01 7.679630889235429247e-01 7.892571177149477757e-01 8.088800567283020992e-01 8.268234461344979858e-01 8.431293272519501114e-01 8.578727084025642435e-01 8.711579937362707859e-01 8.831072222547933226e-01 8.938333008201351237e-01 9.034472416653475113e-01 9.120756296452058320e-01 9.198194875272522886e-01 9.267583578486989770e-01 9.329972090016728226e-01 9.386104440564685403e-01 9.436661366694165665e-01 9.482260312655573786e-01 9.523457180030108216e-01 9.560749296681357867e-01 9.594579258823425771e-01 9.625220579981288438e-01 9.653094977093564788e-01 9.678550809168705582e-01 9.701725703466813622e-01 9.722935872083063868e-01 9.742364959879021846e-01 9.760177167359425088e-01 9.776559776883363417e-01 9.791615765240206937e-01 9.805528828451668399e-01 9.818329327816053276e-01 9.830196915382678480e-01 9.841182452092248623e-01 9.851355515738866586e-01 9.860813141822744043e-01 9.869612292251987995e-01 9.877807312854143262e-01 9.885449014525905520e-01 9.892584229957642750e-01 9.899255728036271407e-01 9.905502342154223205e-01 9.911359225199319889e-01 9.916858150926014526e-01 9.922026751178597559e-01 9.926883991395076823e-01 9.931462154931044450e-01 9.935782558349482985e-01 9.939855685836590515e-01 9.943708657321376210e-01 9.947353281496964517e-01 9.950804854067264449e-01 9.954078377136167388e-01 9.957183897068023759e-01 9.960135462479874358e-01 9.962941392364099702e-01 9.965612907765324380e-01 9.968158391295283138e-01 9.970585585507444337e-01 9.972903745083202542e-01 9.975117130739148408e-01 9.977235309545882114e-01 9.979261827425134346e-01 9.981203770493591865e-01 9.983066165126923686e-01 9.984852740810147287e-01 9.986569662070731157e-01 9.988219333321705085e-01 9.989806871591867532e-01 9.991335645749858108e-01 9.992808338041220262e-01 9.994229245515674487e-01 9.995600040735782565e-01 9.996924373371444128e-01 9.998204645496833187e-01 9.999442724593683440e-01 1.000064169677010728e+00 1.000180285175339412e+00 1.000292866764343813e+00 1.000402105344221804e+00 1.000508117771437000e+00 1.000611137081232727e+00 1.000711272136876717e+00 1.000808679797672962e+00 1.000903521893399262e+00 1.000995871495686140e+00 1.001085899512401456e+00 1.001173705634055056e+00 1.001259377790690186e+00 1.001343048956454096e+00 1.001424786628039909e+00 1.001504699108475949e+00 1.001582876744523176e+00 1.001659372969320172e+00
5.942144356649218251e-01 6.182735767696059259e-01 6.436369462685670451e-01 6.696213641139578954e-01 6.955546103638845512e-01 7.208580082523152743e-01 7.450988899265734711e-01 7.679630185555397226e-01 7.892570432300063388e-01 8.088799780075616175e-01 8.268233636869691816e-01 8.431292415078488478e-01 8.578726195599571946e-01 8.711579020486563962e-01 8.831071280942114354e-01 8.938332043941957794e-01 9.034471431090373983e-01 9.120755292599673769e-01 9.198193855290198728e-01 9.267582542880165031e-01 9.329971040888443978e-01 9.386103379432264582e-01 9.436660294853356223e-01 9.482259231223716389e-01 9.523456090036003241e-01 9.560748199053432650e-01 9.594578154405121184e-01 9.625219469206212075e-01 9.653093860643265911e-01 9.678549687762670883e-01 9.701724577469239552e-01 9.722934742001447805e-01 9.742363826119598835e-01 9.760176030278833181e-01 9.776558636806489400e-01 9.791614622435427240e-01 9.805527683209118717e-01 9.818328180342964506e-01 9.830195765897578042e-01 9.841181300802103182e-01 9.851354362813938836e-01 9.860811987429194403e-01 9.869611136529327089e-01 9.877806155928298137e-01 9.885447856512495912e-01 9.892583070954071855e-01 9.899254568137311194e-01 9.905501181443879810e-01 9.911358063759498904e-01 9.916856988824139796e-01 9.922025588480225533e-01 9.926882828156602390e-01 9.931460991204389410e-01 9.935781394183196280e-01 9.939854521272292187e-01 9.943707492398859982e-01 9.947352116251050314e-01 9.950803688528416791e-01 9.954077211334640962e-01 9.957182731030205236e-01 9.960134296229242734e-01 9.962940225923134774e-01 9.965611741154933867e-01 9.968157224532294691e-01 9.970584418609919064e-01 9.972902578067961432e-01 9.975115963617079418e-01 9.977234142330522193e-01 9.979260660125789384e-01 9.981202603117272920e-01 9.983064997681827535e-01 9.984851573301065653e-01 9.986568494504080018e-01 9.988218165703931506e-01 9.989805703930446645e-01 9.991334478049552770e-01 9.992807170314743637e-01 9.994228077775015873e-01 9.995598872979442051e-01 9.996923205612278096e-01 9.998203477743662360e-01 9.999441556832242561e-01 1.000064052900510481e+00 1.000180168397521774e+00 1.000292749984007079e+00 1.000401988558888178e+00 1.000508000979067003e+00 1.000611020281855001e+00 1.000711155331409641e+00 1.000808562994171869e+00 1.000903405095472376e+00 1.000995754718672304e+00 1.001085782750940290e+00 1.001173588899085809e+00 1.001259261068440320e+00 1.001342932233914240e+00 1.001424669909857235e+00 1.001504582401363308e+00 1.001582760053509880e+00 1.001659256290562405e+00
5.942143986577703707e-01 6.182735343712382203e-01 6.436369002358075520e-01 6.696213132757897757e-01 6.955545537536523826e-01 7.208579473140445115e-01 7.450988239021147930e-01 7.679629481875429597e-01 7.892569687450717852e-01 8.088798992868287963e-01 8.268232812394487041e-01 8.431291557637563550e-01 8.578725307173593606e-01 8.711578103610514434e-01 8.831070339336395403e-01 8.938331079682667601e-01 9.034470445527380544e-01 9.120754288747400240e-01 9.198192835307987814e-01 9.267581507273455754e-01 9.329969991760276304e-01 9.386102318299963665e-01 9.436659223012668907e-01 9.482258149791983337e-01 9.523455000042022611e-01 9.560747101425633998e-01 9.594577049986944273e-01 9.625218358431264498e-01 9.653092744193095820e-01 9.678548566356764971e-01 9.701723451471796489e-01 9.722933611919962749e-01 9.742362692360307941e-01 9.760174893198374502e-01 9.776557496729748609e-01 9.791613479630781880e-01 9.805526537966704481e-01 9.818327032870008964e-01 9.830194616412611941e-01 9.841180149512092079e-01 9.851353209889147644e-01 9.860810833035779099e-01 9.869609980806801630e-01 9.877804999002588460e-01 9.885446698499222862e-01 9.892581911950636409e-01 9.899253408238486429e-01 9.905500020733671862e-01 9.911356902319814477e-01 9.916855826722401623e-01 9.922024425781991175e-01 9.926881664918264514e-01 9.931459827477869817e-01 9.935780230017046133e-01 9.939853356708130416e-01 9.943706327476480311e-01 9.947350951005273778e-01 9.950802522989704579e-01 9.954076045533251094e-01 9.957181564992523271e-01 9.960133129978748778e-01 9.962939059482305293e-01 9.965610574544679912e-01 9.968156057769442802e-01 9.970583251712531458e-01 9.972901411052856879e-01 9.975114796495148095e-01 9.977232975115298830e-01 9.979259492826579869e-01 9.981201435741090533e-01 9.983063830236867942e-01 9.984850405792121686e-01 9.986567326937565436e-01 9.988216998086295595e-01 9.989804536269161206e-01 9.991333310349383989e-01 9.992806002588403569e-01 9.994226910034492706e-01 9.995597705223239204e-01 9.996922037853247511e-01 9.998202309990628089e-01 9.999440389070939350e-01 1.000063936124024000e+00 1.000180051619718125e+00 1.000292633203683890e+00 1.000401871773568097e+00 1.000507884186710772e+00 1.000610903482491265e+00 1.000711038525956331e+00 1.000808446190684320e+00 1.000903288297559257e+00 1.000995637941672012e+00 1.001085665989492668e+00 1.001173472164130329e+00 1.001259144346204000e+00 1.001342815511387929e+00 1.001424553191688327e+00 1.001504465694264212e+00 1.001582643362510128e+00 1.001659139611818183e+00
5.942143616506212478e-01 6.182734919728732903e-01 6.436368542030515005e-01 6.696212624376255418e-01 6.955544971434247659e-01 7.208578863757788557e-01 7.450987578776618880e-01 7.679628778195526362e-01 7.892568942601443371e-01 8.088798205661037466e-01 8.268231987919364423e-01 8.431290700196725219e-01 8.578724418747706304e-01 8.711577186734562606e-01 8.831069397730777482e-01 8.938330115423481770e-01 9.034469459964493687e-01 9.120753284895236623e-01 9.198191815325890142e-01 9.267580471666863051e-01 9.329968942632227424e-01 9.386101257167783762e-01 9.436658151172103715e-01 9.482257068360372410e-01 9.523453910048167437e-01 9.560746003797960801e-01 9.594575945568893927e-01 9.625217247656444597e-01 9.653091627743055625e-01 9.678547444950990064e-01 9.701722325474483322e-01 9.722932481838608698e-01 9.742361558601149163e-01 9.760173756118047939e-01 9.776556356653141044e-01 9.791612336826269747e-01 9.805525392724422362e-01 9.818325885397188868e-01 9.830193466927779067e-01 9.841178998222216423e-01 9.851352056964490789e-01 9.860809678642498133e-01 9.869608825084411619e-01 9.877803842077014229e-01 9.885445540486085259e-01 9.892580752947336409e-01 9.899252248339797111e-01 9.905498860023600471e-01 9.911355740880266607e-01 9.916854664620800008e-01 9.922023263083892264e-01 9.926880501680062086e-01 9.931458663751487892e-01 9.935779065851032543e-01 9.939852192144105203e-01 9.943705162554236088e-01 9.947349785759632690e-01 9.950801357451130036e-01 9.954074879731996672e-01 9.957180398954977862e-01 9.960131963728391380e-01 9.962937893041612369e-01 9.965609407934562514e-01 9.968154891006727469e-01 9.970582084815279300e-01 9.972900244037888884e-01 9.975113629373353330e-01 9.977231807900212024e-01 9.979258325527506912e-01 9.981200268365044703e-01 9.983062662792044906e-01 9.984849238283313166e-01 9.986566159371188522e-01 9.988215830468795131e-01 9.989803368608013434e-01 9.991332142649351766e-01 9.992804834862198948e-01 9.994225742294107206e-01 9.995596537467172915e-01 9.996920870094353484e-01 9.998201142237730377e-01 9.999439221309771586e-01 1.000063819347551064e+00 1.000179934841927798e+00 1.000292516423374245e+00 1.000401754988261782e+00 1.000507767394368308e+00 1.000610786683140851e+00 1.000710921720516344e+00 1.000808329387210538e+00 1.000903171499659683e+00 1.000995521164685487e+00 1.001085549228058813e+00 1.001173355429188616e+00 1.001259027623981446e+00 1.001342698788875385e+00 1.001424436473532742e+00 1.001504348987178661e+00 1.001582526671524143e+00 1.001659022933087506e+00
5.942143246434743453e-01 6.182734495745114689e-01 6.436368081702985577e-01 6.696212115994651937e-01 6.955544405332018121e-01 7.208578254375184180e-01 7.450986918532148673e-01 7.679628074515687519e-01 7.892568197752238834e-01 8.088797418453862464e-01 8.268231163444322851e-01 8.431289842755973485e-01 8.578723530321912261e-01 8.711576269858707366e-01 8.831068456125260591e-01 8.938329151164400299e-01 9.034468474401715632e-01 9.120752281043184029e-01 9.198190795343905712e-01 9.267579436060385811e-01 9.329967893504297338e-01 9.386100196035722654e-01 9.436657079331660647e-01 9.482255986928885827e-01 9.523452820054436607e-01 9.560744906170414170e-01 9.594574841150971256e-01 9.625216136881752371e-01 9.653090511293144216e-01 9.678546323545343943e-01 9.701721199477302271e-01 9.722931351757386764e-01 9.742360424842121391e-01 9.760172619037853492e-01 9.776555216576665597e-01 9.791611194021890840e-01 9.805524247482275690e-01 9.818324737924501999e-01 9.830192317443081640e-01 9.841177846932475104e-01 9.851350904039968270e-01 9.860808524249353724e-01 9.869607669362157054e-01 9.877802685151575446e-01 9.885444382473083103e-01 9.892579593944172967e-01 9.899251088441244351e-01 9.905497699313665638e-01 9.911354579440854184e-01 9.916853502519334951e-01 9.922022100385929910e-01 9.926879338441997325e-01 9.931457500025241414e-01 9.935777901685155511e-01 9.939851027580216547e-01 9.943703997632129532e-01 9.947348620514129269e-01 9.950800191912692050e-01 9.954073713930879919e-01 9.957179232917569012e-01 9.960130797478169429e-01 9.962936726601056003e-01 9.965608241324581673e-01 9.968153724244148695e-01 9.970580917918164809e-01 9.972899077023057446e-01 9.975112462251695122e-01 9.977230640685262886e-01 9.979257158228571623e-01 9.981199100989135431e-01 9.983061495347359537e-01 9.984848070774641204e-01 9.986564991804947056e-01 9.988214662851431225e-01 9.989802200947001110e-01 9.991330974949456101e-01 9.992803667136131995e-01 9.994224574553857154e-01 9.995595369711242073e-01 9.996919702335596014e-01 9.998199974484968111e-01 9.999438053548740379e-01 1.000063702571091895e+00 1.000179818064151238e+00 1.000292399643078367e+00 1.000401638202969012e+00 1.000507650602039167e+00 1.000610669883804205e+00 1.000710804915090124e+00 1.000808212583750301e+00 1.000903054701773653e+00 1.000995404387712506e+00 1.001085432466638503e+00 1.001173238694260226e+00 1.001258910901772214e+00 1.001342582066376163e+00 1.001424319755390924e+00 1.001504232280106654e+00 1.001582409980551702e+00 1.001658906254370374e+00
5.942142876363298853e-01 6.182734071761524230e-01 6.436367621375490566e-01 6.696211607613086203e-01 6.955543839229835212e-01 7.208577644992630873e-01 7.450986258287737307e-01 7.679627370835914180e-01 7.892567452903105352e-01 8.088796631246764068e-01 8.268230338969364546e-01 8.431288985315309459e-01 8.578722641896209256e-01 8.711575352982947607e-01 8.831067514519842510e-01 8.938328186905423189e-01 9.034467488839044158e-01 9.120751277191242457e-01 9.198189775362033416e-01 9.267578400454024035e-01 9.329966844376483825e-01 9.386099134903781449e-01 9.436656007491338594e-01 9.482254905497521369e-01 9.523451730060830123e-01 9.560743808542992994e-01 9.594573736733175151e-01 9.625215026107188931e-01 9.653089394843361593e-01 9.678545202139828829e-01 9.701720073480251116e-01 9.722930221676295837e-01 9.742359291083226847e-01 9.760171481957792272e-01 9.776554076500323376e-01 9.791610051217645161e-01 9.805523102240261135e-01 9.818323590451949467e-01 9.830191167958518550e-01 9.841176695642869232e-01 9.851349751115581199e-01 9.860807369856343652e-01 9.869606513640036827e-01 9.877801528226272110e-01 9.885443224460216394e-01 9.892578434941144971e-01 9.899249928542827037e-01 9.905496538603866252e-01 9.911353418001577209e-01 9.916852340418005340e-01 9.922020937688103004e-01 9.926878175204068011e-01 9.931456336299131493e-01 9.935776737519415036e-01 9.939849863016463338e-01 9.943702832710158424e-01 9.947347455268761296e-01 9.950799026374390621e-01 9.954072548129899722e-01 9.957178066880297829e-01 9.960129631228085145e-01 9.962935560160636195e-01 9.965607074714736280e-01 9.968152557481706477e-01 9.970579751021186876e-01 9.972897910008362565e-01 9.975111295130173472e-01 9.977229473470449195e-01 9.979255990929771780e-01 9.981197933613362716e-01 9.983060327902809616e-01 9.984846903266105800e-01 9.986563824238842146e-01 9.988213495234204986e-01 9.989801033286125342e-01 9.991329807249696993e-01 9.992802499410200490e-01 9.994223406813743660e-01 9.995594201955447788e-01 9.996918534576975102e-01 9.998198806732343513e-01 9.999436885787844620e-01 1.000063585794646270e+00 1.000179701286388445e+00 1.000292282862796034e+00 1.000401521417689787e+00 1.000507533809723792e+00 1.000610553084481325e+00 1.000710688109677671e+00 1.000808095780303830e+00 1.000902937903901391e+00 1.000995287610753071e+00 1.001085315705231737e+00 1.001173121959345602e+00 1.001258794179576972e+00 1.001342465343890709e+00 1.001424203037262872e+00 1.001504115573048415e+00 1.001582293289592807e+00 1.001658789575666786e+00
5.942142506291876458e-01 6.182733647777962638e-01 6.436367161048027752e-01 6.696211099231559327e-01 6.955543273127696713e-01 7.208577035610129746e-01 7.450985598043384783e-01 7.679626667156204123e-01 7.892566708054041813e-01 8.088795844039742278e-01 8.268229514494488397e-01 8.431288127874733140e-01 8.578721753470598399e-01 8.711574436107285546e-01 8.831066572914526569e-01 8.938327222646549330e-01 9.034466503276480376e-01 9.120750273339409686e-01 9.198188755380275472e-01 9.267577364847777721e-01 9.329965795248789107e-01 9.386098073771961259e-01 9.436654935651137555e-01 9.482253824066281256e-01 9.523450640067349093e-01 9.560742710915697273e-01 9.594572632315505611e-01 9.625213915332754278e-01 9.653088278393707755e-01 9.678544080734442501e-01 9.701718947483329858e-01 9.722929091595335915e-01 9.742358157324463308e-01 9.760170344877863169e-01 9.776552936424114382e-01 9.791608908413533818e-01 9.805521956998380917e-01 9.818322442979530162e-01 9.830190018474089797e-01 9.841175544353397697e-01 9.851348598191328465e-01 9.860806215463469027e-01 9.869605357918053157e-01 9.877800371301104221e-01 9.885442066447486242e-01 9.892577275938253534e-01 9.899248768644545171e-01 9.905495377894202313e-01 9.911352256562437901e-01 9.916851178316812288e-01 9.922019774990412655e-01 9.926877011966274145e-01 9.931455172573158130e-01 9.935775573353810008e-01 9.939848698452847797e-01 9.943701667788324983e-01 9.947346290023529880e-01 9.950797860836224640e-01 9.954071382329054973e-01 9.957176900843162093e-01 9.960128464978136309e-01 9.962934393720352944e-01 9.965605908105028554e-01 9.968151390719400817e-01 9.970578584124344390e-01 9.972896742993804242e-01 9.975110128008788379e-01 9.977228306255772061e-01 9.979254823631108495e-01 9.981196766237726559e-01 9.983059160458396253e-01 9.984845735757706953e-01 9.986562656672873795e-01 9.988212327617114195e-01 9.989799865625387243e-01 9.991328639550074442e-01 9.992801331684405541e-01 9.994222239073766723e-01 9.995593034199790061e-01 9.996917366818489636e-01 9.998197638979854363e-01 9.999435718027086528e-01 1.000063469018214413e+00 1.000179584508639197e+00 1.000292166082527467e+00 1.000401404632424329e+00 1.000507417017422185e+00 1.000610436285171989e+00 1.000710571304278762e+00 1.000807978976870904e+00 1.000902821106042673e+00 1.000995170833807402e+00 1.001085198943838517e+00 1.001173005224444523e+00 1.001258677457395052e+00 1.001342348621419021e+00 1.001424086319148143e+00 1.001503998866003720e+00 1.001582176598647456e+00 1.001658672896976965e+00
5.942142136220477378e-01 6.182733223794431021e-01 6.436366700720598244e-01 6.696210590850071309e-01 6.955542707025605953e-01 7.208576426227679690e-01 7.450984937799089991e-01 7.679625963476558459e-01 7.892565963205048218e-01 8.088795056832797092e-01 8.268228690019693294e-01 8.431287270434243419e-01 8.578720865045079691e-01 8.711573519231718965e-01 8.831065631309309438e-01 8.938326258387779832e-01 9.034465517714024285e-01 9.120749269487689048e-01 9.198187735398629661e-01 9.267576329241646871e-01 9.329964746121212071e-01 9.386097012640259862e-01 9.436653863811059750e-01 9.482252742635164378e-01 9.523449550073993519e-01 9.560741613288529228e-01 9.594571527897964858e-01 9.625212804558446189e-01 9.653087161944183814e-01 9.678542959329187179e-01 9.701717821486540716e-01 9.722927961514508111e-01 9.742357023565831886e-01 9.760169207798066182e-01 9.776551796348038614e-01 9.791607765609554592e-01 9.805520811756635036e-01 9.818321295507246305e-01 9.830188868989795381e-01 9.841174393064060499e-01 9.851347445267212288e-01 9.860805061070728739e-01 9.869604202196203824e-01 9.877799214376072889e-01 9.885440908434891538e-01 9.892576116935496433e-01 9.899247608746399862e-01 9.905494217184674932e-01 9.911351095123434041e-01 9.916850016215754682e-01 9.922018612292858863e-01 9.926875848728617946e-01 9.931454008847321324e-01 9.935774409188342648e-01 9.939847533889368814e-01 9.943700502866626989e-01 9.947345124778436132e-01 9.950796695298196326e-01 9.954070216528347892e-01 9.957175734806162914e-01 9.960127298728325140e-01 9.962933227280207360e-01 9.965604741495457386e-01 9.968150223957231715e-01 9.970577417227639572e-01 9.972895575979382476e-01 9.975108960887539844e-01 9.977227139041231485e-01 9.979253656332581768e-01 9.981195598862225848e-01 9.983057993014119447e-01 9.984844568249444663e-01 9.986561489107042000e-01 9.988211160000159961e-01 9.989798697964784591e-01 9.991327471850587338e-01 9.992800163958748261e-01 9.994221071333926343e-01 9.995591866444268891e-01 9.996916199060141839e-01 9.998196471227501769e-01 9.999434550266464994e-01 1.000063352241796100e+00 1.000179467730903493e+00 1.000292049302272446e+00 1.000401287847172416e+00 1.000507300225134122e+00 1.000610319485876198e+00 1.000710454498893398e+00 1.000807862173451523e+00 1.000902704308197499e+00 1.000995054056875277e+00 1.001085082182459063e+00 1.001172888489557211e+00 1.001258560735226899e+00 1.001342231898960655e+00 1.001423969601047181e+00 1.001503882158972569e+00 1.001582059907715871e+00 1.001658556218300467e+00
5.942141766149101612e-01 6.182732799810927160e-01 6.436366240393202043e-01 6.696210082468622149e-01 6.955542140923560712e-01 7.208575816845280704e-01 7.450984277554854041e-01 7.679625259796978298e-01 7.892565218356124568e-01 8.088794269625929623e-01 8.268227865544981459e-01 8.431286412993841406e-01 8.578719976619653131e-01 8.711572602356250083e-01 8.831064689704194448e-01 8.938325294129113585e-01 9.034464532151675886e-01 9.120748265636078322e-01 9.198186715417098203e-01 9.267575293635632594e-01 9.329963696993752720e-01 9.386095951508679480e-01 9.436652791971102960e-01 9.482251661204170734e-01 9.523448460080761180e-01 9.560740515661485528e-01 9.594570423480550669e-01 9.625211693784267997e-01 9.653086045494788658e-01 9.678541837924061753e-01 9.701716695489881470e-01 9.722926831433811312e-01 9.742355889807332581e-01 9.760168070718402422e-01 9.776550656272096074e-01 9.791606622805709703e-01 9.805519666515022381e-01 9.818320148035095674e-01 9.830187719505636412e-01 9.841173241774857638e-01 9.851346292343229338e-01 9.860803906678125008e-01 9.869603046474491048e-01 9.877798057451175895e-01 9.885439750422431171e-01 9.892574957932877000e-01 9.899246448848391111e-01 9.905493056475284108e-01 9.911349933684565627e-01 9.916848854114833633e-01 9.922017449595441629e-01 9.926874685491097194e-01 9.931452845121619966e-01 9.935773245023010736e-01 9.939846369326025277e-01 9.943699337945065553e-01 9.947343959533477831e-01 9.950795529760304570e-01 9.954069050727777368e-01 9.957174568769300294e-01 9.960126132478650529e-01 9.962932060840197224e-01 9.965603574886022775e-01 9.968149057195199170e-01 9.970576250331070201e-01 9.972894408965097268e-01 9.975107793766427866e-01 9.977225971826827466e-01 9.979252489034192708e-01 9.981194431486862806e-01 9.983056825569978088e-01 9.984843400741317820e-01 9.986560321541346763e-01 9.988209992383342284e-01 9.989797530304318496e-01 9.991326304151237903e-01 9.992798996233226427e-01 9.994219903594222520e-01 9.995590698688884279e-01 9.996915031301929488e-01 9.998195303475285733e-01 9.999433382505978907e-01 1.000063235465391331e+00 1.000179350953181556e+00 1.000291932522030969e+00 1.000401171061934269e+00 1.000507183432859604e+00 1.000610202686593952e+00 1.000710337693521801e+00 1.000807745370045909e+00 1.000902587510366093e+00 1.000994937279956920e+00 1.001084965421093154e+00 1.001172771754683444e+00 1.001258444013072291e+00 1.001342115176516057e+00 1.001423852882959764e+00 1.001503765451955186e+00 1.001581943216797610e+00 1.001658439539637735e+00
5.942141396077748050e-01 6.182732375827453275e-01 6.436365780065838038e-01 6.696209574087210736e-01 6.955541574821560991e-01 7.208575207462933898e-01 7.450983617310676932e-01 7.679624556117461420e-01 7.892564473507271972e-01 8.088793482419137648e-01 8.268227041070351779e-01 8.431285555553527100e-01 8.578719088194318720e-01 8.711571685480876681e-01 8.831063748099178268e-01 8.938324329870552809e-01 9.034463546589435179e-01 9.120747261784577509e-01 9.198185695435678877e-01 9.267574258029733780e-01 9.329962647866412162e-01 9.386094890377217892e-01 9.436651720131268295e-01 9.482250579773300325e-01 9.523447370087654296e-01 9.560739418034568393e-01 9.594569319063263046e-01 9.625210583010216370e-01 9.653084929045522289e-01 9.678540716519065112e-01 9.701715569493353231e-01 9.722925701353245520e-01 9.742354756048965392e-01 9.760166933638870779e-01 9.776549516196285650e-01 9.791605480001998041e-01 9.805518521273542953e-01 9.818319000563079380e-01 9.830186570021610670e-01 9.841172090485790225e-01 9.851345139419381836e-01 9.860802752285655615e-01 9.869601890752912610e-01 9.877796900526414348e-01 9.885438592410107361e-01 9.892573798930391904e-01 9.899245288950516697e-01 9.905491895766028732e-01 9.911348772245833771e-01 9.916847692014049143e-01 9.922016286898159843e-01 9.926873522253714111e-01 9.931451681396056275e-01 9.935772080857815380e-01 9.939845204762819408e-01 9.943698173023640674e-01 9.947342794288656087e-01 9.950794364222548261e-01 9.954067884927342291e-01 9.957173402732574230e-01 9.960124966229111365e-01 9.962930894400323645e-01 9.965602408276724722e-01 9.968147890433303182e-01 9.970575083434638497e-01 9.972893241950948617e-01 9.975106626645451335e-01 9.977224804612560005e-01 9.979251321735939095e-01 9.981193264111636321e-01 9.983055658125974396e-01 9.984842233233328646e-01 9.986559153975788083e-01 9.988208824766661165e-01 9.989796362643988958e-01 9.991325136452025024e-01 9.992797828507841151e-01 9.994218735854655256e-01 9.995589530933636224e-01 9.996913863543853696e-01 9.998194135723206255e-01 9.999432214745629377e-01 1.000063118689000330e+00 1.000179234175473164e+00 1.000291815741803259e+00 1.000401054276709667e+00 1.000507066640598852e+00 1.000610085887325695e+00 1.000710220888163748e+00 1.000807628566653840e+00 1.000902470712548231e+00 1.000994820503052107e+00 1.001084848659741011e+00 1.001172655019823221e+00 1.001258327290931227e+00 1.001341998454085003e+00 1.001423736164885891e+00 1.001503648744951125e+00 1.001581826525893115e+00 1.001658322860988548e+00
5.942141026006417803e-01 6.182731951844008256e-01 6.436365319738506230e-01 6.696209065705838182e-01 6.955541008719607898e-01 7.208574598080638163e-01 7.450982957066557555e-01 7.679623852438010045e-01 7.892563728658489319e-01 8.088792695212422279e-01 8.268226216595804257e-01 8.431284698113298282e-01 8.578718199769076458e-01 8.711570768605599868e-01 8.831062806494263118e-01 8.938323365612095284e-01 9.034462561027301053e-01 9.120746257933187717e-01 9.198184675454372794e-01 9.267573222423950430e-01 9.329961598739188178e-01 9.386093829245877318e-01 9.436650648291554644e-01 9.482249498342553151e-01 9.523446280094671756e-01 9.560738320407777824e-01 9.594568214646103099e-01 9.625209472236294639e-01 9.653083812596385815e-01 9.678539595114199479e-01 9.701714443496954887e-01 9.722924571272810734e-01 9.742353622290729209e-01 9.760165796559471252e-01 9.776548376120608452e-01 9.791604337198419605e-01 9.805517376032198973e-01 9.818317853091197422e-01 9.830185420537719265e-01 9.841170939196857148e-01 9.851343986495669780e-01 9.860801597893321668e-01 9.869600735031469618e-01 9.877795743601789358e-01 9.885437434397920109e-01 9.892572639928042255e-01 9.899244129052779950e-01 9.905490735056908802e-01 9.911347610807238473e-01 9.916846529913400099e-01 9.922015124201014613e-01 9.926872359016466474e-01 9.931450517670628031e-01 9.935770916692756582e-01 9.939844040199748987e-01 9.943697008102352353e-01 9.947341629043970901e-01 9.950793198684929619e-01 9.954066719127044882e-01 9.957172236695984724e-01 9.960123799979709869e-01 9.962929727960586623e-01 9.965601241667563226e-01 9.968146723671543752e-01 9.970573916538342241e-01 9.972892074936937634e-01 9.975105459524612472e-01 9.977223637398429101e-01 9.979250154437822040e-01 9.981192096736546393e-01 9.983054490682107263e-01 9.984841065725476028e-01 9.986557986410365961e-01 9.988207657150116603e-01 9.989795194983795978e-01 9.991323968752947593e-01 9.992796660782591323e-01 9.994217568115223438e-01 9.995588363178524727e-01 9.996912695785915570e-01 9.998192967971263334e-01 9.999431046985416405e-01 1.000063001912622873e+00 1.000179117397778317e+00 1.000291698961589093e+00 1.000400937491498610e+00 1.000506949848351645e+00 1.000609969088070761e+00 1.000710104082819463e+00 1.000807511763275315e+00 1.000902353914744136e+00 1.000994703726160839e+00 1.001084731898402413e+00 1.001172538284976543e+00 1.001258210568803930e+00 1.001341881731667494e+00 1.001423619446825786e+00 1.001503532037960831e+00 1.001581709835002165e+00 1.001658206182353128e+00
5.942140655935110871e-01 6.182731527860593213e-01 6.436364859411208839e-01 6.696208557324504484e-01 6.955540442617700325e-01 7.208573988698394608e-01 7.450982296822497020e-01 7.679623148758621953e-01 7.892562983809777721e-01 8.088791908005783515e-01 8.268225392121338890e-01 8.431283840673158281e-01 8.578717311343925234e-01 8.711569851730419645e-01 8.831061864889447888e-01 8.938322401353742119e-01 9.034461575465275729e-01 9.120745254081907838e-01 9.198183655473179954e-01 9.267572186818283653e-01 9.329960549612082987e-01 9.386092768114655538e-01 9.436649576451963117e-01 9.482248416911929212e-01 9.523445190101814672e-01 9.560737222781112710e-01 9.594567110229069717e-01 9.625208361462499473e-01 9.653082696147378128e-01 9.678538473709463741e-01 9.701713317500688660e-01 9.722923441192508065e-01 9.742352488532626253e-01 9.760164659480204952e-01 9.776547236045064482e-01 9.791603194394974397e-01 9.805516230790987109e-01 9.818316705619449802e-01 9.830184271053963307e-01 9.841169787908058408e-01 9.851342833572092061e-01 9.860800443501122059e-01 9.869599579310162074e-01 9.877794586677298705e-01 9.885436276385867194e-01 9.892571480925829164e-01 9.899242969155177541e-01 9.905489574347925430e-01 9.911346449368778622e-01 9.916845367812888723e-01 9.922013961504005941e-01 9.926871195779354284e-01 9.931449353945336345e-01 9.935769752527834342e-01 9.939842875636815123e-01 9.943695843181200589e-01 9.947340463799422272e-01 9.950792033147446425e-01 9.954065553326882920e-01 9.957171070659532885e-01 9.960122633730443820e-01 9.962928561520986159e-01 9.965600075058538287e-01 9.968145556909920879e-01 9.970572749642183652e-01 9.972890907923062098e-01 9.975104292403910167e-01 9.977222470184434755e-01 9.979248987139841542e-01 9.981190929361591913e-01 9.983053323238376686e-01 9.984839898217759968e-01 9.986556818845080397e-01 9.988206489533708599e-01 9.989794027323739556e-01 9.991322801054006719e-01 9.992795493057479161e-01 9.994216400375929288e-01 9.995587195423548676e-01 9.996911528028112892e-01 9.998191800219455860e-01 9.999429879225339990e-01 1.000062885136258961e+00 1.000179000620097236e+00 1.000291582181388694e+00 1.000400820706301319e+00 1.000506833056118206e+00 1.000609852288829593e+00 1.000709987277488722e+00 1.000807394959910557e+00 1.000902237116953586e+00 1.000994586949283116e+00 1.001084615137077360e+00 1.001172421550143632e+00 1.001258093846689956e+00 1.001341765009263751e+00 1.001423502728779225e+00 1.001503415330984081e+00 1.001581593144124982e+00 1.001658089503731031e+00
5.942140285863827254e-01 6.182731103877205925e-01 6.436364399083943644e-01 6.696208048943209645e-01 6.955539876515839381e-01 7.208573379316202123e-01 7.450981636578495326e-01 7.679622445079299364e-01 7.892562238961134957e-01 8.088791120799222467e-01 8.268224567646955681e-01 8.431282983233104877e-01 8.578716422918867268e-01 8.711568934855336011e-01 8.831060923284733688e-01 8.938321437095492206e-01 9.034460589903356986e-01 9.120744250230738981e-01 9.198182635492100356e-01 9.267571151212731229e-01 9.329959500485096591e-01 9.386091706983554772e-01 9.436648504612493715e-01 9.482247335481428507e-01 9.523444100109081933e-01 9.560736125154574161e-01 9.594566005812164011e-01 9.625207250688833094e-01 9.653081579698499226e-01 9.678537352304857899e-01 9.701712191504552329e-01 9.722922311112336402e-01 9.742351354774654304e-01 9.760163522401069658e-01 9.776546095969652628e-01 9.791602051591662415e-01 9.805515085549909582e-01 9.818315558147835409e-01 9.830183121570340576e-01 9.841168636619395116e-01 9.851341680648649790e-01 9.860799289109057897e-01 9.869598423588989977e-01 9.877793429752944609e-01 9.885435118373950836e-01 9.892570321923752630e-01 9.899241809257711688e-01 9.905488413639078615e-01 9.911345287930455328e-01 9.916844205712511684e-01 9.922012798807133827e-01 9.926870032542379763e-01 9.931448190220181216e-01 9.935768588363048659e-01 9.939841711074017816e-01 9.943694678260185382e-01 9.947339298555010201e-01 9.950790867610100898e-01 9.954064387526858626e-01 9.957169904623216494e-01 9.960121467481315438e-01 9.962927395081522253e-01 9.965598908449649906e-01 9.968144390148434564e-01 9.970571582746160511e-01 9.972889740909323120e-01 9.975103125283344419e-01 9.977221302970576966e-01 9.979247819841998712e-01 9.981189761986775100e-01 9.983052155794782667e-01 9.984838730710180466e-01 9.986555651279931389e-01 9.988205321917437152e-01 9.989792859663819691e-01 9.991321633355203513e-01 9.992794325332503558e-01 9.994215232636770585e-01 9.995586027668710294e-01 9.996910360270445661e-01 9.998190632467786054e-01 9.999428711465399022e-01 1.000062768359908816e+00 1.000178883842429700e+00 1.000291465401201840e+00 1.000400703921117573e+00 1.000506716263898310e+00 1.000609735489601970e+00 1.000709870472171525e+00 1.000807278156559343e+00 1.000902120319176580e+00 1.000994470172419160e+00 1.001084498375765852e+00 1.001172304815324265e+00 1.001257977124589971e+00 1.001341648286873554e+00 1.001423386010746208e+00 1.001503298624021099e+00 1.001581476453261343e+00 1.001657972825122700e+00
5.942139915792566951e-01 6.182730679893848613e-01 6.436363938756711756e-01 6.696207540561953664e-01 6.955539310414023957e-01 7.208572769934060709e-01 7.450980976334552475e-01 7.679621741400041168e-01 7.892561494112563247e-01 8.088790333592736914e-01 8.268223743172654627e-01 8.431282125793138071e-01 8.578715534493900341e-01 8.711568017980350076e-01 8.831059981680120519e-01 8.938320472837346653e-01 9.034459604341545935e-01 9.120743246379681146e-01 9.198181615511134002e-01 9.267570115607295378e-01 9.329958451358226768e-01 9.386090645852573910e-01 9.436647432773145328e-01 9.482246254051052148e-01 9.523443010116473539e-01 9.560735027528161067e-01 9.594564901395384870e-01 9.625206139915295500e-01 9.653080463249750220e-01 9.678536230900381954e-01 9.701711065508545895e-01 9.722921181032296856e-01 9.742350221016814471e-01 9.760162385322068701e-01 9.776544955894375111e-01 9.791600908788483659e-01 9.805513940308966392e-01 9.818314410676356463e-01 9.830181972086853293e-01 9.841167485330866160e-01 9.851340527725341856e-01 9.860798134717129182e-01 9.869597267867953327e-01 9.877792272828724851e-01 9.885433960362169925e-01 9.892569162921810433e-01 9.899240649360382394e-01 9.905487252930367248e-01 9.911344126492267481e-01 9.916843043612272313e-01 9.922011636110397159e-01 9.926868869305540688e-01 9.931447026495161534e-01 9.935767424198398423e-01 9.939840546511357067e-01 9.943693513339306733e-01 9.947338133310734687e-01 9.950789702072890819e-01 9.954063221726969779e-01 9.957168738587036660e-01 9.960120301232323614e-01 9.962926228642196014e-01 9.965597741840898083e-01 9.968143223387084806e-01 9.970570415850275037e-01 9.972888573895720699e-01 9.975101958162915228e-01 9.977220135756855734e-01 9.979246652544291329e-01 9.981188594612094844e-01 9.983050988351325206e-01 9.984837563202736410e-01 9.986554483714917829e-01 9.988204154301302262e-01 9.989791692004035273e-01 9.991320465656535754e-01 9.992793157607664511e-01 9.994214064897749550e-01 9.995584859914007358e-01 9.996909192512916098e-01 9.998189464716251695e-01 9.999427543705595722e-01 1.000062651583572437e+00 1.000178767064775931e+00 1.000291348621028531e+00 1.000400587135947594e+00 1.000506599471691960e+00 1.000609618690388114e+00 1.000709753666868096e+00 1.000807161353221897e+00 1.000902003521413342e+00 1.000994353395568970e+00 1.001084381614468111e+00 1.001172188080518444e+00 1.001257860402503308e+00 1.001341531564496901e+00 1.001423269292726737e+00 1.001503181917071661e+00 1.001581359762411028e+00 1.001657856146527914e+00
5.942139545721328853e-01 6.182730255910520167e-01 6.436363478429512064e-01 6.696207032180735430e-01 6.955538744312255162e-01 7.208572160551971475e-01 7.450980316090667355e-01 7.679621037720847365e-01 7.892560749264062592e-01 8.088789546386327967e-01 8.268222918698435731e-01 8.431281268353258973e-01 8.578714646069025562e-01 8.711567101105458510e-01 8.831059040075606159e-01 8.938319508579305461e-01 9.034458618779842576e-01 9.120742242528733223e-01 9.198180595530279779e-01 9.267569080001974990e-01 9.329957402231475738e-01 9.386089584721712953e-01 9.436646360933919064e-01 9.482245172620797913e-01 9.523441920123990601e-01 9.560733929901874539e-01 9.594563796978733405e-01 9.625205029141885582e-01 9.653079346801130001e-01 9.678535109496035904e-01 9.701709939512671577e-01 9.722920050952387205e-01 9.742349087259106755e-01 9.760161248243198751e-01 9.776543815819229710e-01 9.791599765985439241e-01 9.805512795068155318e-01 9.818313263205010744e-01 9.830180822603499236e-01 9.841166334042471542e-01 9.851339374802169369e-01 9.860796980325335914e-01 9.869596112147052125e-01 9.877791115904641650e-01 9.885432802350523351e-01 9.892568003920004793e-01 9.899239489463187436e-01 9.905486092221791328e-01 9.911342965054216192e-01 9.916841881512168388e-01 9.922010473413797049e-01 9.926867706068838171e-01 9.931445862770279520e-01 9.935766260033885855e-01 9.939839381948832875e-01 9.943692348418563531e-01 9.947336968066595730e-01 9.950788536535818407e-01 9.954062055927218600e-01 9.957167572550993384e-01 9.960119134983467237e-01 9.962925062203005222e-01 9.965596575232282817e-01 9.968142056625871605e-01 9.970569248954526120e-01 9.972887406882254835e-01 9.975100791042622594e-01 9.977218968543271060e-01 9.979245485246720504e-01 9.981187427237550036e-01 9.983049820908004302e-01 9.984836395695430022e-01 9.986553316150041937e-01 9.988202986685302820e-01 9.989790524344388523e-01 9.991319297958004553e-01 9.992791989882960912e-01 9.994212897158863962e-01 9.995583692159440981e-01 9.996908024755523092e-01 9.998188296964853894e-01 9.999426375945927870e-01 1.000062534807249603e+00 1.000178650287135707e+00 1.000291231840868988e+00 1.000400470350791160e+00 1.000506482679499376e+00 1.000609501891187803e+00 1.000709636861578211e+00 1.000807044549897995e+00 1.000901886723663647e+00 1.000994236618732103e+00 1.001084264853183914e+00 1.001172071345726389e+00 1.001257743680430412e+00 1.001341414842134014e+00 1.001423152574721032e+00 1.001503065210135768e+00 1.001581243071574701e+00 1.001657739467946673e+00
5.942139175650114069e-01 6.182729831927220587e-01 6.436363018102346789e-01 6.696206523799556054e-01 6.955538178210532996e-01 7.208571551169933311e-01 7.450979655846841077e-01 7.679620334041717955e-01 7.892560004415630770e-01 8.088788759179995624e-01 8.268222094224298990e-01 8.431280410913467582e-01 8.578713757644242932e-01 8.711566184230664645e-01 8.831058098471192830e-01 8.938318544321367520e-01 9.034457633218245798e-01 9.120741238677895213e-01 9.198179575549539910e-01 9.267568044396771176e-01 9.329956353104842393e-01 9.386088523590971899e-01 9.436645289094813815e-01 9.482244091190668023e-01 9.523440830131632007e-01 9.560732832275713466e-01 9.594562692562208506e-01 9.625203918368603340e-01 9.653078230352638567e-01 9.678533988091818641e-01 9.701708813516927155e-01 9.722918920872609672e-01 9.742347953501531155e-01 9.760160111164462027e-01 9.776542675744216426e-01 9.791598623182526939e-01 9.805511649827479692e-01 9.818312115733799361e-01 9.830179673120280626e-01 9.841165182754212370e-01 9.851338221879131218e-01 9.860795825933676984e-01 9.869594956426285259e-01 9.877789958980692786e-01 9.885431644339014445e-01 9.892566844918334601e-01 9.899238329566130146e-01 9.905484931513351965e-01 9.911341803616301460e-01 9.916840719412199912e-01 9.922009310717333497e-01 9.926866542832272211e-01 9.931444699045532953e-01 9.935765095869508734e-01 9.939838217386444130e-01 9.943691183497957997e-01 9.947335802822593331e-01 9.950787370998881443e-01 9.954060890127602867e-01 9.957166406515086665e-01 9.960117968734748528e-01 9.962923895763950988e-01 9.965595408623804108e-01 9.968140889864794962e-01 9.970568082058912651e-01 9.972886239868925529e-01 9.975099623922466519e-01 9.977217801329822944e-01 9.979244317949286236e-01 9.981186259863142896e-01 9.983048653464818845e-01 9.984835228188260192e-01 9.986552148585302602e-01 9.988201819069441045e-01 9.989789356684878330e-01 9.991318130259609909e-01 9.992790822158394981e-01 9.994211729420114931e-01 9.995582524405011160e-01 9.996906856998265534e-01 9.998187129213592650e-01 9.999425208186396574e-01 1.000062418030940314e+00 1.000178533509509249e+00 1.000291115060722991e+00 1.000400353565648270e+00 1.000506365887320337e+00 1.000609385092001036e+00 1.000709520056302093e+00 1.000806927746587638e+00 1.000901769925927498e+00 1.000994119841909002e+00 1.001084148091913484e+00 1.001171954610947656e+00 1.001257626958371061e+00 1.001341298119784451e+00 1.001423035856728871e+00 1.001502948503213419e+00 1.001581126380751696e+00 1.001657622789379198e+00
5.942138805578922600e-01 6.182729407943950983e-01 6.436362557775212601e-01 6.696206015418415536e-01 6.955537612108856349e-01 7.208570941787947328e-01 7.450978995603073640e-01 7.679619630362652938e-01 7.892559259567270002e-01 8.088787971973739888e-01 8.268221269750245517e-01 8.431279553473762789e-01 8.578712869219552450e-01 8.711565267355967368e-01 8.831057156866880531e-01 8.938317580063535051e-01 9.034456647656757822e-01 9.120740234827168225e-01 9.198178555568912174e-01 9.267567008791681715e-01 9.329955303978326731e-01 9.386087462460350750e-01 9.436644217255831801e-01 9.482243009760660257e-01 9.523439740139398868e-01 9.560731734649678959e-01 9.594561588145811282e-01 9.625202807595449883e-01 9.653077113904277029e-01 9.678532866687732383e-01 9.701707687521313739e-01 9.722917790792964254e-01 9.742346819744087671e-01 9.760158974085857420e-01 9.776541535669337479e-01 9.791597480379748974e-01 9.805510504586937293e-01 9.818310968262721206e-01 9.830178523637196353e-01 9.841164031466087536e-01 9.851337068956228515e-01 9.860794671542154610e-01 9.869593800705654951e-01 9.877788802056880479e-01 9.885430486327639876e-01 9.892565685916800966e-01 9.899237169669207193e-01 9.905483770805049160e-01 9.911340642178522176e-01 9.916839557312369102e-01 9.922008148021005391e-01 9.926865379595841699e-01 9.931443535320922944e-01 9.935763931705268170e-01 9.939837052824193053e-01 9.943690018577489020e-01 9.947334637578727490e-01 9.950786205462082146e-01 9.954059724328124803e-01 9.957165240479316504e-01 9.960116802486165266e-01 9.962922729325033311e-01 9.965594242015461957e-01 9.968139723103854877e-01 9.970566915163436850e-01 9.972885072855732780e-01 9.975098456802445890e-01 9.977216634116511385e-01 9.979243150651988525e-01 9.981185092488872312e-01 9.983047486021771055e-01 9.984834060681225809e-01 9.986550981020698714e-01 9.988200651453715828e-01 9.989788189025503584e-01 9.991316962561351822e-01 9.992789654433964497e-01 9.994210561681502458e-01 9.995581356650717897e-01 9.996905689241144533e-01 9.998185961462467963e-01 9.999424040427001836e-01 1.000062301254644792e+00 1.000178416731896336e+00 1.000290998280590760e+00 1.000400236780519148e+00 1.000506249095154843e+00 1.000609268292828036e+00 1.000709403251039520e+00 1.000806810943291048e+00 1.000901653128205115e+00 1.000994003065099669e+00 1.001084031330656599e+00 1.001171837876182913e+00 1.001257510236325254e+00 1.001341181397448654e+00 1.001422919138750256e+00 1.001502831796304616e+00 1.001581009689942237e+00 1.001657506110825047e+00
5.942138435507754446e-01 6.182728983960709135e-01 6.436362097448112829e-01 6.696205507037312765e-01 6.955537046007225221e-01 7.208570332406012415e-01 7.450978335359363935e-01 7.679618926683652314e-01 7.892558514718980289e-01 8.088787184767561866e-01 8.268220445276273090e-01 8.431278696034144593e-01 8.578711980794954117e-01 8.711564350481365571e-01 8.831056215262668152e-01 8.938316615805805831e-01 9.034455662095376427e-01 9.120739230976552259e-01 9.198177535588397680e-01 9.267565973186708828e-01 9.329954254851929862e-01 9.386086401329849505e-01 9.436643145416970802e-01 9.482241928330776837e-01 9.523438650147290074e-01 9.560730637023769907e-01 9.594560483729540623e-01 9.625201696822425212e-01 9.653075997456043167e-01 9.678531745283776022e-01 9.701706561525830219e-01 9.722916660713448733e-01 9.742345685986775194e-01 9.760157837007386039e-01 9.776540395594590649e-01 9.791596337577104237e-01 9.805509359346528120e-01 9.818309820791778497e-01 9.830177374154245307e-01 9.841162880178097039e-01 9.851335916033460149e-01 9.860793517150765464e-01 9.869592644985158980e-01 9.877787645133203620e-01 9.885429328316400754e-01 9.892564526915402778e-01 9.899236009772420797e-01 9.905482610096881801e-01 9.911339480740879448e-01 9.916838395212673740e-01 9.922006985324813844e-01 9.926864216359548854e-01 9.931442371596449492e-01 9.935762767541164164e-01 9.939835888262078534e-01 9.943688853657155491e-01 9.947333472334997095e-01 9.950785039925418296e-01 9.954058558528782186e-01 9.957164074443682900e-01 9.960115636237719672e-01 9.962921562886253302e-01 9.965593075407256363e-01 9.968138556343051349e-01 9.970565748268096495e-01 9.972883905842676588e-01 9.975097289682562929e-01 9.977215466903336383e-01 9.979241983354827372e-01 9.981183925114737177e-01 9.983046318578859823e-01 9.984832893174329094e-01 9.986549813456232494e-01 9.988199483838126058e-01 9.989787021366266506e-01 9.991315794863230293e-01 9.992788486709670570e-01 9.994209393943026543e-01 9.995580188896561191e-01 9.996904521484160089e-01 9.998184793711478724e-01 9.999422872667743656e-01 1.000062184478362814e+00 1.000178299954296968e+00 1.000290881500472073e+00 1.000400119995403569e+00 1.000506132303003115e+00 1.000609151493668580e+00 1.000709286445790491e+00 1.000806694140008002e+00 1.000901536330496278e+00 1.000993886288303658e+00 1.001083914569413258e+00 1.001171721141431492e+00 1.001257393514292993e+00 1.001341064675126624e+00 1.001422802420785407e+00 1.001502715089409579e+00 1.001580892999146544e+00 1.001657389432284662e+00
5.942138065436608496e-01 6.182728559977497262e-01 6.436361637121045254e-01 6.696204998656249963e-01 6.955536479905640723e-01 7.208569723024128573e-01 7.450977675115713073e-01 7.679618223004716082e-01 7.892557769870759410e-01 8.088786397561459340e-01 8.268219620802382819e-01 8.431277838594615215e-01 8.578711092370447933e-01 8.711563433606861473e-01 8.831055273658555693e-01 8.938315651548179863e-01 9.034454676534102724e-01 9.120738227126046205e-01 9.198176515607996429e-01 9.267564937581851403e-01 9.329953205725650678e-01 9.386085340199468163e-01 9.436642073578230816e-01 9.482240846901016651e-01 9.523437560155305626e-01 9.560729539397987420e-01 9.594559379313397640e-01 9.625200586049528217e-01 9.653074881007940311e-01 9.678530623879949557e-01 9.701705435530477706e-01 9.722915530634065329e-01 9.742344552229594834e-01 9.760156699929045665e-01 9.776539255519977045e-01 9.791595194774592725e-01 9.805508214106253284e-01 9.818308673320969016e-01 9.830176224671429708e-01 9.841161728890240878e-01 9.851334763110827231e-01 9.860792362759512875e-01 9.869591489264798456e-01 9.877786488209662208e-01 9.885428170305298190e-01 9.892563367914140038e-01 9.899234849875770959e-01 9.905481449388849891e-01 9.911338319303372169e-01 9.916837233113114936e-01 9.922005822628758853e-01 9.926863053123391456e-01 9.931441207872112598e-01 9.935761603377196716e-01 9.939834723700099461e-01 9.943687688736959629e-01 9.947332307091404369e-01 9.950783874388891004e-01 9.954057392729577236e-01 9.957162908408185853e-01 9.960114469989410635e-01 9.962920396447608740e-01 9.965591908799187326e-01 9.968137389582384378e-01 9.970564581372893809e-01 9.972882738829756955e-01 9.975096122562816525e-01 9.977214299690297938e-01 9.979240816057802776e-01 9.981182757740739708e-01 9.983045151136084039e-01 9.984831725667567826e-01 9.986548645891902831e-01 9.988198316222673956e-01 9.989785853707164875e-01 9.991314627165244211e-01 9.992787318985513201e-01 9.994208226204687184e-01 9.995579021142541043e-01 9.996903353727313313e-01 9.998183625960627152e-01 9.999421704908622033e-01 1.000062067702094382e+00 1.000178183176711366e+00 1.000290764720366932e+00 1.000400003210301758e+00 1.000506015510865154e+00 1.000609034694522892e+00 1.000709169640555229e+00 1.000806577336738723e+00 1.000901419532801206e+00 1.000993769511521414e+00 1.001083797808183462e+00 1.001171604406693838e+00 1.001257276792274498e+00 1.001340947952817917e+00 1.001422685702833881e+00 1.001502598382528086e+00 1.001580776308364396e+00 1.001657272753757821e+00
5.942137695365485861e-01 6.182728135994314256e-01 6.436361176794009875e-01 6.696204490275224908e-01 6.955535913804101744e-01 7.208569113642296911e-01 7.450977014872119941e-01 7.679617519325844244e-01 7.892557025022609585e-01 8.088785610355433420e-01 8.268218796328575815e-01 8.431276981155171324e-01 8.578710203946032786e-01 8.711562516732453965e-01 8.831054332054544265e-01 8.938314687290658256e-01 9.034453690972936712e-01 9.120737223275651173e-01 9.198175495627708420e-01 9.267563901977109442e-01 9.329952156599489177e-01 9.386084279069206726e-01 9.436641001739614065e-01 9.482239765471379700e-01 9.523436470163446632e-01 9.560728441772330388e-01 9.594558274897381223e-01 9.625199475276758898e-01 9.653073764559965131e-01 9.678529502476252988e-01 9.701704309535256199e-01 9.722914400554814041e-01 9.742343418472547700e-01 9.760155562850839628e-01 9.776538115445496668e-01 9.791594051972214441e-01 9.805507068866111675e-01 9.818307525850293871e-01 9.830175075188748446e-01 9.841160577602520165e-01 9.851333610188328649e-01 9.860791208368394622e-01 9.869590333544574490e-01 9.877785331286255133e-01 9.885427012294331073e-01 9.892562208913012745e-01 9.899233689979256567e-01 9.905480288680954537e-01 9.911337157866001446e-01 9.916836071013691578e-01 9.922004659932840420e-01 9.926861889887370616e-01 9.931440044147912261e-01 9.935760439213365824e-01 9.939833559138256946e-01 9.943686523816899214e-01 9.947331141847948199e-01 9.950782708852500269e-01 9.954056226930507734e-01 9.957161742372825364e-01 9.960113303741237045e-01 9.962919230009100735e-01 9.965590742191254847e-01 9.968136222821853965e-01 9.970563414477827680e-01 9.972881571816973878e-01 9.975094955443206679e-01 9.977213132477396051e-01 9.979239648760915848e-01 9.981181590366877687e-01 9.983043983693445922e-01 9.984830558160944225e-01 9.986547478327708616e-01 9.988197148607357301e-01 9.989784686048200912e-01 9.991313459467395797e-01 9.992786151261492389e-01 9.994207058466483273e-01 9.995577853388656342e-01 9.996902185970600874e-01 9.998182458209911028e-01 9.999420537149635857e-01 1.000061950925839716e+00 1.000178066399139309e+00 1.000290647940275557e+00 1.000399886425213491e+00 1.000505898718740516e+00 1.000608917895390748e+00 1.000709052835333512e+00 1.000806460533482989e+00 1.000901302735119680e+00 1.000993652734752937e+00 1.001083681046967433e+00 1.001171487671969729e+00 1.001257160070269547e+00 1.001340831230522976e+00 1.001422568984896122e+00 1.001502481675660139e+00 1.001580659617596014e+00 1.001657156075244748e+00
