1.283080749542168109e+00 1.263653076042666967e+00 1.245767472618491745e+00 1.229382985742946799e+00 1.214351239703432395e+00 1.200453347764835810e+00 1.187627102933451084e+00 1.175858818024177355e+00 1.164891525678955153e+00 1.154807172161346207e+00 1.145455897999446471e+00 1.136736337764386207e+00 1.128739137000109416e+00 1.121186825183679847e+00 1.114323306545718539e+00 1.107777641253270051e+00 1.101858303729524424e+00 1.096179960879428039e+00 1.091048151821859991e+00 1.086124236180786351e+00 1.081641539980884081e+00 1.077373894080673633e+00 1.073424953220178057e+00 1.069728830944962406e+00 1.066217417426475134e+00 1.063019169323617508e+00 1.059924628402082680e+00 1.057101532812461775e+00 1.054422181089770261e+00 1.051855709285657969e+00 1.049538566464352396e+00 1.047288741436995352e+00 1.045180001306692974e+00 1.043233994131833597e+00 1.041341320899099809e+00 1.039588029659987090e+00 1.037951010485374415e+00 1.036356409632257281e+00 1.034877943959848334e+00 1.033499008500665894e+00 1.032153930707663481e+00 1.030887343904011821e+00 1.029724554956390037e+00 1.028588880412039774e+00 1.027485558064880955e+00 1.026504207697647830e+00 1.025544637674430826e+00 1.024606116660251365e+00 1.023738719644639250e+00 1.022927509262278711e+00 1.022133276448808026e+00 1.021355477724270600e+00 1.020662288716650101e+00 1.019989977255317148e+00 1.019330969419876221e+00 1.018688632551891793e+00 1.018119464593115087e+00 1.017561088384368650e+00 1.017013185953719479e+00 1.016476287992028382e+00 1.016003240605430014e+00 1.015538713532856629e+00 1.015082466550382367e+00 1.014634268287941454e+00 1.014229688575088995e+00 1.013842751350642279e+00 1.013462383532793831e+00 1.013088409204016216e+00 1.012732818253786027e+00 1.012410241032897007e+00 1.012092891832216512e+00 1.011780636285816604e+00 1.011473344622711545e+00 1.011191584952762845e+00 1.010926724817491129e+00 1.010665932461110028e+00 1.010409108263500944e+00 1.010156155865588268e+00 1.009926588987495322e+00 1.009708817827363436e+00 1.009494224292715625e+00 1.009282734097510348e+00 1.009074275288897038e+00 1.008881255335622562e+00 1.008702081608510159e+00 1.008525397803529788e+00 1.008351148254158502e+00 1.008179278976666371e+00 1.008011613152457464e+00 1.007864211817559363e+00 1.007718765690009066e+00 1.007575232904006413e+00 1.007433572806551547e+00 1.007293745913591554e+00 1.007162210297411153e+00 1.007042604599334590e+00 1.006924504313527313e+00 1.006807878745717311e+00 1.006692698051843804e+00 1.006578933208990057e+00
1.263956941664496902e+00 1.246277774816912709e+00 1.229970894885544785e+00 1.215003457940762477e+00 1.201243360189493625e+00 1.188496705883195004e+00 1.176709659734982871e+00 1.165871099804397293e+00 1.155753088562959441e+00 1.146429707882130611e+00 1.137768284299246035e+00 1.129678691521124323e+00 1.122243316447726569e+00 1.115213366339218970e+00 1.108809350985631159e+00 1.102697019904255837e+00 1.097156039511095527e+00 1.091837540437712750e+00 1.087019654541622860e+00 1.082394356006412872e+00 1.078175041705740522e+00 1.074155058521957917e+00 1.070429825572382532e+00 1.066938926557920553e+00 1.063620029001028255e+00 1.060591643944652773e+00 1.057660619786257250e+00 1.054982280427983588e+00 1.052438412586356620e+00 1.050000523873267477e+00 1.047795477270119235e+00 1.045654074883698437e+00 1.043645132517819096e+00 1.041788866050411988e+00 1.039983188453200702e+00 1.038308660821128271e+00 1.036743655056220792e+00 1.035219005698203798e+00 1.033803960173930836e+00 1.032482924863702856e+00 1.031194191042760666e+00 1.029979816817755633e+00 1.028863657050719027e+00 1.027773431852140540e+00 1.026714085065600024e+00 1.025770334182788623e+00 1.024847465494456600e+00 1.023944779846458486e+00 1.023109743771683400e+00 1.022328197542481387e+00 1.021562966050681975e+00 1.020813528281017568e+00 1.020144687937122763e+00 1.019495862549851140e+00 1.018859848222752662e+00 1.018239850883219555e+00 1.017689714093948483e+00 1.017149988989347387e+00 1.016620369305414107e+00 1.016101359648527769e+00 1.015643447303666624e+00 1.015193769869939810e+00 1.014752095490266237e+00 1.014318200840947704e+00 1.013926147643450904e+00 1.013551060013976546e+00 1.013182332355386350e+00 1.012819794551764740e+00 1.012474953262138655e+00 1.012161850373393568e+00 1.011853816425702490e+00 1.011550721264627084e+00 1.011252439182552365e+00 1.010978753417027365e+00 1.010721360462965901e+00 1.010467917011464545e+00 1.010218326414380918e+00 1.009972495184954910e+00 1.009749231661323687e+00 1.009537364585390895e+00 1.009328586641121239e+00 1.009122825657785549e+00 1.008920011730021216e+00 1.008732127736369888e+00 1.008557635424137011e+00 1.008385566445550774e+00 1.008215866651645198e+00 1.008048483529561334e+00 1.007885181075063530e+00 1.007741501178703647e+00 1.007599726123476591e+00 1.007459815140026915e+00 1.007321728639551939e+00 1.007185428171132102e+00 1.007057174606341921e+00 1.006940495541377878e+00 1.006825284412490307e+00 1.006711511300376394e+00 1.006599147114201731e+00 1.006488163563287630e+00
1.243428063973664788e+00 1.227573595413883778e+00 1.212920530173092093e+00 1.199443237508807769e+00 1.187025367695773159e+00 1.175497991019204713e+00 1.164815172037254820e+00 1.154967685597799054e+00 1.145757535568206142e+00 1.137250019016923464e+00 1.129330129879507316e+00 1.121919330521238933e+00 1.115090835057334973e+00 1.108626216408133525e+00 1.102720714507203992e+00 1.097079231550744272e+00 1.091950382672175701e+00 1.087024344990849434e+00 1.082549589918197386e+00 1.078251056393609852e+00 1.074320470798679095e+00 1.070572285828025327e+00 1.067092921592313948e+00 1.063827864512708610e+00 1.060721035468316087e+00 1.057880074297297135e+00 1.055129586513497308e+00 1.052611301825146395e+00 1.050217366498049421e+00 1.047921870164848279e+00 1.045841146819465051e+00 1.043820046174881222e+00 1.041921937402056519e+00 1.040165452538959423e+00 1.038456539007631019e+00 1.036869708587098149e+00 1.035384959960702345e+00 1.033938292599313913e+00 1.032594013018866663e+00 1.031337641149968176e+00 1.030111847803135694e+00 1.028955836785977018e+00 1.027891851421755209e+00 1.026852490395892881e+00 1.025842371019080712e+00 1.024940768856264617e+00 1.024059048618445100e+00 1.023196546782916494e+00 1.022397829285853987e+00 1.021649599986706791e+00 1.020916945124691333e+00 1.020199368651492744e+00 1.019557917317660767e+00 1.018935517122161460e+00 1.018325376411011840e+00 1.017730520891553025e+00 1.017201830506689442e+00 1.016683125255356535e+00 1.016174111967093951e+00 1.015675266085314110e+00 1.015234437159832526e+00 1.014801522116987487e+00 1.014376298483013361e+00 1.013958551959169618e+00 1.013580654739373532e+00 1.013218963286534491e+00 1.012863395725542848e+00 1.012513788463931252e+00 1.012181105869997877e+00 1.011878729346938233e+00 1.011581242109382606e+00 1.011288518749196674e+00 1.011000438138470736e+00 1.010735901274803616e+00 1.010486974356924916e+00 1.010241863122977035e+00 1.010000474281472771e+00 1.009762717589931968e+00 1.009546607289852016e+00 1.009341443272843808e+00 1.009139268093386832e+00 1.008940011974652329e+00 1.008743607328526082e+00 1.008561558223327159e+00 1.008392387707116145e+00 1.008225564937921481e+00 1.008061037487318901e+00 1.007898754510117234e+00 1.007740413135201685e+00 1.007600968674848163e+00 1.007463371803325902e+00 1.007327582996367710e+00 1.007193563873674869e+00 1.007061277157587309e+00 1.006936760658629026e+00 1.006823416357287115e+00 1.006711497333408589e+00 1.006600974549084704e+00 1.006491819770165774e+00 1.006384005538802695e+00
1.221939198635967783e+00 1.207942961762474621e+00 1.194980488147292963e+00 1.183032159117968218e+00 1.171996319058800751e+00 1.161728468701607397e+00 1.152189936738841292e+00 1.143372676595530324e+00 1.135108776709460532e+00 1.127453957198568890e+00 1.120310978627013787e+00 1.113612970792764889e+00 1.107423313153647060e+00 1.101554902358224508e+00 1.096176389801366113e+00 1.091033389566103295e+00 1.086341783005107198e+00 1.081832628681546282e+00 1.077723105961075234e+00 1.073772760988158437e+00 1.070150394905059477e+00 1.066692673017129334e+00 1.063476424087422378e+00 1.060453342412336575e+00 1.057573941489408087e+00 1.054934270774064986e+00 1.052377796294597490e+00 1.050031748930903674e+00 1.047799291859125903e+00 1.045657252973830165e+00 1.043710704111649124e+00 1.041819493187375878e+00 1.040041150215849530e+00 1.038392600217144413e+00 1.036788393994529045e+00 1.035296545951846170e+00 1.033898794525611953e+00 1.032536682313037302e+00 1.031269199943198656e+00 1.030083060630114122e+00 1.028925644443650311e+00 1.027833077763732117e+00 1.026825864056439608e+00 1.025841859568779046e+00 1.024885328552191277e+00 1.024029667110187836e+00 1.023192804322788030e+00 1.022374115033828135e+00 1.021615025976146507e+00 1.020903174360615395e+00 1.020206093305813688e+00 1.019523313743221360e+00 1.018911809172724281e+00 1.018318308455273158e+00 1.017736466828631059e+00 1.017169114248143380e+00 1.016663911841883206e+00 1.016168229293772596e+00 1.015681787665793534e+00 1.015205030668782094e+00 1.014782938271337587e+00 1.014368408869194882e+00 1.013961230214506681e+00 1.013561197845051387e+00 1.013198843052149245e+00 1.012851864849696470e+00 1.012510751998498826e+00 1.012175348032677613e+00 1.011856025690330618e+00 1.011565445692040210e+00 1.011279557883412838e+00 1.010998242052615792e+00 1.010721382086005704e+00 1.010466915062246507e+00 1.010227311044492593e+00 1.009991375651464240e+00 1.009759019274088843e+00 1.009530155229217740e+00 1.009321928613535091e+00 1.009124154954183172e+00 1.008929259746298213e+00 1.008737175844032441e+00 1.008547838206120595e+00 1.008372226113014802e+00 1.008208929776096774e+00 1.008047897875355980e+00 1.007889079876445937e+00 1.007732426770111323e+00 1.007579562323793754e+00 1.007444798237690620e+00 1.007311818550724380e+00 1.007180585111458804e+00 1.007051060872124149e+00 1.006923209848765266e+00 1.006802824779115646e+00 1.006693169622604023e+00 1.006584892599539982e+00 1.006477965645272032e+00 1.006372361471644439e+00 1.006268053540479546e+00
1.199511302926080658e+00 1.187396283433234778e+00 1.176152306782729307e+00 1.165764413220317319e+00 1.156144414462811909e+00 1.147171455474990553e+00 1.138813380688934673e+00 1.131062527162093545e+00 1.123780957048872597e+00 1.117014018600353431e+00 1.110682181048984640e+00 1.104730223186811244e+00 1.099211010361023089e+00 1.093969571322162215e+00 1.089146692497157565e+00 1.084530118273608457e+00 1.080301357408735674e+00 1.076234084561649373e+00 1.072512576486345459e+00 1.068932575140359109e+00 1.065638703100326046e+00 1.062490921917456976e+00 1.059555866473914421e+00 1.056791735187650128e+00 1.054155965786613525e+00 1.051732279525043889e+00 1.049384121879547660e+00 1.047223291969266779e+00 1.045164641775152115e+00 1.043187895538954857e+00 1.041386099866573156e+00 1.039635085104567258e+00 1.037986131259338363e+00 1.036454325689080358e+00 1.034963416309933271e+00 1.033574447679766362e+00 1.032271015697387995e+00 1.031000604117844333e+00 1.029816489104931732e+00 1.028706661006543399e+00 1.027623559145995680e+00 1.026599994295122498e+00 1.025654592628491901e+00 1.024730872087231015e+00 1.023832715324646259e+00 1.023027168934806497e+00 1.022239247910571081e+00 1.021468368384995884e+00 1.020752560182416113e+00 1.020080468967287324e+00 1.019422275033643910e+00 1.018777538464198384e+00 1.018198816358978354e+00 1.017636959642055139e+00 1.017086108027212221e+00 1.016548878813970491e+00 1.016069436537798909e+00 1.015599006117259506e+00 1.015137324093506654e+00 1.014684799639745449e+00 1.014283289781369835e+00 1.013888958928062412e+00 1.013501605986001586e+00 1.013121037223628784e+00 1.012775777240130681e+00 1.012444988263661694e+00 1.012119781075725422e+00 1.011800007005416724e+00 1.011495392747813638e+00 1.011217811930222865e+00 1.010944706704024032e+00 1.010675962554724361e+00 1.010411468866869056e+00 1.010168108199551273e+00 1.009938792358403337e+00 1.009712983228755023e+00 1.009490595248103251e+00 1.009271545644858659e+00 1.009072027086755252e+00 1.008882420096820942e+00 1.008695569812270820e+00 1.008511411984329920e+00 1.008329884376305552e+00 1.008161390325421847e+00 1.008004593725154052e+00 1.007849969527644163e+00 1.007697469288120651e+00 1.007547046022839732e+00 1.007400242882519725e+00 1.007270664226212364e+00 1.007142800055702114e+00 1.007016613736754218e+00 1.006892069694307557e+00 1.006769133374250558e+00 1.006653327769372774e+00 1.006547764911388088e+00 1.006443527950089623e+00 1.006340589898216065e+00 1.006238924514846200e+00 1.006138506279923961e+00
1.176245709877589807e+00 1.166017666264279828e+00 1.156504839822295905e+00 1.147695507298622575e+00 1.139513717577327556e+00 1.131861093143124330e+00 1.124711107784011066e+00 1.118055616887936754e+00 1.111786233341078844e+00 1.105937241459531206e+00 1.100446499702462111e+00 1.095270267001996034e+00 1.090450175309866099e+00 1.085863947564393639e+00 1.081623368750133762e+00 1.077559449798128233e+00 1.073817961869238280e+00 1.070216560548298723e+00 1.066905160143065023e+00 1.063717089372428370e+00 1.060771604478727870e+00 1.057952958293906010e+00 1.055317032215749684e+00 1.052828787594493720e+00 1.050452882225979989e+00 1.048260010532361841e+00 1.046134637614985374e+00 1.044172223560574153e+00 1.042299953824137093e+00 1.040500598468547810e+00 1.038854427534938951e+00 1.037254215529293866e+00 1.035744588921583054e+00 1.034338666633847215e+00 1.032969974462819573e+00 1.031692116241846202e+00 1.030490660622641386e+00 1.029319428171903583e+00 1.028225574946394438e+00 1.027198452457178668e+00 1.026195914754766791e+00 1.025247213007641545e+00 1.024368954662941311e+00 1.023510732713172722e+00 1.022676018815349641e+00 1.021925026796833169e+00 1.021190393036462085e+00 1.020471577940208707e+00 1.019802947652204361e+00 1.019174233691267917e+00 1.018558470752217282e+00 1.017955250315307092e+00 1.017412355765878740e+00 1.016885092202935548e+00 1.016368122945570107e+00 1.015863834958963041e+00 1.015412605580659378e+00 1.014969834457393194e+00 1.014535274925914887e+00 1.014109298683380178e+00 1.013730373685582720e+00 1.013358208135669791e+00 1.012992613082494442e+00 1.012633406477952969e+00 1.012306931547656719e+00 1.011993940824732707e+00 1.011686221260994278e+00 1.011383632698533042e+00 1.011095197676368462e+00 1.010831931771081438e+00 1.010572903660647226e+00 1.010318005069436698e+00 1.010067131403314056e+00 1.009836013096528040e+00 1.009618044482908594e+00 1.009403404458551590e+00 1.009192011903043529e+00 1.008983788338979615e+00 1.008793884666975282e+00 1.008613299344830239e+00 1.008435336525468351e+00 1.008259935147872266e+00 1.008087036061495745e+00 1.007926411543624168e+00 1.007776806188477536e+00 1.007629271595440024e+00 1.007483761623981122e+00 1.007340231524049168e+00 1.007200135924893880e+00 1.007076302394358969e+00 1.006954106008089100e+00 1.006833511808141512e+00 1.006714485846644136e+00 1.006596995149367624e+00 1.006486266025231391e+00 1.006385243391052065e+00 1.006285488772891368e+00 1.006186976376037157e+00 1.006089681118770507e+00 1.005993578608040506e+00
1.152226246757225292e+00 1.143871500189630686e+00 1.136085368582113952e+00 1.128858032299532299e+00 1.122124252451663473e+00 1.115806608572611269e+00 1.109883223693893806e+00 1.104344408209858353e+00 1.099110539885662874e+00 1.094204245404909015e+00 1.089580204275059971e+00 1.085205820092188578e+00 1.081110856222026850e+00 1.077205904053137653e+00 1.073572827415857134e+00 1.070086622214507788e+00 1.066856180026326317e+00 1.063744172100771879e+00 1.060864905257362212e+00 1.058090415537980222e+00 1.055513534212894955e+00 1.053043649246675484e+00 1.050725347569941626e+00 1.048530575433165968e+00 1.046431471950935777e+00 1.044485033656188167e+00 1.042597721361804730e+00 1.040847769363346886e+00 1.039175316152936013e+00 1.037566317444204689e+00 1.036087514737425996e+00 1.034649580595191187e+00 1.033290074836495265e+00 1.032020011104100243e+00 1.030783284770554253e+00 1.029625567827233912e+00 1.028534519548745196e+00 1.027470708711117675e+00 1.026474751155834753e+00 1.025537445124980351e+00 1.024622426967218614e+00 1.023755132823655378e+00 1.022950002582220463e+00 1.022163136592698862e+00 1.021397564178413875e+00 1.020706151164020081e+00 1.020029725429276279e+00 1.019367794881410383e+00 1.018750773704416579e+00 1.018169562569902986e+00 1.017600274453416942e+00 1.017042534703711976e+00 1.016538964266224587e+00 1.016049683481029309e+00 1.015569921877977233e+00 1.015101816638956711e+00 1.014681637698072070e+00 1.014269311303299892e+00 1.013864609074239809e+00 1.013467861946308224e+00 1.013113850196191823e+00 1.012766137393075860e+00 1.012424547856177082e+00 1.012088912308034994e+00 1.011783193150883164e+00 1.011489878263170050e+00 1.011201492589459683e+00 1.010917905309293152e+00 1.010647369118139682e+00 1.010399961295712412e+00 1.010156528785050467e+00 1.009916970176107709e+00 1.009681187501624056e+00 1.009463649494862114e+00 1.009258278799151753e+00 1.009056039537564065e+00 1.008856855493911686e+00 1.008660652932115376e+00 1.008481438660466134e+00 1.008310889701611535e+00 1.008142814331210557e+00 1.007977155017899307e+00 1.007813856028499266e+00 1.007661994772707015e+00 1.007520404664550284e+00 1.007380772275395575e+00 1.007243054022874285e+00 1.007107207636903867e+00 1.006974590050632834e+00 1.006857171393429340e+00 1.006741303678964528e+00 1.006626953814825809e+00 1.006514089664101386e+00 1.006402680010943351e+00 1.006297623028261201e+00 1.006201678783629871e+00 1.006106937911659172e+00 1.006013375947862443e+00 1.005920969103591966e+00 1.005829694242993400e+00
1.127816512080686007e+00 1.121289200592508140e+00 1.115195563041220028e+00 1.109526369620785990e+00 1.104225321773030011e+00 1.099234171096809876e+00 1.094534708521846200e+00 1.090114936388319800e+00 1.085922511622012809e+00 1.081968025304025804e+00 1.078222040729438502e+00 1.074662577436302557e+00 1.071307161132891261e+00 1.068098794199952462e+00 1.065089110048069054e+00 1.062196921893898249e+00 1.059493704134589764e+00 1.056887414420576654e+00 1.054456095573248930e+00 1.052110958096950322e+00 1.049917820519684852e+00 1.047811594353397657e+00 1.045825199526909888e+00 1.043937669554373171e+00 1.042128751059945069e+00 1.040441261388554972e+00 1.038804316499311042e+00 1.037278313617943537e+00 1.035816752002008734e+00 1.034408856734554183e+00 1.033107285778738893e+00 1.031841297528699686e+00 1.030641063138173497e+00 1.029515379155517163e+00 1.028418966124732936e+00 1.027389184545593359e+00 1.026415871180615724e+00 1.025466658830683553e+00 1.024575285609618636e+00 1.023734062489051633e+00 1.022912702007779506e+00 1.022132612001645846e+00 1.021405939184657052e+00 1.020695650843922664e+00 1.020004307504932539e+00 1.019376994100067213e+00 1.018763207471073073e+00 1.018162505678301466e+00 1.017601108956982525e+00 1.017071156348003935e+00 1.016552026834143030e+00 1.016043381729959227e+00 1.015582344806133630e+00 1.015134162011202212e+00 1.014694665760060177e+00 1.014265726353778652e+00 1.013879224899283837e+00 1.013499923128469149e+00 1.013127612260170451e+00 1.012762579586891309e+00 1.012435654931144624e+00 1.012114531205809520e+00 1.011799047015705222e+00 1.011489046833485173e+00 1.011205936659879567e+00 1.010934067300802708e+00 1.010666756134765976e+00 1.010403882433807299e+00 1.010152870195967001e+00 1.009922786438558706e+00 1.009696392344836768e+00 1.009473593951993431e+00 1.009254300481880806e+00 1.009051618153468999e+00 1.008860039998056513e+00 1.008671378125996387e+00 1.008485561658392760e+00 1.008302522019629333e+00 1.008135027231325642e+00 1.007975488963274602e+00 1.007818261360003076e+00 1.007663290743037177e+00 1.007510525109780897e+00 1.007368288139679047e+00 1.007235509545720387e+00 1.007104564684881298e+00 1.006975412775204637e+00 1.006848014261574109e+00 1.006723619919176471e+00 1.006613267989506788e+00 1.006504372226203259e+00 1.006396901584662551e+00 1.006290825915966858e+00 1.006186115934629033e+00 1.006087312053413063e+00 1.005996972780982546e+00 1.005907765650788876e+00 1.005819667662161354e+00 1.005732656449431550e+00 1.005646710260294396e+00
1.103303970603402684e+00 1.098535709719487663e+00 1.094078679604954418e+00 1.089923304419450512e+00 1.086020730246283206e+00 1.082329897848293809e+00 1.078835328668680260e+00 1.075521946572978171e+00 1.072362909165868849e+00 1.069356644077420926e+00 1.066488490759099239e+00 1.063746400474482545e+00 1.061135416408974352e+00 1.058630031759219214e+00 1.056251713887717880e+00 1.053962361895831368e+00 1.051796129414414471e+00 1.049705780751344797e+00 1.047732985745087442e+00 1.045828001162060428e+00 1.044029365828002431e+00 1.042297587578294493e+00 1.040653718323479859e+00 1.039083879260442433e+00 1.037575449430205410e+00 1.036156793490376815e+00 1.034780004294231226e+00 1.033487232124577160e+00 1.032245588780515311e+00 1.031047615128177108e+00 1.029931494162304784e+00 1.028845537816204470e+00 1.027812304988921177e+00 1.026838291455533403e+00 1.025889353579443775e+00 1.024994255609106286e+00 1.024145072321284156e+00 1.023316735040047387e+00 1.022535836372557183e+00 1.021796249582431093e+00 1.021073995100998610e+00 1.020386280105300303e+00 1.019742855212852017e+00 1.019113843997747182e+00 1.018501316183783478e+00 1.017942217487066481e+00 1.017395107378146646e+00 1.016859596242208674e+00 1.016357502880266717e+00 1.015882263316082224e+00 1.015416683229295680e+00 1.014960461681194026e+00 1.014544932384401799e+00 1.014140737889801080e+00 1.013744345548461379e+00 1.013357343929149668e+00 1.013006980600715368e+00 1.012663121010971556e+00 1.012325577151209632e+00 1.011994590187959231e+00 1.011696810484842279e+00 1.011404298877949026e+00 1.011116909182155466e+00 1.010834500512800327e+00 1.010575764682776434e+00 1.010327029971196833e+00 1.010082455121706912e+00 1.009841930197532545e+00 1.009611996265518341e+00 1.009400643700781863e+00 1.009192673208791469e+00 1.008987998818379639e+00 1.008786537466956013e+00 1.008599940336337042e+00 1.008423309426750514e+00 1.008249362441906438e+00 1.008078034250364352e+00 1.007909261834068815e+00 1.007754487380252417e+00 1.007606908742529672e+00 1.007461464320895672e+00 1.007318104599446595e+00 1.007176781606320848e+00 1.007045009870648933e+00 1.006921822431290359e+00 1.006800334101384031e+00 1.006680507133437930e+00 1.006562304914385031e+00 1.006446863975658079e+00 1.006344219502156356e+00 1.006242928040275153e+00 1.006142960770419759e+00 1.006044289703793781e+00 1.005946887652505728e+00 1.005854909250091245e+00 1.005770695636379664e+00 1.005687536453090170e+00 1.005605410294272861e+00 1.005524296344550095e+00 1.005444174359005460e+00
1.078935603913594665e+00 1.075838352982453783e+00 1.072943463499668182e+00 1.070240146179831653e+00 1.067685454768157571e+00 1.065253401198818839e+00 1.062930376060774451e+00 1.060697629359527605e+00 1.058551684640044899e+00 1.056478912707007778e+00 1.054478107786073426e+00 1.052546359125787978e+00 1.050676225660192920e+00 1.048872301200211243e+00 1.047126418338398812e+00 1.045442183288352034e+00 1.043816984121955116e+00 1.042247356347535403e+00 1.040738998292899620e+00 1.039280538967321199e+00 1.037883352806859838e+00 1.036533256868848785e+00 1.035239361727306795e+00 1.033994788752470972e+00 1.032794477770277997e+00 1.031652227859602977e+00 1.030543168939642706e+00 1.029491008971445298e+00 1.028476560940209783e+00 1.027495686984132961e+00 1.026571867235665181e+00 1.025672716204261814e+00 1.024813030139646752e+00 1.023996940812750722e+00 1.023201642324258920e+00 1.022447094415462887e+00 1.021727648913874242e+00 1.021025704304273640e+00 1.020360511779728085e+00 1.019727539832705476e+00 1.019109284746185562e+00 1.018518624445134524e+00 1.017962834958737517e+00 1.017419410921928113e+00 1.016889913448015825e+00 1.016402859977999951e+00 1.015926188526284246e+00 1.015459563577545410e+00 1.015020226159622174e+00 1.014602958331838778e+00 1.014194128806178652e+00 1.013793475919874121e+00 1.013426292654030059e+00 1.013068849551161055e+00 1.012718276353043345e+00 1.012375866768355115e+00 1.012064018161151990e+00 1.011757936826875648e+00 1.011457456602802729e+00 1.011162770224205421e+00 1.010896136742041040e+00 1.010634205386374607e+00 1.010376846043340437e+00 1.010123933303189725e+00 1.009891299645246043e+00 1.009667356071987765e+00 1.009447147707999370e+00 1.009230576070125229e+00 1.009023250315531639e+00 1.008832024150496220e+00 1.008643851010321280e+00 1.008458653441065556e+00 1.008276356604175694e+00 1.008107071054753945e+00 1.007946543425192631e+00 1.007788450324573981e+00 1.007632732770980866e+00 1.007479333693304557e+00 1.007338285798939692e+00 1.007203622623778605e+00 1.007070903715599375e+00 1.006940084027734272e+00 1.006811119916357189e+00 1.006690663227123306e+00 1.006577857099558493e+00 1.006466604756274918e+00 1.006356871718191437e+00 1.006248624541312919e+00 1.006142877726573959e+00 1.006048594793891304e+00 1.005955553216769882e+00 1.005863726579493189e+00 1.005773089227162354e+00 1.005683616238342903e+00 1.005599049073941931e+00 1.005521496042185881e+00 1.005444913103072713e+00 1.005369280578644053e+00 1.005294579333437577e+00 1.005220790756029992e+00
1.054965058568141822e+00 1.053434344575110648e+00 1.052010789928231826e+00 1.050681990714194214e+00 1.049409407367920100e+00 1.048180012704329700e+00 1.046981342301581464e+00 1.045790560887188692e+00 1.044625167067175564e+00 1.043459849858512811e+00 1.042305371998236474e+00 1.041167079875760182e+00 1.040025305024627311e+00 1.038912897981529193e+00 1.037793093853173643e+00 1.036709166941622628e+00 1.035622879044174605e+00 1.034572829039626107e+00 1.033529625572653821e+00 1.032519092358266333e+00 1.031525918147973231e+00 1.030560607107036564e+00 1.029620428405769728e+00 1.028705318356026188e+00 1.027817591116077178e+00 1.026956550230633258e+00 1.026120131681139469e+00 1.025313633550305026e+00 1.024531487803318930e+00 1.023772844244330793e+00 1.023046443604595845e+00 1.022339199375614127e+00 1.021658098464236497e+00 1.021004876284056895e+00 1.020368115263164288e+00 1.019758871926853550e+00 1.019173785166447743e+00 1.018602796346143702e+00 1.018057702518491814e+00 1.017535581643804976e+00 1.017025500343087696e+00 1.016535922104357503e+00 1.016071594211586993e+00 1.015617522970404085e+00 1.015174745915889076e+00 1.014763113907090730e+00 1.014360201800667438e+00 1.013965729450228004e+00 1.013592211184158876e+00 1.013235815550736385e+00 1.012886588943819000e+00 1.012544310151970883e+00 1.012228053052857124e+00 1.011919880171189057e+00 1.011617603287558786e+00 1.011322211375036639e+00 1.011051087010899519e+00 1.010784957074608581e+00 1.010523678177177587e+00 1.010267392732300262e+00 1.010033791627012345e+00 1.009804296285075065e+00 1.009578793432120092e+00 1.009357173876557212e+00 1.009152286079705307e+00 1.008954714055159130e+00 1.008760428001189480e+00 1.008569341494332194e+00 1.008386088311001183e+00 1.008216332126980364e+00 1.008049279605752968e+00 1.007884862300293616e+00 1.007723014070105005e+00 1.007572226767628365e+00 1.007428924141869020e+00 1.007287790343912359e+00 1.007148772921352631e+00 1.007011821118184658e+00 1.006885482787057917e+00 1.006764671732339078e+00 1.006645601911762666e+00 1.006528233042175424e+00 1.006412526093166004e+00 1.006304221880163885e+00 1.006202579752914161e+00 1.006102335577530260e+00 1.006003458371275583e+00 1.005905918080467476e+00 1.005810599866827637e+00 1.005725331116322119e+00 1.005641183643104064e+00 1.005558133611456961e+00 1.005476157871511456e+00 1.005395233934609944e+00 1.005318663634301446e+00 1.005248307506592109e+00 1.005178830529402045e+00 1.005110214884937569e+00 1.005042443246227934e+00 1.004975498760439345e+00
1.031641058046749437e+00 1.031559280345879959e+00 1.031502933359953023e+00 1.031457782860290218e+00 1.031388517238646996e+00 1.031292926282148859e+00 1.031159097913819656e+00 1.030959813680595749e+00 1.030731037877858691e+00 1.030436424329945533e+00 1.030097143361808465e+00 1.029725858585778253e+00 1.029291055024433188e+00 1.028851692742733137e+00 1.028343854960044101e+00 1.027847950306328917e+00 1.027291830581219756e+00 1.026753814244277141e+00 1.026170888349417165e+00 1.025604296791375436e+00 1.025012977741453390e+00 1.024431093741014154e+00 1.023844342635365168e+00 1.023259192582683053e+00 1.022685039023458975e+00 1.022106984143807296e+00 1.021545192213961117e+00 1.020986856675552668e+00 1.020439746301172068e+00 1.019906206872292609e+00 1.019380374443438431e+00 1.018868232859542866e+00 1.018368987699219463e+00 1.017881967776892660e+00 1.017407084031704434e+00 1.016946480390457763e+00 1.016499068852213972e+00 1.016062332907009091e+00 1.015640568161443769e+00 1.015232461104942363e+00 1.014833684605716879e+00 1.014448241904374326e+00 1.014078319435080644e+00 1.013716507801217581e+00 1.013363317071608316e+00 1.013029867687494923e+00 1.012703436568474835e+00 1.012383799608964852e+00 1.012078697889102097e+00 1.011785697368682069e+00 1.011498558045640594e+00 1.011217099989165424e+00 1.010954028414310146e+00 1.010697334434037087e+00 1.010445528206373345e+00 1.010199285525222646e+00 1.009970834650729232e+00 1.009746574809220920e+00 1.009526386120335406e+00 1.009310359362267873e+00 1.009111488527022038e+00 1.008916100725674836e+00 1.008724100163540083e+00 1.008535394487611869e+00 1.008359754195250479e+00 1.008190004204858381e+00 1.008023068999263971e+00 1.007858874740686250e+00 1.007701043771760840e+00 1.007554005377033546e+00 1.007409302825268416e+00 1.007266877111951064e+00 1.007126671216617586e+00 1.006995492407605886e+00 1.006870468911603922e+00 1.006747333481287088e+00 1.006626040539145173e+00 1.006506545979091394e+00 1.006395848900557555e+00 1.006289781153498319e+00 1.006185239326909064e+00 1.006082188173992087e+00 1.005980593542448620e+00 1.005885242445309524e+00 1.005795515830802511e+00 1.005707021356530673e+00 1.005619731750496904e+00 1.005533620557491403e+00 1.005449437015836889e+00 1.005373814219725270e+00 1.005299184541518454e+00 1.005225526893190890e+00 1.005152820792880597e+00 1.005081046343134332e+00 1.005013042271551971e+00 1.004950408074316792e+00 1.004888555665301997e+00 1.004827469214596647e+00 1.004767133327984174e+00 1.004707533032142219e+00
1.009189764372607767e+00 1.010430526024341802e+00 1.011627821753267265e+00 1.012765699351577897e+00 1.013810946838614058e+00 1.014770149681094136e+00 1.015631523429015637e+00 1.016363440558243791e+00 1.017017689940858283e+00 1.017547756286313998e+00 1.017983587628295661e+00 1.018344215766396665e+00 1.018586951196421397e+00 1.018794388469607792e+00 1.018877340365720752e+00 1.018950303976270400e+00 1.018909352851084416e+00 1.018869731837122483e+00 1.018736695700713790e+00 1.018604717488938549e+00 1.018408244611561431e+00 1.018203787172037966e+00 1.017965905122471426e+00 1.017707235281363642e+00 1.017443872152436590e+00 1.017147208134014713e+00 1.016858757165462368e+00 1.016548156223226362e+00 1.016236052724072136e+00 1.015927858942423212e+00 1.015603455912230446e+00 1.015287391210450307e+00 1.014971238672353060e+00 1.014651948546457350e+00 1.014340525272396487e+00 1.014030329959767496e+00 1.013722498983395948e+00 1.013421940434629187e+00 1.013125522106000709e+00 1.012833512691187821e+00 1.012548121643494836e+00 1.012268913949769367e+00 1.011995522035045170e+00 1.011728079064909691e+00 1.011466567036296560e+00 1.011213370553208035e+00 1.010965468030579517e+00 1.010722691478065149e+00 1.010487985058035054e+00 1.010260315828513278e+00 1.010037174956277761e+00 1.009818424158918981e+00 1.009610344395696968e+00 1.009406904626193091e+00 1.009207319569169314e+00 1.009011947828119871e+00 1.008827795018590434e+00 1.008647006191103035e+00 1.008469485489164708e+00 1.008295271302990459e+00 1.008132580807109990e+00 1.007972729255200983e+00 1.007815638819417936e+00 1.007661234458772981e+00 1.007516139783013243e+00 1.007375470201647527e+00 1.007237125918270193e+00 1.007101046101011477e+00 1.006969816064569478e+00 1.006846599061937075e+00 1.006725334240841097e+00 1.006605972401908966e+00 1.006488465996400183e+00 1.006377891228680932e+00 1.006272100063532626e+00 1.006167902884227416e+00 1.006065261287044210e+00 1.005964138105768679e+00 1.005869932509221076e+00 1.005779424617298412e+00 1.005690216274310655e+00 1.005602277511543408e+00 1.005515579289439909e+00 1.005433919239800522e+00 1.005356804370646895e+00 1.005280746711950668e+00 1.005205722895923026e+00 1.005131710253733379e+00 1.005059316766951927e+00 1.004993933966814801e+00 1.004929408608152164e+00 1.004865722505140724e+00 1.004802857994131493e+00 1.004740797914931205e+00 1.004681897636043653e+00 1.004627484159083428e+00 1.004573749060757137e+00 1.004520678618449292e+00 1.004468259486898774e+00 1.004416478685394187e+00
9.878073665823315919e-01 9.902397751175280316e-01 9.925716373569342110e-01 9.947856214682878617e-01 9.968497480090638962e-01 9.987774987911903768e-01 1.000556951208391832e+00 1.002152180903274514e+00 1.003628176881423917e+00 1.004929308837967827e+00 1.006092729292791921e+00 1.007142898715399415e+00 1.008026769977715231e+00 1.008847917872824684e+00 1.009494027148482909e+00 1.010110360773956995e+00 1.010563770270784811e+00 1.011003204682925594e+00 1.011304493637562141e+00 1.011592747827369410e+00 1.011779496021341318e+00 1.011942022867066804e+00 1.012044336688458168e+00 1.012104809992284249e+00 1.012145769890336222e+00 1.012125569085292609e+00 1.012105927091828450e+00 1.012039721052780061e+00 1.011959842597482506e+00 1.011874599357715843e+00 1.011750168114636805e+00 1.011628896390857291e+00 1.011494981943285021e+00 1.011343058772403047e+00 1.011194837516738554e+00 1.011035148337707801e+00 1.010867273354121521e+00 1.010703325415408749e+00 1.010532915746197302e+00 1.010357848592485341e+00 1.010186714876097902e+00 1.010014719158646601e+00 1.009838978909128882e+00 1.009667033539500380e+00 1.009498342690521522e+00 1.009326653644289307e+00 1.009158530351827565e+00 1.008993860378071039e+00 1.008830819713625981e+00 1.008669764809169811e+00 1.008511894748201021e+00 1.008357112795281951e+00 1.008205301577868029e+00 1.008056381341134733e+00 1.007910268667167486e+00 1.007767005276513306e+00 1.007628375690250655e+00 1.007492267457870128e+00 1.007358609013804029e+00 1.007227386215985510e+00 1.007102013040020783e+00 1.006978819398177682e+00 1.006857745738092280e+00 1.006738734632556254e+00 1.006625233943059694e+00 1.006514670028854308e+00 1.006405927883506912e+00 1.006298959981180685e+00 1.006195301221888272e+00 1.006096832052294499e+00 1.005999918658520897e+00 1.005904521924886552e+00 1.005810604044989898e+00 1.005721478074833808e+00 1.005635732927202319e+00 1.005551276675014094e+00 1.005468078327572234e+00 1.005386107890878122e+00 1.005309129837715920e+00 1.005234893054024026e+00 1.005161720044471352e+00 1.005089586319288797e+00 1.005018468146768429e+00 1.004951149393478405e+00 1.004887266167545867e+00 1.004824257248462693e+00 1.004762103339043477e+00 1.004700785718532163e+00 1.004640766972246357e+00 1.004586160239886672e+00 1.004532268583668619e+00 1.004479076855734121e+00 1.004426570342676683e+00 1.004374734749985398e+00 1.004325425920169046e+00 1.004279689204422565e+00 1.004234521988957018e+00 1.004189912765405035e+00 1.004145850341567670e+00 1.004102323830695864e+00
9.676530208292499768e-01 9.711458020342278452e-01 9.744915257094154404e-01 9.776719971593170744e-01 9.806557969339939618e-01 9.834615969939689561e-01 9.860772201049565755e-01 9.884627115762755212e-01 9.906937129719689539e-01 9.927066523243199825e-01 9.945443957079045383e-01 9.962359395464194245e-01 9.977188801748162472e-01 9.991150039954799222e-01 1.000291292958214839e+00 1.001420187247670901e+00 1.002342184215561316e+00 1.003236415794217073e+00 1.003951927228615704e+00 1.004641569660476907e+00 1.005195787571646626e+00 1.005710856843920142e+00 1.006140951654916460e+00 1.006509693536901118e+00 1.006845112013261767e+00 1.007093353830086579e+00 1.007334963253710525e+00 1.007507037346766721e+00 1.007653950537952481e+00 1.007786707488864897e+00 1.007858493569360414e+00 1.007928487711852616e+00 1.007973857764707271e+00 1.007987014001282100e+00 1.007999856731020216e+00 1.007989032718906053e+00 1.007959868300213113e+00 1.007931381030715778e+00 1.007886189365923224e+00 1.007827567699495663e+00 1.007770252491593910e+00 1.007705222747250939e+00 1.007627153257411479e+00 1.007550757061679958e+00 1.007474984453404554e+00 1.007385161961676268e+00 1.007297192622173654e+00 1.007211018366532151e+00 1.007120148155185468e+00 1.007026295335139876e+00 1.006934287709719378e+00 1.006844069532707220e+00 1.006749228709792554e+00 1.006655538052291687e+00 1.006563604832176884e+00 1.006473157609734104e+00 1.006380817677201112e+00 1.006290149799308198e+00 1.006201106703700221e+00 1.006113622283125508e+00 1.006026342083641945e+00 1.005940573409034089e+00 1.005856275098108821e+00 1.005773407453435464e+00 1.005692253327749919e+00 1.005612541702578966e+00 1.005534139189387277e+00 1.005457011733597694e+00 1.005381642091988548e+00 1.005308625346835960e+00 1.005236758976969069e+00 1.005166014129743157e+00 1.005096362915978370e+00 1.005029344916256617e+00 1.004964290122257520e+00 1.004900210843700403e+00 1.004837083673314480e+00 1.004774885955141750e+00 1.004715731359249631e+00 1.004658346983811068e+00 1.004601783191675368e+00 1.004546021124792077e+00 1.004491042507878351e+00 1.004438602639688538e+00 1.004388468541136836e+00 1.004339019363018615e+00 1.004290240010633273e+00 1.004242115839555360e+00 1.004194961525524343e+00 1.004151589200816153e+00 1.004108783978776565e+00 1.004066533861296184e+00 1.004024827193976677e+00 1.003983652653838154e+00 1.003944355890878048e+00 1.003907694549476703e+00 1.003871489119205984e+00 1.003835730396877457e+00 1.003800409431896190e+00 1.003765517517703154e+00
9.488433828794533564e-01 9.532681749365830015e-01 9.575088134777818283e-01 9.615468828163281634e-01 9.653509127130391887e-01 9.689431754996160606e-01 9.723112014821982951e-01 9.754114339650703513e-01 9.783277877800687916e-01 9.809900431591555003e-01 9.834453019024702591e-01 9.857262774703953179e-01 9.877622696686683135e-01 9.896905635635402376e-01 9.913600240234307082e-01 9.929665947648623758e-01 9.943274320013160139e-01 9.956482214472195391e-01 9.967540345052766648e-01 9.978224301057140311e-01 9.987247973347329610e-01 9.995744761596314643e-01 1.000316612636280578e+00 1.000979559949561670e+00 1.001596488327384682e+00 1.002102307664893832e+00 1.002594816636299013e+00 1.002996491404982260e+00 1.003362306314530272e+00 1.003705733480294793e+00 1.003967813277384380e+00 1.004223421496928559e+00 1.004443121156359586e+00 1.004617218635912357e+00 1.004787175731669313e+00 1.004921904163630364e+00 1.005028649849905253e+00 1.005132951355983684e+00 1.005210773874601005e+00 1.005266781697703227e+00 1.005321554947461671e+00 1.005362034533821003e+00 1.005380555792684483e+00 1.005398684290064182e+00 1.005414880667611532e+00 1.005406375203614866e+00 1.005398044605504415e+00 1.005389883411954122e+00 1.005370889180072780e+00 1.005344084057678833e+00 1.005317803137524946e+00 1.005292030660230429e+00 1.005254242646299812e+00 1.005215892331137173e+00 1.005178257875944281e+00 1.005140762418898603e+00 1.005094987300783282e+00 1.005050037454868761e+00 1.005005889639704719e+00 1.004962426988874613e+00 1.004913617972889917e+00 1.004865651019899442e+00 1.004818503276034392e+00 1.004772152697336773e+00 1.004723763488729382e+00 1.004675333025505601e+00 1.004627695325751802e+00 1.004580829825785449e+00 1.004534178594991056e+00 1.004487064891186332e+00 1.004440691344209435e+00 1.004395039435658665e+00 1.004350091264030853e+00 1.004305624707832356e+00 1.004261705752155676e+00 1.004218443757603163e+00 1.004175822993473410e+00 1.004133828232963932e+00 1.004092925394765690e+00 1.004052817890714655e+00 1.004013282705578325e+00 1.003974306710144759e+00 1.003935877180248459e+00 1.003898718853732275e+00 1.003862729855308444e+00 1.003827231641350126e+00 1.003792213412034062e+00 1.003757664689242324e+00 1.003723751376799811e+00 1.003691976448115364e+00 1.003660616340550593e+00 1.003629662289114322e+00 1.003599105779606759e+00 1.003568938539660005e+00 1.003539990696152850e+00 1.003512729136880388e+00 1.003485806149172710e+00 1.003459214905953800e+00 1.003432948767337018e+00 1.003407001274293053e+00
9.314535775536076923e-01 9.366881836619653789e-01 9.417095643575944530e-01 9.464997497692096973e-01 9.510268447228015232e-01 9.553153659844858536e-01 9.593526321535411627e-01 9.630918830692445365e-01 9.666231481716837104e-01 9.698708472509490752e-01 9.728850934132101669e-01 9.757015629061241979e-01 9.782423474652366391e-01 9.806575827252190791e-01 9.827805510544797007e-01 9.848271491329672056e-01 9.865942464053204519e-01 9.883104679765792877e-01 9.897797973830371188e-01 9.912014307909551292e-01 9.924298430239554270e-01 9.935934413620377548e-01 9.946292121973062672e-01 9.955697093942604825e-01 9.964526529850228354e-01 9.972027470574253982e-01 9.979333972594093272e-01 9.985537342225945245e-01 9.991283743447980648e-01 9.996730184453795909e-01 1.000117541596871051e+00 1.000551218746202897e+00 1.000938494141846880e+00 1.001267712271181720e+00 1.001589182929478961e+00 1.001864606476046582e+00 1.002103007364598009e+00 1.002335999306357195e+00 1.002533308095322262e+00 1.002700893718606379e+00 1.002864813813082900e+00 1.003008194327439595e+00 1.003121155656479635e+00 1.003231734683083465e+00 1.003337927209771774e+00 1.003409275279405266e+00 1.003479172026514377e+00 1.003547662325094292e+00 1.003599440103946971e+00 1.003638773469125889e+00 1.003677343031819547e+00 1.003715171605968681e+00 1.003733879418912345e+00 1.003750360225741822e+00 1.003766535295665951e+00 1.003781534107301310e+00 1.003782086709748445e+00 1.003782629556040806e+00 1.003783162915773852e+00 1.003783520982227229e+00 1.003773141058206919e+00 1.003762939602610205e+00 1.003752911786219837e+00 1.003743052950431425e+00 1.003727493037969376e+00 1.003710436000599060e+00 1.003693657286258478e+00 1.003677149695321180e+00 1.003659338306952309e+00 1.003638303062731829e+00 1.003617597353480884e+00 1.003597212954288498e+00 1.003577141913590820e+00 1.003555432946914738e+00 1.003532874289585264e+00 1.003510652251028645e+00 1.003488758787780766e+00 1.003467186113517151e+00 1.003444776300715491e+00 1.003422194842543913e+00 1.003399934932391435e+00 1.003377989206972964e+00 1.003356350529782670e+00 1.003334723103598281e+00 1.003313134824277641e+00 1.003291840409770597e+00 1.003270833403376860e+00 1.003250107540457625e+00 1.003229680824245129e+00 1.003209754129450237e+00 1.003190087170184208e+00 1.003170674465501344e+00 1.003151510691089543e+00 1.003132590673685653e+00 1.003114229561450577e+00 1.003096603748837135e+00 1.003079196545497265e+00 1.003062003548190750e+00 1.003045020474286675e+00 1.003028243157686239e+00
9.155183525633036057e-01 9.214488542787221403e-01 9.271438509700348218e-01 9.325865075438988239e-01 9.377441697204483839e-01 9.426424377368547436e-01 9.472685474304376463e-01 9.515730386824362563e-01 9.556500998217664078e-01 9.594200308077592831e-01 9.629348228734994075e-01 9.662324643700893612e-01 9.692289024486835380e-01 9.720847012895316164e-01 9.746200178690905824e-01 9.770673510683016705e-01 9.792064249378681362e-01 9.812851611465539525e-01 9.830894278508887085e-01 9.848369405691542733e-01 9.863673411561152404e-01 9.878221802203150936e-01 9.891312138936815268e-01 9.903306654356511807e-01 9.914622093700328209e-01 9.924414296036927485e-01 9.933956276985330680e-01 9.942219312295621503e-01 9.949936017898713958e-01 9.957283153127756137e-01 9.963457904608442606e-01 9.969483730850543513e-01 9.974949090282992925e-01 9.979719366400058300e-01 9.984378531888392638e-01 9.988477233890360463e-01 9.992121987628633795e-01 9.995684797446059422e-01 9.998805149528672276e-01 1.000155457361715960e+00 1.000424434284542308e+00 1.000667022579716958e+00 1.000871277900942546e+00 1.001071255983162933e+00 1.001264518563735662e+00 1.001413421724035580e+00 1.001559314692522351e+00 1.001702290000396678e+00 1.001822995139602712e+00 1.001926867587754177e+00 1.002028733628778090e+00 1.002128652900320827e+00 1.002202686401190146e+00 1.002272891033433311e+00 1.002341798870670875e+00 1.002408259710734439e+00 1.002454378566946414e+00 1.002499673510464984e+00 1.002544167556251642e+00 1.002587648483354466e+00 1.002615228234097433e+00 1.002642335936562823e+00 1.002668984313133338e+00 1.002695185638570408e+00 1.002712154682145584e+00 1.002726215000409704e+00 1.002740046748672453e+00 1.002753655820452616e+00 1.002764486093665530e+00 1.002769417506324645e+00 1.002774271927404648e+00 1.002779051272929101e+00 1.002783757395424358e+00 1.002784762230538806e+00 1.002783554257173249e+00 1.002782364284409367e+00 1.002781191882625711e+00 1.002780036635920080e+00 1.002776158557202812e+00 1.002771160404182238e+00 1.002766233280656394e+00 1.002761375562812862e+00 1.002756585676772394e+00 1.002750569823706250e+00 1.002743482758837512e+00 1.002736491993082346e+00 1.002729595413741626e+00 1.002722790970872468e+00 1.002715951361712321e+00 1.002707997571562260e+00 1.002700147294793176e+00 1.002692398349881664e+00 1.002684748617572952e+00 1.002677196038663787e+00 1.002669547905542524e+00 1.002661694096032230e+00 1.002653937565903597e+00 1.002646276357910260e+00 1.002638708568362347e+00 1.002631232345318812e+00
9.010361674835912771e-01 9.075581708939742809e-01 9.138280782868415386e-01 9.198308071935097363e-01 9.255327075245693980e-01 9.309594768474279691e-01 9.360984295860272919e-01 9.408978934997448418e-01 9.454545106438495550e-01 9.496856174592681610e-01 9.536441462580048656e-01 9.573698298008214147e-01 9.607736001052505914e-01 9.640241438457759493e-01 9.669308885414272803e-01 9.697397260680060693e-01 9.722159869141370203e-01 9.746237015568250950e-01 9.767333317215595168e-01 9.787782899163655070e-01 9.805854695047377945e-01 9.823076704110756951e-01 9.838683282168178001e-01 9.853068266111520979e-01 9.866682191286625381e-01 9.878600472397683907e-01 9.890218265121476504e-01 9.900400021866284650e-01 9.909955076298898602e-01 9.919077651268146667e-01 9.926874175756367213e-01 9.934484705754330625e-01 9.941447271283037068e-01 9.947610897139791408e-01 9.953632352944195016e-01 9.959002083288983620e-01 9.963841288818224839e-01 9.968572638400127195e-01 9.972782791589434037e-01 9.976554131039455653e-01 9.980244273540804789e-01 9.983616377262457542e-01 9.986531991097148397e-01 9.989386967899810399e-01 9.992152902325747155e-01 9.994386714046686881e-01 9.996575641278845348e-01 9.998721055859710605e-01 1.000059169611758669e+00 1.000225282197358290e+00 1.000388203176040269e+00 1.000548026950530023e+00 1.000675627458353478e+00 1.000797877837819039e+00 1.000917880536795757e+00 1.001034223141763047e+00 1.001124668242924454e+00 1.001213504133945831e+00 1.001300775602746995e+00 1.001386226810541347e+00 1.001450879940623873e+00 1.001514430394115251e+00 1.001576907797484983e+00 1.001638340738177702e+00 1.001687179307253261e+00 1.001731756963330389e+00 1.001775612121429848e+00 1.001818763362276155e+00 1.001857719389280588e+00 1.001888216008081756e+00 1.001918237635824660e+00 1.001947796069009522e+00 1.001976902713984652e+00 1.002000322545140820e+00 1.002020215021558025e+00 1.002039812142961450e+00 1.002059120936936942e+00 1.002078148207321107e+00 1.002092632092633329e+00 1.002105076923687443e+00 1.002117345309052165e+00 1.002129441274596022e+00 1.002141368722623493e+00 1.002150869600568095e+00 1.002158221195999621e+00 1.002165473091547243e+00 1.002172627470971911e+00 1.002179686453264384e+00 1.002186381767724344e+00 1.002190392053471157e+00 1.002194350234858033e+00 1.002198257408452919e+00 1.002202114639562991e+00 1.002205922963349094e+00 1.002208994436825762e+00 1.002210939501269271e+00 1.002212860508396863e+00 1.002214757941659817e+00 1.002216632271295760e+00 1.002218483954773198e+00
8.879995712789146012e-01 8.950178554299161870e-01 9.017721401568112860e-01 9.082496891327683786e-01 9.144156519258234139e-01 9.202950103017778494e-01 9.258753287932665055e-01 9.311032085469557185e-01 9.360762808532313572e-01 9.407099838035161143e-01 9.450573663632337862e-01 9.491594262212157407e-01 9.529230256995436799e-01 9.565230053729443238e-01 9.597602736697333770e-01 9.628912339809089227e-01 9.656696641233524225e-01 9.683724827747764996e-01 9.707574317181548729e-01 9.730708527001660224e-01 9.751288706479283031e-01 9.770937498748871741e-01 9.788834265189777506e-01 9.805399850616994817e-01 9.821113820098777980e-01 9.834982232386151324e-01 9.848505298486727177e-01 9.860454521917998427e-01 9.871705841331767095e-01 9.882468335691553252e-01 9.891767959985521275e-01 9.900847982648214307e-01 9.909201602918965568e-01 9.916663229549277370e-01 9.923954312636360520e-01 9.930511296377717567e-01 9.936468490749968963e-01 9.942293993276409836e-01 9.947526850652482766e-01 9.952259182767227985e-01 9.956890369533824003e-01 9.961153938616985615e-01 9.964894137196077528e-01 9.968557054729623168e-01 9.972110624569184845e-01 9.975051025417079886e-01 9.977932685738996055e-01 9.980757391089580821e-01 9.983259312851724410e-01 9.985513667353406175e-01 9.987724928460841589e-01 9.989894364839660978e-01 9.991682805106539833e-01 9.993403454811974340e-01 9.995092610755303975e-01 9.996733719983238453e-01 9.998064124374138606e-01 9.999370952117061506e-01 1.000065485708178548e+00 1.000191287755557434e+00 1.000291712791125498e+00 1.000390431027282423e+00 1.000487488181486473e+00 1.000582928372928837e+00 1.000662611355247922e+00 1.000736753514429589e+00 1.000809697657824682e+00 1.000881474514181413e+00 1.000947713169788811e+00 1.001003072876643696e+00 1.001057572639486581e+00 1.001111233766498465e+00 1.001164076862690600e+00 1.001209350013036348e+00 1.001249845993890331e+00 1.001289742097761559e+00 1.001329052569933875e+00 1.001367791202996571e+00 1.001400249741948301e+00 1.001429789349209898e+00 1.001458910975978833e+00 1.001487624143020838e+00 1.001515938079344803e+00 1.001540674253687202e+00 1.001562226890879925e+00 1.001583487743738399e+00 1.001604463194079697e+00 1.001625159434688772e+00 1.001645173211040518e+00 1.001660992876743039e+00 1.001676607307401268e+00 1.001692020816985496e+00 1.001707237596627387e+00 1.001722261718986928e+00 1.001735929048011675e+00 1.001747581297377288e+00 1.001759089607420661e+00 1.001770456867729919e+00 1.001781685888986306e+00 1.001792779405622058e+00
8.763471645092577589e-01 8.837775853125600101e-01 8.909359073591035516e-01 8.978122644771038274e-01 9.043704405781929356e-01 9.106340105301499177e-01 9.165909305873501944e-01 9.221865453831581405e-01 9.275182710783915763e-01 9.325005944879318776e-01 9.371859575084857674e-01 9.416162323006492807e-01 9.456952018501171287e-01 9.496020712150227139e-01 9.531312037827476269e-01 9.565469509945535576e-01 9.595937722129831426e-01 9.625589290578994150e-01 9.651898550466404547e-01 9.677433517802177532e-01 9.700266123075101943e-01 9.722097265557820833e-01 9.742059930295540182e-01 9.760597480126405046e-01 9.778213182675002946e-01 9.793853446597994283e-01 9.809108622843517589e-01 9.822669250578430766e-01 9.835469150748255007e-01 9.847730437222055322e-01 9.858409466091249129e-01 9.868838672714825844e-01 9.878471742054375504e-01 9.887130142221313145e-01 9.895592307607592453e-01 9.903246944022500164e-01 9.910239904669524424e-01 9.917079443456543464e-01 9.923262128108946145e-01 9.928888730926140882e-01 9.934395889274255653e-01 9.939490515771356449e-01 9.944001291169844992e-01 9.948419428493435746e-01 9.952709558657532041e-01 9.956312994023281959e-01 9.959844833250171003e-01 9.963307241577195050e-01 9.966402983763352763e-01 9.969216309634152395e-01 9.971976114553267045e-01 9.974683967242676808e-01 9.976957111820227153e-01 9.979149205307021875e-01 9.981301345874594722e-01 9.983394755776763274e-01 9.985129817619310399e-01 9.986834247489322358e-01 9.988508892082654800e-01 9.990150420836926282e-01 9.991495821743823225e-01 9.992818432434175113e-01 9.994118861578475954e-01 9.995397696632399853e-01 9.996489556322076808e-01 9.997514033247857368e-01 9.998522004363616933e-01 9.999513891975946311e-01 1.000043779992501713e+00 1.000123029720524137e+00 1.000201051544948649e+00 1.000277875824977292e+00 1.000353531920091354e+00 1.000419850284930856e+00 1.000480215516542648e+00 1.000539688535100336e+00 1.000598290487971775e+00 1.000656041851711864e+00 1.000705878894642131e+00 1.000751965758277517e+00 1.000797401766827521e+00 1.000842201721261482e+00 1.000886379969686546e+00 1.000925890296203713e+00 1.000961237134017301e+00 1.000996106246876849e+00 1.001030508068688984e+00 1.001064452724709009e+00 1.001097409353794987e+00 1.001124740408405378e+00 1.001151717405922570e+00 1.001178347779437594e+00 1.001204638750624376e+00 1.001230597337250394e+00 1.001254606493372501e+00 1.001275752310464950e+00 1.001296637245090215e+00 1.001317266529005545e+00 1.001337645251238806e+00 1.001357778362892859e+00
8.659705044193719559e-01 8.737412785668339232e-01 8.812348715903511875e-01 8.884446338028809675e-01 8.953329169504870011e-01 9.019213739959748288e-01 9.081984981310716742e-01 9.141086670767942790e-01 9.197481431550422748e-01 9.250311838497168315e-01 9.300091998571081708e-01 9.347246183673487696e-01 9.390788434754294700e-01 9.432540527008439479e-01 9.470396877902805821e-01 9.507059758929775617e-01 9.539901693933081628e-01 9.571875116272211548e-01 9.600370493900559632e-01 9.628040825846065909e-01 9.652884531776313448e-01 9.676666776325900665e-01 9.698481660162170392e-01 9.718791231285143217e-01 9.738118162749372919e-01 9.755358307651283978e-01 9.772178280938776940e-01 9.787199496772059915e-01 9.801405123293395194e-01 9.815028106800567365e-01 9.826964001152754813e-01 9.838623038876540550e-01 9.849424519295044700e-01 9.859178607847330911e-01 9.868713323667758219e-01 9.877375143431165183e-01 9.885320091786385932e-01 9.893091936575443279e-01 9.900149606819138581e-01 9.906601514323799540e-01 9.912917308772541958e-01 9.918780246924655541e-01 9.924005154101321891e-01 9.929123356159252900e-01 9.934096532786897971e-01 9.938316877606616639e-01 9.942453788734068043e-01 9.946509777523874218e-01 9.950159318327449487e-01 9.953494788742501820e-01 9.956767086597212435e-01 9.959978055961082877e-01 9.962705394776626422e-01 9.965339456214569180e-01 9.967925698381072674e-01 9.970443322362025906e-01 9.972559079926996972e-01 9.974637615544484914e-01 9.976679954854668075e-01 9.978682432626094778e-01 9.980349917886957023e-01 9.981989244644398074e-01 9.983601162898596559e-01 9.985186396582558244e-01 9.986557563679342442e-01 9.987850246674848664e-01 9.989122159334854478e-01 9.990373831826319106e-01 9.991545827959515957e-01 9.992565482221570372e-01 9.993569375752133777e-01 9.994557897426320503e-01 9.995531423339309995e-01 9.996395124188348635e-01 9.997188328493958887e-01 9.997969833650440785e-01 9.998739916459599142e-01 9.999498844957834809e-01 1.000016337663145904e+00 1.000078262010722696e+00 1.000139313444232458e+00 1.000199511783842032e+00 1.000258876244171535e+00 1.000312551242581449e+00 1.000361143998969027e+00 1.000409081057346494e+00 1.000456376719577101e+00 1.000503044864975211e+00 1.000548434869946934e+00 1.000586851968763957e+00 1.000624772089736547e+00 1.000662205654387238e+00 1.000699162788140972e+00 1.000735653330831143e+00 1.000769634133948260e+00 1.000799950766615209e+00 1.000829893822936079e+00 1.000859470787206718e+00 1.000888688939725935e+00 1.000917555363658673e+00
8.567787544568562508e-01 8.648279992137563044e-01 8.725973675426710319e-01 8.800837432684989192e-01 8.872479087322979741e-01 8.941092066233836677e-01 9.006567720338269911e-01 9.068343293264600202e-01 9.127362459099607195e-01 9.182771534799818447e-01 9.235071035522611771e-01 9.284688202169865123e-01 9.330619614980547594e-01 9.374704946449069487e-01 9.414802508807864623e-01 9.453656467155523435e-01 9.488585183062643313e-01 9.522601009586111331e-01 9.553028238432895725e-01 9.582586916670495780e-01 9.609215289070125454e-01 9.634730993872538951e-01 9.658195491112289144e-01 9.680086330616500812e-01 9.700942168774121521e-01 9.719616325191037243e-01 9.737839492133718577e-01 9.754174289844020906e-01 9.769645805121740523e-01 9.784496105024274026e-01 9.797568574978967604e-01 9.810340144284224184e-01 9.822200219015355671e-01 9.832949104987616096e-01 9.843457921301067559e-01 9.853036414315057279e-01 9.861849432056222220e-01 9.870471637546527344e-01 9.878328901216356650e-01 9.885536325483098574e-01 9.892592559050928935e-01 9.899159914915556246e-01 9.905040935201467889e-01 9.910802463699747156e-01 9.916403550531489586e-01 9.921192566070142771e-01 9.925887339720502744e-01 9.930490695935327849e-01 9.934651843685001760e-01 9.938470412215992811e-01 9.942216953524853906e-01 9.945893562289463974e-01 9.949042296018272280e-01 9.952086573460111607e-01 9.955075784790009541e-01 9.957987317495811119e-01 9.960457687229529178e-01 9.962884737363084664e-01 9.965269658118196539e-01 9.967608483412961906e-01 9.969576978369097953e-01 9.971512327283432731e-01 9.973415410776815815e-01 9.975287078942850494e-01 9.976919882659061045e-01 9.978463987556586146e-01 9.979983345063003775e-01 9.981478585482496113e-01 9.982883386033023498e-01 9.984116644314978695e-01 9.985330882783076678e-01 9.986526569829645705e-01 9.987704158482476613e-01 9.988756780404767222e-01 9.989728789389300534e-01 9.990686490088558358e-01 9.991630220474684299e-01 9.992560307834408295e-01 9.993381877027696092e-01 9.994150927533773654e-01 9.994909155749224228e-01 9.995656807048052261e-01 9.996394119317797422e-01 9.997065054260317885e-01 9.997676634138572549e-01 9.998279973889762084e-01 9.998875253019874343e-01 9.999462645737521305e-01 1.000003453708368406e+00 1.000052418658921471e+00 1.000100751008748512e+00 1.000148464008959515e+00 1.000195570534550882e+00 1.000242083097737877e+00 1.000285560964715215e+00 1.000324625249912947e+00 1.000363208710274510e+00 1.000401320969736663e+00 1.000438971390145371e+00 1.000476169080062316e+00
8.486736587169904089e-01 8.569487296255320352e-01 8.649431141457271099e-01 8.726574066600614188e-01 8.800507619640925983e-01 8.871399078273450867e-01 8.939146871446982390e-01 9.003184094145654237e-01 9.064430291369176551e-01 9.122040604654317875e-01 9.176498371267169940e-01 9.228231976290312000e-01 9.276225562056678031e-01 9.322327889576256243e-01 9.364373416468967370e-01 9.405133297605433595e-01 9.441886785560404949e-01 9.477689455464854973e-01 9.509815263873196978e-01 9.541035324529382189e-01 9.569239912805495019e-01 9.596288434806606871e-01 9.621215122840607314e-01 9.644510258555767379e-01 9.666725265979548842e-01 9.686677495781103042e-01 9.706151758023261467e-01 9.723660779800128440e-01 9.740265182618988993e-01 9.756214713170382469e-01 9.770308180487571326e-01 9.784079467396816776e-01 9.796892131750604138e-01 9.808537928801409622e-01 9.819925244004923393e-01 9.830331958870969222e-01 9.839930557514867671e-01 9.849322509909008705e-01 9.857904755690677367e-01 9.865798237148049044e-01 9.873526983894345133e-01 9.880734902386606455e-01 9.887213726963220983e-01 9.893561522152061194e-01 9.899735017560710171e-01 9.905043845332487384e-01 9.910248637383344272e-01 9.915352499475834636e-01 9.919982178995108146e-01 9.924243745989550503e-01 9.928425228608891429e-01 9.932528947909029515e-01 9.936065253113133267e-01 9.939486977813241086e-01 9.942847014082265567e-01 9.946121117894523023e-01 9.948918576765568567e-01 9.951667126028903576e-01 9.954368105951236778e-01 9.957017282520771451e-01 9.959264286838415137e-01 9.961473555403078661e-01 9.963646088458176786e-01 9.965782851656153074e-01 9.967658264659878808e-01 9.969435668498705105e-01 9.971184652158296968e-01 9.972905938033762574e-01 9.974526940164355482e-01 9.975958880855204658e-01 9.977368783083753190e-01 9.978757188625455576e-01 9.980124621514558925e-01 9.981353266122968693e-01 9.982492045503658096e-01 9.983614092065489221e-01 9.984719800443604409e-01 9.985809552814653989e-01 9.986777845239636076e-01 9.987686973247149602e-01 9.988583328094885472e-01 9.989467199002300957e-01 9.990338866375777505e-01 9.991135425204001885e-01 9.991864769362699406e-01 9.992584300374133255e-01 9.993294231763345525e-01 9.993994770760851187e-01 9.994677281264097157e-01 9.995266000097038361e-01 9.995847122243786131e-01 9.996420806671925119e-01 9.996987207841191436e-01 9.997546475863117177e-01 9.998070528905160792e-01 9.998543503417616218e-01 9.999010662424959728e-01 9.999472122226177317e-01 9.999927995955574245e-01 1.000037839368903336e+00
8.415543693422530280e-01 8.500107597574736440e-01 8.581871526797585359e-01 8.660879333744873065e-01 8.736705930103831896e-01 8.809490496449302599e-01 8.879139196576630866e-01 8.945082874976129084e-01 9.008212661408362409e-01 9.067696000769908116e-01 9.123997385424786888e-01 9.177544831918023061e-01 9.227314620720422633e-01 9.275157015242087022e-01 9.318891453265540914e-01 9.361304919855792939e-01 9.399647991504862521e-01 9.437007827113434999e-01 9.470619158781377056e-01 9.503292939302013798e-01 9.532881445485739125e-01 9.561277173480884350e-01 9.587492210781435320e-01 9.612027118845256624e-01 9.635443518796176221e-01 9.656529389162299415e-01 9.677113736273911249e-01 9.695667328704951071e-01 9.713280654334872644e-01 9.730209766132422722e-01 9.745215239995449474e-01 9.759879775272489733e-01 9.773544819475442624e-01 9.785994797447321591e-01 9.798169981957493002e-01 9.809320427792725949e-01 9.819625269038293469e-01 9.829709382202398427e-01 9.838944484955369774e-01 9.847456599002434308e-01 9.855791883731783720e-01 9.863578173723798193e-01 9.870597756795943534e-01 9.877475965150093185e-01 9.884167495978503082e-01 9.889947986485229103e-01 9.895615624677797095e-01 9.901173767603447251e-01 9.906229322775572665e-01 9.910894044941179759e-01 9.915471401784886618e-01 9.919963917569255551e-01 9.923853649339769989e-01 9.927619671626654041e-01 9.931318002528751743e-01 9.934922939644273976e-01 9.938019409818794614e-01 9.941061888824174186e-01 9.944051852632608268e-01 9.946984827947800145e-01 9.949486999054770742e-01 9.951947250260473332e-01 9.954366690378293470e-01 9.956746389959655330e-01 9.958844575420875422e-01 9.960836354831640316e-01 9.962796353996673515e-01 9.964725379237353575e-01 9.966545193992097929e-01 9.968160094169776775e-01 9.969750186935679714e-01 9.971316081151855304e-01 9.972858365773608069e-01 9.974249260603985645e-01 9.975541846746206476e-01 9.976815471636449884e-01 9.978070581837981123e-01 9.979307609835255111e-01 9.980411433212097450e-01 9.981450044947901556e-01 9.982474085604968739e-01 9.983483884708100886e-01 9.984479761752488303e-01 9.985392549138024654e-01 9.986230935288292754e-01 9.987058055601422124e-01 9.987874154949952787e-01 9.988679470994938914e-01 9.989464431851657888e-01 9.990145004244025406e-01 9.990816804517147487e-01 9.991480016065302783e-01 9.992134817086726351e-01 9.992781380767462585e-01 9.993388262483441364e-01 9.993937699731545443e-01 9.994480387871123028e-01 9.995016461763461812e-01 9.995546052602739540e-01 9.996069288039056699e-01
8.353215374395820403e-01 8.439221349167740360e-01 8.522445428455602823e-01 8.602970146892194858e-01 8.680353477834971132e-01 8.754704929733541086e-01 8.825938556050749728e-01 8.893484118284736839e-01 8.958201932902326581e-01 9.019274334501302670e-01 9.077145779480750853e-01 9.132242847100997540e-01 9.183537467805352739e-01 9.232875857118503227e-01 9.278069335637606496e-01 9.321912150183134793e-01 9.361635813584395782e-01 9.400348503671897005e-01 9.435256984975337602e-01 9.469200761744291928e-01 9.500002341383152471e-01 9.529580115355699155e-01 9.556927637320836721e-01 9.582553913276334878e-01 9.607028828597744541e-01 9.629115907732759272e-01 9.650680942376994587e-01 9.670159015312050910e-01 9.688665996238680078e-01 9.706463313359037226e-01 9.722279061475381789e-01 9.737737397450567656e-01 9.752160911869978133e-01 9.765327766560266687e-01 9.778205440210893107e-01 9.790020266858729947e-01 9.800957044873098711e-01 9.811660616002612079e-01 9.821480871287097125e-01 9.830548221430700506e-01 9.839427982305812836e-01 9.847733801707930779e-01 9.855239620286300184e-01 9.862594835432576534e-01 9.869752349374889544e-01 9.875957763747024165e-01 9.882042439432109360e-01 9.888009956676275802e-01 9.893449648088612491e-01 9.898478298878621295e-01 9.903413053561729296e-01 9.908256617571081781e-01 9.912466150581570323e-01 9.916543817936637195e-01 9.920548391162553603e-01 9.924452882798039388e-01 9.927820718928435095e-01 9.931129975840186086e-01 9.934382251459554780e-01 9.937572858504704065e-01 9.940306974177551824e-01 9.942995383991716229e-01 9.945639294597475866e-01 9.948239871089414876e-01 9.950540707785415773e-01 9.952727542705684938e-01 9.954879552449187319e-01 9.956997619123844068e-01 9.958998451709836219e-01 9.960780148992192107e-01 9.962534523574061440e-01 9.964262245069192003e-01 9.965963961229558077e-01 9.967502919174312526e-01 9.968935943444404701e-01 9.970347978158600188e-01 9.971739517016922072e-01 9.973111038173633203e-01 9.974338675173182178e-01 9.975495599493156007e-01 9.976636314492538515e-01 9.977761186335516452e-01 9.978870570053243183e-01 9.979889617766684040e-01 9.980827738067855615e-01 9.981753267079396252e-01 9.982666478217203654e-01 9.983567636852351823e-01 9.984446321863985618e-01 9.985210993723562245e-01 9.985965819550880473e-01 9.986711005017557818e-01 9.987446749972559434e-01 9.988173248648078983e-01 9.988855971881279716e-01 9.989475415018037596e-01 9.990087255853712378e-01 9.990691646187236374e-01 9.991288733692627044e-01 9.991878662057277483e-01
8.298801399768656051e-01 8.385941084600728734e-01 8.470325411384050929e-01 8.552075128189381426e-01 8.630731301614830153e-01 8.706373171414052425e-01 8.778922775565780601e-01 8.847810185448239384e-01 8.913863213880135472e-01 8.976281071722123084e-01 9.035487332021442386e-01 9.091906306404521354e-01 9.144508423579024159e-01 9.195131472397947148e-01 9.241585211086503771e-01 9.286663340240358666e-01 9.327586130848186663e-01 9.367474154369446193e-01 9.403512861967060488e-01 9.438563598335549809e-01 9.470424806561297260e-01 9.501035795270588169e-01 9.529375082590301194e-01 9.555958527541631442e-01 9.581362553785159886e-01 9.604330446211865047e-01 9.626758448349969077e-01 9.647052349440063956e-01 9.666348865920666444e-01 9.684913773380900981e-01 9.701448115109360115e-01 9.717610585878899698e-01 9.732707393795857476e-01 9.746511247934255273e-01 9.760013256735976528e-01 9.772419278759088002e-01 9.783918994366607169e-01 9.795174482167117169e-01 9.805516509485495691e-01 9.815079323340734074e-01 9.824445021164101011e-01 9.833214889383951052e-01 9.841155589582437635e-01 9.848937490806799477e-01 9.856511929036120279e-01 9.863098260597364941e-01 9.869556829455138347e-01 9.875891413382563710e-01 9.881675919268058106e-01 9.887031544859312682e-01 9.892287440809909294e-01 9.897446473484589058e-01 9.901943672448348943e-01 9.906301722888275485e-01 9.910581843742186647e-01 9.914755899575582454e-01 9.918368112926068125e-01 9.921917634713034451e-01 9.925406171704929115e-01 9.928828846731739821e-01 9.931772155402300850e-01 9.934666357989594410e-01 9.937512748682352237e-01 9.940312577178389564e-01 9.942796336484368558e-01 9.945159280592309470e-01 9.947484660622094577e-01 9.949773426627968043e-01 9.951937729695117252e-01 9.953870079390725323e-01 9.955772842110944820e-01 9.957646742000968443e-01 9.959492479594369563e-01 9.961165241139059434e-01 9.962725213219566500e-01 9.964262367676908205e-01 9.965777240587356811e-01 9.967270351165864462e-01 9.968609931207429442e-01 9.969873830822377769e-01 9.971120043706565017e-01 9.972348968993803853e-01 9.973560993694073895e-01 9.974676127133705883e-01 9.975704429249961924e-01 9.976718944314274529e-01 9.977719971443551605e-01 9.978707800960852081e-01 9.979671234837277360e-01 9.980511869276154080e-01 9.981341689611978873e-01 9.982160921564601219e-01 9.982969784468201935e-01 9.983768491496909370e-01 9.984519703748354624e-01 9.985202329305834512e-01 9.985876583863804168e-01 9.986542634459530943e-01 9.987200643594040805e-01 9.987850769384095662e-01
8.251394533246586560e-01 8.339416213346404483e-01 8.424715020872463045e-01 8.507449071105612770e-01 8.587142620333321208e-01 8.663844762409972367e-01 8.737485545515591978e-01 8.807496113662298676e-01 8.874670922529857009e-01 8.938226868842626960e-01 8.998566768207626465e-01 9.056112123059792962e-01 9.109833889925261774e-01 9.161558519634043218e-01 9.209097878791200342e-01 9.255240576331099644e-01 9.297201391132592363e-01 9.338107014624799085e-01 9.375127885352561030e-01 9.411140866876677169e-01 9.443926711537500296e-01 9.475440174667927318e-01 9.504647911689853013e-01 9.532071133005115549e-01 9.558290995640186249e-01 9.582034195056424730e-01 9.605221955597091910e-01 9.626235233256953405e-01 9.646228413954964775e-01 9.665470829815254739e-01 9.682639977324071223e-01 9.699424593532092187e-01 9.715117070918070086e-01 9.729485516938236600e-01 9.743540985300607193e-01 9.756471546695020258e-01 9.768471115968172525e-01 9.780216745720653471e-01 9.791022687431678584e-01 9.801026498031149004e-01 9.810824772258336379e-01 9.820008032957283639e-01 9.828336599250853123e-01 9.836499103931050092e-01 9.844445505728499635e-01 9.851372076451471171e-01 9.858164647322513741e-01 9.864827170495419351e-01 9.870919887518017077e-01 9.876567900924906329e-01 9.882110995771506978e-01 9.887552180848278027e-01 9.892306829321036998e-01 9.896915848297177520e-01 9.901442630132046840e-01 9.905858018434420265e-01 9.909689160050203505e-01 9.913453941971601679e-01 9.917154167668242870e-01 9.920784789878748233e-01 9.923915616357505964e-01 9.926994300733028576e-01 9.930022215082927595e-01 9.933000684392010449e-01 9.935648497028675141e-01 9.938169406609211887e-01 9.940650303961723333e-01 9.943092199687516564e-01 9.945403139861171971e-01 9.947470599561321070e-01 9.949506447967990663e-01 9.951511457846377029e-01 9.953486376794098422e-01 9.955279083168150356e-01 9.956952809779857638e-01 9.958602085239353086e-01 9.960227483399362036e-01 9.961829560081255641e-01 9.963269400158641931e-01 9.964629084080588450e-01 9.965969761683298733e-01 9.967291861486599069e-01 9.968595799005134372e-01 9.969796899210711105e-01 9.970905814295136782e-01 9.971999875774106847e-01 9.973079405646327888e-01 9.974144716450946691e-01 9.975183904707999316e-01 9.976092336760288282e-01 9.976989092355975641e-01 9.977874415045075995e-01 9.978748541491946344e-01 9.979611701718426042e-01 9.980423990621845043e-01 9.981162866244102094e-01 9.981892687659708052e-01 9.982613635430624965e-01 9.983325885217970708e-01 9.984029607946119933e-01
8.210159054011382240e-01 8.298856104429139791e-01 8.384867327045366636e-01 8.468387191159721938e-01 8.548923153526497565e-01 8.626494237818438382e-01 8.701038145318301664e-01 8.771987510056221682e-01 8.840103584077583232e-01 8.904621309309815880e-01 8.965923252156452472e-01 9.024427742689709042e-01 9.079107836750454075e-01 9.131776590119135006e-01 9.180250935714132643e-01 9.227310826273712463e-01 9.270170234233731099e-01 9.311956870545157194e-01 9.349832496675131166e-01 9.386683170816462196e-01 9.420276027187112211e-01 9.452577694634669569e-01 9.482545002038237358e-01 9.510703526660090334e-01 9.537638214598225250e-01 9.562062083853013483e-01 9.585916975418166119e-01 9.607563342966042308e-01 9.628170173634027496e-01 9.648009722861464743e-01 9.665739919503704147e-01 9.683074482041680309e-01 9.699293954187071520e-01 9.714162493362139550e-01 9.728708265678208678e-01 9.742103847598676536e-01 9.754546837150124272e-01 9.766727329436369898e-01 9.777945270185202098e-01 9.788341081002580601e-01 9.798523917034175357e-01 9.808074890984445071e-01 9.816748773786500015e-01 9.825250166175993893e-01 9.833527811400318841e-01 9.840757613209242249e-01 9.847847885754217323e-01 9.854802734972420986e-01 9.861170329251957023e-01 9.867079218056505896e-01 9.872878580901396361e-01 9.878571552457665605e-01 9.883556086102847082e-01 9.888389234396618432e-01 9.893136315544808213e-01 9.897767259964196374e-01 9.901793954763087324e-01 9.905751026571536499e-01 9.909640364571024040e-01 9.913456767739502462e-01 9.916755059937351069e-01 9.919998508565398554e-01 9.923188554780072446e-01 9.926326590345517786e-01 9.929120862328184582e-01 9.931782776490075682e-01 9.934402500322755403e-01 9.936981098139702206e-01 9.939422905512181883e-01 9.941610846525419376e-01 9.943765376481465967e-01 9.945887311260208641e-01 9.947977440197743881e-01 9.949877038304831833e-01 9.951652089338508533e-01 9.953401238088224190e-01 9.955125091887851996e-01 9.956824239005235277e-01 9.958353263611152695e-01 9.959798092292009297e-01 9.961222744466318169e-01 9.962627674659555455e-01 9.964013323613583051e-01 9.965290708281014931e-01 9.966471024206395857e-01 9.967635543879860283e-01 9.968784609487051362e-01 9.969918553167749220e-01 9.971024825041688855e-01 9.971993088512883796e-01 9.972948915955979210e-01 9.973892566600855991e-01 9.974824292352705291e-01 9.975744338050543947e-01 9.976610440854593032e-01 9.977398726161814668e-01 9.978177358152953147e-01 9.978946529233188034e-01 9.979706426587997559e-01 9.980457232357848874e-01
8.174341642690258203e-01 8.263546901046249227e-01 8.350105455824298195e-01 8.434246623228410789e-01 8.515461757442077673e-01 8.593740905917579553e-01 8.669029338043016120e-01 8.740761412567640276e-01 8.809665830453627944e-01 8.874996115991170553e-01 8.937114410064028736e-01 8.996435653031756852e-01 9.051935256792621454e-01 9.105412208342751335e-01 9.154692056119967392e-01 9.202542441645105153e-01 9.246180360054506719e-01 9.288730333927925908e-01 9.327348973656598430e-01 9.364927982752138114e-01 9.399224962286295559e-01 9.432214924312007920e-01 9.462846383550957974e-01 9.491648484176098410e-01 9.519209337147460648e-01 9.544231001026046712e-01 9.568671875813141714e-01 9.590875561230250979e-01 9.612023064221366653e-01 9.632388986729136793e-01 9.650614843503572127e-01 9.668435320668162802e-01 9.685120780491233150e-01 9.700431984069666225e-01 9.715411808330012278e-01 9.729219711784802271e-01 9.742056414605186898e-01 9.754623065863340381e-01 9.766207001583325775e-01 9.776951164016939311e-01 9.787475777043013192e-01 9.797353746919413853e-01 9.806335003913900783e-01 9.815138076811295020e-01 9.823710647542244212e-01 9.831210813970124862e-01 9.838566544311748707e-01 9.845782080330581776e-01 9.852394882122311737e-01 9.858536553866952268e-01 9.864564606248372725e-01 9.870482285308433967e-01 9.875672074256443000e-01 9.880705361570120138e-01 9.885649175402082545e-01 9.890472628651340026e-01 9.894673959960011977e-01 9.898802764889420569e-01 9.902861008619022742e-01 9.906843350044817198e-01 9.910291087496120310e-01 9.913681578847347575e-01 9.917016326500704970e-01 9.920296781434148059e-01 9.923221671722332049e-01 9.926009310643266748e-01 9.928752823228379487e-01 9.931453321401536583e-01 9.934011774289426278e-01 9.936306976830406867e-01 9.938567170635408399e-01 9.940793209761971116e-01 9.942985920508276010e-01 9.944980534105991588e-01 9.946845550111950152e-01 9.948683378764381358e-01 9.950494656979937957e-01 9.952280001697074718e-01 9.953888012241464134e-01 9.955408154026751388e-01 9.956907086705523158e-01 9.958385287704631939e-01 9.959843219983154361e-01 9.961187961876396546e-01 9.962431204589546896e-01 9.963657822090596916e-01 9.964868174284836622e-01 9.966062610517926190e-01 9.967227979424003736e-01 9.968248645273369846e-01 9.969256211153582070e-01 9.970250949977509380e-01 9.971233126950810322e-01 9.972202999843814419e-01 9.973116099461485362e-01 9.973947303657549890e-01 9.974768335058823432e-01 9.975579396324308901e-01 9.976380684617615069e-01 9.977172391790792849e-01
8.143259940867713098e-01 8.232839924301785794e-01 8.319813060885719036e-01 8.404441542805441978e-01 8.486201590680546580e-01 8.565055742240128556e-01 8.640956679482375558e-01 8.713341009086692512e-01 8.782905433820387131e-01 8.848921548566881512e-01 8.911731684028407763e-01 8.971747343694228549e-01 9.027947689107316265e-01 9.082116665331334548e-01 9.132089484110498256e-01 9.180620102495049561e-01 9.224929785591489129e-01 9.268138432896286805e-01 9.307401255274715401e-01 9.345611849269447324e-01 9.380521586151475688e-01 9.414111014946919820e-01 9.445323068038583569e-01 9.474689341963530298e-01 9.502799602760643172e-01 9.528347342229006589e-01 9.553303956926504359e-01 9.575998598049426658e-01 9.597622577296124335e-01 9.618452526174797734e-01 9.637115953662699352e-01 9.655365441380255875e-01 9.672462873360109237e-01 9.688166185098970873e-01 9.703530526312581506e-01 9.717704145996209908e-01 9.730890435020572715e-01 9.743799996595458035e-01 9.755709429943719702e-01 9.766763827147999510e-01 9.777592846480387401e-01 9.787762237638034657e-01 9.797017708216426701e-01 9.806089937239349519e-01 9.814925674883958617e-01 9.822667371690204652e-01 9.830260266747032905e-01 9.837708722174010045e-01 9.844540749035305405e-01 9.850890646218052327e-01 9.857123276442747439e-01 9.863241984628369208e-01 9.868615512585838800e-01 9.873827981309358792e-01 9.878947937811121127e-01 9.883943762483453632e-01 9.888301473077705239e-01 9.892584066202524395e-01 9.896793574650495362e-01 9.900924530049239891e-01 9.904506028348665225e-01 9.908028136941149366e-01 9.911492412718871936e-01 9.914900359347459391e-01 9.917942114627847916e-01 9.920842223676235028e-01 9.923696479585608632e-01 9.926506036634804575e-01 9.929168774984121759e-01 9.931559700814407421e-01 9.933914196014206333e-01 9.936233148536569582e-01 9.938517417498551332e-01 9.940596663535675725e-01 9.942541703113332296e-01 9.944458415192417577e-01 9.946347462878261103e-01 9.948209488492226749e-01 9.949887596954692937e-01 9.951474500891649422e-01 9.953039282556928047e-01 9.954582439588403053e-01 9.956104454553559302e-01 9.957508721007962693e-01 9.958807392499491318e-01 9.960088710225067921e-01 9.961353049633882017e-01 9.962600775165610933e-01 9.963818170256485418e-01 9.964884627619984281e-01 9.965937406045710656e-01 9.966976790357369165e-01 9.968003057339023254e-01 9.969016476018570661e-01 9.969970511948698100e-01 9.970838874827301357e-01 9.971696616035582439e-01 9.972543947078211790e-01 9.973381073727002333e-01 9.974208196212592803e-01
8.116303509039520803e-01 8.206153987000837091e-01 8.293437449326371835e-01 8.378446585981734751e-01 8.460642771883062352e-01 8.539962226367412423e-01 8.616364057593933756e-01 8.689287764857711593e-01 8.759400634738810920e-01 8.825992525695866009e-01 8.889387440946837637e-01 8.949993198425476582e-01 9.006792886338517157e-01 9.061554679101527787e-01 9.112123800498000969e-01 9.161239898188074937e-01 9.206130459156465218e-01 9.249908666073332064e-01 9.289729418814153261e-01 9.328487072133280211e-01 9.363929232524835777e-01 9.398039898136909542e-01 9.429758380634983839e-01 9.459617919948417608e-01 9.488208893980676351e-01 9.514218072374193147e-01 9.539627093914175848e-01 9.562753245837795069e-01 9.584796315765142793e-01 9.606034698244749759e-01 9.625084781700372627e-01 9.643713390866364144e-01 9.661175368018973808e-01 9.677226304810048196e-01 9.692931567079713373e-01 9.707429830881797450e-01 9.720926771083245876e-01 9.734141073235648145e-01 9.746340352052992317e-01 9.757671505219039920e-01 9.768772099855140834e-01 9.779201744981071975e-01 9.788702524790922066e-01 9.798015554573671348e-01 9.807086765020324171e-01 9.815044826879144590e-01 9.822850189084517680e-01 9.830507320865272680e-01 9.837536081626214735e-01 9.844073097602463740e-01 9.850489579230333748e-01 9.856788959728004507e-01 9.862327839136464380e-01 9.867701589458537370e-01 9.872980100724335628e-01 9.878131092588684492e-01 9.882629567124697756e-01 9.887050598568695170e-01 9.891396280238239358e-01 9.895661031712640332e-01 9.899363144661624814e-01 9.903003940384342840e-01 9.906585024646270554e-01 9.910107948374234921e-01 9.913255025082977623e-01 9.916256474502262996e-01 9.919210518987233716e-01 9.922118350789616015e-01 9.924875019837486878e-01 9.927352060905098030e-01 9.929791395411203814e-01 9.932193941657341263e-01 9.934560588147225424e-01 9.936715891888235896e-01 9.938732790944787565e-01 9.940720341174449359e-01 9.942679229092545867e-01 9.944610119711658758e-01 9.946350965014524315e-01 9.947997521231480844e-01 9.949621141159311621e-01 9.951222340416560064e-01 9.952801619016296009e-01 9.954258925466861196e-01 9.955606844556947888e-01 9.956936764031019127e-01 9.958249073091278714e-01 9.959544149533100521e-01 9.960807742321217129e-01 9.961914549637866934e-01 9.963007168968819327e-01 9.964085895590762965e-01 9.965151016449530497e-01 9.966202810453688166e-01 9.967192757384418789e-01 9.968093443334837822e-01 9.968983117987453291e-01 9.969862000511301448e-01 9.970730304137144229e-01 9.971588236355949375e-01
8.092932786941537948e-01 8.182971504556957321e-01 8.270482119184576764e-01 8.355785418218646399e-01 8.438329346238824247e-01 8.518025328698894949e-01 8.594838476174684327e-01 8.668211232677848210e-01 8.738782724579329253e-01 8.805859503766420016e-01 8.869748428954002950e-01 8.930853893904938667e-01 8.988162419340268716e-01 9.043427755191066897e-01 9.094504723559720949e-01 9.144119475214304016e-01 9.189510690251386782e-01 9.233779779761727147e-01 9.274085942981969977e-01 9.313319722733733874e-01 9.349225746869248566e-01 9.383790649826778685e-01 9.415949776370911017e-01 9.446238011999179562e-01 9.475247102019457301e-01 9.501658722070335239e-01 9.527462320980968347e-01 9.550967165827862759e-01 9.573378836004919901e-01 9.594976572205922150e-01 9.614367460145210043e-01 9.633330250699542185e-01 9.651114075866522590e-01 9.667472630976224890e-01 9.683479595139136142e-01 9.698265732255716420e-01 9.712038612929932979e-01 9.725523619090150618e-01 9.737980755517877673e-01 9.749558453733190300e-01 9.760900989775985748e-01 9.771562956769883623e-01 9.781283480650070361e-01 9.790812226197248558e-01 9.800094459731159002e-01 9.808247541227977928e-01 9.816244419143220767e-01 9.824089658734401764e-01 9.831295718815833418e-01 9.838001336261107399e-01 9.844583482234898764e-01 9.851045669152249662e-01 9.856734054462460426e-01 9.862253691483227058e-01 9.867675628600458548e-01 9.872967020611329581e-01 9.877593405312022901e-01 9.882140238622124651e-01 9.886609668610401025e-01 9.890996015443793699e-01 9.894807920639860921e-01 9.898556758035150782e-01 9.902244177690991966e-01 9.905871773372203482e-01 9.909114713419923115e-01 9.912208398842786705e-01 9.915253270009107833e-01 9.918250553591072549e-01 9.921092772719803943e-01 9.923648362627651709e-01 9.926165084678124639e-01 9.928643884742128778e-01 9.931085678020664664e-01 9.933310350422490664e-01 9.935392781407021978e-01 9.937444934168490063e-01 9.939467516485454013e-01 9.941461213982066836e-01 9.943259123934596877e-01 9.944959868789140511e-01 9.946636939445667736e-01 9.948290867792924930e-01 9.949922169630853741e-01 9.951427595161825845e-01 9.952820129038895125e-01 9.954194079445772836e-01 9.955549847995104340e-01 9.956887824534781384e-01 9.958193245705944108e-01 9.959336315222964142e-01 9.960464740253757165e-01 9.961578825432044759e-01 9.962678866800446231e-01 9.963765152113099877e-01 9.964787246420709899e-01 9.965716652121867636e-01 9.966634701088605830e-01 9.967541619272580755e-01 9.968437626505701754e-01 9.969322936704605453e-01
8.072668868286003718e-01 8.162832153333299257e-01 8.250505171647237734e-01 8.336035470909431977e-01 8.418857793449610050e-01 8.498860245437027672e-01 8.576013496763803534e-01 8.649760509706356792e-01 8.720715113869345059e-01 8.788198550999301029e-01 8.852503019318305189e-01 8.914029774786244031e-01 8.971772579055234953e-01 9.027468966682157259e-01 9.078984138974658391e-01 9.129029351162990524e-01 9.174849872233158399e-01 9.219539872134742131e-01 9.260261214046342504e-01 9.299902171077527591e-01 9.336208418353726390e-01 9.371165967606465141e-01 9.403707136441553649e-01 9.434367881807219636e-01 9.463740520296441971e-01 9.490502814071448690e-01 9.516650247198921164e-01 9.540485441665227384e-01 9.563218783379543453e-01 9.585130313031006155e-01 9.604819822196755119e-01 9.624075440068461385e-01 9.642141960626069430e-01 9.658771646031092395e-01 9.675044535104431187e-01 9.690085308489574389e-01 9.704103010672134877e-01 9.717828201744320715e-01 9.730514660183576803e-01 9.742312080108199712e-01 9.753870242743530872e-01 9.764739370936977858e-01 9.774656012339344446e-01 9.784377285610865727e-01 9.793847914421826006e-01 9.802175907327406179e-01 9.810344558502576140e-01 9.818358519094398940e-01 9.825724481583248959e-01 9.832582838840510098e-01 9.839315068370063644e-01 9.845924754096343490e-01 9.851748974659603197e-01 9.857401204095024294e-01 9.862953500544383578e-01 9.868372536691786268e-01 9.873115723551282308e-01 9.877777436782295695e-01 9.882359874303663361e-01 9.886857274552057762e-01 9.890770051575467070e-01 9.894618155010291849e-01 9.898403275492678732e-01 9.902127046028880164e-01 9.905458391420220998e-01 9.908637242698301595e-01 9.911765980499929185e-01 9.914845863184308383e-01 9.917767130637403783e-01 9.920395417000544835e-01 9.922983762426267340e-01 9.925533138225743901e-01 9.928044484236583367e-01 9.930333524134871137e-01 9.932476868263078185e-01 9.934589071679199579e-01 9.936670861866704341e-01 9.938722943551557831e-01 9.940573955209957013e-01 9.942325151925620608e-01 9.944051988555077104e-01 9.945755012088880465e-01 9.947434752980792716e-01 9.948984956746288466e-01 9.950418983464066613e-01 9.951833884631643423e-01 9.953230073367601571e-01 9.954607950694353002e-01 9.955952275935846529e-01 9.957129065816791025e-01 9.958290787472237060e-01 9.959437754208236848e-01 9.960570270498876333e-01 9.961688632297264201e-01 9.962740541109070813e-01 9.963696444434051447e-01 9.964640672920335174e-01 9.965573458755561109e-01 9.966495027841016929e-01 9.967405600001615351e-01
8.055304589080926059e-01 8.145542989503372633e-01 8.233325949449624703e-01 8.319024335085392075e-01 8.402062396568427127e-01 8.482307532992954258e-01 8.559736020842865223e-01 8.633793780041526533e-01 8.705069058005469040e-01 8.772896809643956351e-01 8.837552976624823975e-01 8.899436197152811312e-01 8.957542095960591144e-01 9.013597708147134124e-01 9.065479294411842304e-01 9.115884463021273199e-01 9.162070232517595114e-01 9.207118333706815205e-01 9.248195808038951471e-01 9.288186159701122824e-01 9.324833019383973465e-01 9.360124162981460216e-01 9.392989893384863231e-01 9.423967083072850581e-01 9.453648715981415318e-01 9.480709614879155867e-01 9.507149832909094211e-01 9.531267601225462682e-01 9.554276525078090332e-01 9.576457327321450386e-01 9.596405525644151613e-01 9.615914826572613539e-01 9.634225846209768518e-01 9.651089455965470298e-01 9.667591783408631123e-01 9.682852208900403213e-01 9.697081056636943641e-01 9.711013395235389423e-01 9.723898965508750436e-01 9.735888306255716662e-01 9.747634816020599446e-01 9.758685565381713944e-01 9.768775245313017219e-01 9.778666393484711783e-01 9.788303263738856730e-01 9.796785747262607424e-01 9.805106118956342653e-01 9.813269105747838283e-01 9.820776967030365734e-01 9.827771378438727723e-01 9.834637297425306013e-01 9.841378371545451698e-01 9.847324992667350063e-01 9.853096854800386106e-01 9.858766770803449875e-01 9.864301016934666766e-01 9.869150255657671567e-01 9.873916276678469384e-01 9.878601323118593180e-01 9.883199567315108514e-01 9.887204472612646233e-01 9.891143238622929212e-01 9.895017592998499589e-01 9.898829204546180094e-01 9.902242193308332663e-01 9.905499984884280629e-01 9.908706459720278970e-01 9.911862905501950261e-01 9.914857606202744922e-01 9.917553795652128690e-01 9.920209042662243570e-01 9.922824342271103770e-01 9.925400657294164430e-01 9.927750087772466703e-01 9.929950752794003410e-01 9.932119466154827325e-01 9.934256973852788608e-01 9.936363998561982269e-01 9.938265375759165465e-01 9.940064608299371551e-01 9.941838828325847421e-01 9.943588597182845268e-01 9.945314459252320161e-01 9.946907460655702859e-01 9.948381299485827833e-01 9.949835493167500378e-01 9.951270465838697454e-01 9.952686629224111181e-01 9.954068298205059895e-01 9.955277588656132881e-01 9.956471402907287604e-01 9.957650062606774322e-01 9.958813880339376645e-01 9.959963159945429689e-01 9.961043912754147245e-01 9.962025629658077808e-01 9.962995362207469618e-01 9.963953348651408692e-01 9.964899820790843465e-01 9.965835004193898117e-01
8.040300755284619516e-01 8.130584260162299071e-01 8.218445689788022035e-01 8.304277730836922000e-01 8.387492324294104629e-01 8.467937522491038038e-01 8.545593844148650087e-01 8.619908826593165596e-01 8.691449599435718820e-01 8.759563206892179155e-01 8.824514914436065727e-01 8.886700470617313607e-01 8.945120373792047053e-01 9.001488186273983727e-01 9.053688279751108681e-01 9.104406355826049069e-01 9.150903384860499257e-01 9.196256638125496208e-01 9.237635568753075344e-01 9.277921581514385618e-01 9.314859025879479448e-01 9.350435253607077835e-01 9.383579917405088233e-01 9.414830196422367958e-01 9.444778410433615212e-01 9.472096599512755954e-01 9.498789111670568053e-01 9.523148998011885524e-01 9.546393593345415818e-01 9.568804455486672467e-01 9.588972421974604199e-01 9.608697238487347025e-01 9.627217084935016933e-01 9.644282037201055147e-01 9.660981852180615670e-01 9.676432339418356010e-01 9.690844706518005891e-01 9.704957097361269769e-01 9.718014951332506479e-01 9.730169682754553628e-01 9.742078504830026242e-01 9.753286087915529201e-01 9.763525710189022710e-01 9.773564059739153764e-01 9.783345106161811522e-01 9.791963514210010322e-01 9.800417374821372984e-01 9.808711481517025099e-01 9.816344495831499373e-01 9.823459138812637992e-01 9.830443200170991824e-01 9.837300383672678006e-01 9.843355726023359509e-01 9.849233910343475618e-01 9.855008359188976996e-01 9.860645081110320787e-01 9.865590019701412361e-01 9.870450166838627970e-01 9.875227806432883559e-01 9.879917068826116200e-01 9.884006268794928163e-01 9.888027988518466316e-01 9.891983989514665510e-01 9.895875973343373211e-01 9.899364155009796606e-01 9.902694805567228142e-01 9.905973028749212039e-01 9.909200139313009137e-01 9.912262966545004605e-01 9.915022957322945363e-01 9.917741064706850906e-01 9.920418306026954625e-01 9.923055665687190441e-01 9.925462258344854849e-01 9.927717449317579046e-01 9.929939917233995272e-01 9.932130425703654675e-01 9.934289714473684141e-01 9.936239639628134945e-01 9.938085469285541373e-01 9.939905653613491099e-01 9.941700767877461598e-01 9.943471369967984419e-01 9.945106144322314323e-01 9.946619086035358714e-01 9.948111872295570812e-01 9.949584938062780992e-01 9.951038705572101684e-01 9.952457123779460124e-01 9.953699084198045499e-01 9.954925158376332073e-01 9.956135676346102859e-01 9.957330958843061408e-01 9.958511317633897963e-01 9.959621215580318765e-01 9.960629267403079412e-01 9.961625019142297255e-01 9.962608715229641643e-01 9.963580593483659653e-01 9.964540885330478437e-01
8.027243137651860483e-01 8.117544409290280427e-01 8.205454649699482905e-01 8.291387008891244470e-01 8.374743613929688246e-01 8.455353990027917321e-01 8.533202613296559935e-01 8.607737841844870230e-01 8.679507098311826097e-01 8.747868824253295372e-01 8.813076532875876445e-01 8.875523566360197236e-01 8.934213971829002565e-01 8.990850416422545566e-01 9.043325270119069170e-01 9.094313289656694721e-01 9.141082773760706992e-01 9.186703145003035642e-01 9.228347247142348886e-01 9.268893406110708666e-01 9.306084629295813260e-01 9.341909460409351107e-01 9.375295510347017025e-01 9.406780801534508907e-01 9.436958591680091324e-01 9.464498916839435561e-01 9.491409261616610138e-01 9.515979239724646765e-01 9.539428697939662527e-01 9.562039348314379517e-01 9.582396983287786441e-01 9.602307809739633049e-01 9.621007146212045003e-01 9.638244117111146592e-01 9.655112661686724440e-01 9.670725808593231276e-01 9.685295460552050262e-01 9.699562169284174917e-01 9.712768149510246918e-01 9.725065480843072541e-01 9.737114253382832540e-01 9.748456854382512304e-01 9.758825215094416583e-01 9.768989951334096089e-01 9.778894850579449294e-01 9.787631002085882548e-01 9.796200497879652414e-01 9.804608189087344883e-01 9.812349753915879935e-01 9.819568781681736747e-01 9.826655414193647964e-01 9.833613404012978565e-01 9.839764084629969432e-01 9.845735604863435908e-01 9.851601818853420456e-01 9.857328551965224284e-01 9.862358388451667457e-01 9.867302037142543503e-01 9.872161818147681123e-01 9.876931836378658458e-01 9.881096590853043482e-01 9.885192662653077278e-01 9.889221843677079571e-01 9.893185864866860246e-01 9.896742426166772466e-01 9.900139643601461037e-01 9.903483418608324262e-01 9.906775090694799335e-01 9.909900366457869980e-01 9.912719312196746069e-01 9.915495504573054175e-01 9.918229981538568829e-01 9.920923747467405018e-01 9.923384010323023086e-01 9.925690939044007344e-01 9.927964412477011669e-01 9.930205210955272976e-01 9.932414090437893250e-01 9.934410443141059588e-01 9.936300999855747218e-01 9.938165303466953704e-01 9.940003942617614552e-01 9.941817488178961160e-01 9.943493023033431744e-01 9.945044747487588044e-01 9.946575810136969453e-01 9.948086656683775564e-01 9.949577719796223185e-01 9.951032636943660803e-01 9.952307543862976003e-01 9.953566150789712186e-01 9.954808796219447586e-01 9.956035809116717816e-01 9.957247509250209960e-01 9.958387167698675713e-01 9.959422725496758222e-01 9.960445653247664843e-01 9.961456201847728176e-01 9.962454615407546621e-01 9.963441131478363300e-01
8.015857904689165370e-01 8.106159708130953323e-01 8.194099195714137363e-01 8.280106947588611321e-01 8.363575933773924609e-01 8.444319862181893788e-01 8.522327232045584511e-01 8.597047261583498079e-01 8.669009849280169266e-01 8.737585427672316385e-01 8.803015793528786714e-01 8.865691810786547888e-01 8.924619886094670163e-01 8.981492542169967619e-01 9.034209028579921474e-01 9.085434427788360301e-01 9.132441739998795605e-01 9.178295255810978714e-01 9.220171433925902216e-01 9.260945280086825271e-01 9.298360687948052927e-01 9.334405570558190757e-01 9.368004788235674285e-01 9.399697270295057638e-01 9.430077041130947579e-01 9.457811344908101381e-01 9.484911918646671269e-01 9.509664820586355427e-01 9.533292474245712578e-01 9.556076934130873779e-01 9.576599693384242329e-01 9.596672471423984829e-01 9.615527458079022871e-01 9.632912728237803535e-01 9.649926744759987907e-01 9.665679830581394016e-01 9.680384555394175861e-01 9.694783796293702238e-01 9.708116546309422112e-01 9.720535538211739768e-01 9.732703715771471309e-01 9.744161474898148656e-01 9.754639571483159077e-01 9.764912042879623222e-01 9.774922470934874763e-01 9.783758158137150218e-01 9.792425408914895435e-01 9.800929123010039268e-01 9.808762919818203585e-01 9.816070996570468443e-01 9.823245132378827238e-01 9.830289121353529280e-01 9.836521014253056805e-01 9.842572028311402654e-01 9.848516398543997186e-01 9.854319837848173336e-01 9.859422727596073299e-01 9.864438227970275808e-01 9.869368690233216723e-01 9.874208208401482612e-01 9.878438697057725371e-01 9.882599456572439545e-01 9.886692305292555938e-01 9.890718999738921102e-01 9.894335562415254026e-01 9.897791348453822691e-01 9.901192798403438688e-01 9.904541273575196980e-01 9.907721878048142417e-01 9.910593934255692572e-01 9.913422452916468286e-01 9.916208490580629142e-01 9.918953069632878705e-01 9.921462115723976849e-01 9.923816343743883106e-01 9.926136446497223487e-01 9.928423219630804208e-01 9.930677433948338351e-01 9.932717100329324644e-01 9.934649777700124140e-01 9.936555629164351977e-01 9.938435255981447058e-01 9.940289241264713693e-01 9.942003602657532024e-01 9.943592680467692180e-01 9.945160608349468134e-01 9.946707842368818220e-01 9.948234825259119063e-01 9.949724997646509639e-01 9.951032727872957118e-01 9.952323745530650134e-01 9.953598397561507216e-01 9.954857021141736428e-01 9.956099944025198489e-01 9.957269602953073839e-01 9.958333468137611222e-01 9.959384363366097226e-01 9.960422546199962923e-01 9.961448267236802101e-01 9.962461770342612155e-01
8.006127824961960515e-01 8.096414111497364230e-01 8.184363838162228566e-01 8.270424141750026825e-01 8.353979538870432986e-01 8.434829153348067932e-01 8.512964850669531014e-01 8.587837450595550148e-01 8.659960293045887436e-01 8.728713566627029907e-01 8.794329507096868559e-01 8.857196785148855334e-01 8.916325401352515057e-01 8.973397817887273087e-01 9.026320778021411639e-01 9.077749116891574710e-01 9.124963448244259867e-01 9.171019906219197715e-01 9.213097870879947138e-01 9.254069674689657798e-01 9.291678829991173449e-01 9.327913635854595542e-01 9.361698134321190246e-01 9.393571636940459824e-01 9.424128260551097869e-01 9.452033727450721567e-01 9.479302168409093898e-01 9.504214469374968610e-01 9.527996723530230971e-01 9.550931900615492465e-01 9.571597399502363990e-01 9.591810179069724107e-01 9.610800479831899112e-01 9.628315735813842702e-01 9.645457273974558099e-01 9.661330766212161691e-01 9.676149864213976493e-01 9.690661331844540038e-01 9.704100993941879860e-01 9.716622217831208941e-01 9.728890736986484100e-01 9.740445443323916264e-01 9.751016207538957259e-01 9.761379664220384278e-01 9.771479050321653093e-01 9.780395956144621872e-01 9.789142975207513198e-01 9.797725046773740898e-01 9.805634202474857730e-01 9.813015110738678715e-01 9.820260816691273043e-01 9.827375148274368755e-01 9.833672981341593511e-01 9.839788490117487019e-01 9.845796271613942441e-01 9.851661902490561618e-01 9.856823297476934309e-01 9.861896341180383940e-01 9.866883409793787418e-01 9.871778603298930754e-01 9.876062702746468691e-01 9.880276220093804351e-01 9.884420995234494134e-01 9.888498805528038726e-01 9.892164011425410575e-01 9.895667188379391188e-01 9.899115305697541167e-01 9.902509742354349553e-01 9.905735525200733971e-01 9.908651876215179843e-01 9.911524035379711828e-01 9.914353074768879059e-01 9.917140031800898425e-01 9.919689961121735955e-01 9.922083951546649683e-01 9.924443252847916508e-01 9.926768673573307389e-01 9.929060997032069791e-01 9.931138115511585207e-01 9.933107674861835212e-01 9.935049906265901454e-01 9.936965422050417773e-01 9.938854816067146380e-01 9.940603531932606929e-01 9.942225989314392720e-01 9.943826859985404054e-01 9.945406609296115752e-01 9.946965688996621813e-01 9.948487504219527544e-01 9.949826050930100640e-01 9.951147497251296992e-01 9.952452198072866407e-01 9.953740498297801720e-01 9.955012733193410179e-01 9.956210902754030201e-01 9.957302231818644378e-01 9.958380260677799356e-01 9.959445253376482121e-01 9.960497466822363366e-01 9.961537151023803771e-01
7.997658877676678824e-01 8.087923946334197867e-01 8.175874737338444387e-01 8.261971726045995723e-01 8.345593746990785933e-01 8.426527661732617913e-01 8.504768851044126610e-01 8.579769702513289076e-01 8.652028102597351111e-01 8.720932953169725499e-01 8.786707258328397829e-01 8.849737800696438894e-01 8.909037881641831413e-01 8.966281137573146598e-01 9.019381158509169882e-01 9.070983528405489604e-01 9.118375882304758928e-01 9.164606826487485813e-01 9.206861561211091560e-01 9.248006881157579961e-01 9.285786815740062483e-01 9.322189222195083058e-01 9.356137085670214182e-01 9.388170091031331488e-01 9.418882844670590782e-01 9.446940463809246902e-01 9.474358120557653251e-01 9.499414170062372431e-01 9.523336551569083763e-01 9.546408164905685334e-01 9.567201887943889149e-01 9.587540432407484214e-01 9.606651775082676314e-01 9.624282597063917866e-01 9.641537509125255312e-01 9.657519102686589196e-01 9.672441763983400387e-01 9.687054857374608474e-01 9.700590827357521428e-01 9.713203710367993571e-01 9.725562199717160405e-01 9.737202606732671128e-01 9.747853273766700077e-01 9.758295184305847414e-01 9.768471358451339404e-01 9.777459648906103862e-01 9.786276783537329882e-01 9.794927736028281595e-01 9.802901485252335512e-01 9.810343562746457469e-01 9.817649381211203119e-01 9.824822796859482565e-01 9.831175392397578650e-01 9.837344398676279855e-01 9.843404781341734688e-01 9.849321969666152699e-01 9.854531314413105259e-01 9.859651521644867689e-01 9.864684987879657196e-01 9.869625794246901229e-01 9.873952287416022378e-01 9.878207524710732601e-01 9.882393363028399991e-01 9.886511596174198946e-01 9.890215708260429173e-01 9.893756926188348455e-01 9.897242504533897423e-01 9.900673836410842643e-01 9.903935596072745984e-01 9.906886569224437888e-01 9.909792839055515667e-01 9.912655489777184581e-01 9.915475570560532415e-01 9.918058071878023130e-01 9.920484122920074643e-01 9.922875030250216666e-01 9.925231612816232118e-01 9.927554664008590990e-01 9.929661900704919164e-01 9.931661085136184175e-01 9.933632538024049774e-01 9.935576880598809835e-01 9.937494715351204988e-01 9.939271637721059927e-01 9.940922057476355711e-01 9.942550524356484898e-01 9.944157511500300028e-01 9.945743478221467093e-01 9.947291853143606088e-01 9.948656777718107858e-01 9.950004269571954829e-01 9.951334690412042550e-01 9.952648391768761371e-01 9.953945715353642587e-01 9.955168724042409156e-01 9.956284680494460471e-01 9.957387040275966772e-01 9.958476073257591654e-01 9.959552042016708295e-01 9.960615202080527197e-01
7.990312885591512870e-01 8.080550568387733223e-01 8.168496294008531500e-01 8.254625168794870183e-01 8.338307153583470743e-01 8.419315440194516942e-01 8.497646572791146546e-01 8.572753660926676345e-01 8.645123799170469914e-01 8.714153957117820593e-01 8.780061812204993377e-01 8.843232072605862193e-01 8.902678608428813423e-01 8.960067716944563054e-01 9.013318580344190645e-01 9.065069190721741776e-01 9.112613252890073845e-01 9.158992889951393934e-01 9.201396638853459597e-01 9.242688158907236273e-01 9.280613902355064893e-01 9.317159786458372173e-01 9.351249416461727693e-01 9.383422204190083882e-01 9.414271501323536739e-01 9.442461196979868854e-01 9.470008373179392702e-01 9.495189555026747330e-01 9.519234027351508587e-01 9.542425101698019940e-01 9.563334444016657887e-01 9.583786391044799569e-01 9.603007096901028383e-01 9.620742637535439901e-01 9.638100280971259037e-01 9.654179503179410871e-01 9.669195425625380924e-01 9.683900031952764609e-01 9.697523602267911214e-01 9.710220616754215994e-01 9.722661688455067619e-01 9.734380768304342624e-01 9.745104801499803182e-01 9.755618749855952121e-01 9.765865364379395785e-01 9.774918038412913068e-01 9.783798413819998485e-01 9.792511495229215823e-01 9.800543183734661268e-01 9.808039878265302214e-01 9.815399372718585091e-01 9.822625548417506236e-01 9.829025927423403752e-01 9.835241494800502915e-01 9.841347660951094145e-01 9.847309633458850575e-01 9.852559121314158341e-01 9.857718815434909354e-01 9.862791129254447897e-01 9.867770113047247271e-01 9.872131122206401210e-01 9.876420328856004849e-01 9.880639603643500690e-01 9.884790753674415065e-01 9.888525409010955336e-01 9.892096143321157387e-01 9.895610789240736338e-01 9.899070750799664475e-01 9.902360176563662630e-01 9.905337205535207357e-01 9.908269147091326445e-01 9.911157094540057333e-01 9.914002105862190772e-01 9.916608777610783632e-01 9.919058410312904250e-01 9.921472565365974106e-01 9.923852069349041738e-01 9.926197723050202981e-01 9.928326866216653501e-01 9.930347491426626538e-01 9.932340093088600774e-01 9.934305298872957435e-01 9.936243717519163132e-01 9.938041266481688618e-01 9.939712322775957620e-01 9.941361155941854655e-01 9.942988244866957093e-01 9.944594054447726261e-01 9.946162045127356910e-01 9.947546590124922705e-01 9.948913454994796624e-01 9.950263006522683806e-01 9.951595601176296269e-01 9.952911585467949518e-01 9.954153434839884129e-01 9.955288647658179224e-01 9.956410031791601556e-01 9.957517861673442772e-01 9.958612404321433020e-01 9.959693919584918786e-01
7.983950200574266853e-01 8.074163091270907255e-01 8.162102201696308512e-01 8.248251988478269014e-01 8.331976744671394375e-01 8.413041241705195850e-01 8.491445166195086269e-01 8.566646861228216503e-01 8.639118762511416305e-01 8.708265073920345989e-01 8.774290770891581825e-01 8.837579815662867100e-01 8.897151070456831290e-01 8.954664407427459505e-01 9.008042370442242985e-01 9.059917798033078062e-01 9.107593743281939824e-01 9.154102669425726591e-01 9.196635848600313023e-01 9.238054382728596581e-01 9.276101351279157914e-01 9.312765411691384942e-01 9.346973367463777826e-01 9.379263923847922513e-01 9.410228797289934555e-01 9.438532117714735215e-01 9.466190729221896083e-01 9.491477579823839328e-01 9.515624476726023406e-01 9.538916340090815016e-01 9.559926465454390287e-01 9.580477263657395381e-01 9.599793163294407794e-01 9.617619660855158958e-01 9.635066528676481390e-01 9.651232465145506145e-01 9.666332808384087150e-01 9.681120252483926825e-01 9.694822860253721197e-01 9.707595557914460160e-01 9.720110914657978940e-01 9.731901728808873830e-01 9.742694267823089893e-01 9.753275480753628157e-01 9.763587871141186092e-01 9.772700723343138440e-01 9.781640207609201276e-01 9.790411357558734817e-01 9.798497714083176380e-01 9.806046347598353918e-01 9.813456886646414468e-01 9.820733236402561239e-01 9.827178229932911346e-01 9.833437179263192496e-01 9.839586003206004516e-01 9.845589704961202893e-01 9.850876634110158347e-01 9.856073159050953159e-01 9.861181708914183996e-01 9.866196279587680085e-01 9.870587811126491085e-01 9.874907058010088390e-01 9.879155902984811943e-01 9.883336164860446749e-01 9.887096971790497735e-01 9.890692706269160750e-01 9.894231973631371080e-01 9.897716187087549633e-01 9.901028638140950688e-01 9.904026414816565760e-01 9.906978799482702991e-01 9.909886892634899302e-01 9.912751759215456815e-01 9.915376564127418302e-01 9.917843200827902717e-01 9.920274119867611429e-01 9.922670153294838036e-01 9.925032107199949216e-01 9.927176707417592061e-01 9.929212312457565970e-01 9.931219690625737728e-01 9.933199474063658663e-01 9.935152275849468140e-01 9.936963545509612805e-01 9.938647720159567989e-01 9.940309500105281026e-01 9.941949367880028587e-01 9.943567791920873145e-01 9.945148264582844844e-01 9.946545406894471419e-01 9.947924710359339340e-01 9.949286545019112582e-01 9.950631270506860027e-01 9.951959236412742937e-01 9.953213170924278819e-01 9.954360716736516679e-01 9.955494285217267869e-01 9.956614153723821747e-01 9.957720592119548852e-01 9.958813863023648905e-01
7.978450340790389506e-01 8.068631793998409796e-01 8.156555292852523120e-01 8.242716347948665367e-01 8.326476305960072155e-01 8.407590370609155928e-01 8.486060902150410756e-01 8.561343450775488195e-01 8.633900335370644497e-01 8.703140455533361353e-01 8.769266239763775506e-01 8.832660066824851164e-01 8.892341179460571121e-01 8.949963894619998861e-01 9.003459785595735454e-01 9.055451386831123717e-01 9.103240819115626659e-01 9.149860976452685035e-01 9.192502159538548101e-01 9.234026529831116381e-01 9.272181777382746404e-01 9.308952958402036959e-01 9.343264043328473045e-01 9.375654377574247356e-01 9.406716241218108232e-01 9.435111748337630111e-01 9.462860756104938265e-01 9.488238113724928313e-01 9.512474390368118593e-01 9.535853262561211352e-01 9.556945035673523048e-01 9.577575911195410630e-01 9.596970020710861027e-01 9.614872773569249631e-01 9.632394445384577786e-01 9.648633339422647559e-01 9.663804916921668875e-01 9.678662258561516740e-01 9.692432225724540995e-01 9.705269996152156020e-01 9.717849221037830887e-01 9.729702366893772103e-01 9.740555510164240482e-01 9.751196227073805067e-01 9.761566900863376528e-01 9.770734629061220700e-01 9.779728011777397700e-01 9.788552109207120377e-01 9.796688969290745508e-01 9.804286095360893460e-01 9.811744289588933965e-01 9.819067479546784716e-01 9.825556297285710228e-01 9.831858104925476072e-01 9.838049071170449356e-01 9.844093966553300046e-01 9.849417356082630359e-01 9.854649745589467713e-01 9.859793579558364662e-01 9.864842824723921710e-01 9.869265633681614247e-01 9.873615664152597393e-01 9.877894811269949393e-01 9.882104905826344377e-01 9.885891770625198083e-01 9.889512172713146310e-01 9.893075734131546728e-01 9.896583877143038110e-01 9.899918892088659383e-01 9.902936640296345905e-01 9.905908703931965986e-01 9.908836190381210551e-01 9.911720171260330892e-01 9.914361947506691308e-01 9.916844182089437076e-01 9.919290479750877410e-01 9.921701677517542617e-01 9.924078586306602778e-01 9.926235854262688285e-01 9.928283060503779733e-01 9.930301883059200474e-01 9.932292957506473341e-01 9.934256900258252587e-01 9.936078299107982126e-01 9.937771697808299720e-01 9.939442581851954950e-01 9.941091436308492346e-01 9.942718732078440480e-01 9.944307846924587135e-01 9.945712398148037758e-01 9.947099017612694993e-01 9.948468077258668663e-01 9.949819938564804511e-01 9.951154952916231311e-01 9.952415593183456810e-01 9.953569357573174292e-01 9.954709069875976590e-01 9.955835008916436024e-01 9.956947445985949718e-01 9.958046645093803217e-01
7.973661564602392282e-01 8.063813541368710647e-01 8.151722981803852797e-01 8.237893604664130454e-01 8.321680882529761680e-01 8.402832974737165506e-01 8.481354469239474891e-01 8.556703549666756503e-01 8.629332050660737385e-01 8.698654177688351918e-01 8.764865690918223207e-01 8.828347919872332472e-01 8.888125021186576991e-01 8.945844116532463142e-01 8.999441125377672934e-01 9.051532166119564682e-01 9.099421923992582206e-01 9.146140397328561544e-01 9.188881588347472817e-01 9.230504137732304937e-01 9.268756047045185742e-01 9.305622106894898549e-01 9.340023939632294825e-01 9.372501640767298969e-01 9.403649358651525736e-01 9.432129681409263666e-01 9.459961880963344560e-01 9.485417165849473475e-01 9.509728661668918059e-01 9.533180920101379519e-01 9.554342499768683217e-01 9.575041845075833447e-01 9.594502478068298590e-01 9.612469612732951196e-01 9.630054448081509788e-01 9.646353517898996754e-01 9.661582699195329083e-01 9.676496563320070576e-01 9.690321943816581074e-01 9.703214050875990093e-01 9.715846610285534535e-01 9.727751334579919362e-01 9.738653853845327113e-01 9.749343048806116130e-01 9.759761298024043352e-01 9.768975288830175074e-01 9.778014109179603564e-01 9.786882841721735726e-01 9.795063413601935443e-01 9.802703383537043624e-01 9.810203681059797010e-01 9.817568253570561065e-01 9.824095812025054331e-01 9.830435506458582440e-01 9.836663723973904094e-01 9.842745237020018578e-01 9.848104402036286231e-01 9.853371981786187561e-01 9.858550435851628491e-01 9.863633702635985490e-01 9.868087214628474824e-01 9.872467461714251602e-01 9.876776351266620679e-01 9.881015725917964287e-01 9.884829708724252040e-01 9.888476301865153362e-01 9.892065656992301559e-01 9.895599206013269145e-01 9.898958414946121831e-01 9.901998134468474877e-01 9.904991847079915868e-01 9.907940667767917153e-01 9.910845675511614772e-01 9.913506111502267126e-01 9.916005489153966179e-01 9.918468688634458630e-01 9.920896552453261075e-01 9.923289896843566771e-01 9.925461338363488206e-01 9.927521650837247691e-01 9.929553402664347272e-01 9.931557233295977838e-01 9.933533762904200870e-01 9.935366078662684064e-01 9.937068908214523599e-01 9.938749100800287062e-01 9.940407144069551837e-01 9.942043511429007330e-01 9.943641343555399414e-01 9.945052200644177720e-01 9.946445047331313738e-01 9.947820257156186896e-01 9.949178193152761196e-01 9.950519208218666645e-01 9.951785062666067549e-01 9.952942850686987697e-01 9.954086538683831753e-01 9.955216406414930663e-01 9.956332726080645568e-01 9.957435762575234106e-01
7.969506844982788829e-01 8.059632833642451644e-01 8.147529006691418552e-01 8.233706614340635666e-01 8.317517084581124154e-01 8.398701816783683549e-01 8.477267091378176689e-01 8.552672768638035494e-01 8.625361987924163865e-01 8.694753357886922940e-01 8.761037344300739438e-01 8.824594380409179761e-01 8.884451938720717701e-01 8.942251624777656227e-01 8.995934114319843466e-01 9.048109265462144224e-01 9.096084684828513733e-01 9.142887096715567319e-01 9.185714905921021911e-01 9.227422523414555711e-01 9.265757711984801137e-01 9.302705399164723499e-01 9.337188724495468772e-01 9.369747373618115827e-01 9.400973837418181711e-01 9.429529204309143875e-01 9.457434998347822308e-01 9.482961335961042071e-01 9.507342148606379162e-01 9.530861905461986971e-01 9.552086954614271708e-01 9.572848557299898919e-01 9.592368684859643446e-01 9.610392029307311956e-01 9.628032010911602434e-01 9.644383673379154365e-01 9.659663249563053000e-01 9.674626568846637076e-01 9.688498312767914733e-01 9.701434107913682325e-01 9.714109549953660050e-01 9.726056085721648259e-01 9.736999191856943181e-01 9.747728240256996468e-01 9.758185461869873789e-01 9.767435094438928767e-01 9.776508921350789416e-01 9.785412042533440102e-01 9.793626231746166422e-01 9.801299106349796730e-01 9.808831739584563669e-01 9.816228094090009293e-01 9.822787605546982048e-01 9.829158785486049599e-01 9.835417961443639889e-01 9.841529835570775875e-01 9.846917503548267003e-01 9.852213118122977731e-01 9.857419150999550128e-01 9.862529561686448343e-01 9.867010390474545423e-01 9.871417520759887543e-01 9.875752870846306042e-01 9.880018293938320761e-01 9.883857960165141066e-01 9.887529853810995695e-01 9.891144124811348526e-01 9.894702214428005016e-01 9.898085101696645349e-01 9.901147038719191329e-01 9.904162641701754755e-01 9.907133033371677833e-01 9.910059300203933885e-01 9.912739857943285715e-01 9.915258566565960940e-01 9.917740824146022982e-01 9.920187479411473053e-01 9.922599354624125345e-01 9.924787784995451334e-01 9.926864301755802256e-01 9.928912038421852104e-01 9.930931639261153521e-01 9.932923729119664813e-01 9.934770082282997627e-01 9.936485588735001206e-01 9.938178293334565261e-01 9.939848687218235668e-01 9.941497247179580388e-01 9.943106866289616041e-01 9.944526950723691083e-01 9.945928909422826480e-01 9.947313118276303046e-01 9.948679942602989268e-01 9.950029737522675388e-01 9.951303231384007741e-01 9.952466933402395188e-01 9.953616464897675487e-01 9.954752107002093897e-01 9.955874133253421743e-01 9.956982809848009541e-01
7.965911302044946796e-01 8.056008317822352938e-01 8.143888029418822061e-01 8.230068667465872956e-01 8.313898860623404330e-01 8.395112641336246462e-01 8.473717459188795376e-01 8.549172382547848281e-01 8.621914223301510027e-01 8.691366031616590826e-01 8.757714529408666682e-01 8.821339131066032735e-01 8.881267200845461840e-01 8.939137004608189718e-01 8.992891796332964649e-01 9.045137968668522932e-01 9.093186076382171468e-01 9.140059722383357954e-01 9.182959492490363473e-01 9.224737732809557000e-01 9.263143128343134247e-01 9.300159855144867205e-01 9.334711220053221181e-01 9.367336828402820226e-01 9.398629110744446402e-01 9.427249553655323577e-01 9.455219166181917378e-01 9.480808005678341699e-01 9.505250085787960712e-01 9.528829729961616479e-01 9.550112384467124294e-01 9.570930488114781642e-01 9.590505382166146786e-01 9.608581554031324634e-01 9.626273362595453298e-01 9.642673997334377800e-01 9.658000124288791399e-01 9.673009123480962312e-01 9.686924493618922494e-01 9.699902102349683419e-01 9.712618590579166211e-01 9.724603566492556750e-01 9.735581415270000427e-01 9.746344577297806344e-01 9.756835217771240298e-01 9.766116370821938952e-01 9.775221160940906762e-01 9.784154703085762295e-01 9.792396869977738616e-01 9.800095809462684437e-01 9.807654058798559449e-01 9.815075592593498488e-01 9.821658065677507654e-01 9.828051636671345515e-01 9.834332829130408848e-01 9.840466350287142561e-01 9.845875232524454734e-01 9.851191714363985996e-01 9.856418276460937600e-01 9.861548887539939301e-01 9.866049630834563544e-01 9.870476359812104805e-01 9.874831000731147945e-01 9.879115414490388103e-01 9.882973852398225789e-01 9.886664251344555732e-01 9.890296745722627625e-01 9.893872783663849590e-01 9.897273610221265505e-01 9.900353800128780524e-01 9.903387386814325177e-01 9.906375499383203165e-01 9.909319230486943741e-01 9.912017355714952682e-01 9.914553595522428431e-01 9.917053136220886911e-01 9.919516832203640888e-01 9.921945511224470327e-01 9.924150534483785480e-01 9.926243425712225621e-01 9.928307314373020498e-01 9.930342849630329205e-01 9.932350661081486010e-01 9.934212252675272969e-01 9.935942551552509050e-01 9.937649855478628558e-01 9.939334659686518414e-01 9.940997444948149742e-01 9.942621005999857653e-01 9.944053873961907764e-01 9.945468455744601588e-01 9.946865130517856812e-01 9.948244266790131629e-01 9.949606222782919618e-01 9.950891066783582595e-01 9.952064934464460721e-01 9.953224509799328823e-01 9.954370076305254500e-01 9.955501909841190100e-01 9.956620278863145268e-01
7.962796124690927346e-01 8.052869747201735207e-01 8.140735093921586119e-01 8.226916468519028802e-01 8.310760416375353454e-01 8.391995975893338233e-01 8.470632270008019438e-01 8.546127998723859198e-01 8.618913816707861608e-01 8.688416483906028498e-01 8.754820600536720177e-01 8.818504443758122813e-01 8.878495192685328385e-01 8.936427531086510445e-01 8.990245991987094731e-01 9.042554657050424494e-01 9.090669901213200843e-01 9.137609364008199009e-01 9.180571788290777802e-01 9.222411389589451058e-01 9.260877743588316058e-01 9.297954414046465388e-01 9.332563720531231732e-01 9.365245556766791379e-01 9.396592881680438936e-01 9.425266966127477941e-01 9.453289187703530772e-01 9.478928874215643008e-01 9.503420573702849872e-01 9.527048919111253955e-01 9.548379533775509520e-01 9.569244678933873649e-01 9.588865439294720350e-01 9.606986220900871620e-01 9.624721791020918182e-01 9.641165385049967895e-01 9.656533680117392882e-01 9.671584057388588063e-01 9.685539357363120994e-01 9.698555587620029117e-01 9.711309984667333417e-01 9.723331506455911155e-01 9.734344155035734580e-01 9.745141486476566195e-01 9.755665538227824563e-01 9.764977227503347512e-01 9.774112011912932108e-01 9.783075021090787970e-01 9.791344542855731081e-01 9.799069171165945002e-01 9.806652667617590247e-01 9.814099018582823630e-01 9.820703097574294826e-01 9.827117626194679101e-01 9.833419427171453675e-01 9.839573058004248418e-01 9.844999157563399939e-01 9.850332576200390156e-01 9.855575801779424827e-01 9.860722779857159503e-01 9.865237681021616911e-01 9.869678344319080532e-01 9.874046701616142618e-01 9.878344619236634205e-01 9.882215624220571648e-01 9.885918179806321149e-01 9.889562646467100482e-01 9.893150476807868188e-01 9.896562903726424665e-01 9.899654485277850080e-01 9.902699296019430442e-01 9.905698469018652252e-01 9.908653100764397426e-01 9.911362297579733305e-01 9.913909649168505256e-01 9.916420144432627204e-01 9.918894641355590069e-01 9.921333971171489852e-01 9.923550161797254354e-01 9.925654351984436463e-01 9.927729385864431100e-01 9.929775915989482726e-01 9.931794575244401457e-01 9.933667461923888498e-01 9.935409434855723143e-01 9.937128260089554965e-01 9.938824436105072602e-01 9.940498446827397139e-01 9.942133184357754283e-01 9.943577993359224987e-01 9.945004365895127041e-01 9.946412684215545363e-01 9.947803319823461665e-01 9.949176633852182539e-01 9.950472882114463902e-01 9.951658307701434225e-01 9.952829301990612221e-01 9.953986151226579260e-01 9.955129133922844265e-01 9.956258521119416560e-01
7.960092199478389086e-01 8.050143445854752722e-01 8.137995250658859314e-01 8.224177908884252597e-01 8.308035189069240545e-01 8.389290642883089344e-01 8.467954124796670534e-01 8.543484680104006523e-01 8.616308068588228730e-01 8.685854585906177538e-01 8.752305089908249958e-01 8.816037194305620384e-01 8.876079005915774589e-01 8.934062269918020549e-01 8.987936167571173307e-01 9.040299454906136623e-01 9.088471991803012129e-01 9.135467602025478806e-01 9.178486020450243865e-01 9.220380539062987824e-01 9.258902856156049355e-01 9.296034841731305454e-01 9.330697227843546271e-01 9.363430292761523166e-01 9.394827686090425622e-01 9.423550305809899053e-01 9.451620131351862186e-01 9.477304525337806318e-01 9.501839421423905474e-01 9.525509799445247561e-01 9.546879760704629625e-01 9.567783501425003445e-01 9.587441623133962088e-01 9.605598373088871655e-01 9.623369232221504754e-01 9.639846574377581856e-01 9.655247280472522009e-01 9.670329461117803671e-01 9.684316249788185171e-01 9.697363614797589459e-01 9.710148572415409074e-01 9.722200238493251545e-01 9.733242710811997878e-01 9.744069325145995331e-01 9.754622098065267588e-01 9.763961433999142070e-01 9.773123372073997395e-01 9.782113055343644170e-01 9.790408540657801195e-01 9.798158498430696861e-01 9.805766886711901886e-01 9.813237703586874527e-01 9.819864964001355778e-01 9.826302194385734268e-01 9.832626317932523508e-01 9.838801767582796565e-01 9.844247157900103407e-01 9.849599552523979895e-01 9.854861447419375198e-01 9.860026750750193747e-01 9.864556761094284143e-01 9.869012295052898009e-01 9.873395290474966668e-01 9.877707619471626233e-01 9.881590702082646560e-01 9.885304519092383835e-01 9.888960076897436169e-01 9.892558832223646847e-01 9.895981348856305315e-01 9.899081365626468676e-01 9.902134488210275753e-01 9.905141852576950789e-01 9.908104558026180619e-01 9.910820862586848801e-01 9.913374705814164134e-01 9.915891601534315702e-01 9.918372409799707246e-01 9.920817963850473431e-01 9.923039927637741231e-01 9.925149655187966991e-01 9.927230151504914391e-01 9.929282070784077874e-01 9.931306047504955270e-01 9.933184376643096059e-01 9.934931894743852521e-01 9.936656192753999806e-01 9.938357770689068005e-01 9.940037113965809468e-01 9.941677217254704102e-01 9.943128295796918037e-01 9.944560858926878577e-01 9.945975290513431322e-01 9.947371963633256930e-01 9.948751240949890162e-01 9.950053955663992200e-01 9.951246678985313787e-01 9.952424883114164844e-01 9.953588856023064535e-01 9.954738877907178818e-01 9.955875221443405421e-01
7.957741873656312137e-01 8.047771830142519400e-01 8.135609838320785325e-01 8.221791244712515212e-01 8.305658905255207669e-01 8.386930970538858388e-01 8.465617809761282198e-01 8.541179104292312418e-01 8.614036126214088540e-01 8.683622984055208160e-01 8.750115338602381110e-01 8.813890358672691328e-01 8.873977704805274813e-01 8.932006424715205339e-01 8.985928233658918574e-01 9.038338638601645103e-01 9.086556697172519792e-01 9.133596897674081116e-01 9.176663410244197960e-01 9.218605235986603308e-01 9.257172859922282449e-01 9.294349040092547698e-01 9.329056881244934818e-01 9.361836024019171143e-01 9.393278382179550690e-01 9.422044329866231527e-01 9.450156642373587212e-01 9.475882968270895601e-01 9.500459076917775469e-01 9.524169545598633047e-01 9.545576977144454300e-01 9.566517471387077087e-01 9.586210653054035857e-01 9.604400442081607592e-01 9.622203716650163940e-01 9.638711354458778802e-01 9.654140582332790821e-01 9.669250753897633555e-01 9.683263503752872481e-01 9.696335088068261943e-01 9.709143819877538162e-01 9.721218451881257216e-01 9.732282867759139977e-01 9.743131029328835346e-01 9.753704959935786123e-01 9.763065013634562028e-01 9.772247301665666352e-01 9.781256977047994017e-01 9.789572234610958157e-01 9.797341715998726386e-01 9.804969290363511059e-01 9.812458964830695907e-01 9.819105384611693799e-01 9.825561513317448981e-01 9.831904218109442928e-01 9.838097975343486068e-01 9.843561936938334256e-01 9.848932598341031408e-01 9.854212463389366849e-01 9.859395444893478411e-01 9.863942659403460711e-01 9.868415124828785467e-01 9.872814785884226341e-01 9.877143521321948283e-01 9.881041776650517638e-01 9.884770240621352233e-01 9.888440223104985050e-01 9.892053186224735173e-01 9.895489025780257464e-01 9.898600662498113767e-01 9.901665234603415078e-01 9.904683882083717972e-01 9.907657708130779284e-01 9.910383317051751906e-01 9.912945328859722460e-01 9.915470278416661509e-01 9.917959028378666719e-01 9.920412414510390020e-01 9.922640315879046602e-01 9.924755133119170791e-01 9.926840650649505493e-01 9.928897524159848720e-01 9.930926389580047031e-01 9.932808493460073551e-01 9.934558799654590322e-01 9.936285849820694072e-01 9.937990144727976149e-01 9.939672170525751804e-01 9.941314824357049273e-01 9.942767477433166468e-01 9.944201595577608632e-01 9.945617563054121035e-01 9.947015753323434906e-01 9.948396529422663948e-01 9.949700727502380770e-01 9.950894920456102577e-01 9.952074576638854086e-01 9.953239984366721860e-01 9.954391424169291014e-01 9.955529169049021077e-01
7.955696563675760391e-01 8.045707649440680953e-01 8.133534676981070133e-01 8.219716725877207475e-01 8.303591962583187769e-01 8.384876449504663487e-01 8.463582092632989662e-01 8.539169659757775976e-01 8.612054934574153719e-01 8.681673230698000454e-01 8.748200896663800297e-01 8.812014208666516524e-01 8.872142233295069458e-01 8.930211567955096408e-01 8.984176167482568198e-01 9.036628650552744890e-01 9.084890316975871016e-01 9.131973257592419513e-01 9.175081070313081399e-01 9.217063365345282699e-01 9.255670512186792154e-01 9.292885420183024658e-01 9.327631028095310084e-01 9.360447060929329988e-01 9.391925328159805852e-01 9.420725569727889104e-01 9.448871510407264029e-01 9.474632282590400578e-01 9.499242657776041376e-01 9.522986690908107343e-01 9.544426783237520695e-01 9.565399309500715042e-01 9.585124036359432553e-01 9.603344939166500449e-01 9.621178735932471859e-01 9.637716093528955197e-01 9.653174301815075076e-01 9.668312912803177506e-01 9.682352235031086440e-01 9.695448782122630949e-01 9.708282018003790981e-01 9.720379492999953186e-01 9.731464378132216320e-01 9.742332639460781207e-01 9.752926144670510666e-01 9.762302819432935319e-01 9.771501434445283296e-01 9.780527150665301317e-01 9.788857137840859535e-01 9.796640324149109569e-01 9.804281368046096068e-01 9.811784282919451261e-01 9.818443239267363731e-01 9.824911644363922836e-01 9.831266420712780896e-01 9.837472082126262896e-01 9.842948269917858317e-01 9.848330957357660509e-01 9.853622653451171720e-01 9.858817296008186570e-01 9.863377278916695134e-01 9.867862310004520410e-01 9.872274339098964235e-01 9.876615249897039428e-01 9.880526481252951410e-01 9.884268017554911356e-01 9.887950873238288141e-01 9.891576515278286408e-01 9.895025048758460118e-01 9.898149648486843644e-01 9.901226992541891647e-01 9.904258225435911278e-01 9.907244454742595297e-01 9.909982057421544699e-01 9.912555751840936846e-01 9.915092218957345382e-01 9.917592325191211255e-01 9.920056909956519453e-01 9.922294809368380486e-01 9.924419038822823724e-01 9.926513841059885213e-01 9.928579874568721486e-01 9.930617777995716100e-01 9.932507573374631527e-01 9.934264374447046020e-01 9.935997835121397337e-01 9.937708457949552265e-01 9.939396730812009029e-01 9.941045302536442030e-01 9.942501396591972851e-01 9.943938912928760310e-01 9.945358236678455421e-01 9.946759742145806493e-01 9.948143793188857220e-01 9.949450304828414415e-01 9.950645327423788267e-01 9.951825803659896108e-01 9.952992022034667929e-01 9.954144263254821601e-01 9.955282800495407480e-01
7.953928728488564026e-01 8.043924051068181980e-01 8.131736943955595320e-01 8.217915118621352821e-01 8.301797056199708980e-01 8.383093921136725024e-01 8.461817991906921410e-01 8.537427674891332474e-01 8.610337104460532576e-01 8.679985481421362836e-01 8.746543373160501345e-01 8.810386919311167242e-01 8.870548728372805725e-01 8.928652207123414231e-01 8.982651401415702175e-01 9.035137829699395606e-01 9.083436995733410457e-01 9.130556689236721812e-01 9.173701170134189731e-01 9.215719426768961275e-01 9.254363750026359803e-01 9.291615508226676035e-01 9.326396364163982433e-01 9.359246334404255352e-01 9.390757648745531316e-01 9.419589512817456711e-01 9.447766469572725923e-01 9.473556019027189468e-01 9.498194078611867930e-01 9.521965113455671537e-01 9.543430835680328794e-01 9.564428504084666605e-01 9.584177547458196944e-01 9.602421827315239522e-01 9.620278557624740712e-01 9.636838646133351061e-01 9.652319338535693127e-01 9.667480010828021220e-01 9.681541583036836762e-01 9.694660466361632034e-01 9.707515625518806646e-01 9.719634773011848194e-01 9.730741178410154957e-01 9.741630569944061957e-01 9.752244758390112844e-01 9.761640685068951884e-01 9.770858210329659288e-01 9.779902504383786166e-01 9.788249379323246124e-01 9.796048142149248461e-01 9.803704494810269177e-01 9.811222457823369769e-01 9.817893577944815098e-01 9.824373674149061708e-01 9.830739947172504323e-01 9.836956773609715210e-01 9.842441648259079301e-01 9.847832881424586349e-01 9.853132985728734194e-01 9.858335881676182355e-01 9.862902641785117330e-01 9.867394343247495314e-01 9.871812938566226769e-01 9.876160314026817266e-01 9.880077977711876347e-01 9.883825867836405488e-01 9.887514980877688542e-01 9.891146786154172421e-01 9.894601779155690613e-01 9.897733610737302623e-01 9.900818079986416498e-01 9.903856333942747669e-01 9.906849482627571035e-01 9.909595043435218686e-01 9.912177271617862440e-01 9.914722151597039623e-01 9.917230552557315670e-01 9.919703316592122233e-01 9.921950364841710668e-01 9.924084082317149447e-01 9.926188243508535791e-01 9.928263509748799232e-01 9.930310522443654975e-01 9.932209623460572789e-01 9.933975890832927869e-01 9.935718694114678007e-01 9.937438538483895911e-01 9.939135914371617364e-01 9.940793410119070916e-01 9.942257710193292963e-01 9.943703329487666442e-01 9.945130655242373496e-01 9.946540063812127075e-01 9.947931921048437376e-01 9.949245441153550251e-01 9.950446277465831990e-01 9.951632497763422958e-01 9.952804391907605908e-01 9.953962241932083899e-01 9.955106322303703958e-01
7.952390533754657431e-01 8.042376173108863879e-01 8.130169003239938741e-01 8.216337651210846582e-01 8.300238536838967507e-01 8.381552707571722216e-01 8.460276954364266411e-01 8.535908990848265487e-01 8.608843870864021364e-01 8.678513533066968266e-01 8.745097674976569646e-01 8.808971355019711291e-01 8.869162783426874919e-01 8.927295237447256948e-01 8.981327395973290884e-01 9.033846375742141666e-01 9.082175786806672146e-01 9.129325106308370241e-01 9.172500403784601408e-01 9.214548935632266291e-01 9.253223072777509994e-01 9.290504091972224820e-01 9.325313937551962251e-01 9.358192542732087782e-01 9.389732222029110176e-01 9.418592870949139551e-01 9.446798057061511766e-01 9.472615400408227471e-01 9.497280754909626088e-01 9.521078359798890167e-01 9.542569016593938080e-01 9.563591143715335363e-01 9.583363341804677082e-01 9.601629193141227869e-01 9.619507088464176459e-01 9.636086651235236111e-01 9.651585420187246411e-01 9.666763832341427332e-01 9.680842041707349299e-01 9.693976607955484548e-01 9.706847161528773249e-01 9.718981410463862769e-01 9.730102622175680338e-01 9.741006551512930711e-01 9.751635071369507690e-01 9.761045934340399910e-01 9.770278129586332794e-01 9.779336834567379233e-01 9.787698424834785360e-01 9.795512061121073311e-01 9.803183029964551709e-01 9.810715358776895823e-01 9.817400699533042063e-01 9.823894786084513830e-01 9.830274815221827778e-01 9.836505100885458708e-01 9.842002103322585738e-01 9.847405266118205436e-01 9.852717107001255359e-01 9.857931518473863619e-01 9.862507480755794420e-01 9.867008239239134504e-01 9.871435750064757597e-01 9.875791903037623998e-01 9.879716275603139808e-01 9.883470193925251168e-01 9.887165244226798766e-01 9.890802898022305056e-01 9.894263050648827162e-01 9.897398618643956647e-01 9.900486769808756193e-01 9.903528652461477400e-01 9.906525377861982173e-01 9.909274022050374997e-01 9.911859021906859191e-01 9.914406634608384783e-01 9.916917730223753225e-01 9.919393151703727041e-01 9.921643310995018616e-01 9.923780307281474533e-01 9.925887702750915143e-01 9.927966159716166139e-01 9.930016320533785468e-01 9.931919397532426030e-01 9.933690364934423256e-01 9.935437806720441856e-01 9.937162229376879097e-01 9.938864124605342187e-01 9.940526261055255830e-01 9.941996863833184594e-01 9.943448706433626327e-01 9.944882177725345995e-01 9.946297655646303415e-01 9.947695507587515085e-01 9.949015502212198436e-01 9.950223608057869873e-01 9.951417010430237964e-01 9.952596000908373597e-01 9.953760863197788078e-01 9.954911873392685573e-01
7.951035296955388798e-01 8.041023066521018059e-01 8.128803225677356803e-01 8.214987701947382703e-01 8.298882196926542498e-01 8.380197378300543454e-01 8.458948446916373376e-01 8.534591558210028461e-01 8.607538166258227319e-01 8.677234452274263932e-01 8.743842989634285079e-01 8.807739274321166878e-01 8.867955554059568923e-01 8.926113093061075476e-01 8.980173111955364051e-01 9.032719656658416696e-01 9.081076491712568588e-01 9.128252652593876748e-01 9.171455593557272801e-01 9.213531263084328016e-01 9.252232267493604168e-01 9.289539684513016260e-01 9.324375597374511271e-01 9.357279900699095876e-01 9.388844391932875677e-01 9.417728034593859654e-01 9.445955772927027150e-01 9.471794196367985252e-01 9.496479879919426104e-01 9.520297554668744056e-01 9.541808641618558795e-01 9.562850806375120527e-01 9.582643094650467042e-01 9.600929246309267695e-01 9.618827057572051364e-01 9.635426141244264331e-01 9.650944048025482669e-01 9.666141240929598810e-01 9.680237107854845480e-01 9.693388358364586344e-01 9.706275289897839942e-01 9.718424778451894008e-01 9.729559598320702829e-01 9.740476890540451516e-01 9.751118415274536710e-01 9.760540174914981160e-01 9.769783074159708036e-01 9.778852295666533578e-01 9.787223652043185451e-01 9.795046461917511493e-01 9.802726446563951868e-01 9.810267637598194534e-01 9.816962025183291196e-01 9.823465039945484811e-01 9.829853847964017399e-01 9.836092834472067725e-01 9.841599481305853825e-01 9.847012130398546947e-01 9.852333303566103151e-01 9.857556910375371295e-01 9.862142769023742872e-01 9.866653266645363241e-01 9.871090363348299368e-01 9.875455952774504498e-01 9.879389552998841806e-01 9.883152538357693473e-01 9.886856517632223174e-01 9.890502965699736748e-01 9.893971473232822111e-01 9.897114583463906268e-01 9.900210165999823175e-01 9.903259371778048159e-01 9.906263314595209479e-01 9.909017917916613793e-01 9.911608092802159931e-01 9.914160807813529042e-01 9.916676934670155541e-01 9.919157317923237294e-01 9.921410680986324504e-01 9.923550112019037250e-01 9.925659909505877287e-01 9.927740736473343874e-01 9.929793235970707510e-01 9.931697802422588817e-01 9.933469508938875814e-01 9.935217680396530859e-01 9.936942823478530640e-01 9.938645430077496234e-01 9.940308267550341803e-01 9.941779548427798208e-01 9.943232060725843979e-01 9.944666193483145955e-01 9.946082324802907326e-01 9.947480822236872688e-01 9.948801826688001837e-01 9.950011517913405212e-01 9.951206486588612954e-01 9.952387024667450621e-01 9.953553416220138894e-01 9.954705937695909057e-01
7.949873292256726121e-01 8.039842646212717048e-01 8.127622924569649632e-01 8.213800254939335188e-01 8.297701710980230905e-01 8.379026307484049862e-01 8.457784689311333981e-01 8.533442769522832094e-01 8.606405975839087619e-01 8.676120025034433914e-01 8.742746949406329238e-01 8.806662006652038466e-01 8.866901993723370623e-01 8.925084223097541347e-01 8.979167813322830316e-01 9.031737398276838968e-01 9.080119754999420589e-01 9.127321132636394552e-01 9.170545992692139547e-01 9.212643166941897332e-01 9.251367548127507057e-01 9.288698450241325011e-01 9.323556581313146019e-01 9.356482012021742900e-01 9.388067645170915521e-01 9.416973569027909940e-01 9.445223159410521818e-01 9.471082504130705626e-01 9.495788539380752846e-01 9.519625889455153311e-01 9.541154675170183674e-01 9.562214201017690263e-01 9.582022843402464574e-01 9.600324115538542147e-01 9.618236761831282511e-01 9.634850102364200808e-01 9.650381758961472656e-01 9.665592445041886194e-01 9.679701899044818036e-01 9.692866771557584471e-01 9.705767074280572393e-01 9.717930018778128121e-01 9.729078579535700433e-01 9.740009363808812548e-01 9.750664136051633291e-01 9.760098867563272718e-01 9.769354508313307095e-01 9.778436247203471376e-01 9.786819031934259616e-01 9.794652422646072942e-01 9.802342805899398881e-01 9.809894218171893998e-01 9.816596543411409970e-01 9.823107146779708199e-01 9.829503416841534058e-01 9.835749647229168335e-01 9.841261888069556818e-01 9.846680040233425357e-01 9.852006627868596933e-01 9.857235555969998675e-01 9.861826210055074649e-01 9.866341427582837609e-01 9.870783170551797880e-01 9.875153334432846819e-01 9.879091810318567646e-01 9.882859707586179043e-01 9.886568524009963221e-01 9.890219736287375607e-01 9.893693410846636782e-01 9.896842671534904490e-01 9.899944313705998367e-01 9.902999490451895870e-01 9.906009317655611879e-01 9.908770525790603356e-01 9.911367698714167451e-01 9.913927312637937916e-01 9.916450241547291045e-01 9.918937332189974310e-01 9.921197255778146928e-01 9.923343134050702785e-01 9.925459291087721514e-01 9.927546391847557050e-01 9.929605081253991550e-01 9.931515301071380808e-01 9.933292180817993033e-01 9.935045458111492200e-01 9.936775641062078890e-01 9.938483222948586437e-01 9.940150739138553515e-01 9.941624397332297081e-01 9.943079257230618140e-01 9.944515708477685845e-01 9.945934129765464649e-01 9.947334889218282239e-01 9.948657346770869436e-01 9.949867239172005551e-01 9.951062406809141336e-01 9.952243141676173632e-01 9.953409727882428504e-01 9.954562441915245641e-01
7.948878237545704550e-01 8.038814591705237822e-01 8.126592773466401187e-01 8.212773130384655174e-01 8.296673021768125045e-01 8.378000321227948577e-01 8.456772287309082259e-01 8.532443786443432154e-01 8.605421034788544032e-01 8.675152278926278049e-01 8.741797457993019105e-01 8.805731535907838081e-01 8.865990128390226488e-01 8.924190392121281734e-01 8.978295293714357861e-01 9.030885982655719735e-01 9.079287622098809463e-01 9.126507762909825683e-01 9.169754000274880079e-01 9.211872134260633560e-01 9.250616889405655074e-01 9.287967667942751415e-01 9.322845463958888690e-01 9.355790418453815427e-01 9.387394813022070794e-01 9.416317577101380731e-01 9.444583712552281352e-01 9.470459133089703663e-01 9.495180903325658450e-01 9.519033907674899764e-01 9.540579140421566740e-01 9.561654797366508918e-01 9.581479471461542552e-01 9.599796753625510215e-01 9.617725106194003892e-01 9.634353200737922895e-01 9.649898810091379620e-01 9.665123188100138707e-01 9.679244930866622854e-01 9.692420906374151768e-01 9.705332108344764119e-01 9.717505102111045900e-01 9.728662478991707552e-01 9.739601920546403502e-01 9.750265181759139033e-01 9.759708034595891979e-01 9.768971652647312487e-01 9.778061228712995323e-01 9.786452399969417515e-01 9.794294542468097164e-01 9.801993526496147746e-01 9.809553392568028940e-01 9.816265303917516283e-01 9.822785461780002558e-01 9.829191126609498896e-01 9.835446588299088244e-01 9.840967780741992632e-01 9.846394738190529239e-01 9.851729988564535967e-01 9.856967410814686525e-01 9.861564503642454849e-01 9.866086058042805584e-01 9.870534038574716451e-01 9.874910343185867578e-01 9.878853469393288345e-01 9.882625528739763521e-01 9.886338444647894130e-01 9.889993695322494283e-01 9.893470760363407557e-01 9.896622045813746604e-01 9.899725683391968900e-01 9.902782826874954036e-01 9.905794592809333832e-01 9.908557298337115071e-01 9.911155696629850853e-01 9.913716518567478042e-01 9.916240638532074492e-01 9.918728903655934515e-01 9.920991337022588841e-01 9.923140270855577150e-01 9.925259441933493854e-01 9.927349516128649576e-01 9.929411139251653751e-01 9.931325057725497452e-01 9.933106305005484638e-01 9.934863892506806682e-01 9.936598329561456833e-01 9.938310110634728245e-01 9.939981939044019166e-01 9.941461457602863705e-01 9.942922104069362721e-01 9.944364269600897144e-01 9.945788334360539107e-01 9.947194667903078713e-01 9.948522536619157641e-01 9.949737624672834180e-01 9.950937925488684277e-01 9.952123732287105895e-01 9.953295330371098038e-01 9.954452997389962032e-01
7.947957269133520963e-01 8.037901874001033287e-01 8.125736898179303225e-01 8.211869842941053044e-01 8.295777613599130129e-01 8.377119304838352987e-01 8.455890312129741293e-01 8.531575663978656632e-01 8.604567437436833055e-01 8.674305617835169624e-01 8.740965373597395782e-01 8.804920119828242298e-01 8.865196872015201901e-01 8.923414326602576718e-01 8.977534021785433804e-01 9.030138991648973823e-01 9.078560706759319920e-01 9.125800503542014219e-01 9.169065616255149820e-01 9.211202232146705748e-01 9.249963665188607465e-01 9.287330477572466325e-01 9.322224531585976415e-01 9.355185787449005197e-01 9.386806315297564485e-01 9.415745514640957436e-01 9.444027757623844055e-01 9.469918924901049584e-01 9.494656111735403359e-01 9.518524004504570479e-01 9.540082627959274308e-01 9.561171441982621033e-01 9.581008607924452747e-01 9.599337565419264751e-01 9.617277385651654686e-01 9.633916165443086044e-01 9.649471811408329991e-01 9.664706053193462543e-01 9.678838478770226406e-01 9.692025764973444257e-01 9.704948068002118289e-01 9.717132077999717232e-01 9.728300461578909264e-01 9.739250709898229497e-01 9.749924511758966128e-01 9.759376590573193289e-01 9.768649271358997854e-01 9.777747751323259129e-01 9.786146181790296161e-01 9.793994347370059694e-01 9.801699251178312977e-01 9.809264936473839347e-01 9.815981370940676243e-01 9.822505853764318395e-01 9.828915771674481272e-01 9.835175452512413541e-01 9.840701376905081066e-01 9.846132989028437699e-01 9.851472818792698094e-01 9.856714772291954585e-01 9.861317954943957798e-01 9.865845502499522857e-01 9.870299381954878992e-01 9.874681493615029559e-01 9.878631484142489372e-01 9.882410645636557911e-01 9.886130555786937224e-01 9.889792695421409929e-01 9.893276309043396166e-01 9.896433514445798219e-01 9.899542984902480747e-01 9.902605876248666839e-01 9.905623307024463697e-01 9.908390478076731789e-01 9.910992601334285279e-01 9.913557095994854906e-01 9.916084837624316028e-01 9.918576674502815882e-01 9.920840759519661267e-01 9.922990519401185816e-01 9.925110505613012890e-01 9.927201384261813422e-01 9.929263801385770360e-01 9.931177820606024165e-01 9.932958557566817781e-01 9.934715641570893707e-01 9.936449581802606623e-01 9.938160872583945427e-01 9.939832278809572763e-01 9.941311973670347024e-01 9.942772794198267983e-01 9.944215131597018420e-01 9.945639366074670029e-01 9.947045867229755700e-01 9.948374728320500404e-01 9.949592102714592823e-01 9.950794662245996403e-01 9.951982700679643523e-01 9.953156503848445968e-01 9.954316349917476936e-01
7.947229788603239475e-01 8.037156806136527276e-01 8.124919012891074210e-01 8.211100148542509469e-01 8.295007141405794648e-01 8.376344860642246370e-01 8.455130886486075248e-01 8.530819036424157620e-01 8.603815309755669105e-01 8.673573317545024697e-01 8.740248283084568470e-01 8.804214443751702257e-01 8.864504120549449029e-01 8.922734628565213155e-01 8.976870869241904138e-01 9.029492231116432732e-01 9.077929022662891700e-01 9.125183566500418841e-01 9.168464890476036855e-01 9.210617441159847374e-01 9.249393989903971214e-01 9.286775509482146918e-01 9.321684274441780493e-01 9.354660149749383091e-01 9.386294961168485385e-01 9.415248055946351391e-01 9.443543931865262531e-01 9.469448031188208992e-01 9.494197743525727429e-01 9.518077860725643324e-01 9.539648197267083241e-01 9.560748489058428223e-01 9.580596809601669150e-01 9.598936571364339310e-01 9.616886982148193930e-01 9.633536618689774178e-01 9.649103290558274093e-01 9.664348348559355095e-01 9.678490228903890991e-01 9.691685868906627643e-01 9.704616422384568786e-01 9.716808316916659694e-01 9.727984036058469064e-01 9.738941494562355361e-01 9.749622333367098381e-01 9.759080522382966860e-01 9.768359201749197140e-01 9.777463571788379548e-01 9.785869378156318854e-01 9.793725976927897259e-01 9.801439168622837483e-01 9.809013000378496994e-01 9.815736702189971075e-01 9.822268253611154964e-01 9.828685121485087883e-01 9.834951545596306577e-01 9.840482631332553298e-01 9.845919320635304617e-01 9.851264145579552434e-01 9.856510982928579079e-01 9.861116939746447096e-01 9.865647217931251545e-01 9.870103785565180754e-01 9.874488544003999779e-01 9.878440443501383950e-01 9.882221276202060034e-01 9.885942832242934353e-01 9.889606593065506379e-01 9.893092331149585528e-01 9.896252809361986147e-01 9.899365504627662959e-01 9.902431573913625940e-01 9.905452136856227607e-01 9.908223295177049916e-01 9.910829893806321067e-01 9.913398800453139259e-01 9.915930892132182040e-01 9.918427018528045425e-01 9.920695986313570192e-01 9.922850842165230612e-01 9.924975855138006287e-01 9.927071692861357821e-01 9.929139002851107287e-01 9.931057478870742861e-01 9.932842282601590522e-01 9.934603380491292546e-01 9.936341282842421352e-01 9.938056485063082590e-01 9.939731503408247848e-01 9.941212365315966748e-01 9.942674338408949986e-01 9.944117814184111337e-01 9.945543173134699932e-01 9.946950785136636775e-01 9.948279914862729889e-01 9.949496245495678126e-01 9.950697773947597691e-01 9.951884793732288514e-01 9.953057590438304514e-01 9.954216441992900233e-01
7.946582607082370853e-01 8.036480782252143351e-01 8.124245209386612432e-01 8.210434412979159546e-01 8.294337397530622269e-01 8.375670884687381745e-01 8.454458566488610716e-01 8.530161869776659023e-01 8.603173513465223188e-01 8.672938472604193594e-01 8.739621725040934708e-01 8.803597232212131418e-01 8.863900050026047861e-01 8.922144476739448660e-01 8.976295415777201248e-01 9.028931240969738647e-01 9.077381066726483150e-01 9.124648371058167173e-01 9.167943233999580332e-01 9.210109097100084297e-01 9.248898990884030225e-01 9.286293644655722046e-01 9.321215241284926956e-01 9.354203661436225614e-01 9.385850612664279335e-01 9.414815089052599451e-01 9.443122107724412073e-01 9.469037461577439752e-01 9.493798337737745507e-01 9.517689388864728484e-01 9.539270287661867354e-01 9.560380957671024138e-01 9.580239237032653898e-01 9.598588455493525240e-01 9.616548155432401712e-01 9.633206612760947252e-01 9.648781692389722942e-01 9.664034993040111488e-01 9.678185013451565677e-01 9.691388652088849254e-01 9.704327010573225998e-01 9.716526238970959461e-01 9.727708686099042490e-01 9.738672750001869938e-01 9.749360135134448324e-01 9.758825705148743701e-01 9.768111645549779620e-01 9.777223159589564228e-01 9.785634482174447868e-01 9.793495380618757462e-01 9.801212804259774591e-01 9.808790801869281539e-01 9.815519398792925676e-01 9.822055858281077967e-01 9.828477566631983464e-01 9.834748696014135039e-01 9.840283298531945499e-01 9.845723439567027890e-01 9.851071653058296462e-01 9.856321853643656983e-01 9.860933449583016985e-01 9.865469276911345009e-01 9.869931305990234938e-01 9.874321440379726367e-01 9.878278484587204034e-01 9.882064338890309552e-01 9.885790840285968439e-01 9.889459472068075074e-01 9.892949308680990539e-01 9.896112259223155405e-01 9.899227390451267317e-01 9.902295860192088517e-01 9.905318788914637684e-01 9.908091312352885760e-01 9.910698671245712355e-01 9.913268327598774299e-01 9.915801158663859471e-01 9.918298014355531045e-01 9.920567586813713312e-01 9.922722989905250479e-01 9.924848542780222438e-01 9.926944913227730982e-01 9.929012748918576436e-01 9.930932495881549249e-01 9.932719225457898871e-01 9.934482224017754382e-01 9.936222002398409359e-01 9.937939056527271831e-01 9.939616081557115512e-01 9.941100639086035695e-01 9.942566261334903066e-01 9.944013340752166918e-01 9.945442258756154175e-01 9.946853386122347374e-01 9.948186214046320641e-01 9.949406554603773545e-01 9.950612044851361304e-01 9.951802979246320291e-01 9.952979644295422146e-01 9.954142318819783064e-01
7.945985691055715838e-01 8.035898429891529249e-01 8.123674977580401801e-01 8.209835344194755802e-01 8.293743754532538759e-01 8.375089103985208228e-01 8.453883811012954386e-01 8.529590649272293934e-01 8.602606581864542523e-01 8.672381441099999977e-01 8.739076005987886919e-01 8.803063924241003591e-01 8.863378706722786493e-01 8.921634791804441411e-01 8.975796329952355768e-01 9.028442471956892312e-01 9.076904487109171971e-01 9.124183752145926807e-01 9.167490103881471564e-01 9.209667219940648186e-01 9.248468448200780623e-01 9.285874284659182409e-01 9.320806922822935103e-01 9.353806235694237525e-01 9.385463889679401817e-01 9.414438870860813990e-01 9.442756181176603647e-01 9.468681336399532578e-01 9.493451718573581166e-01 9.517352063539264995e-01 9.538941962196657576e-01 9.560061425985764139e-01 9.579928232173586800e-01 9.598285707461438054e-01 9.616253498593785309e-01 9.632919678089720827e-01 9.648502161914368491e-01 9.663762722344076961e-01 9.677919716252434412e-01 9.691130076066414301e-01 9.704075031868854007e-01 9.716280681787020646e-01 9.727469340708991830e-01 9.738439498962327967e-01 9.749132831507224539e-01 9.758603723114713802e-01 9.767894888718209323e-01 9.777011534237101120e-01 9.785427989829018625e-01 9.793293999148569018e-01 9.801016443523293820e-01 9.808599374187870756e-01 9.815332034753194712e-01 9.821872398152063921e-01 9.828297933955171262e-01 9.834572875985192475e-01 9.840112188053466991e-01 9.845556974392547511e-01 9.850909770282999522e-01 9.856164464331849118e-01 9.860778722807335139e-01 9.865317176328298743e-01 9.869781796034023946e-01 9.874174486241783510e-01 9.878133743705216352e-01 9.881921687525377918e-01 9.885650248730655232e-01 9.889320911291985539e-01 9.892812827372723383e-01 9.895977996770833895e-01 9.899095310006732484e-01 9.902165925867298935e-01 9.905190965748554843e-01 9.907967046918113585e-01 9.910578808842195331e-01 9.913152805894094310e-01 9.915689916749773625e-01 9.918190992704375430e-01 9.920464236607330344e-01 9.922623050242733722e-01 9.924751967336129521e-01 9.926851656696034087e-01 9.928922766982418713e-01 9.930844581597424447e-01 9.932632312618451254e-01 9.934396299629432159e-01 9.936137053741861402e-01 9.937855071149506170e-01 9.939532886947887169e-01 9.941016684698325001e-01 9.942481556816925581e-01 9.943927895552896468e-01 9.945356082130916153e-01 9.946766487138193336e-01 9.948098708417439928e-01 9.949318618479198184e-01 9.950523683443033285e-01 9.951714197663268369e-01 9.952890447546540731e-01 9.954052711816498977e-01
7.945483162068329719e-01 8.035387956545002597e-01 8.123156062943405198e-01 8.209324038351647479e-01 8.293232229161268121e-01 8.374578313747504943e-01 8.453379646257731528e-01 8.529094456283796699e-01 8.602118176127822036e-01 8.671899698281502200e-01 8.738601693973891971e-01 8.802597621470413802e-01 8.862921876957838840e-01 8.921187646033369445e-01 8.975359357604244526e-01 9.028015489917909919e-01 9.076487769455136023e-01 9.123777092499767427e-01 9.167093952958840219e-01 9.209281406789200375e-01 9.248092928963104198e-01 9.285508891923972552e-01 9.320451311865974864e-01 9.353460113555620570e-01 9.385127068111914772e-01 9.414111149822383950e-01 9.442437388729592040e-01 9.468371037345229002e-01 9.493149653522439113e-01 9.517058066885609735e-01 9.538655884085729397e-01 9.559783114767369527e-01 9.579657385711534134e-01 9.598021971449339773e-01 9.615996735662218908e-01 9.632669660204306039e-01 9.648258685769824927e-01 9.663525664878260812e-01 9.677688725238291489e-01 9.690904839583747155e-01 9.703855437187116628e-01 9.716066650035436458e-01 9.727260821084720011e-01 9.738236396112944782e-01 9.748935015773133594e-01 9.758410521140764571e-01 9.767706213446082364e-01 9.776827301116755020e-01 9.785248075181599559e-01 9.793118297487910517e-01 9.800844884070165630e-01 9.808431888002974164e-01 9.815168485488605654e-01 9.821712718863706559e-01 9.828142066497032037e-01 9.834420744894982747e-01 9.839963434044678436e-01 9.845411543172883917e-01 9.850767608937396336e-01 9.856025517573736572e-01 9.860642698752332125e-01 9.865184025748259256e-01 9.869651471008303867e-01 9.874046940111947945e-01 9.878008824371988794e-01 9.881799321560569282e-01 9.885530396283721544e-01 9.889203533504441479e-01 9.892698029979147822e-01 9.895866065935734479e-01 9.898986208705859990e-01 9.902059617842979833e-01 9.905087415489034486e-01 9.907865077985740232e-01 9.910477709041785044e-01 9.913052564056908933e-01 9.915590521939559032e-01 9.918092434210925568e-01 9.920366232613282431e-01 9.922525475297352404e-01 9.924654813849498325e-01 9.926754917278834967e-01 9.928826434439009807e-01 9.930749790980051284e-01 9.932540062349225485e-01 9.934306555571963404e-01 9.936049782501663596e-01 9.937770240052146153e-01 9.939450586721110259e-01 9.940938062033332079e-01 9.942406565390837780e-01 9.943856489992923819e-01 9.945288217987902080e-01 9.946702120861103946e-01 9.948037231436042127e-01 9.949259101901420932e-01 9.950466103721478106e-01 9.951658531712412881e-01 9.952836672730388523e-01 9.954000805936642493e-01
7.945020824767775602e-01 8.034954877356819125e-01 8.122705154114244763e-01 8.208875544147404835e-01 8.292786696906291333e-01 8.374136126423167292e-01 8.452941425254910657e-01 8.528662435894996952e-01 8.601692825199024339e-01 8.671481397023955706e-01 8.738190712743981736e-01 8.802194145632965538e-01 8.862526207771488362e-01 8.920799733994551062e-01 8.974980248504220715e-01 9.027645073709006374e-01 9.076126514890592301e-01 9.123424794858226994e-01 9.166750718429231837e-01 9.208947056954477350e-01 9.247767251538442368e-01 9.285191711552850391e-01 9.320142267875346498e-01 9.353158899473518195e-01 9.384833615922040240e-01 9.413825628096582632e-01 9.442159638023650547e-01 9.468100942773470807e-01 9.492887104173870494e-01 9.516802827279906563e-01 9.538407175570815522e-01 9.559540814943675580e-01 9.579421448351184143e-01 9.597792372127366134e-01 9.615773349256210301e-01 9.632452156609939697e-01 9.648046786996820057e-01 9.663319266120280471e-01 9.677487631316293859e-01 9.690708875575807513e-01 9.703664510028942036e-01 9.715880561529631754e-01 9.727079305523287367e-01 9.738059364461342238e-01 9.748762381952258416e-01 9.758242208094397574e-01 9.767542142319313170e-01 9.776667395253618720e-01 9.785092076943849859e-01 9.792966000745796373e-01 9.800696223338046797e-01 9.808286799589813754e-01 9.815026629178557060e-01 9.821574008017409652e-01 9.828006444851370427e-01 9.834288151096635122e-01 9.839833709209161450e-01 9.845284640370258744e-01 9.850643482448467880e-01 9.855904120993028705e-01 9.860523868464710073e-01 9.865067721085438723e-01 9.869537652325743871e-01 9.873935568755335401e-01 9.877899730178495430e-01 9.881692430679462902e-01 9.885425675980535898e-01 9.889100951824036922e-01 9.892597488235257419e-01 9.895767383576098419e-01 9.898889358988578469e-01 9.901964574645473194e-01 9.904994153288960712e-01 9.907773530848472676e-01 9.910387827854585385e-01 9.912964325329447490e-01 9.915503902716333862e-01 9.918007412054951066e-01 9.920283309632637048e-01 9.922444849917619880e-01 9.924576457389407969e-01 9.926678801640101968e-01 9.928752532090453498e-01 9.930677394295696070e-01 9.932468545389501191e-01 9.934235908305993901e-01 9.935979995084954774e-01 9.937701302821945193e-01 9.939382405733703241e-01 9.940869816955733018e-01 9.942338257527578715e-01 9.943788120613158421e-01 9.945219788326619126e-01 9.946633632120287505e-01 9.947968972201615134e-01 9.949191523023065420e-01 9.950399196284021031e-01 9.951592286987814839e-01 9.952771082172443551e-01 9.953935861175849942e-01
7.944699012005381755e-01 8.034573549104764290e-01 8.122333194381207155e-01 8.208492453940898770e-01 8.292403334998422748e-01 8.373754723797331989e-01 8.452560892316305363e-01 8.528284311786799021e-01 8.601318130784433302e-01 8.671112816594501727e-01 8.737828868868939836e-01 8.801839517426008896e-01 8.862179989051889306e-01 8.920462107260146434e-01 8.974650384040746554e-01 9.027322777984195801e-01 9.075812505599640811e-01 9.123118907677116862e-01 9.166452356984956529e-01 9.208656058224586882e-01 9.247483125217438316e-01 9.284914261713321793e-01 9.319872311264012499e-01 9.352896960183060271e-01 9.384579245950674942e-01 9.413577666814559874e-01 9.441917961323250674e-01 9.467865739277551151e-01 9.492658334596981717e-01 9.516580292827063747e-01 9.538190431545006120e-01 9.559329754016895331e-01 9.579216058251317500e-01 9.597592677206958633e-01 9.615579248870436135e-01 9.632263157732204872e-01 9.647862481967589554e-01 9.663139569269957319e-01 9.677312412684982990e-01 9.690538015234920755e-01 9.703497929499513841e-01 9.715718155519480481e-01 9.726920951685120720e-01 9.737904989089278818e-01 9.748611899572198203e-01 9.758095333604321908e-01 9.767398814042533850e-01 9.776527553115812452e-01 9.784955557378411939e-01 9.792832665366938416e-01 9.800566013763051254e-01 9.808159659090323057e-01 9.814902355573232873e-01 9.821452533868700874e-01 9.827887719404081457e-01 9.834172118023786213e-01 9.839720209776074977e-01 9.845173633696365778e-01 9.850534928693946979e-01 9.855797980635502276e-01 9.860420059254484393e-01 9.864966207160689171e-01 9.869438398702087278e-01 9.873838541298010085e-01 9.877804714629341287e-01 9.881599341924730551e-01 9.885334484457304338e-01 9.889011628694389655e-01 9.892509964612282714e-01 9.895681541449424801e-01 9.898805173488259834e-01 9.901882021492385277e-01 9.904913208776084943e-01 9.907694270087161748e-01 9.910310286045516115e-01 9.912888477811139243e-01 9.915429725397307825e-01 9.917934881396087698e-01 9.920212021934451396e-01 9.922374624372835017e-01 9.924507279210006416e-01 9.926610656370367103e-01 9.928685405596903157e-01 9.930611353685989684e-01 9.932403648432520660e-01 9.934172139897510245e-01 9.935917340444352375e-01 9.937639747482804875e-01 9.939321938197922535e-01 9.940810448904473517e-01 9.942279975005956505e-01 9.943730909954341390e-01 9.945163636143754537e-01 9.946578525298721551e-01 9.947914942047914044e-01 9.949138627025202464e-01 9.950347421946975635e-01 9.951541622043026392e-01 9.952721514572228090e-01 9.953887379087976717e-01
7.944333558780305449e-01 8.034242970022037467e-01 8.121981021664450573e-01 8.208153960029357377e-01 8.292068108729313547e-01 8.373420720495007297e-01 8.452229566531387350e-01 8.527957560056148578e-01 8.600996419065316534e-01 8.670796665697492189e-01 8.737518610715389045e-01 8.801535399433296769e-01 8.861881856315125816e-01 8.920169805565808518e-01 8.974364523794836623e-01 9.027043274928171490e-01 9.075539525290133858e-01 9.122852319919557695e-01 9.166192338898090375e-01 9.208402489847022920e-01 9.247236245916650166e-01 9.284674006728773632e-01 9.319638326657921912e-01 9.352668976986541205e-01 9.384357218666686817e-01 9.413361697789717208e-01 9.441707936744782037e-01 9.467661339382865693e-01 9.492459381080327052e-01 9.516386706829687014e-01 9.538002260863009951e-01 9.559146891491070441e-01 9.579038021376845569e-01 9.597418852634242992e-01 9.615409549578866066e-01 9.632097844304061685e-01 9.647701744054469897e-01 9.662983319335757271e-01 9.677160360802465888e-01 9.690389915512023222e-01 9.703353713100669742e-01 9.715577642587295282e-01 9.726783899132765976e-01 9.737771341337817521e-01 9.748481593422834157e-01 9.757968171760952325e-01 9.767274739710738451e-01 9.776406511068316263e-01 9.784837439987714713e-01 9.792717380121990223e-01 9.800453510201904139e-01 9.808049888143384187e-01 9.814795044568870308e-01 9.821347618439827398e-01 9.827785159671683646e-01 9.834071867518889842e-01 9.839622104935151770e-01 9.845077634751531193e-01 9.850440997018536926e-01 9.855706077760846284e-01 9.860330089024056388e-01 9.864878137291528404e-01 9.869352197762716328e-01 9.873754178679160498e-01 9.877722007563176643e-01 9.881518221174787620e-01 9.885254928183306866e-01 9.888933615536975585e-01 9.892433560421735050e-01 9.895606916686725540e-01 9.898732301310267934e-01 9.901810875704676329e-01 9.904843763812063440e-01 9.907626072469545297e-01 9.910243058001662053e-01 9.912822205221397676e-01 9.915364394472508947e-01 9.917870478667186740e-01 9.920148848631455962e-01 9.922312798677651591e-01 9.924446782947651258e-01 9.926551471763322976e-01 9.928627515253423130e-01 9.930554548957422067e-01 9.932347743844892607e-01 9.934117123578185549e-01 9.935863200774777138e-01 9.937586473091148953e-01 9.939269518128800440e-01 9.940758873982796784e-01 9.942229234583398467e-01 9.943680993601016205e-01 9.945114533642143151e-01 9.946530226637797512e-01 9.947867448073712815e-01 9.949091944785553032e-01 9.950301541630267588e-01 9.951496534031120111e-01 9.952677209435248917e-01 9.953843847579294524e-01
7.944027206722875656e-01 8.033947486826367168e-01 8.121694511888419843e-01 8.207861730100881603e-01 8.291775986004729093e-01 8.373130645228632485e-01 8.451942380515690134e-01 8.527674238464769685e-01 8.600717269283201238e-01 8.670522304628108801e-01 8.737249014708934336e-01 8.801270527317862635e-01 8.861621640537793443e-01 8.919914138520185221e-01 8.974114090093863183e-01 9.026797999172412323e-01 9.075301099630875834e-01 9.122620615969877500e-01 9.165965931135778844e-01 9.208181226447494927e-01 9.247021292732875430e-01 9.284465507310772914e-01 9.319435232966147842e-01 9.352470525209388708e-01 9.384163650516770261e-01 9.413174062516495022e-01 9.441526128359293280e-01 9.467484284656235705e-01 9.492286669197831372e-01 9.516218253464926446e-01 9.537837989608534128e-01 9.558986725270617324e-01 9.578881981589313366e-01 9.597266996330474642e-01 9.615261801739823921e-01 9.631954038270063023e-01 9.647561734153347057e-01 9.662847037240085424e-01 9.677027620235277849e-01 9.690260550327504108e-01 9.703227659589752641e-01 9.715454818715507646e-01 9.726664213836500039e-01 9.737654738677659072e-01 9.748368011811799905e-01 9.757857446984274929e-01 9.767166824074532405e-01 9.776301358083366866e-01 9.784734719280595572e-01 9.792616838357913744e-01 9.800355110777115852e-01 9.807953595405577429e-01 9.814701026914073312e-01 9.821255859860209547e-01 9.827695624034490374e-01 9.833984508027752147e-01 9.839536699838771217e-01 9.844994152012632727e-01 9.850359405428037451e-01 9.855626343409249479e-01 9.860251955229322185e-01 9.864801577489172857e-01 9.869277186085110287e-01 9.873680689931690901e-01 9.877650029507014651e-01 9.881447731643532295e-01 9.885185901742216119e-01 9.888866027431899575e-01 9.892367365521043121e-01 9.895542046318540619e-01 9.898668735881935854e-01 9.901748596089039456e-01 9.904782751332716906e-01 9.907566297605501227e-01 9.910184496293369394e-01 9.912764839550468610e-01 9.915308208110564792e-01 9.917815455263947477e-01 9.920094718564503866e-01 9.922259440655240015e-01 9.924394186273869378e-01 9.926499625981617392e-01 9.928576410139372532e-01 9.930504268605561125e-01 9.932298361375586637e-01 9.934068627258633155e-01 9.935815579121303198e-01 9.937539714862014817e-01 9.939223612326806290e-01 9.940713809888963581e-01 9.942185001583383475e-01 9.943637581298381267e-01 9.945071931852296210e-01 9.946488425382127296e-01 9.947826371567416448e-01 9.949051479867176973e-01 9.950261680788202723e-01 9.951457269903831726e-01 9.952638534807193293e-01 9.953805755376973208e-01
7.943804880522378209e-01 8.033699077836239377e-01 8.121443891069349830e-01 8.207606342416521317e-01 8.291520112076468108e-01 8.372876001635765064e-01 8.451690163290517255e-01 8.527425075553537459e-01 8.600471428920443140e-01 8.670280470844433651e-01 8.737011707232089641e-01 8.801038150498277091e-01 8.861394239349904556e-01 8.919691639760030100e-01 8.973897625344222639e-01 9.026587524553042474e-01 9.075094582072656957e-01 9.122417961667865782e-01 9.165769094326458033e-01 9.207990169017691295e-01 9.246834417985675403e-01 9.284282421788349060e-01 9.319257224904009540e-01 9.352298465415587181e-01 9.383997014355118793e-01 9.413011338855403753e-01 9.441367234598447844e-01 9.467329662252566003e-01 9.492136406767210932e-01 9.516072256316510103e-01 9.537696113478413285e-01 9.558848891407270010e-01 9.578747974412278321e-01 9.597136554941305686e-01 9.615134859960375868e-01 9.631830456287125974e-01 9.647441392500385460e-01 9.662729879700009405e-01 9.676913401091415956e-01 9.690149058444620378e-01 9.703118846716113355e-01 9.715348575446619561e-01 9.726560391185590237e-01 9.737553289826594849e-01 9.748268900218086674e-01 9.757760767597614127e-01 9.767072529862319552e-01 9.776209403399139797e-01 9.784644962023416603e-01 9.792529168281748353e-01 9.800269493818685174e-01 9.807869998359088903e-01 9.814619418165263509e-01 9.821176206153060528e-01 9.827617892823187207e-01 9.833908656573133733e-01 9.839462518120769552e-01 9.844921610871120166e-01 9.850288476500769219e-01 9.855556994713163821e-01 9.860183877326569313e-01 9.864734751230287424e-01 9.869211592779498776e-01 9.873616311333446305e-01 9.877587006448719231e-01 9.881386090927807286e-01 9.885125622390884548e-01 9.888807088976196980e-01 9.892309660800753246e-01 9.895485361902318644e-01 9.898613056571350377e-01 9.901693907048986221e-01 9.904729038079832515e-01 9.907513633724491786e-01 9.910132920054395278e-01 9.912714335722871972e-01 9.915258761808352084e-01 9.917767051935330036e-01 9.920047303784813586e-01 9.922212983640782413e-01 9.924348674002078097e-01 9.926455045716752190e-01 9.928532749423996107e-01 9.930461428662069601e-01 9.932256254128729589e-01 9.934027243206792201e-01 9.935774908963286300e-01 9.937499749491314205e-01 9.939184331911850023e-01 9.940675100854812207e-01 9.942146856661030485e-01 9.943599993369155454e-01 9.945034893943640597e-01 9.946451930663531282e-01 9.947790404584283541e-01 9.949016020338364852e-01 9.950226722573504157e-01 9.951422806984209224e-01 9.952604561281536144e-01 9.953772265458944446e-01
7.943582186861730676e-01 8.033476644964016034e-01 8.121220412201122230e-01 8.207384554653897046e-01 8.291299453061440339e-01 8.372656788377914605e-01 8.451473337090995575e-01 8.527211594536489025e-01 8.600261129424837669e-01 8.670072312044442286e-01 8.736805632688900980e-01 8.800834106747799090e-01 8.861195765794916968e-01 8.919499584808071591e-01 8.973708897773109427e-01 9.026401871812911315e-01 9.074914545228079943e-01 9.122243444084900954e-01 9.165597651871603135e-01 9.207821651804444230e-01 9.246671118879352669e-01 9.284124738563895862e-01 9.319104015294643606e-01 9.352148902652567264e-01 9.383851114689453210e-01 9.412869335819603611e-01 9.441229060340512458e-01 9.467195265208556698e-01 9.492005721432756893e-01 9.515945177836575564e-01 9.537572378040513055e-01 9.558728436518294513e-01 9.578630606728956165e-01 9.597022034751828690e-01 9.615023131940930723e-01 9.631721449919062872e-01 9.647335042676380423e-01 9.662626136367160612e-01 9.676812497177581518e-01 9.690051172906982702e-01 9.703023919952370457e-01 9.715256248968652253e-01 9.726470135412921270e-01 9.737465072423042711e-01 9.748182697533869234e-01 9.757676672611191870e-01 9.766990507865139781e-01 9.776129420544582560e-01 9.784567023069793423e-01 9.792453264942614366e-01 9.800195589215910941e-01 9.807798056648138196e-01 9.814548841904675580e-01 9.821106911766939174e-01 9.827549855795364442e-01 9.833841863616371581e-01 9.839397117396875281e-01 9.844857580522987650e-01 9.850225795212553814e-01 9.855495644367036068e-01 9.860124009669394285e-01 9.864676342092432160e-01 9.869154618615538777e-01 9.873560749201163445e-01 9.877532632964600712e-01 9.881332827304204480e-01 9.885073451360841812e-01 9.888755993701422442e-01 9.892259575994440945e-01 9.895436162978532568e-01 9.898564730235037690e-01 9.901646440324980425e-01 9.904682418302598323e-01 9.907467864908849897e-01 9.910087999821671767e-01 9.912670251920946418e-01 9.915215502565531969e-01 9.917724605651684344e-01 9.920005697426951263e-01 9.922172222134825192e-01 9.924308745879140137e-01 9.926415939760192542e-01 9.928494454661951352e-01 9.930423872960084664e-01 9.932219372869751650e-01 9.933991027501885007e-01 9.935739350113624857e-01 9.937464838982674742e-01 9.939150049134899412e-01 9.940641319852622226e-01 9.942113571085665624e-01 9.943567197003357894e-01 9.945002580697170913e-01 9.946420094569657921e-01 9.947759073559268028e-01 9.948985241581648209e-01 9.950196489433538183e-01 9.951393112940216668e-01 9.952575399940000178e-01 9.953743630550220267e-01
7.943393709725167229e-01 8.033282758094961729e-01 8.121026648980332885e-01 8.207192146438549996e-01 8.291107985003390857e-01 8.372466097382800232e-01 8.451283376347719090e-01 8.527022828701659174e-01 8.600074309224290392e-01 8.669889815996575377e-01 8.736627687521515417e-01 8.800660883335331697e-01 8.861025025424943413e-01 8.919330685238402445e-01 8.973544227980979615e-01 9.026241500082929914e-01 9.074758137110420231e-01 9.122090926157445656e-01 9.165449909248829519e-01 9.207678635179327165e-01 9.246530891040261046e-01 9.283986856250091568e-01 9.318969004015019708e-01 9.352017117354609610e-01 9.383722580560270865e-01 9.412744278288819322e-01 9.441107408893667507e-01 9.467077063011661853e-01 9.491890941097708145e-01 9.515833734964740387e-01 9.537464090651340820e-01 9.558623246613721092e-01 9.578528291634645919e-01 9.596922312826119406e-01 9.614925952224318007e-01 9.631626989149291163e-01 9.647243430607186365e-01 9.662537320679671637e-01 9.676725794531986224e-01 9.689966017180720037e-01 9.702940283006066258e-01 9.715174595045598105e-01 9.726391218611730727e-01 9.737388839586837985e-01 9.748109035404055600e-01 9.757604564847843776e-01 9.766919927989782257e-01 9.776060342763862598e-01 9.784499434043149035e-01 9.792387147732786179e-01 9.800130918357071730e-01 9.807734807357123552e-01 9.814487158348889073e-01 9.821046784606306534e-01 9.827491258920845185e-01 9.833784764849009541e-01 9.839341382579070983e-01 9.844803186482569135e-01 9.850172719396418364e-01 9.855443863109093483e-01 9.860073391500108198e-01 9.864626868943047189e-01 9.869106272863644724e-01 9.873513513656385632e-01 9.877486284350698309e-01 9.881287289972647825e-01 9.885028712632758507e-01 9.888712041213950643e-01 9.892216398841695568e-01 9.895393752132204401e-01 9.898523074423126733e-01 9.901605528541956858e-01 9.904642239801024761e-01 9.907428512218555694e-01 9.910049523624716583e-01 9.912632639884420005e-01 9.915178742636796549e-01 9.917688686049851432e-01 9.919970311599882740e-01 9.922137236043055974e-01 9.924274153993484227e-01 9.926381736675027323e-01 9.928460635091507225e-01 9.930390588687210141e-01 9.932186756969102470e-01 9.933959071224960358e-01 9.935708044897944013e-01 9.937434176446411360e-01 9.939120008536189710e-01 9.940611772825063142e-01 9.942084511387085932e-01 9.943538618520049166e-01 9.944974477440298166e-01 9.946392460671803493e-01 9.947731912271335908e-01 9.948958561376660681e-01 9.950170284509964880e-01 9.951367377610699227e-01 9.952550128628290249e-01 9.953718817788228534e-01
7.943238858429643168e-01 8.033114927546602946e-01 8.120859479714136464e-01 8.207025512520774724e-01 8.290941621922834903e-01 8.372300044655937024e-01 8.451117904884738463e-01 8.526859758955458446e-01 8.599913962662263378e-01 8.669732117058782661e-01 8.736472278699900507e-01 8.800507463731779279e-01 8.860875375377277319e-01 8.919185213491070963e-01 8.973402495667069934e-01 9.026103395835640697e-01 9.074621674708136521e-01 9.121956047980254167e-01 9.165318671552308283e-01 9.207551040369729156e-01 9.246407141458072854e-01 9.283866934679364524e-01 9.318852460607902621e-01 9.351903617386023715e-01 9.383612145720398034e-01 9.412637135690663515e-01 9.441003497536566424e-01 9.466976028251216091e-01 9.491792635000749767e-01 9.515737973098633562e-01 9.537370063757689698e-01 9.558530918285973454e-01 9.578438332960718116e-01 9.596835645668744252e-01 9.614842521520422514e-01 9.631545859372850904e-01 9.647163857152536437e-01 9.662459274997128311e-01 9.676649574442253154e-01 9.689891861184560806e-01 9.702868153891638370e-01 9.715104208170037836e-01 9.726322138522189853e-01 9.737321037854040906e-01 9.748042504522370644e-01 9.757539592660116057e-01 9.766856483325127014e-01 9.775998395397460516e-01 9.784438988740529197e-01 9.792328203538709364e-01 9.800073449910180479e-01 9.807678789959340948e-01 9.814432608802241553e-01 9.820993682596166341e-01 9.827439580514152340e-01 9.833734479163029896e-01 9.839292344954029268e-01 9.844755376987186501e-01 9.850126118601666425e-01 9.855398443086716975e-01 9.860028552118299539e-01 9.864582600124721656e-01 9.869062564805913818e-01 9.873470356820841509e-01 9.877444197697425876e-01 9.881246415276859762e-01 9.884989031763942169e-01 9.888673536476046966e-01 9.892178895956958984e-01 9.895356885041455275e-01 9.898486833629690507e-01 9.901569904776723607e-01 9.904607224015169464e-01 9.907394132523070773e-01 9.910015793334735479e-01 9.912599549850427127e-01 9.915146283917450898e-01 9.917656849905635008e-01 9.919939097396428540e-01 9.922106638650054489e-01 9.924244165017204189e-01 9.926352347906750584e-01 9.928431838502019824e-01 9.930362246534337745e-01 9.932158747210250160e-01 9.933931389427271830e-01 9.935680686724310817e-01 9.937407137652667366e-01 9.939093310805733328e-01 9.940585660112587485e-01 9.942058976363599143e-01 9.943513654006176372e-01 9.944950076402154782e-01 9.946368616216973990e-01 9.947708531435698331e-01 9.948935502357908467e-01 9.950147543414608053e-01 9.951344950622084129e-01 9.952528012004530078e-01 9.953697007860202728e-01
7.943085996547770700e-01 8.032975754163641513e-01 8.120713758906197288e-01 8.206878070873879771e-01 8.290794531378371524e-01 8.372154738633290627e-01 8.450976124342867157e-01 8.526718712303881231e-01 8.599773606098104484e-01 8.669594457002721688e-01 8.736337281758282947e-01 8.800375089168818166e-01 8.860745083046216442e-01 8.919056818695768607e-01 8.973277666048501411e-01 9.025982164421483267e-01 9.074504040712867425e-01 9.121841947261898342e-01 9.165207415627744103e-01 9.207442549281352751e-01 9.246301189913757046e-01 9.283763439849687105e-01 9.318751380569837428e-01 9.351804908959684415e-01 9.383515897412230133e-01 9.412543756947939766e-01 9.440912936838061764e-01 9.466887319309661430e-01 9.491705433981574291e-01 9.515652572088565408e-01 9.537288261182518267e-01 9.558452650541348072e-01 9.578362550218465499e-01 9.596760952621300467e-01 9.614768892205917128e-01 9.631473741214712225e-01 9.647093596359741507e-01 9.662390835376682974e-01 9.676583011011805624e-01 9.689827217402131598e-01 9.702805398557827754e-01 9.715043250518159423e-01 9.726262850415683392e-01 9.737263389912078626e-01 9.747986472416990678e-01 9.757485215395723666e-01 9.766803731896104290e-01 9.775947241573329505e-01 9.784389101068857730e-01 9.792279332755107202e-01 9.800025577505150354e-01 9.807631897944415478e-01 9.814386499247373941e-01 9.820948323796599988e-01 9.827394959872379765e-01 9.833690594141070163e-01 9.839249340477973504e-01 9.844713238864708504e-01 9.850084833001365725e-01 9.855358002511857007e-01 9.859989330381933037e-01 9.864544578146720033e-01 9.869025723980955345e-01 9.873434679003056935e-01 9.877409001937093036e-01 9.881211495572677084e-01 9.884954383654454002e-01 9.888639155614162846e-01 9.892144966410096885e-01 9.895323821333436021e-01 9.898454623136311303e-01 9.901538535169862598e-01 9.904576683253537572e-01 9.907364190186478403e-01 9.909986308371374619e-01 9.912570515663020609e-01 9.915117694061914566e-01 9.917628698086300432e-01 9.919911502408518267e-01 9.922079646576211776e-01 9.924217767769494269e-01 9.926326537573274544e-01 9.928406607341767609e-01 9.930337533736679489e-01 9.932134498429614489e-01 9.933907598594434729e-01 9.935657347899014002e-01 9.937384245019911244e-01 9.939070846158333250e-01 9.940563497749389521e-01 9.942037112443389280e-01 9.943492084767112660e-01 9.944928798159531347e-01 9.946347625361083855e-01 9.947687821566560951e-01 9.948915065527244028e-01 9.950127376321924455e-01 9.951325050031974984e-01 9.952508374744926112e-01 9.953677630820676470e-01
7.942970543150473794e-01 8.032846357537973825e-01 8.120589317145453512e-01 8.206753235495881649e-01 8.290668623853301167e-01 8.372028618104417896e-01 8.450851816466906641e-01 8.526595306939015462e-01 8.599651337133644713e-01 8.669474888644793653e-01 8.736220644547733061e-01 8.800261560060592680e-01 8.860633170303497952e-01 8.918946097336897250e-01 8.973168478639113044e-01 9.025874494785780522e-01 9.074399032653662767e-01 9.121739548553035037e-01 9.165108483172634823e-01 9.207347052846357460e-01 9.246208690212263104e-01 9.283673804286216580e-01 9.318664002956164039e-01 9.351719354289076414e-01 9.383432287576113362e-01 9.412462593664446819e-01 9.440834172555373494e-01 9.466810747521064995e-01 9.491630960755211843e-01 9.515579998065603062e-01 9.537216656084407385e-01 9.558381991117106402e-01 9.578293376005032611e-01 9.596693999918202156e-01 9.614704119147342576e-01 9.631410933788371320e-01 9.647032577549279342e-01 9.662331569389015495e-01 9.676525403837900052e-01 9.689771186927061963e-01 9.702750913941103894e-01 9.714990324608310246e-01 9.726211524159480426e-01 9.737213635554754498e-01 9.747938199168780793e-01 9.757437395134361813e-01 9.766756356962021934e-01 9.775900304503428728e-01 9.784343320332052896e-01 9.792235230723704831e-01 9.799983127094115121e-01 9.807591072741559390e-01 9.814346444528478930e-01 9.820908942067291258e-01 9.827356239902730328e-01 9.833652524555672736e-01 9.839211903107040191e-01 9.844676422648497294e-01 9.850048627183192185e-01 9.855322399153799706e-01 9.859954482990500590e-01 9.864510474847215660e-01 9.868992353195137346e-01 9.873402029439530825e-01 9.877377207488641231e-01 9.881180586589054515e-01 9.884924346792631766e-01 9.888609977853017874e-01 9.892116535314282588e-01 9.895295902777312413e-01 9.898427209559607087e-01 9.901511619191483149e-01 9.904550257665900581e-01 9.907338225521132857e-01 9.909960784481839369e-01 9.912545426329378850e-01 9.915093033205956141e-01 9.917604459767199732e-01 9.919887730379223223e-01 9.922056355704601538e-01 9.924194951492583128e-01 9.926304189473024175e-01 9.928384721140770530e-01 9.930316065623379096e-01 9.932113409262575132e-01 9.933886883431956027e-01 9.935637001904145116e-01 9.937364263457425517e-01 9.939051218127351595e-01 9.940544158579391887e-01 9.942018058507401390e-01 9.943473312512353113e-01 9.944910304105345489e-01 9.946329406096959813e-01 9.947669899729916221e-01 9.948897478563232255e-01 9.950110120213180309e-01 9.951308120839847948e-01 9.952491768607382161e-01 9.953661343950264140e-01
7.942860302963625774e-01 8.032738745115115542e-01 8.120478345490425021e-01 8.206641116748263354e-01 8.290559146590184003e-01 8.371920613427138447e-01 8.450741163087326369e-01 8.526488175863327079e-01 8.599547927028636796e-01 8.669371511034333899e-01 8.736118135003078100e-01 8.800160589012775425e-01 8.860534985749828341e-01 8.918850985452667635e-01 8.973076229130464432e-01 9.025785044053041828e-01 9.074311671959929271e-01 9.121654233353125862e-01 9.165023721562116643e-01 9.207262770538476859e-01 9.246126583103446706e-01 9.283594178287585263e-01 9.318586798991662645e-01 9.351644520182208487e-01 9.383359649473047570e-01 9.412391668362654062e-01 9.440764927650073801e-01 9.466743810815593241e-01 9.491566507179675094e-01 9.515517906600151621e-01 9.537156459263639308e-01 9.558323653793590058e-01 9.578236660949882575e-01 9.596638599525642022e-01 9.614650007737777226e-01 9.631358018297662138e-01 9.646980780345691953e-01 9.662280868741619511e-01 9.676475996528547396e-01 9.689723228683094769e-01 9.702704375751147747e-01 9.714944828644695995e-01 9.726166486791764099e-01 9.737169048258466075e-01 9.747894132680290369e-01 9.757395083686891679e-01 9.766715771493593712e-01 9.775861416678818250e-01 9.784305422209770287e-01 9.792197797492927513e-01 9.799946149509315418e-01 9.807554541837683049e-01 9.814310995613760857e-01 9.820874622708182233e-01 9.827323031376484774e-01 9.833620391654727122e-01 9.839180554479547425e-01 9.844645845582874477e-01 9.850018809292899746e-01 9.855293325197617138e-01 9.859925936286549897e-01 9.864482447169056201e-01 9.868964836520384143e-01 9.873375015943294253e-01 9.877350638339232880e-01 9.881154439606005813e-01 9.884898615486484852e-01 9.888584655893730702e-01 9.892091671652598617e-01 9.895271613920281206e-01 9.898403487066178563e-01 9.901488454819855622e-01 9.904527643367269096e-01 9.907316053912740283e-01 9.909938988952674555e-01 9.912524001528706385e-01 9.915071973905827951e-01 9.917583760858688091e-01 9.919867348605508894e-01 9.922036270242361455e-01 9.924175158258956575e-01 9.926284684476107678e-01 9.928365500476876715e-01 9.930297149460471928e-01 9.932094814992593612e-01 9.933868606841370630e-01 9.935619038869026864e-01 9.937346609940851394e-01 9.939033873720974910e-01 9.940527153431866214e-01 9.942001388366221715e-01 9.943456973211868277e-01 9.944894291564359001e-01 9.946313716316397269e-01 9.947654484354296889e-01 9.948882264067875347e-01 9.950095104164704551e-01 9.951293300852946944e-01 9.952477142343519878e-01 9.953646909116431463e-01
7.942769396422736383e-01 8.032642398566732789e-01 8.120381983752233968e-01 8.206545443065377254e-01 8.290463713852361805e-01 8.371825696860736299e-01 8.450647544376391762e-01 8.526394275410127399e-01 8.599453964812786566e-01 8.669279458687012552e-01 8.736028145327655592e-01 8.800072778216405656e-01 8.860448904005469029e-01 8.918766487293831036e-01 8.972993457803170037e-01 9.025703975688209590e-01 9.074232947972433738e-01 9.121577812399968010e-01 9.164949288989547860e-01 9.207190278343893031e-01 9.246055927263270302e-01 9.283525310674263231e-01 9.318520272718728847e-01 9.351580706871439608e-01 9.383298130335439025e-01 9.412331145882768535e-01 9.440705378431778483e-01 9.466685695356905628e-01 9.491509957146485599e-01 9.515462849490470276e-01 9.537102624128424022e-01 9.558271016304340506e-01 9.578185131761994819e-01 9.596588068160576412e-01 9.614600455740106577e-01 9.631310124551295537e-01 9.646935071853597332e-01 9.662237307378517270e-01 9.676433736065398472e-01 9.689681571659690684e-01 9.702663312092461023e-01 9.714904476700879643e-01 9.726127039057734791e-01 9.737130486231210247e-01 9.747856423795651093e-01 9.757357980256602392e-01 9.766679260033657162e-01 9.775825484149891498e-01 9.784270257789474678e-01 9.792163537757544445e-01 9.799912778937475144e-01 9.807522045320519188e-01 9.814279537284953392e-01 9.820844203474329293e-01 9.827293634040458192e-01 9.833591967846990745e-01 9.839152578084501277e-01 9.844618309110888532e-01 9.849991705451780488e-01 9.855266649151018798e-01 9.859899827569917896e-01 9.864456896703832633e-01 9.868939835458618859e-01 9.873350555660009853e-01 9.877326731595811316e-01 9.881131084255301289e-01 9.884875803165722452e-01 9.888562378443095380e-01 9.892069923548287846e-01 9.895250392869970879e-01 9.898382785453736510e-01 9.901468265206317954e-01 9.904507958485341268e-01 9.907296775483667162e-01 9.909920055985693699e-01 9.912505409141875168e-01 9.915053717328572436e-01 9.917565835428405752e-01 9.919849705613942303e-01 9.922018886855267228e-01 9.924158030933690755e-01 9.926267809748295923e-01 9.928348874958086157e-01 9.930280785778586861e-01 9.932078723938496667e-01 9.933852784859273921e-01 9.935603482478513326e-01 9.937331315734722059e-01 9.939018837618671665e-01 9.940512365007331264e-01 9.941986844493657660e-01 9.943442670829698571e-01 9.944880227673423834e-01 9.946299887978239385e-01 9.947640889227399308e-01 9.948868900176449648e-01 9.950081968730241089e-01 9.951280391151442473e-01 9.952464455704030932e-01 9.953634442919667702e-01
7.942687914249788594e-01 8.032559281433645504e-01 8.120297773784841411e-01 8.206462697127857586e-01 8.290380682433452497e-01 8.371742652301746856e-01 8.450565918520480668e-01 8.526313804206270275e-01 8.599374529075839435e-01 8.669200926468417778e-01 8.735950932698101079e-01 8.799997215908693660e-01 8.860375300493178452e-01 8.918694893712039162e-01 8.972922956833678798e-01 9.025634486225583286e-01 9.074164920407525869e-01 9.121511213802678819e-01 9.164884951494007836e-01 9.207128192005032963e-01 9.245995016204128225e-01 9.283465337391437755e-01 9.318461435202264331e-01 9.351523137722291823e-01 9.383241919305959078e-01 9.412276654427671474e-01 9.440652575643875277e-01 9.466634388771648645e-01 9.491460065677411739e-01 9.515414304641067744e-01 9.537055164589378631e-01 9.558224619736278571e-01 9.578140220955470019e-01 9.596545220862546799e-01 9.614559634038117863e-01 9.631270471104608211e-01 9.646895910204247304e-01 9.662198627944356133e-01 9.676395875958150317e-01 9.689644803706036758e-01 9.702627615138728068e-01 9.714869916788084758e-01 9.726093735698574383e-01 9.737098417956692176e-01 9.747825537742158541e-01 9.757327753902559353e-01 9.766649682079016070e-01 9.775796543588871623e-01 9.784241792997113718e-01 9.792135427629881095e-01 9.799885016803626669e-01 9.807494624702940422e-01 9.814252683057408388e-01 9.820817929435715632e-01 9.827267930279408592e-01 9.833566830379610879e-01 9.839128089018198686e-01 9.844594458161682882e-01 9.849968482593058905e-01 9.855244040480083401e-01 9.859877556578532376e-01 9.864434957870761300e-01 9.868918223405597212e-01 9.873329265146920664e-01 9.877305850178227375e-01 9.881110633543536137e-01 9.884855776814108763e-01 9.888542770255834835e-01 9.892050671446570576e-01 9.895231366234727988e-01 9.898363980859283817e-01 9.901449679310267982e-01 9.904489588025896518e-01 9.907278773326062549e-01 9.909902511438599682e-01 9.912488315808832828e-01 9.915037068957637256e-01 9.917549625907766675e-01 9.919833929974797293e-01 9.922003539659889348e-01 9.924143106432788963e-01 9.926253302317757932e-01 9.928334779095305818e-01 9.930266972796283342e-01 9.932065080001636348e-01 9.933839307734347868e-01 9.935590169979886532e-01 9.937318165723231234e-01 9.939005850520519214e-01 9.940499562967537450e-01 9.941974225183001224e-01 9.943430231966697841e-01 9.944867967023014454e-01 9.946287803350487566e-01 9.947629006527958229e-01 9.948857261280663611e-01 9.950070570719896645e-01 9.951269231165402740e-01 9.952453530936712367e-01 9.953623750619554622e-01
7.942617650986241173e-01 8.032488100497214845e-01 8.120225194403356550e-01 8.206389657288009065e-01 8.290307937459501231e-01 8.371670584541472948e-01 8.450494898961807833e-01 8.526243819809098401e-01 8.599305501546576913e-01 8.669132667488760324e-01 8.735883560997383945e-01 8.799930824442657729e-01 8.860310477213135805e-01 8.918631767541573829e-01 8.972861304311924302e-01 9.025574263035497369e-01 9.074105635732875319e-01 9.121452841917230270e-01 9.164828207244903879e-01 9.207073069029638734e-01 9.245941474520270598e-01 9.283413344318388605e-01 9.318410819619840080e-01 9.351473771262616141e-01 9.383193855800410210e-01 9.412230141091730840e-01 9.440607582756208593e-01 9.466590046197732589e-01 9.491416080320648208e-01 9.515370975762854622e-01 9.537014209967366041e-01 9.558185999022993373e-01 9.578103206506349832e-01 9.596508845498252782e-01 9.614523884956641675e-01 9.631235424315274241e-01 9.646861621582024648e-01 9.662165081669783495e-01 9.676362949610736175e-01 9.689612397696509838e-01 9.702595721834771370e-01 9.714838591351255825e-01 9.726063070109925990e-01 9.737068401315107646e-01 9.747796180233450070e-01 9.757299371522308862e-01 9.766622257358030801e-01 9.775770059535886514e-01 9.784216291284488776e-01 9.792110935276172601e-01 9.799861517317850490e-01 9.807472102009765491e-01 9.814230389987338432e-01 9.820795787126289644e-01 9.827245935825390522e-01 9.833545005342997358e-01 9.839106823758290155e-01 9.844573743511364494e-01 9.849948309621969766e-01 9.855224401868044604e-01 9.859858533233764044e-01 9.864416540253450050e-01 9.868900402211147060e-01 9.873312031298430158e-01 9.877288921202619365e-01 9.881093922697539167e-01 9.884839280512707216e-01 9.888526485007147482e-01 9.892034638269181501e-01 9.895215680651567869e-01 9.898348637727014676e-01 9.901434673607781844e-01 9.904474914850451839e-01 9.907264334392527072e-01 9.909888246728529859e-01 9.912474222802813983e-01 9.915023145194876708e-01 9.917535868984266312e-01 9.919820370899348205e-01 9.921990190017454525e-01 9.924129963358100381e-01 9.926240363008986822e-01 9.928322040812168625e-01 9.930254441994734727e-01 9.932052762115407551e-01 9.933827199995384216e-01 9.935578269678642105e-01 9.937306470207003528e-01 9.938994359243045196e-01 9.940488293073013182e-01 9.941963173909882379e-01 9.943419396609608496e-01 9.944857344931204990e-01 9.946277391926321432e-01 9.947618774912007078e-01 9.948847162576247571e-01 9.950060603327963715e-01 9.951259393518313567e-01 9.952443821497385379e-01 9.953614167880673325e-01
7.942556682366591625e-01 8.032425629633621611e-01 8.120163505240491908e-01 8.206327367113147586e-01 8.290244936305859458e-01 8.371607333576394083e-01 8.450432354116104161e-01 8.526182941064714971e-01 8.599246138199474476e-01 8.669073673226390664e-01 8.735825168347400860e-01 8.799873216347247062e-01 8.860253574103176266e-01 8.918575531783998755e-01 8.972808079511599422e-01 9.025524142822346496e-01 9.074056906936217581e-01 9.121405479885583700e-01 9.164781841578835131e-01 9.207027667191204356e-01 9.245896259548305185e-01 9.283368150807917996e-01 9.318366644212452421e-01 9.351431305729528409e-01 9.383152716788020209e-01 9.412189097558595341e-01 9.440566627516316922e-01 9.466551013229548284e-01 9.491379544048930139e-01 9.515336575146179365e-01 9.536980120312243958e-01 9.558152212663848513e-01 9.578069736584290395e-01 9.596475711713288170e-01 9.614491078491612663e-01 9.631203153951120033e-01 9.646830049987806799e-01 9.662134195705494033e-01 9.676333232067312329e-01 9.689584239469284377e-01 9.702569093260045019e-01 9.714813130837368638e-01 9.726038218715298278e-01 9.737044146823213842e-01 9.747772491284526497e-01 9.757275930456014157e-01 9.766599059316973808e-01 9.775747099807537976e-01 9.784193682672158721e-01 9.792088758751653632e-01 9.799839765040903039e-01 9.807450766360212846e-01 9.814209727068026190e-01 9.820775812858224540e-01 9.827226639100268279e-01 9.833526343270365677e-01 9.839088268613899180e-01 9.844555293153234299e-01 9.849929961973084014e-01 9.855206162266361147e-01 9.859840875329249910e-01 9.864399454967190950e-01 9.868883880689504062e-01 9.873296064905792147e-01 9.877273346759668504e-01 9.881078688018879452e-01 9.884824380544313671e-01 9.888511914815458770e-01 9.892020355935484677e-01 9.895201598923636377e-01 9.898334753615307680e-01 9.901420984194255759e-01 9.904461417286277714e-01 9.907251081337239418e-01 9.909875268290150307e-01 9.912461515122317213e-01 9.915010704500842875e-01 9.917523691590204304e-01 9.919808380643899692e-01 9.921978353179767840e-01 9.924118277837808977e-01 9.926228826752254708e-01 9.928310651810309251e-01 9.930243275632222311e-01 9.932041884545671495e-01 9.933816607466260384e-01 9.935567958517246279e-01 9.937296436817454337e-01 9.938984592183518485e-01 9.940478712855266297e-01 9.941953778172015754e-01 9.943410183038313699e-01 9.944848311260403584e-01 9.946268535935861577e-01 9.947610069080612405e-01 9.948838565035140746e-01 9.950052112760706668e-01 9.951251008634547368e-01 9.952435541032128574e-01 9.953605990593641373e-01
7.942505717036720814e-01 8.032370769161431001e-01 8.120106905228180461e-01 8.206270773179569211e-01 8.290188920181466026e-01 8.371552208905495007e-01 8.450378447138600091e-01 8.526129716601267283e-01 8.599193251348705713e-01 8.669020394299260523e-01 8.735773214658276720e-01 8.799823972781647408e-01 8.860206470499657483e-01 8.918530397927643127e-01 8.972762620203743600e-01 9.025478216855056246e-01 9.074011750517362307e-01 9.121361072219342780e-01 9.164737242130696071e-01 9.206982835989931946e-01 9.245854541145004379e-01 9.283330185744724794e-01 9.318330008440058876e-01 9.351394297396223854e-01 9.383115682077342035e-01 9.412153215724430311e-01 9.440531877499720448e-01 9.466516822014390264e-01 9.491345717809680504e-01 9.515303286140543992e-01 9.536948367171661500e-01 9.558121969100307203e-01 9.578040632254887221e-01 9.596447255847543323e-01 9.614463258186060068e-01 9.631176399680735356e-01 9.646804697462555422e-01 9.662110221806639032e-01 9.676309868977465145e-01 9.689560853991736611e-01 9.702545684557438710e-01 9.714789956215604816e-01 9.726015689682139254e-01 9.737022251704272602e-01 9.747751220785174642e-01 9.757255305921076483e-01 9.766579069393568346e-01 9.775727733447078238e-01 9.784174630436633935e-01 9.792069792296128616e-01 9.799820882508943898e-01 9.807431965955254460e-01 9.814191403036280903e-01 9.820757997697020514e-01 9.827209324447497840e-01 9.833509532238431383e-01 9.839072134761192023e-01 9.844539825674429867e-01 9.849915150334911385e-01 9.855191987117349894e-01 9.859826739252282035e-01 9.864385357142767541e-01 9.868869820323461495e-01 9.873282041228284012e-01 9.877259685906900621e-01 9.881065482254265397e-01 9.884811623026753535e-01 9.888499598868536467e-01 9.892008424985153647e-01 9.895189935332394660e-01 9.898323353479661080e-01 9.901409843702376756e-01 9.904450532715129984e-01 9.907240374199152155e-01 9.909864690696414957e-01 9.912451065205024614e-01 9.915000380435433636e-01 9.917513491594137642e-01 9.919798373125342517e-01 9.921968565623248137e-01 9.924108707268600726e-01 9.926219470260855271e-01 9.928301506550495370e-01 9.930234289840846884e-01 9.932033012391232596e-01 9.933807847466181729e-01 9.935559309220387547e-01 9.937287896803206344e-01 9.938976161966915912e-01 9.940470409362579529e-01 9.941945599808381662e-01 9.943402128241554117e-01 9.944840378500117151e-01 9.946260723712548879e-01 9.947602358165636982e-01 9.948830926141930542e-01 9.950044545014056219e-01 9.951243511176588452e-01 9.952428113021866141e-01 9.953598631206485026e-01
7.942460598431224650e-01 8.032323884151251203e-01 8.120059953780963680e-01 8.206224044302361520e-01 8.290142965082307747e-01 8.371506582145780140e-01 8.450332034070101583e-01 8.526082405062792580e-01 8.599145782622965584e-01 8.668975402525369578e-01 8.735729477567276691e-01 8.799780498533502637e-01 8.860163051860560079e-01 8.918486968330303633e-01 8.972719408447920042e-01 9.025435232803340480e-01 9.073970972037442850e-01 9.121322470204255017e-01 9.164700161045212790e-01 9.206947231535180798e-01 9.245819547166697072e-01 9.283295616134910055e-01 9.318296844033361337e-01 9.351363217339707656e-01 9.383086353701014515e-01 9.412124590898354182e-01 9.440503946044014327e-01 9.466489047571363669e-01 9.491317920724954282e-01 9.515275585087873411e-01 9.536921441338135352e-01 9.558095803739806717e-01 9.578015606361007794e-01 9.596423886336314935e-01 9.614441517289373795e-01 9.631155419041912413e-01 9.646783790606670017e-01 9.662089384986524143e-01 9.676289196564402673e-01 9.689540423589351192e-01 9.702525491050904005e-01 9.714769828106842864e-01 9.725995355664978081e-01 9.737001713555680782e-01 9.747730542366044304e-01 9.757235465310595268e-01 9.766560052529155156e-01 9.775709526623698187e-01 9.784157468250236356e-01 9.792053842378528605e-01 9.799806124980581234e-01 9.807418381439755306e-01 9.814177983831481322e-01 9.820744639688944178e-01 9.827196026143826257e-01 9.833496267658342616e-01 9.839058506923684666e-01 9.844525839898612407e-01 9.849900811818043112e-01 9.855177314657294074e-01 9.859812625172813538e-01 9.864371792774228043e-01 9.868856797210238119e-01 9.873269551121955923e-01 9.877247507988988762e-01 9.881053548095070083e-01 9.884799928902543442e-01 9.888488141146540844e-01 9.891997366161383587e-01 9.895179641106425228e-01 9.898313812897957531e-01 9.901401046064156608e-01 9.904442467564598118e-01 9.907232579213550716e-01 9.909856888182061452e-01 9.912443255188271296e-01 9.914992562943631960e-01 9.917505666655561658e-01 9.919790526606789838e-01 9.921960691670659305e-01 9.924100806186800794e-01 9.926211542349246963e-01 9.928293552103192310e-01 9.930226402600682567e-01 9.932025274906460810e-01 9.933800257773900411e-01 9.935551865399486760e-01 9.937280596973151470e-01 9.938968999912761726e-01 9.940463341302518963e-01 9.941938624555822779e-01 9.943395244634289920e-01 9.944833585399638354e-01 9.946254020003397756e-01 9.947595752491112941e-01 9.948824432696216080e-01 9.950038162451352308e-01 9.951237238177452760e-01 9.952421948292509146e-01 9.953592573478100558e-01
7.942420687864246709e-01 8.032282733419641163e-01 8.120019565260770955e-01 8.206183908862638710e-01 8.290101953299380266e-01 8.371464952752446509e-01 8.450290865219934888e-01 8.526041853839906315e-01 8.599106019145057456e-01 8.668936924642096642e-01 8.735691693694627169e-01 8.799742927388831681e-01 8.860126249100689355e-01 8.918451065936804367e-01 8.972684627197052842e-01 9.025401563982519137e-01 9.073937654662871388e-01 9.121289492418849232e-01 9.164669186658680466e-01 9.206918288055671029e-01 9.245790959948564369e-01 9.283267039122324871e-01 9.318268223970903597e-01 9.351334515417587534e-01 9.383057744001278566e-01 9.412096671118149738e-01 9.440476699080712075e-01 9.466462737578655862e-01 9.491292622838664039e-01 9.515251199343855992e-01 9.536897493589662211e-01 9.558072284577283639e-01 9.577992025344693738e-01 9.596399585043647873e-01 9.614416504476513969e-01 9.631131003664745727e-01 9.646760999981401907e-01 9.662068191656990601e-01 9.676268660724856030e-01 9.689519771002460535e-01 9.702504722353388900e-01 9.714749875131323265e-01 9.725977707195688771e-01 9.736986331636890979e-01 9.747717240579597542e-01 9.757221858746926157e-01 9.766546145372994037e-01 9.775695322981912128e-01 9.784142262642369081e-01 9.792037121119302467e-01 9.799787911649524563e-01 9.807398699056089075e-01 9.814160455131725191e-01 9.820729598070512267e-01 9.827183432515236294e-01 9.833485898413727444e-01 9.839047333868519152e-01 9.844513875142607562e-01 9.849888067184127127e-01 9.855163813284388841e-01 9.859799128348236685e-01 9.864358300244254751e-01 9.868843308731780617e-01 9.873256066462074987e-01 9.877234448399133671e-01 9.881041033312953914e-01 9.884787950868429984e-01 9.888476691991806566e-01 9.891986234391242361e-01 9.895168366060764775e-01 9.898302396514838675e-01 9.901389490239397295e-01 9.904430774152999106e-01 9.907221130325619685e-01 9.909845910759277343e-01 9.912432742709629263e-01 9.914982509034057090e-01 9.917496065081528034e-01 9.919781265937696046e-01 9.921951722089760173e-01 9.924092123796814935e-01 9.926203143337574142e-01 9.928285432739438754e-01 9.930218530232015617e-01 9.932017620427997517e-01 9.933792818380945411e-01 9.935544638346117674e-01 9.937273579570560234e-01 9.938962182577876225e-01 9.940456654737163111e-01 9.941932067123174788e-01 9.943388814730913516e-01 9.944827281454573509e-01 9.946247840477251412e-01 9.947589681750617085e-01 9.948818447115327368e-01 9.950032261007222267e-01 9.951231419867291317e-01 9.952416212133055051e-01 9.953586918505100689e-01
7.942384881240323047e-01 8.032245516969156451e-01 8.119982814412326499e-01 8.206148659424027381e-01 8.290065828715055263e-01 8.371427813177174659e-01 8.450253658936447421e-01 8.526005907886815560e-01 8.599071153690197589e-01 8.668901604636255476e-01 8.735656238326338086e-01 8.799707593002084050e-01 8.860094052717740754e-01 8.918422772254603892e-01 8.972655635570457866e-01 9.025371600416132178e-01 9.073906391210455613e-01 9.121256931262275991e-01 9.164637709252227982e-01 9.206887954515700079e-01 9.245763492859905286e-01 9.283242755647804767e-01 9.318243723057441086e-01 9.351307420359971090e-01 9.383029098335045060e-01 9.412069935402052057e-01 9.440451844112662805e-01 9.466438902173466285e-01 9.491269515396959511e-01 9.515228701824378632e-01 9.536875009460826780e-01 9.558049811387285821e-01 9.577971266746436729e-01 9.596382840822773597e-01 9.614403710612687837e-01 9.631119769291485166e-01 9.646749439295525530e-01 9.662056308461959286e-01 9.676257383354361918e-01 9.689509860619627268e-01 9.702496155997833993e-01 9.714741664860083725e-01 9.725968288098170156e-01 9.736975722439700220e-01 9.747705395308626786e-01 9.757207784951763552e-01 9.766529878352600003e-01 9.775676897202368876e-01 9.784124132280398456e-01 9.792021086218349879e-01 9.799773938591891387e-01 9.807386755053646432e-01 9.814147925903951020e-01 9.820716228860281172e-01 9.827169236123507456e-01 9.833471061898444443e-01 9.839034684309067025e-01 9.844503378684389405e-01 9.849879690798599707e-01 9.855157495805307866e-01 9.859792966406746295e-01 9.864352291349386403e-01 9.868837450455894000e-01 9.873250356438741937e-01 9.877228517201772640e-01 9.881034774220676109e-01 9.884781368540410673e-01 9.888469790981100349e-01 9.891979087844409158e-01 9.895161131095125961e-01 9.898295074299139351e-01 9.901382081917542433e-01 9.904423280844741884e-01 9.907213724633345819e-01 9.909838695318302637e-01 9.912425714865963355e-01 9.914975666193562853e-01 9.917489404708116352e-01 9.919774763074616919e-01 9.921945364949991131e-01 9.924085910416802214e-01 9.926197071796670768e-01 9.928279501158641107e-01 9.930212671026856786e-01 9.932011773910311980e-01 9.933786984347801052e-01 9.935538816599567280e-01 9.937267769917476068e-01 9.938956389546046433e-01 9.940450923419729135e-01 9.941926396737051919e-01 9.943383204509175233e-01 9.944821730645997393e-01 9.946242348345895046e-01 9.947584289814906944e-01 9.948813220895901255e-01 9.950027198529393102e-01 9.951226519194843467e-01 9.952411471367220708e-01 9.953582335783577317e-01
7.942355810337741184e-01 8.032215737249426279e-01 8.119956322363112156e-01 8.206112070562616712e-01 8.290030856733408005e-01 8.371396879488158804e-01 8.450225466961571730e-01 8.525975536143668432e-01 8.599038127897964401e-01 8.668867907887298774e-01 8.735626877952039626e-01 8.799686610239474405e-01 8.860071046223199076e-01 8.918395033678579997e-01 8.972628137222498079e-01 9.025344646662195602e-01 9.073885180528210581e-01 9.121241408884659396e-01 9.164618681262577393e-01 9.206865150339489379e-01 9.245741449663543721e-01 9.283222378388367169e-01 9.318225273897350336e-01 9.351291073750777061e-01 9.383014996676173336e-01 9.412058631890040106e-01 9.440443297575595860e-01 9.466428454500918077e-01 9.491255669504106152e-01 9.515212795439190741e-01 9.536864275988333750e-01 9.558044171047601623e-01 9.577967054982216011e-01 9.596375140028736705e-01 9.614392573204521009e-01 9.631107946736729986e-01 9.646739097888415992e-01 9.662047423627673215e-01 9.676245488663557381e-01 9.689491294036205460e-01 9.702471023693991503e-01 9.714714621109830084e-01 9.725946707306214467e-01 9.736959516016669980e-01 9.747694351830425985e-01 9.757199854978695353e-01 9.766525011280147162e-01 9.775675043661874453e-01 9.784123030734888093e-01 9.792019073592702627e-01 9.799771028947870111e-01 9.807382962122258574e-01 9.814143254480852674e-01 9.820710691606679976e-01 9.827162846285096842e-01 9.833463859996612877e-01 9.839027127992008293e-01 9.844495473234858851e-01 9.849871441375764869e-01 9.855148913105618025e-01 9.859784421299089274e-01 9.864343783121195530e-01 9.868828978415278286e-01 9.873241919913717801e-01 9.877220354303115624e-01 9.881026952280498321e-01 9.884773882508106624e-01 9.888462635925957533e-01 9.891972252181495673e-01 9.895154595043703649e-01 9.898288833536655895e-01 9.901376132221841875e-01 9.904417618090963771e-01 9.907208082531506754e-01 9.909832914644495228e-01 9.912419797458228432e-01 9.914969613850423968e-01 9.917483219189699994e-01 9.919768689664025807e-01 9.921939506691185295e-01 9.924080264434150811e-01 9.926191635276941927e-01 9.928274271349163405e-01 9.930207545957283610e-01 9.932006663542035652e-01 9.933781888465808008e-01 9.935533734993826638e-01 9.937262702382781976e-01 9.938951345078789190e-01 9.940445990105277740e-01 9.941921573187011418e-01 9.943378489363429162e-01 9.944817122571919521e-01 9.946237846037592201e-01 9.947579880532382290e-01 9.948808885413770176e-01 9.950022935962015147e-01 9.951222328673937634e-01 9.952407352041404698e-01 9.953578286817904575e-01
7.942335932819769573e-01 8.032190659048269454e-01 8.119923543229694562e-01 8.206083616369184153e-01 8.290001443859654762e-01 8.371364913994411294e-01 8.450190586511437951e-01 8.525949176685048148e-01 8.599018976538170822e-01 8.668843279560242143e-01 8.735600115392364584e-01 8.799660416132375484e-01 8.860047890565683204e-01 8.918375541559626640e-01 8.972604649448688852e-01 9.025316770971359981e-01 9.073859520472811191e-01 9.121217939989304524e-01 9.164591045072481013e-01 9.206833175416179182e-01 9.245705662205613296e-01 9.283182916318628575e-01 9.318188886560389017e-01 9.351262464973869593e-01 9.382992349800485243e-01 9.412036043737338487e-01 9.440420765013787241e-01 9.466413490650350537e-01 9.491250640598772881e-01 9.515215456179655362e-01 9.536862794371032681e-01 9.558038607311648560e-01 9.577955631498468181e-01 9.596355438620323142e-01 9.614364721150518989e-01 9.631081346031352686e-01 9.646721138239102711e-01 9.662037967176366760e-01 9.676242295328751908e-01 9.689492504736442191e-01 9.702476566925656298e-01 9.714720587960705700e-01 9.725946894144569255e-01 9.736954015305807619e-01 9.747683554973822773e-01 9.757188584593440295e-01 9.766513274584762705e-01 9.775662847713716408e-01 9.784111146430564121e-01 9.792008065511667025e-01 9.799760883009599466e-01 9.807373664594368767e-01 9.814134130877162354e-01 9.820701671462583882e-01 9.827153927757935614e-01 9.833455052591867362e-01 9.839018612120639107e-01 9.844487244210142762e-01 9.849863494629865768e-01 9.855141245527714311e-01 9.859777115347837517e-01 9.864336833238102065e-01 9.868822379177732973e-01 9.873235666030699687e-01 9.877214173267989672e-01 9.881020762937920976e-01 9.884767684887867389e-01 9.888456430059261448e-01 9.891966035964111503e-01 9.895148363770929212e-01 9.898282587358774309e-01 9.901369871287087898e-01 9.904411342545540453e-01 9.907201961040269511e-01 9.909827047128340061e-01 9.912414180398534391e-01 9.914964243807422584e-01 9.917478092800123823e-01 9.919763630727911341e-01 9.921934440034501090e-01 9.924075190123292645e-01 9.926186553377569499e-01 9.928269181926209219e-01 9.930202581170914922e-01 9.932001939743876351e-01 9.933777402560493019e-01 9.935529483950733542e-01 9.937258683234201362e-01 9.938947533190376493e-01 9.940442174062094072e-01 9.941917753022609938e-01 9.943374665111005539e-01 9.944813294264309711e-01 9.946234013707269117e-01 9.947576073471231517e-01 9.948805149532700121e-01 9.950019270408254624e-01 9.951218732611404327e-01 9.952403824650258857e-01 9.953574827294127125e-01
7.942313213441729580e-01 8.032166867495426077e-01 8.119905078194886716e-01 8.206069713106270980e-01 8.289988141751256645e-01 8.371349084046325606e-01 8.450168262237048866e-01 8.525927055646128627e-01 8.598999583577818795e-01 8.668830333930587217e-01 8.735586969914221900e-01 8.799641697401395790e-01 8.860029293372273518e-01 8.918358541437131359e-01 8.972584624191519698e-01 9.025293447504194599e-01 9.073829581662152810e-01 9.121181435156751061e-01 9.164560802214819502e-01 9.206809546896895791e-01 9.245691003469828084e-01 9.283177619808204994e-01 9.318180690654191967e-01 9.351242811572725300e-01 9.382964668241624562e-01 9.412011590910670522e-01 9.440399495360110027e-01 9.466384113073573747e-01 9.491209563715919950e-01 9.515167336603578274e-01 9.536832782774097295e-01 9.558026430903318049e-01 9.577954425117497506e-01 9.596356030165963391e-01 9.614367081317858332e-01 9.631078446898865275e-01 9.646707470995180556e-01 9.662013701629691420e-01 9.676215426159930910e-01 9.689469609789904680e-01 9.702457581998797931e-01 9.714704539781621184e-01 9.725932265410858202e-01 9.736940782702230290e-01 9.747671669898950730e-01 9.757177618257618645e-01 9.766503211852671784e-01 9.775653673826092405e-01 9.784102555448150884e-01 9.791999830399723548e-01 9.799752997814239475e-01 9.807366123515792733e-01 9.814126450115335798e-01 9.820693804195341770e-01 9.827145876704534988e-01 9.833446852272683669e-01 9.839010778945173064e-01 9.844479772397498607e-01 9.849856378542736213e-01 9.855134475231489555e-01 9.859770398504938971e-01 9.864330168938570953e-01 9.868815766535995460e-01 9.873229104184708671e-01 9.877207837915312760e-01 9.881014703501930230e-01 9.884761897280655019e-01 9.888450910289986462e-01 9.891960749675372533e-01 9.895143239419814662e-01 9.898277622597073666e-01 9.901365063821389034e-01 9.904406690135529878e-01 9.907197430420709994e-01 9.909822617753969443e-01 9.912409850845864678e-01 9.914960012685293256e-01 9.917473958748714846e-01 9.919759534950771673e-01 9.921930357319521665e-01 9.924071120270300250e-01 9.926182496191234828e-01 9.928265137215882552e-01 9.930198550647341138e-01 9.931997924897559837e-01 9.933773403171599625e-01 9.935525499804372940e-01 9.937254714120269394e-01 9.938943590618308788e-01 9.940438370281300395e-01 9.941914086310137399e-01 9.943371133778793336e-01 9.944809896658245441e-01 9.946230748206247307e-01 9.947572887440313538e-01 9.948801961374105218e-01 9.950016080136788732e-01 9.951215540241765689e-01 9.952400630197030251e-01 9.953571630771770318e-01
7.942279324524049722e-01 8.032143502759732101e-01 8.119878659034438506e-01 8.206055223198160942e-01 8.289969421911649317e-01 8.371329677728724938e-01 8.450163127069416635e-01 8.525905062660157352e-01 8.598960952107850275e-01 8.668798334909748604e-01 8.735566608950746659e-01 8.799637004517539829e-01 8.860007680023617160e-01 8.918311583610677440e-01 8.972544836165354809e-01 9.025262621617056169e-01 9.073799714471619815e-01 9.121152514819234058e-01 9.164558420176368569e-01 9.206834278619605572e-01 9.245698145890179909e-01 9.283158297970706130e-01 9.318155587304415288e-01 9.351226406040362704e-01 9.382957997064748090e-01 9.412018415035966479e-01 9.440419631116279131e-01 9.466400188668993021e-01 9.491215971179981503e-01 9.515162883668606408e-01 9.536810216559272746e-01 9.557986022263547099e-01 9.577908658740201808e-01 9.596321661089872723e-01 9.614343932247139124e-01 9.631061626943576703e-01 9.646693111618579453e-01 9.662001763148605482e-01 9.676204543029041094e-01 9.689458656708447304e-01 9.702446559548593141e-01 9.714693857146842193e-01 9.725922576141994291e-01 9.736932070402229966e-01 9.747663844302414393e-01 9.757169496091233629e-01 9.766494797594315047e-01 9.775644971855126375e-01 9.784093811747867075e-01 9.791991225605483073e-01 9.799744529443608076e-01 9.807357789155022321e-01 9.814118618721493492e-01 9.820686505603100080e-01 9.827139102447691732e-01 9.833440589033067836e-01 9.839004936985973337e-01 9.844474345098180867e-01 9.849851359446890608e-01 9.855129850743155062e-01 9.859765690389726833e-01 9.864325378363568708e-01 9.868810894642613407e-01 9.873224152089390415e-01 9.877202891579319743e-01 9.881009788167997021e-01 9.884757012434897128e-01 9.888446055431957538e-01 9.891955955035719450e-01 9.895138572821947642e-01 9.898273082180367721e-01 9.901360647768717715e-01 9.904402396671923015e-01 9.907193210934140959e-01 9.909818442791366033e-01 9.912405719765547962e-01 9.914955924860475722e-01 9.917469913567031892e-01 9.919755584701038797e-01 9.921926523421438215e-01 9.924067401164161639e-01 9.926178890351258222e-01 9.928261643149225435e-01 9.930195110715597240e-01 9.931994488214705985e-01 9.933769969679306922e-01 9.935522069445835713e-01 9.937251286840159681e-01 9.938940171847917560e-01 9.940435012621028354e-01 9.941910788995748094e-01 9.943367896061635625e-01 9.944806717804802743e-01 9.946227627497747914e-01 9.947569828785142176e-01 9.948798971313310702e-01 9.950013157852162227e-01 9.951212684931045604e-01 9.952397841073485907e-01 9.953568907063798932e-01
7.942267446984953017e-01 8.032133097925028276e-01 8.119872131196003151e-01 8.206024329389104421e-01 8.289949454791991634e-01 8.371317500227777320e-01 8.450134883224930116e-01 8.525889571824174507e-01 8.598960376062055877e-01 8.668799166059077965e-01 8.735554462872308079e-01 8.799600267898769479e-01 8.859978341625719400e-01 8.918297938291983584e-01 8.972548270614875143e-01 9.025282972060878484e-01 9.073811000178636510e-01 9.121154801783785127e-01 9.164553297843385238e-01 9.206821861917710015e-01 9.245692013518937991e-01 9.283161133859797465e-01 9.318153961482492642e-01 9.351210948979551407e-01 9.382927379923694522e-01 9.411967755861883056e-01 9.440349198589961244e-01 9.466343022999819112e-01 9.491182681225011075e-01 9.515150028832000118e-01 9.536800212191521853e-01 9.557978824320333411e-01 9.577902604846698642e-01 9.596314523156931342e-01 9.614335726160251339e-01 9.631052945403333343e-01 9.646684422476701215e-01 9.661993065993260688e-01 9.676196219917685415e-01 9.689451020487434008e-01 9.702439598729696302e-01 9.714687117509062109e-01 9.725915338725236170e-01 9.736924342858975789e-01 9.747655720036485505e-01 9.757162333223361461e-01 9.766488580374010908e-01 9.775639684920505168e-01 9.784088713146354976e-01 9.791985769968234443e-01 9.799738722239430544e-01 9.807351635725360950e-01 9.814112796969236552e-01 9.820681078853470414e-01 9.827134064407498926e-01 9.833435892075139684e-01 9.838999906054480826e-01 9.844468985216751067e-01 9.849845675520395583e-01 9.855123859340665371e-01 9.859760158134606156e-01 9.864320298289069866e-01 9.868806259950106963e-01 9.873219956143133302e-01 9.877198771964879054e-01 9.881005637210265036e-01 9.884752830535503687e-01 9.888441842984422303e-01 9.891951731136812143e-01 9.895134379458003782e-01 9.898268918879535860e-01 9.901356514070791537e-01 9.904398292127937209e-01 9.907189173696996365e-01 9.909814495282796010e-01 9.912401860730466474e-01 9.914952153072167373e-01 9.917466227826300385e-01 9.919751988314020608e-01 9.921923017101840214e-01 9.924063983703322878e-01 9.926175560566831146e-01 9.928258399884404284e-01 9.930191979504071620e-01 9.931991491419095430e-01 9.933767105572376410e-01 9.935519336336501306e-01 9.937248683072450461e-01 9.938937683644100129e-01 9.940432521706664692e-01 9.941908295394267236e-01 9.943365399796169068e-01 9.944804218898195547e-01 9.946225125972555370e-01 9.947567332771447557e-01 9.948796493546829822e-01 9.950010698110611784e-01 9.951210242996552102e-01 9.952395416732474631e-01 9.953566500106862946e-01
7.942280633122634770e-01 8.032108440090581780e-01 8.119840171135450646e-01 8.206009506691357425e-01 8.289933355948247984e-01 8.371300030564027272e-01 8.450125188636071760e-01 8.525872183924598779e-01 8.598935952392831039e-01 8.668781128229728905e-01 8.735545679495861915e-01 8.799603045979160765e-01 8.859990815347181803e-01 8.918319579947241449e-01 8.972544195733359595e-01 9.025251435698893321e-01 9.073775923379644448e-01 9.121116210974028471e-01 9.164519888638792411e-01 9.206793866190420284e-01 9.245651180159357718e-01 9.283103892056041584e-01 9.318107829157560307e-01 9.351195113442579698e-01 9.382935485109606955e-01 9.411979211428599390e-01 9.440363956565386294e-01 9.466353782593582844e-01 9.491187107496555919e-01 9.515148930912756819e-01 9.536797687448682614e-01 9.557974893074349110e-01 9.577897600290782298e-01 9.596308888265905335e-01 9.614329469964971731e-01 9.631046508869637313e-01 9.646678152915381110e-01 9.661986960114909984e-01 9.676189967061170627e-01 9.689444365822175165e-01 9.702432548303868698e-01 9.714679966290923341e-01 9.725908554507554094e-01 9.736917919423240253e-01 9.747649635953741232e-01 9.757156340962022112e-01 9.766482678222545566e-01 9.775633871216121706e-01 9.784083169787527456e-01 9.791980629339988029e-01 9.799733977802822515e-01 9.807347281105089909e-01 9.814108373929465445e-01 9.820676542188558900e-01 9.827129415763203868e-01 9.833431145939850460e-01 9.838995271703242507e-01 9.844464460843505016e-01 9.849841259365115231e-01 9.855119549364937948e-01 9.859755931765619152e-01 9.864316154188972341e-01 9.868802196815041894e-01 9.873215972702094057e-01 9.877194968554905419e-01 9.881002041536599556e-01 9.884749439531984594e-01 9.888438653657426469e-01 9.891948687524232398e-01 9.895131360771334261e-01 9.898265924732101428e-01 9.901353544085481628e-01 9.904395345936886086e-01 9.907186257697339071e-01 9.909811613126449092e-01 9.912399011931259940e-01 9.914949337155177789e-01 9.917463444327510036e-01 9.919749216290131288e-01 9.921920247585455099e-01 9.924061216644992633e-01 9.926172795918491998e-01 9.928255637599324723e-01 9.930189255124006742e-01 9.931988836228727857e-01 9.933764518678359634e-01 9.935516816864261580e-01 9.937246230165649452e-01 9.938935293305870555e-01 9.940430162798689073e-01 9.941905967521382781e-01 9.943363102571308731e-01 9.944801951942155993e-01 9.946222888913780480e-01 9.947565138487050040e-01 9.948794362441202299e-01 9.950008629432548490e-01 9.951208236009456698e-01 9.952393470713969403e-01 9.953564614348419104e-01
7.942218512684040554e-01 8.032112498532026912e-01 8.119809640507420490e-01 8.205970051201377791e-01 8.289898885417256169e-01 8.371276242077178020e-01 8.450115928440535829e-01 8.525867583632567026e-01 8.598930583795374449e-01 8.668763787365098006e-01 8.735515526099222328e-01 8.799559418379360176e-01 8.859957940143937671e-01 8.918303721899052405e-01 8.972547499911551760e-01 9.025273664017229303e-01 9.073769816050906156e-01 9.121081989308553739e-01 9.164499825390501897e-01 9.206789194131799192e-01 9.245670299214068244e-01 9.283148281886549613e-01 9.318149881934156831e-01 9.351215542385837853e-01 9.382938591268484840e-01 9.411978905888156444e-01 9.440360283378393946e-01 9.466348575259623255e-01 9.491180976205537689e-01 9.515142062095774955e-01 9.536791063024748771e-01 9.557968508652988637e-01 9.577891442261216026e-01 9.596302939890836159e-01 9.614323727532136932e-01 9.631040679628293244e-01 9.646672006817682554e-01 9.661980501724710679e-01 9.676183669395508335e-01 9.689438617142608345e-01 9.702427339451227262e-01 9.714675031450845655e-01 9.725903474379559155e-01 9.736912696067904216e-01 9.747644277772861132e-01 9.757150950290542912e-01 9.766477255388315015e-01 9.775628416545322219e-01 9.784077845503685866e-01 9.791975553946760114e-01 9.799729147202614898e-01 9.807342691304484772e-01 9.814103839302841248e-01 9.820672043216501779e-01 9.827124951797527874e-01 9.833426739217927537e-01 9.838991290340830531e-01 9.844460898216093048e-01 9.849838109010869980e-01 9.855116798069519790e-01 9.859753126401958889e-01 9.864313295521566216e-01 9.868799285591299819e-01 9.873213009652826999e-01 9.877191929126344361e-01 9.880998919245662648e-01 9.884746235543422355e-01 9.888435369109755957e-01 9.891945381203510745e-01 9.895128162000779160e-01 9.898262831959535601e-01 9.901350555794792285e-01 9.904392460646912477e-01 9.907183458931365649e-01 9.909808890569018480e-01 9.912396364523347048e-01 9.914946763861571810e-01 9.917460944136067269e-01 9.919746785126828392e-01 9.921917883193854815e-01 9.924058918129938789e-01 9.926170562404305064e-01 9.928253468229228940e-01 9.930187090261245464e-01 9.931986623291358951e-01 9.933762258269632772e-01 9.935514509575076314e-01 9.937243876574890500e-01 9.938932906385495869e-01 9.940427862178307095e-01 9.941903752132135175e-01 9.943360971365937662e-01 9.944799903894423476e-01 9.946220923017887738e-01 9.947563232540997946e-01 9.948792482210876420e-01 9.950006774610135052e-01 9.951206406293170437e-01 9.952391665807878152e-01 9.953562833962299461e-01
7.942273434052182779e-01 8.032056677405853273e-01 8.119801078232584679e-01 8.205937080493144187e-01 8.289908823576866981e-01 8.371302570456605752e-01 8.450073863075533431e-01 8.525823171741500062e-01 8.598906159061358023e-01 8.668787129061888974e-01 8.735548992133578272e-01 8.799572562256996466e-01 8.859962058028469922e-01 8.918301779117911998e-01 8.972547256079792533e-01 9.025275814992193002e-01 9.073824865501002312e-01 9.121189502515030245e-01 9.164557681720678639e-01 9.206794546944867541e-01 9.245663016162666281e-01 9.283136525173621978e-01 9.318137551449631184e-01 9.351205365858342722e-01 9.382930039007063572e-01 9.411970254267011393e-01 9.440351532529864809e-01 9.466340315383844350e-01 9.491173394462570911e-01 9.515134959495828992e-01 9.536783376813707802e-01 9.557960246736652010e-01 9.577883287077950669e-01 9.596295809640935648e-01 9.614317605581083059e-01 9.631035166376767931e-01 9.646666785943122102e-01 9.661975568140316328e-01 9.676178558240782213e-01 9.689432946871405772e-01 9.702421118676196610e-01 9.714668548998280917e-01 9.725897186759711044e-01 9.736906599935803985e-01 9.747638403725471523e-01 9.757145827360957924e-01 9.766472871311937531e-01 9.775624759358878535e-01 9.784074255861644476e-01 9.791971547597504433e-01 9.799724730608039280e-01 9.807337870773562560e-01 9.814099362281335504e-01 9.820667979885762122e-01 9.827121295609587692e-01 9.833423459104781994e-01 9.838987982042758373e-01 9.844457562092975289e-01 9.849834745415804171e-01 9.855113410949450925e-01 9.859749948982233780e-01 9.864310324589015133e-01 9.868796518011067054e-01 9.873210442365892847e-01 9.877189457501056591e-01 9.880996511428097318e-01 9.884743890570407698e-01 9.888433086041401587e-01 9.891943087277447200e-01 9.895125696587945274e-01 9.898260197463539800e-01 9.901347754564931991e-01 9.904389494979809472e-01 9.907180466830343146e-01 9.909805954619335111e-01 9.912393483936040584e-01 9.914943937865574597e-01 9.917458171977684422e-01 9.919744093022236919e-01 9.921915281636587425e-01 9.924056405911599876e-01 9.926168138342680303e-01 9.928251131167520338e-01 9.930184849607744946e-01 9.931984487216046764e-01 9.933760225434494773e-01 9.935512578669993822e-01 9.937242046316839827e-01 9.938931166290365660e-01 9.940426122439728340e-01 9.941902012743001338e-01 9.943359232319334273e-01 9.944798165183619254e-01 9.946219184636329036e-01 9.947561491891229180e-01 9.948790735222908799e-01 9.950005021354836332e-01 9.951204646840103862e-01 9.952389900225337982e-01 9.953561062317339836e-01
7.942217998814657953e-01 8.032116757662857154e-01 8.119831774851483663e-01 8.205948072445481412e-01 8.289844648069240041e-01 8.371198462191169476e-01 8.450025262553992889e-01 8.525823284982650963e-01 8.598924388217542569e-01 8.668724889613026452e-01 8.735464831087832449e-01 8.799513839052121034e-01 8.859954451956770782e-01 8.918351785696585488e-01 8.972561726054636422e-01 9.025249708500890922e-01 9.073784672805939033e-01 9.121135339665005226e-01 9.164517783704373421e-01 9.206769694570219320e-01 9.245644394811164402e-01 9.283122298789522331e-01 9.318126324325448628e-01 9.351196150097272897e-01 9.382922574317535958e-01 9.411963721620654200e-01 9.440345918610263398e-01 9.466335931475962084e-01 9.491170328438269799e-01 9.515133013861347688e-01 9.536781546697785661e-01 9.557958529680665727e-01 9.577881043656760740e-01 9.596292178088818847e-01 9.614312606991445298e-01 9.631029552913595859e-01 9.646661151206005202e-01 9.661969912094333646e-01 9.676173531844576292e-01 9.689429083307953272e-01 9.702418399038794661e-01 9.714666324476364245e-01 9.725894431801409556e-01 9.736903322861035770e-01 9.747634617468673435e-01 9.757141615483571062e-01 9.766468240513466181e-01 9.775619716182113450e-01 9.784069680084190868e-01 9.791968083002151602e-01 9.799722359455469434e-01 9.807336575759649788e-01 9.814098054666960946e-01 9.820666550346941470e-01 9.827119745963626141e-01 9.833421781271898254e-01 9.838986018866421324e-01 9.844455317904766689e-01 9.849832224443836326e-01 9.855110621495457579e-01 9.859747165080491316e-01 9.864307546113816327e-01 9.868793744840742566e-01 9.873207674382667998e-01 9.877186756839579918e-01 9.880993895704162089e-01 9.884741358528057464e-01 9.888430636454440537e-01 9.891940748529789440e-01 9.895123533275771432e-01 9.898258207090929739e-01 9.901345934693178696e-01 9.904387843225674892e-01 9.907178939699499143e-01 9.909804525444511070e-01 9.912392151364335380e-01 9.914942700574312928e-01 9.917457028673527519e-01 9.919742947312815140e-01 9.921914092701129562e-01 9.924055174311965377e-01 9.926166864628844788e-01 9.928249815877911999e-01 9.930183496239409768e-01 9.931983098900373230e-01 9.933758802607006722e-01 9.935511121757343300e-01 9.937240555737072434e-01 9.938929648706839037e-01 9.940424638284074410e-01 9.941900561596251906e-01 9.943357813771083187e-01 9.944796778831778150e-01 9.946217830086901968e-01 9.947560162126336536e-01 9.948789419467300998e-01 9.950003719440361216e-01 9.951203358601902194e-01 9.952388625501764619e-01 9.953559800949869363e-01
7.942183405213132374e-01 8.032076843631271723e-01 8.119771699108856433e-01 8.205895784031775886e-01 8.289818124446461933e-01 8.371220803822964074e-01 8.450131532579548965e-01 8.525893504677030110e-01 8.598954894153194584e-01 8.668790138726211181e-01 8.735523338307603636e-01 8.799532075936353781e-01 8.859904445422721597e-01 8.918226507814711601e-01 8.972478077948510267e-01 9.025214017250501319e-01 9.073761001308396912e-01 9.121123591985343948e-01 9.164507587579928671e-01 9.206760699435692086e-01 9.245637684746421670e-01 9.283118071293906537e-01 9.318122889015302279e-01 9.351192321707972877e-01 9.382918467292411524e-01 9.411959715055044917e-01 9.440342010016594676e-01 9.466331653092024956e-01 9.491165531386283050e-01 9.515127564499265000e-01 9.536774671132453030e-01 9.557950248827544737e-01 9.577872302412876460e-01 9.596284244397531582e-01 9.614305467883123013e-01 9.631023609024248477e-01 9.646656713494911051e-01 9.661966956397041173e-01 9.676170684167010316e-01 9.689425214120594987e-01 9.702413524470265838e-01 9.714661339651987637e-01 9.725890757533651731e-01 9.736900937854724436e-01 9.747633427484829749e-01 9.757140445327381340e-01 9.766467089719084171e-01 9.775618584299613500e-01 9.784067707674209968e-01 9.791964642730278667e-01 9.799717474514357818e-01 9.807330268780072302e-01 9.814092006139681912e-01 9.820660925465142244e-01 9.827114538060883753e-01 9.833416986696922324e-01 9.838981677221564359e-01 9.844451422195390489e-01 9.849828767845544286e-01 9.855107591584070237e-01 9.859744182442019556e-01 9.864304610001836116e-01 9.868790854527562662e-01 9.873204829158701568e-01 9.877184050357578071e-01 9.880991354128286774e-01 9.884738979429233963e-01 9.888428417460952691e-01 9.891938649451772481e-01 9.895121467635430434e-01 9.898256174390581696e-01 9.901343934447038864e-01 9.904385874959455993e-01 9.907176947614869666e-01 9.909802476331674992e-01 9.912390045989627474e-01 9.914940539687390197e-01 9.917454813007836600e-01 9.919740757953874333e-01 9.921911963795121414e-01 9.924053105051302559e-01 9.926164854223450407e-01 9.928247863554715558e-01 9.930181630408538851e-01 9.931981344493969743e-01 9.933757158198164294e-01 9.935509585948925082e-01 9.937239127160866214e-01 9.938928314506252359e-01 9.940423286598190078e-01 9.941899192635496041e-01 9.943356427741737447e-01 9.944795375936084092e-01 9.946216410523178730e-01 9.947558763511654689e-01 9.948788100669931911e-01 9.950002479515366316e-01 9.951202196622644935e-01 9.952387540559433088e-01 9.953558792153008872e-01
7.942149481228353292e-01 8.032031696256821673e-01 8.119810375037206374e-01 8.205916614407311460e-01 8.289883025569215746e-01 8.371273501924262339e-01 8.450033117749025102e-01 8.525827072651330774e-01 8.598920607565258001e-01 8.668656066440690866e-01 8.735389449955693886e-01 8.799479181226532720e-01 8.859888382220434400e-01 8.918235651024574162e-01 8.972482016773306590e-01 9.025211039873155539e-01 9.073754469894840247e-01 9.121113532984592709e-01 9.164500539814326441e-01 9.206756844559356168e-01 9.245631294717131521e-01 9.283108011155157824e-01 9.318113196569980383e-01 9.351185817362958064e-01 9.382913996874835405e-01 9.411953474721258539e-01 9.440334022801770697e-01 9.466324154350655995e-01 9.491159242488133030e-01 9.515122256763115516e-01 9.536769153725992432e-01 9.557944524419135224e-01 9.577866634497803622e-01 9.596278987702052676e-01 9.614300615703573749e-01 9.631018950849992155e-01 9.646652083054606530e-01 9.661962352970832058e-01 9.676166035394972997e-01 9.689420460676779756e-01 9.702408667843465118e-01 9.714656896027854538e-01 9.725887550856515684e-01 9.736898948061575298e-01 9.747632536446109164e-01 9.757139084560046971e-01 9.766465266660303568e-01 9.775616306211170059e-01 9.784065689742653671e-01 9.791963408795458790e-01 9.799717012051714082e-01 9.807330565572547343e-01 9.814092034841327417e-01 9.820660586547085291e-01 9.827113837188227174e-01 9.833415928425370822e-01 9.838980251286018053e-01 9.844449634181934305e-01 9.849826623206706655e-01 9.855105101989665162e-01 9.859741763650869961e-01 9.864302260915827070e-01 9.868788574075660902e-01 9.873202616296093970e-01 9.877181839515410955e-01 9.880989125938699491e-01 9.884736734121674084e-01 9.888426155260041650e-01 9.891936443531805789e-01 9.895119480411107560e-01 9.898254402743257296e-01 9.901342375329708068e-01 9.904384525394587246e-01 9.907175709208305703e-01 9.909801289693561666e-01 9.912388910399364539e-01 9.914939454440594435e-01 9.917453777415855543e-01 9.919739736730901480e-01 9.921910941879636958e-01 9.924052082443538536e-01 9.926163830923813158e-01 9.928246839563769077e-01 9.930180552285213791e-01 9.931980165196199195e-01 9.933755879009077416e-01 9.935508208125112262e-01 9.937237651933124027e-01 9.938926764108256817e-01 9.940421864059123536e-01 9.941897896376927779e-01 9.943355256217044635e-01 9.944794327629601360e-01 9.946215483949339964e-01 9.947557897068555199e-01 9.948787198621142913e-01 9.950001542277464583e-01 9.951201224604223627e-01 9.952386534161299370e-01 9.953557751768395967e-01
7.942185158002559309e-01 8.032071043322951409e-01 8.119848623304698476e-01 8.205889446801738485e-01 8.289812076061614521e-01 8.371183872918867008e-01 8.449961828302222644e-01 8.525754936213513213e-01 8.598869148042942445e-01 8.668711928486074747e-01 8.735469757126526069e-01 8.799516910789006996e-01 8.859903122134323850e-01 8.918232575429578812e-01 8.972478174858633526e-01 9.025207422684188296e-01 9.073751917196690719e-01 9.121112034050005146e-01 9.164492072401244638e-01 9.206741213182949579e-01 9.245617006689628159e-01 9.283096772081526060e-01 9.318105226657359408e-01 9.351181256852875157e-01 9.382912749679709341e-01 9.411955317169983237e-01 9.440338912477977962e-01 9.466325750846589226e-01 9.491155516778145840e-01 9.515114746996451434e-01 9.536766073838526259e-01 9.557945807504738545e-01 9.577868793105672740e-01 9.596277338688861125e-01 9.614295217767545587e-01 9.631013424446395188e-01 9.646649275929864986e-01 9.661962221801265738e-01 9.676166452490758685e-01 9.689419675828527811e-01 9.702406700110545179e-01 9.714653870018207238e-01 9.725883654472448070e-01 9.736894195178571465e-01 9.747627030132491877e-01 9.757134245464298417e-01 9.766461084005099158e-01 9.775612769480270803e-01 9.784062423716521906e-01 9.791960136920969671e-01 9.799713734353467931e-01 9.807327282076561126e-01 9.814088841444161826e-01 9.820657491566036068e-01 9.827110839036558021e-01 9.833413047991675926e-01 9.838977848817657135e-01 9.844447702279975898e-01 9.849825154652758208e-01 9.855104081849990205e-01 9.859740674666114257e-01 9.864301104089671091e-01 9.868787350388562585e-01 9.873201326705979275e-01 9.877180491812851404e-01 9.880987723000370648e-01 9.884735276726027697e-01 9.888424644167945754e-01 9.891934890160849481e-01 9.895117909226822661e-01 9.898252813980434883e-01 9.901340769218162086e-01 9.904382902159297730e-01 9.907174073331218578e-01 9.909799643917516221e-01 9.912387254847665474e-01 9.914937789234076204e-01 9.917452102672930092e-01 9.919738120205302545e-01 9.921909411828152558e-01 9.924050637715627898e-01 9.926162470393790072e-01 9.928245562130089130e-01 9.930179330960647865e-01 9.931978976113831070e-01 9.933754721751341110e-01 9.935507082283239200e-01 9.937236557106889911e-01 9.938925693900093616e-01 9.940420760437258529e-01 9.941896759747684831e-01 9.943354086978668516e-01 9.944793126172470910e-01 9.946214250656182365e-01 9.947556654602655035e-01 9.948785982298212760e-01 9.950000351785276420e-01 9.951200059636640116e-01 9.952385394418121756e-01 9.953556636955196435e-01
7.942207078493344063e-01 8.032023186593558739e-01 8.119886988516857862e-01 8.206048418087253937e-01 8.289905381791156103e-01 8.371241652920669019e-01 8.450136041976203938e-01 8.525877217199336888e-01 8.598916197110600956e-01 8.668726799585489973e-01 8.735471650209784000e-01 8.799521362486869558e-01 8.859903867489036244e-01 8.918227995498267946e-01 8.972468296255915465e-01 9.025192333657199306e-01 9.073742571353522468e-01 9.121108384920766365e-01 9.164490880154396724e-01 9.206742349124151792e-01 9.245621415447542457e-01 9.283104613953051532e-01 9.318109347309582180e-01 9.351176671158845100e-01 9.382902221776873164e-01 9.411947933268041133e-01 9.440334629952006340e-01 9.466321360218006298e-01 9.491149975729255006e-01 9.515107974825075532e-01 9.536757548446439525e-01 9.557935554951791923e-01 9.577858975801030184e-01 9.596270865637482883e-01 9.614292036894704907e-01 9.631010429103246118e-01 9.646644022222635728e-01 9.661954745325127547e-01 9.676159111452727890e-01 9.689414407897682935e-01 9.702403471914190503e-01 9.714651762006012437e-01 9.725881217008767177e-01 9.736891433451861921e-01 9.747623962975485723e-01 9.757131094217079692e-01 9.766457849878653619e-01 9.775609453660931703e-01 9.784059488071471522e-01 9.791957918885106915e-01 9.799712222466786526e-01 9.807326465160308704e-01 9.814087963420705663e-01 9.820656477258979944e-01 9.827109690517107365e-01 9.833411773983402604e-01 9.838976559371721553e-01 9.844446397594345255e-01 9.849823834921623833e-01 9.855102745829569244e-01 9.859739229777477743e-01 9.864299551941430044e-01 9.868785692551571564e-01 9.873199564714468801e-01 9.877178898154191922e-01 9.880986376269889071e-01 9.884734173312771377e-01 9.888423780545643194e-01 9.891934175376616567e-01 9.895117145340103226e-01 9.898252001670889699e-01 9.901339909150288499e-01 9.904381994982871529e-01 9.907173115185418100e-01 9.909798632767982118e-01 9.912386191407561720e-01 9.914936674201009215e-01 9.917450936729411692e-01 9.919736929354661115e-01 9.921908207270347946e-01 9.924049419622968937e-01 9.926161238935057307e-01 9.928244317470630298e-01 9.930178110630057953e-01 9.931977813166523728e-01 9.933753615449315566e-01 9.935506031903945656e-01 9.937235561942803219e-01 9.938924753138704826e-01 9.940419872250511046e-01 9.941895923483283770e-01 9.943353301997527316e-01 9.944792391848339408e-01 9.946213566375313730e-01 9.947556003265146662e-01 9.948785337444538968e-01 9.949999713335012652e-01 9.951199427510980522e-01 9.952384768539835891e-01 9.953556017248584853e-01
7.942180657790217646e-01 8.031980045047659722e-01 8.119735888682720892e-01 8.206014124396393550e-01 8.289930816666012392e-01 8.371267750767971139e-01 8.450078804581586667e-01 8.525826979919205462e-01 8.598888653647369651e-01 8.668709678771575611e-01 8.735463938139700346e-01 8.799522226524908453e-01 8.859904029705749640e-01 8.918225042236936906e-01 8.972472977357399682e-01 9.025205098336794851e-01 9.073739478397072622e-01 9.121089559105217681e-01 9.164475287148443616e-01 9.206730571303194388e-01 9.245612352411136659e-01 9.283098018995626921e-01 9.318107231223491382e-01 9.351180420575846419e-01 9.382908687490000288e-01 9.411946650498397293e-01 9.440325701981231443e-01 9.466317049950642160e-01 9.491154223452027416e-01 9.515119122773324500e-01 9.536766933213158826e-01 9.557943202369483249e-01 9.577865390431765658e-01 9.596276719756064999e-01 9.614297338773089008e-01 9.631014213631998722e-01 9.646645535668968430e-01 9.661954023433935168e-01 9.676157368130287040e-01 9.689412643724520935e-01 9.702401687081086967e-01 9.714650051162240230e-01 9.725879731289728269e-01 9.736890169114676974e-01 9.747622908099529138e-01 9.757130115206613663e-01 9.766456945425530112e-01 9.775608622491335220e-01 9.784058587160310294e-01 9.791956843536269162e-01 9.799710975384539058e-01 9.807325048984943949e-01 9.814086272231364871e-01 9.820654504250433403e-01 9.827107440035043329e-01 9.833409260696862608e-01 9.838973955602600130e-01 9.844443704702380282e-01 9.849821054234456641e-01 9.855099887723455243e-01 9.859736882808792791e-01 9.864297708397898878e-01 9.868784344905969785e-01 9.873198705618898563e-01 9.877178054364568194e-01 9.880985408087248345e-01 9.884733082526454551e-01 9.888422568903711962e-01 9.891932860711036835e-01 9.895115765180242384e-01 9.898250556929916177e-01 9.901338400720846034e-01 9.904380423737689787e-01 9.907171587238570165e-01 9.909797211279389728e-01 9.912384874910580290e-01 9.914935461261696892e-01 9.917449825945550135e-01 9.919735923631117780e-01 9.921907307037335366e-01 9.924048623479593267e-01 9.926160545510649413e-01 9.928243725423852029e-01 9.930177550630238104e-01 9.931977224047827679e-01 9.933752997576492660e-01 9.935505385634285647e-01 9.937234887626346103e-01 9.938924053117523805e-01 9.940419166050985522e-01 9.941895211176484670e-01 9.943352583653192189e-01 9.944791667534897961e-01 9.946212836159915582e-01 9.947555275569418543e-01 9.948784625434847761e-01 9.949999016822326237e-01 9.951198746309987131e-01 9.952384102468841975e-01 9.953555366129419602e-01
7.942266647335076701e-01 8.031994063682349472e-01 8.119781127197229775e-01 8.205884651032583355e-01 8.289821393878711309e-01 8.371213016504347459e-01 8.450046323705043827e-01 8.525808868455865275e-01 8.598880383477114364e-01 8.668701633436175502e-01 8.735456997661691370e-01 8.799517100236815548e-01 8.859899578586141189e-01 8.918220966516757775e-01 8.972470038064018771e-01 9.025203365521656806e-01 9.073745544965413634e-01 9.121103360537922145e-01 9.164486834250890057e-01 9.206739559874674850e-01 9.245617846075455670e-01 9.283099858871636245e-01 9.318107573063241222e-01 9.351180777037467751e-01 9.382909141029882605e-01 9.411947482183578018e-01 9.440326906072353808e-01 9.466315518627657077e-01 9.491148973069719608e-01 9.515110993612932999e-01 9.536760359607079351e-01 9.557938160811038086e-01 9.577861467566207709e-01 9.596273365684721002e-01 9.614294544479728977e-01 9.631011718079158790e-01 9.646643132512223717e-01 9.661951711049711067e-01 9.676155011910865245e-01 9.689410133163269823e-01 9.702399024527544880e-01 9.714647324043861332e-01 9.725877077938096527e-01 9.736887588254277137e-01 9.747620393819805829e-01 9.757127592903883651e-01 9.766454415158057900e-01 9.775606084318252398e-01 9.784056107612976172e-01 9.791954471200075005e-01 9.799708708510127542e-01 9.807322885866996964e-01 9.814084395805898753e-01 9.820652928821949068e-01 9.827106160875841434e-01 9.833408277385825569e-01 9.838973331179435844e-01 9.844443433611993477e-01 9.849821131057276968e-01 9.855100294577997522e-01 9.859736799972916854e-01 9.864297143214526553e-01 9.868783304542957380e-01 9.873197197074412568e-01 9.877176591906834391e-01 9.880984142855961938e-01 9.884732011638454052e-01 9.888421689543412940e-01 9.891932130681114765e-01 9.895115094076337714e-01 9.898249943905490511e-01 9.901337844948947531e-01 9.904379924410345870e-01 9.907171085716603987e-01 9.909796672537748430e-01 9.912384299449201741e-01 9.914934849569624342e-01 9.917449178501271945e-01 9.919735245305612015e-01 9.921906600124476006e-01 9.924047888349987190e-01 9.926159782527081976e-01 9.928242934941521325e-01 9.930176781295861899e-01 9.931976518721160607e-01 9.933752355436589188e-01 9.935504805877354295e-01 9.937234369465253181e-01 9.938923583915060256e-01 9.940418631147625028e-01 9.941894611376982382e-01 9.943351919746185041e-01 9.944790940293358750e-01 9.946212046341563751e-01 9.947554473893478466e-01 9.948783890991870216e-01 9.949998348815753957e-01 9.951198143958709386e-01 9.952383565006771571e-01 9.953554892805117627e-01
7.942252190520288080e-01 8.031943244553013672e-01 8.119704013389316133e-01 8.205892406305393960e-01 8.289824936412435452e-01 8.371201035166550009e-01 8.450042302083478063e-01 8.525797107272438113e-01 8.598864042744774894e-01 8.668702754646124831e-01 8.735457985698646954e-01 8.799503733147892026e-01 8.859893862573026135e-01 8.918228599391657685e-01 8.972466227283877327e-01 9.025186864523059294e-01 9.073739299278776871e-01 9.121107287952732179e-01 9.164478262131926511e-01 9.206717872118137524e-01 9.245593073902347303e-01 9.283074056061022539e-01 9.318081741658483796e-01 9.351155617831259370e-01 9.382885950640746930e-01 9.411930657488016827e-01 9.440316361973620785e-01 9.466308504153644332e-01 9.491144559589742569e-01 9.515108772292258932e-01 9.536758226335799726e-01 9.557936114025326058e-01 9.577859100988695973e-01 9.596270131706287065e-01 9.614290456396569207e-01 9.631008019302573775e-01 9.646640799562734570e-01 9.661950722161656291e-01 9.676154353033656896e-01 9.689408969957251649e-01 9.702397364971727667e-01 9.714645385276294842e-01 9.725875202227501903e-01 9.736885774509526081e-01 9.747618666091338868e-01 9.757126344946731589e-01 9.766453639194071501e-01 9.775605772758619860e-01 9.784055579589430174e-01 9.791953227864251819e-01 9.799706761167517044e-01 9.807320245549087101e-01 9.814082167621384079e-01 9.820651217998725979e-01 9.827104959324565181e-01 9.833407532133813245e-01 9.838972307550539753e-01 9.844442135868349819e-01 9.849819563358254149e-01 9.855098468466159112e-01 9.859735203426780448e-01 9.864295772764235526e-01 9.868782156802063943e-01 9.873196268737286507e-01 9.877175699412994447e-01 9.880983231709746795e-01 9.884731082099481592e-01 9.888420741865522334e-01 9.891931146487095150e-01 9.895114032202051435e-01 9.898248805442895204e-01 9.901336630965248409e-01 9.904378635948750675e-01 9.907169848659556077e-01 9.909795561813600218e-01 9.912383313324399925e-01 9.914933986349141470e-01 9.917448436527431799e-01 9.919734499583330312e-01 9.921905797728297616e-01 9.924047030023932514e-01 9.926158868999286344e-01 9.928241966924696849e-01 9.930175827351697126e-01 9.931975639276398038e-01 9.933751549538831771e-01 9.935504072594047997e-01 9.937233707883114109e-01 9.938922992469769735e-01 9.940418102531366484e-01 9.941894144814293899e-01 9.943351514477237751e-01 9.944790595573522740e-01 9.946211761440999499e-01 9.947554203447687149e-01 9.948783564290776260e-01 9.949997966521892945e-01 9.951197706721844893e-01 9.952383073464224905e-01 9.953554347582095341e-01
7.942161391305236906e-01 8.032047181764385702e-01 8.119771369441162179e-01 8.205929389805919349e-01 8.289842183709261736e-01 8.371205736482598692e-01 8.450042830776846037e-01 8.525807308228164905e-01 8.598882658901519926e-01 8.668715534460551542e-01 8.735468238279254782e-01 8.799514135809460846e-01 8.859891981423283491e-01 8.918211242297614527e-01 8.972447179309115395e-01 9.025166937614415019e-01 9.073719354150320271e-01 9.121087326609274015e-01 9.164476446805485121e-01 9.206734620530833135e-01 9.245611189492620730e-01 9.283090052273319515e-01 9.318093556145494727e-01 9.351161826288525436e-01 9.382887645924046227e-01 9.411931371180437544e-01 9.440316106804200746e-01 9.466306936846443643e-01 9.491141581177913178e-01 9.515104617461257464e-01 9.536754110074791013e-01 9.557932035598210030e-01 9.577855919465153578e-01 9.596269006451707551e-01 9.614291355358189906e-01 9.631009093896636397e-01 9.646640595345946645e-01 9.661949259257490707e-01 9.676153088973009631e-01 9.689409102025072773e-01 9.702398870689945554e-01 9.714647406107759231e-01 9.725876379604621036e-01 9.736886121940485639e-01 9.747618227571740457e-01 9.757125617746522650e-01 9.766452627910670037e-01 9.775604481880149077e-01 9.784054494439352601e-01 9.791952703800952396e-01 9.799706789255113737e-01 9.807320817070281915e-01 9.814082464694788843e-01 9.820651162272772128e-01 9.827104556271439861e-01 9.833406803393799356e-01 9.838971521220374328e-01 9.844441292818315592e-01 9.849818664437954840e-01 9.855097516291004833e-01 9.859734314324215543e-01 9.864294945774614298e-01 9.868781390988966562e-01 9.873195563186782930e-01 9.877174932997029311e-01 9.880982369336205329e-01 9.884730125156394598e-01 9.888419691708724146e-01 9.891930086110422016e-01 9.895113144482802214e-01 9.898248087930414663e-01 9.901336081264944244e-01 9.904378251720373783e-01 9.907169492572500680e-01 9.909795151667031288e-01 9.912382849854803890e-01 9.914933470276744432e-01 9.917447868556695800e-01 9.919733934277491505e-01 9.921905258181271670e-01 9.924046515894210385e-01 9.926158379952716437e-01 9.928241502634262972e-01 9.930175355784537361e-01 9.931975132201811274e-01 9.933751007408705425e-01 9.935503495850888100e-01 9.937233096960323975e-01 9.938922350128217564e-01 9.940417451614576017e-01 9.941893485427762966e-01 9.943350846724345882e-01 9.944789919555586666e-01 9.946211077257329780e-01 9.947553524092814792e-01 9.948782910082586417e-01 9.949997337163897226e-01 9.951197101923271449e-01 9.952382492939881864e-01 9.953553791052213162e-01
7.942231015324903165e-01 8.032055282718403300e-01 8.119776255980981627e-01 8.205905633018248935e-01 8.289822258911276887e-01 8.371199741782534565e-01 8.450053622447596391e-01 8.525816685431740760e-01 8.598884929988848125e-01 8.668704617116763655e-01 8.735458056993239406e-01 8.799515946221828644e-01 8.859893144485354588e-01 8.918208470278345956e-01 8.972462966725337496e-01 9.025202281934683324e-01 9.073737864837909672e-01 9.121089133458016862e-01 9.164476542355687316e-01 9.206733503671394869e-01 9.245610715738238339e-01 9.283090590253245677e-01 9.318095385174026690e-01 9.351165136037801195e-01 9.382891670666644313e-01 9.411933569038746228e-01 9.440316501792200832e-01 9.466305489886256419e-01 9.491138297406125357e-01 9.515100199006529813e-01 9.536752344492728239e-01 9.557932882912629768e-01 9.577857460558111269e-01 9.596268665275878851e-01 9.614289160968761960e-01 9.631005683751231450e-01 9.646636474989714882e-01 9.661944439877773183e-01 9.676148029652842375e-01 9.689404180748160123e-01 9.702394085202937779e-01 9.714643053030918018e-01 9.725872934226139632e-01 9.736883569601043620e-01 9.747616512536348976e-01 9.757124074714524919e-01 9.766451254080781297e-01 9.775603274519676367e-01 9.784053185689998156e-01 9.791951097479446586e-01 9.799704890059148799e-01 9.807318629583848812e-01 9.814080493513076542e-01 9.820649455043320986e-01 9.827103108865680170e-01 9.833405604673154388e-01 9.838970452565256597e-01 9.844440352215013679e-01 9.849817849921900237e-01 9.855096820450648387e-01 9.859733379887716254e-01 9.864293776322818896e-01 9.868779990017269022e-01 9.873193934107771241e-01 9.877173539200597707e-01 9.880981345026289553e-01 9.884729464956929501e-01 9.888419390369066475e-01 9.891930022072531470e-01 9.895113053850094209e-01 9.898247971076900020e-01 9.901335938556149463e-01 9.904378083513603048e-01 9.907169202530778929e-01 9.909794682893744433e-01 9.912382204793200868e-01 9.914932651315990775e-01 9.917446878033470137e-01 9.919732917172640052e-01 9.921904276114698051e-01 9.924045568403303541e-01 9.926157466584782929e-01 9.928240622946260530e-01 9.930174539552196755e-01 9.931974405591865729e-01 9.933750369279397141e-01 9.935502945084172532e-01 9.937232632461200366e-01 9.938921961496940405e-01 9.940417048267810030e-01 9.941893067547545870e-01 9.943350414489035005e-01 9.944789473139962199e-01 9.946210616832695806e-01 9.947553054954874074e-01 9.948782440436743091e-01 9.949996867017248947e-01 9.951196631282764882e-01 9.952382021812306023e-01 9.953553319444217173e-01
7.942187591802876145e-01 8.032036702903361247e-01 8.119747640310285286e-01 8.205900940315882242e-01 8.289831650252083017e-01 8.371204801841121146e-01 8.450024128562070302e-01 8.525777994728150899e-01 8.598851660337751834e-01 8.668707862495471650e-01 8.735461744752410773e-01 8.799490916612785485e-01 8.859871622108963507e-01 8.918198829030923314e-01 8.972441369637804698e-01 9.025167562826095224e-01 9.073716495785548730e-01 9.121081010486005169e-01 9.164467832927070123e-01 9.206723766938289533e-01 9.245601442761766098e-01 9.283082078095615808e-01 9.318089277083047017e-01 9.351162570562964182e-01 9.382891944522100403e-01 9.411934409928348622e-01 9.440317901770065578e-01 9.466308314443243610e-01 9.491142813704023240e-01 9.515105830911551044e-01 9.536755998592831851e-01 9.557934588612151394e-01 9.577858190257528825e-01 9.596269721249371942e-01 9.614290537991078134e-01 9.631007515462247648e-01 9.646638864912169264e-01 9.661947379042790107e-01 9.676150452566966154e-01 9.689405213237328729e-01 9.702393749476908580e-01 9.714641923679884217e-01 9.725871916293515884e-01 9.736882661246498705e-01 9.747615687301632859e-01 9.757122943118748948e-01 9.766449821017941790e-01 9.775601544766949758e-01 9.784051643029473277e-01 9.791950096217348909e-01 9.799704421581966196e-01 9.807318685488519705e-01 9.814080324491757379e-01 9.820648988943976310e-01 9.827102350299354860e-01 9.833404568576208371e-01 9.838969311658775085e-01 9.844439108100693225e-01 9.849816504162896003e-01 9.855095380635945368e-01 9.859732239684934063e-01 9.864292931218000549e-01 9.868779435604604355e-01 9.873193666086250708e-01 9.877173184147063356e-01 9.880980793733077361e-01 9.884728720271568347e-01 9.888418455072834901e-01 9.891928952253058460e-01 9.895111970838642579e-01 9.898246875058254179e-01 9.901334829710920493e-01 9.904376962018358599e-01 9.907168251801405923e-01 9.909794011586393614e-01 9.912381809084519491e-01 9.914932527467331669e-01 9.917447022388395927e-01 9.919733112636172079e-01 9.921904430331123237e-01 9.924045681915990569e-01 9.926157539925476447e-01 9.928240656635396455e-01 9.930174519826572288e-01 9.931974320389097555e-01 9.933750219433581385e-01 9.935502731412085842e-01 9.937232355762781744e-01 9.938921632120167882e-01 9.940416758789859530e-01 9.941892817477315791e-01 9.943350203345294736e-01 9.944789300451091218e-01 9.946210482136412789e-01 9.947552938935655398e-01 9.948782313074155947e-01 9.949996728445473781e-01 9.951196481633383106e-01 9.952381861214374403e-01 9.953553148024318897e-01
7.942189090024130982e-01 8.032016084362446628e-01 8.119743068602007785e-01 8.205928091214353959e-01 8.289837335864528312e-01 8.371189423557977571e-01 8.450015395365442217e-01 8.525777465580595127e-01 8.598852963784040515e-01 8.668688314544998885e-01 8.735451463177673626e-01 8.799514234447279870e-01 8.859904208864283204e-01 8.918234315115541877e-01 8.972466177606994719e-01 9.025180987435303948e-01 9.073722532250303452e-01 9.121079716032279849e-01 9.164464675510695102e-01 9.206718939943613345e-01 9.245598924256923645e-01 9.283082650686688142e-01 9.318087667284815634e-01 9.351155101535933989e-01 9.382880937358879514e-01 9.411927534953936636e-01 9.440315103565988242e-01 9.466303938039404287e-01 9.491135036560662819e-01 9.515095446097761034e-01 9.536747196877710664e-01 9.557927346289009085e-01 9.577852023235811085e-01 9.596263984227592081e-01 9.614285224268251939e-01 9.631003430944391486e-01 9.646636639129118063e-01 9.661946982482588764e-01 9.676150720221814439e-01 9.689405185739570214e-01 9.702393431487154052e-01 9.714641298782409340e-01 9.725870955521720429e-01 9.736881369961949417e-01 9.747614111578006835e-01 9.757121730107488622e-01 9.766448964850020786e-01 9.775601039715839935e-01 9.784051085705869344e-01 9.791949190756483734e-01 9.799703173480653895e-01 9.807317100110520824e-01 9.814078906624152943e-01 9.820647786940340795e-01 9.827101360778149886e-01 9.833403791840823471e-01 9.838968802550877024e-01 9.844438862485704878e-01 9.849816518006910826e-01 9.855095644179541203e-01 9.859732372426105451e-01 9.864292935112269900e-01 9.868779312561019035e-01 9.873193417968796348e-01 9.877172822724036294e-01 9.880980323632565510e-01 9.884728143065574235e-01 9.888417772296895780e-01 9.891928220992908249e-01 9.895111316151746772e-01 9.898246295852635157e-01 9.901334324919691676e-01 9.904376530598955064e-01 9.907167834205239387e-01 9.909793572160385811e-01 9.912381348122650815e-01 9.914932045257173199e-01 9.917446519211281508e-01 9.919732619763947934e-01 9.921903960931600652e-01 9.924045235675859056e-01 9.926157116538213421e-01 9.928240255801070724e-01 9.930174131099626100e-01 9.931973934544451321e-01 9.933749836431873259e-01 9.935502351214822170e-01 9.937231978332307092e-01 9.938921253992635263e-01 9.940416347033963484e-01 9.941892372504960163e-01 9.943349725560132191e-01 9.944788790248755284e-01 9.946209939904732122e-01 9.947552396787788798e-01 9.948781821139324189e-01 9.949996286129459966e-01 9.951196088353482239e-01 9.952381516399082528e-01 9.953552851113046662e-01
7.942194085405950288e-01 8.032007523434078200e-01 8.119744229745153863e-01 8.205930282523066222e-01 8.289864065478039779e-01 8.371228225254341293e-01 8.450030535861104974e-01 8.525780146959015537e-01 8.598848814185846567e-01 8.668688274943570082e-01 8.735449231137432102e-01 8.799504718347651577e-01 8.859893588059040148e-01 8.918224202570241843e-01 8.972461772265449831e-01 9.025182505992320747e-01 9.073720338942981023e-01 9.121073840016356016e-01 9.164460297411590739e-01 9.206716213008470096e-01 9.245594545639594930e-01 9.283075968064233852e-01 9.318084678686688882e-01 9.351159983777137530e-01 9.382890824488082648e-01 9.411932975934089729e-01 9.440316157513592987e-01 9.466304895692202459e-01 9.491137293212276171e-01 9.515098417544138876e-01 9.536747718677449637e-01 9.557925455025421124e-01 9.577848911667894427e-01 9.596261249553416084e-01 9.614282860568825750e-01 9.631000910631145606e-01 9.646633547818567189e-01 9.661943329167730354e-01 9.676147340793762597e-01 9.689402766371285614e-01 9.702391956738483092e-01 9.714640560981706585e-01 9.725870631939759203e-01 9.736881453878785120e-01 9.747614561007702516e-01 9.757121981664402810e-01 9.766449021676226749e-01 9.775600904879027109e-01 9.784050838067157585e-01 9.791948888660981787e-01 9.799702817763716878e-01 9.807316691588007229e-01 9.814078518756511604e-01 9.820647426799186119e-01 9.827101027909623809e-01 9.833403475303937880e-01 9.838968332622634039e-01 9.844438241509976262e-01 9.849815748271176785e-01 9.855094731015761056e-01 9.859731518482371948e-01 9.864292139484730493e-01 9.868778574367761403e-01 9.873192736349163390e-01 9.877172165992510466e-01 9.880979682184428681e-01 9.884727516668372349e-01 9.888417160723835808e-01 9.891927634548636217e-01 9.895110778021614095e-01 9.898245805343908188e-01 9.901333881355630639e-01 9.904376133318327780e-01 9.907167469050405240e-01 9.909793230496583005e-01 9.912381029621936124e-01 9.914931749599006361e-01 9.917446246082300965e-01 9.919732351983749918e-01 9.921903691178514118e-01 9.924044963970513056e-01 9.926156842900897281e-01 9.928239980251746255e-01 9.930173844822027807e-01 9.931973629780231905e-01 9.933749513412371002e-01 9.935502010166650244e-01 9.937231619477482347e-01 9.938920882404677082e-01 9.940416009538401987e-01 9.941892068678446215e-01 9.943349454987902014e-01 9.944788552524381764e-01 9.946209734629901655e-01 9.947552199763449732e-01 9.948781594651283644e-01 9.949996030522412216e-01 9.951195803965505737e-01 9.952381203561823098e-01 9.953552510151880695e-01
