1.283080749542168109e+00 1.263653076042666967e+00 1.245767472618491745e+00 1.229382985742946799e+00 1.214351239703432395e+00 1.200453347764835810e+00 1.187627102933451084e+00 1.175858818024177355e+00 1.164891525678955153e+00 1.154807172161346207e+00 1.145455897999446471e+00 1.136736337764386207e+00 1.128739137000109416e+00 1.121186825183679847e+00 1.114323306545718539e+00 1.107777641253270051e+00 1.101858303729524424e+00 1.096179960879428039e+00 1.091048151821859991e+00 1.086124236180786351e+00 1.081641539980884081e+00 1.077373894080673633e+00 1.073424953220178057e+00 1.069728830944962406e+00 1.066217417426475134e+00 1.063019169323617508e+00 1.059924628402082680e+00 1.057101532812461775e+00 1.054422181089770261e+00 1.051855709285657969e+00 1.049538566464352396e+00 1.047288741436995352e+00 1.045180001306692974e+00 1.043233994131833597e+00 1.041341320899099809e+00 1.039588029659987090e+00 1.037951010485374415e+00 1.036356409632257281e+00 1.034877943959848334e+00 1.033499008500665894e+00 1.032153930707663481e+00 1.030887343904011821e+00 1.029724554956390037e+00 1.028588880412039774e+00 1.027485558064880955e+00 1.026504207697647830e+00 1.025544637674430826e+00 1.024606116660251365e+00 1.023738719644639250e+00 1.022927509262278711e+00 1.022133276448808026e+00 1.021355477724270600e+00 1.020662288716650101e+00 1.019989977255317148e+00 1.019330969419876221e+00 1.018688632551891793e+00 1.018119464593115087e+00 1.017561088384368650e+00 1.017013185953719479e+00 1.016476287992028382e+00 1.016003240605430014e+00 1.015538713532856629e+00 1.015082466550382367e+00 1.014634268287941454e+00 1.014229688575088995e+00 1.013842751350642279e+00 1.013462383532793831e+00 1.013088409204016216e+00 1.012732818253786027e+00 1.012410241032897007e+00 1.012092891832216512e+00 1.011780636285816604e+00 1.011473344622711545e+00 1.011191584952762845e+00 1.010926724817491129e+00 1.010665932461110028e+00 1.010409108263500944e+00 1.010156155865588268e+00 1.009926588987495322e+00 1.009708817827363436e+00 1.009494224292715625e+00 1.009282734097510348e+00 1.009074275288897038e+00 1.008881255335622562e+00 1.008702081608510159e+00 1.008525397803529788e+00 1.008351148254158502e+00 1.008179278976666371e+00 1.008011613152457464e+00 1.007864211817559363e+00 1.007718765690009066e+00 1.007575232904006413e+00 1.007433572806551547e+00 1.007293745913591554e+00 1.007162210297411153e+00 1.007042604599334590e+00 1.006924504313527313e+00 1.006807878745717311e+00 1.006692698051843804e+00 1.006578933208990057e+00
1.257340614175291638e+00 1.240256309227138809e+00 1.224487772206020120e+00 1.210004662775163498e+00 1.196680167684016194e+00 1.184328676258223689e+00 1.172899035806277190e+00 1.162380842563438099e+00 1.152555969617330645e+00 1.143495706934095635e+00 1.135073178648609904e+00 1.127202055801745040e+00 1.119961806445319175e+00 1.113113483513106905e+00 1.106869467589211675e+00 1.100908163407404050e+00 1.095499239676023251e+00 1.090306431074042903e+00 1.085598336160797928e+00 1.081077545357376657e+00 1.076950504409124321e+00 1.073017344715256005e+00 1.069370604520741397e+00 1.065951766530693456e+00 1.062700507693005836e+00 1.059731859379171581e+00 1.056858362092765180e+00 1.054230992062429983e+00 1.051734852987861846e+00 1.049342280173197972e+00 1.047176773499602254e+00 1.045073625315955823e+00 1.043099912821652486e+00 1.041275347372339066e+00 1.039500407697062201e+00 1.037853725745212508e+00 1.036314193066379064e+00 1.034814291779144080e+00 1.033421695473595525e+00 1.032121165789503303e+00 1.030852389315450202e+00 1.029656515986517196e+00 1.028556888183601359e+00 1.027482778531245700e+00 1.026439027070270793e+00 1.025508620932177761e+00 1.024598779461111553e+00 1.023708814840384562e+00 1.022885271987610478e+00 1.022114265705964975e+00 1.021359339438124181e+00 1.020619980100670343e+00 1.019959798697979814e+00 1.019319326683223226e+00 1.018691491034329655e+00 1.018079440514976008e+00 1.017536078683526801e+00 1.017002993566998859e+00 1.016479883050352528e+00 1.015967242494419498e+00 1.015514723104761652e+00 1.015070337141642076e+00 1.014633855717806066e+00 1.014205058365828860e+00 1.013817471703390316e+00 1.013446610174249418e+00 1.013082034052468439e+00 1.012723575284561361e+00 1.012382568903232194e+00 1.012072847775328688e+00 1.011768138891089741e+00 1.011468313595216939e+00 1.011173247626573568e+00 1.010902445204838962e+00 1.010647719754560026e+00 1.010396901607607534e+00 1.010149895175090018e+00 1.009906607994012662e+00 1.009685597425804771e+00 1.009475841124546580e+00 1.009269142350491810e+00 1.009065429687712179e+00 1.008864633961463531e+00 1.008678586832806312e+00 1.008505769411286446e+00 1.008335351520614820e+00 1.008167279553899842e+00 1.008001501523692278e+00 1.007839760324701572e+00 1.007697412750073074e+00 1.007556951998104688e+00 1.007418337691455390e+00 1.007281530621813692e+00 1.007146492707650554e+00 1.007019414466049145e+00 1.006903783874456559e+00 1.006789607801250153e+00 1.006676856604451276e+00 1.006565501462773238e+00 1.006455514347576408e+00
1.229377270227064889e+00 1.214747434278398153e+00 1.201207398484948508e+00 1.188735707454164681e+00 1.177225941326327741e+00 1.166525441835857047e+00 1.156593185740655061e+00 1.147420846129641792e+00 1.138830352982894700e+00 1.130880793810469020e+00 1.123468919087622142e+00 1.116523907292735096e+00 1.110112561762024219e+00 1.104037051890707222e+00 1.098475226825277318e+00 1.093158697416570568e+00 1.088314697775726758e+00 1.083660155714064599e+00 1.079423099959451182e+00 1.075351105466622270e+00 1.071620931493201256e+00 1.068061551082567728e+00 1.064753139679299521e+00 1.061645240340842733e+00 1.058686080299697574e+00 1.055975754163209990e+00 1.053351157144549521e+00 1.050944580931977512e+00 1.048655348437676382e+00 1.046459334556181453e+00 1.044465549162872930e+00 1.042528600208419531e+00 1.040708062943872303e+00 1.039021461802471569e+00 1.037380335688810717e+00 1.035854977478066985e+00 1.034426516741686175e+00 1.033034552879209977e+00 1.031739942365321516e+00 1.030528980342537482e+00 1.029347394319772846e+00 1.028232392267589557e+00 1.027205089533806959e+00 1.026201494855921492e+00 1.025225996782785920e+00 1.024354060961492063e+00 1.023501306272833533e+00 1.022667094054538595e+00 1.021893957329379043e+00 1.021169204585296253e+00 1.020459506687726670e+00 1.019764385050765387e+00 1.019142250347577550e+00 1.018538489814213133e+00 1.017946601007346796e+00 1.017369483023723875e+00 1.016855934015822083e+00 1.016352069862331842e+00 1.015857606587186046e+00 1.015372999118336006e+00 1.014944242268889907e+00 1.014523173003018197e+00 1.014109575447494027e+00 1.013703241652560649e+00 1.013335354636985208e+00 1.012983138146028139e+00 1.012636878916710614e+00 1.012296417952872174e+00 1.011972337613327833e+00 1.011677553983437061e+00 1.011387532689067337e+00 1.011102151670999483e+00 1.010821293032855506e+00 1.010563235724012188e+00 1.010320306578503802e+00 1.010081098452841442e+00 1.009845520427121279e+00 1.009613484551141083e+00 1.009402444580390190e+00 1.009202032929622517e+00 1.009004539097630992e+00 1.008809895000969625e+00 1.008618034690735632e+00 1.008440123987413672e+00 1.008274729231695144e+00 1.008111628650876224e+00 1.007950771034917148e+00 1.007792106719598291e+00 1.007637285563562246e+00 1.007500848186894338e+00 1.007366217786394236e+00 1.007233355720379420e+00 1.007102224465218354e+00 1.006972787574952788e+00 1.006850925040741362e+00 1.006739949963188829e+00 1.006630369877794307e+00 1.006522156372016807e+00 1.006415281819553531e+00 1.006309719353484011e+00
1.199511302926080658e+00 1.187396283433234778e+00 1.176152306782729307e+00 1.165764413220317319e+00 1.156144414462811909e+00 1.147171455474990553e+00 1.138813380688934673e+00 1.131062527162093545e+00 1.123780957048872597e+00 1.117014018600353431e+00 1.110682181048984640e+00 1.104730223186811244e+00 1.099211010361023089e+00 1.093969571322162215e+00 1.089146692497157565e+00 1.084530118273608457e+00 1.080301357408735674e+00 1.076234084561649373e+00 1.072512576486345459e+00 1.068932575140359109e+00 1.065638703100326046e+00 1.062490921917456976e+00 1.059555866473914421e+00 1.056791735187650128e+00 1.054155965786613525e+00 1.051732279525043889e+00 1.049384121879547660e+00 1.047223291969266779e+00 1.045164641775152115e+00 1.043187895538954857e+00 1.041386099866573156e+00 1.039635085104567258e+00 1.037986131259338363e+00 1.036454325689080358e+00 1.034963416309933271e+00 1.033574447679766362e+00 1.032271015697387995e+00 1.031000604117844333e+00 1.029816489104931732e+00 1.028706661006543399e+00 1.027623559145995680e+00 1.026599994295122498e+00 1.025654592628491901e+00 1.024730872087231015e+00 1.023832715324646259e+00 1.023027168934806497e+00 1.022239247910571081e+00 1.021468368384995884e+00 1.020752560182416113e+00 1.020080468967287324e+00 1.019422275033643910e+00 1.018777538464198384e+00 1.018198816358978354e+00 1.017636959642055139e+00 1.017086108027212221e+00 1.016548878813970491e+00 1.016069436537798909e+00 1.015599006117259506e+00 1.015137324093506654e+00 1.014684799639745449e+00 1.014283289781369835e+00 1.013888958928062412e+00 1.013501605986001586e+00 1.013121037223628784e+00 1.012775777240130681e+00 1.012444988263661694e+00 1.012119781075725422e+00 1.011800007005416724e+00 1.011495392747813638e+00 1.011217811930222865e+00 1.010944706704024032e+00 1.010675962554724361e+00 1.010411468866869056e+00 1.010168108199551273e+00 1.009938792358403337e+00 1.009712983228755023e+00 1.009490595248103251e+00 1.009271545644858659e+00 1.009072027086755252e+00 1.008882420096820942e+00 1.008695569812270820e+00 1.008511411984329920e+00 1.008329884376305552e+00 1.008161390325421847e+00 1.008004593725154052e+00 1.007849969527644163e+00 1.007697469288120651e+00 1.007547046022839732e+00 1.007400242882519725e+00 1.007270664226212364e+00 1.007142800055702114e+00 1.007016613736754218e+00 1.006892069694307557e+00 1.006769133374250558e+00 1.006653327769372774e+00 1.006547764911388088e+00 1.006443527950089623e+00 1.006340589898216065e+00 1.006238924514846200e+00 1.006138506279923961e+00
1.168184096669137695e+00 1.158588375656750769e+00 1.149657892885409538e+00 1.141381678328827531e+00 1.133687491022603799e+00 1.126484094867608921e+00 1.119746598500192869e+00 1.113466402702905311e+00 1.107544842137386132e+00 1.102012329953933945e+00 1.096812413323461577e+00 1.091905122774907699e+00 1.087328138865387261e+00 1.082970228437863502e+00 1.078933169491499866e+00 1.075062726789827394e+00 1.071492334818369363e+00 1.068054733804408185e+00 1.064887930213824108e+00 1.061838214670082214e+00 1.059016010456750978e+00 1.056313984167511988e+00 1.053784245461175217e+00 1.051394096038846815e+00 1.049110697929441560e+00 1.047000171390479517e+00 1.044954334352162562e+00 1.043062894026141940e+00 1.041257365404493429e+00 1.039521583920798742e+00 1.037931303225349877e+00 1.036385276150940449e+00 1.034925770405087153e+00 1.033565203216735728e+00 1.032240562960327290e+00 1.031002806320588272e+00 1.029838200577026353e+00 1.028702819048507688e+00 1.027641635453961699e+00 1.026644484645480304e+00 1.025671150523445485e+00 1.024749611475550326e+00 1.023895752075907550e+00 1.023061336717549397e+00 1.022249689567903186e+00 1.021518573280601583e+00 1.020803357164216774e+00 1.020103517519048486e+00 1.019452102314591935e+00 1.018839233215576456e+00 1.018238971776757928e+00 1.017650920804343828e+00 1.017121141919834271e+00 1.016606546336457306e+00 1.016101986241039423e+00 1.015609765314248403e+00 1.015168891129306195e+00 1.014736272997103450e+00 1.014311670362980200e+00 1.013895441342207659e+00 1.013524824180262796e+00 1.013160812772679442e+00 1.012803222600558994e+00 1.012451875881019925e+00 1.012132321965949489e+00 1.011825892066737342e+00 1.011524619224968724e+00 1.011228366400392931e+00 1.010945899446013208e+00 1.010687921096762087e+00 1.010434092969505038e+00 1.010184309080370157e+00 1.009938467047258870e+00 1.009711876636832706e+00 1.009498108341243539e+00 1.009287602866980160e+00 1.009080280730307644e+00 1.008876065036113268e+00 1.008689725243898438e+00 1.008512486054232493e+00 1.008337819697699755e+00 1.008165666291006790e+00 1.007995967823851924e+00 1.007838264911483650e+00 1.007691331764540843e+00 1.007546431678452370e+00 1.007403519366123934e+00 1.007262550904846510e+00 1.007124948354188421e+00 1.007003253428853995e+00 1.006883166900895077e+00 1.006764654434652462e+00 1.006647682686330425e+00 1.006532219268233108e+00 1.006423381097293790e+00 1.006324051467959446e+00 1.006225968298658291e+00 1.006129106238349058e+00 1.006033440636589393e+00 1.005938947519637638e+00
1.135923633123098186e+00 1.128794415100171866e+00 1.122142705457250811e+00 1.115959195038997098e+00 1.110184753288726345e+00 1.104754904504998692e+00 1.099650305375148074e+00 1.094859791879224886e+00 1.090322070432174995e+00 1.086051764150634868e+00 1.082014230389032772e+00 1.078184008113870274e+00 1.074582716040592967e+00 1.071142633531981803e+00 1.067925454026114274e+00 1.064835460852958438e+00 1.061956583406558963e+00 1.059181736888903380e+00 1.056601042269645463e+00 1.054112683589506494e+00 1.051791482664248489e+00 1.049563858649393611e+00 1.047466626700285675e+00 1.045476464163691777e+00 1.043570586093603758e+00 1.041796544934713964e+00 1.040075900688324451e+00 1.038475006928774702e+00 1.036942905859318476e+00 1.035467732906346860e+00 1.034106852682646460e+00 1.032783316322903655e+00 1.031529765540007748e+00 1.030355739542197613e+00 1.029212340860966357e+00 1.028139710017890174e+00 1.027126956606913000e+00 1.026139351396778254e+00 1.025212934020228728e+00 1.024339510000014997e+00 1.023486759060765472e+00 1.022677437727855798e+00 1.021924460842964733e+00 1.021188497082755609e+00 1.020472264051065503e+00 1.019823452664676999e+00 1.019188656824034478e+00 1.018567417838277311e+00 1.017987360977243627e+00 1.017440210631374686e+00 1.016904251732294373e+00 1.016379133569925486e+00 1.015903822255458833e+00 1.015441846107361545e+00 1.014988835511924758e+00 1.014546750260311159e+00 1.014148942909748552e+00 1.013758554117498933e+00 1.013375368539480847e+00 1.012999688113262797e+00 1.012663667512527343e+00 1.012333614883890620e+00 1.012009364045382664e+00 1.011690754862118125e+00 1.011400050885552071e+00 1.011120978041653462e+00 1.010846587893257764e+00 1.010576756328528392e+00 1.010319185409017662e+00 1.010083281155119028e+00 1.009851162456153251e+00 1.009622732851063409e+00 1.009397899149984568e+00 1.009190224898693478e+00 1.008994011693811421e+00 1.008800787023769630e+00 1.008610478218375572e+00 1.008423014970030396e+00 1.008251581208386982e+00 1.008088341964388457e+00 1.007927468115425551e+00 1.007768904689382294e+00 1.007612598431067541e+00 1.007467126122581380e+00 1.007331385145316283e+00 1.007197519563627353e+00 1.007065487654938751e+00 1.006935248952204986e+00 1.006808089885096180e+00 1.006695361684522894e+00 1.006584121506522989e+00 1.006474337618424642e+00 1.006365979203333261e+00 1.006259016327143430e+00 1.006158109597528494e+00 1.006065885241937741e+00 1.005974816976560549e+00 1.005884881308728440e+00 1.005796055394497346e+00 1.005708317016534625e+00
1.103303970603402684e+00 1.098535709719487663e+00 1.094078679604954418e+00 1.089923304419450512e+00 1.086020730246283206e+00 1.082329897848293809e+00 1.078835328668680260e+00 1.075521946572978171e+00 1.072362909165868849e+00 1.069356644077420926e+00 1.066488490759099239e+00 1.063746400474482545e+00 1.061135416408974352e+00 1.058630031759219214e+00 1.056251713887717880e+00 1.053962361895831368e+00 1.051796129414414471e+00 1.049705780751344797e+00 1.047732985745087442e+00 1.045828001162060428e+00 1.044029365828002431e+00 1.042297587578294493e+00 1.040653718323479859e+00 1.039083879260442433e+00 1.037575449430205410e+00 1.036156793490376815e+00 1.034780004294231226e+00 1.033487232124577160e+00 1.032245588780515311e+00 1.031047615128177108e+00 1.029931494162304784e+00 1.028845537816204470e+00 1.027812304988921177e+00 1.026838291455533403e+00 1.025889353579443775e+00 1.024994255609106286e+00 1.024145072321284156e+00 1.023316735040047387e+00 1.022535836372557183e+00 1.021796249582431093e+00 1.021073995100998610e+00 1.020386280105300303e+00 1.019742855212852017e+00 1.019113843997747182e+00 1.018501316183783478e+00 1.017942217487066481e+00 1.017395107378146646e+00 1.016859596242208674e+00 1.016357502880266717e+00 1.015882263316082224e+00 1.015416683229295680e+00 1.014960461681194026e+00 1.014544932384401799e+00 1.014140737889801080e+00 1.013744345548461379e+00 1.013357343929149668e+00 1.013006980600715368e+00 1.012663121010971556e+00 1.012325577151209632e+00 1.011994590187959231e+00 1.011696810484842279e+00 1.011404298877949026e+00 1.011116909182155466e+00 1.010834500512800327e+00 1.010575764682776434e+00 1.010327029971196833e+00 1.010082455121706912e+00 1.009841930197532545e+00 1.009611996265518341e+00 1.009400643700781863e+00 1.009192673208791469e+00 1.008987998818379639e+00 1.008786537466956013e+00 1.008599940336337042e+00 1.008423309426750514e+00 1.008249362441906438e+00 1.008078034250364352e+00 1.007909261834068815e+00 1.007754487380252417e+00 1.007606908742529672e+00 1.007461464320895672e+00 1.007318104599446595e+00 1.007176781606320848e+00 1.007045009870648933e+00 1.006921822431290359e+00 1.006800334101384031e+00 1.006680507133437930e+00 1.006562304914385031e+00 1.006446863975658079e+00 1.006344219502156356e+00 1.006242928040275153e+00 1.006142960770419759e+00 1.006044289703793781e+00 1.005946887652505728e+00 1.005854909250091245e+00 1.005770695636379664e+00 1.005687536453090170e+00 1.005605410294272861e+00 1.005524296344550095e+00 1.005444174359005460e+00
1.070899849971244766e+00 1.068340298372096653e+00 1.065949414729111533e+00 1.063715857255591146e+00 1.061598363228497766e+00 1.059575583492196493e+00 1.057634375011852867e+00 1.055754664317163138e+00 1.053940358819829282e+00 1.052173842160671224e+00 1.050458142034212061e+00 1.048793237189832750e+00 1.047167546987259223e+00 1.045595402139345653e+00 1.044058901806189654e+00 1.042575235565171621e+00 1.041129697679301414e+00 1.039733151047239179e+00 1.038379434408358781e+00 1.037069780351660198e+00 1.035806578357604923e+00 1.034583982154494430e+00 1.033407132513148197e+00 1.032271453276467632e+00 1.031174375868561199e+00 1.030124851853605916e+00 1.029105654440626294e+00 1.028134347399899395e+00 1.027196297009508763e+00 1.026288466529331700e+00 1.025429426687414658e+00 1.024593227105584647e+00 1.023792067453927368e+00 1.023029285256896292e+00 1.022285863237626380e+00 1.021578809922414788e+00 1.020903237346670434e+00 1.020244045173256620e+00 1.019618020028936423e+00 1.019021163927932960e+00 1.018438146022177859e+00 1.017880388531813729e+00 1.017354334389410031e+00 1.016839955712733001e+00 1.016338641973721479e+00 1.015876068613698724e+00 1.015423334783950526e+00 1.014980123132636747e+00 1.014562128178357892e+00 1.014164586087909603e+00 1.013775069006161100e+00 1.013393328498815471e+00 1.013042616508807781e+00 1.012701104686633435e+00 1.012366146553831170e+00 1.012038936019281854e+00 1.011740228931391261e+00 1.011447038827888889e+00 1.011159206944571620e+00 1.010876909583103833e+00 1.010620916434464611e+00 1.010369432721270000e+00 1.010122333785168358e+00 1.009879499470088815e+00 1.009655791337165098e+00 1.009440327486067712e+00 1.009228454013523901e+00 1.009020076333039251e+00 1.008820486866397914e+00 1.008636152934286212e+00 1.008454759623925279e+00 1.008276232384764048e+00 1.008100499181896037e+00 1.007937146163606856e+00 1.007782139346061534e+00 1.007629481734409582e+00 1.007479116446890144e+00 1.007330988443482456e+00 1.007194649957140253e+00 1.007064419372201813e+00 1.006936067979471661e+00 1.006809552261125562e+00 1.006684830053946600e+00 1.006568258805956573e+00 1.006459019214860362e+00 1.006351283556149223e+00 1.006245018470526276e+00 1.006140191599784739e+00 1.006037775754822672e+00 1.005946368304003302e+00 1.005856163859761176e+00 1.005767136831139608e+00 1.005679262364010063e+00 1.005592516314593343e+00 1.005510498796965413e+00 1.005435238461223069e+00 1.005360919218546201e+00 1.005287521984623123e+00 1.005215028201135841e+00 1.005143419817869255e+00
1.039338296645696769e+00 1.038786262691947737e+00 1.038285505435842637e+00 1.037822423373321090e+00 1.037360738019557971e+00 1.036894856227165151e+00 1.036412739864639887e+00 1.035888659566314374e+00 1.035352686033449210e+00 1.034772077192370299e+00 1.034164696935716110e+00 1.033540869136857943e+00 1.032872985879427663e+00 1.032211534733524783e+00 1.031501488412576384e+00 1.030811154160723886e+00 1.030079491885850462e+00 1.029371842763147304e+00 1.028636228999002755e+00 1.027922292466747267e+00 1.027197442167740116e+00 1.026488075616355689e+00 1.025783714423789128e+00 1.025088682302843335e+00 1.024410048142014418e+00 1.023737609718113450e+00 1.023084194068653474e+00 1.022442988228642546e+00 1.021817351899294124e+00 1.021208577262384454e+00 1.020615648997323710e+00 1.020038225505904839e+00 1.019478100966906942e+00 1.018935406869639904e+00 1.018406287689738621e+00 1.017895856263014709e+00 1.017402269205278431e+00 1.016920498626629366e+00 1.016457343252050949e+00 1.016010954078300443e+00 1.015574800252727838e+00 1.015154375037598644e+00 1.014752721009251513e+00 1.014359895742355411e+00 1.013976585068448788e+00 1.013616818786188034e+00 1.013264641251516940e+00 1.012919809640695057e+00 1.012591656611144142e+00 1.012277282451118809e+00 1.011969208908942042e+00 1.011667242226965913e+00 1.011386225197438593e+00 1.011112159379515374e+00 1.010843320547659463e+00 1.010580489722218811e+00 1.010337626906810060e+00 1.010099225755878072e+00 1.009865158487839087e+00 1.009635533208229852e+00 1.009424920906048628e+00 1.009218001704123679e+00 1.009014673922614014e+00 1.008814839538788588e+00 1.008629303454440684e+00 1.008450137550786607e+00 1.008273945598325838e+00 1.008100649514680924e+00 1.007934212171608390e+00 1.007779478488510128e+00 1.007627205041579543e+00 1.007477329637297192e+00 1.007329792174960881e+00 1.007191967671419164e+00 1.007060746948941876e+00 1.006931509349878073e+00 1.006804206971762650e+00 1.006678793459553800e+00 1.006562790245092875e+00 1.006451719570796710e+00 1.006342247795876554e+00 1.006234337968158865e+00 1.006127954283502213e+00 1.006028205848128465e+00 1.005934432555413816e+00 1.005841947659531499e+00 1.005750722630536220e+00 1.005660729793298458e+00 1.005572764335264990e+00 1.005493863114789610e+00 1.005415998534114230e+00 1.005339148572765184e+00 1.005263291843455198e+00 1.005188407569355125e+00 1.005117491107323513e+00 1.005052230244972478e+00 1.004987784265999551e+00 1.004924136665169110e+00 1.004861271391658262e+00 1.004799172833616083e+00
1.009189764372607767e+00 1.010430526024341802e+00 1.011627821753267265e+00 1.012765699351577897e+00 1.013810946838614058e+00 1.014770149681094136e+00 1.015631523429015637e+00 1.016363440558243791e+00 1.017017689940858283e+00 1.017547756286313998e+00 1.017983587628295661e+00 1.018344215766396665e+00 1.018586951196421397e+00 1.018794388469607792e+00 1.018877340365720752e+00 1.018950303976270400e+00 1.018909352851084416e+00 1.018869731837122483e+00 1.018736695700713790e+00 1.018604717488938549e+00 1.018408244611561431e+00 1.018203787172037966e+00 1.017965905122471426e+00 1.017707235281363642e+00 1.017443872152436590e+00 1.017147208134014713e+00 1.016858757165462368e+00 1.016548156223226362e+00 1.016236052724072136e+00 1.015927858942423212e+00 1.015603455912230446e+00 1.015287391210450307e+00 1.014971238672353060e+00 1.014651948546457350e+00 1.014340525272396487e+00 1.014030329959767496e+00 1.013722498983395948e+00 1.013421940434629187e+00 1.013125522106000709e+00 1.012833512691187821e+00 1.012548121643494836e+00 1.012268913949769367e+00 1.011995522035045170e+00 1.011728079064909691e+00 1.011466567036296560e+00 1.011213370553208035e+00 1.010965468030579517e+00 1.010722691478065149e+00 1.010487985058035054e+00 1.010260315828513278e+00 1.010037174956277761e+00 1.009818424158918981e+00 1.009610344395696968e+00 1.009406904626193091e+00 1.009207319569169314e+00 1.009011947828119871e+00 1.008827795018590434e+00 1.008647006191103035e+00 1.008469485489164708e+00 1.008295271302990459e+00 1.008132580807109990e+00 1.007972729255200983e+00 1.007815638819417936e+00 1.007661234458772981e+00 1.007516139783013243e+00 1.007375470201647527e+00 1.007237125918270193e+00 1.007101046101011477e+00 1.006969816064569478e+00 1.006846599061937075e+00 1.006725334240841097e+00 1.006605972401908966e+00 1.006488465996400183e+00 1.006377891228680932e+00 1.006272100063532626e+00 1.006167902884227416e+00 1.006065261287044210e+00 1.005964138105768679e+00 1.005869932509221076e+00 1.005779424617298412e+00 1.005690216274310655e+00 1.005602277511543408e+00 1.005515579289439909e+00 1.005433919239800522e+00 1.005356804370646895e+00 1.005280746711950668e+00 1.005205722895923026e+00 1.005131710253733379e+00 1.005059316766951927e+00 1.004993933966814801e+00 1.004929408608152164e+00 1.004865722505140724e+00 1.004802857994131493e+00 1.004740797914931205e+00 1.004681897636043653e+00 1.004627484159083428e+00 1.004573749060757137e+00 1.004520678618449292e+00 1.004468259486898774e+00 1.004416478685394187e+00
9.809082559886140862e-01 9.837127205630304960e-01 9.863997428438426862e-01 9.889515948203738693e-01 9.913365665829831919e-01 9.935701054675349919e-01 9.956402017631315049e-01 9.975095286554529483e-01 9.992470000580426781e-01 1.000794147268039280e+00 1.002190243488665367e+00 1.003461386381707454e+00 1.004551242038884462e+00 1.005569875403515168e+00 1.006397683554333788e+00 1.007189542347816769e+00 1.007803068336802221e+00 1.008397813549867239e+00 1.008840262907289231e+00 1.009265222820785013e+00 1.009576902919029573e+00 1.009859195221757266e+00 1.010072713968964697e+00 1.010237655667064915e+00 1.010378330481180642e+00 1.010448887052147748e+00 1.010517539359915506e+00 1.010531747623005128e+00 1.010528350821619847e+00 1.010516586242111714e+00 1.010458183868881976e+00 1.010401257562736799e+00 1.010327604547678559e+00 1.010231101507574225e+00 1.010136940045762044e+00 1.010027165114754766e+00 1.009905756307530433e+00 1.009787177140016423e+00 1.009658663058673245e+00 1.009522518938111846e+00 1.009389423968357402e+00 1.009253150789189757e+00 1.009109989816456165e+00 1.008969911660450469e+00 1.008832203866239396e+00 1.008687769199370532e+00 1.008546327044255175e+00 1.008407783255598877e+00 1.008268739813339865e+00 1.008130011144069638e+00 1.007994020155679404e+00 1.007860683853336381e+00 1.007727767241057615e+00 1.007597159693727429e+00 1.007469010091611494e+00 1.007343255050334285e+00 1.007219946957202295e+00 1.007098878102727246e+00 1.006979985016407175e+00 1.006863236106913195e+00 1.006750448079134053e+00 1.006639618206059072e+00 1.006530693046639779e+00 1.006423621064601370e+00 1.006320792134245190e+00 1.006220402375319622e+00 1.006121664877190014e+00 1.006024536578429940e+00 1.005930201537401869e+00 1.005840111652289259e+00 1.005751443773049258e+00 1.005664162177128063e+00 1.005578232336703737e+00 1.005496376807996084e+00 1.005417431269261863e+00 1.005339671434880788e+00 1.005263068815416938e+00 1.005187595837067738e+00 1.005116468571752630e+00 1.005047760875994234e+00 1.004980037031430351e+00 1.004913274401737944e+00 1.004847451050887353e+00 1.004785010057129391e+00 1.004725630909878431e+00 1.004667063938635918e+00 1.004609291226561174e+00 1.004552295391760941e+00 1.004496490046393076e+00 1.004445557653850685e+00 1.004395291881272190e+00 1.004345678613288717e+00 1.004296704139211016e+00 1.004248355138544158e+00 1.004202318868090638e+00 1.004159545615371130e+00 1.004117304732751181e+00 1.004075585466035481e+00 1.004034377356381125e+00 1.003993670230287405e+00
9.550061880708606843e-01 9.591303306557354968e-01 9.630819408940576309e-01 9.668426414256787726e-01 9.703810272046526908e-01 9.737182882629922265e-01 9.768420609616066397e-01 9.797099609884931670e-01 9.824033175951475405e-01 9.848540368317496574e-01 9.871079178300897761e-01 9.891964972274475132e-01 9.910517664464580934e-01 9.928060422817787112e-01 9.943140424138741107e-01 9.957641447338309026e-01 9.969810676155310691e-01 9.981619118671104518e-01 9.991395358144086192e-01 1.000083485750988155e+00 1.000871353851277235e+00 1.001610935305942363e+00 1.002250326759908106e+00 1.002816343351885964e+00 1.003340483504252978e+00 1.003761331595125039e+00 1.004171051828499195e+00 1.004496907764218738e+00 1.004790406996880936e+00 1.005064216619753870e+00 1.005263362721190434e+00 1.005457573648866898e+00 1.005619582440347770e+00 1.005740388167606580e+00 1.005858312619020589e+00 1.005944812129579091e+00 1.006006502427327920e+00 1.006066777517371724e+00 1.006103794975162558e+00 1.006121762014657417e+00 1.006139333619854526e+00 1.006144782573489049e+00 1.006131216332064149e+00 1.006117940734350569e+00 1.006103578165475021e+00 1.006068032715429883e+00 1.006033218113270955e+00 1.005999111531674428e+00 1.005956202390906773e+00 1.005907080344436766e+00 1.005858920767057185e+00 1.005811694672573253e+00 1.005754901053642625e+00 1.005698113231343171e+00 1.005642387310766717e+00 1.005587247627467207e+00 1.005525945555706180e+00 1.005465750421084214e+00 1.005406631006233287e+00 1.005348487278034053e+00 1.005286839268551891e+00 1.005226256267023555e+00 1.005166709334222475e+00 1.005108170557755365e+00 1.005048839744930422e+00 1.004989961075185123e+00 1.004932047319375465e+00 1.004875073423060261e+00 1.004818827286114713e+00 1.004763054846695924e+00 1.004708159473457263e+00 1.004654119203630014e+00 1.004600912806703272e+00 1.004548904164846546e+00 1.004497914469639985e+00 1.004447688159707752e+00 1.004398206942669125e+00 1.004349453112513890e+00 1.004302441240033872e+00 1.004256549668695486e+00 1.004211313435309227e+00 1.004166717496825401e+00 1.004122747274556859e+00 1.004080470885592380e+00 1.004039742780383548e+00 1.003999570437251299e+00 1.003959941620065965e+00 1.003920844457367068e+00 1.003882494471344700e+00 1.003846831300988507e+00 1.003811633963425765e+00 1.003776892611394134e+00 1.003742597679506909e+00 1.003708739874178191e+00 1.003676321423946582e+00 1.003645906287258471e+00 1.003615869060371146e+00 1.003586202120091642e+00 1.003556898052318180e+00 1.003527949644962503e+00
9.314535775536076923e-01 9.366881836619653789e-01 9.417095643575944530e-01 9.464997497692096973e-01 9.510268447228015232e-01 9.553153659844858536e-01 9.593526321535411627e-01 9.630918830692445365e-01 9.666231481716837104e-01 9.698708472509490752e-01 9.728850934132101669e-01 9.757015629061241979e-01 9.782423474652366391e-01 9.806575827252190791e-01 9.827805510544797007e-01 9.848271491329672056e-01 9.865942464053204519e-01 9.883104679765792877e-01 9.897797973830371188e-01 9.912014307909551292e-01 9.924298430239554270e-01 9.935934413620377548e-01 9.946292121973062672e-01 9.955697093942604825e-01 9.964526529850228354e-01 9.972027470574253982e-01 9.979333972594093272e-01 9.985537342225945245e-01 9.991283743447980648e-01 9.996730184453795909e-01 1.000117541596871051e+00 1.000551218746202897e+00 1.000938494141846880e+00 1.001267712271181720e+00 1.001589182929478961e+00 1.001864606476046582e+00 1.002103007364598009e+00 1.002335999306357195e+00 1.002533308095322262e+00 1.002700893718606379e+00 1.002864813813082900e+00 1.003008194327439595e+00 1.003121155656479635e+00 1.003231734683083465e+00 1.003337927209771774e+00 1.003409275279405266e+00 1.003479172026514377e+00 1.003547662325094292e+00 1.003599440103946971e+00 1.003638773469125889e+00 1.003677343031819547e+00 1.003715171605968681e+00 1.003733879418912345e+00 1.003750360225741822e+00 1.003766535295665951e+00 1.003781534107301310e+00 1.003782086709748445e+00 1.003782629556040806e+00 1.003783162915773852e+00 1.003783520982227229e+00 1.003773141058206919e+00 1.003762939602610205e+00 1.003752911786219837e+00 1.003743052950431425e+00 1.003727493037969376e+00 1.003710436000599060e+00 1.003693657286258478e+00 1.003677149695321180e+00 1.003659338306952309e+00 1.003638303062731829e+00 1.003617597353480884e+00 1.003597212954288498e+00 1.003577141913590820e+00 1.003555432946914738e+00 1.003532874289585264e+00 1.003510652251028645e+00 1.003488758787780766e+00 1.003467186113517151e+00 1.003444776300715491e+00 1.003422194842543913e+00 1.003399934932391435e+00 1.003377989206972964e+00 1.003356350529782670e+00 1.003334723103598281e+00 1.003313134824277641e+00 1.003291840409770597e+00 1.003270833403376860e+00 1.003250107540457625e+00 1.003229680824245129e+00 1.003209754129450237e+00 1.003190087170184208e+00 1.003170674465501344e+00 1.003151510691089543e+00 1.003132590673685653e+00 1.003114229561450577e+00 1.003096603748837135e+00 1.003079196545497265e+00 1.003062003548190750e+00 1.003045020474286675e+00 1.003028243157686239e+00
9.106100649610437969e-01 9.167436770694770143e-01 9.226359068504964567e-01 9.282704848493498195e-01 9.336144382672841857e-01 9.386934494097832760e-01 9.434947777707520800e-01 9.479682049496308549e-01 9.522088224036228121e-01 9.561358896687166542e-01 9.598017590918304087e-01 9.632450321341642363e-01 9.663799295963001468e-01 9.693698412721677427e-01 9.720312293724786556e-01 9.746012206676595291e-01 9.768546057873924715e-01 9.790448373452708131e-01 9.809525136751222618e-01 9.828007259235175264e-01 9.844247620629622553e-01 9.859700198007583793e-01 9.873641035585599690e-01 9.886443169907581652e-01 9.898534905881192225e-01 9.909044741510274479e-01 9.919287259583366989e-01 9.928197469991182356e-01 9.936534058151248461e-01 9.944479722476040617e-01 9.951200858194312326e-01 9.957760505087633884e-01 9.963730035693630915e-01 9.968969299984109522e-01 9.974086944251218112e-01 9.978613242352616375e-01 9.982659687635533352e-01 9.986615434390315738e-01 9.990102114691199464e-01 9.993194932420438326e-01 9.996220826911744739e-01 9.998964554515537007e-01 1.000130025650841858e+00 1.000358716606488008e+00 1.000579954456746412e+00 1.000753848280680591e+00 1.000924234318630646e+00 1.001091220177813046e+00 1.001234182060516842e+00 1.001358924382850901e+00 1.001481261786537846e+00 1.001601265628692339e+00 1.001693249366648608e+00 1.001780892694751790e+00 1.001866919850054494e+00 1.001950092376540091e+00 1.002011053792318362e+00 1.002070927781290477e+00 1.002129744678442957e+00 1.002187277599826398e+00 1.002227263679302816e+00 1.002266566284239158e+00 1.002305203813589563e+00 1.002343194019750916e+00 1.002370822678097184e+00 1.002395088769932219e+00 1.002418960844366991e+00 1.002442449050581663e+00 1.002462683270862076e+00 1.002476159319903859e+00 1.002489425168048287e+00 1.002502486042262220e+00 1.002515346996425638e+00 1.002523840855625403e+00 1.002529681224016089e+00 1.002535434793523805e+00 1.002541103631104935e+00 1.002546689737854546e+00 1.002548942840271629e+00 1.002549768008573983e+00 1.002550581500303073e+00 1.002551383581435918e+00 1.002552174509800942e+00 1.002551337387531882e+00 1.002549068036464819e+00 1.002546829526589800e+00 1.002544621181189033e+00 1.002542442343648421e+00 1.002540118504788191e+00 1.002536154647791777e+00 1.002532242366056314e+00 1.002528380572850875e+00 1.002524568212456613e+00 1.002520804259065645e+00 1.002516730290241798e+00 1.002512142683743779e+00 1.002507611884894567e+00 1.002503136750993340e+00 1.002498716170601378e+00 1.002494349062486023e+00
8.922976658719896648e-01 8.991538184990416349e-01 9.057497487566990024e-01 9.120719380969195544e-01 9.180859426648747545e-01 9.238170032313804958e-01 9.292526035027799391e-01 9.343399110454748691e-01 9.391762634158480338e-01 9.436777106304539142e-01 9.478972848279819674e-01 9.518755778032188530e-01 9.555207844893970348e-01 9.590057484128780008e-01 9.621341636126566899e-01 9.651590065458847123e-01 9.678378401342724313e-01 9.704433670432769388e-01 9.727375012246578523e-01 9.749623484906111415e-01 9.769375724027280494e-01 9.788223313041344298e-01 9.805363722304480945e-01 9.821208935801617468e-01 9.836228992909317181e-01 9.849452804912280923e-01 9.862346002529374100e-01 9.873710735890482981e-01 9.884401002310547746e-01 9.894620990779288139e-01 9.903423202607616327e-01 9.912016878130280872e-01 9.919910019780975308e-01 9.926941869704759558e-01 9.933812529099689259e-01 9.939976281042944839e-01 9.945563111853594762e-01 9.951026116304768632e-01 9.955920080069409206e-01 9.960333909392545815e-01 9.964653182181923974e-01 9.968621227151412967e-01 9.972088017197597853e-01 9.975483028178921963e-01 9.978775405527117170e-01 9.981481427436383891e-01 9.984133292680166250e-01 9.986732650299472436e-01 9.989025115280532052e-01 9.991082609827139915e-01 9.993100711485478627e-01 9.995080581676786258e-01 9.996698915799719920e-01 9.998254192518015726e-01 9.999780962806300577e-01 1.000126347864007004e+00 1.000245243027670483e+00 1.000362028631529121e+00 1.000476763245208733e+00 1.000589164075935233e+00 1.000677705735257383e+00 1.000764740969374955e+00 1.000850310166127022e+00 1.000934452300046962e+00 1.001003886088996264e+00 1.001068203589587924e+00 1.001131480879910995e+00 1.001193744662044915e+00 1.001250915818401532e+00 1.001298010751020984e+00 1.001344373550139943e+00 1.001390022369145427e+00 1.001434974761971519e+00 1.001472982157921798e+00 1.001506627204972411e+00 1.001539773527918564e+00 1.001572432976655991e+00 1.001604617024302923e+00 1.001631097523621117e+00 1.001654951241487179e+00 1.001678467243595660e+00 1.001701653226079403e+00 1.001724516649123986e+00 1.001744184639293156e+00 1.001761012600767664e+00 1.001777612634480619e+00 1.001793989727556733e+00 1.001810148719347371e+00 1.001825731189191160e+00 1.001837620842946919e+00 1.001849356187183071e+00 1.001860940466484662e+00 1.001872376833020217e+00 1.001883668349828671e+00 1.001893809102521127e+00 1.001902230097463598e+00 1.001910547035248733e+00 1.001918762005380437e+00 1.001926877040290487e+00 1.001934894117261221e+00
8.763471645092577589e-01 8.837775853125600101e-01 8.909359073591035516e-01 8.978122644771038274e-01 9.043704405781929356e-01 9.106340105301499177e-01 9.165909305873501944e-01 9.221865453831581405e-01 9.275182710783915763e-01 9.325005944879318776e-01 9.371859575084857674e-01 9.416162323006492807e-01 9.456952018501171287e-01 9.496020712150227139e-01 9.531312037827476269e-01 9.565469509945535576e-01 9.595937722129831426e-01 9.625589290578994150e-01 9.651898550466404547e-01 9.677433517802177532e-01 9.700266123075101943e-01 9.722097265557820833e-01 9.742059930295540182e-01 9.760597480126405046e-01 9.778213182675002946e-01 9.793853446597994283e-01 9.809108622843517589e-01 9.822669250578430766e-01 9.835469150748255007e-01 9.847730437222055322e-01 9.858409466091249129e-01 9.868838672714825844e-01 9.878471742054375504e-01 9.887130142221313145e-01 9.895592307607592453e-01 9.903246944022500164e-01 9.910239904669524424e-01 9.917079443456543464e-01 9.923262128108946145e-01 9.928888730926140882e-01 9.934395889274255653e-01 9.939490515771356449e-01 9.944001291169844992e-01 9.948419428493435746e-01 9.952709558657532041e-01 9.956312994023281959e-01 9.959844833250171003e-01 9.963307241577195050e-01 9.966402983763352763e-01 9.969216309634152395e-01 9.971976114553267045e-01 9.974683967242676808e-01 9.976957111820227153e-01 9.979149205307021875e-01 9.981301345874594722e-01 9.983394755776763274e-01 9.985129817619310399e-01 9.986834247489322358e-01 9.988508892082654800e-01 9.990150420836926282e-01 9.991495821743823225e-01 9.992818432434175113e-01 9.994118861578475954e-01 9.995397696632399853e-01 9.996489556322076808e-01 9.997514033247857368e-01 9.998522004363616933e-01 9.999513891975946311e-01 1.000043779992501713e+00 1.000123029720524137e+00 1.000201051544948649e+00 1.000277875824977292e+00 1.000353531920091354e+00 1.000419850284930856e+00 1.000480215516542648e+00 1.000539688535100336e+00 1.000598290487971775e+00 1.000656041851711864e+00 1.000705878894642131e+00 1.000751965758277517e+00 1.000797401766827521e+00 1.000842201721261482e+00 1.000886379969686546e+00 1.000925890296203713e+00 1.000961237134017301e+00 1.000996106246876849e+00 1.001030508068688984e+00 1.001064452724709009e+00 1.001097409353794987e+00 1.001124740408405378e+00 1.001151717405922570e+00 1.001178347779437594e+00 1.001204638750624376e+00 1.001230597337250394e+00 1.001254606493372501e+00 1.001275752310464950e+00 1.001296637245090215e+00 1.001317266529005545e+00 1.001337645251238806e+00 1.001357778362892859e+00
8.628467364347598423e-01 8.707134070123244696e-01 8.783018765066309408e-01 8.856066692603861146e-01 8.925896157931779706e-01 8.992716135141651801e-01 9.056413685344785192e-01 9.116430292359252174e-01 9.173722516183141495e-01 9.227433931562939451e-01 9.278074310106190214e-01 9.326069020967708845e-01 9.370426034097227852e-01 9.412973557068590180e-01 9.451593326110379056e-01 9.489002380907624046e-01 9.522554379254367651e-01 9.555222646305416845e-01 9.584374729336688770e-01 9.612686861733613641e-01 9.638136759873690007e-01 9.662507658738305194e-01 9.684882504358092170e-01 9.705728663384985966e-01 9.725574311258492477e-01 9.743300794090314909e-01 9.760596597736009850e-01 9.776063079834080849e-01 9.790697716974030573e-01 9.804736571247399946e-01 9.817057411415237578e-01 9.829093216606296091e-01 9.840253114318601169e-01 9.850343918735442461e-01 9.860208318330646593e-01 9.869180291125380089e-01 9.877418867564209393e-01 9.885478330105238465e-01 9.892806376266086721e-01 9.899513693597868924e-01 9.906079785349085620e-01 9.912180799089262973e-01 9.917627392301505695e-01 9.922962948457908494e-01 9.928148255524390509e-01 9.932560643897047070e-01 9.936885939856370253e-01 9.941126760992485822e-01 9.944949019167425019e-01 9.948447550704956344e-01 9.951879914650768599e-01 9.955248040009825328e-01 9.958117543256013171e-01 9.960889987061732898e-01 9.963612162393129523e-01 9.966262656742560511e-01 9.968497991873984665e-01 9.970694045482721979e-01 9.972851898882204580e-01 9.974967784979760221e-01 9.976736722390223688e-01 9.978475817840908313e-01 9.980185865478033991e-01 9.981867631871200741e-01 9.983326951549175154e-01 9.984704336984439044e-01 9.986059610522139973e-01 9.987393336145881095e-01 9.988643751274041138e-01 9.989735340478884673e-01 9.990810070158258061e-01 9.991868356022509667e-01 9.992910600128970255e-01 9.993837905321935056e-01 9.994691298226306975e-01 9.995532112833382943e-01 9.996360646573723141e-01 9.997177187464463266e-01 9.997894566661708060e-01 9.998564218741856635e-01 9.999224436746354527e-01 9.999875434775294947e-01 1.000051742039067992e+00 1.000109931334823621e+00 1.000162750644053133e+00 1.000214857596536389e+00 1.000266267723167957e+00 1.000316996096168198e+00 1.000366354702436622e+00 1.000408318547683528e+00 1.000449739781310132e+00 1.000490629777450513e+00 1.000530999587189829e+00 1.000570859950021596e+00 1.000608033738370928e+00 1.000641290887557044e+00 1.000674138388222056e+00 1.000706584444654768e+00 1.000738637037590140e+00 1.000770303931725946e+00
8.512537417191692324e-01 8.594591224094654258e-01 8.673838928163206674e-01 8.750274016694661317e-01 8.823493510435402865e-01 8.893673649593216712e-01 8.960710409339164295e-01 9.024038009650383607e-01 9.084584619323380350e-01 9.141501990335408889e-01 9.195279404600632533e-01 9.246345062855447772e-01 9.293686666122688012e-01 9.339150927248348610e-01 9.380579114297865617e-01 9.420734828116654747e-01 9.456909080302248194e-01 9.492144470022675362e-01 9.523730439599703557e-01 9.554422390701865497e-01 9.582125361809411546e-01 9.608685903675127093e-01 9.633146662204540300e-01 9.655993989097152452e-01 9.677775380769553237e-01 9.697319331206798454e-01 9.716393883624990790e-01 9.733527373424142315e-01 9.749769307291040743e-01 9.765367054122361390e-01 9.779133489401630186e-01 9.792584527929552030e-01 9.805091885959534848e-01 9.816450019796977289e-01 9.827555551681117496e-01 9.837696507794485568e-01 9.847042943989549046e-01 9.856187796863843387e-01 9.864537199464510353e-01 9.872210240021122019e-01 9.879722882692804076e-01 9.886724872536251096e-01 9.893011373336084713e-01 9.899170544977271557e-01 9.905159854033872557e-01 9.910301246038057954e-01 9.915341748098066565e-01 9.920284375869209414e-01 9.924763035508220588e-01 9.928881744760541528e-01 9.932922961364978320e-01 9.936888933732334062e-01 9.940300173507097270e-01 9.943600087641980556e-01 9.946840445744995485e-01 9.949997527125643559e-01 9.952689355043508046e-01 9.955334075008014372e-01 9.957932979013802699e-01 9.960481918787030819e-01 9.962638904423910535e-01 9.964759635154314399e-01 9.966845072686756346e-01 9.968896145445678147e-01 9.970693070501405186e-01 9.972394975996168309e-01 9.974069648012641176e-01 9.975717779231443316e-01 9.977268797939594647e-01 9.978636395053822605e-01 9.979982929947306403e-01 9.981308920691496223e-01 9.982614868383438145e-01 9.983786488320808283e-01 9.984871229925404990e-01 9.985940023368508056e-01 9.986993244966262395e-01 9.988031259148979490e-01 9.988951978508915364e-01 9.989815674749180641e-01 9.990667229887081335e-01 9.991506918949493166e-01 9.992335008579262823e-01 9.993090809417021214e-01 9.993781934141611201e-01 9.994463755754277035e-01 9.995136476758358368e-01 9.995800293685499494e-01 9.996446900719297979e-01 9.997003453235855375e-01 9.997552821302164716e-01 9.998095155308550641e-01 9.998630601379421279e-01 9.999159301524397359e-01 9.999654359902858669e-01 1.000010058262765567e+00 1.000054131690280457e+00 1.000097667251773625e+00 1.000140675627356757e+00 1.000183167208345436e+00
8.415543693422530280e-01 8.500107597574736440e-01 8.581871526797585359e-01 8.660879333744873065e-01 8.736705930103831896e-01 8.809490496449302599e-01 8.879139196576630866e-01 8.945082874976129084e-01 9.008212661408362409e-01 9.067696000769908116e-01 9.123997385424786888e-01 9.177544831918023061e-01 9.227314620720422633e-01 9.275157015242087022e-01 9.318891453265540914e-01 9.361304919855792939e-01 9.399647991504862521e-01 9.437007827113434999e-01 9.470619158781377056e-01 9.503292939302013798e-01 9.532881445485739125e-01 9.561277173480884350e-01 9.587492210781435320e-01 9.612027118845256624e-01 9.635443518796176221e-01 9.656529389162299415e-01 9.677113736273911249e-01 9.695667328704951071e-01 9.713280654334872644e-01 9.730209766132422722e-01 9.745215239995449474e-01 9.759879775272489733e-01 9.773544819475442624e-01 9.785994797447321591e-01 9.798169981957493002e-01 9.809320427792725949e-01 9.819625269038293469e-01 9.829709382202398427e-01 9.838944484955369774e-01 9.847456599002434308e-01 9.855791883731783720e-01 9.863578173723798193e-01 9.870597756795943534e-01 9.877475965150093185e-01 9.884167495978503082e-01 9.889947986485229103e-01 9.895615624677797095e-01 9.901173767603447251e-01 9.906229322775572665e-01 9.910894044941179759e-01 9.915471401784886618e-01 9.919963917569255551e-01 9.923853649339769989e-01 9.927619671626654041e-01 9.931318002528751743e-01 9.934922939644273976e-01 9.938019409818794614e-01 9.941061888824174186e-01 9.944051852632608268e-01 9.946984827947800145e-01 9.949486999054770742e-01 9.951947250260473332e-01 9.954366690378293470e-01 9.956746389959655330e-01 9.958844575420875422e-01 9.960836354831640316e-01 9.962796353996673515e-01 9.964725379237353575e-01 9.966545193992097929e-01 9.968160094169776775e-01 9.969750186935679714e-01 9.971316081151855304e-01 9.972858365773608069e-01 9.974249260603985645e-01 9.975541846746206476e-01 9.976815471636449884e-01 9.978070581837981123e-01 9.979307609835255111e-01 9.980411433212097450e-01 9.981450044947901556e-01 9.982474085604968739e-01 9.983483884708100886e-01 9.984479761752488303e-01 9.985392549138024654e-01 9.986230935288292754e-01 9.987058055601422124e-01 9.987874154949952787e-01 9.988679470994938914e-01 9.989464431851657888e-01 9.990145004244025406e-01 9.990816804517147487e-01 9.991480016065302783e-01 9.992134817086726351e-01 9.992781380767462585e-01 9.993388262483441364e-01 9.993937699731545443e-01 9.994480387871123028e-01 9.995016461763461812e-01 9.995546052602739540e-01 9.996069288039056699e-01
8.334364516229059161e-01 8.420774714801720906e-01 8.504411266982069284e-01 8.585369541724594544e-01 8.663201818948563782e-01 8.738007476929772199e-01 8.809703203322049037e-01 8.877718765210356189e-01 8.942903764146686862e-01 9.004446029810337926e-01 9.062783092291534226e-01 9.118340840473774245e-01 9.170090543628799384e-01 9.219875901115134331e-01 9.265507303252612514e-01 9.309779312759280945e-01 9.349919112269828858e-01 9.389039651415143073e-01 9.424340093170233690e-01 9.458667726252888430e-01 9.489836315293710411e-01 9.519771838245939533e-01 9.547462497127320313e-01 9.573419745773018574e-01 9.598215848624753743e-01 9.620607195561817759e-01 9.642470311693184248e-01 9.662230045149956537e-01 9.681009549953265569e-01 9.699071799193650367e-01 9.715135557281479040e-01 9.730836898172940952e-01 9.745492689882643278e-01 9.758879190278691995e-01 9.771972130861213968e-01 9.783990738653427499e-01 9.795121507472576150e-01 9.806015262017719891e-01 9.816015253251538786e-01 9.825253224535327456e-01 9.834300318334117108e-01 9.842765899031328258e-01 9.850421385557569520e-01 9.857923442190867913e-01 9.865224430170879133e-01 9.871560885608913205e-01 9.877774181403498055e-01 9.883867966010063677e-01 9.889426249399195790e-01 9.894567339839537290e-01 9.899612524725419638e-01 9.904564565015486766e-01 9.908872999069767706e-01 9.913047059593965704e-01 9.917146361061005555e-01 9.921143520518810321e-01 9.924595347843062632e-01 9.927987180602225736e-01 9.931320654230002543e-01 9.934591016107415795e-01 9.937397012242451533e-01 9.940156132723103610e-01 9.942869614349345575e-01 9.945538651353318382e-01 9.947902325362097953e-01 9.950149652305574355e-01 9.952361212241324084e-01 9.954537910664793543e-01 9.956594891750157883e-01 9.958428335489410976e-01 9.960233678020476988e-01 9.962011607722286444e-01 9.963762790509330669e-01 9.965347714635770515e-01 9.966824355533725477e-01 9.968279378241794442e-01 9.969713291043188486e-01 9.971126586222299748e-01 9.972392687481423934e-01 9.973586370941198709e-01 9.974763337017217291e-01 9.975923963218928936e-01 9.977068615581584643e-01 9.978120682362386917e-01 9.979089795634520366e-01 9.980045906386827426e-01 9.980989296879007044e-01 9.981920241068059640e-01 9.982828051725664009e-01 9.983618837900257725e-01 9.984399445041209908e-01 9.985170085719865529e-01 9.985930966491066707e-01 9.986682288105823702e-01 9.987388561071628423e-01 9.988029738269970093e-01 9.988663048605844752e-01 9.989288649124998809e-01 9.989906692606576044e-01 9.990517327706129880e-01
8.265878253801094422e-01 8.353650747678157407e-01 8.438688327000029021e-01 8.521136769147870105e-01 8.600526126564185248e-01 8.676915644596664423e-01 8.750232806565197974e-01 8.819908344614806328e-01 8.886747857805812334e-01 8.949962404522546766e-01 9.009961493282225842e-01 9.067167623180050207e-01 9.120550994573680681e-01 9.171942405867639092e-01 9.219152486441376526e-01 9.264972248497187479e-01 9.306617210557878161e-01 9.347213198392481104e-01 9.383933844110673439e-01 9.419652633429167476e-01 9.452155335379475165e-01 9.483392336369066422e-01 9.512333725071574486e-01 9.539499164925756558e-01 9.565468505497788376e-01 9.588973360663485268e-01 9.611927541265452568e-01 9.632719516437745488e-01 9.652498325844930394e-01 9.671532198197344554e-01 9.688505634066496564e-01 9.705098429504128710e-01 9.720607104347487315e-01 9.734801140117875784e-01 9.748685626374669067e-01 9.761454097044863776e-01 9.773299167274619448e-01 9.784893290968281754e-01 9.795555738033878690e-01 9.805423059425487642e-01 9.815087443337280337e-01 9.824142703593068404e-01 9.832351098902711861e-01 9.840395676870439257e-01 9.848226818639718161e-01 9.855047880762806134e-01 9.861736872459299086e-01 9.868297692069079030e-01 9.874294814598840730e-01 9.879852133526326741e-01 9.885306139824029392e-01 9.890659798296570493e-01 9.895334541579666743e-01 9.899865659772871807e-01 9.904315875140613512e-01 9.908656347528669306e-01 9.912419512136612099e-01 9.916117453828838801e-01 9.919751946158734679e-01 9.923317994998805958e-01 9.926390603707074822e-01 9.929412011250928760e-01 9.932383565605849007e-01 9.935306568458301957e-01 9.937903464368175177e-01 9.940375352431497502e-01 9.942807986808633869e-01 9.945202359366726030e-01 9.947467797563332992e-01 9.949493348051620112e-01 9.951487914263570378e-01 9.953452253923393833e-01 9.955387100068476824e-01 9.957142606089385284e-01 9.958781056683706501e-01 9.960395562037780426e-01 9.961986684317777341e-01 9.963554968020078562e-01 9.964963735778439302e-01 9.966293743761660551e-01 9.967605153782649330e-01 9.968898385276533380e-01 9.970173844945479091e-01 9.971348346654118622e-01 9.972432354654608977e-01 9.973501838242929685e-01 9.974557112361447375e-01 9.975598482698083691e-01 9.976614267027988925e-01 9.977501784767319748e-01 9.978377891823592138e-01 9.979242826255904086e-01 9.980096819391558460e-01 9.980940096063822820e-01 9.981733556692049536e-01 9.982455114543319352e-01 9.983167828354141404e-01 9.983871874528903456e-01 9.984567424683160608e-01 9.985254645804011453e-01
8.210159054011382240e-01 8.298856104429139791e-01 8.384867327045366636e-01 8.468387191159721938e-01 8.548923153526497565e-01 8.626494237818438382e-01 8.701038145318301664e-01 8.771987510056221682e-01 8.840103584077583232e-01 8.904621309309815880e-01 8.965923252156452472e-01 9.024427742689709042e-01 9.079107836750454075e-01 9.131776590119135006e-01 9.180250935714132643e-01 9.227310826273712463e-01 9.270170234233731099e-01 9.311956870545157194e-01 9.349832496675131166e-01 9.386683170816462196e-01 9.420276027187112211e-01 9.452577694634669569e-01 9.482545002038237358e-01 9.510703526660090334e-01 9.537638214598225250e-01 9.562062083853013483e-01 9.585916975418166119e-01 9.607563342966042308e-01 9.628170173634027496e-01 9.648009722861464743e-01 9.665739919503704147e-01 9.683074482041680309e-01 9.699293954187071520e-01 9.714162493362139550e-01 9.728708265678208678e-01 9.742103847598676536e-01 9.754546837150124272e-01 9.766727329436369898e-01 9.777945270185202098e-01 9.788341081002580601e-01 9.798523917034175357e-01 9.808074890984445071e-01 9.816748773786500015e-01 9.825250166175993893e-01 9.833527811400318841e-01 9.840757613209242249e-01 9.847847885754217323e-01 9.854802734972420986e-01 9.861170329251957023e-01 9.867079218056505896e-01 9.872878580901396361e-01 9.878571552457665605e-01 9.883556086102847082e-01 9.888389234396618432e-01 9.893136315544808213e-01 9.897767259964196374e-01 9.901793954763087324e-01 9.905751026571536499e-01 9.909640364571024040e-01 9.913456767739502462e-01 9.916755059937351069e-01 9.919998508565398554e-01 9.923188554780072446e-01 9.926326590345517786e-01 9.929120862328184582e-01 9.931782776490075682e-01 9.934402500322755403e-01 9.936981098139702206e-01 9.939422905512181883e-01 9.941610846525419376e-01 9.943765376481465967e-01 9.945887311260208641e-01 9.947977440197743881e-01 9.949877038304831833e-01 9.951652089338508533e-01 9.953401238088224190e-01 9.955125091887851996e-01 9.956824239005235277e-01 9.958353263611152695e-01 9.959798092292009297e-01 9.961222744466318169e-01 9.962627674659555455e-01 9.964013323613583051e-01 9.965290708281014931e-01 9.966471024206395857e-01 9.967635543879860283e-01 9.968784609487051362e-01 9.969918553167749220e-01 9.971024825041688855e-01 9.971993088512883796e-01 9.972948915955979210e-01 9.973892566600855991e-01 9.974824292352705291e-01 9.975744338050543947e-01 9.976610440854593032e-01 9.977398726161814668e-01 9.978177358152953147e-01 9.978946529233188034e-01 9.979706426587997559e-01 9.980457232357848874e-01
8.163268112982584590e-01 8.252617748486108518e-01 8.339334002710286908e-01 8.423657529477928119e-01 8.505074282753707360e-01 8.583564920620123662e-01 8.659077211881459624e-01 8.731046030444301609e-01 8.800189408728684715e-01 8.865766924593893039e-01 8.928133975321494997e-01 8.987704395087736664e-01 9.043454582116884355e-01 9.097178790429990558e-01 9.146706027868516387e-01 9.194799252114925769e-01 9.238677139365710778e-01 9.281462414056127486e-01 9.320310841709987804e-01 9.358115137853624255e-01 9.392630503406546039e-01 9.425834078121329007e-01 9.456671930741756826e-01 9.485674231563989700e-01 9.513429969744388037e-01 9.538637992711027636e-01 9.563261560921375581e-01 9.585638891268941641e-01 9.606954823547200206e-01 9.627484742262193418e-01 9.645865086386126164e-01 9.663837024206854975e-01 9.680667874599265810e-01 9.696117384138221995e-01 9.711232832902031431e-01 9.725169721680079205e-01 9.738129714039844842e-01 9.750817297331293432e-01 9.762515834196713316e-01 9.773369059614764875e-01 9.784000683586214775e-01 9.793981081233767982e-01 9.803058689466048747e-01 9.811956333992686297e-01 9.820621373395521658e-01 9.828206465147049098e-01 9.835645583812949733e-01 9.842943013583486112e-01 9.849632813797292163e-01 9.855847557630448286e-01 9.861947400389154961e-01 9.867935622902560544e-01 9.873189876049330849e-01 9.878286026002465192e-01 9.883291635050944768e-01 9.888175560425976895e-01 9.892431772320247063e-01 9.896614547422238894e-01 9.900725874694058515e-01 9.904760368329899034e-01 9.908255038723710051e-01 9.911691710021192092e-01 9.915071903785345198e-01 9.918397089520453180e-01 9.921362973772106519e-01 9.924190061844215816e-01 9.926972417223833833e-01 9.929711166722227089e-01 9.932306214444390768e-01 9.934635048982574101e-01 9.936928374680307208e-01 9.939187057527759661e-01 9.941411935376370801e-01 9.943436315090482536e-01 9.945329496914565581e-01 9.947195089687969061e-01 9.949033739562137546e-01 9.950846072425943989e-01 9.952478770797069663e-01 9.954022433093701050e-01 9.955544564259335427e-01 9.957045648854112585e-01 9.958526156757541159e-01 9.959891905277469260e-01 9.961154744076623491e-01 9.962400699854574437e-01 9.963630138021365434e-01 9.964843413267970851e-01 9.966027181225421971e-01 9.967064107073837498e-01 9.968087727186517588e-01 9.969098318712620310e-01 9.970096150975781280e-01 9.971081485750112883e-01 9.972009143475515369e-01 9.972853600263517082e-01 9.973687724028273971e-01 9.974511720588571384e-01 9.975325790182912877e-01 9.976130127656168689e-01
8.124821057029756322e-01 8.214592285537485328e-01 8.301783199296590698e-01 8.386676604776335253e-01 8.468738979979494319e-01 8.547915197116353614e-01 8.624162418090985938e-01 8.696919177271870138e-01 8.766862015396127417e-01 8.833274639022197228e-01 8.896486926367763726e-01 8.956907954907911140e-01 9.013519621385035485e-01 9.068095350925561293e-01 9.118476810632405449e-01 9.167408628241132673e-01 9.212115638518799665e-01 9.255713870844693991e-01 9.295358317570417972e-01 9.333943099489142581e-01 9.369216735609490199e-01 9.403162358847259039e-01 9.434720410143064839e-01 9.464423632546324905e-01 9.492862231913372639e-01 9.518725030114737473e-01 9.543990534066837395e-01 9.566979762703449186e-01 9.588889837428206109e-01 9.609998559458338141e-01 9.628925640492365101e-01 9.647433641657108261e-01 9.664779570275179310e-01 9.680719737847761630e-01 9.696316364744900218e-01 9.710711094793040843e-01 9.724108893517355856e-01 9.737225938391789182e-01 9.749332693631760360e-01 9.760575484256324152e-01 9.771589368727634506e-01 9.781935869231748182e-01 9.791358198731883178e-01 9.800594218522137302e-01 9.809590115666577681e-01 9.817478882780105165e-01 9.825216197310270294e-01 9.832806494253328866e-01 9.839772218162607942e-01 9.846249257003920619e-01 9.852606807741209893e-01 9.858848275345664103e-01 9.864334109940789963e-01 9.869656115570619725e-01 9.874883756150465430e-01 9.879984962843200158e-01 9.884438264105173122e-01 9.888814867901323247e-01 9.893116848160805610e-01 9.897338659855073884e-01 9.901002023832173871e-01 9.904604689242276772e-01 9.908148246177697072e-01 9.911634230408595814e-01 9.914747491467658103e-01 9.917716410110343217e-01 9.920638421510881155e-01 9.923514705751902421e-01 9.926241221068256015e-01 9.928690616331514729e-01 9.931102714292029399e-01 9.933478423524396694e-01 9.935818623113427117e-01 9.937949510091788063e-01 9.939943340809541672e-01 9.941908150283891299e-01 9.943844617527204388e-01 9.945753400279303547e-01 9.947474144912092919e-01 9.949101607148778115e-01 9.950706393438055741e-01 9.952289013651910432e-01 9.953849962227752091e-01 9.955290303495835103e-01 9.956622482656520834e-01 9.957936868449719370e-01 9.959233845688770792e-01 9.960513787906896122e-01 9.961762618298707350e-01 9.962856564720227182e-01 9.963936485272018029e-01 9.965002671904157339e-01 9.966055408328480247e-01 9.967094970308958413e-01 9.968073495391692740e-01 9.968963941903852266e-01 9.969843500443849038e-01 9.970712387756467399e-01 9.971570814713147657e-01 9.972418986508320149e-01
8.092932786941537948e-01 8.182971504556957321e-01 8.270482119184576764e-01 8.355785418218646399e-01 8.438329346238824247e-01 8.518025328698893839e-01 8.594838476174683217e-01 8.668211232677848210e-01 8.738782724579329253e-01 8.805859503766420016e-01 8.869748428954002950e-01 8.930853893904938667e-01 8.988162419340268716e-01 9.043427755191066897e-01 9.094504723559720949e-01 9.144119475214302906e-01 9.189510690251386782e-01 9.233779779761726036e-01 9.274085942981969977e-01 9.313319722733732764e-01 9.349225746869248566e-01 9.383790649826778685e-01 9.415949776370911017e-01 9.446238011999179562e-01 9.475247102019457301e-01 9.501658722070335239e-01 9.527462320980967236e-01 9.550967165827862759e-01 9.573378836004919901e-01 9.594976572205922150e-01 9.614367460145210043e-01 9.633330250699542185e-01 9.651114075866522590e-01 9.667472630976224890e-01 9.683479595139136142e-01 9.698265732255716420e-01 9.712038612929932979e-01 9.725523619090150618e-01 9.737980755517877673e-01 9.749558453733190300e-01 9.760900989775985748e-01 9.771562956769883623e-01 9.781283480650069251e-01 9.790812226197248558e-01 9.800094459731159002e-01 9.808247541227977928e-01 9.816244419143220767e-01 9.824089658734401764e-01 9.831295718815833418e-01 9.838001336261107399e-01 9.844583482234898764e-01 9.851045669152249662e-01 9.856734054462460426e-01 9.862253691483227058e-01 9.867675628600458548e-01 9.872967020611329581e-01 9.877593405312022901e-01 9.882140238622124651e-01 9.886609668610401025e-01 9.890996015443793699e-01 9.894807920639859811e-01 9.898556758035150782e-01 9.902244177690991966e-01 9.905871773372203482e-01 9.909114713419923115e-01 9.912208398842786705e-01 9.915253270009107833e-01 9.918250553591072549e-01 9.921092772719803943e-01 9.923648362627651709e-01 9.926165084678124639e-01 9.928643884742128778e-01 9.931085678020664664e-01 9.933310350422490664e-01 9.935392781407021978e-01 9.937444934168490063e-01 9.939467516485454013e-01 9.941461213982066836e-01 9.943259123934596877e-01 9.944959868789140511e-01 9.946636939445667736e-01 9.948290867792924930e-01 9.949922169630853741e-01 9.951427595161825845e-01 9.952820129038895125e-01 9.954194079445772836e-01 9.955549847995104340e-01 9.956887824534781384e-01 9.958193245705944108e-01 9.959336315222964142e-01 9.960464740253757165e-01 9.961578825432044759e-01 9.962678866800446231e-01 9.963765152113099877e-01 9.964787246420709899e-01 9.965716652121867636e-01 9.966634701088605830e-01 9.967541619272580755e-01 9.968437626505701754e-01 9.969322936704605453e-01
8.066734491602207680e-01 8.156924933031509672e-01 8.244636842395279830e-01 8.330225695909290184e-01 8.413122744304056821e-01 8.493209064196716174e-01 8.570457237688146046e-01 8.644311166125225876e-01 8.715376021489456004e-01 8.782977702628996797e-01 8.847402805565325323e-01 8.909051715528244486e-01 8.966918875360911922e-01 9.022738274993393759e-01 9.074378893048654637e-01 9.124547337510177103e-01 9.170492948762513086e-01 9.215305589687421417e-01 9.256148885382148306e-01 9.295909486714246661e-01 9.332332373007947712e-01 9.367404157029904921e-01 9.400056383389379100e-01 9.430825347952741522e-01 9.460303656362369917e-01 9.487168067719936593e-01 9.513415626011870740e-01 9.537347482059278514e-01 9.560175102272591152e-01 9.582178745459936087e-01 9.601956718245937550e-01 9.621299086657837396e-01 9.639449171991507637e-01 9.656158745723361081e-01 9.672509990016688874e-01 9.687625753664023120e-01 9.701715523189752277e-01 9.715511416195680150e-01 9.728265837207509259e-01 9.740128768103627488e-01 9.751751221343053500e-01 9.762682297759217587e-01 9.772657883901273435e-01 9.782437023745973459e-01 9.791964277160076779e-01 9.800344831944108881e-01 9.808565102152996262e-01 9.816629764737098141e-01 9.824043984082778680e-01 9.830948594978305977e-01 9.837726273977382974e-01 9.844380626649992250e-01 9.850246387334512521e-01 9.855939209666022549e-01 9.861531415714970272e-01 9.866989540410985304e-01 9.871768655758954569e-01 9.876465706453065874e-01 9.881082905734068778e-01 9.885614468864364346e-01 9.889558404943658010e-01 9.893437171589934964e-01 9.897252471964711473e-01 9.901005951188106557e-01 9.904364867940329553e-01 9.907570364609312730e-01 9.910725341556771983e-01 9.913831067045122403e-01 9.916777106599434788e-01 9.919428266858555387e-01 9.922039148736815362e-01 9.924610731541394504e-01 9.927143962853451908e-01 9.929453326574108063e-01 9.931615949105430108e-01 9.933747158126720045e-01 9.935847687350652935e-01 9.937918247541850381e-01 9.939786167671753603e-01 9.941553476613873563e-01 9.943296206586275110e-01 9.945014909395891722e-01 9.946710120170061398e-01 9.948274668747886240e-01 9.949722029822747338e-01 9.951150091283775811e-01 9.952559269941608777e-01 9.953949970404442071e-01 9.955306800626977370e-01 9.956494449217471177e-01 9.957666893248869888e-01 9.958824448815395414e-01 9.959967423101918627e-01 9.961096114697635118e-01 9.962157654033181320e-01 9.963122165383283546e-01 9.964074898661684498e-01 9.965016088078010315e-01 9.965945961501562200e-01 9.966864740673067047e-01
8.044978358464394130e-01 8.135251852595742905e-01 8.223092593018960228e-01 8.308886134565014459e-01 8.392047912654525543e-01 8.472432375869981547e-01 8.550018661038513157e-01 8.624253781549884312e-01 8.695711792363336468e-01 8.763735656058005974e-01 8.828595028152406154e-01 8.890686474734257327e-01 8.949009404449639327e-01 9.005281005520555659e-01 9.057383029974448441e-01 9.108004776097383681e-01 9.154404473121980912e-01 9.199662302755041710e-01 9.240946173831353638e-01 9.281138918283589057e-01 9.317985408763963529e-01 9.353472545841740038e-01 9.386530719739241135e-01 9.417696804511767050e-01 9.447562797638882071e-01 9.474801511396407916e-01 9.501416092370539301e-01 9.525700659800301340e-01 9.548871760698147693e-01 9.571210861332242192e-01 9.591310193134016115e-01 9.610967700126823443e-01 9.629422726946041955e-01 9.646425738868391608e-01 9.663064799991180065e-01 9.678456676711257867e-01 9.692812335894159803e-01 9.706869090288015034e-01 9.719873348424237225e-01 9.731976319581643331e-01 9.743834343616702975e-01 9.754993032766446914e-01 9.765186221520777421e-01 9.775178986566583905e-01 9.784915368672019165e-01 9.793491403407637019e-01 9.801903650018003455e-01 9.810156881261398176e-01 9.817750740078190486e-01 9.824827659729971074e-01 9.831774653209999215e-01 9.838595406649774944e-01 9.844616694357759545e-01 9.850461581854359494e-01 9.856203294471183041e-01 9.861807904422400517e-01 9.866722528279714410e-01 9.871552859270769087e-01 9.876301168381660389e-01 9.880961597802222496e-01 9.885024000882662865e-01 9.889019350125086705e-01 9.892949396275536600e-01 9.896815830475911291e-01 9.900280007485688927e-01 9.903587366611634746e-01 9.906842653532575982e-01 9.910047174345599785e-01 9.913088150621083283e-01 9.915827511564581087e-01 9.918525293440911828e-01 9.921182506368804166e-01 9.923800127768400703e-01 9.926188166322132966e-01 9.928425613514452186e-01 9.930630588749176368e-01 9.932803849901511439e-01 9.934946131159678728e-01 9.936880158544810770e-01 9.938710683931611944e-01 9.940515771886229146e-01 9.942295993099504736e-01 9.944051901022973317e-01 9.945672872486840399e-01 9.947172815036328108e-01 9.948652771816034468e-01 9.950113174186615561e-01 9.951554440887609987e-01 9.952960634604154366e-01 9.954191650685332293e-01 9.955406917925789800e-01 9.956606763547417582e-01 9.957791505554004496e-01 9.958961453055618085e-01 9.960061533768238551e-01 9.961060625343578501e-01 9.962047524287482858e-01 9.963022472927024475e-01 9.963985707032330108e-01 9.964937456035445340e-01
8.027243137651860483e-01 8.117544409290280427e-01 8.205454649699482905e-01 8.291387008891244470e-01 8.374743613929688246e-01 8.455353990027917321e-01 8.533202613296559935e-01 8.607737841844870230e-01 8.679507098311826097e-01 8.747868824253295372e-01 8.813076532875876445e-01 8.875523566360197236e-01 8.934213971829002565e-01 8.990850416422545566e-01 9.043325270119069170e-01 9.094313289656694721e-01 9.141082773760706992e-01 9.186703145003035642e-01 9.228347247142348886e-01 9.268893406110708666e-01 9.306084629295813260e-01 9.341909460409351107e-01 9.375295510347017025e-01 9.406780801534508907e-01 9.436958591680091324e-01 9.464498916839435561e-01 9.491409261616610138e-01 9.515979239724646765e-01 9.539428697939662527e-01 9.562039348314379517e-01 9.582396983287786441e-01 9.602307809739633049e-01 9.621007146212045003e-01 9.638244117111146592e-01 9.655112661686724440e-01 9.670725808593231276e-01 9.685295460552050262e-01 9.699562169284174917e-01 9.712768149510246918e-01 9.725065480843072541e-01 9.737114253382832540e-01 9.748456854382512304e-01 9.758825215094416583e-01 9.768989951334096089e-01 9.778894850579449294e-01 9.787631002085882548e-01 9.796200497879652414e-01 9.804608189087344883e-01 9.812349753915879935e-01 9.819568781681736747e-01 9.826655414193647964e-01 9.833613404012978565e-01 9.839764084629969432e-01 9.845735604863435908e-01 9.851601818853420456e-01 9.857328551965224284e-01 9.862358388451667457e-01 9.867302037142543503e-01 9.872161818147681123e-01 9.876931836378658458e-01 9.881096590853043482e-01 9.885192662653077278e-01 9.889221843677079571e-01 9.893185864866860246e-01 9.896742426166772466e-01 9.900139643601461037e-01 9.903483418608324262e-01 9.906775090694799335e-01 9.909900366457869980e-01 9.912719312196746069e-01 9.915495504573054175e-01 9.918229981538568829e-01 9.920923747467405018e-01 9.923384010323023086e-01 9.925690939044007344e-01 9.927964412477011669e-01 9.930205210955272976e-01 9.932414090437893250e-01 9.934410443141059588e-01 9.936300999855747218e-01 9.938165303466953704e-01 9.940003942617614552e-01 9.941817488178961160e-01 9.943493023033431744e-01 9.945044747487588044e-01 9.946575810136969453e-01 9.948086656683775564e-01 9.949577719796223185e-01 9.951032636943660803e-01 9.952307543862976003e-01 9.953566150789712186e-01 9.954808796219447586e-01 9.956035809116717816e-01 9.957247509250209960e-01 9.958387167698675713e-01 9.959422725496758222e-01 9.960445653247664843e-01 9.961456201847728176e-01 9.962454615407546621e-01 9.963441131478363300e-01
8.012504244432124834e-01 8.102801471502092401e-01 8.190745374144886570e-01 8.276772346019121152e-01 8.360272239169946884e-01 8.441053553338234705e-01 8.519105790468367578e-01 8.593878734604520897e-01 8.665896815804366993e-01 8.734533890834006442e-01 8.800028529170320635e-01 8.862770827135482143e-01 8.921768336715847347e-01 8.978710145375534690e-01 9.031497793539180474e-01 9.082793118874151750e-01 9.129871574071392049e-01 9.175794831279590058e-01 9.217740425142054717e-01 9.258582372952606221e-01 9.296064532453939266e-01 9.332174871121342585e-01 9.365837707875226403e-01 9.397592176956304222e-01 9.428032503863824632e-01 9.455825403690488740e-01 9.482983444643843240e-01 9.507790890246449189e-01 9.531471436825981192e-01 9.554307470418358372e-01 9.574879128660460648e-01 9.594999867167472996e-01 9.613901273172973383e-01 9.631331224587316164e-01 9.648389075098925405e-01 9.664183454789395666e-01 9.678927325548576377e-01 9.693364976840286307e-01 9.706734453850978106e-01 9.719188681637049854e-01 9.731391443038484024e-01 9.742882667783879791e-01 9.753392837739578436e-01 9.763696799870890120e-01 9.773738011647483681e-01 9.782601724466816195e-01 9.791296499811833476e-01 9.799827251094921365e-01 9.807687229680763785e-01 9.815020746739988589e-01 9.822219882073156549e-01 9.829288441617641814e-01 9.835543295870556868e-01 9.841616760053043533e-01 9.847583202998496654e-01 9.853408298294403789e-01 9.858531691199849956e-01 9.863567357514080314e-01 9.868517657242219521e-01 9.873376686223130916e-01 9.877625944381280831e-01 9.881805174682515291e-01 9.885916203021657411e-01 9.889960793219363389e-01 9.893594400563426872e-01 9.897066796963970292e-01 9.900484603647530246e-01 9.903849188117397340e-01 9.907045617139490501e-01 9.909933165433738589e-01 9.912776947337251787e-01 9.915578024829890813e-01 9.918337425554373254e-01 9.920860735326703095e-01 9.923228814214802851e-01 9.925562571436208348e-01 9.927862807131028200e-01 9.930130296458561379e-01 9.932182970061700367e-01 9.934128439907237151e-01 9.936046909740162691e-01 9.937938984657485042e-01 9.939805251496098837e-01 9.941531482372091277e-01 9.943132050702837565e-01 9.944711318775198983e-01 9.946269745850137012e-01 9.947807777763889581e-01 9.949308835677650453e-01 9.950627097455800874e-01 9.951928514155692351e-01 9.953213435434334899e-01 9.954482201107527350e-01 9.955735141495858365e-01 9.956914507377053747e-01 9.957987664276394257e-01 9.959047739513752218e-01 9.960094992843170347e-01 9.961129676996200999e-01 9.962152037916094383e-01
8.000341488431320647e-01 8.090614764209776988e-01 8.178566150782294875e-01 8.264651552322245243e-01 8.348251921230469552e-01 8.429158782285314233e-01 8.507366874761381759e-01 8.582327895398854656e-01 8.654544245266858615e-01 8.723401954799799851e-01 8.789126751496053602e-01 8.852106055898503190e-01 8.911352107305068326e-01 8.968541476977136551e-01 9.021586362975592133e-01 9.073134589950855311e-01 9.120471584354411521e-01 9.166648278270916883e-01 9.208846782113722096e-01 9.249936864147271232e-01 9.287661960080531021e-01 9.324010448181089261e-01 9.357906494872693104e-01 9.389889438867793370e-01 9.420553015816200970e-01 9.448562108698204121e-01 9.475932177022594605e-01 9.500942085165564599e-01 9.524819387538928650e-01 9.547847158615655472e-01 9.568599959862288395e-01 9.588898368789251503e-01 9.607970806025905031e-01 9.625564095577828772e-01 9.642782186075113948e-01 9.658729016899827435e-01 9.673618660207300435e-01 9.688199353942938963e-01 9.701704338363213997e-01 9.714287487493321605e-01 9.726616790044272376e-01 9.738229543142699063e-01 9.748854673531918147e-01 9.759271510168511243e-01 9.769423157383605449e-01 9.778388881687407608e-01 9.787183851186433969e-01 9.795813028691741087e-01 9.803766246693907949e-01 9.811188793784128004e-01 9.818475418570652424e-01 9.825629968275835235e-01 9.831965573170744488e-01 9.838118034762047825e-01 9.844162149773915127e-01 9.850063383559697350e-01 9.855257735949296549e-01 9.860363196227640570e-01 9.865382154579346308e-01 9.870308705338656230e-01 9.874622420514158616e-01 9.878865082830533551e-01 9.883038544063290631e-01 9.887144593063805775e-01 9.890836798867351787e-01 9.894366320242590218e-01 9.897840380130967786e-01 9.901260367309119292e-01 9.904511171617946808e-01 9.907451843999602881e-01 9.910347965238601731e-01 9.913200615935001681e-01 9.916010841762931127e-01 9.918583527250982579e-01 9.920999840623649924e-01 9.923381148302795607e-01 9.925728266079669737e-01 9.928041984284938781e-01 9.930140151794946135e-01 9.932130449557817764e-01 9.934093136882603536e-01 9.936028832327187255e-01 9.937938135789374794e-01 9.939706512461441434e-01 9.941348385255593945e-01 9.942968417119169011e-01 9.944567078809513072e-01 9.946144827327541016e-01 9.947685078520579482e-01 9.949041881280299426e-01 9.950381353688343422e-01 9.951703855350941819e-01 9.953009735756314091e-01 9.954299334630276608e-01 9.955514649777957858e-01 9.956622906276654250e-01 9.957717658839289054e-01 9.958799175513551871e-01 9.959867717102660611e-01 9.960923537406896067e-01
7.990312885591512870e-01 8.080550568387733223e-01 8.168496294008531500e-01 8.254625168794870183e-01 8.338307153583470743e-01 8.419315440194516942e-01 8.497646572791146546e-01 8.572753660926676345e-01 8.645123799170469914e-01 8.714153957117820593e-01 8.780061812204993377e-01 8.843232072605862193e-01 8.902678608428813423e-01 8.960067716944563054e-01 9.013318580344190645e-01 9.065069190721741776e-01 9.112613252890073845e-01 9.158992889951393934e-01 9.201396638853459597e-01 9.242688158907236273e-01 9.280613902355064893e-01 9.317159786458372173e-01 9.351249416461727693e-01 9.383422204190083882e-01 9.414271501323536739e-01 9.442461196979868854e-01 9.470008373179392702e-01 9.495189555026747330e-01 9.519234027351508587e-01 9.542425101698019940e-01 9.563334444016657887e-01 9.583786391044799569e-01 9.603007096901028383e-01 9.620742637535439901e-01 9.638100280971259037e-01 9.654179503179410871e-01 9.669195425625380924e-01 9.683900031952764609e-01 9.697523602267911214e-01 9.710220616754215994e-01 9.722661688455067619e-01 9.734380768304342624e-01 9.745104801499803182e-01 9.755618749855952121e-01 9.765865364379395785e-01 9.774918038412913068e-01 9.783798413819998485e-01 9.792511495229215823e-01 9.800543183734661268e-01 9.808039878265302214e-01 9.815399372718585091e-01 9.822625548417506236e-01 9.829025927423403752e-01 9.835241494800502915e-01 9.841347660951094145e-01 9.847309633458850575e-01 9.852559121314158341e-01 9.857718815434909354e-01 9.862791129254447897e-01 9.867770113047247271e-01 9.872131122206401210e-01 9.876420328856004849e-01 9.880639603643500690e-01 9.884790753674415065e-01 9.888525409010955336e-01 9.892096143321157387e-01 9.895610789240736338e-01 9.899070750799664475e-01 9.902360176563662630e-01 9.905337205535207357e-01 9.908269147091326445e-01 9.911157094540057333e-01 9.914002105862190772e-01 9.916608777610783632e-01 9.919058410312904250e-01 9.921472565365974106e-01 9.923852069349041738e-01 9.926197723050202981e-01 9.928326866216653501e-01 9.930347491426626538e-01 9.932340093088600774e-01 9.934305298872957435e-01 9.936243717519163132e-01 9.938041266481688618e-01 9.939712322775957620e-01 9.941361155941854655e-01 9.942988244866957093e-01 9.944594054447726261e-01 9.946162045127356910e-01 9.947546590124922705e-01 9.948913454994796624e-01 9.950263006522683806e-01 9.951595601176296269e-01 9.952911585467949518e-01 9.954153434839884129e-01 9.955288647658179224e-01 9.956410031791601556e-01 9.957517861673442772e-01 9.958612404321433020e-01 9.959693919584918786e-01
7.982033224814207850e-01 8.072236228854803297e-01 8.160170880193065024e-01 8.246325025080726290e-01 8.330062134180099553e-01 8.411144006253292726e-01 8.489571451868169749e-01 8.564802026929921874e-01 8.637304232467306608e-01 8.706483590888655089e-01 8.772544055389618345e-01 8.835869127785725974e-01 8.895478307009908603e-01 8.953029439760349373e-01 9.006448509482900544e-01 9.058364453885746626e-01 9.106079577966683658e-01 9.152626904210930947e-01 9.195197228999231198e-01 9.236652156399758340e-01 9.274736756184870368e-01 9.311438123728588145e-01 9.345681941489685229e-01 9.378007153524844375e-01 9.409005785990950388e-01 9.437341441424111910e-01 9.465031759570287084e-01 9.490350357998954545e-01 9.514528607138524885e-01 9.537851037447424574e-01 9.558890111940110401e-01 9.579469302350472892e-01 9.598812865036931985e-01 9.616666242271878495e-01 9.634139477609909852e-01 9.650331196292749603e-01 9.665456765681705864e-01 9.680268962582690984e-01 9.693995355043506512e-01 9.706790971265359946e-01 9.719328822466014595e-01 9.731141538191988571e-01 9.741955287837051891e-01 9.752557326539089688e-01 9.762890100204010269e-01 9.772021899618964502e-01 9.780979993771545811e-01 9.789769425445993267e-01 9.797873200417509532e-01 9.805438544067792694e-01 9.812865505060038851e-01 9.820157996267512290e-01 9.826617659687358897e-01 9.832890909224680787e-01 9.839053794480558945e-01 9.845071252089326874e-01 9.850370536309643876e-01 9.855579214714258462e-01 9.860699721621846159e-01 9.865726036726457648e-01 9.870127754290274336e-01 9.874457026359136913e-01 9.878715739714043487e-01 9.882905717067880236e-01 9.886675105242744843e-01 9.890278995259942363e-01 9.893826294721459469e-01 9.897318419827548786e-01 9.900638323879592528e-01 9.903642680494124662e-01 9.906601548704260241e-01 9.909516031275844572e-01 9.912387195350244040e-01 9.915017589291681421e-01 9.917489361029477868e-01 9.919925342861806161e-01 9.922326368478483483e-01 9.924693245561422295e-01 9.926842139984365376e-01 9.928881739611954416e-01 9.930893058311749400e-01 9.932876729410898831e-01 9.934833367138095062e-01 9.936648200907192141e-01 9.938335695335955844e-01 9.940000751812454460e-01 9.941643853785795404e-01 9.943265470582550725e-01 9.944849069151293630e-01 9.946249045397312916e-01 9.947631147183458866e-01 9.948995745280359015e-01 9.950343200029787560e-01 9.951673861711068936e-01 9.952930432239405212e-01 9.954080539568509467e-01 9.955216638724373457e-01 9.956339007670446106e-01 9.957447916860031611e-01 9.958543629486559245e-01
7.975187474509450869e-01 8.065348453243561533e-01 8.153262233669226200e-01 8.239430320768890148e-01 8.323209768593692326e-01 8.404350475776503071e-01 8.482856005589912707e-01 8.558183475188400058e-01 8.630788768133460520e-01 8.700084954795258563e-01 8.766269851832965143e-01 8.829725024331045447e-01 8.889472122705079915e-01 8.947160949453425438e-01 9.000724783120888084e-01 9.052783117217435560e-01 9.100641564596765321e-01 9.147329363251058831e-01 9.190039003192842504e-01 9.231630573533919915e-01 9.269850704366418004e-01 9.306685306459865359e-01 9.341057832832637686e-01 9.373507890538388398e-01 9.404628312442752103e-01 9.433081215102079309e-01 9.460886519624267521e-01 9.486316395619878161e-01 9.510603289294742302e-01 9.534031681209833575e-01 9.555171331998436601e-01 9.575849169504396796e-01 9.595288725332564717e-01 9.613235210629008654e-01 9.630799786042671951e-01 9.647079856625838667e-01 9.662291099805970784e-01 9.677187362467716270e-01 9.690995431150623007e-01 9.703870515776460426e-01 9.716486366072122349e-01 9.728375010859634520e-01 9.739262267957158326e-01 9.749936478199877632e-01 9.760340022038913599e-01 9.769539720091389157e-01 9.778564502580019413e-01 9.787419445215904679e-01 9.795586394084032644e-01 9.803212922972536214e-01 9.810700011754376337e-01 9.818051601610706669e-01 9.824566999005792667e-01 9.830894799863366673e-01 9.837111323512091055e-01 9.843181322576830539e-01 9.848528928508220037e-01 9.853785138355788398e-01 9.858952406818898284e-01 9.864024679775201809e-01 9.868468161994878862e-01 9.872838538378611029e-01 9.877137712292793914e-01 9.881367522494165501e-01 9.885172472092743634e-01 9.888810285227102037e-01 9.892390993668862542e-01 9.895916026086751804e-01 9.899267067715189494e-01 9.902299238210794385e-01 9.905285512638066781e-01 9.908227003368496044e-01 9.911124786847517187e-01 9.913778752630568736e-01 9.916272146162696810e-01 9.918729445813951884e-01 9.921151492176580877e-01 9.923539099624941739e-01 9.925705510905874496e-01 9.927761131263427297e-01 9.929788254366558320e-01 9.931787518278053506e-01 9.933759541822541062e-01 9.935587934868178595e-01 9.937287360954292215e-01 9.938964194231141303e-01 9.940618921416533027e-01 9.942252015012071897e-01 9.943846705280268150e-01 9.945255329394752097e-01 9.946645970950493965e-01 9.948019002920756026e-01 9.949374787789013741e-01 9.950713677917490951e-01 9.951977705197773139e-01 9.953134117799491420e-01 9.954276446730987438e-01 9.955404971432582073e-01 9.956519963795059658e-01 9.957621688411261163e-01
7.969506844982788829e-01 8.059632833642451644e-01 8.147529006691418552e-01 8.233706614340635666e-01 8.317517084581124154e-01 8.398701816783683549e-01 8.477267091378176689e-01 8.552672768638035494e-01 8.625361987924163865e-01 8.694753357886922940e-01 8.761037344300739438e-01 8.824594380409179761e-01 8.884451938720717701e-01 8.942251624777656227e-01 8.995934114319843466e-01 9.048109265462144224e-01 9.096084684828513733e-01 9.142887096715567319e-01 9.185714905921021911e-01 9.227422523414555711e-01 9.265757711984801137e-01 9.302705399164723499e-01 9.337188724495468772e-01 9.369747373618115827e-01 9.400973837418181711e-01 9.429529204309143875e-01 9.457434998347822308e-01 9.482961335961042071e-01 9.507342148606379162e-01 9.530861905461986971e-01 9.552086954614271708e-01 9.572848557299898919e-01 9.592368684859643446e-01 9.610392029307311956e-01 9.628032010911602434e-01 9.644383673379154365e-01 9.659663249563053000e-01 9.674626568846637076e-01 9.688498312767914733e-01 9.701434107913682325e-01 9.714109549953660050e-01 9.726056085721648259e-01 9.736999191856943181e-01 9.747728240256996468e-01 9.758185461869873789e-01 9.767435094438928767e-01 9.776508921350789416e-01 9.785412042533440102e-01 9.793626231746166422e-01 9.801299106349796730e-01 9.808831739584563669e-01 9.816228094090009293e-01 9.822787605546982048e-01 9.829158785486049599e-01 9.835417961443639889e-01 9.841529835570775875e-01 9.846917503548267003e-01 9.852213118122977731e-01 9.857419150999550128e-01 9.862529561686448343e-01 9.867010390474545423e-01 9.871417520759887543e-01 9.875752870846306042e-01 9.880018293938320761e-01 9.883857960165141066e-01 9.887529853810995695e-01 9.891144124811348526e-01 9.894702214428005016e-01 9.898085101696645349e-01 9.901147038719191329e-01 9.904162641701754755e-01 9.907133033371677833e-01 9.910059300203933885e-01 9.912739857943285715e-01 9.915258566565960940e-01 9.917740824146022982e-01 9.920187479411473053e-01 9.922599354624125345e-01 9.924787784995451334e-01 9.926864301755802256e-01 9.928912038421852104e-01 9.930931639261153521e-01 9.932923729119664813e-01 9.934770082282997627e-01 9.936485588735001206e-01 9.938178293334565261e-01 9.939848687218235668e-01 9.941497247179580388e-01 9.943106866289616041e-01 9.944526950723691083e-01 9.945928909422826480e-01 9.947313118276303046e-01 9.948679942602989268e-01 9.950029737522675388e-01 9.951303231384007741e-01 9.952466933402395188e-01 9.953616464897675487e-01 9.954752107002093897e-01 9.955874133253421743e-01 9.956982809848009541e-01
7.964834001295960642e-01 8.054922529024223232e-01 8.142796787347217347e-01 8.228977896972801132e-01 8.312813578538039705e-01 8.394035280838434421e-01 8.472650457608449370e-01 8.548119130018512202e-01 8.620876264499020003e-01 8.690347155306012983e-01 8.756715591918864394e-01 8.820360749093407726e-01 8.880309791571071587e-01 8.938200320898150864e-01 8.991977806182420707e-01 9.044246347268529718e-01 9.092317035729908792e-01 9.139212815210843166e-01 9.182133985065228376e-01 9.223933195009536012e-01 9.262359420496931728e-01 9.299396630006018238e-01 9.333967914553377154e-01 9.366612939782994474e-01 9.397924231313046217e-01 9.426563204712802291e-01 9.454550989768258917e-01 9.480157852571405863e-01 9.504617675027239310e-01 9.528214649769677358e-01 9.549513901816273354e-01 9.570348283322651639e-01 9.589939360802224311e-01 9.608031703407394764e-01 9.625739376490948240e-01 9.642155091260727895e-01 9.657495625541592243e-01 9.672518761236134077e-01 9.686447964198368066e-01 9.699439115740687845e-01 9.712168897619257724e-01 9.724166534124119021e-01 9.735156183168012234e-01 9.745930931967213828e-01 9.756432877382434921e-01 9.765723967848296549e-01 9.774838518902519979e-01 9.783781650285519049e-01 9.792032846982319239e-01 9.799740367532211449e-01 9.807307050699538564e-01 9.814736875005055650e-01 9.821326494533784146e-01 9.827726989387576273e-01 9.834014990446894311e-01 9.840155151588523275e-01 9.845569655605432846e-01 9.850891667471741719e-01 9.856123670204415266e-01 9.861259628612818462e-01 9.865765233253954714e-01 9.870196746682453615e-01 9.874556097089112194e-01 9.878845147241717140e-01 9.882708169479914595e-01 9.886403088316456644e-01 9.890040033978001466e-01 9.893620456262119944e-01 9.897025643004490059e-01 9.900110220537874373e-01 9.903148130235395197e-01 9.906140502731365372e-01 9.909088432158109638e-01 9.911790833961299230e-01 9.914331373144970039e-01 9.916835152334421144e-01 9.919303027314445576e-01 9.921735827187690981e-01 9.923945137640680647e-01 9.926042353038969646e-01 9.928110507008405250e-01 9.930150250010784108e-01 9.932162212902525544e-01 9.934028078945013052e-01 9.935762754948411768e-01 9.937474378738930803e-01 9.939163446766440257e-01 9.940830440984795846e-01 9.942458180399378342e-01 9.943895395973165741e-01 9.945314270683239810e-01 9.946715184819708844e-01 9.948098507980098759e-01 9.949464599444896029e-01 9.950753520828069520e-01 9.951931404380811585e-01 9.953094947344072185e-01 9.954244434181300782e-01 9.955380141672530714e-01 9.956502339170387739e-01
7.960955497111917856e-01 8.051014034585506352e-01 8.138870177266651629e-01 8.225052287866615464e-01 8.308905445629573006e-01 8.390154680985132396e-01 8.468809475712322232e-01 8.544328471403035419e-01 8.617139442187562448e-01 8.686671900148099645e-01 8.753107619181020871e-01 8.816824406771339717e-01 8.876849802724968708e-01 8.934816638751553741e-01 8.988673716740640529e-01 9.041020490232040130e-01 9.089174868746522362e-01 9.136152681416748189e-01 9.179153423181865001e-01 9.221030608413701701e-01 9.259534860920513033e-01 9.296648911857072761e-01 9.331294254810504896e-01 9.364010993603765209e-01 9.395392249283868180e-01 9.424098600911442469e-01 9.452152468927285112e-01 9.477822247408600465e-01 9.502343150418744999e-01 9.525999941620876266e-01 9.547357343901444748e-01 9.568248765748903484e-01 9.587894893900165139e-01 9.606040001394163808e-01 9.623799436688976749e-01 9.640266214696155966e-01 9.655657071269772018e-01 9.670729587084726520e-01 9.684706828672848822e-01 9.697744772028836779e-01 9.710520481554739680e-01 9.722562976756004005e-01 9.733596297546576182e-01 9.744413926074656507e-01 9.754957879489036809e-01 9.764288633825289887e-01 9.773442143385789871e-01 9.782423547055633106e-01 9.790710847284830320e-01 9.798452725183008916e-01 9.806053173381297228e-01 9.813516186218387283e-01 9.820135808149446088e-01 9.826565532455165952e-01 9.832882275516809933e-01 9.839050494641109479e-01 9.844489219614590558e-01 9.849835057804516847e-01 9.855090502369274752e-01 9.860249471574691338e-01 9.864774077384701467e-01 9.869224292213228944e-01 9.873602051765121290e-01 9.877909226077419280e-01 9.881787973450499862e-01 9.885497742847536573e-01 9.889149314286386216e-01 9.892744143009701840e-01 9.896163062815306333e-01 9.899260143025141456e-01 9.902310371983116255e-01 9.905314884649013552e-01 9.908274779344704575e-01 9.910988746805606819e-01 9.913540548634374172e-01 9.916055431564998468e-01 9.918534255002057209e-01 9.920977851557506444e-01 9.923198185852840636e-01 9.925306435385781167e-01 9.927385473604831700e-01 9.929435954270151576e-01 9.931458511438715497e-01 9.933335484444828500e-01 9.935081704153787552e-01 9.936804720663942048e-01 9.938505033633532326e-01 9.940183128132262791e-01 9.941821977667637533e-01 9.943271618166916737e-01 9.944702761337746999e-01 9.946115790678593527e-01 9.947511078906053905e-01 9.948888988333518535e-01 9.950190172402105793e-01 9.951381100219761633e-01 9.952557530469827718e-01 9.953719750699697721e-01 9.954868040690802999e-01 9.956002672717321200e-01
7.957741873656312137e-01 8.047771830142519400e-01 8.135609838320785325e-01 8.221791244712515212e-01 8.305658905255207669e-01 8.386930970538858388e-01 8.465617809761282198e-01 8.541179104292312418e-01 8.614036126214088540e-01 8.683622984055208160e-01 8.750115338602381110e-01 8.813890358672691328e-01 8.873977704805274813e-01 8.932006424715205339e-01 8.985928233658918574e-01 9.038338638601645103e-01 9.086556697172519792e-01 9.133596897674081116e-01 9.176663410244197960e-01 9.218605235986603308e-01 9.257172859922282449e-01 9.294349040092547698e-01 9.329056881244934818e-01 9.361836024019171143e-01 9.393278382179550690e-01 9.422044329866231527e-01 9.450156642373587212e-01 9.475882968270895601e-01 9.500459076917775469e-01 9.524169545598633047e-01 9.545576977144454300e-01 9.566517471387077087e-01 9.586210653054035857e-01 9.604400442081607592e-01 9.622203716650163940e-01 9.638711354458778802e-01 9.654140582332790821e-01 9.669250753897633555e-01 9.683263503752872481e-01 9.696335088068261943e-01 9.709143819877538162e-01 9.721218451881257216e-01 9.732282867759139977e-01 9.743131029328835346e-01 9.753704959935786123e-01 9.763065013634562028e-01 9.772247301665666352e-01 9.781256977047994017e-01 9.789572234610958157e-01 9.797341715998726386e-01 9.804969290363511059e-01 9.812458964830695907e-01 9.819105384611693799e-01 9.825561513317448981e-01 9.831904218109442928e-01 9.838097975343486068e-01 9.843561936938334256e-01 9.848932598341031408e-01 9.854212463389366849e-01 9.859395444893478411e-01 9.863942659403460711e-01 9.868415124828785467e-01 9.872814785884226341e-01 9.877143521321948283e-01 9.881041776650517638e-01 9.884770240621352233e-01 9.888440223104985050e-01 9.892053186224735173e-01 9.895489025780257464e-01 9.898600662498113767e-01 9.901665234603415078e-01 9.904683882083717972e-01 9.907657708130779284e-01 9.910383317051751906e-01 9.912945328859722460e-01 9.915470278416661509e-01 9.917959028378666719e-01 9.920412414510390020e-01 9.922640315879046602e-01 9.924755133119170791e-01 9.926840650649505493e-01 9.928897524159848720e-01 9.930926389580047031e-01 9.932808493460073551e-01 9.934558799654590322e-01 9.936285849820694072e-01 9.937990144727976149e-01 9.939672170525751804e-01 9.941314824357049273e-01 9.942767477433166468e-01 9.944201595577608632e-01 9.945617563054121035e-01 9.947015753323434906e-01 9.948396529422663948e-01 9.949700727502380770e-01 9.950894920456102577e-01 9.952074576638854086e-01 9.953239984366721860e-01 9.954391424169291014e-01 9.955529169049021077e-01
7.955074806299569090e-01 8.045081006051917338e-01 8.132905015832135875e-01 8.219086305970859652e-01 8.302963935070564183e-01 8.384252874131394861e-01 8.462965512683754410e-01 8.538560409180778743e-01 8.611453550683539904e-01 8.681081868915713207e-01 8.747620087151519730e-01 8.811444340583862722e-01 8.871583717060292917e-01 8.929664312457034070e-01 8.983642176706129190e-01 9.036107782502880159e-01 9.084382082517995505e-01 9.131477393974654078e-01 9.174599310759574688e-01 9.216595505619447071e-01 9.255215089871514644e-01 9.292441946611739167e-01 9.327199209905236987e-01 9.360026631881457337e-01 9.391516209422706707e-01 9.420328024078367113e-01 9.448485321998730813e-01 9.474255144621689384e-01 9.498873703271905056e-01 9.522625961702726460e-01 9.544075255451031081e-01 9.565056808060105054e-01 9.584790745625195729e-01 9.603021169266564572e-01 9.620864308453492830e-01 9.637410521035350008e-01 9.652877166674816989e-01 9.668024055653947624e-01 9.682071346853745597e-01 9.695175585011803765e-01 9.708016368542544683e-01 9.720121261807180835e-01 9.731213445662847406e-01 9.742088873345940980e-01 9.752689382234430715e-01 9.762072402543005012e-01 9.771277250971571737e-01 9.780309091500688501e-01 9.788644529802041916e-01 9.796432650674032905e-01 9.804078544821710484e-01 9.811586227863727805e-01 9.818248914491775059e-01 9.824720889719161798e-01 9.831079177041979200e-01 9.837288257589681395e-01 9.842767256607601878e-01 9.848152709586928122e-01 9.853447126704381054e-01 9.858644445853759208e-01 9.863206995012696598e-01 9.867694551731318597e-01 9.872109066858290038e-01 9.876452425078587893e-01 9.880366398732735034e-01 9.884110734661543107e-01 9.887796347312564071e-01 9.891424704700666481e-01 9.894876112720270012e-01 9.898003991160335691e-01 9.901084565501072632e-01 9.904118981403761124e-01 9.907108347554741679e-01 9.909849402748777125e-01 9.912426718862683561e-01 9.914966756362481037e-01 9.917470382841754306e-01 9.919938438851696461e-01 9.922179945484727037e-01 9.924307811656194467e-01 9.926406201180508759e-01 9.928475773635151436e-01 9.930517168722532428e-01 9.932410304304911675e-01 9.934170307707862468e-01 9.935906928928680548e-01 9.937620671405300588e-01 9.939312023878781321e-01 9.940963577771131376e-01 9.942422056621318394e-01 9.943861927872607032e-01 9.945283577266729180e-01 9.946687379701604215e-01 9.948073699612131060e-01 9.949382099016214065e-01 9.950578428136968023e-01 9.951760195317165270e-01 9.952927689358511687e-01 9.954081191263414174e-01 9.955220974494808361e-01
7.952888849323463960e-01 8.042875468749051127e-01 8.130660576236569126e-01 8.216830987511756224e-01 8.300731606767139947e-01 8.382046348338968444e-01 8.460773548391167242e-01 8.536394271429332825e-01 8.609316934542567967e-01 8.678981300119759101e-01 8.745557987396339605e-01 8.809422521190758415e-01 8.869604391611248806e-01 8.927727345181201146e-01 8.981748906304152236e-01 9.034257432715249170e-01 9.082576700569540140e-01 9.129716081955622231e-01 9.172881540187137750e-01 9.214920421596233258e-01 9.253585273223068342e-01 9.290857222773230006e-01 9.325658104569182205e-01 9.358527869836237301e-01 9.390058870778605904e-01 9.418910979708297049e-01 9.447107792121587355e-01 9.472916434773763772e-01 9.497573095217521910e-01 9.521362148406191661e-01 9.542844282423426083e-01 9.563858048916596966e-01 9.583622303314758284e-01 9.601880714069932488e-01 9.619751309150054164e-01 9.636324241688358772e-01 9.651816930142085305e-01 9.666989375134089624e-01 9.681062194124657738e-01 9.694191858712670751e-01 9.707057600667416963e-01 9.719187276720386848e-01 9.730304242388482239e-01 9.741204002448448085e-01 9.751828421898767196e-01 9.761235166383078754e-01 9.770463316443263047e-01 9.779518047547985926e-01 9.787875459262690425e-01 9.795684785585672127e-01 9.803351519025741423e-01 9.810879684996290928e-01 9.817560509242916345e-01 9.824050112395937839e-01 9.830425733273586708e-01 9.836651679668908521e-01 9.842144347015365780e-01 9.847543245661269928e-01 9.852850891504736364e-01 9.858061182334678652e-01 9.862633545992630646e-01 9.867130762757612139e-01 9.871554787340909298e-01 9.875907508164589732e-01 9.879829202765065821e-01 9.883580693854757682e-01 9.887273353676174770e-01 9.890908652853256378e-01 9.894366782198770194e-01 9.897501019671859357e-01 9.900587859772296273e-01 9.903628450360751900e-01 9.906623902253854919e-01 9.909371650618539196e-01 9.911955985072093966e-01 9.914502941659819601e-01 9.917013390240901893e-01 9.919488173562817090e-01 9.921737732064548343e-01 9.923874148010631835e-01 9.925980970933907521e-01 9.928058862977376942e-01 9.930108466332757677e-01 9.932010820677794616e-01 9.933780920875699971e-01 9.935527506770235329e-01 9.937251084607956475e-01 9.938952145857524734e-01 9.940613407266872814e-01 9.942082649510107784e-01 9.943533148735347327e-01 9.944965293459033795e-01 9.946379461276622092e-01 9.947776019246090673e-01 9.949094462051808474e-01 9.950300602639261527e-01 9.951492063429775436e-01 9.952669135536855727e-01 9.953832102212917254e-01 9.954981239111130309e-01
7.951035296955388798e-01 8.041023066521018059e-01 8.128803225677356803e-01 8.214987701947382703e-01 8.298882196926542498e-01 8.380197378300543454e-01 8.458948446916373376e-01 8.534591558210028461e-01 8.607538166258227319e-01 8.677234452274263932e-01 8.743842989634285079e-01 8.807739274321166878e-01 8.867955554059568923e-01 8.926113093061075476e-01 8.980173111955364051e-01 9.032719656658416696e-01 9.081076491712568588e-01 9.128252652593876748e-01 9.171455593557272801e-01 9.213531263084328016e-01 9.252232267493604168e-01 9.289539684513016260e-01 9.324375597374511271e-01 9.357279900699095876e-01 9.388844391932875677e-01 9.417728034593859654e-01 9.445955772927027150e-01 9.471794196367985252e-01 9.496479879919426104e-01 9.520297554668744056e-01 9.541808641618558795e-01 9.562850806375120527e-01 9.582643094650467042e-01 9.600929246309267695e-01 9.618827057572051364e-01 9.635426141244264331e-01 9.650944048025482669e-01 9.666141240929598810e-01 9.680237107854845480e-01 9.693388358364586344e-01 9.706275289897839942e-01 9.718424778451894008e-01 9.729559598320702829e-01 9.740476890540451516e-01 9.751118415274536710e-01 9.760540174914981160e-01 9.769783074159708036e-01 9.778852295666533578e-01 9.787223652043185451e-01 9.795046461917511493e-01 9.802726446563951868e-01 9.810267637598194534e-01 9.816962025183291196e-01 9.823465039945484811e-01 9.829853847964017399e-01 9.836092834472067725e-01 9.841599481305853825e-01 9.847012130398546947e-01 9.852333303566103151e-01 9.857556910375371295e-01 9.862142769023742872e-01 9.866653266645363241e-01 9.871090363348299368e-01 9.875455952774504498e-01 9.879389552998841806e-01 9.883152538357693473e-01 9.886856517632223174e-01 9.890502965699736748e-01 9.893971473232822111e-01 9.897114583463906268e-01 9.900210165999823175e-01 9.903259371778048159e-01 9.906263314595209479e-01 9.909017917916613793e-01 9.911608092802159931e-01 9.914160807813529042e-01 9.916676934670155541e-01 9.919157317923237294e-01 9.921410680986324504e-01 9.923550112019037250e-01 9.925659909505877287e-01 9.927740736473343874e-01 9.929793235970707510e-01 9.931697802422588817e-01 9.933469508938875814e-01 9.935217680396530859e-01 9.936942823478530640e-01 9.938645430077496234e-01 9.940308267550341803e-01 9.941779548427798208e-01 9.943232060725843979e-01 9.944666193483145955e-01 9.946082324802907326e-01 9.947480822236872688e-01 9.948801826688001837e-01 9.950011517913405212e-01 9.951206486588612954e-01 9.952387024667450621e-01 9.953553416220138894e-01 9.954705937695909057e-01
7.949484481701712957e-01 8.039502774484929004e-01 8.127263109298816790e-01 8.213430846261124962e-01 8.297337237028930002e-01 8.378668573014204091e-01 8.457429748875718856e-01 8.533093004773419921e-01 8.606062137554991720e-01 8.675783263471728013e-01 8.742416002323686319e-01 8.806335762509065468e-01 8.866584126062649895e-01 8.924775438137924066e-01 8.978864117597670225e-01 9.031438385515127010e-01 9.079827738611996324e-01 9.127035863870289756e-01 9.170269863694920920e-01 9.212376057297895215e-01 9.251106878030477265e-01 9.288443633425883528e-01 9.323307537525697963e-01 9.356238689535739672e-01 9.387830148092437543e-01 9.416742333036735024e-01 9.444998064853094011e-01 9.470863834712990315e-01 9.495576303689163833e-01 9.519419983648398365e-01 9.540955084026080391e-01 9.562020803791816403e-01 9.581835295712262113e-01 9.600141997332916066e-01 9.618059970351595656e-01 9.634678077213754133e-01 9.650214043688912779e-01 9.665428959540610654e-01 9.679542143682169364e-01 9.692710325813842509e-01 9.705613877451072513e-01 9.717779937055459616e-01 9.728931435580959741e-01 9.739865104222031889e-01 9.750522731910107321e-01 9.759960629385000530e-01 9.769219379312314988e-01 9.778304172149246964e-01 9.786690409198215423e-01 9.794527528963374863e-01 9.802221576842685691e-01 9.809776591038291693e-01 9.816482859934467786e-01 9.822997381955925755e-01 9.829397505614073660e-01 9.835647469846002799e-01 9.841162473727539384e-01 9.846583343942122424e-01 9.851912605793142763e-01 9.857144143610147013e-01 9.861735957163655364e-01 9.866252315659563843e-01 9.870695181565040111e-01 9.875066450804185214e-01 9.879005993086954485e-01 9.882774934163032210e-01 9.886484778861538425e-01 9.890137004250328934e-01 9.893611624036976471e-01 9.896761697409970360e-01 9.899864140458384254e-01 9.902920106550221480e-01 9.905930711835929658e-01 9.908692639642971978e-01 9.911290493105545663e-01 9.913850777717730933e-01 9.916374367694305025e-01 9.918862110005252086e-01 9.921123735139569799e-01 9.923271746296314921e-01 9.925390007290569860e-01 9.927479183716391153e-01 9.929539921114447498e-01 9.931452129498367087e-01 9.933230942652651052e-01 9.934986127961441538e-01 9.936718194076419319e-01 9.938427634802231569e-01 9.940097021704428215e-01 9.941572869838409821e-01 9.943029892167194461e-01 9.944468478897874331e-01 9.945889009269709424e-01 9.947291851939219498e-01 9.948616058640001869e-01 9.949827191374673863e-01 9.951023584459313120e-01 9.952205530179608628e-01 9.953373312928865957e-01 9.954527209470878102e-01
7.948263213074348021e-01 8.038214487633622563e-01 8.125978632771391208e-01 8.212173375889585403e-01 8.296069899526938851e-01 8.377394464594772883e-01 8.456173970902226555e-01 8.531851272818895549e-01 8.604835410774481774e-01 8.674579058552486233e-01 8.741234067773362426e-01 8.805175821569952710e-01 8.865447348665294047e-01 8.923661795132600272e-01 8.977776021179063592e-01 9.030375471344102012e-01 9.078790095355060430e-01 9.126022939365865394e-01 9.169283772887182327e-01 9.211416308244059215e-01 9.250172334731862067e-01 9.287533564733509994e-01 9.322422236268035345e-01 9.355378275138057642e-01 9.386993567681163331e-01 9.415927221141509040e-01 9.444204018751887197e-01 9.470090286342106589e-01 9.494822819560730931e-01 9.518686182071535162e-01 9.540240537496326167e-01 9.561325192516962890e-01 9.581158190931956531e-01 9.599482919030331018e-01 9.617418598669493779e-01 9.634054148852143618e-01 9.649607264326569567e-01 9.664838996441734720e-01 9.678968767588758126e-01 9.692153305416653097e-01 9.705072911798803270e-01 9.717253850303874119e-01 9.728418533325128292e-01 9.739365148280707540e-01 9.750035347830555699e-01 9.759483348902751043e-01 9.768752023564879483e-01 9.777846567105753506e-01 9.786242096813967395e-01 9.794088133504725846e-01 9.801790945527713017e-01 9.809354575139783705e-01 9.816069687858792747e-01 9.822592942540159244e-01 9.829001652814360890e-01 9.835260132992755810e-01 9.840784666532332858e-01 9.846214909942355709e-01 9.851553392576963830e-01 9.856794028402715568e-01 9.861396458230772266e-01 9.865923265290134081e-01 9.870376416257375940e-01 9.874757811128652696e-01 9.878705747350413624e-01 9.882482482372202393e-01 9.886200002696178268e-01 9.889859788264196983e-01 9.893341178143285619e-01 9.896496406304973181e-01 9.899603928847522383e-01 9.902664900907722778e-01 9.905680440349448057e-01 9.908445557860042774e-01 9.911045541949576876e-01 9.913607927502237072e-01 9.916133589401551207e-01 9.918623375266073516e-01 9.920886309669583181e-01 9.923035309070393772e-01 9.925154545053773703e-01 9.927244683502259859e-01 9.929306370236513635e-01 9.931220142443255572e-01 9.933001058630783753e-01 9.934758319433043550e-01 9.936492434087531578e-01 9.938203896967795492e-01 9.939875495774926906e-01 9.941355599393462139e-01 9.942816823473279442e-01 9.944259559325823172e-01 9.945684187263897913e-01 9.947091076987858438e-01 9.948420232123006413e-01 9.949637755265069439e-01 9.950840461792063163e-01 9.952028645502720705e-01 9.953202592262876403e-01 9.954362580269657812e-01
7.947229788603239475e-01 8.037156806136527276e-01 8.124919012891074210e-01 8.211100148542509469e-01 8.295007141405794648e-01 8.376344860642246370e-01 8.455130886486075248e-01 8.530819036424157620e-01 8.603815309755669105e-01 8.673573317545024697e-01 8.740248283084568470e-01 8.804214443751702257e-01 8.864504120549449029e-01 8.922734628565213155e-01 8.976870869241904138e-01 9.029492231116432732e-01 9.077929022662891700e-01 9.125183566500418841e-01 9.168464890476036855e-01 9.210617441159847374e-01 9.249393989903971214e-01 9.286775509482146918e-01 9.321684274441780493e-01 9.354660149749383091e-01 9.386294961168485385e-01 9.415248055946351391e-01 9.443543931865262531e-01 9.469448031188208992e-01 9.494197743525727429e-01 9.518077860725643324e-01 9.539648197267083241e-01 9.560748489058428223e-01 9.580596809601669150e-01 9.598936571364339310e-01 9.616886982148193930e-01 9.633536618689774178e-01 9.649103290558274093e-01 9.664348348559355095e-01 9.678490228903890991e-01 9.691685868906627643e-01 9.704616422384568786e-01 9.716808316916659694e-01 9.727984036058469064e-01 9.738941494562355361e-01 9.749622333367098381e-01 9.759080522382966860e-01 9.768359201749197140e-01 9.777463571788379548e-01 9.785869378156318854e-01 9.793725976927897259e-01 9.801439168622837483e-01 9.809013000378496994e-01 9.815736702189971075e-01 9.822268253611154964e-01 9.828685121485087883e-01 9.834951545596306577e-01 9.840482631332553298e-01 9.845919320635304617e-01 9.851264145579552434e-01 9.856510982928579079e-01 9.861116939746447096e-01 9.865647217931251545e-01 9.870103785565180754e-01 9.874488544003999779e-01 9.878440443501383950e-01 9.882221276202060034e-01 9.885942832242934353e-01 9.889606593065506379e-01 9.893092331149585528e-01 9.896252809361986147e-01 9.899365504627662959e-01 9.902431573913625940e-01 9.905452136856227607e-01 9.908223295177049916e-01 9.910829893806321067e-01 9.913398800453139259e-01 9.915930892132182040e-01 9.918427018528045425e-01 9.920695986313570192e-01 9.922850842165230612e-01 9.924975855138006287e-01 9.927071692861357821e-01 9.929139002851107287e-01 9.931057478870742861e-01 9.932842282601590522e-01 9.934603380491292546e-01 9.936341282842421352e-01 9.938056485063082590e-01 9.939731503408247848e-01 9.941212365315966748e-01 9.942674338408949986e-01 9.944117814184111337e-01 9.945543173134699932e-01 9.946950785136636775e-01 9.948279914862729889e-01 9.949496245495678126e-01 9.950697773947597691e-01 9.951884793732288514e-01 9.953057590438304514e-01 9.954216441992900233e-01
7.946375986468330321e-01 8.036277457877497588e-01 8.124050141792857893e-01 8.210214901303116708e-01 8.294123975065554877e-01 8.375467837605147237e-01 8.454258703238547445e-01 8.529962238638189032e-01 8.602974533764289333e-01 8.672743877098576526e-01 8.739431714151797426e-01 8.803411947408629201e-01 8.863718801259308222e-01 8.921967028176002179e-01 8.976121260783870293e-01 9.028760274643329309e-01 9.077215102206731556e-01 9.124487316464849895e-01 9.167786053526237877e-01 9.209955691757910623e-01 9.248749437089065495e-01 9.286147910919110293e-01 9.321073352793195488e-01 9.354065618566249629e-01 9.385716308828886412e-01 9.414684310653110844e-01 9.442994804073564508e-01 9.468913493791212277e-01 9.493677602729314602e-01 9.517571832171362045e-01 9.539155941626108470e-01 9.560269736156817855e-01 9.580131039929324910e-01 9.598483190413450439e-01 9.616445760223110151e-01 9.633106849523341841e-01 9.648684367022500874e-01 9.663940058058108074e-01 9.678092447025985479e-01 9.691298432587304168e-01 9.704239097764869593e-01 9.716440604253345770e-01 9.727625311033417654e-01 9.738591600747071864e-01 9.749281155773967811e-01 9.758748497271043654e-01 9.768036169310641004e-01 9.777149376467831887e-01 9.785562454150529277e-01 9.793425147076900705e-01 9.801144331245134067e-01 9.808724056416162629e-01 9.815454151064073596e-01 9.821992061342236235e-01 9.828415194867027305e-01 9.834687757735678382e-01 9.840224310327269075e-01 9.845666378425966814e-01 9.851016496344838780e-01 9.856268547055339058e-01 9.860879892380851608e-01 9.865415466415257129e-01 9.869877239743618524e-01 9.874267116136444811e-01 9.878224992193785914e-01 9.882011991418218066e-01 9.885739620224498481e-01 9.889409362334731224e-01 9.892900531159994904e-01 9.896065327704012260e-01 9.899182277700577792e-01 9.902252539621952954e-01 9.905277234562255284e-01 9.908051396114176956e-01 9.910660307556922177e-01 9.913231494538323751e-01 9.915765834809884272e-01 9.918264178770618278e-01 9.920534542884195117e-01 9.922690436588595952e-01 9.924816473467225064e-01 9.926913321453584294e-01 9.928981628358610756e-01 9.930901408048286028e-01 9.932687783931517522e-01 9.934450433462028718e-01 9.936189867377320795e-01 9.937906581507919279e-01 9.939583274025824977e-01 9.941067533195483419e-01 9.942532860848010134e-01 9.943979649354586225e-01 9.945408280058437578e-01 9.946819123662017370e-01 9.948151975203757269e-01 9.949372819161466097e-01 9.950578806745251637e-01 9.951770232531581550e-01 9.952947383143272431e-01 9.954110537514381241e-01
7.945639328814121383e-01 8.035552439032342953e-01 8.123315382915846650e-01 8.209492259129083092e-01 8.293399016160277748e-01 8.374741045432901876e-01 8.453538495102013162e-01 8.529250424934543551e-01 8.602271985778146002e-01 8.672052917641331904e-01 8.738753486672123927e-01 8.802747321426820371e-01 8.863068476888618097e-01 8.921330927158412916e-01 8.975499019094060893e-01 9.028151591705507739e-01 9.076620364828418275e-01 9.123906224568036905e-01 9.167219586027439693e-01 9.209403592964637841e-01 9.248211968851303144e-01 9.285624908576639580e-01 9.320564213462629866e-01 9.353569836387410907e-01 9.385233727276339755e-01 9.414215021913036052e-01 9.442538520465618701e-01 9.468469717764135263e-01 9.493246012625115027e-01 9.517152041883109037e-01 9.538746903748520634e-01 9.559871237866061078e-01 9.579743013772076266e-01 9.598105616785413963e-01 9.616078429249581561e-01 9.632749242274851742e-01 9.648336040335905306e-01 9.663600830323129109e-01 9.677761946794904979e-01 9.690976355399261166e-01 9.703925315547174968e-01 9.716134815449400941e-01 9.727327082904644318e-01 9.738300780974211701e-01 9.748997580424793030e-01 9.758471775254514702e-01 9.767766179329672172e-01 9.776886000501266993e-01 9.785305508891962711e-01 9.793174470512465701e-01 9.800899816110901774e-01 9.808485598291041274e-01 9.815220833152933366e-01 9.821763708890687283e-01 9.828191719933354609e-01 9.834469087563191270e-01 9.840010571519135496e-01 9.845457494202138893e-01 9.850812391810149782e-01 9.856069152728345051e-01 9.860685372408091176e-01 9.865225754147378678e-01 9.869692269960554931e-01 9.874086825009678048e-01 9.878047874182706023e-01 9.881837569555210754e-01 9.885567855994804587e-01 9.889240218105674884e-01 9.892733962329471886e-01 9.895901280519832088e-01 9.899020716776187889e-01 9.902093430371300409e-01 9.905120543175734982e-01 9.907897388339980127e-01 9.910509126632409682e-01 9.913083100751286514e-01 9.915620189349334535e-01 9.918121243699384859e-01 9.920394846540021572e-01 9.922554175144232547e-01 9.924683597698435999e-01 9.926783783268263717e-01 9.928855380761795191e-01 9.930778916811849877e-01 9.932569455970235994e-01 9.934336214347446736e-01 9.936079703837122912e-01 9.937800421392597450e-01 9.939480890462701890e-01 9.940967188831949519e-01 9.942434530104973245e-01 9.943883307175732655e-01 9.945313901895719289e-01 9.946726685461670936e-01 9.948060571355994419e-01 9.949281043932157731e-01 9.950486664698209305e-01 9.951677728139398660e-01 9.952854520789802262e-01 9.954017321497141690e-01
7.945020824767775602e-01 8.034954877356819125e-01 8.122705154114244763e-01 8.208875544147404835e-01 8.292786696906291333e-01 8.374136126423167292e-01 8.452941425254910657e-01 8.528662435894996952e-01 8.601692825199024339e-01 8.671481397023955706e-01 8.738190712743981736e-01 8.802194145632965538e-01 8.862526207771488362e-01 8.920799733994551062e-01 8.974980248504220715e-01 9.027645073709006374e-01 9.076126514890592301e-01 9.123424794858226994e-01 9.166750718429231837e-01 9.208947056954477350e-01 9.247767251538442368e-01 9.285191711552850391e-01 9.320142267875346498e-01 9.353158899473518195e-01 9.384833615922040240e-01 9.413825628096582632e-01 9.442159638023650547e-01 9.468100942773470807e-01 9.492887104173870494e-01 9.516802827279906563e-01 9.538407175570815522e-01 9.559540814943675580e-01 9.579421448351184143e-01 9.597792372127366134e-01 9.615773349256210301e-01 9.632452156609939697e-01 9.648046786996820057e-01 9.663319266120280471e-01 9.677487631316293859e-01 9.690708875575807513e-01 9.703664510028942036e-01 9.715880561529631754e-01 9.727079305523287367e-01 9.738059364461342238e-01 9.748762381952258416e-01 9.758242208094397574e-01 9.767542142319313170e-01 9.776667395253618720e-01 9.785092076943849859e-01 9.792966000745796373e-01 9.800696223338046797e-01 9.808286799589813754e-01 9.815026629178557060e-01 9.821574008017409652e-01 9.828006444851370427e-01 9.834288151096635122e-01 9.839833709209161450e-01 9.845284640370258744e-01 9.850643482448467880e-01 9.855904120993028705e-01 9.860523868464710073e-01 9.865067721085438723e-01 9.869537652325743871e-01 9.873935568755335401e-01 9.877899730178495430e-01 9.881692430679462902e-01 9.885425675980535898e-01 9.889100951824036922e-01 9.892597488235257419e-01 9.895767383576098419e-01 9.898889358988578469e-01 9.901964574645473194e-01 9.904994153288960712e-01 9.907773530848472676e-01 9.910387827854585385e-01 9.912964325329447490e-01 9.915503902716333862e-01 9.918007412054951066e-01 9.920283309632637048e-01 9.922444849917619880e-01 9.924576457389407969e-01 9.926678801640101968e-01 9.928752532090453498e-01 9.930677394295696070e-01 9.932468545389501191e-01 9.934235908305993901e-01 9.935979995084954774e-01 9.937701302821945193e-01 9.939382405733703241e-01 9.940869816955733018e-01 9.942338257527578715e-01 9.943788120613158421e-01 9.945219788326619126e-01 9.946633632120287505e-01 9.947968972201615134e-01 9.949191523023065420e-01 9.950399196284021031e-01 9.951592286987814839e-01 9.952771082172443551e-01 9.953935861175849942e-01
7.944529247484340972e-01 8.034437873904273220e-01 8.122206668091498383e-01 8.208378230326905944e-01 8.292288738887989563e-01 8.373637676101591820e-01 8.452443840921897156e-01 8.528168927443431357e-01 8.601204788521155109e-01 8.671001695751731075e-01 8.737719814613699176e-01 8.801732400603581308e-01 8.862075274507683620e-01 8.920359890564788508e-01 8.974550746507372612e-01 9.027225675084324941e-01 9.075717424917820741e-01 9.123025816606799010e-01 9.166361319186649981e-01 9.208567034269424800e-01 9.247396816873031389e-01 9.284830761366796859e-01 9.319791095320520968e-01 9.352817658236185494e-01 9.384501894380293807e-01 9.413502482255640125e-01 9.441844919062254426e-01 9.467794499959449883e-01 9.492588768639526053e-01 9.516512445293636713e-01 9.538124664139369102e-01 9.559266030075740384e-01 9.579154055431323700e-01 9.597531968934446267e-01 9.615519804702785667e-01 9.632205282133274871e-01 9.647806415216705345e-01 9.663085283325453245e-01 9.677259692433303195e-01 9.690486677701763973e-01 9.703447950845707215e-01 9.715669434438791718e-01 9.726873340184614136e-01 9.737858467514816097e-01 9.748566449849058735e-01 9.758050951963113118e-01 9.767355478857485673e-01 9.776485243424373195e-01 9.784914262295036913e-01 9.792792372717776805e-01 9.800526704955718760e-01 9.808121316064726258e-01 9.814864957489670694e-01 9.821416062165571059e-01 9.827852156342408163e-01 9.834137440940223795e-01 9.839686311451409928e-01 9.845140494456944280e-01 9.850502529544842290e-01 9.855766299770015726e-01 9.860388858372310938e-01 9.864935478853741335e-01 9.869408135744106580e-01 9.873808736638798322e-01 9.877775502071278746e-01 9.881570754528720135e-01 9.885306512762722653e-01 9.888984263469744462e-01 9.892483251791833743e-01 9.895655595039495322e-01 9.898779983346044364e-01 9.901857577690963419e-01 9.904889501598381774e-01 9.907670913251778178e-01 9.910287046349292028e-01 9.912865353351827391e-01 9.915406714321005621e-01 9.917911981895600748e-01 9.920189603024152092e-01 9.922352838995184277e-01 9.924486119208481005e-01 9.926590113759372613e-01 9.928665472556964522e-01 9.930591803950820085e-01 9.932384281986196273e-01 9.934152954532877722e-01 9.935898333997698062e-01 9.937620917832717948e-01 9.939303308257286806e-01 9.940792256415091899e-01 9.942262214487410654e-01 9.943713576038089030e-01 9.945146723570053027e-01 9.946562028913614739e-01 9.947898754360020579e-01 9.949122582371834334e-01 9.950331518449849755e-01 9.951525857863354751e-01 9.952705887909581994e-01 9.953871888179210980e-01
7.944150903217953585e-01 8.034041488045227108e-01 8.121792250638665278e-01 8.207956978215653621e-01 8.291867627548589192e-01 8.373219602516209781e-01 8.452030949336762911e-01 8.527761642199493952e-01 8.600803240997809684e-01 8.670606414339635526e-01 8.737331579396203640e-01 8.801351816306232090e-01 8.861702942903602054e-01 8.919995818792456621e-01 8.974195152440901380e-01 9.026878393684556467e-01 9.075377071008596808e-01 9.122692242193749523e-01 9.166037340513780718e-01 9.208252574999030715e-01 9.247090025743818220e-01 9.284531142820434679e-01 9.319499418744945363e-01 9.352534418471191158e-01 9.384226632825837244e-01 9.413234019561725896e-01 9.441583111672260387e-01 9.467539753667548741e-01 9.492341125539573987e-01 9.516271722624431995e-01 9.537890465670183504e-01 9.559038225232431296e-01 9.578932383616317603e-01 9.597316128017692183e-01 9.615309681600586744e-01 9.632000661301467481e-01 9.647607102471493778e-01 9.662891172028719167e-01 9.677070615197795878e-01 9.690302488481264964e-01 9.703268562248255069e-01 9.715494656996777056e-01 9.726702921468116658e-01 9.737692327323803632e-01 9.748404487639877880e-01 9.757892740730870207e-01 9.767200957435842046e-01 9.776334352147096896e-01 9.784766880613163798e-01 9.792648396683273360e-01 9.800386078853612348e-01 9.807983985586421483e-01 9.814730842235412922e-01 9.821285110580298960e-01 9.827724320977607730e-01 9.834012646854106698e-01 9.839564051261541211e-01 9.845020729638578327e-01 9.850385222494938420e-01 9.855651417780527668e-01 9.860276621351680149e-01 9.864825842063907890e-01 9.869301055639395637e-01 9.873704170824474380e-01 9.877673026048828797e-01 9.881470220863143306e-01 9.885207891410829895e-01 9.888887525130418688e-01 9.892388406091235931e-01 9.895562698282375225e-01 9.898689005453603640e-01 9.901768489325307732e-01 9.904802274138215790e-01 9.907585388867711229e-01 9.910203121777452218e-01 9.912783005880555498e-01 9.915325921758834093e-01 9.917832722555292024e-01 9.920111674118695655e-01 9.922276143934946058e-01 9.924410640766956337e-01 9.926515835098038698e-01 9.928592377213510956e-01 9.930520048767962349e-01 9.932314003552240589e-01 9.934084133423723983e-01 9.935830951203989958e-01 9.937554954747813696e-01 9.939238708956831259e-01 9.940728641149213507e-01 9.942199570792716878e-01 9.943651891708005230e-01 9.945085986647624887e-01 9.946502227684600461e-01 9.947839903642988757e-01 9.949064712139940037e-01 9.950274616867076372e-01 9.951469913326813632e-01 9.952650889043264115e-01 9.953817823827932898e-01
7.943804880522378209e-01 8.033699077836239377e-01 8.121443891069349830e-01 8.207606342416521317e-01 8.291520112076468108e-01 8.372876001635765064e-01 8.451690163290517255e-01 8.527425075553537459e-01 8.600471428920443140e-01 8.670280470844433651e-01 8.737011707232089641e-01 8.801038150498277091e-01 8.861394239349904556e-01 8.919691639760030100e-01 8.973897625344222639e-01 9.026587524553042474e-01 9.075094582072656957e-01 9.122417961667865782e-01 9.165769094326458033e-01 9.207990169017691295e-01 9.246834417985675403e-01 9.284282421788349060e-01 9.319257224904009540e-01 9.352298465415587181e-01 9.383997014355118793e-01 9.413011338855403753e-01 9.441367234598447844e-01 9.467329662252566003e-01 9.492136406767210932e-01 9.516072256316510103e-01 9.537696113478413285e-01 9.558848891407270010e-01 9.578747974412278321e-01 9.597136554941305686e-01 9.615134859960375868e-01 9.631830456287125974e-01 9.647441392500385460e-01 9.662729879700009405e-01 9.676913401091415956e-01 9.690149058444620378e-01 9.703118846716113355e-01 9.715348575446619561e-01 9.726560391185590237e-01 9.737553289826594849e-01 9.748268900218086674e-01 9.757760767597614127e-01 9.767072529862319552e-01 9.776209403399139797e-01 9.784644962023416603e-01 9.792529168281748353e-01 9.800269493818685174e-01 9.807869998359088903e-01 9.814619418165263509e-01 9.821176206153060528e-01 9.827617892823187207e-01 9.833908656573133733e-01 9.839462518120769552e-01 9.844921610871120166e-01 9.850288476500769219e-01 9.855556994713163821e-01 9.860183877326569313e-01 9.864734751230287424e-01 9.869211592779498776e-01 9.873616311333446305e-01 9.877587006448719231e-01 9.881386090927807286e-01 9.885125622390884548e-01 9.888807088976196980e-01 9.892309660800753246e-01 9.895485361902318644e-01 9.898613056571350377e-01 9.901693907048986221e-01 9.904729038079832515e-01 9.907513633724491786e-01 9.910132920054395278e-01 9.912714335722871972e-01 9.915258761808352084e-01 9.917767051935330036e-01 9.920047303784813586e-01 9.922212983640782413e-01 9.924348674002078097e-01 9.926455045716752190e-01 9.928532749423996107e-01 9.930461428662069601e-01 9.932256254128729589e-01 9.934027243206792201e-01 9.935774908963286300e-01 9.937499749491314205e-01 9.939184331911850023e-01 9.940675100854812207e-01 9.942146856661030485e-01 9.943599993369155454e-01 9.945034893943640597e-01 9.946451930663531282e-01 9.947790404584283541e-01 9.949016020338364852e-01 9.950226722573504157e-01 9.951422806984209224e-01 9.952604561281536144e-01 9.953772265458944446e-01
7.943533809489257136e-01 8.033401918568925382e-01 8.121153524895529108e-01 8.207318136650952889e-01 8.291233596887709334e-01 8.372591373496330869e-01 8.451408122562382719e-01 8.527146103931713128e-01 8.600195475661585043e-01 8.670007284777255796e-01 8.736742693798775772e-01 8.800774428656624737e-01 8.861136776241564927e-01 8.919440594806875566e-01 8.973651724284783526e-01 9.026346587371586461e-01 9.074859722059713807e-01 9.122189067209045543e-01 9.165546092079077667e-01 9.207772958770786831e-01 9.246622943253159921e-01 9.284076592351344637e-01 9.319056432499662757e-01 9.352102252476313105e-01 9.383805462339090964e-01 9.412824945131342824e-01 9.441185903270206126e-01 9.467153197933940723e-01 9.491964688398929484e-01 9.515905186712477759e-01 9.537533538289456603e-01 9.558690725904123164e-01 9.578594132795524851e-01 9.596986951303093649e-01 9.614989414481855956e-01 9.631688872055633732e-01 9.647303418980264222e-01 9.662595445452765164e-01 9.676782408379903666e-01 9.690021416133748344e-01 9.702994489530495370e-01 9.715227463863360668e-01 9.726442501947267782e-01 9.737438562378646356e-01 9.748157244256036025e-01 9.757651635481787711e-01 9.766965882124980514e-01 9.776105201487241825e-01 9.784543209539208197e-01 9.792429853839119680e-01 9.800172574624177457e-01 9.807775432782969149e-01 9.814526860522059248e-01 9.821085587993225730e-01 9.827529178289020617e-01 9.833821813799829004e-01 9.839377563052671416e-01 9.844838513433360472e-01 9.850207207374538365e-01 9.855477526802814969e-01 9.860106278250074796e-01 9.864658990479441281e-01 9.869137640635005093e-01 9.873544138838340478e-01 9.877516355847597573e-01 9.881316870449294854e-01 9.885057810642665643e-01 9.888740665078533665e-01 9.892244558619801564e-01 9.895421459537122599e-01 9.898550336257722071e-01 9.901632351445132096e-01 9.904668630252974060e-01 9.907454369962648277e-01 9.910074791715781650e-01 9.912657326650535783e-01 9.915202856216153160e-01 9.917712234396546256e-01 9.919993500331695246e-01 9.922160155071156895e-01 9.924296807048899050e-01 9.926404127405398237e-01 9.928482767063590009e-01 9.930412311066221243e-01 9.932207937304695644e-01 9.933979716535864535e-01 9.935728162055029733e-01 9.937453772176919609e-01 9.939139120124659277e-01 9.940630701392758617e-01 9.942103259276607874e-01 9.943557188025299309e-01 9.944992870807867202e-01 9.946410680102275581e-01 9.947749880946141765e-01 9.948976157660749386e-01 9.950187512977664017e-01 9.951384242744949482e-01 9.952566634823122316e-01 9.953734969351151207e-01
7.943275190900813687e-01 8.033177621740422714e-01 8.120917021724649576e-01 8.207078428771490408e-01 8.290993186181940811e-01 8.372351638786932337e-01 8.451170505257370458e-01 8.526912488016498148e-01 8.599966098142739490e-01 8.669781805208145453e-01 8.736521169329659608e-01 8.800556889369728353e-01 8.860923006822553072e-01 8.919230463024944155e-01 8.973447334067442549e-01 9.026147953349290542e-01 9.074665679288151932e-01 9.121999513048290043e-01 9.165360645616210666e-01 9.207591512361652519e-01 9.246446357682127637e-01 9.283904968169516270e-01 9.318889568352377584e-01 9.351939982752539571e-01 9.383647721787876650e-01 9.412671722931836849e-01 9.441037116825478082e-01 9.467008536683650943e-01 9.491823995493722244e-01 9.515768273549531919e-01 9.537399718344201638e-01 9.558559937288646502e-01 9.578466683101045653e-01 9.596863276471925275e-01 9.614869441810812711e-01 9.631571918058793313e-01 9.647188937598144554e-01 9.662483390137670547e-01 9.676673150612479235e-01 9.689915253436716114e-01 9.702891367208857920e-01 9.715127175781469449e-01 9.726344754547194826e-01 9.737343315062830795e-01 9.748064447460060844e-01 9.757561089862883952e-01 9.766877543711899312e-01 9.776019027616338342e-01 9.784459176455909679e-01 9.792347935794684100e-01 9.800092734007400663e-01 9.807697633018479522e-01 9.814450775873824195e-01 9.821011160503477777e-01 9.827456380904173727e-01 9.833750608407746396e-01 9.839307734243875059e-01 9.844770038815349178e-01 9.850140065129419087e-01 9.855411698355704964e-01 9.860041916820783126e-01 9.864596073453970604e-01 9.869076145953763479e-01 9.873484044978527718e-01 9.877457639831093150e-01 9.881259510076675356e-01 9.885001784707613259e-01 9.888685952903696341e-01 9.892191010038211552e-01 9.895368766092471624e-01 9.898498485054290086e-01 9.901581329898759831e-01 9.904618426081041038e-01 9.907405100276667209e-01 9.910026521378785258e-01 9.912610041581355613e-01 9.915156542654026683e-01 9.917666878891341353e-01 9.919948933781310707e-01 9.922116299727801181e-01 9.924253653247864237e-01 9.926361665694728442e-01 9.928440988197783090e-01 9.930371266412564291e-01 9.932167671150369248e-01 9.933940218717670634e-01 9.935689422625384459e-01 9.937415781397652692e-01 9.939101857463696899e-01 9.940594051942734932e-01 9.942067215311696238e-01 9.943521741978164075e-01 9.944958015265247253e-01 9.946376407800728847e-01 9.947716158802758502e-01 9.948942937900389083e-01 9.950154789426484125e-01 9.951352009352509853e-01 9.952534885659016783e-01 9.953703698601790162e-01
7.943085996547770700e-01 8.032975754163641513e-01 8.120713758906197288e-01 8.206878070873879771e-01 8.290794531378371524e-01 8.372154738633290627e-01 8.450976124342867157e-01 8.526718712303881231e-01 8.599773606098104484e-01 8.669594457002721688e-01 8.736337281758282947e-01 8.800375089168818166e-01 8.860745083046216442e-01 8.919056818695768607e-01 8.973277666048501411e-01 9.025982164421483267e-01 9.074504040712867425e-01 9.121841947261898342e-01 9.165207415627744103e-01 9.207442549281352751e-01 9.246301189913757046e-01 9.283763439849687105e-01 9.318751380569837428e-01 9.351804908959684415e-01 9.383515897412230133e-01 9.412543756947939766e-01 9.440912936838061764e-01 9.466887319309661430e-01 9.491705433981574291e-01 9.515652572088565408e-01 9.537288261182518267e-01 9.558452650541348072e-01 9.578362550218465499e-01 9.596760952621300467e-01 9.614768892205917128e-01 9.631473741214712225e-01 9.647093596359741507e-01 9.662390835376682974e-01 9.676583011011805624e-01 9.689827217402131598e-01 9.702805398557827754e-01 9.715043250518159423e-01 9.726262850415683392e-01 9.737263389912078626e-01 9.747986472416990678e-01 9.757485215395723666e-01 9.766803731896104290e-01 9.775947241573329505e-01 9.784389101068857730e-01 9.792279332755107202e-01 9.800025577505150354e-01 9.807631897944415478e-01 9.814386499247373941e-01 9.820948323796599988e-01 9.827394959872379765e-01 9.833690594141070163e-01 9.839249340477973504e-01 9.844713238864708504e-01 9.850084833001365725e-01 9.855358002511857007e-01 9.859989330381933037e-01 9.864544578146720033e-01 9.869025723980955345e-01 9.873434679003056935e-01 9.877409001937093036e-01 9.881211495572677084e-01 9.884954383654454002e-01 9.888639155614162846e-01 9.892144966410096885e-01 9.895323821333436021e-01 9.898454623136311303e-01 9.901538535169862598e-01 9.904576683253537572e-01 9.907364190186478403e-01 9.909986308371374619e-01 9.912570515663020609e-01 9.915117694061914566e-01 9.917628698086300432e-01 9.919911502408518267e-01 9.922079646576211776e-01 9.924217767769494269e-01 9.926326537573274544e-01 9.928406607341767609e-01 9.930337533736679489e-01 9.932134498429614489e-01 9.933907598594434729e-01 9.935657347899014002e-01 9.937384245019911244e-01 9.939070846158333250e-01 9.940563497749389521e-01 9.942037112443389280e-01 9.943492084767112660e-01 9.944928798159531347e-01 9.946347625361083855e-01 9.947687821566560951e-01 9.948915065527244028e-01 9.950127376321924455e-01 9.951325050031974984e-01 9.952508374744926112e-01 9.953677630820676470e-01
7.942933406620262815e-01 8.032807352951533142e-01 8.120548031531653610e-01 8.206712978222667765e-01 8.290630473053228755e-01 8.371991404764033140e-01 8.450812770312379207e-01 8.526558269190233075e-01 8.599616011959495543e-01 8.669437531262721430e-01 8.736182995341771340e-01 8.800225025831722725e-01 8.860598656467105760e-01 8.918913823005232278e-01 8.973137368996637608e-01 9.025844466933783394e-01 9.074369036202336591e-01 9.121709575127611158e-01 9.165078036966546327e-01 9.207316113990207107e-01 9.246179090257728994e-01 9.283645894220086126e-01 9.318637296786144164e-01 9.351693505932318073e-01 9.383407239595068505e-01 9.412438198039210224e-01 9.440810421284908660e-01 9.466787574941941674e-01 9.491608337268370166e-01 9.515557923397477413e-01 9.537195176506123584e-01 9.558361094373520883e-01 9.578273005353761249e-01 9.596674084782094161e-01 9.614684651904207291e-01 9.631392125538469351e-01 9.647014591745510792e-01 9.662314392256865503e-01 9.676508997669724943e-01 9.689755516114075817e-01 9.702735963146681408e-01 9.714975560282815836e-01 9.726196104659821096e-01 9.737197570772617716e-01 9.747921617973992481e-01 9.757422180847873383e-01 9.766742487058120981e-01 9.775887757016307189e-01 9.784330925066093698e-01 9.792222127781136098e-01 9.799969326910952239e-01 9.807576585523145596e-01 9.814332600652335703e-01 9.820895865336691788e-01 9.827343917485974467e-01 9.833640929958799015e-01 9.839200798741953857e-01 9.844665800906348130e-01 9.850038480641297722e-01 9.855312715509539911e-01 9.859944927795829539e-01 9.864501046053539834e-01 9.868983048805741731e-01 9.873392847507864722e-01 9.877368116643912010e-01 9.881171576597850281e-01 9.884915416404603805e-01 9.888601125848701656e-01 9.892107779379520904e-01 9.895287283679004009e-01 9.898418725247252192e-01 9.901503267663849250e-01 9.904542036969451457e-01 9.907330226789109462e-01 9.909953060943323955e-01 9.912537974149390196e-01 9.915085848635920573e-01 9.917597539142345431e-01 9.919880930330503555e-01 9.922049614540913165e-01 9.924188268367152288e-01 9.926297563558612591e-01 9.928378151629055903e-01 9.930309534210794986e-01 9.932106899776570463e-01 9.933880395558322141e-01 9.935630535335848723e-01 9.937357817894385548e-01 9.939044814733341004e-01 9.940538003027874492e-01 9.942012147713431558e-01 9.943467643453611782e-01 9.944904873820423763e-01 9.946324211683689187e-01 9.947664838901627560e-01 9.948892392607919799e-01 9.950105009403548140e-01 9.951302985443731819e-01 9.952486608887863850e-01 9.953656160165794686e-01
7.942799928006206711e-01 8.032671539889082446e-01 8.120412291346285061e-01 8.206576142786515815e-01 8.290494067121878530e-01 8.371855585501765118e-01 8.450677109739932469e-01 8.526424223477196973e-01 8.599484257242118179e-01 8.669309429840986736e-01 8.736057670791861351e-01 8.800101759131204737e-01 8.860477550771747035e-01 8.918794862933622225e-01 8.973020528839893428e-01 9.025729695735043023e-01 9.074256971111156478e-01 9.121600158608902387e-01 9.164972716392361107e-01 9.207214872174350750e-01 9.246079121244041854e-01 9.283546602878185450e-01 9.318540398964996196e-01 9.351600189757661719e-01 9.383317081215840627e-01 9.412349902601103713e-01 9.440723946851559134e-01 9.466703766609515514e-01 9.491527436600919465e-01 9.515479759064855436e-01 9.537119039306541923e-01 9.558286946022711561e-01 9.578200733857653582e-01 9.596603553625394634e-01 9.614615829170293226e-01 9.631325220638953244e-01 9.646949760885784597e-01 9.662251596893557393e-01 9.676447488383008722e-01 9.689694674055322476e-01 9.702675774392596209e-01 9.714916540553197866e-01 9.726139086331156980e-01 9.737142518804459135e-01 9.747868441094871272e-01 9.757369946783465142e-01 9.766691177676163349e-01 9.775837354716289118e-01 9.784281910685408423e-01 9.792174848266185228e-01 9.799923752643628916e-01 9.807532687668494287e-01 9.814289526530682872e-01 9.820853516804323169e-01 9.827302282302521341e-01 9.833599996734603277e-01 9.839160564228618400e-01 9.844626253396361326e-01 9.849999608736060841e-01 9.855274514510936612e-01 9.859907800948590761e-01 9.864464976443884092e-01 9.868948019943121208e-01 9.873358843311199617e-01 9.877334753993696204e-01 9.881138735708445697e-01 9.884883089288036828e-01 9.888569304712512276e-01 9.892076571959637077e-01 9.895256938995510287e-01 9.898389230803334993e-01 9.901474611254039715e-01 9.904514206670577137e-01 9.907302908635896577e-01 9.909926064495565567e-01 9.912511294773614923e-01 9.915059481806105524e-01 9.917571480436582210e-01 9.919855228357904453e-01 9.922024287094187711e-01 9.924163310321776343e-01 9.926272969903540133e-01 9.928353917463337286e-01 9.930285739250607202e-01 9.932083613720877890e-01 9.933857611787252351e-01 9.935608247369541735e-01 9.937336019388971486e-01 9.939023480837710922e-01 9.940516948736179970e-01 9.941991369487432895e-01 9.943447137827923221e-01 9.944884637400478455e-01 9.946304241143769653e-01 9.947645181206591358e-01 9.948873123308834554e-01 9.950086123844535946e-01 9.951284479060082955e-01 9.952468477203604280e-01 9.953638398791331277e-01
7.942687914249788594e-01 8.032559281433645504e-01 8.120297773784841411e-01 8.206462697127857586e-01 8.290380682433452497e-01 8.371742652301746856e-01 8.450565918520480668e-01 8.526313804206270275e-01 8.599374529075839435e-01 8.669200926468417778e-01 8.735950932698101079e-01 8.799997215908693660e-01 8.860375300493178452e-01 8.918694893712039162e-01 8.972922956833678798e-01 9.025634486225583286e-01 9.074164920407525869e-01 9.121511213802678819e-01 9.164884951494007836e-01 9.207128192005032963e-01 9.245995016204128225e-01 9.283465337391437755e-01 9.318461435202264331e-01 9.351523137722291823e-01 9.383241919305959078e-01 9.412276654427671474e-01 9.440652575643875277e-01 9.466634388771648645e-01 9.491460065677411739e-01 9.515414304641067744e-01 9.537055164589378631e-01 9.558224619736278571e-01 9.578140220955470019e-01 9.596545220862546799e-01 9.614559634038117863e-01 9.631270471104608211e-01 9.646895910204247304e-01 9.662198627944356133e-01 9.676395875958150317e-01 9.689644803706036758e-01 9.702627615138728068e-01 9.714869916788084758e-01 9.726093735698574383e-01 9.737098417956692176e-01 9.747825537742158541e-01 9.757327753902559353e-01 9.766649682079016070e-01 9.775796543588871623e-01 9.784241792997113718e-01 9.792135427629881095e-01 9.799885016803626669e-01 9.807494624702940422e-01 9.814252683057408388e-01 9.820817929435715632e-01 9.827267930279408592e-01 9.833566830379610879e-01 9.839128089018198686e-01 9.844594458161682882e-01 9.849968482593058905e-01 9.855244040480083401e-01 9.859877556578532376e-01 9.864434957870761300e-01 9.868918223405597212e-01 9.873329265146920664e-01 9.877305850178227375e-01 9.881110633543536137e-01 9.884855776814108763e-01 9.888542770255834835e-01 9.892050671446570576e-01 9.895231366234727988e-01 9.898363980859283817e-01 9.901449679310267982e-01 9.904489588025896518e-01 9.907278773326062549e-01 9.909902511438599682e-01 9.912488315808832828e-01 9.915037068957637256e-01 9.917549625907766675e-01 9.919833929974797293e-01 9.922003539659889348e-01 9.924143106432788963e-01 9.926253302317757932e-01 9.928334779095305818e-01 9.930266972796283342e-01 9.932065080001636348e-01 9.933839307734347868e-01 9.935590169979886532e-01 9.937318165723231234e-01 9.939005850520519214e-01 9.940499562967537450e-01 9.941974225183001224e-01 9.943430231966697841e-01 9.944867967023014454e-01 9.946287803350487566e-01 9.947629006527958229e-01 9.948857261280663611e-01 9.950070570719896645e-01 9.951269231165402740e-01 9.952453530936712367e-01 9.953623750619554622e-01
7.942599255185612828e-01 8.032464033647404023e-01 8.120204323283121139e-01 8.206366921345585874e-01 8.290285014507877692e-01 8.371647941818046723e-01 8.450472586230808325e-01 8.526221297181023617e-01 8.599282763849365185e-01 8.669110106887214506e-01 8.735862639219147407e-01 8.799912718909208564e-01 8.860291201963015340e-01 8.918610285695932616e-01 8.972842370546855184e-01 9.025558119221425146e-01 9.074089795676735237e-01 9.121437297989094528e-01 9.164812809539830685e-01 9.207057806762650731e-01 9.245927006179488483e-01 9.283399795050780723e-01 9.318397552872432765e-01 9.351460341554163058e-01 9.383180143527551920e-01 9.412215736754007134e-01 9.440592493779128569e-01 9.466575746300447403e-01 9.491403039512359419e-01 9.515359036302956097e-01 9.537002584768780045e-01 9.558174681995323940e-01 9.578092139964887730e-01 9.596497955227824006e-01 9.614513169075574739e-01 9.631224819028170181e-01 9.646851075627954630e-01 9.662154593818117476e-01 9.676352550778800632e-01 9.689602111221283787e-01 9.702585543438462246e-01 9.714828829502588636e-01 9.726054220234690018e-01 9.737060446465813923e-01 9.747789026125074363e-01 9.757291779644676755e-01 9.766614234455490706e-01 9.775761612199822537e-01 9.784207625837769706e-01 9.792102203958797935e-01 9.799852720874926426e-01 9.807463241177145630e-01 9.814221806562688499e-01 9.820787511424103888e-01 9.827237962911131719e-01 9.833537321478181825e-01 9.839099280265267700e-01 9.844566338117197724e-01 9.849941040111782620e-01 9.855217269793078438e-01 9.859851776387790201e-01 9.864410152803447795e-01 9.868894378468272555e-01 9.873306365713403476e-01 9.877283451744633958e-01 9.881088599553000673e-01 9.884834101489962110e-01 9.888521447967123512e-01 9.892029744595381979e-01 9.895210936018564718e-01 9.898344039977724496e-01 9.901430220635375479e-01 9.904470604596786742e-01 9.907260046181902702e-01 9.909883908334138347e-01 9.912469834877987163e-01 9.915018708379154111e-01 9.917531383903791520e-01 9.919815931260530517e-01 9.921985835159625733e-01 9.924125692137056864e-01 9.926236174305556048e-01 9.928317933531485284e-01 9.930250481051653422e-01 9.932049004535247194e-01 9.933823643154262584e-01 9.935574911007782895e-01 9.937303307191159840e-01 9.938991376094423735e-01 9.940485359469459770e-01 9.941960289209810231e-01 9.943416560184900055e-01 9.944854556166808912e-01 9.946274650219912861e-01 9.947616061411743704e-01 9.948844448076910041e-01 9.950057887825245473e-01 9.951256677008252227e-01 9.952441103976367165e-01 9.953611449345400874e-01
7.942523861217345438e-01 8.032387962821764260e-01 8.120125038289857100e-01 8.206289969384579219e-01 8.290207961971465256e-01 8.371570277169843033e-01 8.450394586629634830e-01 8.526144986446880791e-01 8.599208618052806008e-01 8.669038345973638648e-01 8.735791083265683765e-01 8.799839602052850207e-01 8.860220068740680688e-01 8.918542030788682018e-01 8.972774237880248860e-01 9.025489936105344224e-01 9.074023251465469508e-01 9.121372361409060270e-01 9.164749754642552704e-01 9.206996610819422333e-01 9.245867773144390567e-01 9.283342518331275661e-01 9.318341935190070924e-01 9.351406165102369439e-01 9.383127485931542777e-01 9.412164931978633797e-01 9.440543509854827375e-01 9.466528067834764082e-01 9.491356481984248861e-01 9.515313498884069299e-01 9.536957609052426621e-01 9.558130254984076313e-01 9.578048684180282546e-01 9.596456043193584140e-01 9.614472769982380651e-01 9.631185608863028769e-01 9.646812796636790033e-01 9.662117227986681822e-01 9.676316455192452981e-01 9.689567574920642246e-01 9.702552538067917842e-01 9.714796818963791214e-01 9.726022366621885906e-01 9.737028746949120128e-01 9.747757535887976443e-01 9.757261406343415988e-01 9.766584959054999127e-01 9.775733416157803557e-01 9.784180305754947016e-01 9.792075607155699135e-01 9.799826835511608047e-01 9.807438055712751623e-01 9.814197261448756038e-01 9.820763590979575408e-01 9.827214656719621688e-01 9.833514616353662419e-01 9.839077117180585752e-01 9.844544708069062899e-01 9.849919934332569404e-01 9.855196673531950724e-01 9.859831279660030701e-01 9.864389753743495470e-01 9.868874075264284507e-01 9.873286156605248776e-01 9.877263681694571362e-01 9.881069365578034613e-01 9.884815395531112436e-01 9.888503262159413776e-01 9.892012005789039275e-01 9.895193491131512031e-01 9.898326884647120627e-01 9.901413350602356056e-01 9.904454015703160197e-01 9.907243871973338001e-01 9.909868226314326733e-01 9.912454638178801458e-01 9.915003990287407643e-01 9.917517137856548537e-01 9.919801909711220000e-01 9.921971931500045416e-01 9.924111904725566591e-01 9.926222501537415033e-01 9.928304373837729679e-01 9.930237071674400395e-01 9.932035778105046120e-01 9.933810597269915332e-01 9.935562043319275949e-01 9.937290615398169935e-01 9.938978862194766117e-01 9.940473062047017194e-01 9.941948205542248118e-01 9.943404687605631453e-01 9.944842892063469053e-01 9.946263192032839262e-01 9.947604790389619200e-01 9.948833336292360885e-01 9.950046933359065759e-01 9.951245877978991405e-01 9.952430458539311964e-01 9.953600955691598307e-01
7.942460598431224650e-01 8.032323884151251203e-01 8.120059953780963680e-01 8.206224044302361520e-01 8.290142965082307747e-01 8.371506582145780140e-01 8.450332034070101583e-01 8.526082405062792580e-01 8.599145782622965584e-01 8.668975402525369578e-01 8.735729477567276691e-01 8.799780498533502637e-01 8.860163051860560079e-01 8.918486968330303633e-01 8.972719408447920042e-01 9.025435232803340480e-01 9.073970972037442850e-01 9.121322470204255017e-01 9.164700161045212790e-01 9.206947231535180798e-01 9.245819547166697072e-01 9.283295616134910055e-01 9.318296844033361337e-01 9.351363217339707656e-01 9.383086353701014515e-01 9.412124590898354182e-01 9.440503946044014327e-01 9.466489047571363669e-01 9.491317920724954282e-01 9.515275585087873411e-01 9.536921441338135352e-01 9.558095803739806717e-01 9.578015606361007794e-01 9.596423886336314935e-01 9.614441517289373795e-01 9.631155419041912413e-01 9.646783790606670017e-01 9.662089384986524143e-01 9.676289196564402673e-01 9.689540423589351192e-01 9.702525491050904005e-01 9.714769828106842864e-01 9.725995355664978081e-01 9.737001713555680782e-01 9.747730542366044304e-01 9.757235465310595268e-01 9.766560052529155156e-01 9.775709526623698187e-01 9.784157468250236356e-01 9.792053842378528605e-01 9.799806124980581234e-01 9.807418381439755306e-01 9.814177983831481322e-01 9.820744639688944178e-01 9.827196026143826257e-01 9.833496267658342616e-01 9.839058506923684666e-01 9.844525839898612407e-01 9.849900811818043112e-01 9.855177314657294074e-01 9.859812625172813538e-01 9.864371792774228043e-01 9.868856797210238119e-01 9.873269551121955923e-01 9.877247507988988762e-01 9.881053548095070083e-01 9.884799928902543442e-01 9.888488141146540844e-01 9.891997366161383587e-01 9.895179641106425228e-01 9.898313812897957531e-01 9.901401046064156608e-01 9.904442467564598118e-01 9.907232579213550716e-01 9.909856888182061452e-01 9.912443255188271296e-01 9.914992562943631960e-01 9.917505666655561658e-01 9.919790526606789838e-01 9.921960691670659305e-01 9.924100806186800794e-01 9.926211542349246963e-01 9.928293552103192310e-01 9.930226402600682567e-01 9.932025274906460810e-01 9.933800257773900411e-01 9.935551865399486760e-01 9.937280596973151470e-01 9.938968999912761726e-01 9.940463341302518963e-01 9.941938624555822779e-01 9.943395244634289920e-01 9.944833585399638354e-01 9.946254020003397756e-01 9.947595752491112941e-01 9.948824432696216080e-01 9.950038162451352308e-01 9.951237238177452760e-01 9.952421948292509146e-01 9.953592573478100558e-01
7.942408339762779823e-01 8.032271411134520589e-01 8.120007303443015356e-01 8.206171084921218828e-01 8.290088940793195471e-01 8.371452156088150520e-01 8.450278872050437373e-01 8.526030219481427475e-01 8.599094501965834914e-01 8.668925041634513162e-01 8.735680019002168839e-01 8.799731923919424936e-01 8.860115938607464603e-01 8.918441448229595947e-01 8.972674082427107844e-01 9.025390007158874406e-01 9.073926414139124041e-01 9.121278562358453579e-01 9.164658817628291709e-01 9.206908480722475474e-01 9.245780611952089112e-01 9.283255931092754265e-01 9.318256852453473682e-01 9.351323228172934154e-01 9.383047100099122240e-01 9.412088565398097906e-01 9.440471096114558813e-01 9.466458674730428013e-01 9.491289771714217505e-01 9.515249325460819474e-01 9.536895375598539726e-01 9.558069925363900099e-01 9.577989510503683857e-01 9.596397029144057012e-01 9.614413907488117417e-01 9.631127519852773489e-01 9.646755967266261722e-01 9.662061634107032004e-01 9.676261491061994846e-01 9.689512741099481907e-01 9.702497829641019145e-01 9.714742679990723273e-01 9.725969508735442526e-01 9.736977145782180765e-01 9.747707150619542293e-01 9.757211944826270633e-01 9.766536404478974864e-01 9.775685752180146570e-01 9.784134975584086735e-01 9.792033659708793136e-01 9.799788215063494068e-01 9.807402707955998888e-01 9.814160840193516533e-01 9.820725673703351033e-01 9.827175265761198819e-01 9.833473914309881492e-01 9.839037395587998391e-01 9.844505951130001487e-01 9.849882126650990610e-01 9.855159805804033502e-01 9.859795706123997139e-01 9.864355454416929847e-01 9.868841030655449709e-01 9.873254347697465461e-01 9.877232825130822791e-01 9.881039367784796301e-01 9.884786243654993809e-01 9.888474943655182203e-01 9.891984411993052229e-01 9.895166395686951777e-01 9.898300280223988334e-01 9.901387230043925403e-01 9.904428372020521731e-01 9.907218685767794630e-01 9.909843483455649249e-01 9.912430332403068256e-01 9.914980115473567279e-01 9.917493688022049891e-01 9.919778941234160818e-01 9.921949464544727038e-01 9.924089932528882274e-01 9.926201017484151956e-01 9.928283371456204653e-01 9.930216508799979414e-01 9.932015616982503570e-01 9.933790832672646509e-01 9.935542670131227716e-01 9.937271628610673257e-01 9.938960248526417240e-01 9.940454736283363957e-01 9.941930164069057163e-01 9.943386926882591403e-01 9.944825408622127716e-01 9.946245982474630765e-01 9.947587859229582996e-01 9.948816692560745745e-01 9.950030573608565909e-01 9.951229798829837048e-01 9.952414656677459615e-01 9.953585427866994406e-01
7.942369923765303374e-01 8.032227581549846729e-01 8.119963541506876048e-01 8.206124351414595397e-01 8.290041787389178518e-01 8.371406087802786278e-01 8.450235485555628312e-01 8.525987384409728920e-01 8.599051045262101622e-01 8.668878576914543777e-01 8.735635602057484350e-01 8.799693636855719925e-01 8.860074480692640142e-01 8.918394400188125459e-01 8.972630975426094668e-01 9.025351327809393309e-01 9.073886585206809574e-01 9.121237582348385997e-01 9.164618497011792764e-01 9.206868863693993266e-01 9.245745261630509138e-01 9.283225522917970540e-01 9.318230767466674225e-01 9.351301014852267945e-01 9.383027709965005014e-01 9.412068584729073040e-01 9.440450527821701021e-01 9.466435903390820750e-01 9.491264291272707432e-01 9.515221577035583023e-01 9.536867654375905667e-01 9.558042227949103964e-01 9.577961177069920229e-01 9.596367171099039473e-01 9.614382546455979561e-01 9.631096091563940975e-01 9.646725601007944961e-01 9.662032311578759858e-01 9.676235836776768684e-01 9.689492901332793506e-01 9.702483709931306599e-01 9.714730751602962400e-01 9.725954189093944935e-01 9.736958488617696306e-01 9.747685633811404848e-01 9.757194307538209488e-01 9.766522583602212926e-01 9.775675686148884713e-01 9.784125220239945353e-01 9.792021685771873374e-01 9.799774057206240840e-01 9.807386400022211070e-01 9.814146377930514920e-01 9.820713432322141223e-01 9.827165210289927622e-01 9.833465893251512879e-01 9.839029482644446878e-01 9.844498144402876738e-01 9.849874424294086106e-01 9.855152198035164179e-01 9.859787674633486709e-01 9.864347005376320476e-01 9.868832170093657652e-01 9.873245081504987697e-01 9.877223343935718214e-01 9.881029729905453918e-01 9.884776451229885241e-01 9.888464998776154147e-01 9.891974432110803850e-01 9.895156639410149779e-01 9.898290744287069343e-01 9.901377911258026909e-01 9.904419267271085126e-01 9.907209813063150294e-01 9.909834852275988260e-01 9.912421939373191604e-01 9.914971957294510529e-01 9.917485761468786132e-01 9.919771095229288349e-01 9.921941634440688551e-01 9.924082118052802715e-01 9.926193218370247262e-01 9.928275587445531958e-01 9.930208808111425922e-01 9.932008059654944265e-01 9.933783416838818381e-01 9.935535393963405015e-01 9.937264490319531740e-01 9.938953240562310443e-01 9.940447801277224604e-01 9.941923301091646348e-01 9.943380135023901500e-01 9.944818686990853918e-01 9.946239330197637063e-01 9.947581319855850479e-01 9.948810334876860839e-01 9.950024395449661441e-01 9.951223798073219884e-01 9.952408831241488230e-01 9.953579775710000854e-01
7.942335932819769573e-01 8.032190659048269454e-01 8.119923543229694562e-01 8.206083616369184153e-01 8.290001443859654762e-01 8.371364913994411294e-01 8.450190586511437951e-01 8.525949176685048148e-01 8.599018976538170822e-01 8.668843279560242143e-01 8.735600115392364584e-01 8.799660416132375484e-01 8.860047890565683204e-01 8.918375541559626640e-01 8.972604649448688852e-01 9.025316770971359981e-01 9.073859520472811191e-01 9.121217939989304524e-01 9.164591045072481013e-01 9.206833175416179182e-01 9.245705662205613296e-01 9.283182916318628575e-01 9.318188886560389017e-01 9.351262464973869593e-01 9.382992349800485243e-01 9.412036043737338487e-01 9.440420765013787241e-01 9.466413490650350537e-01 9.491250640598772881e-01 9.515215456179655362e-01 9.536862794371032681e-01 9.558038607311648560e-01 9.577955631498468181e-01 9.596355438620323142e-01 9.614364721150518989e-01 9.631081346031352686e-01 9.646721138239102711e-01 9.662037967176366760e-01 9.676242295328751908e-01 9.689492504736442191e-01 9.702476566925656298e-01 9.714720587960705700e-01 9.725946894144569255e-01 9.736954015305807619e-01 9.747683554973822773e-01 9.757188584593440295e-01 9.766513274584762705e-01 9.775662847713716408e-01 9.784111146430564121e-01 9.792008065511667025e-01 9.799760883009599466e-01 9.807373664594368767e-01 9.814134130877162354e-01 9.820701671462583882e-01 9.827153927757935614e-01 9.833455052591867362e-01 9.839018612120639107e-01 9.844487244210142762e-01 9.849863494629865768e-01 9.855141245527714311e-01 9.859777115347837517e-01 9.864336833238102065e-01 9.868822379177732973e-01 9.873235666030699687e-01 9.877214173267989672e-01 9.881020762937920976e-01 9.884767684887867389e-01 9.888456430059261448e-01 9.891966035964111503e-01 9.895148363770929212e-01 9.898282587358774309e-01 9.901369871287087898e-01 9.904411342545540453e-01 9.907201961040269511e-01 9.909827047128340061e-01 9.912414180398534391e-01 9.914964243807422584e-01 9.917478092800123823e-01 9.919763630727911341e-01 9.921934440034501090e-01 9.924075190123292645e-01 9.926186553377569499e-01 9.928269181926209219e-01 9.930202581170914922e-01 9.932001939743876351e-01 9.933777402560493019e-01 9.935529483950733542e-01 9.937258683234201362e-01 9.938947533190376493e-01 9.940442174062094072e-01 9.941917753022609938e-01 9.943374665111005539e-01 9.944813294264309711e-01 9.946234013707269117e-01 9.947576073471231517e-01 9.948805149532700121e-01 9.950019270408254624e-01 9.951218732611404327e-01 9.952403824650258857e-01 9.953574827294127125e-01
7.942304429974275104e-01 8.032153585755372749e-01 8.119897341289480375e-01 8.206060430706882958e-01 8.289970018918978445e-01 8.371332018846472378e-01 8.450174872072054866e-01 8.525915719742843679e-01 8.598968411400813583e-01 8.668803031667875469e-01 8.735559382788432581e-01 8.799610466444731660e-01 8.860010061845959850e-01 8.918355335707598419e-01 8.972575508701716718e-01 9.025277244911595886e-01 9.073816831146719331e-01 9.121172108250595878e-01 9.164550898633349041e-01 9.206798941607833298e-01 9.245690413563362187e-01 9.283189119892174546e-01 9.318195216488985855e-01 9.351254013953168576e-01 9.382972878546583795e-01 9.412017838793408364e-01 9.440403805884078903e-01 9.466398460577108986e-01 9.491237741621825208e-01 9.515203537745376972e-01 9.536845603675313532e-01 9.558016221304609372e-01 9.577932833970439486e-01 9.596338658951979461e-01 9.614353864571586472e-01 9.631068607211519250e-01 9.646700385172153336e-01 9.662009325839220342e-01 9.676211822510143445e-01 9.689465183415441052e-01 9.702452345911649623e-01 9.714698994276449451e-01 9.725927202252934167e-01 9.736936194005193501e-01 9.747667526078870326e-01 9.757173567649258805e-01 9.766499252861021718e-01 9.775649804897631467e-01 9.784098949821357083e-01 9.791996614073926741e-01 9.799750164475891090e-01 9.807363667009121322e-01 9.814124257918555028e-01 9.820691861215864460e-01 9.827144178999155377e-01 9.833445382199846874e-01 9.839009310264232866e-01 9.844478305023666165e-01 9.849854912394943041e-01 9.855133012855878949e-01 9.859769109538343290e-01 9.864329050740922034e-01 9.868814816531148448e-01 9.873228319858443625e-01 9.877206873992268044e-01 9.881013460012325611e-01 9.884760378266137515e-01 9.888449119698509149e-01 9.891958794951966061e-01 9.895141354664850342e-01 9.898275806802634413e-01 9.901363316002934623e-01 9.904405009331175291e-01 9.907195813887461622e-01 9.909821063503461147e-01 9.912408358016693288e-01 9.914958580435327962e-01 9.917472586254525435e-01 9.919758200280975879e-01 9.921929050891885593e-01 9.924069841703551109e-01 9.926181245112442042e-01 9.928263913260216844e-01 9.930197331778012337e-01 9.931996691680278211e-01 9.933772155783350266e-01 9.935524238418574905e-01 9.937253438906871184e-01 9.938942307929173881e-01 9.940437139652196219e-01 9.941912907095825647e-01 9.943370005347095253e-01 9.944808818389661020e-01 9.946229719493637766e-01 9.947571892482112155e-01 9.948800975742819741e-01 9.950015103719233034e-01 9.951214572926994073e-01 9.952399671876273057e-01 9.953570681338388404e-01
7.942299147605239584e-01 8.032117835293982600e-01 8.119849865957757817e-01 8.206029044102852721e-01 8.289949192176017112e-01 8.371317943925803418e-01 8.450163065477530600e-01 8.525919584888567160e-01 8.598982297766649685e-01 8.668798177026282303e-01 8.735550616358034315e-01 8.799609777046245584e-01 8.859983047632765674e-01 8.918293135924862947e-01 8.972531903525585717e-01 9.025255242992223925e-01 9.073820090507281888e-01 9.121200418380794872e-01 9.164558645676795789e-01 9.206784835906961506e-01 9.245653760086157691e-01 9.283129976211965673e-01 9.318148080251779097e-01 9.351242947232382141e-01 9.382982942509644486e-01 9.411999625397731162e-01 9.440357692006429158e-01 9.466344566256708060e-01 9.491182681112938502e-01 9.515148935956846410e-01 9.536800429899083831e-01 9.557980333388018668e-01 9.577905075339131491e-01 9.596317516200960629e-01 9.614339233892453818e-01 9.631056734175976741e-01 9.646688307712374399e-01 9.661997046506534126e-01 9.676199986456187618e-01 9.689454319423420614e-01 9.702442437702419875e-01 9.714689656603480161e-01 9.725917829217597399e-01 9.736926785644038906e-01 9.747658099778973018e-01 9.757164396016450025e-01 9.766490331405416336e-01 9.775641129250102201e-01 9.784090358358048523e-01 9.791987987804555704e-01 9.799741503695296174e-01 9.807354972012580774e-01 9.814115647368705231e-01 9.820683345661571639e-01 9.827135756759118879e-01 9.833437055398893678e-01 9.839001137940521780e-01 9.844470284646447134e-01 9.849847041498851485e-01 9.855125288311007425e-01 9.859761481929720794e-01 9.864321518500273056e-01 9.868807378130426411e-01 9.873220973808495282e-01 9.877199971592065531e-01 9.881007100228107465e-01 9.884754553131752663e-01 9.888443821435307646e-01 9.891953829594480885e-01 9.895136300403334362e-01 9.898270664839371458e-01 9.901358087514015027e-01 9.904399695467251963e-01 9.907190472671880688e-01 9.909815729736930479e-01 9.912403031555091504e-01 9.914953261138607088e-01 9.917467273986548815e-01 9.919752992582943074e-01 9.921923988278885664e-01 9.924064922231605745e-01 9.926176466879842453e-01 9.928259274406285861e-01 9.930192852811577930e-01 9.931992390470494314e-01 9.933768030043945707e-01 9.935520285911162430e-01 9.937249657439580774e-01 9.938938679126619880e-01 9.940433505630574818e-01 9.941909267904714964e-01 9.943366361035345102e-01 9.944805169005395129e-01 9.946226065084267098e-01 9.947568248432530069e-01 9.948797366150028409e-01 9.950011528166209374e-01 9.951211031004940644e-01 9.952396163184408229e-01 9.953567205483717650e-01
7.942280633122634770e-01 8.032108440090581780e-01 8.119840171135450646e-01 8.206009506691357425e-01 8.289933355948247984e-01 8.371300030564027272e-01 8.450125188636071760e-01 8.525872183924598779e-01 8.598935952392831039e-01 8.668781128229728905e-01 8.735545679495861915e-01 8.799603045979160765e-01 8.859990815347181803e-01 8.918319579947241449e-01 8.972544195733359595e-01 9.025251435698893321e-01 9.073775923379644448e-01 9.121116210974028471e-01 9.164519888638792411e-01 9.206793866190420284e-01 9.245651180159357718e-01 9.283103892056041584e-01 9.318107829157560307e-01 9.351195113442579698e-01 9.382935485109606955e-01 9.411979211428599390e-01 9.440363956565386294e-01 9.466353782593582844e-01 9.491187107496555919e-01 9.515148930912756819e-01 9.536797687448682614e-01 9.557974893074349110e-01 9.577897600290782298e-01 9.596308888265905335e-01 9.614329469964971731e-01 9.631046508869637313e-01 9.646678152915381110e-01 9.661986960114909984e-01 9.676189967061170627e-01 9.689444365822175165e-01 9.702432548303868698e-01 9.714679966290923341e-01 9.725908554507554094e-01 9.736917919423240253e-01 9.747649635953741232e-01 9.757156340962022112e-01 9.766482678222545566e-01 9.775633871216121706e-01 9.784083169787527456e-01 9.791980629339988029e-01 9.799733977802822515e-01 9.807347281105089909e-01 9.814108373929465445e-01 9.820676542188558900e-01 9.827129415763203868e-01 9.833431145939850460e-01 9.838995271703242507e-01 9.844464460843505016e-01 9.849841259365115231e-01 9.855119549364937948e-01 9.859755931765619152e-01 9.864316154188972341e-01 9.868802196815041894e-01 9.873215972702094057e-01 9.877194968554905419e-01 9.881002041536599556e-01 9.884749439531984594e-01 9.888438653657426469e-01 9.891948687524232398e-01 9.895131360771334261e-01 9.898265924732101428e-01 9.901353544085481628e-01 9.904395345936886086e-01 9.907186257697339071e-01 9.909811613126449092e-01 9.912399011931259940e-01 9.914949337155177789e-01 9.917463444327510036e-01 9.919749216290131288e-01 9.921920247585455099e-01 9.924061216644992633e-01 9.926172795918491998e-01 9.928255637599324723e-01 9.930189255124006742e-01 9.931988836228727857e-01 9.933764518678359634e-01 9.935516816864261580e-01 9.937246230165649452e-01 9.938935293305870555e-01 9.940430162798689073e-01 9.941905967521382781e-01 9.943363102571308731e-01 9.944801951942155993e-01 9.946222888913780480e-01 9.947565138487050040e-01 9.948794362441202299e-01 9.950008629432548490e-01 9.951208236009456698e-01 9.952393470713969403e-01 9.953564614348419104e-01
7.942253581835392318e-01 8.032114422579234025e-01 8.119872077695989843e-01 8.206034650625696480e-01 8.289940166186126058e-01 8.371286224354516081e-01 8.450092270873522660e-01 8.525829533763377155e-01 8.598885044502656561e-01 8.668720157383664748e-01 8.735503344218207289e-01 8.799602519728777494e-01 8.859974855651097103e-01 8.918273342574152274e-01 8.972523505163892965e-01 9.025259251102454305e-01 9.073791078739457117e-01 9.121138641509851652e-01 9.164539010602028579e-01 9.206809361212409115e-01 9.245680267111134887e-01 9.283149921346154354e-01 9.318147429447131147e-01 9.351211975889803796e-01 9.382934232326145541e-01 9.411974809212743098e-01 9.440356445147535247e-01 9.466345893128255140e-01 9.491179730431408279e-01 9.515141870510761546e-01 9.536789894432907699e-01 9.557966377279321080e-01 9.577888885347362047e-01 9.596300677577074278e-01 9.614321754853324409e-01 9.631038703547870616e-01 9.646669796978323275e-01 9.661978061668746731e-01 9.676180984402648066e-01 9.689435675861478581e-01 9.702424145928838506e-01 9.714671867973766473e-01 9.725900789612033082e-01 9.736910482233638309e-01 9.747642488283502216e-01 9.757148964595252494e-01 9.766475076583094328e-01 9.775626047653506179e-01 9.784075536550248531e-01 9.791973488173043583e-01 9.799727320686711929e-01 9.807341100221873553e-01 9.814102407114402293e-01 9.820670759948650907e-01 9.827123815088251169e-01 9.833425733249879785e-01 9.838990194945911316e-01 9.844459714741528034e-01 9.849836838771979242e-01 9.855115442567864426e-01 9.859751700948369280e-01 9.864311801142952030e-01 9.868797723290628765e-01 9.873211380409849802e-01 9.877190492438830960e-01 9.880997749637896455e-01 9.884745329120386836e-01 9.888434722067519500e-01 9.891944872963043256e-01 9.895127529090228524e-01 9.898262076136395970e-01 9.901349678776627528e-01 9.904391464112548560e-01 9.907182451257692257e-01 9.909807936561489949e-01 9.912395463438761212e-01 9.914945914973368746e-01 9.917460146733843018e-01 9.919746014658300526e-01 9.921917129052476580e-01 9.924058180095828297e-01 9.926169840262375477e-01 9.928252761769058576e-01 9.930186395109917852e-01 9.931985935579625835e-01 9.933761577900659390e-01 9.935513836454074044e-01 9.937243210609069122e-01 9.938932252551722080e-01 9.940427269031861801e-01 9.941903218924721397e-01 9.943360497364328587e-01 9.944799488380049457e-01 9.946220565286434390e-01 9.947562900396793584e-01 9.948792125576506606e-01 9.950006393773215274e-01 9.951206001535775059e-01 9.952391237406698066e-01 9.953562382188776425e-01
7.942195210910041325e-01 8.032094078735898535e-01 8.119803994523455692e-01 8.205945392477976830e-01 8.289867928334845315e-01 8.371242180996462112e-01 8.450078420705645632e-01 8.525815694039888815e-01 8.598875095448714756e-01 8.668749088889722287e-01 8.735527526699640166e-01 8.799586688049120253e-01 8.859982960229000337e-01 8.918321932666336549e-01 8.972564017427702154e-01 9.025288919393075204e-01 9.073810689446537570e-01 9.121148264672331862e-01 9.164528178220203714e-01 9.206777922763609290e-01 9.245651801859758878e-01 9.283129163986174603e-01 9.318131857753810809e-01 9.351199804878883581e-01 9.382925049853590993e-01 9.411967325871477552e-01 9.440350636564609488e-01 9.466339929174314438e-01 9.491173017004697066e-01 9.515134479997048311e-01 9.536782186496485236e-01 9.557958355773727988e-01 9.577880670138272379e-01 9.596292429265687041e-01 9.614313473317218639e-01 9.631031078936658218e-01 9.646663369704226998e-01 9.661972812216776951e-01 9.676176453459109927e-01 9.689431483822646962e-01 9.702420286882733613e-01 9.714667800943979081e-01 9.725895653777497651e-01 9.736904294513941682e-01 9.747635378810581841e-01 9.757142735585496718e-01 9.766469713652746742e-01 9.775621536772414188e-01 9.784071245786926108e-01 9.791968952779031010e-01 9.799722544386161305e-01 9.807336086652905793e-01 9.814097882512189397e-01 9.820666790297667426e-01 9.827120391627233165e-01 9.833422812556849024e-01 9.838987206248746009e-01 9.844456659002015497e-01 9.849833716930810334e-01 9.855112256656956005e-01 9.859748523790141661e-01 9.864308632544778188e-01 9.868794563065994563e-01 9.873208228378103080e-01 9.877187426683725624e-01 9.880994792266818427e-01 9.884742478515433639e-01 9.888431976649476596e-01 9.891942205020636258e-01 9.895124878934166146e-01 9.898259443489050291e-01 9.901347063367261780e-01 9.904388865677117293e-01 9.907179889688421115e-01 9.909805423536238722e-01 9.912392998273283906e-01 9.914943496998991357e-01 9.917457775296995015e-01 9.919743614322243941e-01 9.921914668071697418e-01 9.924055659256705297e-01 9.926167260334696207e-01 9.928250123506486835e-01 9.930183784226458421e-01 9.931983427606083659e-01 9.933759171514737751e-01 9.935511530361137433e-01 9.937241003541363860e-01 9.938930131919467836e-01 9.940425124687299885e-01 9.941901051152350899e-01 9.943358306443063066e-01 9.944797274583356828e-01 9.946218328882493465e-01 9.947560663080896592e-01 9.948789921213303522e-01 9.950004221969508400e-01 9.951203861906041670e-01 9.952389129572875026e-01 9.953560305780073669e-01
7.942183405213132374e-01 8.032076843631271723e-01 8.119771699108856433e-01 8.205895784031775886e-01 8.289818124446461933e-01 8.371220803822964074e-01 8.450131532579548965e-01 8.525893504677030110e-01 8.598954894153194584e-01 8.668790138726211181e-01 8.735523338307603636e-01 8.799532075936353781e-01 8.859904445422721597e-01 8.918226507814711601e-01 8.972478077948510267e-01 9.025214017250501319e-01 9.073761001308396912e-01 9.121123591985343948e-01 9.164507587579928671e-01 9.206760699435692086e-01 9.245637684746421670e-01 9.283118071293906537e-01 9.318122889015302279e-01 9.351192321707972877e-01 9.382918467292411524e-01 9.411959715055044917e-01 9.440342010016594676e-01 9.466331653092024956e-01 9.491165531386283050e-01 9.515127564499265000e-01 9.536774671132453030e-01 9.557950248827544737e-01 9.577872302412876460e-01 9.596284244397531582e-01 9.614305467883123013e-01 9.631023609024248477e-01 9.646656713494911051e-01 9.661966956397041173e-01 9.676170684167010316e-01 9.689425214120594987e-01 9.702413524470265838e-01 9.714661339651987637e-01 9.725890757533651731e-01 9.736900937854724436e-01 9.747633427484829749e-01 9.757140445327381340e-01 9.766467089719084171e-01 9.775618584299613500e-01 9.784067707674209968e-01 9.791964642730278667e-01 9.799717474514357818e-01 9.807330268780072302e-01 9.814092006139681912e-01 9.820660925465142244e-01 9.827114538060883753e-01 9.833416986696922324e-01 9.838981677221564359e-01 9.844451422195390489e-01 9.849828767845544286e-01 9.855107591584070237e-01 9.859744182442019556e-01 9.864304610001836116e-01 9.868790854527562662e-01 9.873204829158701568e-01 9.877184050357578071e-01 9.880991354128286774e-01 9.884738979429233963e-01 9.888428417460952691e-01 9.891938649451772481e-01 9.895121467635430434e-01 9.898256174390581696e-01 9.901343934447038864e-01 9.904385874959455993e-01 9.907176947614869666e-01 9.909802476331674992e-01 9.912390045989627474e-01 9.914940539687390197e-01 9.917454813007836600e-01 9.919740757953874333e-01 9.921911963795121414e-01 9.924053105051302559e-01 9.926164854223450407e-01 9.928247863554715558e-01 9.930181630408538851e-01 9.931981344493969743e-01 9.933757158198164294e-01 9.935509585948925082e-01 9.937239127160866214e-01 9.938928314506252359e-01 9.940423286598190078e-01 9.941899192635496041e-01 9.943356427741737447e-01 9.944795375936084092e-01 9.946216410523178730e-01 9.947558763511654689e-01 9.948788100669931911e-01 9.950002479515366316e-01 9.951202196622644935e-01 9.952387540559433088e-01 9.953558792153008872e-01
7.942258708321908722e-01 8.032112212024371534e-01 8.119850409754985066e-01 8.205921782210527926e-01 8.289901040238563112e-01 8.371322735800036385e-01 8.450124526119593416e-01 8.525806109543800915e-01 8.598811281582340316e-01 8.668651349617362278e-01 8.735422286273719639e-01 8.799495316484347018e-01 8.859894609862949411e-01 8.918233772435353313e-01 8.972477164665119131e-01 9.025203562639859678e-01 9.073751107498541080e-01 9.121114252361167685e-01 9.164499128131309291e-01 9.206753120552544356e-01 9.245629058121879185e-01 9.283108015651224676e-01 9.318113666353174951e-01 9.351185509320425471e-01 9.382913031941202409e-01 9.411952239745507987e-01 9.440332521149269462e-01 9.466322651734945248e-01 9.491157825151101957e-01 9.515120909143145456e-01 9.536767795711923457e-01 9.557943156038846144e-01 9.577865721863574322e-01 9.596279159701840422e-01 9.614301855367435312e-01 9.631019737234792766e-01 9.646651221596680426e-01 9.661959869696129521e-01 9.676164046716693168e-01 9.689420704513358462e-01 9.702411108333215406e-01 9.714659946548126479e-01 9.725888697336404487e-01 9.736898221101635276e-01 9.747630087402499033e-01 9.757136852581920206e-01 9.766463248236817440e-01 9.775614497916682577e-01 9.784064028208149244e-01 9.791961846892870414e-01 9.799715548176071156e-01 9.807329198158674100e-01 9.814090851825083561e-01 9.820659594147541638e-01 9.827113032417768013e-01 9.833415309037917273e-01 9.838979825194238416e-01 9.844449398395538342e-01 9.849826574808314694e-01 9.855105231699052837e-01 9.859741652554224745e-01 9.864301912623800739e-01 9.868787992112826313e-01 9.873201804103594048e-01 9.877181101344839620e-01 9.880988550727110020e-01 9.884736319490834422e-01 9.888425898887376331e-01 9.891936252919941719e-01 9.895119152726871148e-01 9.898253939922115885e-01 9.901341779263080900e-01 9.904383797931175515e-01 9.907174967873937366e-01 9.909800604777888600e-01 9.912388281126645051e-01 9.914938880052355241e-01 9.917453257170371073e-01 9.919739205228921275e-01 9.921910371500086701e-01 9.924051473697006465e-01 9.926163184309986232e-01 9.928246155571741616e-01 9.930179883948340169e-01 9.931979559248914624e-01 9.933755334654318370e-01 9.935507724582407496e-01 9.937237228438128289e-01 9.938926394457088254e-01 9.940421495152546028e-01 9.941897528204141077e-01 9.943354888767497179e-01 9.944793960892973628e-01 9.946215117915550019e-01 9.947557535486248881e-01 9.948786847373883857e-01 9.950001201242095750e-01 9.951200893659988278e-01 9.952386213189776676e-01 9.953557440653438837e-01
7.942158487186224969e-01 8.032018678537655720e-01 8.119858457748924119e-01 8.205946605360774360e-01 8.289851941769851296e-01 8.371229191559095284e-01 8.450088816867701302e-01 8.525853138006191934e-01 8.598919448309095825e-01 8.668729646424478963e-01 8.735474627932163783e-01 8.799524903563844536e-01 8.859906639772203718e-01 8.918229655331584294e-01 8.972474226260430674e-01 9.025202750892051817e-01 9.073744227206410606e-01 9.121101349559730398e-01 9.164488350389110582e-01 9.206744709973819774e-01 9.245620076591392067e-01 9.283097873953279899e-01 9.318101842917375643e-01 9.351171646505065382e-01 9.382899496286196683e-01 9.411946967330753200e-01 9.440335400244448394e-01 9.466325178154376685e-01 9.491157237853927731e-01 9.515117466293848691e-01 9.536762734648002171e-01 9.557936500524611967e-01 9.577858175763387383e-01 9.596271664876457885e-01 9.614294410671223590e-01 9.631012595058239256e-01 9.646644579370555750e-01 9.661953719237600380e-01 9.676157745139268851e-01 9.689413723886484142e-01 9.702403459332022972e-01 9.714652163881942748e-01 9.725881629134941475e-01 9.736891855703617704e-01 9.747624409195595474e-01 9.757131783835695238e-01 9.766458779017646030e-01 9.775610618534429364e-01 9.784060570038505267e-01 9.791958684414692193e-01 9.799712676601569639e-01 9.807326612819501355e-01 9.814088247374852525e-01 9.820656940100822574e-01 9.827110329475797768e-01 9.833412572082640413e-01 9.838977283812002650e-01 9.844447049522184745e-01 9.849824415455403770e-01 9.855103255566932674e-01 9.859739637871449691e-01 9.864299859930096837e-01 9.868785901936002469e-01 9.873199676959867332e-01 9.877178961758288356e-01 9.880986406036047498e-01 9.884734169740158061e-01 9.888423744121620507e-01 9.891934149085487293e-01 9.895117224157026214e-01 9.898252184112146246e-01 9.901340193765915121e-01 9.904382380355644111e-01 9.907173567971822026e-01 9.909799132683186906e-01 9.912386737810847670e-01 9.914937266465767562e-01 9.917451574242728274e-01 9.919737575618529091e-01 9.921908846758316081e-01 9.924050052427342283e-01 9.926161865146102548e-01 9.928244937176637919e-01 9.930178702253675826e-01 9.931978357722186512e-01 9.933754113539142727e-01 9.935506484117506698e-01 9.937235968857471846e-01 9.938925119652090023e-01 9.940420240501078863e-01 9.941896293451377709e-01 9.943353673663849479e-01 9.944792765193956052e-01 9.946213941381628620e-01 9.947556366078059709e-01 9.948785666352308876e-01 9.950000008739140478e-01 9.951199689805185766e-01 9.952384998110259673e-01 9.953556214473996411e-01
7.942180657790217646e-01 8.031980045047659722e-01 8.119735888682720892e-01 8.206014124396393550e-01 8.289930816666012392e-01 8.371267750767971139e-01 8.450078804581586667e-01 8.525826979919205462e-01 8.598888653647369651e-01 8.668709678771575611e-01 8.735463938139700346e-01 8.799522226524908453e-01 8.859904029705749640e-01 8.918225042236936906e-01 8.972472977357399682e-01 9.025205098336794851e-01 9.073739478397072622e-01 9.121089559105217681e-01 9.164475287148443616e-01 9.206730571303194388e-01 9.245612352411136659e-01 9.283098018995626921e-01 9.318107231223491382e-01 9.351180420575846419e-01 9.382908687490000288e-01 9.411946650498397293e-01 9.440325701981231443e-01 9.466317049950642160e-01 9.491154223452027416e-01 9.515119122773324500e-01 9.536766933213158826e-01 9.557943202369483249e-01 9.577865390431765658e-01 9.596276719756064999e-01 9.614297338773089008e-01 9.631014213631998722e-01 9.646645535668968430e-01 9.661954023433935168e-01 9.676157368130287040e-01 9.689412643724520935e-01 9.702401687081086967e-01 9.714650051162240230e-01 9.725879731289728269e-01 9.736890169114676974e-01 9.747622908099529138e-01 9.757130115206613663e-01 9.766456945425530112e-01 9.775608622491335220e-01 9.784058587160310294e-01 9.791956843536269162e-01 9.799710975384539058e-01 9.807325048984943949e-01 9.814086272231364871e-01 9.820654504250433403e-01 9.827107440035043329e-01 9.833409260696862608e-01 9.838973955602600130e-01 9.844443704702380282e-01 9.849821054234456641e-01 9.855099887723455243e-01 9.859736882808792791e-01 9.864297708397898878e-01 9.868784344905969785e-01 9.873198705618898563e-01 9.877178054364568194e-01 9.880985408087248345e-01 9.884733082526454551e-01 9.888422568903711962e-01 9.891932860711036835e-01 9.895115765180242384e-01 9.898250556929916177e-01 9.901338400720846034e-01 9.904380423737689787e-01 9.907171587238570165e-01 9.909797211279389728e-01 9.912384874910580290e-01 9.914935461261696892e-01 9.917449825945550135e-01 9.919735923631117780e-01 9.921907307037335366e-01 9.924048623479593267e-01 9.926160545510649413e-01 9.928243725423852029e-01 9.930177550630238104e-01 9.931977224047827679e-01 9.933752997576492660e-01 9.935505385634285647e-01 9.937234887626346103e-01 9.938924053117523805e-01 9.940419166050985522e-01 9.941895211176484670e-01 9.943352583653192189e-01 9.944791667534897961e-01 9.946212836159915582e-01 9.947555275569418543e-01 9.948784625434847761e-01 9.949999016822326237e-01 9.951198746309987131e-01 9.952384102468841975e-01 9.953555366129419602e-01
7.942188387457820298e-01 8.032030766737238148e-01 8.119700530382012449e-01 8.205869680523396603e-01 8.289823371474176472e-01 8.371219727022681800e-01 8.450059056913681310e-01 8.525808588927308307e-01 8.598868288105030455e-01 8.668695538378964338e-01 8.735455813740478082e-01 8.799519940660237571e-01 8.859901970337616950e-01 8.918221746479578771e-01 8.972471485663621182e-01 9.025205550043194913e-01 9.073737336026539424e-01 9.121084841529542020e-01 9.164468776266903038e-01 9.206722307876691325e-01 9.245604123694634024e-01 9.283090185362791180e-01 9.318097306344348407e-01 9.351166675004645157e-01 9.382893221932706584e-01 9.411936451018995120e-01 9.440320697672240913e-01 9.466311199772279306e-01 9.491145571985920570e-01 9.515108473184336058e-01 9.536758573298131925e-01 9.557937097549736860e-01 9.577860581987648336e-01 9.596271925644159762e-01 9.614292558528798605e-01 9.631009787620953277e-01 9.646641730322800257e-01 9.661950828720583528e-01 9.676154631897511127e-01 9.689410239597930907e-01 9.702399609570414585e-01 9.714647969052406795e-01 9.725877118604183691e-01 9.736887034281299647e-01 9.747619290704476747e-01 9.757126516269870597e-01 9.766453364562078798e-01 9.775605059328253965e-01 9.784055148518985279e-01 9.791953607298168327e-01 9.799707938275551422e-01 9.807322207812548820e-01 9.814083822439351179e-01 9.820652459912672105e-01 9.827105794785436776e-01 9.833407994402486585e-01 9.838972837656211334e-01 9.844442732781959471e-01 9.849820226075313156e-01 9.855099195476243468e-01 9.859735959501066960e-01 9.864296557476266436e-01 9.868782969735320210e-01 9.873197109484890266e-01 9.877176504380145161e-01 9.880983982518828368e-01 9.884731779545095076e-01 9.888421386723573736e-01 9.891931775388402848e-01 9.895114725646466658e-01 9.898249562521098666e-01 9.901337450788577632e-01 9.904379517648570497e-01 9.907170730045624651e-01 9.909796405733171110e-01 9.912384120293386003e-01 9.914934756871948140e-01 9.917449171097317828e-01 9.919735193231024040e-01 9.921906448659951749e-01 9.924047638805947313e-01 9.926159436185862939e-01 9.928242493058183626e-01 9.930176316976367934e-01 9.931976096447020508e-01 9.933751974670742557e-01 9.935504466093917353e-01 9.937234070149209009e-01 9.938923323046588987e-01 9.940418393685462872e-01 9.941894397032126074e-01 9.943351728235459985e-01 9.944790771339253599e-01 9.946211899672081636e-01 9.947554325194621905e-01 9.948783702296852827e-01 9.949998120595991979e-01 9.951197876676511900e-01 9.952383259115598069e-01 9.953554548749798947e-01
7.942131309473160483e-01 8.032028342606508664e-01 8.119756338501551429e-01 8.205921878193582764e-01 8.289845980520159641e-01 8.371217357510906121e-01 8.450053693318406722e-01 8.525807815154484715e-01 8.598874327713638133e-01 8.668710436019020360e-01 8.735459635764113440e-01 8.799496588953441556e-01 8.859885379493751545e-01 8.918220722148515467e-01 8.972456757399410732e-01 9.025175730333057089e-01 9.073735262010006464e-01 9.121110291153838867e-01 9.164484169231196242e-01 9.206726521608586955e-01 9.245604242266579620e-01 9.283087674710236437e-01 9.318093445017583409e-01 9.351162362296454589e-01 9.382888863146680025e-01 9.411933403253907038e-01 9.440318942843394234e-01 9.466309244221429164e-01 9.491142931948975958e-01 9.515105149559895947e-01 9.536754528377577866e-01 9.557932341888499828e-01 9.577856014842078825e-01 9.596268756862916804e-01 9.614290766210805694e-01 9.631008267148227775e-01 9.646639612010171616e-01 9.661948121866157368e-01 9.676151953431609831e-01 9.689408096460030428e-01 9.702397993058394787e-01 9.714646899751928633e-01 9.725876634546883892e-01 9.736887125939639454e-01 9.747619899061092941e-01 9.757126850569621812e-01 9.766453429137370579e-01 9.775604858409546738e-01 9.784054674363730220e-01 9.791952855347678675e-01 9.799706912884195154e-01 9.807320913230235249e-01 9.814082580806432476e-01 9.820651302827148044e-01 9.827104720894849210e-01 9.833406987281769762e-01 9.838971652424737258e-01 9.844441372155129377e-01 9.849818692703361522e-01 9.855097495931868234e-01 9.859734354120635036e-01 9.864295044825152070e-01 9.868781548413658733e-01 9.873195778126485633e-01 9.877175170020761064e-01 9.880982617772149368e-01 9.884730384840627604e-01 9.888419962481093117e-01 9.891930364675115550e-01 9.895113423705952371e-01 9.898248367803899050e-01 9.901336361780803674e-01 9.904378532870802276e-01 9.907169747843093122e-01 9.909795365356958152e-01 9.912383022533334254e-01 9.914933602500528576e-01 9.917447960870138246e-01 9.919734040202066172e-01 9.921905400287260868e-01 9.924046693704232647e-01 9.926158592999628771e-01 9.928241750460859993e-01 9.930175609656957114e-01 9.931975366779549619e-01 9.933751222937685643e-01 9.935503692571917567e-01 9.937233275109251807e-01 9.938922511989779496e-01 9.940417617128954886e-01 9.941893654549835979e-01 9.943351019409898406e-01 9.944790095761288917e-01 9.946211256940712397e-01 9.947553700327935733e-01 9.948783072034305119e-01 9.949997485000552366e-01 9.951197235809953190e-01 9.952382613038519565e-01 9.953553897521651983e-01
7.942231015324903165e-01 8.032055282718403300e-01 8.119776255980981627e-01 8.205905633018248935e-01 8.289822258911276887e-01 8.371199741782534565e-01 8.450053622447596391e-01 8.525816685431740760e-01 8.598884929988848125e-01 8.668704617116763655e-01 8.735458056993239406e-01 8.799515946221828644e-01 8.859893144485354588e-01 8.918208470278345956e-01 8.972462966725337496e-01 9.025202281934683324e-01 9.073737864837909672e-01 9.121089133458016862e-01 9.164476542355687316e-01 9.206733503671394869e-01 9.245610715738238339e-01 9.283090590253245677e-01 9.318095385174026690e-01 9.351165136037801195e-01 9.382891670666644313e-01 9.411933569038746228e-01 9.440316501792200832e-01 9.466305489886256419e-01 9.491138297406125357e-01 9.515100199006529813e-01 9.536752344492728239e-01 9.557932882912629768e-01 9.577857460558111269e-01 9.596268665275878851e-01 9.614289160968761960e-01 9.631005683751231450e-01 9.646636474989714882e-01 9.661944439877773183e-01 9.676148029652842375e-01 9.689404180748160123e-01 9.702394085202937779e-01 9.714643053030918018e-01 9.725872934226139632e-01 9.736883569601043620e-01 9.747616512536348976e-01 9.757124074714524919e-01 9.766451254080781297e-01 9.775603274519676367e-01 9.784053185689998156e-01 9.791951097479446586e-01 9.799704890059148799e-01 9.807318629583848812e-01 9.814080493513076542e-01 9.820649455043320986e-01 9.827103108865680170e-01 9.833405604673154388e-01 9.838970452565256597e-01 9.844440352215013679e-01 9.849817849921900237e-01 9.855096820450648387e-01 9.859733379887716254e-01 9.864293776322818896e-01 9.868779990017269022e-01 9.873193934107771241e-01 9.877173539200597707e-01 9.880981345026289553e-01 9.884729464956929501e-01 9.888419390369066475e-01 9.891930022072531470e-01 9.895113053850094209e-01 9.898247971076900020e-01 9.901335938556149463e-01 9.904378083513603048e-01 9.907169202530778929e-01 9.909794682893744433e-01 9.912382204793200868e-01 9.914932651315990775e-01 9.917446878033470137e-01 9.919732917172640052e-01 9.921904276114698051e-01 9.924045568403303541e-01 9.926157466584782929e-01 9.928240622946260530e-01 9.930174539552196755e-01 9.931974405591865729e-01 9.933750369279397141e-01 9.935502945084172532e-01 9.937232632461200366e-01 9.938921961496940405e-01 9.940417048267810030e-01 9.941893067547545870e-01 9.943350414489035005e-01 9.944789473139962199e-01 9.946210616832695806e-01 9.947553054954874074e-01 9.948782440436743091e-01 9.949996867017248947e-01 9.951196631282764882e-01 9.952382021812306023e-01 9.953553319444217173e-01
7.942192084289595444e-01 8.032023976722895142e-01 8.119740198291489630e-01 8.205900188636674475e-01 8.289819726167113600e-01 8.371192679315087037e-01 8.450041830805754550e-01 8.525788281948001313e-01 8.598848810759980310e-01 8.668699459089450610e-01 8.735462288018508437e-01 8.799512114794324491e-01 8.859884055894616806e-01 8.918194874011299289e-01 8.972442186056416302e-01 9.025174296204485636e-01 9.073720031395047236e-01 9.121081372995740733e-01 9.164467413140526819e-01 9.206722649037126782e-01 9.245598915676652707e-01 9.283078010823179183e-01 9.318085416489421124e-01 9.351160136752534324e-01 9.382890459027294350e-01 9.411932297808682790e-01 9.440315171393495186e-01 9.466305490855176918e-01 9.491140068480420355e-01 9.515103083476499357e-01 9.536752805626116380e-01 9.557930956805127387e-01 9.577854578669020569e-01 9.596266747044184253e-01 9.614288191292598151e-01 9.631005649314540173e-01 9.646637362081251776e-01 9.661946233774740822e-01 9.676149717693734997e-01 9.689404930984685249e-01 9.702393912567823797e-01 9.714642288225044942e-01 9.725872096881383877e-01 9.736882660821721824e-01 9.747615520173535941e-01 9.757122791867607337e-01 9.766449685376659140e-01 9.775601424475239831e-01 9.784051464610664661e-01 9.791949805980786348e-01 9.799704021293126344e-01 9.807318176870148951e-01 9.814079943323525956e-01 9.820648757119101457e-01 9.827102265485166965e-01 9.833404623366313047e-01 9.838969421085630440e-01 9.844439271318362605e-01 9.849816720346088461e-01 9.855095647948177717e-01 9.859732490637518332e-01 9.864293166053303974e-01 9.868779654559294290e-01 9.873193869391457822e-01 9.877173312284887041e-01 9.880980829926117037e-01 9.884728665854217722e-01 9.888418311348429190e-01 9.891928762914687923e-01 9.895111831449057149e-01 9.898246784907075435e-01 9.901334788104050322e-01 9.904376968277485149e-01 9.907168230602627634e-01 9.909793918076277297e-01 9.912381644250763957e-01 9.914932292275792092e-01 9.917446717783720000e-01 9.919732790389497179e-01 9.921904112507525797e-01 9.924045368456256844e-01 9.926157230771683881e-01 9.928240351730862612e-01 9.930174236585541658e-01 9.931974074135471175e-01 9.933750009695365701e-01 9.935502557727102779e-01 9.937232217678392265e-01 9.938921524945988351e-01 9.940416641323878144e-01 9.941892689845781561e-01 9.943350065671924254e-01 9.944789152857139714e-01 9.946210324740740738e-01 9.947552781130465371e-01 9.948782169517748075e-01 9.949996598969377271e-01 9.951196366072384558e-01 9.952381759406437878e-01 9.953553059810499315e-01
7.942166708730750146e-01 8.032019997369435060e-01 8.119770349800727871e-01 8.205920023291537468e-01 8.289851666439518318e-01 8.371216084851131889e-01 8.450005902477081277e-01 8.525774041966771577e-01 8.598864097222514991e-01 8.668712186856097901e-01 8.735470828600115922e-01 8.799515157285339173e-01 8.859897080729367547e-01 8.918221869731158824e-01 8.972460033165523541e-01 9.025181718785671992e-01 9.073718671207983144e-01 9.121071299196665816e-01 9.164462427879038753e-01 9.206723150427282842e-01 9.245598614510325275e-01 9.283075643735337890e-01 9.318080788326268404e-01 9.351153120442744493e-01 9.382882232994844696e-01 9.411926773694158088e-01 9.440312312879340917e-01 9.466302980321582572e-01 9.491137149128473505e-01 9.515099797531314518e-01 9.536749362418088793e-01 9.557927358574044296e-01 9.577850871212729711e-01 9.596262991411020904e-01 9.614284388122320557e-01 9.631002446378272852e-01 9.646635266719073565e-01 9.661945228330782731e-01 9.676149104714729665e-01 9.689404136145690627e-01 9.702392938694586189e-01 9.714641089587174871e-01 9.725870598756687357e-01 9.736880867973340958e-01 9.747613486243836833e-01 9.757121291593703338e-01 9.766448710123339927e-01 9.775600965816967358e-01 9.784051093721107817e-01 9.791949207745272998e-01 9.799703199281016852e-01 9.807317134565001204e-01 9.814078998068236359e-01 9.820647939413471583e-01 9.827101573314092064e-01 9.833404043230284941e-01 9.838968765068659694e-01 9.844438540566734508e-01 9.849815915978863412e-01 9.855094771725876335e-01 9.859731586834025174e-01 9.864292235066812742e-01 9.868778696778875981e-01 9.873192885197343838e-01 9.877172321377808428e-01 9.880979838174932528e-01 9.884727673258777436e-01 9.888417317908877457e-01 9.891927762378065481e-01 9.895110809913894023e-01 9.898245742661143654e-01 9.901333725428761445e-01 9.904375885448079009e-01 9.907167247414582212e-01 9.909793105559094872e-01 9.912381000062709946e-01 9.914931814127155851e-01 9.917446403435257185e-01 9.919732523410697000e-01 9.921903843212613872e-01 9.924045096869655858e-01 9.926156956917404628e-01 9.928240075632533967e-01 9.930173923016284432e-01 9.931973692088466033e-01 9.933749560038487303e-01 9.935502041310287913e-01 9.937231635334144997e-01 9.938920888966072953e-01 9.940416062668148145e-01 9.941892167804630143e-01 9.943349599550083129e-01 9.944788741973281665e-01 9.946209968427107695e-01 9.947552451214898284e-01 9.948781822210870374e-01 9.949996234473206247e-01 9.951195984585088361e-01 9.952381361122432102e-01 9.953552644920553583e-01
7.942215883675129984e-01 8.032030134818252121e-01 8.119716852581143618e-01 8.205874620549158394e-01 8.289799585663709669e-01 8.371186868355031674e-01 8.450063486193903906e-01 8.525793169304802799e-01 8.598830506843970767e-01 8.668668230004837882e-01 8.735430279122127217e-01 8.799489145358495579e-01 8.859880246631813838e-01 8.918212787538285502e-01 8.972450181270076319e-01 9.025170640263114885e-01 9.073712140048966202e-01 9.121069279291628140e-01 9.164455627837649887e-01 9.206711314645362743e-01 9.245588552430834550e-01 9.283068714872564353e-01 9.318075871488157302e-01 9.351149423616814671e-01 9.382879495300294748e-01 9.411924149587193034e-01 9.440309800600626966e-01 9.466300959917151037e-01 9.491135739213056866e-01 9.515098915417885550e-01 9.536748588695631579e-01 9.557926691444454947e-01 9.577850281786122189e-01 9.596262441327049197e-01 9.614283876635955073e-01 9.631001610669022162e-01 9.646633822563870364e-01 9.661943185274805002e-01 9.676147094392646419e-01 9.689402677574859846e-01 9.702392022974369867e-01 9.714640434636907518e-01 9.725869759099391443e-01 9.736879846536855565e-01 9.747612286086021482e-01 9.757119918641565803e-01 9.766447167116201200e-01 9.775599255429442414e-01 9.784049538321719641e-01 9.791948043296061499e-01 9.799702419546846288e-01 9.807316733463521397e-01 9.814078671926848019e-01 9.820647656628640476e-01 9.827101333184181664e-01 9.833403848784059154e-01 9.838968675500560090e-01 9.844438554240848571e-01 9.849816031299510888e-01 9.855094985189124523e-01 9.859731770965091124e-01 9.864292390290025914e-01 9.868778823508840281e-01 9.873192983839207404e-01 9.877172416592571169e-01 9.880979937259797286e-01 9.884727776144641709e-01 9.888417424528543886e-01 9.891927861095257679e-01 9.895110874939959666e-01 9.898245774463069191e-01 9.901333724463101671e-01 9.904375852161261262e-01 9.907167130227315655e-01 9.909792874106916338e-01 9.912380655900302484e-01 9.914931358774935477e-01 9.917445838380390954e-01 9.919731950251563513e-01 9.921903305047234944e-01 9.924044593229648381e-01 9.926156487344561796e-01 9.928239639678517747e-01 9.930173510001110149e-01 9.931973292565631217e-01 9.933749173830688228e-01 9.935501668244006712e-01 9.937231275239534201e-01 9.938920536880125889e-01 9.940415672384743662e-01 9.941891739789506799e-01 9.943349134259701350e-01 9.944788239855062439e-01 9.946209429919684597e-01 9.947551911947593029e-01 9.948781337796894775e-01 9.949995804261455579e-01 9.951195607937102228e-01 9.952381037412060261e-01 9.953552373533626207e-01
7.942192982899348719e-01 8.032012959287235798e-01 8.119751638909964431e-01 8.205939218653560685e-01 8.289868777528991428e-01 8.371233853357057386e-01 8.450049822338270289e-01 8.525793440734866779e-01 8.598852601562549935e-01 8.668684898076275402e-01 8.735444340994595880e-01 8.799502883473232506e-01 8.859883939079827853e-01 8.918203939609922193e-01 8.972448441162197419e-01 9.025177090504302724e-01 9.073725002813735063e-01 9.121088501021235029e-01 9.164472717565330662e-01 9.206726015738352364e-01 9.245601457207973661e-01 9.283079957814781569e-01 9.318083536335005634e-01 9.351152185757287683e-01 9.382878662570042216e-01 9.411923998824074378e-01 9.440310322417502231e-01 9.466300267317080408e-01 9.491133230671690013e-01 9.515094921460643951e-01 9.536744830407448692e-01 9.557923165241120067e-01 9.577847193687634153e-01 9.596260070503118689e-01 9.614282211904993103e-01 9.631000302477362718e-01 9.646632594758574042e-01 9.661942036522017663e-01 9.676146099420223079e-01 9.689401897345106818e-01 9.702391453986631831e-01 9.714640108356049630e-01 9.725869727868371450e-01 9.736880105552500053e-01 9.747612802348276650e-01 9.757120242458600101e-01 9.766447301555358784e-01 9.775599203485073607e-01 9.784049249955307781e-01 9.791947482757252796e-01 9.799701591135433487e-01 9.807315641375149440e-01 9.814077432545386115e-01 9.820646283723999392e-01 9.827099828829048977e-01 9.833402234730226343e-01 9.838967271867335995e-01 9.844437357782084286e-01 9.849815038847979931e-01 9.855094189122420856e-01 9.859730875140366724e-01 9.864291396202379270e-01 9.868777732617746157e-01 9.873191797569605965e-01 9.877171302022459409e-01 9.880978942911096130e-01 9.884726900266416205e-01 9.888416665410751927e-01 9.891927202634659411e-01 9.895110283406519658e-01 9.898245248906631932e-01 9.901333263955255370e-01 9.904375455794662830e-01 9.907166746936176827e-01 9.909792473311139771e-01 9.912380237838174235e-01 9.914930923679482477e-01 9.917445386479544212e-01 9.919731522095497356e-01 9.921902917634274344e-01 9.924044246021516136e-01 9.926156179814539238e-01 9.928239371311109451e-01 9.930173253027362312e-01 9.931973022489023473e-01 9.933748890818251409e-01 9.935501372459298874e-01 9.937230966842743873e-01 9.938920221084670548e-01 9.940415397881544601e-01 9.941891506070595907e-01 9.943348940827313465e-01 9.944788086221370005e-01 9.946209315606515666e-01 9.947551810482057055e-01 9.948781207945365246e-01 9.949995646359448553e-01 9.951195422313644512e-01 9.952380824389854830e-01 9.953552133429224291e-01
7.942165816797442934e-01 8.032015830858220129e-01 8.119761861606806796e-01 8.205915894677998645e-01 8.289835339612821041e-01 8.371202884303139413e-01 8.450033507434663305e-01 8.525790498048246846e-01 8.598857996437564433e-01 8.668682528329374470e-01 8.735431570868947837e-01 8.799477597063999346e-01 8.859872838231250824e-01 8.918213921785753673e-01 8.972456394966537019e-01 9.025181659444603266e-01 9.073719870679661792e-01 9.121073745165163560e-01 9.164459810460718892e-01 9.206715311463848916e-01 9.245593460119974072e-01 9.283074745932082816e-01 9.318081945221080575e-01 9.351154784326090041e-01 9.382883676844994136e-01 9.411925558967407790e-01 9.440308474488388057e-01 9.466298855158009617e-01 9.491133499233480597e-01 9.515096531040828642e-01 9.536746001177300869e-01 9.557923903652161268e-01 9.577847672605822593e-01 9.596260521045024694e-01 9.614282634426678520e-01 9.631000805097060802e-01 9.646633262227239936e-01 9.661942866167670951e-01 9.676146490379251563e-01 9.689401357069109544e-01 9.702389997368912056e-01 9.714638139532688621e-01 9.725867883826437854e-01 9.736878384267336761e-01 9.747611206560861108e-01 9.757118844380697764e-01 9.766446097992955711e-01 9.775598191321539510e-01 9.784048371967815072e-01 9.791946696390690930e-01 9.799700894927317885e-01 9.807315033898863499e-01 9.814076912531183305e-01 9.820645849801322713e-01 9.827099479647624092e-01 9.833401960195873315e-01 9.838966929160636310e-01 9.844436947948828065e-01 9.849814562908681959e-01 9.855093651412393241e-01 9.859730492623874909e-01 9.864291166544112421e-01 9.868777653538267636e-01 9.873191866843640252e-01 9.877171322480466920e-01 9.880978856922333353e-01 9.884726709378411913e-01 9.888416371134954863e-01 9.891926841444149687e-01 9.895109934560987197e-01 9.898244912232209147e-01 9.901332939282013745e-01 9.904375142956505229e-01 9.907166436862178127e-01 9.909792160567854058e-01 9.912379922463686599e-01 9.914930605711002043e-01 9.917445065953430783e-01 9.919731199371426555e-01 9.921902592882529959e-01 9.924043919270768566e-01 9.926155851092813842e-01 9.928239040645789881e-01 9.930172937335037808e-01 9.931972736664145263e-01 9.933748634482187923e-01 9.935501145241248944e-01 9.937230768379508028e-01 9.938920047087339560e-01 9.940415210247317557e-01 9.941891304969413534e-01 9.943348726425671469e-01 9.944787858682397896e-01 9.946209075090077789e-01 9.947551567028392050e-01 9.948780977205449183e-01 9.949995428185253177e-01 9.951195216559965973e-01 9.952380630914240411e-01 9.953551952091909127e-01
7.942157623917689424e-01 8.032026845565324313e-01 8.119746949311714701e-01 8.205909300794641537e-01 8.289824405550921815e-01 8.371192119825396905e-01 8.450037939425798506e-01 8.525786558409453875e-01 8.598844296609388094e-01 8.668671415440507566e-01 8.735423850331378581e-01 8.799473915395262802e-01 8.859870606642942237e-01 8.918212461442591721e-01 8.972449322197030286e-01 9.025168697540305596e-01 9.073712308752447386e-01 9.121071540925054233e-01 9.164456020391918978e-01 9.206709726142638939e-01 9.245592485951281692e-01 9.283079635458061363e-01 9.318086851157261208e-01 9.351155619583279011e-01 9.382881592689694683e-01 9.411924327013881930e-01 9.440308083205454226e-01 9.466298906041056282e-01 9.491133858349153352e-01 9.515096984810468284e-01 9.536745382117064462e-01 9.557922227760587974e-01 9.577845385770030751e-01 9.596258219579567594e-01 9.614280318517419710e-01 9.630998352253791195e-01 9.646630576586028294e-01 9.661939951383708980e-01 9.676144059876438108e-01 9.689399995770060503e-01 9.702389688098864706e-01 9.714638307091827407e-01 9.725867619244965567e-01 9.736877694470016387e-01 9.747610124804169107e-01 9.757117793837543074e-01 9.766445078137858671e-01 9.775597201642438616e-01 9.784047392630603746e-01 9.791945712791666478e-01 9.799699907115861919e-01 9.807314041923692605e-01 9.814076126350316231e-01 9.820645287598805950e-01 9.827099137919290683e-01 9.833401820814804406e-01 9.838966751596844862e-01 9.844436732777637200e-01 9.849814310691787922e-01 9.855093362422865377e-01 9.859730149588481485e-01 9.864290770266177510e-01 9.868777204802149372e-01 9.873191366415285941e-01 9.877170794067673398e-01 9.880978307797442239e-01 9.884726139835379177e-01 9.888415781461046272e-01 9.891926250352309768e-01 9.895109383307707507e-01 9.898244400247294683e-01 9.901332466008416766e-01 9.904374707849922244e-01 9.907166064074627299e-01 9.909791864189860799e-01 9.912379701445589442e-01 9.914930459026487508e-01 9.917444992598821729e-01 9.919731121650425809e-01 9.921902477911608287e-01 9.924043767537897853e-01 9.926155663075566515e-01 9.928238816811650880e-01 9.930172688481395671e-01 9.931972472343378877e-01 9.933748354888326526e-01 9.935500850564342734e-01 9.937230458805751399e-01 9.938919725237195246e-01 9.940414899702442186e-01 9.941891005588057162e-01 9.943348438068981832e-01 9.944787581214337147e-01 9.946208808377343669e-01 9.947551307603135218e-01 9.948780719706747933e-01 9.949995172588222969e-01 9.951194962840241853e-01 9.952380379047963688e-01 9.953551702055702943e-01
7.942172526871905669e-01 8.032012122223894934e-01 8.119733441051254497e-01 8.205895043874803507e-01 8.289816519734080069e-01 8.371188667979138076e-01 8.450031611326553893e-01 8.525789371246340620e-01 8.598856620575477949e-01 8.668685816041045156e-01 8.735441708984468256e-01 8.799496343824081412e-01 8.859884079714042127e-01 8.918213489607392797e-01 8.972450080926884786e-01 9.025169882218487816e-01 9.073712282335566481e-01 9.121070312627547194e-01 9.164459994469177362e-01 9.206719060466806992e-01 9.245596192048384232e-01 9.283075543914975913e-01 9.318079877474333417e-01 9.351149211433157360e-01 9.382876243078875911e-01 9.411921717198084014e-01 9.440308176386381644e-01 9.466298048962615841e-01 9.491130872913376981e-01 9.515092520786589958e-01 9.536742916055042096e-01 9.557921729644980324e-01 9.577845936236875080e-01 9.596258588154717994e-01 9.614280507944992227e-01 9.630998679627594816e-01 9.646631290804059677e-01 9.661941046259333588e-01 9.676144939268145340e-01 9.689400170363342557e-01 9.702389169149195913e-01 9.714637574265841957e-01 9.725867432359026621e-01 9.736878044703080048e-01 9.747610953579260995e-01 9.757118307184863282e-01 9.766445281106881371e-01 9.775597099161760228e-01 9.784047192307275820e-01 9.791945567405857531e-01 9.799699815778590839e-01 9.807314003768139443e-01 9.814076110231754191e-01 9.820645290063126920e-01 9.827099158663135103e-01 9.833401853366982026e-01 9.838966696088093933e-01 9.844436590552602118e-01 9.849814083062792269e-01 9.855093052749189786e-01 9.859729893554103342e-01 9.864290567056084313e-01 9.868777053621016204e-01 9.873191266486878170e-01 9.877170679185538482e-01 9.880978158590718596e-01 9.884725956796587276e-01 9.888415565071384528e-01 9.891926017435641594e-01 9.895109170685668643e-01 9.898244207627159286e-01 9.901332293104259108e-01 9.904374554382403550e-01 9.907165902309281735e-01 9.909791677600220394e-01 9.912379490366972634e-01 9.914930223786871943e-01 9.917444733519064082e-01 9.919730852019935652e-01 9.921902203438210943e-01 9.924043488282107139e-01 9.926155379096669451e-01 9.928238528167733223e-01 9.930172413714185575e-01 9.931972227781006302e-01 9.933748140143031646e-01 9.935500665256471464e-01 9.937230302563530016e-01 9.938919594690002191e-01 9.940414765633694971e-01 9.941890868038765205e-01 9.943348297079357412e-01 9.944787436823842031e-01 9.946208660624690223e-01 9.947551159890115624e-01 9.948780577345021081e-01 9.949995035512682051e-01 9.951194830987065698e-01 9.952380252354585677e-01 9.953551580460782144e-01
7.942163281111765949e-01 8.032024339990508910e-01 8.119738412463666233e-01 8.205907729383702387e-01 8.289831296403989969e-01 8.371203261036699317e-01 8.450044522953840120e-01 8.525794591764945807e-01 8.598853335448004565e-01 8.668675619308968683e-01 8.735429915224788289e-01 8.799487251015801759e-01 8.859876700307590669e-01 8.918207561404732919e-01 8.972451555750701191e-01 9.025179007070799342e-01 9.073718942965576240e-01 9.121074527433609136e-01 9.164461261630675315e-01 9.206717390672983781e-01 9.245595668091451946e-01 9.283076979958584385e-01 9.318081293837936485e-01 9.351149224498025436e-01 9.382875103643654180e-01 9.411920232061541380e-01 9.440306350131513202e-01 9.466297252139237450e-01 9.491131540868337213e-01 9.515094230800020814e-01 9.536743412167686396e-01 9.557921030001444995e-01 9.577844912871977812e-01 9.596258411638750596e-01 9.614281165101814519e-01 9.630999341020638482e-01 9.646631304105173221e-01 9.661940421702197579e-01 9.676144251218458114e-01 9.689399891042086432e-01 9.702389291984779840e-01 9.714637809444652827e-01 9.725867320673561300e-01 9.736877591725169312e-01 9.747610202325784901e-01 9.757117853741323898e-01 9.766445120674680513e-01 9.775597227058167027e-01 9.784047515589830990e-01 9.791946017047633566e-01 9.799700389767461717e-01 9.807314700141188668e-01 9.814076578607702217e-01 9.820645498440635501e-01 9.827099111088886119e-01 9.833401563544971191e-01 9.838966325209567154e-01 9.844436139864207735e-01 9.849813553780971676e-01 9.855092447387190369e-01 9.859729299049923013e-01 9.864289983246591342e-01 9.868776480346977964e-01 9.873190703592832351e-01 9.877170250667974827e-01 9.880977899628509142e-01 9.884725864925388850e-01 9.888415637884289122e-01 9.891926172087606162e-01 9.895109225904739070e-01 9.898244164823014613e-01 9.901332153654368584e-01 9.904374319633008072e-01 9.907165633619136047e-01 9.909791411812537421e-01 9.912379227443487428e-01 9.914929963690135573e-01 9.917444476212424753e-01 9.919730606295318331e-01 9.921901972933383496e-01 9.924043272797701265e-01 9.926155178437561233e-01 9.928238342142925443e-01 9.930172251252517013e-01 9.931972096723212795e-01 9.933748040090456533e-01 9.935500595818714809e-01 9.937230263358203253e-01 9.938919581671303849e-01 9.940414743194214697e-01 9.941890836296053413e-01 9.943348256148579756e-01 9.944787386817831587e-01 9.946208601654026316e-01 9.947551092518618354e-01 9.948780502393501646e-01 9.949994953072134329e-01 9.951194741146700551e-01 9.952380155201880907e-01 9.953551476081519134e-01
7.942172362943334951e-01 8.032031570914696106e-01 8.119760492196563817e-01 8.205890882670610065e-01 8.289820334245026068e-01 8.371196302388697053e-01 8.450015279651684752e-01 8.525774905563808792e-01 8.598846885303365051e-01 8.668671811941009997e-01 8.735434721990350537e-01 8.799505486824756861e-01 8.859893688838628156e-01 8.918219485512642875e-01 8.972451899711727519e-01 9.025167561346141287e-01 9.073714817500002638e-01 9.121077664251411310e-01 9.164460576011128623e-01 9.206712560073674334e-01 9.245590791603408576e-01 9.283072885924251727e-01 9.318079838554315097e-01 9.351151694391898195e-01 9.382880311335310974e-01 9.411924281261028202e-01 9.440309256091821144e-01 9.466298702597225612e-01 9.491131448453919983e-01 9.515092978613647334e-01 9.536743031559651307e-01 9.557921507841192765e-01 9.577845596785985460e-01 9.596258425781902801e-01 9.614280519812516967e-01 9.630998671813150169e-01 9.646631110860421909e-01 9.661940696844597554e-01 9.676144483758829518e-01 9.689399661152243715e-01 9.702388607051710689e-01 9.714636976278030467e-01 9.725866825162392537e-01 9.736877428410971591e-01 9.747610332824058199e-01 9.757117753146644645e-01 9.766444792687000165e-01 9.775596675288855675e-01 9.784046874997176513e-01 9.791945387053992977e-01 9.799699770193596171e-01 9.807314090812546681e-01 9.814075937884914058e-01 9.820644822574026156e-01 9.827098400617577667e-01 9.833400828450958864e-01 9.838965718482538536e-01 9.844435659521213466e-01 9.849813197887328231e-01 9.855092212851251920e-01 9.859729106158499068e-01 9.864289831367536454e-01 9.868776368863408921e-01 9.873190631902655223e-01 9.877170117201273802e-01 9.880977675070343746e-01 9.884725550595546695e-01 9.888415235071891241e-01 9.891925733419798528e-01 9.895108866825232941e-01 9.898243884200792486e-01 9.901331950384318903e-01 9.904374192635123642e-01 9.907165518694306394e-01 9.909791270538711450e-01 9.912379060178142520e-01 9.914929770782892060e-01 9.917444258005274627e-01 9.919730410332125992e-01 9.921901819185389160e-01 9.924043160705309230e-01 9.926155107453219495e-01 9.928238311730785970e-01 9.930172227553621944e-01 9.931972049877860753e-01 9.933747970391757498e-01 9.935500503553720275e-01 9.937230148808089414e-01 9.938919447248841799e-01 9.940414609685997993e-01 9.941890703689273412e-01 9.943348124430704260e-01 9.944787255976605955e-01 9.946208471677470131e-01 9.947550968650707981e-01 9.948780392863350031e-01 9.949994857709233420e-01 9.951194659783856311e-01 9.952380087675128939e-01 9.953551422230042522e-01
7.942169800669953705e-01 8.032012170259736905e-01 8.119747849359228997e-01 8.205895753770057199e-01 8.289824876157310118e-01 8.371199497878136775e-01 8.450024219914961110e-01 8.525778086999820093e-01 8.598846764984146018e-01 8.668685025558492407e-01 8.735440370299947244e-01 8.799486686812677538e-01 8.859874620611054574e-01 8.918206444111388409e-01 8.972445216233099208e-01 9.025167179220090485e-01 9.073713186877488956e-01 9.121074795032162452e-01 9.164460442384938510e-01 9.206715264813061239e-01 9.245592030100971970e-01 9.283071801754367858e-01 9.318076936512689201e-01 9.351147334881581008e-01 9.382874951161586097e-01 9.411919420838152917e-01 9.440304888847318443e-01 9.466296098831007422e-01 9.491131003820318934e-01 9.515094256520962857e-01 9.536743743810760510e-01 9.557921662850689115e-01 9.577845313832056284e-01 9.596257863018479162e-01 9.614279681550020884e-01 9.630997570741688385e-01 9.646629757871731936e-01 9.661939095916114439e-01 9.676143154096934484e-01 9.689399028676917158e-01 9.702388660569023493e-01 9.714637408779903671e-01 9.725867152688516537e-01 9.736877652633121327e-01 9.747610458119435606e-01 9.757117824268598527e-01 9.766444810493679629e-01 9.775596640618161581e-01 9.784046816644136335e-01 9.791945326250108828e-01 9.799699706968276747e-01 9.807314025194767693e-01 9.814075792904444206e-01 9.820644591608800322e-01 9.827098085000470773e-01 9.833400438840206315e-01 9.838965407046931233e-01 9.844435425052212585e-01 9.849813039205842502e-01 9.855092127488729314e-01 9.859729007737136897e-01 9.864289720079624235e-01 9.868776244896734218e-01 9.873190495440649084e-01 9.877169965383716388e-01 9.880977507209647293e-01 9.884725366921993661e-01 9.888415035810464992e-01 9.891925527876180846e-01 9.895108675416206534e-01 9.898243706723780511e-01 9.901331786641415222e-01 9.904374042432961822e-01 9.907165385171511351e-01 9.909791155479603653e-01 9.912378963328477566e-01 9.914929691894092123e-01 9.917444196834263037e-01 9.919730339718194623e-01 9.921901727693267503e-01 9.924043048609287876e-01 9.926154975021735938e-01 9.928238159226583370e-01 9.930172073212066852e-01 9.931971909778043450e-01 9.933747844351153988e-01 9.935500391393615738e-01 9.937230050353470512e-01 9.938919360307236772e-01 9.940414514689225323e-01 9.941890600735687755e-01 9.943348013616704062e-01 9.944787137396678967e-01 9.946208345424235597e-01 9.947550836678306085e-01 9.948780258182737812e-01 9.949994720351768018e-01 9.951194519780298675e-01 9.952379945055661592e-01 9.953551277024277333e-01
7.942165803011635994e-01 8.032018184833662477e-01 8.119747629039000270e-01 8.205909248661766853e-01 8.289827223166470471e-01 8.371194145612944615e-01 8.450030353934718796e-01 8.525788805577676488e-01 8.598857423538726064e-01 8.668684910658210896e-01 8.735440054918510722e-01 8.799494717492872820e-01 8.859883972107135408e-01 8.918215282072522454e-01 8.972452696092150237e-01 9.025173248251441294e-01 9.073715786253359061e-01 9.121073951777363131e-01 9.164458495422506124e-01 9.206712299906465446e-01 9.245590359118399659e-01 9.283071880059954317e-01 9.318077965417513875e-01 9.351148752156134281e-01 9.382876435060873987e-01 9.411919896271978558e-01 9.440304369248680993e-01 9.466295250580837317e-01 9.491130046682262345e-01 9.515093259810589732e-01 9.536743086207846165e-01 9.557921339240249559e-01 9.577845181620813220e-01 9.596257731513844202e-01 9.614279550709545763e-01 9.630997524083777517e-01 9.646629860786076760e-01 9.661939346007911711e-01 9.676143329276774008e-01 9.689398946639145027e-01 9.702388325420010506e-01 9.714636851455605848e-01 9.725866420203991281e-01 9.736876747800919940e-01 9.747609403739976308e-01 9.757116938310566034e-01 9.766444090241145348e-01 9.775596083420844407e-01 9.784046363289395920e-01 9.791944932846922134e-01 9.799699372559778077e-01 9.807313748847568124e-01 9.814075696029884721e-01 9.820644683871845304e-01 9.827098363449509044e-01 9.833400883501639544e-01 9.838965739454247350e-01 9.844435646929481365e-01 9.849813152235429303e-01 9.855092134491915123e-01 9.859728986608360390e-01 9.864289671239598878e-01 9.868776168756173695e-01 9.873190392400564841e-01 9.877169897707063217e-01 9.880977492889445601e-01 9.884725405180986302e-01 9.888415125889544743e-01 9.891925634316349747e-01 9.895108720301896144e-01 9.898243690926002980e-01 9.901331711011321923e-01 9.904373907802438426e-01 9.907165241438810055e-01 9.909791032505521624e-01 9.912378860828544580e-01 9.914929609590144022e-01 9.917444134454262983e-01 9.919730269382136534e-01 9.921901637650474282e-01 9.924042939119602780e-01 9.926154846339431126e-01 9.928238011600521995e-01 9.930171926009399019e-01 9.931971780072743616e-01 9.933747731920099522e-01 9.935500296018325850e-01 9.937229971819968588e-01 9.938919296973697248e-01 9.940414452602028827e-01 9.941890539879493227e-01 9.943347953976485742e-01 9.944787078957713078e-01 9.946208288172083689e-01 9.947550781264271613e-01 9.948780205636341689e-01 9.949994670639261685e-01 9.951194472868576391e-01 9.952379900912255994e-01 9.953551235617336124e-01
7.942196589065115830e-01 8.031998542468429259e-01 8.119733754365631162e-01 8.205891327124248402e-01 8.289820967306389399e-01 8.371196287934434821e-01 8.450026687942210346e-01 8.525784573322808813e-01 8.598854639797527399e-01 8.668686598488209993e-01 8.735442810542596304e-01 8.799495788003612873e-01 8.859882771477213259e-01 8.918211666050309683e-01 8.972448115321229878e-01 9.025167816043595526e-01 9.073714031709416705e-01 9.121075845696188233e-01 9.164461164202223342e-01 9.206715643219272049e-01 9.245591475916525859e-01 9.283070204130422498e-01 9.318075669484550128e-01 9.351147357429024920e-01 9.382875907367452806e-01 9.411920146272041432e-01 9.440305386424137080e-01 9.466296038171799765e-01 9.491130282928326167e-01 9.515093044875095885e-01 9.536742941743330260e-01 9.557921264151783003e-01 9.577845067373595978e-01 9.596257432036102708e-01 9.614279068847576548e-01 9.630997006703758689e-01 9.646629423512089740e-01 9.661938987551286218e-01 9.676143029182121547e-01 9.689398687926041864e-01 9.702388107407957651e-01 9.714636683460388111e-01 9.725866317512998904e-01 9.736876709347547232e-01 9.747609435917912180e-01 9.757117156970722682e-01 9.766444492369658059e-01 9.775596666076914465e-01 9.784046911482000564e-01 9.791945288920028689e-01 9.799699539551410821e-01 9.807313729722075824e-01 9.814075459372358923e-01 9.820644229589760021e-01 9.827097694927289240e-01 9.833400025174129366e-01 9.838965035326878716e-01 9.844435094624026661e-01 9.849812749431459125e-01 9.855091877451312987e-01 9.859728777787287735e-01 9.864289509908694686e-01 9.868776054203624026e-01 9.873190323931557710e-01 9.877169847141900050e-01 9.880977451733580219e-01 9.884725373294305228e-01 9.888415103135276274e-01 9.891925616094420226e-01 9.895108696550896088e-01 9.898243661721592979e-01 9.901331676427497230e-01 9.904373867911572260e-01 9.907165201643481911e-01 9.909790996032253885e-01 9.912378827629809708e-01 9.914929579619518041e-01 9.917444107666376629e-01 9.919730246875886337e-01 9.921901619858023436e-01 9.924042925977046847e-01 9.926154837784266771e-01 9.928238007571612567e-01 9.930171910222151954e-01 9.931971738185987331e-01 9.933747664265124566e-01 9.935500202919571588e-01 9.937229853595204165e-01 9.938919157077857891e-01 9.940414321516366503e-01 9.941890417494466670e-01 9.943347840184770803e-01 9.944786973654142770e-01 9.946208191253600450e-01 9.947550690941131535e-01 9.948780119161426683e-01 9.949994587966255466e-01 9.951194393952081940e-01 9.952379825707753369e-01 9.953551164081171354e-01
7.942176933046515286e-01 8.032011988988393414e-01 8.119744404529187776e-01 8.205902292947385712e-01 8.289818279335084972e-01 8.371182495309228422e-01 8.450013740551576280e-01 8.525770895464999111e-01 8.598840829111243922e-01 8.668675807653931642e-01 8.735434698137024556e-01 8.799490074550456731e-01 8.859875019331124868e-01 8.918200729023952888e-01 8.972445202129032404e-01 9.025173442651409639e-01 9.073711918150416667e-01 9.121066053769939508e-01 9.164452904787537824e-01 9.206709200139076010e-01 9.245587313290094533e-01 9.283068395613588430e-01 9.318075804885630475e-01 9.351149141929990805e-01 9.382878466269632955e-01 9.411920573209179297e-01 9.440303709916867403e-01 9.466294238383027304e-01 9.491129004627978372e-01 9.515092204182510338e-01 9.536742105957182192e-01 9.557920433179957209e-01 9.577844255094257742e-01 9.596256657208268592e-01 9.614278330876671053e-01 9.630996380238497911e-01 9.646628966871639843e-01 9.661938698031250494e-01 9.676142939617863314e-01 9.689398824724744230e-01 9.702388466923866917e-01 9.714637060681726721e-01 9.725866387009780567e-01 9.736876476064102448e-01 9.747608919818140372e-01 9.757116600761482905e-01 9.766443896689823712e-01 9.775596031550164433e-01 9.784046328743291054e-01 9.791944824277640791e-01 9.799699191126491904e-01 9.807313495681664328e-01 9.814075352246287576e-01 9.820644248841507995e-01 9.827097838583104261e-01 9.833400280522640591e-01 9.838965226557174759e-01 9.844435222719111200e-01 9.849812815350597051e-01 9.855091881890110095e-01 9.859728706101044127e-01 9.864289363239657771e-01 9.868775833666788566e-01 9.873190030615499602e-01 9.877169563382894868e-01 9.880977201707844548e-01 9.884725156509646116e-01 9.888414919111018220e-01 9.891925465005122486e-01 9.895108579367041246e-01 9.898243577961468587e-01 9.901331625620414245e-01 9.904373849597535306e-01 9.907165174493848259e-01 9.909790935402846834e-01 9.912378733977516010e-01 9.914929453391116976e-01 9.917443949298860861e-01 9.919730087103424410e-01 9.921901471710863341e-01 9.924042789301049661e-01 9.926154712428622018e-01 9.928237893388724977e-01 9.930171805938213803e-01 9.931971642664840783e-01 9.933747577394616002e-01 9.935500124589882187e-01 9.937229783698796615e-01 9.938919096053538960e-01 9.940414274483815316e-01 9.941890384281137916e-01 9.943347820621590838e-01 9.944786967575424130e-01 9.946208198496939712e-01 9.947550702916370113e-01 9.948780122492868472e-01 9.949994582755722350e-01 9.951194380299429598e-01 9.952379803710930117e-01 9.953551133836259224e-01
7.942193030340108928e-01 8.031992668825180814e-01 8.119730479193653094e-01 8.205893485649587982e-01 8.289818453405858323e-01 8.371188621640168748e-01 8.450018069395731635e-01 8.525772185955767801e-01 8.598841291583385615e-01 8.668683819160993842e-01 8.735444453444447532e-01 8.799496878517543141e-01 8.859880700404350051e-01 8.918205765855630185e-01 8.972449910842108523e-01 9.025177847718618418e-01 9.073717028301510057e-01 9.121071862525397256e-01 9.164456131972034125e-01 9.206709763338014607e-01 9.245587890066883086e-01 9.283069526449641007e-01 9.318076755217954421e-01 9.351149399060720846e-01 9.382878353050778664e-01 9.411921160330570801e-01 9.440304987903415102e-01 9.466295192458034080e-01 9.491129308101069473e-01 9.515091971588593989e-01 9.536741932386773035e-01 9.557920317718009429e-01 9.577844379323925406e-01 9.596257266435571642e-01 9.614279417541963246e-01 9.630997600199222575e-01 9.646630049010940233e-01 9.661939644498657165e-01 9.676143425851113644e-01 9.689398585313080403e-01 9.702387513485696280e-01 9.714635923987582355e-01 9.725865908313561237e-01 9.736876644758027943e-01 9.747609667185149762e-01 9.757116999137220859e-01 9.766443951678717150e-01 9.775595748621911385e-01 9.784045922270753204e-01 9.791944452114612618e-01 9.799698852722207310e-01 9.807313190498956335e-01 9.814075113201125022e-01 9.820644078303646385e-01 9.827097735479798368e-01 9.833400238939878912e-01 9.838965166978694832e-01 9.844435145417425037e-01 9.849812720591724080e-01 9.855091770410199237e-01 9.859728608970601549e-01 9.864289280239408875e-01 9.868775764582782273e-01 9.873189975238955141e-01 9.877169493359109209e-01 9.880977108825511612e-01 9.884725041098464393e-01 9.888414781493064520e-01 9.891925318267859035e-01 9.895108452217601380e-01 9.898243470120308141e-01 9.901331536814415024e-01 9.904373779559815238e-01 9.907165112056075529e-01 9.909790873850836679e-01 9.912378673297548293e-01 9.914929393569822391e-01 9.917443890323180966e-01 9.919730028694097035e-01 9.921901413744630416e-01 9.924042731770824632e-01 9.926154655327492637e-01 9.928237836709953301e-01 9.930171756973700248e-01 9.931971607832973392e-01 9.933747556514308519e-01 9.935500117483826443e-01 9.937229790193351509e-01 9.938919112508881604e-01 9.940414267427245543e-01 9.941890354001312602e-01 9.943347767401374826e-01 9.944786891692047881e-01 9.946208100222154735e-01 9.947550596205274598e-01 9.948780029070491970e-01 9.949994502464638568e-01 9.951194312985267576e-01 9.952379749222284300e-01 9.953551092024625069e-01
7.942178508415507210e-01 8.032008288786961492e-01 8.119732863065791673e-01 8.205891890254431997e-01 8.289817050839952683e-01 8.371187309080601047e-01 8.450014537812098325e-01 8.525770613458175662e-01 8.598840698109503355e-01 8.668677866079946837e-01 8.735436257136197646e-01 8.799488961281460853e-01 8.859876577347732818e-01 8.918206338495643370e-01 8.972446989547153695e-01 9.025171013587162117e-01 9.073712655058064902e-01 9.121069931061910330e-01 9.164455902720012315e-01 9.206711196618344584e-01 9.245589198768557893e-01 9.283070350633001455e-01 9.318076689473010488e-01 9.351148163735738539e-01 9.382876311146614023e-01 9.411919504072584486e-01 9.440303712143837123e-01 9.466294620503907797e-01 9.491129538142751842e-01 9.515092865374560338e-01 9.536742773199299306e-01 9.557921106298705727e-01 9.577844941363510278e-01 9.596257366510098086e-01 9.614279062789587993e-01 9.630997066306096199e-01 9.646629553411029123e-01 9.661939186570828175e-01 9.676143180082158457e-01 9.689398694491211383e-01 9.702387971905472863e-01 9.714636436944814601e-01 9.725866008274106633e-01 9.736876338360677119e-01 9.747609005064903354e-01 9.757116681789198553e-01 9.766443973546453661e-01 9.775596104283154064e-01 9.784046339332388431e-01 9.791944730392300178e-01 9.799698994409395958e-01 9.807313197735940680e-01 9.814075086600991815e-01 9.820644028451177565e-01 9.827097662731592020e-01 9.833400144771853313e-01 9.838965069919922701e-01 9.844435045507878845e-01 9.849812617870531417e-01 9.855091664943204099e-01 9.859728502577518316e-01 9.864289172930646998e-01 9.868775656368597993e-01 9.873189866129438164e-01 9.877169389187755444e-01 9.880977011259657328e-01 9.884724950039396330e-01 9.888414696844433083e-01 9.891925233895126901e-01 9.895108354598862732e-01 9.898243359441102340e-01 9.901331413256101444e-01 9.904373643299679841e-01 9.907164988674389550e-01 9.909790778560214619e-01 9.912378605712192092e-01 9.914929353312509352e-01 9.917443877025011734e-01 9.919730023388591000e-01 9.921901408335764838e-01 9.924042726258691660e-01 9.926154649712202183e-01 9.928237830991645252e-01 9.930171738834632222e-01 9.931971566430152221e-01 9.933747492143254476e-01 9.935500030433934704e-01 9.937229680748069782e-01 9.938918985386150373e-01 9.940414165521453960e-01 9.941890277001292908e-01 9.943347715002232023e-01 9.944786863594980986e-01 9.946208096134299126e-01 9.947550602692419863e-01 9.948780025236521052e-01 9.949994488430780049e-01 9.951194288870420790e-01 9.952379715143070404e-01 9.953551048095452547e-01
7.942164750154018238e-01 8.032008188629082834e-01 8.119747374464816314e-01 8.205903614587186645e-01 8.289828482196790471e-01 8.371199772344659618e-01 8.450029306164166254e-01 8.525783388160246279e-01 8.598848357162774958e-01 8.668672964767942801e-01 8.735430603488409940e-01 8.799492101007353462e-01 8.859878935715930215e-01 8.918205426618953657e-01 8.972445435655866941e-01 9.025168984639946324e-01 9.073712345358080356e-01 9.121071326852112637e-01 9.164456012741043489e-01 9.206709936125495597e-01 9.245587830792382222e-01 9.283069131214085612e-01 9.318075707091378890e-01 9.351147479237249538e-01 9.382875865763241618e-01 9.411919107985277089e-01 9.440303364658627627e-01 9.466293966054190046e-01 9.491128464152561728e-01 9.515091524722346650e-01 9.536741989142750731e-01 9.557920870473357589e-01 9.577845004612659530e-01 9.596257395438070326e-01 9.614279057902370695e-01 9.630997113993214898e-01 9.646629721429660353e-01 9.661939472993563705e-01 9.676143374910094463e-01 9.689398625401024479e-01 9.702387643111646254e-01 9.714635970800779008e-01 9.725865597803178275e-01 9.736875982656212347e-01 9.747608699580925240e-01 9.757116368099618686e-01 9.766443651774624479e-01 9.775595774549727945e-01 9.784046022555384914e-01 9.791944441870191751e-01 9.799698733687183250e-01 9.807312964369899744e-01 9.814074929274472225e-01 9.820643950978621417e-01 9.827097663863163524e-01 9.833400217793143439e-01 9.838965125024524694e-01 9.844435082966763728e-01 9.849812637948218708e-01 9.855091668496782642e-01 9.859728528593010299e-01 9.864289221066506741e-01 9.868775726291535433e-01 9.873189957514165727e-01 9.877169466406001685e-01 9.880977063950533434e-01 9.884724978556657105e-01 9.888414701533645434e-01 9.891925224223940827e-01 9.895108351198091956e-01 9.898243362219721897e-01 9.901331422125199122e-01 9.904373658172413997e-01 9.907165003105957712e-01 9.909790788702010911e-01 9.912378611621210922e-01 9.914929355044512782e-01 9.917443874634577217e-01 9.919730022842055961e-01 9.921901412145994748e-01 9.924042734366890217e-01 9.926154662060864275e-01 9.928237847524506998e-01 9.930171753332299733e-01 9.931971573412214926e-01 9.933747491704516541e-01 9.935500022667255182e-01 9.937229665744409246e-01 9.938918963421159436e-01 9.940414138473340211e-01 9.941890244931871345e-01 9.943347677972093068e-01 9.944786821663521570e-01 9.946208049359749337e-01 9.947550554918190846e-01 9.948779982455528970e-01 9.949994450583532490e-01 9.951194255898577756e-01 9.952379686989427654e-01 9.953551024703901628e-01
7.942174149100609259e-01 8.032011951756350410e-01 8.119744417165043471e-01 8.205911059254820117e-01 8.289825158425291329e-01 8.371188960128058687e-01 8.450027997000739699e-01 8.525782878654710739e-01 8.598848642877314763e-01 8.668680326268407565e-01 8.735437474938660962e-01 8.799492367309171836e-01 8.859879186407665363e-01 8.918207376121090046e-01 8.972447408737834751e-01 9.025170871982045595e-01 9.073711812906772867e-01 9.121068393846913924e-01 9.164455312501873507e-01 9.206711597516845647e-01 9.245589172301270642e-01 9.283069614034705763e-01 9.318075877616803782e-01 9.351147720653490980e-01 9.382876257182124480e-01 9.411919918867959201e-01 9.440304589295785975e-01 9.466295323471863865e-01 9.491129861683216262e-01 9.515092855939435434e-01 9.536742664921000756e-01 9.557920900597479674e-01 9.577844703907586466e-01 9.596257185436952719e-01 9.614278937176163886e-01 9.630996958077396863e-01 9.646629432558269102e-01 9.661939053254813281e-01 9.676143058844615119e-01 9.689398605463468428e-01 9.702387914538415092e-01 9.714636363555276821e-01 9.725865842997912791e-01 9.736876082652710096e-01 9.747608663580710209e-01 9.757116306775238668e-01 9.766443565522797687e-01 9.775595663757961074e-01 9.784045951883605374e-01 9.791944458609325164e-01 9.799698836441774752e-01 9.807313151778733751e-01 9.814075056935172015e-01 9.820644005214697048e-01 9.827097645811703197e-01 9.833400133666478915e-01 9.838965058194462099e-01 9.844435033161661464e-01 9.849812604903170898e-01 9.855091651528264940e-01 9.859728499950024538e-01 9.864289180920345901e-01 9.868775674809497911e-01 9.873189894859684124e-01 9.877169388160472741e-01 9.880976968969088503e-01 9.884724867079360822e-01 9.888414573795043516e-01 9.891925089826661965e-01 9.895108231207567773e-01 9.898243256429277714e-01 9.901331330332934222e-01 9.904373580181056180e-01 9.907164929781987484e-01 9.909790714562670688e-01 9.912378536675640062e-01 9.914929279301692988e-01 9.917443798103326991e-01 9.919729945472834931e-01 9.921901333923321964e-01 9.924042655300464588e-01 9.926154582160207074e-01 9.928237766798970743e-01 9.930171677691969068e-01 9.931971508060748466e-01 9.933747436509553497e-01 9.935499977499206992e-01 9.937229630476384079e-01 9.938918937252652075e-01 9.940414114791286115e-01 9.941890223704701324e-01 9.943347659168885189e-01 9.944786805253988948e-01 9.946208035314221263e-01 9.947550541515618461e-01 9.948779967014496073e-01 9.949994433127352655e-01 9.951194236450136010e-01 9.952379665571178258e-01 9.953551001337882509e-01
7.942171845755064963e-01 8.032005799874927243e-01 8.119740810305525747e-01 8.205902968346094895e-01 8.289818608868547711e-01 8.371182806682524458e-01 8.450016997766096605e-01 8.525774792888981546e-01 8.598844090819863784e-01 8.668675789472887194e-01 8.735432228958470713e-01 8.799485827696783558e-01 8.859876290731617532e-01 8.918209396309739745e-01 8.972448249907514217e-01 9.025170201755942090e-01 9.073712099565452993e-01 9.121069629619834584e-01 9.164454563405183274e-01 9.206708787202677602e-01 9.245587545127785800e-01 9.283069814700557476e-01 9.318076327649303936e-01 9.351147315729011478e-01 9.382875309146279097e-01 9.411919456402224604e-01 9.440304605855182052e-01 9.466295148365758694e-01 9.491129278779955047e-01 9.515092019038462468e-01 9.536742403267247647e-01 9.557921205530693909e-01 9.577845223984424727e-01 9.596257449353392532e-01 9.614278948872744257e-01 9.630996882651124968e-01 9.646629400149556721e-01 9.661939063159473706e-01 9.676143052567258707e-01 9.689398534975525168e-01 9.702387780851146060e-01 9.714636193085939286e-01 9.725865677363402240e-01 9.736875921761192210e-01 9.747608507765144203e-01 9.757116162585098840e-01 9.766443432759467358e-01 9.775595542227976109e-01 9.784045805400223283e-01 9.791944260714033899e-01 9.799698587941173544e-01 9.807312853460059543e-01 9.814074807715434945e-01 9.820643814336156296e-01 9.827097512358267117e-01 9.833400053751020220e-01 9.838964982668999548e-01 9.844434961952542862e-01 9.849812537938679169e-01 9.855091588875017905e-01 9.859728450365159436e-01 9.864289144202447179e-01 9.868775650762091622e-01 9.873189883291076940e-01 9.877169389634500307e-01 9.880976983515393774e-01 9.884724894504106629e-01 9.888414613909001227e-01 9.891925132093182249e-01 9.895108252430145912e-01 9.898243256903013210e-01 9.901331310346256354e-01 9.904373540015923849e-01 9.907164884136137051e-01 9.909790672246119314e-01 9.912378497640521591e-01 9.914929243501248157e-01 9.917443765491873453e-01 9.919729918510966638e-01 9.921901313609629014e-01 9.924042641545359755e-01 9.926154574876059344e-01 9.928237765900046474e-01 9.930171678240242716e-01 9.931971505700822878e-01 9.933747431277066831e-01 9.935499969429076872e-01 9.937229619602833131e-01 9.938918923778639058e-01 9.940414100375963846e-01 9.941890208358539205e-01 9.943347642902155004e-01 9.944786788076778183e-01 9.946208017236437549e-01 9.947550523625269259e-01 9.948779951011905709e-01 9.949994418989384082e-01 9.951194224154105150e-01 9.952379655094854005e-01 9.953550992659472296e-01
7.942180983729514310e-01 8.032012669541149785e-01 8.119737149546046862e-01 8.205911675586038401e-01 8.289822388549730192e-01 8.371180466539329679e-01 8.450015018365749642e-01 8.525772874050367989e-01 8.598842769920773677e-01 8.668677100713386707e-01 8.735435892510132749e-01 8.799491614051817567e-01 8.859878513724148696e-01 8.918206588818609060e-01 8.972445419200804073e-01 9.025167645064413602e-01 9.073711313805630230e-01 9.121070600693204078e-01 9.164455900575838587e-01 9.206710441976933001e-01 9.245589122390115433e-01 9.283071235189340742e-01 9.318077538307807384e-01 9.351148280319802053e-01 9.382876085837439373e-01 9.411920234849473488e-01 9.440305385944739447e-01 9.466296039889473546e-01 9.491130316285203428e-01 9.515093076440123143e-01 9.536742788933092463e-01 9.557920929493033402e-01 9.577844676955467040e-01 9.596257155171918907e-01 9.614278903590945946e-01 9.630996960879737445e-01 9.646629502843836468e-01 9.661939189905734970e-01 9.676143172667159842e-01 9.689398623217324591e-01 9.702387837724356645e-01 9.714636287763742661e-01 9.725865920087828354e-01 9.736876310129478629e-01 9.747609028924143493e-01 9.757116649036212674e-01 9.766443885045433815e-01 9.775595960878958879e-01 9.784046141532029006e-01 9.791944478786605011e-01 9.799698689816154218e-01 9.807312840954093280e-01 9.814074822039187129e-01 9.820643869295724304e-01 9.827097607311952032e-01 9.833400183261222782e-01 9.838965068532640190e-01 9.844435004834336533e-01 9.849812538487410229e-01 9.855091547909409222e-01 9.859728380499105382e-01 9.864289045865087813e-01 9.868775524372436214e-01 9.873189729258319280e-01 9.877169242086135670e-01 9.880976852443853486e-01 9.884724779665630123e-01 9.888414515065604427e-01 9.891925049402640058e-01 9.895108186531713645e-01 9.898243207555376122e-01 9.901331277313690782e-01 9.904373523068107366e-01 9.907164876198447656e-01 9.909790669042134459e-01 9.912378499102825202e-01 9.914929249563971814e-01 9.917443776090650864e-01 9.919729923438450614e-01 9.921901308583506163e-01 9.924042626694939973e-01 9.926154550327916937e-01 9.928237731778102315e-01 9.930171642307142887e-01 9.931971474802662181e-01 9.933747405348039017e-01 9.935499948404775683e-01 9.937229603420209001e-01 9.938918911994777394e-01 9.940414089271412124e-01 9.941890197923648476e-01 9.943347633127500584e-01 9.944786778953139672e-01 9.946208008754802155e-01 9.947550513477001477e-01 9.948779935582491296e-01 9.949994398340168411e-01 9.951194198345272302e-01 9.952379624185444529e-01 9.953550956707416519e-01
7.942169776136419612e-01 8.032015958333992289e-01 8.119744227947335302e-01 8.205901617177211449e-01 8.289825878911843970e-01 8.371193944966552891e-01 8.450016138507772112e-01 8.525775262982113745e-01 8.598848052569246780e-01 8.668680920571355530e-01 8.735436684403994345e-01 8.799488116876463817e-01 8.859875386735132086e-01 8.918205043349477501e-01 8.972445556946800904e-01 9.025169446699881082e-01 9.073711850093553188e-01 9.121069881513250710e-01 9.164455621822901188e-01 9.206710654239066427e-01 9.245589050105362805e-01 9.283070724202695523e-01 9.318076944827194952e-01 9.351147853671286647e-01 9.382875671834373099e-01 9.411919317538837149e-01 9.440303972057821902e-01 9.466294782218617199e-01 9.491129425457798252e-01 9.515092489729152225e-01 9.536742181336620439e-01 9.557920301295670384e-01 9.577844091307863295e-01 9.596256697186624773e-01 9.614278571260508333e-01 9.630996670682991923e-01 9.646629188945184952e-01 9.661938852655499455e-01 9.676142828768042881e-01 9.689398286413977157e-01 9.702387507883070139e-01 9.714635956248000026e-01 9.725865573177212564e-01 9.736875948054705132e-01 9.747608655227798513e-01 9.757116316082918850e-01 9.766443592165089393e-01 9.775595707418077707e-01 9.784045927362110540e-01 9.791944303648358883e-01 9.799698553078264318e-01 9.807312742000973138e-01 9.814074702024575547e-01 9.820643722593411784e-01 9.827097434327985992e-01 9.833399988718323215e-01 9.838964922581633354e-01 9.844434906719173872e-01 9.849812487470597233e-01 9.855091542870704213e-01 9.859728394814036845e-01 9.864289079235970537e-01 9.868775576508871383e-01 9.873189799876953554e-01 9.877169298388405183e-01 9.880976884903088786e-01 9.884724788623329150e-01 9.888414500855429168e-01 9.891925023448152610e-01 9.895108173826804299e-01 9.898243207908244967e-01 9.901331290536998786e-01 9.904373548978859798e-01 9.907164903632148523e-01 9.909790691319234623e-01 9.912378516290644148e-01 9.914929261728404608e-01 9.917443783296202575e-01 9.919729927306754069e-01 9.921901309825460480e-01 9.924042625342718305e-01 9.926154546413042956e-01 9.928237725331484631e-01 9.930171638510832954e-01 9.931971478221708338e-01 9.933747415888514176e-01 9.935499965974748937e-01 9.937229627929676790e-01 9.938918941912774363e-01 9.940414110661947023e-01 9.941890210890143020e-01 9.943347637771330350e-01 9.944786775373675169e-01 9.946207997049477667e-01 9.947550498128677754e-01 9.948779923564294858e-01 9.949994389611613865e-01 9.951194192866669175e-01 9.952379621917888386e-01 9.953550957612761207e-01
7.942183085075656956e-01 8.032004930541210008e-01 8.119739334858959712e-01 8.205900768749303520e-01 8.289824803523625496e-01 8.371194558980935563e-01 8.450024267394109501e-01 8.525777038703530319e-01 8.598842295646274003e-01 8.668673671294365723e-01 8.735432323612939420e-01 8.799490181784068721e-01 8.859878684667426008e-01 8.918208218197430925e-01 8.972446670328194651e-01 9.025168412151365338e-01 9.073711298307886031e-01 9.121069808600351658e-01 9.164455638796802361e-01 9.206710747609498924e-01 9.245588874688741576e-01 9.283070212618372841e-01 9.318076421590143488e-01 9.351147545608872180e-01 9.382875666657848335e-01 9.411919917986386608e-01 9.440305169910049310e-01 9.466295471768964020e-01 9.491129252254871806e-01 9.515091671231444836e-01 9.536741871463459974e-01 9.557920492374135657e-01 9.577844402693500570e-01 9.596256617848504256e-01 9.614278107220095571e-01 9.630996141722483195e-01 9.646628846778956268e-01 9.661938694295590935e-01 9.676142821926073667e-01 9.689398404113793717e-01 9.702387748099272624e-01 9.714636227157152915e-01 9.725865729253909686e-01 9.736875991125093499e-01 9.747608589721723504e-01 9.757116185358084559e-01 9.766443397252965175e-01 9.775595449325843456e-01 9.784045721830758602e-01 9.791944235408096553e-01 9.799698619936374477e-01 9.807312941818554508e-01 9.814074867277650105e-01 9.820643836921387759e-01 9.827097498512290530e-01 9.833400004389543092e-01 9.838964904484415186e-01 9.844434855363642933e-01 9.849812403354754053e-01 9.855091427384761182e-01 9.859728306904659290e-01 9.864289018480738580e-01 9.868775542495661357e-01 9.873189792203607151e-01 9.877169296316874458e-01 9.880976882257345162e-01 9.884724785405698544e-01 9.888414497068319653e-01 9.891925014510966063e-01 9.895108149552971355e-01 9.898243168510210133e-01 9.901331236222468135e-01 9.904373479950927539e-01 9.907164835395587676e-01 9.909790633131773108e-01 9.912378468011086019e-01 9.914929223218755805e-01 9.917443754421585433e-01 9.919729902976888170e-01 9.921901287847904038e-01 9.924042605683459639e-01 9.926154529038865304e-01 9.928237710209926181e-01 9.930171622903221085e-01 9.931971459714206141e-01 9.933747394515759499e-01 9.935499941770702392e-01 9.937229600927641737e-01 9.938918912378513770e-01 9.940414080865228597e-01 9.941890180832370083e-01 9.943347607453909553e-01 9.944786744798023159e-01 9.946207966217002205e-01 9.947550468596438877e-01 9.948779897772970227e-01 9.949994367515647697e-01 9.951194174421409411e-01 9.952379607079563373e-01 9.953550946338450833e-01
7.942174280170399836e-01 8.032009285157420964e-01 8.119741060629653839e-01 8.205903664083559201e-01 8.289824840157876684e-01 8.371190530129802854e-01 8.450015907220784772e-01 8.525775792888425908e-01 8.598848249987603998e-01 8.668678838476419068e-01 8.735435388051980832e-01 8.799490082869826368e-01 8.859877598015502009e-01 8.918206713449261525e-01 8.972447589524441547e-01 9.025171875805829691e-01 9.073711696473834021e-01 9.121067165493709217e-01 9.164454944691150517e-01 9.206712145489012178e-01 9.245590226446276372e-01 9.283071086722290977e-01 9.318077219953267987e-01 9.351148549431858026e-01 9.382876537519418969e-01 9.411919519080548246e-01 9.440303518206779598e-01 9.466294271370209179e-01 9.491129052577238490e-01 9.515092237200691860e-01 9.536741960646278882e-01 9.557920111866259338e-01 9.577843891295568790e-01 9.596256430333520715e-01 9.614278238521520858e-01 9.630996335718631229e-01 9.646628901819307433e-01 9.661938612542426696e-01 9.676142632436588453e-01 9.689398131076091270e-01 9.702387392823282886e-01 9.714635877038277911e-01 9.725865523167789295e-01 9.736875926726982211e-01 9.747608654648550752e-01 9.757116218977569533e-01 9.766443400047125634e-01 9.775595421765778115e-01 9.784045673947863175e-01 9.791944174645988985e-01 9.799698546482377148e-01 9.807312855855940814e-01 9.814074786812463369e-01 9.820643763673233551e-01 9.827097432355145212e-01 9.833399946785550405e-01 9.838964880867168139e-01 9.844434865198605777e-01 9.849812446120665976e-01 9.855091501771686691e-01 9.859728360572290740e-01 9.864289051731512936e-01 9.868775555625003415e-01 9.873189785500144922e-01 9.877169287177481882e-01 9.880976875831309902e-01 9.884724781646496705e-01 9.888414495930670789e-01 9.891925015340617966e-01 9.895108150950536752e-01 9.898243170461938911e-01 9.901331238715056493e-01 9.904373482971490228e-01 9.907164832746180316e-01 9.909790621138616640e-01 9.912378446797515119e-01 9.914929192905468369e-01 9.917443715126711412e-01 9.919729867885636043e-01 9.921901262512187181e-01 9.924042589971009409e-01 9.926154522820316295e-01 9.928237713358734062e-01 9.930171626286997677e-01 9.931971455281332073e-01 9.933747382363121714e-01 9.935499921993217187e-01 9.937229573618321377e-01 9.938918878729875450e-01 9.940414051538759566e-01 9.941890155772716842e-01 9.943347586606862132e-01 9.944786728110489582e-01 9.946207953636980736e-01 9.947550457248782729e-01 9.948779883179583727e-01 9.949994349713182640e-01 9.951194153445835910e-01 9.952379582966185412e-01 9.953550919121929574e-01
7.942174812581881405e-01 8.032008610555035899e-01 8.119741047664525979e-01 8.205904022375194451e-01 8.289824524681004281e-01 8.371189764721945759e-01 8.450015649155518949e-01 8.525775379516207231e-01 8.598847698080668289e-01 8.668678684236001963e-01 8.735435422689471485e-01 8.799490137328200845e-01 8.859877559256376101e-01 8.918206552246568108e-01 8.972446968529369515e-01 9.025170785572214083e-01 9.073711570030120743e-01 9.121067995012686058e-01 9.164455213295477076e-01 9.206711809236797217e-01 9.245589810188959978e-01 9.283070697082241862e-01 9.318076735640552499e-01 9.351147886041756285e-01 9.382875859557235909e-01 9.411919377200752557e-01 9.440303905128806239e-01 9.466294604951500657e-01 9.491129144078328528e-01 9.515092128183549880e-01 9.536741866966967907e-01 9.557920033226801060e-01 9.577843813648388993e-01 9.596256334829267320e-01 9.614278125380794071e-01 9.630996242344022074e-01 9.646628857550824110e-01 9.661938616554816006e-01 9.676142659317750194e-01 9.689398159871507321e-01 9.702387423462277560e-01 9.714635909389358615e-01 9.725865557065042077e-01 9.736875962112323535e-01 9.747608691180751350e-01 9.757116252113574584e-01 9.766443429814132271e-01 9.775595448191197745e-01 9.784045694637079071e-01 9.791944187860944782e-01 9.799698552319835443e-01 9.807312854410953351e-01 9.814074772396972346e-01 9.820643735882584879e-01 9.827097391380352764e-01 9.833399893968121086e-01 9.838964835010661769e-01 9.844434826181460707e-01 9.849812413824646784e-01 9.855091475941232249e-01 9.859728332005731621e-01 9.864289020458413271e-01 9.868775521674508777e-01 9.873189748900981222e-01 9.877169253930111470e-01 9.880976847664176832e-01 9.884724758476731710e-01 9.888414477677548442e-01 9.891925001945350848e-01 9.895108142380654170e-01 9.898243166641814694e-01 9.901331239570942966e-01 9.904373488431467143e-01 9.907164838038415855e-01 9.909790623411139920e-01 9.912378446085935435e-01 9.914929189244723329e-01 9.917443708551082482e-01 9.919729858793756572e-01 9.921901251089572105e-01 9.924042576243965463e-01 9.926154506814675038e-01 9.928237695099861870e-01 9.930171608927218507e-01 9.931971441598560491e-01 9.933747372306985790e-01 9.935499915514459657e-01 9.937229570668761891e-01 9.938918878834924753e-01 9.940414050549295499e-01 9.941890153699446397e-01 9.943347583460329098e-01 9.944786723901074543e-01 9.946207948374905516e-01 9.947550451484041822e-01 9.948779877768884061e-01 9.949994344650218148e-01 9.951194148724461508e-01 9.952379578580408115e-01 9.953550915065906279e-01
7.942176581579387662e-01 8.032007453710212630e-01 8.119740935967951767e-01 8.205903925104818253e-01 8.289824109030572430e-01 8.371189488075722052e-01 8.450016554432584481e-01 8.525775139468119157e-01 8.598846301798848124e-01 8.668677778204199047e-01 8.735434998351832014e-01 8.799490187083919279e-01 8.859877627189329807e-01 8.918206519495391893e-01 8.972446168096177566e-01 9.025169194850650722e-01 9.073711403779129991e-01 9.121069241732651101e-01 9.164455579978365574e-01 9.206711229824571241e-01 9.245589168072951836e-01 9.283070171142943083e-01 9.318076128104746392e-01 9.351147058991914340e-01 9.382875032593999132e-01 9.411919285901592103e-01 9.440304539528169281e-01 9.466295123370952469e-01 9.491129274032220620e-01 9.515091945503959536e-01 9.536741768673208108e-01 9.557920017980517935e-01 9.577843817585202091e-01 9.596256272230643258e-01 9.614277997218036997e-01 9.630996123852049173e-01 9.646628807857574595e-01 9.661938634520021996e-01 9.676142714278049839e-01 9.689398226515666401e-01 9.702387501560079119e-01 9.714635988046149695e-01 9.725865619011070384e-01 9.736876007581199977e-01 9.747608721427504230e-01 9.757116283491710229e-01 9.766443462276168663e-01 9.775595481691728983e-01 9.784045724310088676e-01 9.791944210146242833e-01 9.799698567311315722e-01 9.807312862200908699e-01 9.814074766352272050e-01 9.820643715514680849e-01 9.827097356893831348e-01 9.833399846513430909e-01 9.838964790109618885e-01 9.844434783779358877e-01 9.849812373868508386e-01 9.855091438344818489e-01 9.859728294460682330e-01 9.864288982951584517e-01 9.868775484193381686e-01 9.873189711433622007e-01 9.877169220282977502e-01 9.880976818913597137e-01 9.884724734541889823e-01 9.888414458479737323e-01 9.891924987485561926e-01 9.895108132756914587e-01 9.898243161777844357e-01 9.901331239392371364e-01 9.904373492865770068e-01 9.907164843062521431e-01 9.909790626616182818e-01 9.912378447490711730e-01 9.914929188867734888e-01 9.917443706410552506e-01 9.919729853494251293e-01 9.921901242061288428e-01 9.924042563531357830e-01 9.926154490461338575e-01 9.928237675148551267e-01 9.930171589904301932e-01 9.931971427493293536e-01 9.933747363052941592e-01 9.935499911046662413e-01 9.937229570923640232e-01 9.938918883151015571e-01 9.940414053113530990e-01 9.941890154530431678e-01 9.943347582576352872e-01 9.944786721320110212e-01 9.946207944114617838e-01 9.947550446513687694e-01 9.948779873598292411e-01 9.949994341267675013e-01 9.951194146118520489e-01 9.952379576739879274e-01 9.953550913979848369e-01
7.942176532443611103e-01 8.032009443939874815e-01 8.119742714222775160e-01 8.205902911613279782e-01 8.289823130457193434e-01 8.371189243159802285e-01 8.450016947599078287e-01 8.525775481306533399e-01 8.598846376191361385e-01 8.668677353432487909e-01 8.735434483160702257e-01 8.799489911947698806e-01 8.859877112655891729e-01 8.918205641545062790e-01 8.972445956958168267e-01 9.025169701002458966e-01 9.073711689606005493e-01 9.121069308707929757e-01 9.164455412244174592e-01 9.206710828848865269e-01 9.245588967971406502e-01 9.283070257658414537e-01 9.318076320504410370e-01 9.351147230468742633e-01 9.382875169072638633e-01 9.411919339648756599e-01 9.440304511510402286e-01 9.466295127094934703e-01 9.491129345998178257e-01 9.515092079770792743e-01 9.536741937186959950e-01 9.557920220120829091e-01 9.577844021779713390e-01 9.596256436095152997e-01 9.614278121289971946e-01 9.630996213940042905e-01 9.646628868637782128e-01 9.661938666385023744e-01 9.676142720315227264e-01 9.689398209331052669e-01 9.702387461467105734e-01 9.714635940964073679e-01 9.725865590195694743e-01 9.736875996689509094e-01 9.747608727422587549e-01 9.757116294986408755e-01 9.766443479141224682e-01 9.775595503802309016e-01 9.784045739480472514e-01 9.791944209454873649e-01 9.799698550977335998e-01 9.807312830439086637e-01 9.814074743006132584e-01 9.820643702837859035e-01 9.827097354694098730e-01 9.833399853899746912e-01 9.838964795544952180e-01 9.844434787272069443e-01 9.849812375427315914e-01 9.855091438028278361e-01 9.859728295480799654e-01 9.864288985270852628e-01 9.868775487775621746e-01 9.873189716243923053e-01 9.877169224271075132e-01 9.880976821474012350e-01 9.884724735681831298e-01 9.888414458206556956e-01 9.891924985459277231e-01 9.895108128213405685e-01 9.898243154741851457e-01 9.901331229888312713e-01 9.904373480917741945e-01 9.907164830973251846e-01 9.909790615759259680e-01 9.912378437840734247e-01 9.914929180400043895e-01 9.917443699101200494e-01 9.919729847250197130e-01 9.921901236831394133e-01 9.924042559295523924e-01 9.926154487200031795e-01 9.928237672842780137e-01 9.930171587705858283e-01 9.931971424654182368e-01 9.933747359576049485e-01 9.935499906934917025e-01 9.937229566180002527e-01 9.938918877838511801e-01 9.940414047811734211e-01 9.941890149235054208e-01 9.943347577283262462e-01 9.944786716025332263e-01 9.946207938814324301e-01 9.947550441105099672e-01 9.948779867922751263e-01 9.949994335325134109e-01 9.951194139908987601e-01 9.952379570263414355e-01 9.953550907236559109e-01
7.942176483307836765e-01 8.032011434170029940e-01 8.119744492477988240e-01 8.205901898121866767e-01 8.289822151883928791e-01 8.371188998243889179e-01 8.450017340765589857e-01 8.525775823144962073e-01 8.598846450583875756e-01 8.668676928660798975e-01 8.735433967969603586e-01 8.799489636811487214e-01 8.859876598122483626e-01 8.918204763594819173e-01 8.972445745820162299e-01 9.025170207154296076e-01 9.073711975432889876e-01 9.121069375683208413e-01 9.164455244509986942e-01 9.206710427873175950e-01 9.245588767869865610e-01 9.283070344173888211e-01 9.318076512904078790e-01 9.351147401945573145e-01 9.382875305551280354e-01 9.411919393395922206e-01 9.440304483492634180e-01 9.466295130818916936e-01 9.491129417964137005e-01 9.515092214037628171e-01 9.536742105700714012e-01 9.557920422261144688e-01 9.577844225974229131e-01 9.596256599959666067e-01 9.614278245361909114e-01 9.630996304028037747e-01 9.646628929417989662e-01 9.661938698250024382e-01 9.676142726352405798e-01 9.689398192146440048e-01 9.702387421374132348e-01 9.714635893881998774e-01 9.725865561380319102e-01 9.736875985797818212e-01 9.747608733417669757e-01 9.757116306481106172e-01 9.766443496006280700e-01 9.775595525912887940e-01 9.784045754650856352e-01 9.791944208763504465e-01 9.799698534643356274e-01 9.807312798677265686e-01 9.814074719659993118e-01 9.820643690161038331e-01 9.827097352494365001e-01 9.833399861286061805e-01 9.838964800980286585e-01 9.844434790764778898e-01 9.849812376986124551e-01 9.855091437711739344e-01 9.859728296500916978e-01 9.864288987590121849e-01 9.868775491357861807e-01 9.873189721054225210e-01 9.877169228259173872e-01 9.880976824034427564e-01 9.884724736821771662e-01 9.888414457933376589e-01 9.891924983432993645e-01 9.895108123669895672e-01 9.898243147705857448e-01 9.901331220384254062e-01 9.904373468969712713e-01 9.907164818883982260e-01 9.909790604902336542e-01 9.912378428190755653e-01 9.914929171932352903e-01 9.917443691791849592e-01 9.919729841006142967e-01 9.921901231601498727e-01 9.924042555059691129e-01 9.926154483938726125e-01 9.928237670537009008e-01 9.930171585507414633e-01 9.931971421815071199e-01 9.933747356099158488e-01 9.935499902823172746e-01 9.937229561436365932e-01 9.938918872526009141e-01 9.940414042509938541e-01 9.941890143939676738e-01 9.943347571990172051e-01 9.944786710730555424e-01 9.946207933514031874e-01 9.947550435696511650e-01 9.948779862247210115e-01 9.949994329382593206e-01 9.951194133699454714e-01 9.952379563786949435e-01 9.953550900493270959e-01
7.942174942016082539e-01 8.032012133711479152e-01 8.119744754243152229e-01 8.205902720539807182e-01 8.289822348495665683e-01 8.371188877048867383e-01 8.450018091709423640e-01 8.525776580745100253e-01 8.598846985171866297e-01 8.668677090564463894e-01 8.735433735372611919e-01 8.799488992548459843e-01 8.859876234393635475e-01 8.918204859247726990e-01 8.972445726800609700e-01 9.025170042456990283e-01 9.073712014514736524e-01 9.121069616579980943e-01 9.164455339099776277e-01 9.206710365972966548e-01 9.245588775308138940e-01 9.283070465727538689e-01 9.318076637645358318e-01 9.351147452268224747e-01 9.382875294482146966e-01 9.411919363339920075e-01 9.440304434507508224e-01 9.466295072062256288e-01 9.491129352395606400e-01 9.515092143217811493e-01 9.536742038627452622e-01 9.557920358734592892e-01 9.577844177399160719e-01 9.596256581801207997e-01 9.614278257027769614e-01 9.630996304934604790e-01 9.646628887671228059e-01 9.661938614425561456e-01 9.676142629401456308e-01 9.689398105891788848e-01 9.702387345561390708e-01 9.714635824702441136e-01 9.725865492903044141e-01 9.736875917942332537e-01 9.747608667468197208e-01 9.757116263754379570e-01 9.766443476070915120e-01 9.775595528349738661e-01 9.784045762826253378e-01 9.791944210436046570e-01 9.799698529869957930e-01 9.807312787514828045e-01 9.814074711911576765e-01 9.820643686729496613e-01 9.827097353275383584e-01 9.833399865789904659e-01 9.838964802838213730e-01 9.844434789986656886e-01 9.849812373582386149e-01 9.855091431712246219e-01 9.859728289141274082e-01 9.864288978865994872e-01 9.868775481265631422e-01 9.873189709590942664e-01 9.877169219789138088e-01 9.880976819800184607e-01 9.884724736742436235e-01 9.888414461930392640e-01 9.891924988631077831e-01 9.895108123772581310e-01 9.898243142769759251e-01 9.901331210465035282e-01 9.904373454122102904e-01 9.907164802947069360e-01 9.909790590171478897e-01 9.912378414637270652e-01 9.914929159528445002e-01 9.917443680510574788e-01 9.919729831374283213e-01 9.921901223824509675e-01 9.924042549103515576e-01 9.926154479770223915e-01 9.928237668123928161e-01 9.930171583825198045e-01 9.931971419959402247e-01 9.933747354064715873e-01 9.935499900604886081e-01 9.937229559029406856e-01 9.938918869910046139e-01 9.940414039529981149e-01 9.941890140594271674e-01 9.943347568278001480e-01 9.944786706650426966e-01 9.946207929064876385e-01 9.947550431255897108e-01 9.948779858408175469e-01 9.949994326133475564e-01 9.951194131028892054e-01 9.952379561683872833e-01 9.953550898946893488e-01
