1.000000000000000000e+00 9.895111749581478877e-01 9.786782792131799580e-01 9.672421158818820253e-01 9.553132631769426508e-01 9.431566515050100463e-01 9.307142904644245540e-01 9.179210477846798666e-01 9.051328838880209338e-01 8.921210956397498393e-01 8.790899073860906077e-01 8.661080480495317868e-01 8.530400788150325209e-01 8.401861388183943236e-01 8.272501877152946825e-01 8.146061044956960373e-01 8.019345462863443075e-01 7.895733557159544391e-01 7.772569703868611457e-01 7.652329759456234504e-01 7.533349954582373442e-01 7.416917178658044563e-01 7.302455616310139508e-01 7.190152022961572298e-01 7.080315011479779708e-01 6.972363371393741627e-01 6.866952340687605405e-01 6.763618754480943407e-01 6.662553510375344157e-01 6.563785844135970882e-01 6.467129265193198862e-01 6.372655432542876364e-01 6.280344630051890586e-01 6.190146854135534227e-01 6.101929579280314098e-01 6.015817672975543040e-01 5.931708923012813939e-01 5.849393140872809482e-01 5.769089359926398153e-01 5.690692074916225973e-01 5.613915745771878019e-01 5.538950672154248078e-01 5.465890638998964768e-01 5.394294996524968688e-01 5.324162143167727734e-01 5.256075614402879737e-01 5.189311745648852447e-01 5.123831374646072856e-01 5.060036029238419442e-01 4.997768966864640783e-01 4.936662133782575013e-01 4.876682164378525197e-01 4.818518544414400750e-01 4.761479195128699438e-01 4.705459679478953272e-01 4.650478525129969065e-01 4.597217637296316939e-01 4.544880373274826635e-01 4.493441605442428655e-01 4.442889234570044366e-01 4.393972609598792989e-01 4.345870975008743753e-01 4.298562877812599492e-01 4.252027601593521000e-01 4.206844495104662407e-01 4.162564496206909714e-01 4.118987102922095911e-01 4.076094573946643096e-01 4.034101898652311946e-01 3.993275910270372986e-01 3.953073594122871182e-01 3.913479715540323367e-01 3.874479535653425621e-01 3.836505924993454109e-01 3.799362119960768003e-01 3.762760195707331445e-01 3.726687449405653996e-01 3.691131576926117153e-01 3.656556803719336335e-01 3.622673092371501702e-01 3.589262181387137263e-01 3.556313426814475820e-01 3.523816507280877475e-01 3.492099943841918686e-01 3.461113188564688969e-01 3.430540616702402734e-01 3.400373265289030611e-01 3.370602434241530831e-01 3.341276235885734525e-01 3.312872640537793401e-01 3.284833260331068705e-01 3.257150513350298704e-01 3.229817031645645931e-01 3.202825653690548058e-01 3.176386212317586222e-01 3.150614897496727407e-01 3.125158569819697085e-01 3.100010961071687499e-01 3.075165972839873918e-01 3.050617670839007034e-01
1.000000000000000000e+00 9.889358527508794738e-01 9.775700418394785984e-01 9.656589221617566388e-01 9.533080620536730221e-01 9.407675159044887048e-01 9.279831413872626777e-01 9.148948490128298028e-01 9.018367488958893841e-01 8.885948864339696662e-01 8.753609542362305040e-01 8.621987343113930446e-01 8.489827136205391200e-01 8.359915452461892382e-01 8.229510504575863195e-01 8.102068069794113869e-01 7.974643983738666231e-01 7.850340927723944429e-01 7.726727583642406527e-01 7.606056386670144720e-01 7.486819851559967098e-01 7.370169812598257320e-01 7.255593487482687731e-01 7.143246244209932039e-01 7.033397961036047530e-01 6.925541030613120430e-01 6.820222480682329724e-01 6.717063580147706325e-01 6.616196651643840854e-01 6.517636583429746722e-01 6.421259781220470808e-01 6.327059407313569972e-01 6.235046625516121876e-01 6.145181998974886817e-01 6.057290558488050980e-01 5.971529024094391902e-01 5.887788294798479427e-01 5.805832688187892998e-01 5.725905611934207773e-01 5.647897265397799904e-01 5.571501833016319072e-01 5.496922799878586341e-01 5.424261830169087029e-01 5.353057252491404405e-01 5.283309215709316442e-01 5.215623653580010455e-01 5.149252962257776511e-01 5.084158210110404363e-01 5.020751655275385028e-01 4.958873889625616815e-01 4.898149099491711511e-01 4.838544127861638122e-01 4.780760402593423053e-01 4.724095283090442576e-01 4.668443306221501388e-01 4.613823693421774674e-01 4.560926192887477804e-01 4.508946014511080458e-01 4.457858202108404000e-01 4.407650904429926686e-01 4.359078883200346866e-01 4.311316111000190743e-01 4.264341285971225970e-01 4.218133837636802164e-01 4.173275500282501715e-01 4.129315738584811157e-01 4.086053501209609973e-01 4.043471175159188968e-01 4.001784198198400366e-01 3.961259919492023385e-01 3.921354704014828885e-01 3.882053429682830181e-01 3.843341466548222951e-01 3.805651593445598668e-01 3.768787229465193622e-01 3.732460669591182723e-01 3.696659306561575487e-01 3.661370928812799352e-01 3.627058949993874903e-01 3.593433946853265004e-01 3.560278134174557074e-01 3.527580949273898536e-01 3.495332149583638137e-01 3.463859297584003238e-01 3.433112044343424873e-01 3.402775773234119616e-01 3.372841590565913705e-01 3.343300863499767961e-01 3.314201544195629623e-01 3.286019728409604879e-01 3.258199283928703838e-01 3.230732688037999956e-01 3.203612630317336230e-01 3.176832005158060634e-01 3.150599669508718503e-01 3.125031281871526456e-01 3.099775401131589780e-01 3.074825808430632357e-01 3.050176453375320618e-01 3.025821448407549075e-01
1.000000000000000000e+00 9.882923523845658087e-01 9.763302834033024125e-01 9.638874961341670211e-01 9.510640300727142282e-01 9.380933706781511283e-01 9.249256735037174604e-01 9.115064928558203050e-01 8.981455717376853887e-01 8.846454326637718246e-01 8.711837900451567807e-01 8.578188980184753287e-01 8.444363383703861192e-01 8.312907525069633818e-01 8.181324559146819775e-01 8.052753372332571713e-01 7.924529421590079670e-01 7.799446092278379261e-01 7.675323045951343293e-01 7.554162718988153280e-01 7.434632288844935655e-01 7.317732635407204755e-01 7.203021764018011641e-01 7.090619846940616755e-01 6.980753431771621331e-01 6.872997671779892404e-01 6.767777911355734588e-01 6.664810395215456928e-01 6.564161551103597780e-01 6.465830106475325412e-01 6.369763135955237576e-01 6.275865597044980593e-01 6.184183477299358689e-01 6.094689253573196686e-01 6.007160082921184641e-01 5.921788777427883232e-01 5.838458424604315855e-01 5.756904446429971234e-01 5.677397736507436843e-01 5.599823646924335652e-01 5.523853492782329067e-01 5.449705617061127993e-01 5.377490561659181711e-01 5.306722960585547044e-01 5.237404942074627145e-01 5.170167812087140824e-01 5.104236841638293276e-01 5.039573357024204059e-01 4.976601855692843746e-01 4.915159882967847227e-01 4.854862765620804321e-01 4.795677580155846553e-01 4.738319368355949357e-01 4.682073441418482251e-01 4.626833162208278671e-01 4.572618542894174021e-01 4.520128322549343824e-01 4.468548361545030545e-01 4.417853895843630863e-01 4.368033354950844882e-01 4.319847746772347286e-01 4.272464949699597558e-01 4.225863831339182197e-01 4.180023984860855024e-01 4.135529958098326242e-01 4.091929464441073083e-01 4.049020794504590848e-01 4.006786479235018295e-01 3.965442501858825741e-01 3.925256842144200786e-01 3.885685072817454677e-01 3.846712198153056095e-01 3.808323710449426636e-01 3.770952358131919313e-01 3.734401735662487565e-01 3.698384340229831646e-01 3.662887671867762762e-01 3.627899622940872204e-01 3.593882760025075007e-01 3.560548311766505436e-01 3.527678999694741635e-01 3.495264352397786656e-01 3.463294215813737531e-01 3.432095113000317443e-01 3.401616914042513429e-01 3.371546100925673084e-01 3.341873857783413393e-01 3.312591627317926779e-01 3.283747185975613436e-01 3.255814559883678516e-01 3.228240109786826295e-01 3.201016379487114927e-01 3.174136123204230331e-01 3.147592298158395363e-01 3.121592681221198040e-01 3.096252343053990108e-01 3.071221724484869964e-01 3.046494662122377628e-01 3.022065159537440926e-01 2.997927381683868631e-01
1.000000000000000000e+00 9.875865116865092386e-01 9.749702390247321215e-01 9.619438530806846410e-01 9.486013389192202716e-01 9.351581042712981962e-01 9.215690079558985781e-01 9.077858099013518256e-01 8.940916214642656845e-01 8.803070052157779823e-01 8.665944002318138883e-01 8.530060058850753579e-01 8.394396231276866072e-01 8.261235421732230355e-01 8.128348964100926555e-01 7.998528573280060394e-01 7.869415822294312246e-01 7.743465462471852412e-01 7.618773931355062867e-01 7.497067962589241130e-01 7.377207437048444172e-01 7.260026684176852374e-01 7.145161161027357988e-01 7.032692411388152820e-01 6.922799457442556648e-01 6.815148338941277029e-01 6.710030757411236113e-01 6.607267831626387755e-01 6.506853218381776216e-01 6.408767830481764127e-01 6.313036939562454153e-01 6.219467890833179080e-01 6.128145104709129543e-01 6.039054203853915226e-01 5.951919500270999031e-01 5.866973704995499528e-01 5.784091265052329067e-01 5.702975651562084414e-01 5.623928328437848290e-01 5.546829250032428993e-01 5.471324285724632475e-01 5.397648357439608358e-01 5.325921910868799403e-01 5.255633125178773568e-01 5.186786330864141537e-01 5.120041125632029955e-01 5.054592523785099711e-01 4.990402134563528547e-01 4.927908083163985431e-01 4.866944517696351058e-01 4.807116893439394856e-01 4.748392543247731412e-01 4.691501802530235743e-01 4.635716436926640149e-01 4.580928484498980047e-01 4.527158843829341972e-01 4.475116398702244647e-01 4.423976447860293870e-01 4.373714438517036784e-01 4.324319112469153792e-01 4.276558575232534132e-01 4.229593767112231895e-01 4.183403742133267045e-01 4.137968273483332293e-01 4.093875150637429350e-01 4.050670055370377831e-01 4.008150509935004546e-01 3.966299203697116194e-01 3.925332777246673399e-01 3.885519974020335554e-01 3.846315365320926438e-01 3.807704094557269880e-01 3.769671788634145204e-01 3.732651259200996385e-01 3.696446254252588881e-01 3.660769434244838250e-01 3.625608417408482387e-01 3.590951210595259568e-01 3.557259525208559259e-01 3.524245262426200509e-01 3.491691668104921487e-01 3.459588371412357644e-01 3.427925315818048935e-01 3.397027924557247669e-01 3.366846303566045084e-01 3.337068104234056087e-01 3.307684596479837369e-01 3.278687306274469249e-01 3.250123824351864865e-01 3.222465964053706777e-01 3.195162756484604683e-01 3.168206818790659240e-01 3.141590976465800100e-01 3.115308256007652821e-01 3.089565270194059021e-01 3.064476456733517540e-01 3.039694288650561793e-01 3.015212663730216791e-01 2.991025645062674876e-01 2.967127455519157908e-01
1.000000000000000000e+00 9.868307568987922940e-01 9.735137359401440094e-01 9.598618298264053328e-01 9.459626596330648063e-01 9.320123968898063049e-01 9.179709366386950009e-01 9.037966792258995685e-01 8.897443115267613667e-01 8.756536526593172720e-01 8.616708781170078213e-01 8.478417141332786899e-01 8.340770229565581673e-01 8.205769248738150612e-01 8.071472924069436061e-01 7.940301149444630724e-01 7.810223946044535515e-01 7.683332756533917118e-01 7.558020223617022415e-01 7.435718007755628411e-01 7.315492634926950011e-01 7.197999836662415385e-01 7.082958751108902051e-01 6.970409288709413786e-01 6.860479301800462837e-01 6.752932884780439293e-01 6.647917540745810205e-01 6.545367302615978655e-01 6.445197467641388123e-01 6.347369786230261379e-01 6.251993831939932633e-01 6.158771704600375374e-01 6.067829426066624343e-01 5.979166844642428424e-01 5.892451055848683117e-01 5.807958021439606489e-01 5.725552814794200307e-01 5.644904261390233380e-01 5.566346942390898445e-01 5.489754958585127964e-01 5.414746604185244339e-01 5.341574787444778316e-01 5.270370696623647433e-01 5.200593796836647797e-01 5.132250814228499491e-01 5.066032198788175123e-01 5.001099957182412181e-01 4.937416001533601606e-01 4.875433358048362198e-01 4.814982452466808338e-01 4.755657935705534523e-01 4.697427415323288113e-01 4.641038016809739819e-01 4.585746622642919990e-01 4.531443809754376328e-01 4.478151451520709370e-01 4.426589676112913097e-01 4.375922059502777572e-01 4.326124275673701725e-01 4.277185407130746353e-01 4.229881526818169979e-01 4.183365767391579726e-01 4.137617383146522387e-01 4.092616340665118368e-01 4.048954140542803115e-01 4.006174118070345291e-01 3.964072900692744428e-01 3.922633348084600402e-01 3.882072874706468113e-01 3.842661126986096631e-01 3.803851447158875798e-01 3.765629128290527983e-01 3.727979942072284225e-01 3.691336859648924884e-01 3.655503756724233222e-01 3.620193413191306053e-01 3.585393574466664290e-01 3.551092370595918535e-01 3.517750695385589710e-01 3.485081113676424813e-01 3.452867390904441058e-01 3.421099264511588411e-01 3.389766782960336733e-01 3.359194257615781831e-01 3.329332039612238336e-01 3.299868973999812716e-01 3.270796423084041948e-01 3.242106002513288066e-01 3.213845111921267428e-01 3.186483258111110772e-01 3.159472261400778637e-01 3.132804817950183285e-01 3.106473830037265738e-01 3.080472398792458710e-01 3.055005910828156312e-01 3.030188137804061821e-01 3.005673697410803369e-01 2.981456553356505168e-01 2.957530832868645598e-01 2.933890821229602208e-01
1.000000000000000000e+00 9.860416799477681460e-01 9.719927111913646556e-01 9.576869255846464091e-01 9.432054608679769636e-01 9.287245312208243231e-01 9.142092702820531214e-01 8.996250412508606242e-01 8.851969869976050731e-01 8.707849885675507107e-01 8.565183127623406945e-01 8.424359398563611157e-01 8.284623938383537389e-01 8.147684000728498965e-01 8.011898429636814534e-01 7.879298893140720406e-01 7.748198613848131799e-01 7.620309407082342945e-01 7.494333913994600804e-01 7.371394964106636749e-01 7.250775833352386401e-01 7.132944926452852163e-01 7.017709120932539291e-01 6.905064659700528296e-01 6.795085749469312875e-01 6.687639357400712026e-01 6.582721684419298169e-01 6.480385673240688371e-01 6.380464088313724247e-01 6.282898509413238353e-01 6.187887366898229269e-01 6.095021813112411202e-01 6.004471685425896155e-01 5.916251810844548320e-01 5.829969008363730110e-01 5.745944918324327189e-01 5.664034706334905023e-01 5.583870595770836776e-01 5.505822307195138432e-01 5.429757721702651585e-01 5.355265861138175376e-01 5.282618775875435047e-01 5.211959084140197485e-01 5.142715671778520514e-01 5.074897810302517742e-01 5.009228818207738243e-01 4.944835522957116147e-01 4.881680152803041794e-01 4.820231743108656652e-01 4.760316709358671239e-01 4.701518079539764305e-01 4.643803748352243743e-01 4.587938942716954238e-01 4.533164483194973005e-01 4.479369362494023954e-01 4.426576500805540215e-01 4.375518196834290441e-01 4.325345320766731394e-01 4.276033784113125180e-01 4.227573031513820467e-01 4.180747816273622797e-01 4.134702747024005531e-01 4.089417287982586302e-01 4.044871608446090061e-01 4.001661308567624475e-01 3.959327113797422304e-01 3.917664650067374521e-01 3.876656955676244243e-01 3.836522337972863017e-01 3.797531489641268188e-01 3.759136279433274996e-01 3.721322157476188996e-01 3.684075047411400350e-01 3.647828239089606628e-01 3.612385680326398174e-01 3.577460183446571906e-01 3.543039627427632676e-01 3.509112271684174389e-01 3.476138286129991650e-01 3.443830853760507793e-01 3.411974227063617748e-01 3.380558257242731179e-01 3.349573103074094949e-01 3.319341985379831161e-01 3.289815503549013420e-01 3.260683686528483838e-01 3.231937993734987913e-01 3.203570135079850112e-01 3.175627320979780843e-01 3.148576733939174588e-01 3.121873012692529259e-01 3.095508936486931484e-01 3.069477488342748916e-01 3.043771847870736513e-01 3.018596149177171784e-01 2.994063484448648560e-01 2.969830667664516977e-01 2.945891731877534059e-01 2.922240871781309757e-01 2.898872438308638944e-01
1.000000000000000000e+00 9.852375649426001747e-01 9.704423449479860908e-01 9.554694032929685887e-01 9.403933388048795194e-01 9.253702075542739047e-01 9.103704769482368064e-01 8.953666366512511576e-01 8.805538559221793848e-01 8.658123957277804594e-01 8.512543890044463879e-01 8.369119560601953056e-01 8.227235330198151564e-01 8.088299391914931524e-01 7.950976431505503150e-01 7.816902639269583952e-01 7.684741577853475558e-01 7.555817571187846138e-01 7.429149811223243471e-01 7.305545748712586329e-01 7.184510215934680755e-01 7.066320127558658459e-01 6.950872341251331799e-01 6.838118356568514411e-01 6.728077504678400267e-01 6.620722340086546698e-01 6.515893747761998256e-01 6.413766892251324681e-01 6.314089692323472391e-01 6.216783001982871815e-01 6.122136654932703870e-01 6.029627658786229638e-01 5.939471086808393308e-01 5.851697224965382027e-01 5.765850642129493053e-01 5.682300313001562575e-01 5.600891125805830262e-01 5.521217359696005689e-01 5.443685135808813413e-01 5.368155883333237677e-01 5.294188287268886128e-01 5.222074224269145359e-01 5.151968148454497687e-01 5.083267255632084591e-01 5.015983460908765013e-01 4.950874317694325399e-01 4.887029995707284913e-01 4.824413045210720896e-01 4.763509257966146437e-01 4.704140841436328380e-01 4.645878643742776259e-01 4.588690852484494931e-01 4.533361712080304917e-01 4.479115152422672996e-01 4.425838493089098158e-01 4.373555753126697754e-01 4.323012110662359797e-01 4.273344971166569972e-01 4.224530488955188234e-01 4.176558486413506910e-01 4.130223071223007025e-01 4.084659641620078663e-01 4.039847876627316037e-01 3.995768152971306830e-01 3.953020584162023621e-01 3.911142996783211756e-01 3.869929895353553806e-01 3.829364501114594921e-01 3.789666126373791299e-01 3.751106645836113085e-01 3.713136213741107250e-01 3.675740441183729112e-01 3.638905407534475112e-01 3.603064880148780236e-01 3.568022819014126101e-01 3.533491977052727329e-01 3.499460370206779469e-01 3.465916390556742499e-01 3.433319613963841666e-01 3.401383770601672518e-01 3.369893547935789990e-01 3.338838913896124971e-01 3.308210140447914727e-01 3.278329423171710832e-01 3.249147604876051476e-01 3.220355844487633457e-01 3.191945701116474243e-01 3.163908981443180890e-01 3.136292715290680544e-01 3.109561816433717985e-01 3.083173684082756716e-01 3.057121182819865224e-01 3.031397378592206038e-01 3.005995531614031324e-01 2.981118536147878140e-01 2.956878812925082811e-01 2.932935357223515060e-01 2.909282273345650816e-01 2.885913825304721181e-01 2.862824431487536736e-01
1.000000000000000000e+00 9.844285184141071676e-01 9.688820587096738102e-01 9.532369107925886542e-01 9.375612480890707090e-01 9.219910044464013632e-01 9.065019903865327855e-01 8.910738692691861917e-01 8.758718460682521911e-01 8.607966424494970514e-01 8.459432095377482641e-01 8.313367873656093421e-01 8.169298280289629677e-01 8.028331089873739224e-01 7.889438851549311904e-01 7.753859852106886885e-01 7.620610368256822698e-01 7.490624598428051728e-01 7.363241277705827592e-01 7.238949474745133283e-01 7.117477651854362541e-01 6.998909419784178354e-01 6.883232698943622108e-01 6.770353734053493611e-01 6.660236469522764491e-01 6.552960485752183928e-01 6.448209210982460693e-01 6.346281676741324373e-01 6.246839797946235340e-01 6.149783506818990997e-01 6.055495694218850922e-01 5.963337136119638560e-01 5.873569087164325353e-01 5.786237609163003004e-01 5.700823696786432304e-01 5.617744668740246583e-01 5.536834905843611709e-01 5.457649917838832687e-01 5.380633188747940832e-01 5.305639513922661976e-01 5.232196421958260624e-01 5.160616288147555908e-01 5.091065799641334433e-01 5.022909358254282752e-01 4.956161605449860841e-01 4.891615528974454508e-01 4.828323335618956436e-01 4.766247899506934615e-01 4.705892302792626936e-01 4.647074400783070547e-01 4.589352459913503268e-01 4.532694962769088787e-01 4.477905952346672436e-01 4.424191756126556463e-01 4.371437941942374894e-01 4.319669674748550792e-01 4.269645691437310431e-01 4.220489199506566869e-01 4.172176598434912953e-01 4.124698099367428150e-01 4.078857722668802199e-01 4.033781083890206620e-01 3.989448079156020510e-01 3.945839294840652323e-01 3.903559722161531464e-01 3.862144031204889361e-01 3.821385497193975356e-01 3.781267526431756343e-01 3.742010573159887388e-01 3.703887860815461286e-01 3.666347524743608366e-01 3.629375339021739810e-01 3.592957540698709096e-01 3.557528596639820684e-01 3.522892390763491255e-01 3.488761483197296842e-01 3.455124028680051085e-01 3.421968553732503415e-01 3.389754198788401118e-01 3.358195151095365594e-01 3.327076466477504879e-01 3.296388231226572429e-01 3.266120832082529124e-01 3.236595526012651658e-01 3.207763390472866405e-01 3.179316638854135513e-01 3.151246931411321728e-01 3.123546173003327597e-01 3.096261226993523574e-01 3.069854849491029380e-01 3.043787077236905225e-01 3.018050861438140720e-01 2.992639352222233873e-01 2.967545891625362198e-01 2.942972172759013572e-01 2.919029967324364705e-01 2.895380393059289181e-01 2.872017626628881604e-01 2.848936002448742566e-01 2.826130007413314438e-01
1.000000000000000000e+00 9.835990655234029267e-01 9.672818642128333533e-01 9.509462180277725718e-01 9.346539009044649848e-01 9.185204888731373085e-01 9.025272622087319174e-01 8.866612751076919929e-01 8.710572282277141420e-01 8.556367299853451236e-01 8.404772823777121316e-01 8.255970879739263912e-01 8.109629983333153103e-01 7.966550151199212060e-01 7.826019934329151440e-01 7.688869376947524703e-01 7.554477164787825050e-01 7.423376656103068960e-01 7.295234984842529080e-01 7.170213983756388298e-01 7.048272479953727743e-01 6.929294953400296775e-01 6.813363444641212796e-01 6.700337461686219909e-01 6.590123793622717496e-01 6.482912605143081874e-01 6.378224601003994465e-01 6.276487248744349046e-01 6.177273266029348342e-01 6.080460948118062703e-01 5.986529993689693185e-01 5.894720235254286012e-01 5.805341122472121862e-01 5.718455173106856693e-01 5.633477006969143108e-01 5.550874510497693093e-01 5.470471059645020118e-01 5.391781590695159387e-01 5.315288786336148652e-01 5.240840468625679316e-01 5.167931458053424132e-01 5.096895700925250239e-01 5.027912753057730555e-01 4.960312476874433329e-01 4.894112370768944897e-01 4.830142675671043051e-01 4.767415666957238729e-01 4.705894550268673870e-01 4.646100695498038280e-01 4.587847341608276563e-01 4.530679429693512672e-01 4.474565744843845283e-01 4.420331738104645303e-01 4.367164673776341988e-01 4.314948209161972859e-01 4.263708744311154319e-01 4.214219818135513940e-01 4.165589104744791826e-01 4.117793256044021688e-01 4.070822894281930227e-01 4.025492934975898884e-01 3.980918209712120959e-01 3.937078838460669195e-01 3.893955623756152895e-01 3.852159046590168390e-01 3.811220192290526443e-01 3.770930928884011490e-01 3.731274853720425444e-01 3.692473747380000115e-01 3.654802405698850953e-01 3.617706545058819723e-01 3.581172107968360607e-01 3.545185494425953654e-01 3.510182129108405658e-01 3.475965721200069414e-01 3.442248487342035035e-01 3.409018725837595354e-01 3.376265102266020612e-01 3.344446558455657081e-01 3.313277607170079242e-01 3.282543575753550380e-01 3.252234673037488477e-01 3.222341404587815705e-01 3.193184219577396843e-01 3.164714418615255376e-01 3.136625158485192855e-01 3.108908204246192408e-01 3.081555562487399702e-01 3.054613945419909493e-01 3.028544056770344217e-01 3.002808458660513602e-01 2.977400192116633759e-01 2.952312494550700106e-01 2.927538792838003112e-01 2.903279602910801005e-01 2.879646062224398562e-01 2.856301380118974609e-01 2.833239808333256060e-01 2.810455754322790933e-01 2.787943776056245326e-01
1.000000000000000000e+00 9.828170945234134814e-01 9.657727746185795770e-01 9.487849782066574145e-01 9.319096166749242238e-01 9.152432953421009154e-01 8.987724338775288091e-01 8.824910730391233304e-01 8.665053600072951667e-01 8.507565031895886198e-01 8.353056927060206194e-01 8.201645184722178294e-01 8.053134017785767984e-01 7.908033968629843979e-01 7.765931497961512386e-01 7.627271981109744470e-01 7.491776328380065353e-01 7.359599406361729823e-01 7.230719234555603725e-01 7.104987833961199373e-01 6.982582735066893420e-01 6.863199368620683805e-01 6.747009222177245968e-01 6.633827388467575803e-01 6.523506445667137665e-01 6.416341850976520211e-01 6.311699344389630761e-01 6.210128943243973243e-01 6.111118237358820204e-01 6.014524853930591775e-01 5.920920814040753211e-01 5.829430587886141879e-01 5.740409588854773482e-01 5.653936022780928772e-01 5.569361185363984612e-01 5.487201352429441625e-01 5.407269357657102926e-01 5.329041294871482703e-01 5.253037430244575923e-01 5.179098889161641850e-01 5.106689115198065343e-01 5.036162812950306655e-01 4.967711918485405720e-01 4.900633031595928446e-01 4.834946446812127263e-01 4.771519060070990026e-01 4.709323824914981027e-01 4.648324258903048789e-01 4.589059973691794192e-01 4.531339581124694260e-01 4.474694699953110089e-01 4.419094400845096082e-01 4.365385001051125258e-01 4.312735167387509727e-01 4.261026685756038601e-01 4.210287156245570150e-01 4.161304600969378820e-01 4.113171477364868656e-01 4.065864676228841956e-01 4.019375219506228225e-01 3.974529010347822577e-01 3.930429975669200160e-01 3.887058447590057142e-01 3.844395433510708338e-01 3.803057054069217680e-01 3.762570684018931022e-01 3.722726725232022860e-01 3.683508956347368302e-01 3.645140553168174091e-01 3.607897970425312240e-01 3.571224318930152908e-01 3.535105701183791083e-01 3.499528671970563720e-01 3.464929817909850329e-01 3.431112579046033950e-01 3.397788690933938316e-01 3.364946588385955839e-01 3.332575069205943596e-01 3.301133116766123976e-01 3.270335418600393007e-01 3.239967460039682168e-01 3.210019566535387558e-01 3.180482356739116612e-01 3.151675645785175228e-01 3.123550930403162784e-01 3.095802143331201073e-01 3.068421149442752127e-01 3.041400052213911742e-01 3.014785440719912057e-01 2.989036242983035274e-01 2.963617223659680278e-01 2.938521509377973184e-01 2.913742420736108452e-01 2.889273465465023172e-01 2.865314112638408517e-01 2.841974937810562984e-01 2.818921023748440224e-01 2.796146693786319970e-01 2.773646425035838914e-01 2.751414843247101394e-01
1.000000000000000000e+00 9.820832379220285624e-01 9.643559900312472788e-01 9.467548719658882561e-01 9.293304878406952740e-01 9.121618851331221300e-01 8.952402920195735581e-01 8.785663412918455206e-01 8.622195988003347189e-01 8.461595916199832201e-01 8.304323175056970152e-01 8.150431826915195410e-01 7.999853651139100519e-01 7.852827988716470919e-01 7.709220906602447521e-01 7.569116884975057857e-01 7.432558405714445593e-01 7.299344689712656820e-01 7.169746356973624168e-01 7.043323808199513092e-01 6.920460663831899950e-01 6.800674190706299527e-01 6.684220525303685712e-01 6.570872771187818984e-01 6.460432380790084306e-01 6.353294589747343624e-01 6.248678256394731845e-01 6.147249746157372741e-01 6.048415807788385390e-01 5.952014517888042366e-01 5.858705934450865183e-01 5.767504492951440742e-01 5.678809613931391498e-01 5.592714515621605154e-01 5.508509836144719340e-01 5.426758342367629107e-01 5.347262724694710201e-01 5.269461736927562034e-01 5.193911924459914120e-01 5.120447934069863871e-01 5.048502899160621782e-01 4.978451588398383754e-01 4.910497899753268336e-01 4.843906253086488478e-01 4.778699630548593480e-01 4.715780278539337123e-01 4.654083209155958634e-01 4.593572232159744972e-01 4.534804566153197158e-01 4.477584346318133623e-01 4.421430318282918437e-01 4.366311820722331705e-01 4.313095749528505496e-01 4.260932405623052421e-01 4.209701715725701621e-01 4.159432464908754401e-01 4.110927147725922381e-01 4.063262986332155102e-01 4.016417096670463205e-01 3.970380888065821456e-01 3.925991298715729716e-01 3.882341276317384793e-01 3.839411353240757552e-01 3.797182730261096095e-01 3.756277316219244766e-01 3.716218650102543486e-01 3.676795608835166651e-01 3.637992142415713559e-01 3.600032909585919039e-01 3.563196133499919038e-01 3.526922089511441705e-01 3.491197031548624596e-01 3.456007660894820921e-01 3.421791918458824688e-01 3.388352885396944680e-01 3.355401685629115782e-01 3.322926883307015800e-01 3.290917401514312224e-01 3.259832505213673404e-01 3.229386905856888035e-01 3.199366133125148282e-01 3.169760623072364614e-01 3.140561101600732874e-01 3.112086946669055387e-01 3.084289821207318871e-01 3.056864245399362745e-01 3.029802178872065821e-01 3.003095817075863150e-01 2.976791655946650073e-01 2.951347142014342229e-01 2.926228899635482938e-01 2.901430136766899315e-01 2.876944253040376598e-01 2.852764833006225520e-01 2.829090428016138303e-01 2.806031123375886116e-01 2.783253658865948998e-01 2.760752425890168893e-01 2.738521967785801925e-01 2.716556974746248687e-01
1.000000000000000000e+00 9.813905220415677366e-01 9.630179872268989083e-01 9.448364180743203944e-01 9.268916214433529088e-01 9.092463626563116463e-01 8.918963925391710790e-01 8.748486220611617625e-01 8.581577636438844081e-01 8.418005355902692388e-01 8.258087514399449214e-01 8.101820047801815416e-01 7.949255614979811035e-01 7.800377897785549797e-01 7.655317140212238858e-01 7.513817009489951459e-01 7.376224263162721728e-01 7.242001613225061973e-01 7.111697113101296264e-01 6.984594626214571944e-01 6.861273713345137359e-01 6.741082243397533702e-01 6.624357046937600080e-01 6.510831217714831975e-01 6.400257592529703388e-01 6.293126659039487425e-01 6.188517022333316353e-01 6.087206419306770977e-01 5.988524192673201352e-01 5.892289732208095820e-01 5.799247558984806927e-01 5.708306511908500802e-01 5.619908394451047506e-01 5.534160875023139692e-01 5.450296142904593744e-01 5.368921913120607847e-01 5.289831054352431838e-01 5.212426197479502754e-01 5.137299087788478325e-01 5.064278071925318869e-01 4.992766852830249347e-01 4.923159811325879542e-01 4.855672532904269367e-01 4.789537948166871506e-01 4.724781661032894098e-01 4.662340556910511413e-01 4.601112445140688734e-01 4.541061410551918143e-01 4.482762034980004584e-01 4.426014023298731614e-01 4.370323404925296473e-01 4.315659771554588575e-01 4.262910516434858521e-01 4.211207621900295850e-01 4.160429148970162250e-01 4.110605060155637647e-01 4.062552392033644821e-01 4.015333030257796643e-01 3.968924304315183949e-01 3.923318003399338116e-01 3.879362324274854279e-01 3.836138982959485522e-01 3.793628702112712414e-01 3.751812866265948898e-01 3.711319420565162841e-01 3.671667874709407808e-01 3.632645493918796320e-01 3.594236391303569644e-01 3.556666814442813185e-01 3.520216886229332043e-01 3.484323780603664211e-01 3.448973895845453552e-01 3.414154072891821823e-01 3.380303855451136097e-01 3.347225854984239302e-01 3.314630420905711472e-01 3.282506240832730460e-01 3.250842357439363561e-01 3.220098596801039270e-01 3.189989522236672537e-01 3.160300578645869884e-01 3.131022307792168391e-01 3.102145538083759813e-01 3.073989406693437010e-01 3.046505714042204160e-01 3.019389381631804592e-01 2.992632459747072149e-01 2.966227231837442746e-01 2.940220132308724033e-01 2.915067427334469552e-01 2.890237252157116798e-01 2.865722892625027773e-01 2.841517824063410358e-01 2.817615704595369808e-01 2.794214304717590469e-01 2.771423295835246936e-01 2.748910847924757594e-01 2.726671417643994899e-01 2.704699611816577809e-01 2.682990182413667046e-01
1.000000000000000000e+00 9.807803238823689096e-01 9.618388542115309248e-01 9.431447552648564159e-01 9.247398048019802586e-01 9.066726480286835255e-01 8.889430027740470308e-01 8.715633264350628462e-01 8.545666608434717704e-01 8.379448135234057737e-01 8.217172157910791475e-01 8.058783567937675141e-01 7.904441347602341184e-01 7.753904545162982886e-01 7.607536321706578342e-01 7.464780096988126168e-01 7.326251085915767014e-01 7.191115104085873400e-01 7.060165316853235229e-01 6.932441239254678589e-01 6.808696128071412002e-01 6.688127683953899449e-01 6.571144479961559259e-01 6.457444059038784934e-01 6.346736128796438559e-01 6.239595926292611505e-01 6.134977239299622687e-01 6.033757243068348375e-01 5.935196149396601006e-01 5.839096696706743694e-01 5.746279024769512800e-01 5.655557409681094549e-01 5.567411649568491105e-01 5.481962360441609006e-01 5.398389310739396540e-01 5.317340685316990223e-01 5.238600497597781791e-01 5.161538836836914168e-01 5.086779242874577278e-01 5.014144360283890878e-01 4.943011291070241731e-01 4.873792165356564676e-01 4.806713142515185444e-01 4.740978630751805922e-01 4.676616612992478550e-01 4.614595530693190728e-01 4.553779281632466258e-01 4.494132192212650367e-01 4.436244747277468536e-01 4.379912581619970768e-01 4.324630061024184458e-01 4.270367000001373814e-01 4.218029722136767967e-01 4.166733271950512907e-01 4.116353976584854468e-01 4.066922885858419989e-01 4.019270597443868054e-01 3.972444672396440168e-01 3.926422629085780103e-01 3.881196602637606574e-01 3.837625380176086232e-01 3.794780090347865675e-01 3.752641624412011434e-01 3.711191529710921588e-01 3.671063521381015549e-01 3.631773236732594445e-01 3.593106385052379781e-01 3.555047224187098398e-01 3.517823561535454724e-01 3.481717388813260761e-01 3.446162787486918289e-01 3.411146284106155724e-01 3.376654843703808528e-01 3.343129688646531150e-01 3.310372908924583135e-01 3.278094009509647244e-01 3.246281787868283697e-01 3.214925393076205062e-01 3.184485393739792669e-01 3.154676079082350815e-01 3.125282712767725180e-01 3.096295930719349943e-01 3.067706652651721044e-01 3.039833955747311411e-01 3.012629744260676978e-01 2.985789157430832619e-01 2.959304326379407213e-01 2.933167613021731013e-01 2.907425419802854294e-01 2.882533157285293024e-01 2.857960085029671027e-01 2.833699558402558716e-01 2.809745120285567221e-01 2.786090494465549572e-01 2.762932831161508673e-01 2.740381475837477265e-01 2.718105752414743947e-01 2.696100175838309632e-01 2.674359409639984753e-01 2.652878260972951763e-01
1.000000000000000000e+00 9.802325080152523018e-01 9.607796654111575574e-01 9.416240191479352539e-01 9.228039497428386362e-01 9.043556945636875843e-01 8.862825223177159817e-01 8.686019257031586394e-01 8.513276987718427780e-01 8.344651108444735010e-01 8.180226087906492527e-01 8.019901203340262796e-01 7.863931047295602550e-01 7.711873482823639048e-01 7.564300820856182384e-01 7.420387026476396031e-01 7.280989425924357938e-01 7.145006130021834823e-01 7.013451893962129313e-01 6.885145305416963124e-01 6.760996678832521534e-01 6.640067906442583823e-01 6.522832755456882126e-01 6.408956500255885702e-01 6.298109777937168641e-01 6.190944880350114365e-01 6.086302080167848017e-01 5.985149214836716913e-01 5.886683446811802334e-01 5.790692350654821352e-01 5.698065149974312904e-01 5.607529705429267208e-01 5.519600661439645339e-01 5.434410501812055871e-01 5.351090892365271134e-01 5.270327244943362466e-01 5.191895414777961681e-01 5.115135538724706610e-01 5.040700551130239404e-01 4.968407812789326639e-01 4.897609814033848652e-01 4.828735183140259180e-01 4.762019904028081951e-01 4.696641845635565748e-01 4.632631206926751122e-01 4.570985961266981201e-01 4.510538248141028328e-01 4.451252610107280239e-01 4.393734501628148159e-01 4.337775712895939884e-01 4.282859612363794644e-01 4.228956214599685626e-01 4.176989693650145496e-01 4.126059104224745200e-01 4.076039128495645425e-01 4.026961842409273462e-01 3.979670766581941410e-01 3.933199790401381568e-01 3.887526602639325701e-01 3.842643662045046038e-01 3.799420044009905739e-01 3.756916567457131428e-01 3.715114276081634692e-01 3.673994864428032914e-01 3.634197744785700457e-01 3.595234708928478073e-01 3.556889913660612468e-01 3.519147747936398618e-01 3.482237594182229223e-01 3.446443334850517459e-01 3.411195882181984329e-01 3.376481879112979700e-01 3.342288403275339714e-01 3.309058476938528948e-01 3.276593603689301748e-01 3.244602352347943919e-01 3.213073620204166536e-01 3.181996653023803634e-01 3.151832954069041515e-01 3.122296411477866185e-01 3.093172011197976023e-01 3.064450474834098936e-01 3.036122805185405005e-01 3.008508196401446511e-01 2.981558626526486511e-01 2.954969277759874058e-01 2.928732354874428179e-01 2.902840291276538309e-01 2.877339485570225563e-01 2.852684786053037436e-01 2.828346230659068428e-01 2.804317238165158210e-01 2.780591413073754681e-01 2.757162539066196350e-01 2.734227289295865782e-01 2.711894762238806766e-01 2.689835192561478849e-01 2.668043148430286893e-01 2.646513345156740193e-01 2.625240640280195881e-01
1.000000000000000000e+00 9.797609983149935253e-01 9.598674888751245193e-01 9.403133506327101543e-01 9.211342392796442180e-01 9.023559469038729963e-01 8.839847914828491415e-01 8.660426467162802844e-01 8.485269237253060259e-01 8.314544227462765669e-01 8.148242429667023057e-01 7.986223999397793483e-01 7.828826268171847902e-01 7.675433992397814320e-01 7.526799991465717987e-01 7.381865832990882614e-01 7.241697802936383210e-01 7.104962948851907267e-01 6.972867592536773351e-01 6.844039303287180465e-01 6.719524700581972487e-01 6.598267812885288963e-01 6.480799065101487955e-01 6.366755688204991381e-01 6.255774464097719756e-01 6.148574842345478908e-01 6.043898136067067384e-01 5.942791400733662410e-01 5.844396692114632863e-01 5.748488357991925479e-01 5.656016136489705470e-01 5.565632172032002334e-01 5.477881755099019978e-01 5.392907801171156201e-01 5.309799650782691671e-01 5.229275518591427474e-01 5.151104061203479745e-01 5.074599008085348695e-01 5.000439287380327169e-01 4.928437577963935556e-01 4.857924591300802897e-01 4.789343592310471021e-01 4.722939277970719663e-01 4.657865951957020356e-01 4.594155779991329069e-01 4.532833043985070587e-01 4.472701575819685860e-01 4.413726103532916167e-01 4.356525469361126057e-01 4.300888015811851761e-01 4.246287263364461606e-01 4.192693398753935541e-01 4.141046754756408377e-01 4.090431895483201963e-01 4.040722005146724638e-01 3.991950087233658295e-01 3.944971449338419700e-01 3.898807493245932676e-01 3.853436055116458703e-01 3.808849882254409236e-01 3.765927498451500099e-01 3.723720237589300819e-01 3.682209275460239239e-01 3.641376434171160192e-01 3.601866449876658383e-01 3.563187504534007788e-01 3.525122292246858358e-01 3.487655315783472210e-01 3.451017456944986406e-01 3.415494400802996378e-01 3.380514008528778813e-01 3.346063024252352580e-01 3.312128623506068181e-01 3.279155620729639065e-01 3.246944916680280513e-01 3.215204126707674748e-01 3.183922235017659919e-01 3.153088571564294784e-01 3.123165669880000328e-01 3.093866942273140741e-01 3.064977038749323035e-01 3.036486755612409771e-01 3.008387168096918196e-01 2.980997710002185608e-01 2.954270407096969975e-01 2.927900354508558567e-01 2.901879821295680340e-01 2.876201303265187859e-01 2.850911216763758471e-01 2.826464100650358247e-01 2.802330466965093358e-01 2.778503789891729192e-01 2.754977727776078411e-01 2.731746116634392596e-01 2.709005286160502401e-01 2.686864160642333799e-01 2.664993653219551728e-01 2.643388378608504952e-01 2.622043097409675894e-01 2.600952711232561443e-01
1.000000000000000000e+00 9.793632101235201226e-01 9.590974546238429932e-01 9.392060104206828575e-01 9.197224141623155935e-01 9.006638633622084944e-01 8.820392476912248814e-01 8.638741899610886676e-01 8.461524297830568253e-01 8.289004466062901422e-01 8.121095502220437856e-01 7.957624660095763414e-01 7.798999363938547980e-01 7.644458402779402695e-01 7.494907350085318054e-01 7.349091267239838965e-01 7.208253292541697554e-01 7.070864904138405294e-01 6.938295351874214090e-01 6.809009724840254796e-01 6.684170680187276892e-01 6.562621895355742474e-01 6.444942152172600247e-01 6.330744756172489440e-01 6.219637658528153201e-01 6.112397696363071065e-01 6.007681600090628571e-01 5.906604235123160684e-01 5.808260473471704710e-01 5.712413381548513414e-01 5.620064719550595944e-01 5.529801525188777767e-01 5.442195423233447960e-01 5.357398288827316390e-01 5.274463076267706940e-01 5.194136375477667045e-01 5.116180607668660008e-01 5.039886646930932246e-01 4.965955916548013827e-01 4.894197036253555289e-01 4.823921858576205590e-01 4.755586359544891062e-01 4.689442800587634852e-01 4.624625004040642251e-01 4.561166845841936879e-01 4.500115565070494372e-01 4.440250279326508620e-01 4.381535872756727179e-01 4.324602939102194510e-01 4.269236786574548970e-01 4.214902280419650094e-01 4.161569752724872950e-01 4.110193816523236565e-01 4.059846217556601355e-01 4.010398809449708946e-01 3.961885413689710811e-01 3.915171811735039253e-01 3.869268295821748915e-01 3.824152827132159538e-01 3.779818405083828492e-01 3.737152035486693280e-01 3.695196523744286865e-01 3.653933157912216956e-01 3.613343868506252998e-01 3.574078225646588614e-01 3.535641121594674807e-01 3.497813913492973104e-01 3.460581200993975148e-01 3.424175248703603680e-01 3.388883406150907107e-01 3.354130695606630796e-01 3.319903947470115302e-01 3.286190420735595197e-01 3.253436644611490958e-01 3.221442929452576487e-01 3.189915962987951437e-01 3.158844803622780639e-01 3.128218853181699566e-01 3.098501706761191410e-01 3.069406263992516815e-01 3.040716808929869730e-01 3.012424201727981754e-01 2.984519579537240896e-01 2.957322694574855415e-01 2.930785599703532585e-01 2.904603212899080633e-01 2.878767858231991439e-01 2.853272084907464978e-01 2.828162342169258103e-01 2.803893056344736179e-01 2.779934972796790360e-01 2.756281613173077738e-01 2.732926681943902980e-01 2.709864059957827198e-01 2.687289843951304880e-01 2.665312843742670412e-01 2.643604455746325632e-01 2.622159334593582858e-01 2.600972279718666291e-01 2.580038230519716702e-01
1.000000000000000000e+00 9.790237683770922628e-01 9.584398626359946771e-01 9.382594186094469491e-01 9.185143806422711998e-01 8.992148191616881059e-01 8.803718125168353836e-01 8.620142242923028997e-01 8.441142937167851468e-01 8.267067210240918174e-01 8.097762718767421708e-01 7.933028708628102610e-01 7.773332764350966428e-01 7.617789047268315183e-01 7.467433949840625029e-01 7.320844358166551658e-01 7.179415371656411304e-01 7.041450448691236597e-01 6.908458696636841090e-01 6.778765711499973312e-01 6.653634189804108479e-01 6.531821293467477973e-01 6.413947837839959476e-01 6.299606380297356756e-01 6.188379889446266047e-01 6.081094984124848501e-01 5.976335003647531563e-01 5.875273724252547680e-01 5.776965014363005801e-01 5.681162152191436832e-01 5.588912185527548093e-01 5.498745458764591199e-01 5.411256650847164895e-01 5.326605476335491973e-01 5.243813019733232217e-01 5.163650651134186198e-01 5.085875339400487416e-01 5.009757988766453396e-01 4.936019803532225025e-01 4.864465826976889784e-01 4.794391317185112689e-01 4.726263477849437233e-01 4.660341249762979254e-01 4.595740348500397809e-01 4.532496161022410708e-01 4.471676285058716616e-01 4.412037909441314243e-01 4.353546051383979099e-01 4.296841771676728206e-01 4.241707668757711547e-01 4.187600888950925304e-01 4.134491888658615721e-01 4.083348044404177535e-01 4.033229634907923300e-01 3.984007318961965693e-01 3.935715650875021288e-01 3.889229867583887668e-01 3.843550220049661847e-01 3.798654776914627829e-01 3.754536760989738431e-01 3.712090894583063849e-01 3.670352212651870061e-01 3.629302099938098158e-01 3.588922580324451217e-01 3.549867683008730568e-01 3.511639254897804818e-01 3.474017411932920907e-01 3.436986837360200275e-01 3.400781089414620650e-01 3.365689076472641039e-01 3.331133143161644772e-01 3.297100194436851650e-01 3.263577561422175699e-01 3.231013426172265057e-01 3.199207518873144473e-01 3.167865620642471569e-01 3.136976854103312173e-01 3.106530683282749394e-01 3.076991787721805038e-01 3.048072526436849672e-01 3.019556794707838332e-01 2.991435508024843926e-01 2.963699857196693821e-01 2.936669980156119686e-01 2.910297940005996398e-01 2.884278401916171575e-01 2.858603737692005931e-01 2.833266542873591476e-01 2.808313311284713065e-01 2.784198509435916735e-01 2.760392929107051141e-01 2.736890133176644868e-01 2.713683866182389215e-01 2.690768047917754258e-01 2.668338629818603480e-01 2.646504354631160072e-01 2.624936947360294037e-01 2.603631097346328360e-01 2.582581637792306095e-01 2.561783540956413252e-01
1.000000000000000000e+00 9.787472390093101549e-01 9.579037605604445726e-01 9.374869812324582163e-01 9.175277005539720365e-01 8.980303548466170849e-01 8.790078072900782136e-01 8.604916075266934028e-01 8.424447431286968824e-01 8.249085917470406759e-01 8.078626491141299715e-01 7.912845625677517036e-01 7.752260156286943094e-01 7.595882659981856300e-01 7.444856588362154248e-01 7.297621325214993515e-01 7.155696933104678248e-01 7.017248740379945504e-01 6.883901078868918111e-01 6.753864609693667198e-01 6.628484445621538601e-01 6.506446463633486221e-01 6.388406085309610294e-01 6.273938774697289666e-01 6.162606951890611251e-01 6.055278305682850748e-01 5.950475615226709092e-01 5.849421474079072869e-01 5.751135764510840742e-01 5.655363669787215608e-01 5.563189862596615853e-01 5.473097576702499190e-01 5.385700621974991442e-01 5.301165215730180291e-01 5.218485986578952351e-01 5.138455025519635955e-01 5.060824737034299581e-01 4.984849319182695915e-01 4.911266516751134903e-01 4.839878377946683630e-01 4.769966277944970301e-01 4.702006825163838055e-01 4.636264553909810737e-01 4.571840003322432677e-01 4.508769824701911455e-01 4.448138694494342404e-01 4.388685398781436708e-01 4.330375063300422878e-01 4.273857575318936730e-01 4.218913243825934134e-01 4.164992700070356824e-01 4.112066502108928656e-01 4.061112838745875586e-01 4.011182268068653189e-01 3.962144433057767090e-01 3.914034508675875434e-01 3.867735784371641450e-01 3.822239952462291868e-01 3.777525169815998396e-01 3.733584847274872276e-01 3.691320336583758799e-01 3.649759989295179308e-01 3.608885269665119688e-01 3.568678278360574718e-01 3.529796889737187859e-01 3.491740318567964629e-01 3.454287606026748558e-01 3.417423504198297546e-01 3.381382699754511556e-01 3.346455461861520542e-01 3.312061786787171003e-01 3.278188640958964450e-01 3.244823414972724529e-01 3.212415771098351969e-01 3.180764913119253356e-01 3.149575802539392733e-01 3.118837614994467433e-01 3.088539865860461253e-01 3.059148233279351814e-01 3.030374569519972416e-01 3.002002403967982680e-01 2.974022697839598384e-01 2.946426686284120966e-01 2.919534894309747663e-01 2.893299385237625421e-01 2.867414553518642384e-01 2.841872810440999042e-01 2.816666789869698428e-01 2.791843033579839428e-01 2.767856136541742007e-01 2.744176821122071841e-01 2.720798684334032047e-01 2.697715503886773947e-01 2.674921231815960421e-01 2.652611734765928375e-01 2.630895720089871936e-01 2.609445128079229126e-01 2.588254676831902579e-01 2.567319227529554770e-01 2.546633779656063412e-01
1.000000000000000000e+00 9.785185175669459667e-01 9.574599453178953556e-01 9.368467637918486135e-01 9.167090016004402209e-01 8.970466097498830393e-01 8.778739337312537749e-01 8.592247969009932929e-01 8.410546384450177104e-01 8.234103389213367485e-01 8.062671027716870054e-01 7.896006956555521317e-01 7.734669106889602297e-01 7.577585814675809051e-01 7.425989805631317831e-01 7.278205949851686007e-01 7.135858302416534515e-01 6.996997223370854391e-01 6.863343253902364216e-01 6.733011075487088659e-01 6.607415031435704966e-01 6.485181125270421676e-01 6.366993936505458418e-01 6.252414536715747984e-01 6.140988101687282485e-01 6.033617017857583198e-01 5.928772890317556277e-01 5.827719563536530867e-01 5.729448194598820709e-01 5.633697114957879615e-01 5.541582757903356082e-01 5.451548581138138116e-01 5.364224635848429124e-01 5.279782657555109893e-01 5.197194806306825177e-01 5.117270713431830709e-01 5.039758915862714295e-01 4.963899464268790584e-01 4.890444174034183078e-01 4.819192541773805738e-01 4.749414127002321573e-01 4.681593577666703365e-01 4.616000208374791414e-01 4.551721576216606890e-01 4.488795415004940836e-01 4.428321066997418232e-01 4.369021508716228186e-01 4.310861956028958497e-01 4.254499891447826587e-01 4.199713649993797593e-01 4.145948251359644621e-01 4.093174338273261603e-01 4.042379416957979088e-01 3.992605663496407442e-01 3.943721842584728687e-01 3.895763663147358002e-01 3.849621376241256221e-01 3.804279269498916927e-01 3.759715573562426028e-01 3.715923860242240084e-01 3.673811262590259141e-01 3.632400297900362784e-01 3.591672497025698574e-01 3.551610024944216737e-01 3.512874162856357563e-01 3.474961787393056611e-01 3.437650983030234864e-01 3.400926559604836030e-01 3.365024205796474654e-01 3.330235399927548023e-01 3.295978042561643062e-01 3.262239151765218281e-01 3.229006168092740658e-01 3.196730081324306583e-01 3.165209618644631018e-01 3.134149001427530834e-01 3.103537449887288635e-01 3.073364522579489777e-01 3.044096835614828467e-01 3.015445757677739369e-01 2.987194467749825777e-01 2.959333965542561007e-01 2.931855523533999364e-01 2.905080052391534884e-01 2.878959608407470339e-01 2.853188304040935042e-01 2.827758583852064689e-01 2.802663114002059697e-01 2.777948485074004936e-01 2.754069472492273185e-01 2.730496658386994957e-01 2.707223668560362340e-01 2.684244308698174875e-01 2.661552558029035009e-01 2.639344245191105331e-01 2.617728066691167865e-01 2.596376090830729844e-01 2.575283059982743095e-01 2.554443858946405799e-01 2.533853510187579205e-01
1.000000000000000000e+00 9.783327002877122425e-01 9.570990398250959208e-01 9.363255186077857894e-01 9.160416867431011578e-01 8.962439891287476978e-01 8.769479755598640347e-01 8.581893600223250429e-01 8.399175448164187818e-01 8.221838714065479170e-01 8.049601080892099247e-01 7.882204930343786886e-01 7.720241996443583110e-01 7.562571895393868093e-01 7.410500477889174764e-01 7.262258903273550725e-01 7.119556609507375899e-01 6.980349573108454164e-01 6.846437743505496831e-01 6.715856576835127489e-01 6.590077477308859955e-01 6.467677090058734368e-01 6.349364042034397748e-01 6.234687532254962195e-01 6.123178556256195781e-01 6.015768214756368470e-01 5.910885755609394110e-01 5.809829183669927843e-01 5.711565863290529732e-01 5.615828483213542999e-01 5.523759935088069506e-01 5.433770534608928227e-01 5.346503859021868310e-01 5.262136237828471952e-01 5.179621112658057136e-01 5.099782817546033575e-01 5.022366644271462066e-01 4.946600780021189192e-01 4.873248824687615999e-01 4.802108135062192473e-01 4.732438370404340455e-01 4.664730888320253732e-01 4.599258992262846846e-01 4.535099399784349727e-01 4.472290750570478424e-01 4.411944685882943640e-01 4.352770919962872798e-01 4.294734742406273731e-01 4.238500022829440050e-01 4.183843433812791668e-01 4.130205272741397926e-01 4.077556251767772699e-01 4.026891787846224036e-01 3.977246936056207383e-01 3.928489712956512170e-01 3.880656280747012410e-01 3.834642830043901718e-01 3.789427326047985489e-01 3.744988060147187436e-01 3.701318739287434156e-01 3.659331421864943645e-01 3.618043650801143762e-01 3.577437011860850058e-01 3.537493723048758532e-01 3.498877967417844403e-01 3.461084627190125773e-01 3.423890969861836941e-01 3.387281852936869786e-01 3.351493834065287780e-01 3.316819440778838168e-01 3.282674748695241784e-01 3.249046818553020799e-01 3.215923132190253719e-01 3.183755850628086637e-01 3.152343276832036412e-01 3.121388974976279651e-01 3.090882202153564795e-01 3.060812552640682638e-01 3.031647477370266741e-01 3.003097910541415727e-01 2.974946715656879292e-01 2.947184924300520481e-01 2.919803839857034733e-01 2.893124734076004678e-01 2.867099652391352227e-01 2.841422436002046248e-01 2.816085557038888187e-01 2.791081708425243724e-01 2.766457527731417954e-01 2.742667996153087540e-01 2.719183515943967566e-01 2.695997736780842979e-01 2.673104487550470587e-01 2.650497770032522182e-01 2.628373401145016608e-01 2.606840079628838236e-01 2.585569948295715070e-01 2.564557769662351716e-01 2.543798448126110556e-01 2.523287025223665547e-01
1.000000000000000000e+00 9.781840507577370669e-01 9.568100352394918184e-01 9.359075799487920344e-01 9.155059840763921652e-01 8.955990131887339167e-01 8.762031877442748584e-01 8.573557788499108767e-01 8.390014251156379110e-01 8.211950319536684972e-01 8.039056621226287058e-01 7.871063298802343233e-01 7.708589411130798430e-01 7.550439330696409046e-01 7.397977982400385510e-01 7.249360907728088499e-01 7.106366684064009398e-01 6.966874871134923763e-01 6.832749483540464519e-01 6.701962052467645981e-01 6.576030365353175977e-01 6.453490953457671209e-01 6.335072116344433457e-01 6.220313359335506442e-01 6.108734098451288341e-01 6.001288866426127688e-01 5.896372340476403462e-01 5.795310519341752009e-01 5.697051266241407452e-01 5.601322634054226590e-01 5.509289153240446435e-01 5.419334030378049061e-01 5.332111928066879392e-01 5.247802939695711544e-01 5.165345161927836770e-01 5.085574998223276744e-01 5.008235074400849696e-01 4.932543835976282431e-01 4.859274567986606730e-01 4.788222866774002884e-01 4.718640252212457087e-01 4.651023626945307021e-01 4.585649590260874597e-01 4.521585897156890077e-01 4.458871935433132427e-01 4.398629524243496958e-01 4.339557399548942263e-01 4.281620910495365084e-01 4.225489228076602100e-01 4.170937643064400735e-01 4.117402530594874710e-01 4.064854659027304362e-01 4.014296001141802739e-01 3.964755708255569555e-01 3.916101175606561680e-01 3.868368941280516116e-01 3.822460138045222777e-01 3.777347467684194493e-01 3.733009270911782918e-01 3.689439366497754835e-01 3.647553945376139639e-01 3.606366373741026199e-01 3.565858282007146052e-01 3.526011931296612056e-01 3.487493956775929438e-01 3.449797552610094353e-01 3.412699293914314702e-01 3.376184076999846906e-01 3.340489192880220504e-01 3.305908054911378402e-01 3.271855194154648094e-01 3.238317706120996120e-01 3.205283106289643080e-01 3.173204554076837769e-01 3.141879988767399268e-01 3.111012411995326410e-01 3.080591110929146725e-01 3.050605708977729980e-01 3.021524386454945144e-01 2.993057694824004522e-01 2.964988219189008678e-01 2.937307017148916288e-01 2.910005417315318366e-01 2.883405017429585548e-01 2.857457850291329482e-01 2.831857507409424324e-01 2.806596483435890854e-01 2.781667493154940107e-01 2.757117216709409901e-01 2.733400839402804761e-01 2.709988575773630282e-01 2.686874095012832253e-01 2.664051244970775389e-01 2.641514045859588156e-01 2.619458320423330155e-01 2.597992777966620093e-01 2.576789597576771285e-01 2.555843558245057823e-01 2.535149580397250135e-01 2.514702721167155208e-01
1.000000000000000000e+00 9.780621216906664195e-01 9.565726953082207551e-01 9.355638292030893366e-01 9.150647330421898262e-01 8.950670960095292727e-01 8.755882361393021451e-01 8.566667439944275486e-01 8.382434258823913131e-01 8.203760961150434738e-01 8.030316497743701376e-01 7.861820979374812834e-01 7.698916282114020015e-01 7.540361178773861139e-01 7.387569492728799370e-01 7.238634211135946961e-01 7.095391496882157423e-01 6.955657283386562639e-01 6.821349370686687896e-01 6.690385617919254457e-01 6.564322621399636404e-01 6.441663339303829172e-01 6.323152602663584254e-01 6.208321779176773081e-01 6.096680577095078268e-01 5.989203221233546648e-01 5.884255330585420607e-01 5.783186492537053525e-01 5.684928134568609792e-01 5.589204416116521079e-01 5.497198169719175187e-01 5.407269668916900862e-01 5.320082980544936779e-01 5.235821389922861169e-01 5.153409971585302118e-01 5.073695332352414766e-01 4.996417842438889978e-01 4.920787709174833657e-01 4.847586473146717201e-01 4.776608228102234288e-01 4.707097552871555846e-01 4.639556082207099696e-01 4.574263227446782043e-01 4.510279090844457328e-01 4.447643698352983788e-01 4.387487570468423526e-01 4.328500054512054440e-01 4.270646549174316742e-01 4.214600765641717817e-01 4.160136809546345904e-01 4.106687694577940140e-01 4.054224235980036783e-01 4.003754060269154591e-01 3.954301224487523636e-01 3.905732586466692524e-01 3.858085007960206370e-01 3.812263895727567853e-01 3.767237396773128744e-01 3.722983893128776756e-01 3.679497299218358886e-01 3.637697393911681898e-01 3.596593914295385663e-01 3.556168528242499849e-01 3.516403533047954277e-01 3.477967707639839645e-01 3.440352767923851030e-01 3.403334681882362878e-01 3.366898378428724303e-01 3.331281795766302678e-01 3.296779129390805529e-01 3.262803542202841189e-01 3.229342158963637299e-01 3.196382523451147262e-01 3.164378692015352157e-01 3.133128274655645473e-01 3.102333764746006972e-01 3.071984474786018104e-01 3.042070052720874940e-01 3.013059343480452013e-01 2.984662546752634982e-01 2.956661991288575542e-01 2.929048756620999394e-01 2.901814192630790545e-01 2.875280197394555204e-01 2.849398789985633229e-01 2.823863328343411694e-01 2.798666326122121739e-01 2.773800516551066520e-01 2.749312620885306369e-01 2.725658041270275223e-01 2.702306783337151130e-01 2.679252532756859484e-01 2.656489153394848146e-01 2.634010681029806955e-01 2.612012961704338054e-01 2.590604724068002462e-01 2.569458148465158520e-01 2.548568027811831116e-01 2.527929296081454225e-01 2.507537023591030478e-01
1.000000000000000000e+00 9.779655812359263622e-01 9.563845596821399786e-01 9.352909513223411908e-01 9.147140039013575974e-01 8.946438402645072729e-01 8.750984090870008725e-01 8.561173793996245118e-01 8.376385766830449775e-01 8.197221219377693879e-01 8.023332113338619287e-01 7.854430613899550107e-01 7.691176739051460709e-01 7.532293093149552421e-01 7.379232853057544617e-01 7.230038836163357185e-01 7.086593348708460915e-01 6.946661333020657247e-01 6.812203767485115469e-01 6.681095419704722316e-01 6.554924231058089079e-01 6.432166047779909190e-01 6.313578995763263757e-01 6.198687886943325953e-01 6.086994649333051788e-01 5.979489460236572240e-01 5.874514395150117751e-01 5.773438151437794152e-01 5.675178839117180907e-01 5.579457470577698919e-01 5.487471744750193059e-01 5.397563304321704170e-01 5.310403854441709814e-01 5.226179272228905770e-01 5.143804052596346876e-01 5.064133155839323219e-01 4.986905103975914355e-01 4.911323357493582731e-01 4.838176170587085712e-01 4.767256413983568808e-01 4.697803020231678950e-01 4.630321499010359720e-01 4.565093563918393160e-01 4.501173047877092270e-01 4.438600501031559897e-01 4.378513606506848066e-01 4.319593980882825424e-01 4.261807062570415194e-01 4.205830296478378916e-01 4.151436812394844189e-01 4.098056857992051771e-01 4.045661286189722317e-01 3.995262397920270048e-01 3.945880036395013613e-01 3.897380614046047076e-01 3.849801260368233558e-01 3.804050931122261447e-01 3.759093988993207902e-01 3.714908849342598574e-01 3.671489505205815518e-01 3.629758721984939207e-01 3.588723213988575522e-01 3.548364679349034212e-01 3.508665444582346749e-01 3.470296088326479400e-01 3.432747083610457883e-01 3.395793887353675267e-01 3.359421454841834409e-01 3.323868271779034100e-01 3.289429195621488278e-01 3.255516228110337806e-01 3.222116517697316551e-01 3.189217631080388804e-01 3.157274389905356804e-01 3.126084121580559039e-01 3.095348883975023724e-01 3.065058010126403554e-01 3.035201167873740613e-01 3.006247778057622444e-01 2.977907733482751951e-01 2.949963138941725238e-01 2.922405091767890650e-01 2.895224959103596118e-01 2.868744913257039175e-01 2.842916958484134615e-01 2.817434235589870162e-01 2.792289273666982985e-01 2.767474820930724277e-01 2.743037635798057372e-01 2.719433328907887581e-01 2.696131699574384477e-01 2.673126446868765993e-01 2.650411447678822086e-01 2.627980750440945257e-01 2.606030232519851442e-01 2.584668645315206237e-01 2.563568150408170876e-01 2.542723552045410007e-01 2.522129795224225535e-01 2.501781960988955222e-01
1.000000000000000000e+00 9.778875835673487282e-01 9.562323548378460769e-01 9.350698028718908983e-01 9.144292860265001988e-01 8.942997729880564073e-01 8.746997389656560040e-01 8.556697472964217566e-01 8.371452583497074329e-01 8.191882560425456372e-01 8.017625926008489223e-01 7.848388403818189474e-01 7.684844998590827370e-01 7.525688780243579012e-01 7.372404886077563724e-01 7.222995330958618121e-01 7.079380058412945154e-01 6.939282421564293424e-01 6.804698823574518718e-01 6.673468674097049469e-01 6.547205733972150110e-01 6.424363517194880968e-01 6.305711285576015568e-01 6.190768389313222597e-01 6.079030245206865635e-01 5.971500247134249317e-01 5.866500961460112684e-01 5.765416911533277622e-01 5.667155176217231194e-01 5.571434166152436918e-01 5.479463918890646879e-01 5.389570611349134843e-01 5.302432315841177912e-01 5.218237069193247812e-01 5.135890544489566389e-01 5.056254654947538452e-01 4.979066382982136330e-01 4.903523571549475712e-01 4.830420136360402128e-01 4.759547915259546569e-01 4.690141076994509550e-01 4.622708380921700111e-01 4.557533471036817052e-01 4.493664919937435664e-01 4.431143716219699269e-01 4.371113545238181075e-01 4.312249543538319574e-01 4.254517182035338907e-01 4.198597079780738150e-01 4.144261535464790480e-01 4.090938443238893996e-01 4.038598686965995110e-01 3.988258540392110030e-01 3.938934263416750126e-01 3.890491888852755098e-01 3.842968773627898904e-01 3.797276901113688652e-01 3.752377403581183546e-01 3.708248723893011189e-01 3.664884921781222382e-01 3.623211343471522405e-01 3.582232088708122708e-01 3.541928880644935607e-01 3.502284069961393298e-01 3.463969807202078033e-01 3.426475477631574229e-01 3.389576090172875533e-01 3.353256621963389139e-01 3.317756036661560493e-01 3.283369769886024803e-01 3.249508806088645119e-01 3.216160313380724278e-01 3.183311877480577978e-01 3.151419002748351295e-01 3.120278762594381750e-01 3.089592824236170876e-01 3.059350537781598267e-01 3.029541587604628883e-01 3.000635927938883341e-01 2.972343164516577096e-01 2.944445192189475424e-01 2.916933123110877490e-01 2.889798338794326016e-01 2.863363271170981106e-01 2.837579908383905392e-01 2.812141182142543494e-01 2.787039634410526379e-01 2.762268025896809642e-01 2.737873151163713881e-01 2.714310839055407709e-01 2.691050666630566690e-01 2.668086344147093114e-01 2.645411759364018067e-01 2.623020971284648062e-01 2.601109903974266890e-01 2.579787339481448005e-01 2.558725390870125738e-01 2.537918871859106695e-01 2.517362736661441502e-01 2.497052075289386830e-01
1.000000000000000000e+00 9.778253822475380108e-01 9.561108304449258410e-01 9.348929687030967939e-01 9.142013047328387820e-01 8.940239389955344507e-01 8.743797609900886281e-01 8.553100778636738566e-01 8.367485062561159648e-01 8.187585146580691475e-01 8.013029080487710232e-01 7.843517439301411764e-01 7.679737218205923144e-01 7.520357873101436441e-01 7.366890316915061243e-01 7.217303725799982805e-01 7.073548820399431225e-01 6.933314977192078787e-01 6.798627411109148255e-01 6.667296772322542919e-01 6.540957726661799088e-01 6.418045700540112586e-01 6.299338910818875759e-01 6.184352303053159972e-01 6.072576082445995116e-01 5.965024387993940191e-01 5.860003921998452325e-01 5.758912176879942280e-01 5.660647189886583996e-01 5.564925233045069364e-01 5.472966430841430530e-01 5.383084314556501049e-01 5.295962168240037071e-01 5.211789795911448975e-01 5.129465647477249313e-01 5.049857340990078214e-01 4.972700594558526199e-01 4.897188640415882088e-01 4.824120027914206021e-01 4.753285748673599653e-01 4.683916071192809061e-01 4.616522444136027525e-01 4.551390108668557088e-01 4.487563281715797880e-01 4.425083315805006801e-01 4.365098891033703521e-01 4.306279749643120991e-01 4.248591388713828798e-01 4.192717041087095642e-01 4.138428320359706092e-01 4.085151181671198284e-01 4.032856533849990543e-01 3.982563972506831806e-01 3.933286759714897385e-01 3.884890609966880071e-01 3.837413070816258487e-01 3.791768675138401656e-01 3.746915833040490584e-01 3.702833009690200128e-01 3.659514320445312885e-01 3.617887302099709879e-01 3.576953833262180305e-01 3.536695657426200401e-01 3.497095144913514586e-01 3.458825776227769100e-01 3.421376014994985115e-01 3.384520490140332516e-01 3.348244196592358168e-01 3.312786515321334835e-01 3.278443387067880299e-01 3.244624904077878513e-01 3.211318250503837346e-01 3.178511027583938997e-01 3.146659346609664842e-01 3.115560053336695057e-01 3.084914465609291945e-01 3.054711947491884350e-01 3.024942196877510314e-01 2.996075643017090395e-01 2.967821634172553846e-01 2.939961876625632464e-01 2.912487494664448007e-01 2.885389881570067372e-01 2.858991717900187801e-01 2.833244974257102533e-01 2.807842378539523454e-01 2.782776483270222312e-01 2.758040059407965150e-01 2.733679936588924719e-01 2.710152169263205790e-01 2.686926099404705615e-01 2.663995446464598182e-01 2.641354107136057450e-01 2.618996149106521676e-01 2.597117553415685398e-01 2.575827137846594117e-01 2.554796945866367186e-01 2.534021798990170327e-01 2.513496659016454804e-01 2.493216623338962157e-01
1.000000000000000000e+00 9.777752678189575164e-01 9.560127952918582306e-01 9.347500834577242568e-01 9.140168335330626226e-01 8.938004942520022533e-01 8.741202929067753979e-01 8.550181431501375773e-01 8.364262014826951974e-01 8.184091226819122378e-01 8.009288891884297490e-01 7.839551449074635414e-01 7.675575914457322124e-01 7.516012477607549869e-01 7.362393146527126397e-01 7.212660239053367839e-01 7.068789399242503269e-01 6.928442468984948865e-01 6.793668157447676492e-01 6.662253660450625503e-01 6.535850894701776825e-01 6.412880366973541246e-01 6.294127628223956661e-01 6.179104006742316413e-01 6.067295426894793176e-01 5.959724846282602462e-01 5.854685945159936455e-01 5.753586865530061489e-01 5.655318218617343407e-01 5.559594526916071811e-01 5.467644232070723032e-01 5.377770436635270768e-01 5.290660715284704052e-01 5.206506326430564435e-01 5.124199771671418269e-01 5.044613376873161581e-01 4.967481815959567393e-01 4.891994515018622813e-01 4.818953859365465719e-01 4.748150139283748850e-01 4.678810393230464770e-01 4.611448281671160498e-01 4.546350359172534050e-01 4.482557259132224359e-01 4.420110634348059508e-01 4.360163292757114339e-01 4.301380517502274015e-01 4.243727826816535154e-01 4.187890655467682577e-01 4.133640038851723597e-01 4.080400297188933045e-01 4.028142359575375142e-01 3.977888592873112250e-01 3.928649757219342398e-01 3.880291300994404557e-01 3.832850931625560453e-01 3.787245328466882222e-01 3.742430608477649301e-01 3.698385255014298156e-01 3.655103429959337680e-01 3.613514530472690112e-01 3.572618547436698377e-01 3.532397240966128060e-01 3.492832997434633380e-01 3.454600449122872119e-01 3.417187259937774502e-01 3.380367728572841179e-01 3.344126864530519994e-01 3.308704409937789914e-01 3.274396742888376899e-01 3.240613180931798953e-01 3.207340921385357646e-01 3.174567578224446462e-01 3.142749804845852979e-01 3.111684242167401804e-01 3.081071894288237578e-01 3.050902136751854066e-01 3.021164678570746331e-01 2.992330387291121108e-01 2.964108371569943445e-01 2.936280161893664031e-01 2.908836892553223197e-01 2.881769966529909577e-01 2.855402301841666879e-01 2.829685850710065842e-01 2.804313143621941506e-01 2.779276741822465646e-01 2.754569424737423056e-01 2.730238056972264515e-01 2.706738930881584793e-01 2.683541135894818019e-01 2.660638399074840010e-01 2.638024624512081973e-01 2.615693887084352687e-01 2.593842237372062653e-01 2.572578535431724323e-01 2.551574731351636260e-01 2.530825653116615115e-01 2.510326268819790818e-01 2.490071681980453588e-01
1.000000000000000000e+00 9.777352646425153671e-01 9.559344416900014130e-01 9.346357087410652742e-01 9.138689645101928383e-01 8.936211718543767279e-01 8.739118248900138441e-01 8.547833577441338315e-01 8.361667763255449248e-01 8.181276838750461966e-01 8.006274210103321298e-01 7.836352989638742939e-01 7.672218213420002320e-01 7.512504605315429851e-01 7.358761261943240761e-01 7.208908790029181501e-01 7.064942984499346101e-01 6.924503423876435804e-01 6.789657868138192498e-01 6.658174493242999814e-01 6.531719140988226924e-01 6.408700270786982234e-01 6.289909494118888222e-01 6.174855172821069882e-01 6.063019695475569959e-01 5.955433191038587148e-01 5.850378748746448698e-01 5.749273131148481264e-01 5.651000937308419125e-01 5.555275281182674441e-01 5.463331374589950329e-01 5.373463829899877142e-01 5.286363715142382569e-01 5.202223472554451389e-01 5.119930759553548150e-01 5.040361721705232112e-01 4.963250185234552858e-01 4.887782487374697782e-01 4.814764112670631979e-01 4.743984784405619326e-01 4.674668930796160304e-01 4.607332028693658099e-01 4.542261711064310981e-01 4.478495667053856155e-01 4.416075792854555759e-01 4.356158245854273026e-01 4.297404690417630513e-01 4.239780661701535447e-01 4.183973375706500075e-01 4.129753399876127662e-01 4.076543731573764040e-01 4.024315316133184606e-01 3.974092802358640264e-01 3.924884889392961651e-01 3.876556806043696124e-01 3.829146390147337153e-01 3.783572075334695195e-01 3.738788103886987457e-01 3.694772973785973580e-01 3.651520884861248484e-01 3.609962764308019545e-01 3.569097049852897885e-01 3.528905514993249115e-01 3.489370559027419882e-01 3.451167779936181179e-01 3.413784170240374283e-01 3.376993751116431630e-01 3.340781543822876620e-01 3.305387594985004229e-01 3.271108651568299108e-01 3.237353376315708076e-01 3.204108977181234774e-01 3.171363078431840843e-01 3.139572793292768060e-01 3.108534588250456698e-01 3.077949200508511285e-01 3.047806014898443161e-01 3.018094749430082491e-01 2.989286666201919074e-01 2.961090656655485098e-01 2.933288091679464027e-01 2.905870113677266886e-01 2.878828133497454145e-01 2.852485282370595399e-01 2.826793495123522404e-01 2.801445123481672295e-01 2.776432735776403482e-01 2.751749118312385445e-01 2.727441168724038523e-01 2.703965412348398600e-01 2.680790688493125962e-01 2.657910730418760470e-01 2.635319448238939710e-01 2.613010922686354043e-01 2.591181279920914959e-01 2.569939425171746672e-01 2.548957202192367877e-01 2.528229444247931390e-01 2.507751124569214674e-01 2.487517351675214983e-01
1.000000000000000000e+00 9.777027224821712714e-01 9.558706185931176158e-01 9.345423947280907528e-01 9.137481359099691725e-01 8.934744596775198167e-01 8.737410879899067950e-01 8.545908665622243827e-01 8.359538943048723247e-01 8.178965505489917964e-01 8.003796618628746806e-01 7.833722681202670568e-01 7.669455340425306300e-01 7.509616652132824477e-01 7.355769768800629604e-01 7.205817456655784214e-01 7.061772307500455703e-01 6.921255357878765002e-01 6.786350243146035410e-01 6.654809289196975675e-01 6.528309887292113034e-01 6.405250501911009531e-01 6.286427704748503986e-01 6.171347417794824652e-01 6.059489162707794030e-01 5.951889060819515187e-01 5.846821350594927358e-01 5.745710031908392024e-01 5.647434655823692085e-01 5.551707132831583680e-01 5.459768265226505601e-01 5.369905653868000117e-01 5.282813241482926525e-01 5.198684444297543283e-01 5.116402932743547849e-01 5.036848051804622139e-01 4.959752917186570631e-01 4.884301278166766069e-01 4.811301196020577042e-01 4.740541922303158073e-01 4.671245714560074980e-01 4.603929519668612524e-01 4.538881843394295679e-01 4.475137992299112466e-01 4.412740066167736286e-01 4.352847029059963568e-01 4.294117512227221267e-01 4.236517064667008614e-01 4.180734360250721871e-01 4.126539583410335221e-01 4.073354648787737009e-01 4.021150515001417070e-01 3.970953682083581682e-01 3.921771177398847286e-01 3.873468051740360796e-01 3.826082251156966429e-01 3.780533667546245868e-01 3.735774984434119816e-01 3.691784711778091643e-01 3.648557080422239474e-01 3.607024266677428814e-01 3.566183440349011691e-01 3.526016385893392946e-01 3.486505513193576267e-01 3.448327213628113452e-01 3.410967928068213140e-01 3.374201449649611995e-01 3.338012809261802216e-01 3.302642305830855163e-01 3.268386991988782020e-01 3.234654987581807584e-01 3.201433509282998746e-01 3.168710189795865828e-01 3.136942533274604816e-01 3.105926857494324955e-01 3.075363672285363892e-01 3.045242370102087537e-01 3.015552676338917881e-01 2.986766182752115251e-01 2.958591599095246050e-01 2.930810162733297752e-01 2.903413022731696214e-01 2.876391596399927586e-01 2.850069209432584127e-01 2.824397780035771133e-01 2.799069495614043279e-01 2.774076930329623658e-01 2.749412876147679374e-01 2.725124259976945962e-01 2.701667816881660467e-01 2.678512159959686167e-01 2.655651027578136425e-01 2.633078334813642729e-01 2.610788167223359046e-01 2.588976728672078287e-01 2.567752970361291687e-01 2.546788623764091875e-01 2.526078526506857491e-01 2.505617656063865994e-01 2.485401125083817608e-01
1.000000000000000000e+00 9.776766155881460030e-01 9.558193585862827524e-01 9.344673374583771785e-01 9.136508190714175415e-01 8.933561623487151770e-01 8.736032681765102392e-01 8.544353329147822418e-01 8.357817422732495283e-01 8.177095005232734026e-01 8.001790274542183168e-01 7.831591444802963320e-01 7.667215553385431370e-01 7.507274405728234790e-01 7.353342542805474391e-01 7.203308279284316162e-01 7.059197780433885683e-01 6.918617095286222485e-01 6.783662792151120557e-01 6.652074283423918821e-01 6.525538482117713146e-01 6.402445616374700110e-01 6.283596319684976450e-01 6.168494511413263881e-01 6.056617352029182166e-01 5.949005861208405133e-01 5.843927041537396727e-01 5.742810810294496360e-01 5.644532590532582716e-01 5.548803318748896096e-01 5.456868415331410649e-01 5.367009688439936532e-01 5.279923455534681898e-01 5.195803937242018389e-01 5.113531509699758004e-01 5.033988125214164944e-01 4.956906320235646701e-01 4.881467734689663440e-01 4.808482537427743453e-01 4.737739593938675720e-01 4.668459385968175002e-01 4.601160079097846856e-01 4.536130902560894240e-01 4.472405186875785255e-01 4.410025194059188358e-01 4.350152122480342443e-01 4.291442189158083953e-01 4.233860954264091481e-01 4.178098293026399346e-01 4.123924073984184258e-01 4.070759319193415493e-01 4.018574998025734035e-01 3.968399092340204048e-01 3.919237291536035728e-01 3.870954504036034916e-01 3.823588762204909730e-01 3.778061119117113731e-01 3.733323017424430290e-01 3.689352976766437919e-01 3.646145252908931100e-01 3.604633022269845832e-01 3.563812439669367116e-01 3.523665298422758996e-01 3.484174016970001397e-01 3.446015602301063518e-01 3.408676067813853350e-01 3.371929030116766479e-01 3.335759527874537778e-01 3.300408061834420037e-01 3.266171929121033934e-01 3.232458815528759799e-01 3.199255944769585636e-01 3.166550956358356594e-01 3.134801652178909048e-01 3.103804237264339294e-01 3.073259048860041975e-01 3.043155485566731433e-01 3.013483278733465887e-01 2.984714285247864751e-01 2.956557068762958873e-01 2.928792759277491498e-01 2.901412511229922719e-01 2.874407747140901859e-01 2.848101941524097125e-01 2.822447000149046481e-01 2.797134985147983199e-01 2.772158475382854315e-01 2.747510267381483295e-01 2.723237312179646596e-01 2.699796518450309213e-01 2.676656311795765908e-01 2.653810434701691645e-01 2.631252806247694753e-01 2.608977515882371367e-01 2.587180830708395995e-01 2.565971739327092549e-01 2.545021881750134107e-01 2.524326099122747857e-01 2.503879372343245646e-01 2.483676817392694580e-01
1.000000000000000000e+00 9.776555227335934628e-01 9.557778942049605098e-01 9.344065340073783865e-01 9.135718782399080418e-01 8.932601031889365606e-01 8.734912602948264881e-01 8.543088340715994100e-01 8.356416374955502047e-01 8.175571748209131684e-01 8.000155428719640804e-01 7.829853874317725948e-01 7.665388541306440429e-01 7.505362928832507441e-01 7.351360909619617523e-01 7.201258987299037351e-01 7.057094454544715623e-01 6.916461075271131964e-01 6.781465951267261483e-01 6.649837975950375624e-01 6.523271788733446819e-01 6.400150931842815138e-01 6.281279438992952713e-01 6.166159569812030838e-01 6.054266524396024751e-01 5.946645372386731854e-01 5.841557132692890564e-01 5.740436582365429086e-01 5.642155753499548121e-01 5.546424786016754815e-01 5.454492910327403132e-01 5.364637154595160995e-01 5.277555817411900829e-01 5.193443790229008705e-01 5.111178699981872020e-01 5.031644658900980005e-01 4.954573723198658630e-01 4.879145784844268752e-01 4.806172758616375495e-01 4.735443189862441615e-01 4.666176088749987017e-01 4.598890637514201907e-01 4.533876668799895482e-01 4.470165863916221727e-01 4.407800620378401479e-01 4.347944006482133417e-01 4.289250218161179684e-01 4.231684824680417289e-01 4.175938679434462175e-01 4.121781393754644363e-01 4.068633262935141826e-01 4.016465265104894877e-01 3.966306624844593287e-01 3.917161909011449561e-01 3.868895906375027227e-01 3.821546718572748080e-01 3.776036328542660137e-01 3.731315185575789228e-01 3.687361817213763437e-01 3.644170499591654067e-01 3.602675227170194505e-01 3.561871324529687910e-01 3.521740592220143351e-01 3.482265455670629506e-01 3.444123404710656700e-01 3.406800117913748593e-01 3.370069073767914536e-01 3.333915317281191948e-01 3.298579507392755406e-01 3.264359132805386143e-01 3.230661539868989185e-01 3.197473958032864827e-01 3.164784032364250099e-01 3.133049790266496104e-01 3.102067351900023584e-01 3.071536924375612432e-01 3.041447911296938922e-01 3.011790048860441549e-01 2.983035391477792952e-01 2.954892394576797421e-01 2.927142108717010194e-01 2.899775692704287255e-01 2.872784573295478205e-01 2.846492331575721235e-01 2.820850864943119651e-01 2.795552146725395204e-01 2.770588759598416884e-01 2.745953503793006067e-01 2.721693348098165877e-01 2.698265326370634098e-01 2.675137729836630229e-01 2.652304304320299844e-01 2.629758972146280516e-01 2.607495825918026422e-01 2.585711175935295203e-01 2.564514036542838715e-01 2.543575986505770548e-01 2.522891869817912580e-01 2.502456670149609264e-01 2.482265506179945347e-01
1.000000000000000000e+00 9.776383811124329526e-01 9.557441712053866834e-01 9.343570402842015232e-01 9.135075714834474114e-01 8.931817936013545234e-01 8.733998734220772553e-01 8.542055348511059520e-01 8.355271427489928682e-01 8.174326099686078928e-01 7.998817828754255510e-01 7.828431627086063216e-01 7.663892521985792294e-01 7.503797226342976412e-01 7.349737189991575326e-01 7.199579311719938035e-01 7.055369986608680533e-01 6.914692931736156067e-01 6.779663911629292272e-01 6.648003168057745604e-01 6.521411719759414582e-01 6.398267588968558073e-01 6.279377563495840420e-01 6.164242549268030835e-01 6.052336148658978843e-01 5.944706734984581686e-01 5.839610444674245837e-01 5.738486059635662384e-01 5.640202816711840095e-01 5.544470200564756146e-01 5.452540589160821405e-01 5.362687060799340433e-01 5.275609544807062790e-01 5.191503484557526971e-01 5.109244243077701864e-01 5.029717709678651616e-01 4.952655545028101236e-01 4.877236202336042714e-01 4.804273075351557787e-01 4.733554437680361771e-01 4.664298052069965062e-01 4.597023935538673278e-01 4.532022416120271013e-01 4.468323820397039348e-01 4.405970660159689301e-01 4.346127585965002815e-01 4.287447082786661756e-01 4.229894727228104556e-01 4.174162201357745627e-01 4.120018898177050248e-01 4.066884496702783403e-01 4.014729982175274103e-01 3.964585616760182285e-01 3.915455029713018620e-01 3.867202909706742298e-01 3.819867417644741692e-01 3.774371336772710528e-01 3.729664260677820198e-01 3.685724723366256006e-01 3.642547017662284836e-01 3.601065808791007461e-01 3.560275740545655321e-01 3.520158619400090561e-01 3.480696876507143878e-01 3.442568418573145328e-01 3.405258634586595390e-01 3.368540883416117904e-01 3.332400215279237021e-01 3.297077412109823413e-01 3.262870111495755898e-01 3.229185396732472957e-01 3.196010501975724005e-01 3.163333076848191538e-01 3.131611337201920531e-01 3.100641332165205433e-01 3.070123159981384409e-01 3.040046228363031400e-01 3.010400277488260445e-01 2.981657500669451233e-01 2.953526278093790425e-01 2.925787605223583165e-01 2.898432644443618700e-01 2.871452825982620527e-01 2.845171812867799410e-01 2.819541496288645588e-01 2.794253781677873416e-01 2.769301254835746517e-01 2.744676719026970524e-01 2.720427154067618924e-01 2.697009666133738381e-01 2.673892470599250060e-01 2.651069316014831867e-01 2.628534127355637295e-01 2.606280999802278453e-01 2.584506271231644670e-01 2.563318972645462490e-01 2.542390645103316249e-01 2.521716134922177832e-01 2.501290428033348667e-01 2.481108645316725259e-01
1.000000000000000000e+00 9.776244478085891476e-01 9.557167260563808053e-01 9.343166912218238140e-01 9.134550644924134266e-01 8.931177786031847532e-01 8.733251013732427070e-01 8.541209681115013996e-01 8.354333697400597725e-01 8.173305489637139321e-01 7.997721383761625669e-01 7.827265238987265450e-01 7.662665129434204081e-01 7.502512202174438372e-01 7.348404189946600162e-01 7.198200047769104382e-01 7.053953714171719014e-01 6.913240580936242941e-01 6.778183514440357937e-01 6.646495662861577891e-01 6.519883243521575888e-01 6.396719778126374045e-01 6.277814359080956530e-01 6.162666768900584291e-01 6.050749274117930288e-01 5.943112965091640332e-01 5.838009961719137220e-01 5.736882294149082684e-01 5.638596931258890166e-01 5.542862835595289139e-01 5.450934982783267602e-01 5.361083190426177980e-01 5.274008702468513388e-01 5.189907406992625427e-01 5.107652841144451061e-01 5.028132369905318200e-01 4.951077325015587616e-01 4.875664964264784240e-01 4.802709863096735199e-01 4.732000077785095127e-01 4.662752374066731487e-01 4.595487468788390650e-01 4.530496105136889717e-01 4.466807472936634715e-01 4.404464176927089247e-01 4.344632157116016802e-01 4.285962503773467769e-01 4.228420799320061763e-01 4.172699420979222862e-01 4.118567578201591806e-01 4.065444432480745940e-01 4.013300974739025251e-01 3.963168335052659752e-01 3.914049357922634864e-01 3.865808648034491646e-01 3.818484416886089861e-01 3.773000135722806014e-01 3.728304661765630690e-01 3.684376534242865264e-01 3.641210059990079295e-01 3.599740479682978500e-01 3.558961852469667564e-01 3.518855989630091385e-01 3.479405326962136669e-01 3.441288132032033764e-01 3.403989542655193601e-01 3.367282813787903506e-01 3.331152999891349720e-01 3.295840993604854385e-01 3.261644566635150677e-01 3.227970564131075193e-01 3.194806224098528102e-01 3.162139199887651908e-01 3.130427864607450705e-01 3.099468208014427573e-01 3.068960237395604862e-01 3.038893363830165173e-01 3.009257330759264604e-01 2.980524460860838332e-01 2.952403063577245246e-01 2.924674082464380764e-01 2.897328682849228398e-01 2.870358297815224780e-01 2.844086651710823754e-01 2.818465631351970146e-01 2.793187091823845503e-01 2.768243621494275719e-01 2.743628026121587293e-01 2.719387294759142981e-01 2.695978594515838767e-01 2.672870076733835920e-01 2.650055492206802588e-01 2.627528768090711120e-01 2.605284001686966611e-01 2.583517546330159065e-01 2.562338442625755608e-01 2.541418212173330859e-01 2.520751703198294558e-01 2.500333903489570520e-01 2.480159935735531118e-01
1.000000000000000000e+00 9.776130994411232900e-01 9.556943571296270257e-01 9.342837820417871919e-01 9.134122131672659517e-01 8.930655071830245761e-01 8.732640121588299831e-01 8.540518238151906250e-01 8.353566451549875316e-01 8.172469879295829465e-01 7.996823238433654613e-01 7.826309434898454098e-01 7.661658974319471849e-01 7.501458468623113385e-01 7.347310805856989147e-01 7.197068432817780304e-01 7.052791401242639591e-01 6.912048350426517329e-01 6.776967997014782252e-01 6.645257644890432136e-01 6.518627862047715604e-01 6.395448405864760932e-01 6.276530220633197432e-01 6.161372173233896632e-01 6.049445453590757138e-01 5.941803392965862018e-01 5.836694797457935291e-01 5.735564415828298124e-01 5.637277318165699880e-01 5.541542012259553784e-01 5.449615569060892728e-01 5.359765175112125579e-01 5.272693166317412583e-01 5.188595799905402206e-01 5.106345095494130293e-01 5.026829604311431332e-01 4.949780393358169661e-01 4.874373758987692318e-01 4.801425242437608043e-01 4.730722722027646543e-01 4.661482148135195902e-01 4.594224794626633468e-01 4.529241735075383302e-01 4.465561254159142179e-01 4.403226031462282308e-01 4.343403047598493605e-01 4.284742266950706813e-01 4.227209276485113243e-01 4.171497006693867249e-01 4.117374520847380537e-01 4.064260568420656750e-01 4.012126144797059091e-01 3.962003087802754009e-01 3.912893601694333867e-01 3.864662222504318678e-01 3.817347201943211976e-01 3.771872558482951554e-01 3.727186563592429502e-01 3.683267760631557808e-01 3.640110468033482816e-01 3.598650414220967986e-01 3.557881162261829489e-01 3.517784527260146565e-01 3.478342948711432570e-01 3.440234991904542183e-01 3.402945587212713452e-01 3.366247903704250310e-01 3.330126999229306994e-01 3.294823863690035659e-01 3.260636386710438206e-01 3.226971203163727653e-01 3.193815554145703617e-01 3.161157095998987643e-01 3.129454346355165506e-01 3.098503239831157385e-01 3.068003699475305157e-01 3.037945139083112478e-01 3.008317304729326569e-01 2.979592635019730484e-01 2.951479375564592389e-01 2.923758423020323405e-01 2.896420945096521149e-01 2.869458377189064713e-01 2.843194507848392782e-01 2.817581218596399428e-01 2.792310310595440548e-01 2.767374374303376294e-01 2.742766217508907367e-01 2.718532838039250943e-01 2.695131463380174841e-01 2.672030180553977008e-01 2.649222742186022050e-01 2.626703077213640158e-01 2.604465284670979819e-01 2.582705734212831783e-01 2.561533476385049468e-01 2.540620010989641520e-01 2.519960187815013519e-01 2.499548996171806481e-01 2.479381560230183856e-01
1.000000000000000000e+00 9.776038630417034359e-01 9.556761384830804174e-01 9.342569496179392585e-01 9.133772393616133023e-01 8.930228110492292037e-01 8.732140795972981318e-01 8.539952796451197869e-01 8.352938777268037462e-01 8.171786030374489362e-01 7.996087944516833135e-01 7.825526658233601385e-01 7.660834710113342272e-01 7.500595002551952994e-01 7.346414628820175929e-01 7.196140722922725885e-01 7.051838297951938950e-01 6.911070510038771486e-01 6.775970876397660048e-01 6.644241904302994328e-01 6.517597686966210002e-01 6.394404928697737800e-01 6.275476106386558284e-01 6.160309333557162370e-01 6.048374912407483706e-01 5.940728011179554624e-01 5.835614718019472846e-01 5.734482012367958514e-01 5.636193405364411380e-01 5.540457033212036198e-01 5.448531695949638820e-01 5.358682407807390247e-01 5.271612405463673712e-01 5.187518250368465811e-01 5.105270709218914238e-01 5.025759312921195265e-01 4.948714909347621815e-01 4.873313000120491623e-01 4.800369916398888326e-01 4.729673390571727531e-01 4.660438705546061655e-01 4.593187593130989010e-01 4.528211398411927657e-01 4.464537661146289471e-01 4.402209120259709119e-01 4.342393583248746469e-01 4.283740119582290506e-01 4.226214319724826973e-01 4.170509557233865183e-01 4.116394778155814671e-01 4.063288401798292315e-01 4.011161427008408942e-01 3.961046247972292433e-01 3.911944565583880262e-01 3.863720861874451740e-01 3.816413419223051440e-01 3.770946672398888810e-01 3.726268447437867115e-01 3.682357290925193927e-01 3.639207530210704089e-01 3.597755265615317222e-01 3.556993682106415755e-01 3.516904597777962271e-01 3.477470455018475959e-01 3.439370054702313717e-01 3.402088163006890542e-01 3.365397881004534852e-01 3.329284269205093350e-01 3.293988389782465109e-01 3.259808219946304098e-01 3.226150238770461032e-01 3.193001689776498453e-01 3.160350231657635400e-01 3.128654497228606224e-01 3.097710377117657288e-01 3.067217727188254472e-01 3.037165963374998112e-01 3.007544833827635045e-01 2.978826878164557712e-01 2.950720286047736618e-01 2.923005912978178245e-01 2.895674928550647231e-01 2.868718769991503437e-01 2.842461281819413932e-01 2.816854340746366980e-01 2.791589700597851276e-01 2.766659953491855672e-01 2.742057908830493052e-01 2.717830572939071154e-01 2.694435234394430001e-01 2.671339914264962978e-01 2.648538366638224506e-01 2.626024521874092410e-01 2.603792480390978992e-01 2.582038632437975711e-01 2.560872040788553239e-01 2.539964175754038656e-01 2.519309888378026274e-01 2.498904169193627567e-01 2.478742143561808720e-01
1.000000000000000000e+00 9.775962768325073826e-01 9.556611614510177599e-01 9.342348767315548086e-01 9.133484531987762223e-01 8.929876509853031941e-01 8.731729381814935520e-01 8.539486617480882558e-01 8.352421020374537486e-01 8.171221689132831534e-01 7.995480942725365914e-01 7.824880285841351313e-01 7.660153893379165746e-01 7.499881635388458978e-01 7.345674059439309955e-01 7.195373940279501390e-01 7.051050430368668298e-01 6.910262115305191299e-01 6.775146442195018048e-01 6.643401990460430229e-01 6.516745755521177186e-01 6.393541927654463608e-01 6.274604233572135259e-01 6.159430169559929613e-01 6.047489310602000012e-01 5.939838327572644072e-01 5.834721083638814143e-01 5.733586373688067672e-01 5.635296438943042663e-01 5.539559113743535157e-01 5.447634611260757653e-01 5.357786168971375718e-01 5.270717759534757629e-01 5.186626192606237362e-01 5.104381209842319134e-01 5.024873140898165058e-01 4.947832654389875962e-01 4.872434603109623286e-01 4.799495979362760067e-01 4.728804392846480686e-01 4.659574566961601771e-01 4.592328604311933238e-01 4.527358069703724119e-01 4.463689898870399353e-01 4.401366881335781467e-01 4.341557535544316448e-01 4.282910160642296460e-01 4.225390349709779447e-01 4.169691837302624271e-01 4.115583473685879290e-01 4.062483408789294148e-01 4.010362644095643581e-01 3.960254023001661960e-01 3.911158839700254464e-01 3.862941532472196071e-01 3.815640408931008642e-01 3.770180248883299723e-01 3.725508508799199592e-01 3.681603737768969764e-01 3.638460270026855903e-01 3.597014491945783043e-01 3.556259297730017255e-01 3.516176507804961715e-01 3.476748566817478570e-01 3.438654444996951387e-01 3.401378790782996764e-01 3.364694656589385380e-01 3.328587105002947522e-01 3.293297251298150097e-01 3.259123137008208548e-01 3.225471127127152449e-01 3.192328467073716758e-01 3.159682817381113118e-01 3.127992887820707502e-01 3.097054539994601452e-01 3.066567585289686204e-01 3.036521441313283498e-01 3.006905857839029528e-01 2.978193437735399685e-01 2.950092336124703341e-01 2.922383383175716220e-01 2.895057749955902704e-01 2.868106875122645172e-01 2.841854639599730170e-01 2.816252917227455854e-01 2.790993431475726205e-01 2.766068775759955023e-01 2.741471760744002562e-01 2.717249398773121660e-01 2.693859020814346472e-01 2.670768602458610252e-01 2.647971898938085156e-01 2.625462841726921570e-01 2.603235532328472268e-01 2.581486376445967790e-01 2.560324446047705926e-01 2.539421189432152781e-01 2.518771458628529247e-01 2.498370245130419887e-01 2.478212675234899853e-01
1.000000000000000000e+00 9.775900881010028964e-01 9.556489358804862722e-01 9.342168417839533667e-01 9.133249130957411532e-01 8.929588804034073179e-01 8.731392569073355148e-01 8.539104808089974519e-01 8.351996812384515634e-01 8.170759128329042609e-01 7.994983252437216636e-01 7.824350172679596094e-01 7.659595374358527664e-01 7.499296272104316596e-01 7.345066206404102793e-01 7.194744425710024593e-01 7.050403460107833586e-01 6.909598166704498112e-01 6.774469163990389786e-01 6.642711860067019858e-01 6.516045652067691263e-01 6.392832650807070971e-01 6.273887598698083545e-01 6.158707486435254230e-01 6.046761293076141630e-01 5.939106916741880848e-01 5.833986401475275141e-01 5.732850016076131983e-01 5.634558969464479317e-01 5.538820850783692240e-01 5.446897023720566056e-01 5.357049277640638651e-01 5.269982168192803851e-01 5.185892701226900714e-01 5.103649804893923836e-01 5.024144452338243916e-01 4.947107167069322853e-01 4.871712278154272657e-01 4.798777291471616468e-01 4.728089720875984781e-01 4.658863854322519149e-01 4.591622091702686204e-01 4.526656173824675777e-01 4.462992550998127750e-01 4.400674051628271632e-01 4.340869744656885576e-01 4.282227332149001198e-01 4.224712408944114594e-01 4.169018999369909495e-01 4.114915876414648177e-01 4.061820973246287325e-01 4.009705293189780861e-01 3.959602048539572761e-01 3.910512198928849936e-01 3.862300146401804191e-01 3.815004218809980863e-01 3.769549475701320929e-01 3.724883073463210459e-01 3.680983563015887139e-01 3.637845284014353808e-01 3.596404856467831368e-01 3.555654936709823355e-01 3.515577346894034894e-01 3.476154533344666397e-01 3.438065606069926616e-01 3.400795116036670063e-01 3.364116075282642671e-01 3.328013547955330220e-01 3.292728690970726513e-01 3.258559596323017948e-01 3.224912539345294316e-01 3.191774766892795934e-01 3.159133940893977255e-01 3.127448827252876651e-01 3.096515266475432515e-01 3.066033037593893229e-01 3.035991559489755187e-01 3.006380583175253807e-01 2.977672750791460765e-01 2.949576196366560654e-01 2.921871734653568864e-01 2.894550537844794991e-01 2.867604045691936054e-01 2.841356156228143637e-01 2.815758742394579572e-01 2.790503514157751108e-01 2.765583065923868378e-01 2.740990209321392257e-01 2.716771959019468885e-01 2.693385658801490945e-01 2.670299271675654618e-01 2.647506553746379887e-01 2.625001437337809995e-01 2.602778024781746136e-01 2.581032724614074625e-01 2.559874610738904210e-01 2.538975128985109242e-01 2.518329132131801318e-01 2.497931612404002133e-01 2.477777696812328012e-01
1.000000000000000000e+00 9.775850291848481310e-01 9.556389361959823914e-01 9.342020804961965741e-01 9.133056335882416832e-01 8.929353035183628107e-01 8.731116396308087335e-01 8.538791578570636975e-01 8.351648661280801633e-01 8.170379380348498088e-01 7.994574531573480636e-01 7.823914688510867910e-01 7.659136440592043682e-01 7.498815190737486702e-01 7.344566562491242623e-01 7.194226919682792376e-01 7.049871521005054431e-01 6.909052208025509012e-01 6.773912226356537669e-01 6.642144355889963991e-01 6.515469868283945143e-01 6.392249244999388402e-01 6.273298064716807954e-01 6.158112907488053622e-01 6.046162259833673946e-01 5.938504992837059238e-01 5.833381705659486105e-01 5.732243847386954139e-01 5.633951798596994465e-01 5.538212956296530987e-01 5.446289629542931943e-01 5.356442415884832275e-01 5.269376348381181741e-01 5.185288593046876171e-01 5.103047410000343120e-01 5.023544286273525783e-01 4.946509628657233537e-01 4.871117346751465682e-01 4.798185357568559017e-01 4.727501097539036912e-01 4.658278504952489407e-01 4.591040213414661619e-01 4.526078101917011542e-01 4.462418237857764813e-01 4.400103479036883147e-01 4.340303315880776891e-01 4.281664992535550440e-01 4.224154104852532177e-01 4.168464892202986549e-01 4.114366069893303224e-01 4.061275409778866141e-01 4.009163916325628185e-01 3.959065068655859276e-01 3.909979584083929649e-01 3.861771838272269886e-01 3.814480173610968472e-01 3.769029852488663956e-01 3.724367813432507557e-01 3.680472608574968940e-01 3.637338581447016050e-01 3.595902524628226682e-01 3.555156918516867437e-01 3.515083586438854102e-01 3.475664975860435768e-01 3.437580302040035840e-01 3.400314042362667100e-01 3.363639178330448121e-01 3.327540775173434273e-01 3.292260022173773004e-01 3.258095050580790963e-01 3.224452065648086840e-01 3.191318315243575343e-01 3.158681462282036945e-01 3.127000318375418586e-01 3.096070706656567917e-01 3.065592379593998773e-01 3.035554756982600799e-01 3.005947590724653562e-01 2.977243556227429644e-01 2.949150769415378459e-01 2.921450031776480216e-01 2.894132516320944148e-01 2.867189663597861649e-01 2.840945385139810320e-01 2.815351553111583582e-01 2.790099866712432708e-01 2.765182921076935751e-01 2.740593528544006396e-01 2.716378705007944094e-01 2.692995799501630705e-01 2.669912770515995848e-01 2.647123374801176876e-01 2.624621545311657811e-01 2.602401384994648126e-01 2.580659299652007799e-01 2.559504361883125911e-01 2.538608023420927395e-01 2.517965137602183878e-01 2.497570697196709877e-01 2.477419829747409263e-01
1.000000000000000000e+00 9.775809003618747273e-01 9.556307704813277182e-01 9.341900176988988669e-01 9.132898667567704853e-01 8.929160114184271357e-01 8.730890318804945816e-01 8.538535057316509747e-01 8.351363436454423139e-01 8.170068140112388688e-01 7.994239434245956621e-01 7.823557556816197467e-01 7.658759962251437958e-01 7.498420444540215835e-01 7.344156471052704083e-01 7.193802080622453410e-01 7.049434731756671901e-01 6.908603833536401950e-01 6.773454730340011665e-01 6.641678100373280547e-01 6.514996750501166334e-01 6.391769827398574577e-01 6.272813571514628261e-01 6.157624232693778010e-01 6.045669909140122256e-01 5.938010267976959744e-01 5.832884723596547527e-01 5.731745670484839073e-01 5.633452823870578330e-01 5.537713413497570292e-01 5.445790450492874468e-01 5.355943644653499147e-01 5.268878397789730217e-01 5.184791998976725491e-01 5.102552189924267623e-01 5.023050855541746351e-01 4.946018311171226367e-01 4.870628140063885114e-01 4.797698575501423979e-01 4.727016993454173366e-01 4.657797061840771580e-01 4.590561597599415733e-01 4.525602587872232796e-01 4.461945797956045623e-01 4.399634108273383637e-01 4.339837341459344966e-01 4.281202379607287334e-01 4.223694818870069034e-01 4.168009066000848972e-01 4.113913790847515961e-01 4.060826638945638223e-01 4.008718615260575824e-01 3.958623396680864825e-01 3.909541520314578911e-01 3.861337341948180013e-01 3.814049213727560561e-01 3.768602536822145410e-01 3.723944100320947803e-01 3.680052457023075263e-01 3.636921952781251299e-01 3.595489486691926806e-01 3.554747430441537737e-01 3.514677608033922040e-01 3.475262467602123762e-01 3.437181282051946507e-01 3.399918488550042195e-01 3.363247051942314103e-01 3.327152038110031129e-01 3.291874652256187583e-01 3.257713044914481437e-01 3.224073387263034496e-01 3.190942927791785566e-01 3.158309330025251827e-01 3.126631426665779090e-01 3.095705033047112531e-01 3.065229889629037530e-01 3.035195416780500643e-01 3.005591366966221534e-01 2.976890430981539160e-01 2.948800716613025341e-01 2.921103019425501657e-01 2.893788512953963665e-01 2.866848638261544902e-01 2.840607313724962113e-01 2.815016411237388771e-01 2.789767624746282704e-01 2.764853549863025561e-01 2.740266999393507485e-01 2.716054990019377557e-01 2.692674874057697232e-01 2.669594607227582794e-01 2.646807946710114656e-01 2.624308825881975227e-01 2.602091348104040303e-01 2.580351917576106380e-01 2.559199606156131734e-01 2.538305869174978247e-01 2.517665560349442999e-01 2.497273672821774537e-01 2.477125334499880593e-01
1.000000000000000000e+00 9.775775273237971019e-01 9.556240761488895563e-01 9.341800894509537656e-01 9.132765557623908625e-01 8.928994399955393346e-01 8.730694726000423067e-01 8.538313150663584539e-01 8.351117220963877319e-01 8.169800736706922528e-01 7.993952600036775546e-01 7.823252782081442369e-01 7.658439446735296752e-01 7.498085089402921621e-01 7.343808644274038011e-01 7.193442293820794253e-01 7.049065256582131012e-01 6.908224994304204003e-01 6.773068503384324091e-01 6.641284805467660979e-01 6.514597931449462864e-01 6.391365962115497235e-01 6.272405647064716039e-01 6.157212977065796844e-01 6.045255744418605026e-01 5.937594232479468381e-01 5.832466934925721880e-01 5.731326988397775768e-01 5.633033583575475234e-01 5.537293819280146856e-01 5.445371266064640281e-01 5.355524923731108666e-01 5.268460474252655290e-01 5.184375299466044140e-01 5.102136744481275965e-01 5.022636995151011918e-01 4.945606296424610582e-01 4.870217982925993949e-01 4.797290523056711997e-01 4.726611246811097122e-01 4.657393619526274953e-01 4.590160582965039926e-01 4.525204197624151936e-01 4.461550021095825880e-01 4.399240948521218053e-01 4.339447027843427174e-01 4.280814894329668108e-01 4.223310143780200643e-01 4.167627293865657778e-01 4.113534983679990598e-01 4.060450774199412249e-01 4.008345670290306972e-01 3.958253484303970171e-01 3.909174629144083202e-01 3.860973446573782164e-01 3.813688295327017919e-01 3.768244675078079586e-01 3.723589268162069699e-01 3.679700627552373038e-01 3.636573100402502590e-01 3.595143656949751354e-01 3.554404595806795464e-01 3.514337741222941514e-01 3.474925541582911115e-01 3.436847302614967070e-01 3.399587438398115613e-01 3.362918904164469147e-01 3.326826766080645537e-01 3.291552234692710632e-01 3.257393466995693876e-01 3.223756622981056030e-01 3.190628951435536820e-01 3.157998116180372183e-01 3.126322947990432533e-01 3.095399263405175239e-01 3.064926804544794714e-01 3.034894992070583664e-01 3.005293578738143512e-01 2.976595243830550963e-01 2.948508102324096658e-01 2.920812955201143590e-01 2.893500976274531178e-01 2.866563606883033022e-01 2.840324753279460657e-01 2.814736289123287438e-01 2.789489919843547439e-01 2.764578241310601814e-01 2.739994066586732280e-01 2.715784410219069800e-01 2.692406604246585511e-01 2.669328627878807536e-01 2.646544238535627480e-01 2.624047369829926035e-01 2.601832125356122738e-01 2.580094899999469393e-01 2.558944760432164678e-01 2.538053177469104527e-01 2.517415005043679432e-01 2.497025236512113722e-01 2.476878999993661346e-01
1.000000000000000000e+00 9.775747727698502754e-01 9.556185690288245826e-01 9.341720828008587274e-01 9.132663314687606837e-01 8.928871262208087911e-01 8.730551538934154809e-01 8.538150441429182003e-01 8.350935037919656745e-01 8.169598036588104906e-01 7.993727996079627030e-01 7.823005321429804537e-01 7.658172160121970995e-01 7.497799174062085292e-01 7.343504919018504218e-01 7.193121354739350215e-01 7.048735625158293328e-01 6.907886988240621307e-01 6.772724912548613307e-01 6.640935949634545477e-01 6.514245021477651498e-01 6.391009395176429075e-01 6.272046213388419167e-01 6.156851265811007501e-01 6.044892101419379049e-01 5.937229462361193200e-01 5.832101152825778234e-01 5.730960847300208272e-01 5.632667353523320708e-01 5.536927674106312258e-01 5.445005787180963175e-01 5.355160171931198088e-01 5.268096710040782726e-01 5.184012848580316080e-01 5.101775646634515438e-01 5.022277498741799517e-01 4.945248599516356980e-01 4.869862108952945356e-01 4.796936654267652256e-01 4.726259533110633848e-01 4.657044071999881796e-01 4.589813296288753897e-01 4.524859315255045367e-01 4.461207544949277737e-01 4.398900888838758183e-01 4.339109534410721669e-01 4.280479962448069942e-01 4.222977767830852214e-01 4.167297531133091204e-01 4.113207873188937658e-01 4.060126305913538403e-01 4.008023833561804028e-01 3.957934328178507322e-01 3.908858146958484880e-01 3.860659624973183379e-01 3.813377122416168885e-01 3.767936166584140434e-01 3.723283409116276976e-01 3.679397402716093612e-01 3.636272494478852702e-01 3.594845665945493596e-01 3.554109203651558135e-01 3.514044931692262286e-01 3.474635298321152588e-01 3.436559604237416354e-01 3.399302266956829022e-01 3.362636243132003377e-01 3.326546598872164862e-01 3.291274539551727329e-01 3.257118215875605682e-01 3.223483799467908306e-01 3.190358539108634761e-01 3.157730098624052517e-01 3.126057298081074132e-01 3.095135958433254397e-01 3.064665828421182514e-01 3.034636328744381162e-01 3.005037212204775265e-01 2.976341135749876465e-01 2.948256227511558136e-01 2.920563298275736797e-01 2.893253521918027205e-01 2.866318339845556062e-01 2.840081637322185437e-01 2.814495290626249924e-01 2.789251024320136829e-01 2.764341434349162907e-01 2.739759333854392964e-01 2.715551733183002581e-01 2.692175927650026779e-01 2.669099938227083024e-01 2.646317522413034751e-01 2.623822613902471734e-01 2.601609316374006164e-01 2.579874005677511573e-01 2.558725737728322347e-01 2.537836013998591156e-01 2.517199688501582377e-01 2.496811754675148098e-01 2.476667340721738775e-01
1.000000000000000000e+00 9.775725709364605498e-01 9.556141646510294407e-01 9.341656161755598209e-01 9.132575387121193433e-01 8.928762082974361913e-01 8.730425948410327486e-01 8.538010163067883962e-01 8.350781130280316988e-01 8.169432148383076742e-01 7.993555383621619992e-01 7.822830158241294018e-01 7.657991718941331571e-01 7.497612952129281139e-01 7.343316389715358605e-01 7.192930840000553161e-01 7.048534778398153344e-01 6.907676188737866818e-01 6.772502396415278625e-01 6.640702058355426596e-01 6.513995776028719265e-01 6.390744400987636853e-01 6.271769188769018566e-01 6.156564878314334521e-01 6.044598452354495999e-01 5.936934788605957580e-01 5.831805585214048238e-01 5.730664895393130509e-01 5.632371253092675056e-01 5.536631588269436133e-01 5.444710155927900974e-01 5.354865076333864549e-01 5.267802361452014193e-01 5.183719499486207916e-01 5.101483357646540151e-01 5.021986459719089968e-01 4.944958966670880418e-01 4.869573926730886293e-01 4.796650056614769064e-01 4.725974633546833892e-01 4.656760902430236992e-01 4.589531929513041564e-01 4.524579847306487990e-01 4.460929998113878359e-01 4.398625287428282182e-01 4.338835961530795871e-01 4.280208433072753560e-01 4.222708295215039653e-01 4.167030147368385729e-01 4.112942603246246831e-01 4.059863157836668957e-01 4.007762814079210423e-01 3.957675451389051080e-01 3.908601417925388066e-01 3.860405046789877059e-01 3.813124696376535283e-01 3.767685881067725506e-01 3.723035264622349128e-01 3.679151398914872195e-01 3.636028629768164322e-01 3.594603906317204722e-01 3.553869547148285069e-01 3.513807375713108305e-01 3.474399839665024969e-01 3.436326206089613255e-01 3.399070915680936222e-01 3.362406934633956346e-01 3.326319328589543156e-01 3.291049285744789832e-01 3.256894935959863679e-01 3.223262488486504651e-01 3.190139191734800983e-01 3.157512709187052513e-01 3.125841817987377591e-01 3.094922356225097149e-01 3.064454098525937753e-01 3.034426465311870769e-01 3.004829209127163892e-01 2.976134944347857969e-01 2.948051823643779157e-01 2.920360676005575029e-01 2.893052675101087656e-01 2.866119262144981028e-01 2.839884286834490346e-01 2.814299629552354243e-01 2.789057046718179667e-01 2.764149134118586981e-01 2.739568704747858963e-01 2.715362764110006988e-01 2.691988566929228721e-01 2.668914179875623294e-01 2.646133360329386286e-01 2.623640041875766049e-01 2.601428328092848519e-01 2.579694573655635925e-01 2.558547822437669539e-01 2.537659609535681815e-01 2.517024788879796415e-01 2.496638353831693302e-01 2.476495432524232210e-01
1.000000000000000000e+00 9.775709865816295530e-01 9.556110954970852278e-01 9.341609010674446489e-01 9.132515293162468684e-01 8.928689312900858210e-01 8.730339192919827074e-01 8.537910028235177196e-01 8.350668532967010504e-01 8.169309062823154610e-01 7.993421888208988024e-01 7.822686399984977168e-01 7.657834678229045178e-01 7.497442215262064558e-01 7.343137929259039298e-01 7.192745330089079792e-01 7.048346154022123722e-01 6.907484678181534665e-01 6.772311301845976850e-01 6.640511618914365366e-01 6.513811899711211550e-01 6.390568244478068705e-01 6.271598001426877955e-01 6.156396777589785430e-01 6.044432036367614058e-01 5.936765210995106345e-01 5.831633048908858585e-01 5.730489386355885895e-01 5.632192893071085171e-01 5.536449990914514840e-01 5.444522345454240186e-01 5.354671303047967568e-01 5.267603508117513211e-01 5.183516656171167636e-01 5.101276711385352991e-01 5.021777995662691785e-01 4.944750255843731179e-01 4.869365064020729772e-01 4.796441659024418547e-01 4.725767214191374799e-01 4.656554521790490231e-01 4.589326654313116149e-01 4.524375746599073600e-01 4.460727121032538323e-01 4.398423679566852984e-01 4.338635660693213048e-01 4.280009479359744295e-01 4.222510726003541603e-01 4.166833979331458493e-01 4.112747855592884805e-01 4.059669861222247600e-01 4.007570996972026345e-01 3.957485090083672774e-01 3.908412532668236183e-01 3.860217661161894909e-01 3.812938828143698222e-01 3.767501485164879149e-01 3.722852360822246354e-01 3.678970005470262872e-01 3.635848762373103948e-01 3.594425507871508718e-01 3.553692633058816996e-01 3.513631960144132371e-01 3.474225935606436444e-01 3.436153762800155942e-01 3.398899926269223215e-01 3.362237410214395372e-01 3.326151279307348885e-01 3.290882696078018532e-01 3.256729759302082194e-01 3.223098733597117849e-01 3.189976866567932889e-01 3.157351820934500841e-01 3.125682321365816918e-01 3.094764226444344235e-01 3.064297341927608165e-01 3.034271087597329442e-01 3.004675215391099941e-01 2.975982279407760056e-01 2.947900466690739352e-01 2.920210631677513935e-01 2.892903947520337193e-01 2.865971854944762698e-01 2.839738161596003230e-01 2.814154752433294937e-01 2.788913421074897259e-01 2.764006762888822077e-01 2.739427590471767426e-01 2.715222900387547766e-01 2.691849873399400073e-01 2.668776659165300602e-01 2.645997014717855200e-01 2.623504873311732211e-01 2.601294338210621837e-01 2.579561733438129334e-01 2.558416085368528936e-01 2.537528977347792147e-01 2.516895263029947372e-01 2.496509935513740175e-01 2.476368122681632811e-01
1.000000000000000000e+00 9.775695980955741993e-01 9.556083169356568430e-01 9.341566872245282704e-01 9.132461788784956846e-01 8.928624458649023765e-01 8.730261482057330991e-01 8.537821261143515583e-01 8.350569532009902707e-01 8.169200720069973443e-01 7.993304869536959067e-01 7.822561310369768872e-01 7.657709527632822200e-01 7.497319156576813803e-01 7.343011074526594184e-01 7.192614611414955839e-01 7.048212558258029059e-01 6.907348458847141215e-01 6.772174131004040643e-01 6.640373746212467898e-01 6.513672927849932792e-01 6.390428254893981697e-01 6.271457594521283596e-01 6.156256415200007659e-01 6.044291209934954390e-01 5.936621827330805790e-01 5.831487322971734555e-01 5.730343868048747291e-01 5.632048492696092312e-01 5.536307238055268032e-01 5.444383639724281743e-01 5.354536685521532613e-01 5.267472767663935462e-01 5.183389493669792181e-01 5.101153168008860650e-01 5.021655706283795206e-01 4.944627391535111882e-01 4.869241744973902275e-01 4.796313483065625660e-01 4.725630621114952912e-01 4.656409782823330845e-01 4.589176870839224431e-01 4.524225687506319149e-01 4.460576879365414360e-01 4.398273217220639575e-01 4.338483080240383982e-01 4.279854900816159602e-01 4.222354263981232814e-01 4.166677341854976291e-01 4.112592307704305838e-01 4.059515451409022035e-01 4.007417770755029585e-01 3.957332981808892591e-01 3.908261573294925517e-01 3.860067890328058304e-01 3.812790276033762860e-01 3.767354073705355133e-01 3.722706124792273807e-01 3.678824977520113726e-01 3.635704971202906588e-01 3.594282857280657884e-01 3.553551152071592889e-01 3.513491676012783227e-01 3.474086873902801353e-01 3.436015851202688931e-01 3.398763159990824123e-01 3.362101812248210475e-01 3.326016871236739947e-01 3.290749459071338756e-01 3.256597625548852126e-01 3.222967722787307143e-01 3.189846997198443335e-01 3.157223110368149732e-01 3.125554710552112536e-01 3.094637686133066556e-01 3.064171888152256717e-01 3.034146735423541297e-01 3.004551978963252989e-01 2.975860091571089217e-01 2.947779306492275819e-01 2.920090512342649602e-01 2.892784881481558212e-01 2.865853853878748692e-01 2.839621180502897024e-01 2.814038752376061825e-01 2.788798413073307891e-01 2.763892757307533921e-01 2.739314597050063194e-01 2.715110918769862991e-01 2.691738821018907490e-01 2.668666545340349083e-01 2.645887848220073724e-01 2.623396662390128364e-01 2.601187090614566766e-01 2.579455419078920397e-01 2.558310652511039951e-01 2.537424433542157520e-01 2.516791615385090553e-01 2.496407190716166125e-01 2.476266287013374479e-01
1.000000000000000000e+00 9.775685175215534928e-01 9.556061970634235347e-01 9.341535090873943625e-01 9.132420190995993448e-01 8.928573655454155045e-01 8.730202167196047247e-01 8.537753170321992213e-01 8.350493134574833443e-01 8.169117211385820143e-01 7.993214144452963632e-01 7.822463371881650529e-01 7.657604538978297626e-01 7.497207443586249020e-01 7.342895089767400574e-01 7.192494797684589880e-01 7.048089317264438769e-01 6.907222094968883397e-01 6.772043556593346780e-01 6.640239236534574152e-01 6.513535774186637317e-01 6.390288930745848806e-01 6.271316481580232471e-01 6.156113844563191329e-01 6.044147411051037366e-01 5.936477013788860058e-01 5.831341705035434364e-01 5.730197416981264169e-01 5.631901328429465003e-01 5.536159745291137080e-01 5.444237091696305653e-01 5.354391220417001884e-01 5.267327752786813422e-01 5.183244030640044020e-01 5.101007410854395685e-01 5.021510888729483479e-01 4.944484494708878408e-01 4.869100857909770541e-01 4.796178191903863186e-01 4.725503848571526722e-01 4.656291469808170880e-01 4.589063373670326795e-01 4.524111245250154179e-01 4.460461616358805670e-01 4.398157520301811951e-01 4.338371278558433297e-01 4.279747013677782652e-01 4.222250307893286037e-01 4.166575010777562871e-01 4.112489928907077652e-01 4.059413108619580601e-01 4.007315543399894708e-01 3.957228247485339856e-01 3.908154177052660661e-01 3.859957952230715361e-01 3.812678078177990093e-01 3.767242416085185286e-01 3.722595063741367949e-01 3.678714566415332010e-01 3.635595258658966822e-01 3.594173764937653170e-01 3.553442727432060688e-01 3.513383964114963898e-01 3.473979917442314158e-01 3.435909699685676943e-01 3.398657854325414229e-01 3.361997388586468460e-01 3.325913363819324453e-01 3.290646849000751217e-01 3.256495829541913301e-01 3.222866772414860193e-01 3.189746922402610929e-01 3.157123939539628332e-01 3.125456373892228079e-01 3.094540152006659550e-01 3.064075182966008448e-01 3.034050884252200153e-01 3.004457005610979281e-01 2.975765915447666776e-01 2.947685906199126737e-01 2.919997910248173234e-01 2.892693098854287603e-01 2.865762910936427432e-01 2.839531022582836850e-01 2.813949332767445299e-01 2.788709750968771939e-01 2.763804870982645712e-01 2.739227503902902372e-01 2.715024623017155414e-01 2.691653219987767409e-01 2.668581655692746635e-01 2.645803685846348507e-01 2.623313242441209781e-01 2.601104427532726637e-01 2.579373479738237274e-01 2.558229376540463451e-01 2.537343834900160910e-01 2.516711707401986242e-01 2.496327986119363518e-01 2.476187797951524550e-01
1.000000000000000000e+00 9.775678217469230269e-01 9.556047546742897358e-01 9.341512761001556919e-01 9.132389503878519665e-01 8.928535190385415987e-01 8.730157161865739202e-01 8.537701830523787283e-01 8.350435749827859189e-01 8.169054102659694117e-01 7.993145960369028025e-01 7.822390704606319023e-01 7.657528846899943620e-01 7.497129338848516067e-01 7.342813130669110233e-01 7.192409244658544143e-01 7.048001314136393969e-01 6.907131967188913091e-01 6.771951663287131273e-01 6.640145883707279095e-01 6.513440180640341914e-01 6.390191186512202970e-01 6.271217449013112288e-01 6.156014192497756277e-01 6.044047997095103320e-01 5.936380106912328980e-01 5.831247470672482613e-01 5.730103895979324902e-01 5.631808021937921849e-01 5.536066786418424313e-01 5.444144299199482617e-01 5.354298782629797193e-01 5.267236239897276073e-01 5.183154135459941969e-01 5.100919271489269269e-01 5.021424197903178177e-01 4.944399035259297026e-01 4.869016760103408448e-01 4.796092031106390374e-01 4.725412858761665058e-01 4.656195891769963069e-01 4.588966375253543117e-01 4.524017719029275186e-01 4.460371619650105868e-01 4.398070900788788595e-01 4.338284869775524411e-01 4.279660925898541302e-01 4.222164645443083897e-01 4.166489678214830295e-01 4.112404878635036454e-01 4.059328435129608281e-01 4.007231336186204418e-01 3.957145719368242998e-01 3.908073502958577805e-01 3.859879186276615193e-01 3.812601104676716091e-01 3.767164602960802466e-01 3.722516504670589921e-01 3.678635350811355065e-01 3.635515476032166182e-01 3.594093765435285581e-01 3.553362584311169914e-01 3.513303747242518260e-01 3.473899693456246052e-01 3.435829325716778238e-01 3.398577332582517485e-01 3.361916781109105523e-01 3.325832729878083205e-01 3.290566237591576737e-01 3.256415277821237964e-01 3.222786332462370118e-01 3.189666643993216422e-01 3.157043870247714379e-01 3.125376355190561672e-01 3.094460106832534474e-01 3.063995157602005803e-01 3.033970923037482281e-01 3.004377151025816040e-01 2.975686432631289291e-01 2.947606927321465009e-01 2.919919468248632910e-01 2.892615225212688546e-01 2.865685635736184844e-01 2.839454346989260802e-01 2.813873259994105758e-01 2.788634307952700397e-01 2.763730083473779908e-01 2.739153396514170113e-01 2.714951204051254119e-01 2.691580365867188851e-01 2.668509389965461054e-01 2.645732031058623535e-01 2.623242220178452766e-01 2.601034058458499554e-01 2.579303726197167967e-01 2.558160167453296663e-01 2.537275190184053453e-01 2.516643646155825031e-01 2.496260526655845746e-01 2.476120957827857572e-01
1.000000000000000000e+00 9.775672062756670666e-01 9.556034999084200843e-01 9.341496114801076667e-01 9.132368742154882701e-01 8.928509915145292908e-01 8.730126612490775040e-01 8.537666213088389577e-01 8.350395352913966285e-01 8.169009238715845278e-01 7.993097158945492442e-01 7.822338471263903248e-01 7.657472102238226386e-01 7.497068120201202390e-01 7.342749521362724741e-01 7.192343710605374474e-01 7.047933230422722684e-01 6.907061715879072583e-01 6.771879504393393256e-01 6.640072175097427865e-01 6.513365909542943033e-01 6.390116801294142279e-01 6.271142297721414849e-01 6.155937915564750895e-01 6.043970832146813299e-01 5.936302101308055246e-01 5.831168914441710038e-01 5.730022795184295248e-01 5.631723945675739529e-01 5.535980390580619304e-01 5.444057769095538291e-01 5.354212352588167967e-01 5.267149787566225427e-01 5.183067409919360768e-01 5.100832487801028048e-01 5.021337216714714113e-01 4.944311783002336425e-01 4.868929431017157139e-01 4.796008329184112684e-01 4.725335816829783209e-01 4.656125541829292946e-01 4.588900083395570650e-01 4.523951275164911356e-01 4.460305179640418061e-01 4.398004616790122112e-01 4.338218954264216332e-01 4.279595509425710431e-01 4.222099851463659292e-01 4.166425201643788601e-01 4.112340523597103892e-01 4.059264319470679561e-01 4.007167571618081570e-01 3.957082790841082165e-01 3.908011542646193104e-01 3.859818281944609186e-01 3.812541266692153763e-01 3.767104740106226868e-01 3.722456712641215026e-01 3.678575720633935342e-01 3.635456099801781527e-01 3.594035081479380889e-01 3.553304664953798597e-01 3.513246661143885063e-01 3.473843505792252317e-01 3.435773776712923167e-01 3.398522389922085662e-01 3.361862507049414583e-01 3.325779183656591420e-01 3.290513311372971206e-01 3.256362660564914857e-01 3.222734083255510695e-01 3.189614819236301635e-01 3.156992523777168436e-01 3.125325577339068128e-01 3.094409969661275350e-01 3.063945707028039589e-01 3.033922202867808116e-01 3.004329203051934183e-01 2.975638884252715943e-01 2.947559645338420076e-01 2.919872497073171536e-01 2.892568607392441704e-01 2.865639412033694766e-01 2.839408396330418971e-01 2.813827478983014219e-01 2.788588736458724737e-01 2.763684759776021682e-01 2.739108357366495383e-01 2.714906463507674728e-01 2.691535754031618710e-01 2.668464942262774309e-01 2.645687781560350227e-01 2.623198201656112283e-01 2.600990302434584289e-01 2.579260174022200980e-01 2.558116708862273048e-01 2.537231856028083765e-01 2.516600466164047312e-01 2.496217529477764707e-01 2.476078171073884115e-01
1.000000000000000000e+00 9.775669475198615066e-01 9.556029616543294525e-01 9.341488347623635446e-01 9.132357850660907106e-01 8.928495764031342263e-01 8.730109291682004446e-01 8.537645845726465899e-01 8.350372173660175479e-01 8.168983450640872057e-01 7.993068606039517299e-01 7.822307131638901456e-01 7.657437506812427852e-01 7.497030484226967495e-01 7.342709359824324267e-01 7.192301466221022732e-01 7.047888478550369262e-01 6.907014902756576369e-01 6.771830998636970689e-01 6.640022395064399952e-01 6.513314615342599145e-01 6.390064266462727183e-01 6.271088458668226950e-01 6.155882836840553818e-01 6.043914418190301507e-01 5.936243137203290887e-01 5.831107785584780379e-01 5.729961735828851266e-01 5.631663873507433138e-01 5.535921183298840864e-01 5.443997490093250846e-01 5.354151304551983959e-01 5.267088222368410122e-01 5.183005552251648274e-01 5.100770595800326879e-01 5.021274634437810080e-01 4.944248043332569731e-01 4.868864785536702877e-01 4.795943005147814686e-01 4.725270030857866010e-01 4.656059507799001906e-01 4.588834018426373174e-01 4.523885394154403272e-01 4.460239662892225843e-01 4.397939608326222327e-01 4.338154200225892709e-01 4.279531170674755192e-01 4.222036080209093933e-01 4.166362578237343128e-01 4.112279501019424632e-01 4.059205012508199095e-01 4.007110088451080188e-01 3.957027403588496695e-01 3.907958361580451956e-01 3.859767394134342999e-01 3.812492744943344336e-01 3.767058515879510572e-01 3.722412860793385958e-01 3.678534311498950493e-01 3.635417153780883259e-01 3.593995710674968147e-01 3.553264977409344438e-01 3.513206759939688228e-01 3.473803489280563039e-01 3.435733925828199364e-01 3.398482847165820164e-01 3.361823354075118564e-01 3.325740498312776960e-01 3.290474886071398375e-01 3.256323940202149325e-01 3.222695149163641859e-01 3.189575749263671156e-01 3.156953392444132311e-01 3.125286744609107603e-01 3.094371674361580671e-01 3.063908007856634419e-01 3.033885155902159569e-01 3.004292861865315301e-01 2.975602828605963812e-01 2.947523728424698009e-01 2.919836774905006371e-01 2.892533133680397772e-01 2.865604238283613325e-01 2.839373431632469247e-01 2.813792647328094976e-01 2.788554086802081389e-01 2.763650339137596612e-01 2.739074210909829832e-01 2.714872630700627676e-01 2.691502238983886630e-01 2.668431785538993295e-01 2.645655022139167256e-01 2.623165876993169832e-01 2.600958448522720512e-01 2.579228749663445841e-01 2.558085628525305077e-01 2.537201154030533368e-01 2.516570175528944353e-01 2.496187681982985074e-01 2.476048797299489623e-01
1.000000000000000000e+00 9.775670619665178807e-01 9.556032025585210476e-01 9.341489245951506426e-01 9.132357774218328172e-01 8.928494680300589348e-01 8.730106884438955106e-01 8.537641971056879608e-01 8.350366941641093055e-01 8.168976817696603776e-01 7.993060471540831546e-01 7.822297528399581035e-01 7.657427106953493823e-01 7.497019802629830698e-01 7.342697488073142154e-01 7.192288804189910234e-01 7.047873566483496832e-01 6.906998259057198775e-01 6.771812743419381997e-01 6.640003011720622128e-01 6.513294075264408622e-01 6.390042937548807700e-01 6.271066215765590535e-01 6.155859719711419542e-01 6.043890905011691794e-01 5.936219787601957343e-01 5.831084987440122713e-01 5.729938617615072394e-01 5.631640405201724375e-01 5.535897702091121531e-01 5.443974183973068204e-01 5.354128504837381008e-01 5.267065726642787826e-01 5.182982966248318446e-01 5.100748224545340603e-01 5.021252794237945904e-01 4.944227028043389205e-01 4.868844850753646369e-01 4.795923113301889251e-01 4.725249370607851329e-01 4.656038341024123506e-01 4.588812594577889592e-01 4.523863950313412596e-01 4.460218420968958264e-01 4.397918645605078392e-01 4.338131634071131226e-01 4.279507231849394855e-01 4.222010987960490569e-01 4.166336454198970585e-01 4.112252480178772429e-01 4.059177285679630431e-01 4.007081836982431811e-01 3.956997540857458140e-01 3.907926945729688351e-01 3.859734605245155326e-01 3.812458754583055720e-01 3.767023485892866952e-01 3.722376947297361682e-01 3.678497663369961201e-01 3.635379938621884355e-01 3.593959719528792007e-01 3.553230311437823863e-01 3.513173515090504129e-01 3.473771756544178357e-01 3.435702714493720222e-01 3.398451934230537486e-01 3.361792838994364097e-01 3.325710475931904497e-01 3.290445485884289645e-01 3.256295335179663630e-01 3.222667419648971854e-01 3.189548971835145519e-01 3.156927640088781906e-01 3.125261431921610988e-01 3.094346480662549803e-01 3.063883011516879695e-01 3.033860431956982295e-01 3.004268482160257769e-01 2.975578766847762902e-01 2.947500011015476984e-01 2.919813466804805357e-01 2.892510297133588093e-01 2.865581932934282428e-01 2.839351487535126672e-01 2.813770919546036420e-01 2.788532633522879389e-01 2.763629216235127806e-01 2.739053472038776582e-01 2.714852289425891407e-01 2.691481980524292883e-01 2.668411662574483589e-01 2.645635085360273919e-01 2.623146175179102979e-01 2.600939028616022775e-01 2.579209552243532655e-01 2.558066533150072930e-01 2.537182205830487147e-01 2.516551418000077533e-01 2.496169157048373499e-01 2.476030545368267943e-01
1.000000000000000000e+00 9.775673439467963410e-01 9.556036774494037767e-01 9.341495871539925444e-01 9.132365754201793306e-01 8.928503573861682474e-01 8.730116147596879150e-01 8.537651081319255209e-01 8.350375839551433810e-01 8.168985115131972563e-01 7.993068341982949576e-01 7.822305234988269351e-01 7.657434635169682036e-01 7.497027550391732742e-01 7.342703680972241242e-01 7.192293905324547154e-01 7.047879119191861053e-01 6.907004809988498417e-01 6.771818334261724415e-01 6.640008134931882910e-01 6.513298297131531189e-01 6.390046612511630642e-01 6.271069128574758844e-01 6.155861871549314079e-01 6.043892688680871927e-01 5.936221280902137520e-01 5.831086668766992664e-01 5.729940547771577020e-01 5.631642893847660369e-01 5.535900778912214992e-01 5.443976095995377573e-01 5.354129681963967213e-01 5.267065870991951559e-01 5.182981519538870652e-01 5.100745586515533780e-01 5.021248764873145198e-01 4.944221517002388433e-01 4.868838218475008417e-01 4.795915683707073773e-01 4.725241452592331970e-01 4.656030240810218324e-01 4.588803850396547812e-01 4.523853640887882666e-01 4.460206844324706155e-01 4.397906175289436059e-01 4.338119964083009261e-01 4.279496586936574754e-01 4.222001580578805258e-01 4.166327422003770486e-01 4.112243241117914949e-01 4.059168053193524250e-01 4.007072813583359427e-01 3.956988569030017722e-01 3.907918178408176790e-01 3.859726222126087514e-01 3.812450920427944423e-01 3.767016268352297859e-01 3.722370501908440210e-01 3.678492137834978304e-01 3.635375444389677413e-01 3.593954528164545192e-01 3.553224580883577177e-01 3.513167396059579395e-01 3.473765392863157886e-01 3.435696147654846433e-01 3.398445268139841380e-01 3.361786200650362377e-01 3.325703986599954365e-01 3.290439179763193223e-01 3.256289141629720163e-01 3.222661448290077835e-01 3.189543327439883225e-01 3.156922422801611838e-01 3.125256256527361720e-01 3.094341154512875169e-01 3.063877633243229370e-01 3.033855096074985491e-01 3.004263279248345908e-01 2.975573525697067789e-01 2.947494707721028395e-01 2.919808186216502066e-01 2.892505120682479225e-01 2.865576938776004390e-01 2.839346532041563398e-01 2.813765882455278033e-01 2.788527589452176048e-01 2.763624236917583410e-01 2.739048626440021561e-01 2.714847610087253171e-01 2.691477207172764952e-01 2.668406861109823280e-01 2.645630319235685590e-01 2.623141505496701664e-01 2.600934514218112281e-01 2.579205124955228912e-01 2.558062051899621103e-01 2.537177727106760816e-01 2.516546996281332493e-01 2.496164844877553357e-01 2.476026393425128369e-01
1.000000000000000000e+00 9.775678009006902869e-01 9.556045180350343227e-01 9.341508083981717725e-01 9.132381023443885137e-01 8.928521465541732205e-01 8.730136257164297087e-01 8.537672771185306209e-01 8.350399020608032519e-01 8.169009334531451838e-01 7.993093286351653504e-01 7.822330806430159988e-01 7.657460139215498396e-01 7.497053292522524170e-01 7.342729225312157881e-01 7.192319848608845767e-01 7.047903912658042280e-01 6.907029153087347328e-01 6.771840959054145070e-01 6.640029681797944283e-01 6.513318221505631778e-01 6.390065346943949454e-01 6.271086920999857650e-01 6.155879071327932106e-01 6.043909537675890009e-01 5.936237117534447494e-01 5.831102084458372747e-01 5.729954748610130988e-01 5.631655998216910097e-01 5.535913208643317152e-01 5.443987692298866143e-01 5.354140949453167764e-01 5.267076801362013949e-01 5.182991914076569007e-01 5.100755896081756724e-01 5.021259050088283660e-01 4.944231897051091229e-01 4.868849087160371236e-01 4.795926815598564596e-01 4.725252713638067870e-01 4.656041984769390130e-01 4.588815958003139017e-01 4.523865706525425079e-01 4.460219189790721739e-01 4.397918935415456310e-01 4.338130765827777902e-01 4.279505757575386427e-01 4.222009430911226047e-01 4.166334557709224784e-01 4.112250167903666043e-01 4.059175027220678356e-01 4.007080077880844637e-01 3.956996261756358102e-01 3.907926510524812325e-01 3.859735402894096667e-01 3.812461029737830853e-01 3.767025583645752240e-01 3.722379237037998223e-01 3.678500496498037786e-01 3.635383619541195377e-01 3.593962634866868511e-01 3.553232796404114380e-01 3.513175889302861954e-01 3.473774324770868005e-01 3.435704718315054640e-01 3.398453353904113960e-01 3.361793960179044194e-01 3.325711571506255182e-01 3.290446599207898504e-01 3.256296232648579481e-01 3.222668349914256103e-01 3.189550172692955932e-01 3.156929338969022281e-01 3.125263033764575371e-01 3.094347713439076775e-01 3.063884093113939944e-01 3.033861571179111150e-01 3.004269879123572795e-01 2.975579953239844144e-01 2.947500896651633062e-01 2.919814240950402429e-01 2.892511141468581126e-01 2.865583021870863889e-01 2.839352565451377930e-01 2.813771775177423828e-01 2.788533431867515899e-01 2.763630115923190744e-01 2.739054625589968373e-01 2.714853762459095710e-01 2.691483136458406866e-01 2.668412648039173996e-01 2.645636041564514707e-01 2.623147238122373603e-01 2.600940329290247766e-01 2.579210894594471393e-01 2.558067533734413868e-01 2.537182991853803027e-01 2.516552112183036982e-01 2.496169877794155445e-01 2.476031406922921674e-01
1.000000000000000000e+00 9.775686242275429816e-01 9.556060892570110710e-01 9.341529851477068380e-01 9.132407825899313547e-01 8.928552674196701400e-01 8.730171255648564443e-01 8.537710673153021679e-01 8.350439600460002332e-01 8.169051774006023114e-01 7.993137260115833476e-01 7.822376233918065802e-01 7.657506528796355072e-01 7.497101079849405325e-01 7.342777305383851871e-01 7.192368900881255245e-01 7.047953236624772133e-01 6.907079549973421662e-01 6.771891683505703030e-01 6.640081472512493477e-01 6.513369598765830215e-01 6.390116638587277631e-01 6.271137691192347763e-01 6.155929232607808554e-01 6.043959359081093607e-01 5.936285734969480865e-01 5.831150209347215618e-01 5.730002207107816048e-01 5.631703170890149934e-01 5.535960423087422644e-01 5.444033869340921816e-01 5.354186697160362440e-01 5.267122160135124798e-01 5.183036711926243267e-01 5.100800673765661930e-01 5.021303151292296763e-01 4.944274899585266447e-01 4.868891490811251277e-01 4.795968288473873575e-01 4.725293049122266664e-01 4.656081635334218261e-01 4.588854535147303682e-01 4.523902316366948395e-01 4.460254258025098117e-01 4.397952908988217446e-01 4.338164707037294177e-01 4.279540015133784236e-01 4.222044335039483176e-01 4.166369453300572956e-01 4.112284648412724564e-01 4.059209403980809094e-01 4.007114646333440611e-01 3.957029828204093880e-01 3.907959217270745578e-01 3.859767530908246869e-01 3.812492796390661298e-01 3.767056439829861159e-01 3.722409439337697745e-01 3.678530289297448630e-01 3.635413220220423125e-01 3.593991270216230216e-01 3.553260694471570558e-01 3.513203267684614772e-01 3.473801391106073888e-01 3.435731440232821510e-01 3.398479855274416650e-01 3.361820426185908595e-01 3.325738178998083328e-01 3.290473217460342381e-01 3.256322357548478985e-01 3.222694150281033565e-01 3.189575810079424700e-01 3.156954967986874139e-01 3.125288307485800665e-01 3.094372481102213857e-01 3.063908501790085781e-01 3.033885761878939435e-01 3.004293987059165616e-01 2.975603653997218045e-01 2.947524126082364804e-01 2.919837127285839773e-01 2.892533807867861961e-01 2.865605586632322122e-01 2.839374854280657945e-01 2.813793644045711750e-01 2.788554992896365992e-01 2.763651476968991827e-01 2.739075890415515468e-01 2.714874980981126784e-01 2.691503925750343140e-01 2.668433107318892716e-01 2.645656266427676706e-01 2.623167320682913695e-01 2.600960358314723386e-01 2.579230814725815835e-01 2.558087206603023023e-01 2.537202501354323125e-01 2.516571539256469148e-01 2.496189300538059208e-01 2.476050900696967760e-01
1.000000000000000000e+00 9.775697668951870423e-01 9.556082524900958441e-01 9.341560375906923230e-01 9.132445729670882750e-01 8.928597089548384602e-01 8.730221382401687213e-01 8.537765376910657622e-01 8.350498632869843840e-01 8.169114315082761646e-01 7.993202776256210784e-01 7.822444511398659595e-01 7.657576439091086096e-01 7.497173003108770217e-01 7.342850177800073208e-01 7.192443535397248233e-01 7.048027663044560409e-01 6.907154745489133552e-01 6.771966436448471072e-01 6.640156681575652975e-01 6.513444422108993770e-01 6.390191654131296417e-01 6.271212320702531651e-01 6.156003332236341663e-01 6.044033313828022225e-01 5.936358721873095101e-01 5.831223073123917855e-01 5.730074109223470824e-01 5.631774370096254145e-01 5.536031325508887768e-01 5.444103204857572154e-01 5.354255204635050003e-01 5.267189661730407035e-01 5.183102695098100732e-01 5.100865807710692756e-01 5.021366992488112135e-01 4.944337211846009383e-01 4.868952879925127486e-01 4.796028346743169135e-01 4.725351521827252932e-01 4.656139071405609453e-01 4.588911461360041244e-01 4.523959235862475281e-01 4.460311635716330825e-01 4.398011043822698807e-01 4.338221805102047690e-01 4.279596515406653423e-01 4.222100653674585868e-01 4.166425088100415008e-01 4.112339322338874892e-01 4.059263500248169176e-01 4.007168528787374839e-01 3.957082674093180263e-01 3.908011256521701782e-01 3.859819097529919030e-01 3.812544145714882871e-01 3.767106870829696752e-01 3.722459257679505695e-01 3.678579786051101030e-01 3.635462657434909151e-01 3.594039933855787683e-01 3.553308852474866275e-01 3.513251175584205521e-01 3.473849292617841034e-01 3.435778684060140642e-01 3.398526413039181793e-01 3.361866527389138493e-01 3.325784042942264707e-01 3.290518737761878865e-01 3.256367032793406335e-01 3.222738187445033931e-01 3.189619407300691711e-01 3.156998314960806629e-01 3.125331112697167235e-01 3.094414638923462246e-01 3.063950189748232966e-01 3.033927150195537825e-01 3.004335238965771260e-01 2.975644356256047507e-01 2.947564192301074804e-01 2.919876712722528911e-01 2.892573061655759337e-01 2.865644652034819440e-01 2.839413507546088566e-01 2.813831699620853444e-01 2.788592586928001493e-01 2.763688740445059966e-01 2.739112949372329298e-01 2.714911896226306909e-01 2.691540233696650963e-01 2.668468928516526950e-01 2.645691717044095781e-01 2.623202512672569986e-01 2.600995399581383927e-01 2.579265580332559815e-01 2.558121438015732441e-01 2.537236302413358180e-01 2.516605010190604563e-01 2.496222538098644694e-01 2.476083998286443544e-01
1.000000000000000000e+00 9.775711858873784577e-01 9.556109403816224201e-01 9.341598474048090628e-01 9.132493619467563217e-01 8.928653793363890978e-01 8.730285878925921894e-01 8.537836194148871183e-01 8.350575389655868763e-01 8.169195856048288018e-01 7.993288381096512740e-01 7.822533859292845060e-01 7.657668283440305368e-01 7.497267819654892529e-01 7.342946119397749660e-01 7.192541552434141838e-01 7.048126128489614617e-01 6.907254817804030500e-01 6.772066604553370617e-01 6.640258010085724472e-01 6.513545722107675351e-01 6.390293577619923227e-01 6.271314150174424062e-01 6.156104877023823585e-01 6.044134895299699828e-01 5.936458895052825202e-01 5.831322859959420235e-01 5.730172611811238381e-01 5.631871937215741086e-01 5.536128550157737305e-01 5.444199127536102356e-01 5.354350701039559679e-01 5.267284468146087306e-01 5.183196133036817033e-01 5.100958672164666030e-01 5.021458975571186922e-01 4.944428202467552325e-01 4.869043588804232714e-01 4.796118560272322195e-01 4.725441155702769236e-01 4.656228758545243318e-01 4.589000680926632603e-01 4.524046773266076626e-01 4.460398083808677083e-01 4.398096841873528895e-01 4.338305565425267796e-01 4.279678781454966940e-01 4.222181940988749549e-01 4.166505039662430354e-01 4.112417787815614845e-01 4.059340946804280703e-01 4.007245400108767619e-01 3.957158200633512646e-01 3.908085738522580899e-01 3.859892938134470430e-01 3.812617647083291206e-01 3.767179089455487406e-01 3.722530564370287731e-01 3.678650533970729830e-01 3.635533160397905750e-01 3.594109054221131805e-01 3.553376920106954828e-01 3.513318505224488630e-01 3.473916184600719381e-01 3.435844536487120959e-01 3.398591247979875773e-01 3.361930623985411870e-01 3.325847667990014522e-01 3.290581806268064735e-01 3.256429033411717966e-01 3.222799369953489590e-01 3.189680010826547729e-01 3.157058568456005410e-01 3.125390594286071577e-01 3.094473179760922621e-01 3.064008005764209952e-01 3.033984448476038098e-01 3.004392218134090409e-01 2.975700605646995900e-01 2.947619645114853970e-01 2.919931556175199283e-01 2.892627475585203278e-01 2.865698809207857245e-01 2.839467102100605711e-01 2.813884476113696076e-01 2.788644710469438404e-01 2.763740369910542838e-01 2.739164237652633171e-01 2.714962918069496745e-01 2.691590436024511312e-01 2.668518457492986551e-01 2.645740713536846589e-01 2.623251112457928858e-01 2.601043733540212011e-01 2.579313509243478242e-01 2.558168667605649205e-01 2.537282958296479540e-01 2.516651213622559946e-01 2.496268406138257845e-01 2.476129643950700510e-01
1.000000000000000000e+00 9.775729943696649382e-01 9.556143857896334248e-01 9.341647240341411917e-01 9.132555113263221003e-01 8.928726833263258555e-01 8.730369170002947321e-01 8.537928007694663979e-01 8.350675210284710381e-01 8.169302110862484145e-01 7.993400248819350074e-01 7.822650985714302285e-01 7.657789029627982691e-01 7.497392711420526323e-01 7.343073206342273229e-01 7.192671971796036345e-01 7.048257593693916245e-01 6.907388709737793953e-01 6.772200542793478384e-01 6.640393258932932863e-01 6.513680658983467264e-01 6.390428953961260206e-01 6.271449082170921230e-01 6.156239123383681067e-01 6.044269090365410602e-01 5.936592111620710988e-01 5.831456310302878254e-01 5.730304862741016914e-01 5.632003289667278922e-01 5.536259617307638381e-01 5.444328225587063974e-01 5.354478892305934989e-01 5.267411475274195176e-01 5.183321190025043101e-01 5.101082741839043644e-01 5.021581646906515539e-01 4.944549311537077552e-01 4.869163998255147674e-01 4.796237583959128137e-01 4.725558344791524479e-01 4.656344897770609559e-01 4.589115640008431529e-01 4.524159866386460171e-01 4.460510020845808166e-01 4.398208175092484518e-01 4.338415046613326997e-01 4.279787052596587538e-01 4.222289610842803742e-01 4.166611495580682112e-01 4.112522713271021813e-01 4.059444898874341456e-01 4.007348907770502677e-01 3.957259885125930521e-01 3.908185918902827849e-01 3.859992103698076660e-01 3.812716167680078594e-01 3.767275868832734020e-01 3.722626051943577763e-01 3.678745157841694091e-01 3.635627304536323545e-01 3.594201565793092579e-01 3.553468195338976843e-01 3.513408922167853832e-01 3.474006103992036687e-01 3.435933130817795944e-01 3.398678514151489138e-01 3.362016899381595758e-01 3.325933275103939435e-01 3.290666639598663901e-01 3.256512468713649855e-01 3.222881709373796033e-01 3.189761543660072363e-01 3.157139571718600157e-01 3.125470591187157754e-01 3.094551985931738858e-01 3.064085881770750031e-01 3.034061644227302734e-01 3.004468973341257731e-01 2.975776378435509018e-01 2.947694335685965839e-01 2.920005391428157626e-01 2.892700673506440889e-01 2.865771579241542244e-01 2.839539110983904102e-01 2.813955447209117167e-01 2.788714843077207406e-01 2.763809855816624084e-01 2.739233261430019661e-01 2.715031570118485726e-01 2.691658050134038138e-01 2.668585210126545038e-01 2.645806774774136505e-01 2.623316646241631300e-01 2.601108897912006168e-01 2.579378131346428682e-01 2.558232384667447623e-01 2.537345922176377777e-01 2.516713570922145538e-01 2.496330298396442771e-01 2.476191207830509833e-01
1.000000000000000000e+00 9.775752536440738272e-01 9.556187012905786871e-01 9.341709006982209518e-01 9.132632963339134546e-01 8.928819168835078202e-01 8.730474410978148470e-01 8.538043985978054362e-01 8.350801288328132399e-01 8.169436418525124477e-01 7.993541715979020079e-01 7.822799119788214073e-01 7.657941905054599374e-01 7.497550964739779777e-01 7.343234198209910302e-01 7.192837050449889524e-01 7.048423947260624711e-01 6.907557998091090612e-01 6.772370112947039278e-01 6.640564632261151123e-01 6.513851781725270573e-01 6.390600706858052815e-01 6.271620671838007421e-01 6.156410441777546705e-01 6.044440678206266515e-01 5.936762141920546298e-01 5.831626249599134448e-01 5.730473106223232804e-01 5.632170241027164570e-01 5.536426076245067884e-01 5.444492490986760913e-01 5.354642237505822244e-01 5.267573797112243827e-01 5.183481877097446677e-01 5.101242936204727352e-01 5.021740235727738533e-01 4.944705615264327614e-01 4.869319062757033190e-01 4.796390824819674603e-01 4.725709419067531947e-01 4.656494748171829956e-01 4.589264105181132258e-01 4.524306114735077156e-01 4.460654905352799404e-01 4.398352339053598348e-01 4.338556671837922596e-01 4.279926917030927314e-01 4.222428452305134194e-01 4.166748597282747268e-01 4.112657710428518354e-01 4.059578466212641068e-01 4.007481686086855621e-01 3.957390521820420837e-01 3.908314827328490670e-01 3.860119870722635849e-01 3.812843222161875212e-01 3.767400658851928763e-01 3.722749120816236656e-01 3.678867023176545237e-01 3.635748430637290585e-01 3.594320558602888127e-01 3.553585534096894705e-01 3.513525064185575308e-01 3.474121485690892519e-01 3.436046830430214971e-01 3.398790550476084027e-01 3.362127679122858814e-01 3.326043187036309412e-01 3.290775571860669602e-01 3.256619702785313875e-01 3.222987608803737358e-01 3.189866456537698292e-01 3.157243831363509834e-01 3.125573599445422568e-01 3.094653506518936226e-01 3.064186228793838174e-01 3.034161118960720938e-01 3.004567864779600361e-01 2.975874022336156832e-01 2.947790607202703805e-01 2.920100564365221141e-01 2.892795010929437027e-01 2.865865333923654501e-01 2.839631885469489081e-01 2.814046911826293962e-01 2.788805238283319499e-01 2.763899413016327467e-01 2.739322203338067641e-01 2.715120006320795865e-01 2.691745181490622363e-01 2.668671249536649914e-01 2.645891927446299974e-01 2.623401109990834423e-01 2.601192863443851366e-01 2.579461391975926277e-01 2.558314505623155988e-01 2.537427086674834409e-01 2.516793955845842423e-01 2.496410074528606637e-01 2.476270540080013349e-01
1.000000000000000000e+00 9.775779974239870995e-01 9.556239328816421574e-01 9.341783747681418060e-01 9.132727547718326733e-01 8.928931783134727018e-01 8.730603138095954785e-01 8.538186138864043428e-01 8.350956064636493315e-01 8.169601526421760296e-01 7.993715826195497698e-01 7.822981604616502382e-01 7.658130303847724418e-01 7.497746001756144807e-01 7.343432715987594506e-01 7.193040666168077912e-01 7.048629327498504571e-01 6.907767132168182167e-01 6.772579814430474965e-01 6.640776724360988315e-01 6.514063735662835031e-01 6.390813566115781663e-01 6.271833334197970400e-01 6.156622675430425407e-01 6.044653214316372258e-01 5.936973051037501836e-01 5.831837288591873447e-01 5.730682376547090451e-01 5.632378233402308698e-01 5.536633698475511567e-01 5.444697432065884746e-01 5.354846028872155550e-01 5.267775942627258567e-01 5.183681143571182703e-01 5.101440716354589400e-01 5.021935895651076232e-01 4.944898887370132723e-01 4.869511196432380618e-01 4.796580843602664679e-01 4.725896687023677933e-01 4.656680401381903533e-01 4.589447998640360793e-01 4.524487324940607014e-01 4.460834457884355064e-01 4.398531015395732435e-01 4.338732411626178842e-01 4.280100653051704951e-01 4.222601069180872413e-01 4.166919122534217812e-01 4.112825624547792325e-01 4.059744581675848729e-01 4.007646774548060953e-01 3.957552889249907890e-01 3.908474966075876078e-01 3.860278488854075873e-01 3.813000849765713074e-01 3.767555626665486934e-01 3.722902080779611489e-01 3.679018596361303128e-01 3.635899173601179757e-01 3.594468764152758400e-01 3.553731777788686208e-01 3.513669895232038320e-01 3.474265428207866657e-01 3.436188808647127613e-01 3.398930595789920184e-01 3.362266279302337235e-01 3.326180808326494320e-01 3.290912047059718071e-01 3.256754096800168474e-01 3.223120359197439999e-01 3.189997982277853472e-01 3.157374533651360338e-01 3.125702756453269671e-01 3.094780832759075895e-01 3.064312102415691630e-01 3.034285902675654123e-01 3.004691906525646106e-01 2.975996531623280594e-01 2.947911437569336601e-01 2.920220045308342671e-01 2.892913459029989864e-01 2.865983053383114876e-01 2.839748391561545682e-01 2.814161802179201421e-01 2.788918802456857859e-01 2.764011929677848700e-01 2.739433940698880465e-01 2.715231097057839160e-01 2.691854669910117570e-01 2.668779391959018588e-01 2.645998970939402173e-01 2.623507292727366713e-01 2.601298415043150625e-01 2.579566061092452012e-01 2.558417764875904332e-01 2.537529156762221016e-01 2.516895049843627108e-01 2.496510398172339107e-01 2.476370292035611764e-01
1.000000000000000000e+00 9.775814044384422141e-01 9.556304494445980735e-01 9.341876649335942862e-01 9.132844794926081589e-01 8.929071111368671598e-01 8.730762229032625887e-01 8.538361745141916925e-01 8.351147207963443009e-01 8.169805433529692129e-01 7.993930867203915547e-01 7.823206998072568252e-01 7.658363177473166417e-01 7.497987240046261048e-01 7.343678427843491896e-01 7.193292781272031533e-01 7.048883654464723758e-01 6.908026058654812562e-01 6.772839394391786394e-01 6.641039145097005214e-01 6.514326111344561632e-01 6.391077178107735790e-01 6.272096890777600908e-01 6.156885919091175108e-01 6.044916925246156536e-01 5.937234593736907540e-01 5.832098778740516520e-01 5.730941615183597904e-01 5.632635838269191009e-01 5.536890763903449253e-01 5.444951191935609724e-01 5.355098324918630137e-01 5.268026568606658522e-01 5.183929138886198551e-01 5.101687735992762596e-01 5.022180644703891916e-01 4.945140627531551258e-01 4.869751431669983033e-01 4.796818646999957414e-01 4.726131494990555293e-01 4.656913572377681665e-01 4.589679047732790340e-01 4.524714652274994253e-01 4.461059305548270570e-01 4.398754343472704997e-01 4.338951935413031813e-01 4.280317498540874288e-01 4.222816304342996152e-01 4.167131665666888862e-01 4.113034915639433020e-01 4.059951598956896279e-01 4.007852447144807373e-01 3.957755259384617141e-01 3.908674633534235943e-01 3.860476304737241460e-01 3.813197450384686049e-01 3.767748991577394846e-01 3.723092993905816606e-01 3.679207804519575853e-01 3.636087345416986749e-01 3.594653806070626789e-01 3.553914382623381552e-01 3.513850724114607194e-01 3.474445112084124099e-01 3.436366000373418661e-01 3.399105318460147185e-01 3.362439121239233497e-01 3.326352331936024975e-01 3.291082074391132872e-01 3.256921552603810888e-01 3.223285770237598880e-01 3.190161852952191901e-01 3.157537346987821514e-01 3.125863653390420493e-01 3.094939475508381443e-01 3.064468946073943267e-01 3.034441383774073575e-01 3.004846443829051750e-01 2.976149168323892202e-01 2.948061995168584914e-01 2.920368920520976519e-01 2.893061033034290408e-01 2.866129692466113377e-01 2.839893520513136482e-01 2.814304943947958937e-01 2.789060305527601424e-01 2.764152129436214245e-01 2.739573159955975279e-01 2.715369495836107983e-01 2.691991101120897456e-01 2.668914164084493779e-01 2.646132381334624917e-01 2.623639628049941330e-01 2.601429951664182560e-01 2.579696498059279031e-01 2.558546469890516928e-01 2.537656395432104084e-01 2.517021078609335549e-01 2.496635464647070646e-01 2.476494635330519778e-01
1.000000000000000000e+00 9.775855112938858227e-01 9.556383011555767970e-01 9.341988623962482752e-01 9.132986436587385848e-01 8.929239726261959387e-01 8.730954948372483537e-01 8.538574651853690911e-01 8.351379104819697252e-01 8.170052941421679371e-01 7.994192016931986888e-01 7.823480840465367736e-01 7.658646166340277173e-01 7.498280409892740250e-01 7.343977124385405730e-01 7.193599319305430395e-01 7.049193062551961653e-01 6.908341198487318868e-01 6.773155552779989153e-01 6.641358943662940550e-01 6.514645995011908441e-01 6.391398664973864108e-01 6.272418255712395307e-01 6.157206733861451120e-01 6.045238120983090768e-01 5.937552977028166534e-01 5.832416894868944768e-01 5.731256924557180943e-01 5.632949116521500654e-01 5.537203335252921521e-01 5.445259784294005367e-01 5.355405149939898024e-01 5.268331123555570761e-01 5.184229928918036023e-01 5.101986761614646371e-01 5.022476619483055016e-01 4.945432875504905956e-01 4.870041761128489632e-01 4.797105824871383817e-01 4.726414747380657255e-01 4.657194537229965570e-01 4.589957500990827777e-01 4.524989238620308885e-01 4.461331504330616204e-01 4.399025264644940147e-01 4.339218335561202400e-01 4.280580728769022292e-01 4.223077646113507777e-01 4.167389988493531705e-01 4.113289669101228285e-01 4.060203951395807698e-01 4.008103508121634850e-01 3.958002341512632527e-01 3.908918423508039308e-01 3.860717825341034581e-01 3.813437462848481840e-01 3.767985012292119351e-01 3.723325965998466325e-01 3.679438626515407762e-01 3.636316822796869519e-01 3.594879484389328361e-01 3.554137094447153977e-01 3.514071263948113644e-01 3.474664238170325214e-01 3.436582093572383423e-01 3.399318406489019728e-01 3.362649911158576699e-01 3.326561499671083499e-01 3.291289405884448294e-01 3.257125755150002133e-01 3.223487476969337240e-01 3.190361670130441585e-01 3.157735855199347852e-01 3.126059827179165640e-01 3.095132913078793013e-01 3.064660194306348950e-01 3.034630967246428890e-01 3.005034865776833874e-01 2.976335295543013904e-01 2.948245620059060101e-01 2.920550519513071541e-01 2.893241063901283994e-01 2.866308595099091860e-01 2.840070595330987380e-01 2.814479610313950220e-01 2.789232982177765607e-01 2.764323219371499496e-01 2.739743051072408009e-01 2.715538379332883556e-01 2.692157588169828419e-01 2.669078625525086457e-01 2.646295174636622560e-01 2.623801097829518980e-01 2.601590430177632696e-01 2.579855626450317518e-01 2.558703492632765086e-01 2.537811631767251663e-01 2.517174836765714852e-01 2.496788042247561623e-01 2.476646319783325223e-01
1.000000000000000000e+00 9.775904679006760523e-01 9.556477893722001848e-01 9.342124302737679908e-01 9.133158029764186780e-01 8.929443925260965864e-01 8.731188332969580523e-01 8.538832494692263353e-01 8.351659954598558144e-01 8.170352722084575081e-01 7.994508394872759105e-01 7.823812698554565292e-01 7.658989174236988662e-01 7.498635786882862364e-01 7.344339262213201991e-01 7.193970990962946788e-01 7.049568223333185779e-01 6.908723281208027922e-01 6.773538846171559547e-01 6.641746592092765411e-01 6.515033684773923195e-01 6.391788209460362857e-01 6.272807731220501060e-01 6.157595726390515667e-01 6.045627896877513452e-01 5.937940213567575176e-01 5.832804626634365830e-01 5.731641560636794308e-01 5.633331409280989410e-01 5.537584869244235319e-01 5.445636618307311272e-01 5.355779936190689927e-01 5.268703283943036997e-01 5.184597703958968573e-01 5.102352548934914189e-01 5.022838828861402316e-01 4.945790659183429971e-01 4.870397288000748448e-01 4.797457628544659625e-01 4.726761909820897389e-01 4.657539022477029667e-01 4.590298865321760236e-01 4.525325578431725337e-01 4.461664602490745257e-01 4.399356478841769946e-01 4.339544068429975754e-01 4.280902602676852631e-01 4.223397199827783055e-01 4.167705734864146083e-01 4.113600853079781294e-01 4.060511980152716194e-01 4.008409718142473821e-01 3.958303716063992783e-01 3.909215808415939519e-01 3.861012448608594494e-01 3.813730238887317325e-01 3.768272966088502818e-01 3.723610229829330542e-01 3.679720279122048465e-01 3.636596831236195704e-01 3.595154902648440287e-01 3.554408922098211132e-01 3.514340454877006303e-01 3.474931702736946959e-01 3.436845888835686202e-01 3.399578566033493177e-01 3.362907283900415378e-01 3.326816897153389574e-01 3.291542571523426997e-01 3.257375137806680088e-01 3.223733836812392450e-01 3.190605735072928328e-01 3.157978322336007504e-01 3.126299462953068264e-01 3.095369233704531875e-01 3.064893856483510981e-01 3.034862600901711560e-01 3.005265075216241866e-01 2.976562702195150734e-01 2.948469967263066538e-01 2.920772379759180026e-01 2.893460987274222296e-01 2.866527110208337281e-01 2.840286873880803475e-01 2.814692965462338159e-01 2.789443916837978654e-01 2.764532217565640049e-01 2.739950578687870841e-01 2.715744666623799985e-01 2.692360972886136405e-01 2.669279553005526884e-01 2.646494074169536415e-01 2.623998383272465595e-01 2.601786500549985726e-01 2.580050051085662211e-01 2.558895364659165561e-01 2.538001334579405577e-01 2.517362740536399079e-01 2.496974504417280027e-01 2.476831685529388150e-01
1.000000000000000000e+00 9.775964613005000414e-01 9.556592413252698037e-01 9.342287883131917825e-01 9.133364976226522325e-01 8.929690295923016219e-01 8.731469999399539272e-01 8.539143766833872107e-01 8.351999081563652449e-01 8.170714806495775751e-01 7.994890560939864610e-01 7.824213545111081691e-01 7.659403544500300587e-01 7.499065148974790596e-01 7.344776886669813765e-01 7.194420198761254381e-01 7.050021749862913634e-01 6.909185239228239350e-01 6.774002367075377951e-01 6.642215442812106074e-01 6.515502765848906197e-01 6.392259706122274121e-01 6.273279200383677923e-01 6.158066577641567729e-01 6.046099552950899847e-01 5.938408367765276585e-01 5.833272928285556658e-01 5.732106078084803213e-01 5.633793165587080987e-01 5.538045756377055762e-01 5.446091871626986824e-01 5.356232735761955466e-01 5.269152897405938729e-01 5.185041969193573408e-01 5.102794342757691615e-01 5.023276265045086841e-01 4.946222737500591826e-01 4.870826610126005596e-01 4.797882441806475828e-01 4.727181118166581819e-01 4.657954981686038276e-01 4.590711053412631637e-01 4.525731728417338173e-01 4.462066852365171310e-01 4.399756455617171436e-01 4.339937440675850633e-01 4.281291316295490756e-01 4.223783100463866513e-01 4.168087048912751391e-01 4.113976682281740294e-01 4.060884012023687761e-01 4.008779555436745579e-01 3.958667736129962700e-01 3.909575025193774422e-01 3.861368334867853469e-01 3.814083890220321682e-01 3.768620796993583655e-01 3.723953598612823046e-01 3.680060479881026581e-01 3.636935024336331312e-01 3.595487569230527147e-01 3.554737261063776743e-01 3.514665610338138513e-01 3.475254766606878376e-01 3.437164530604242541e-01 3.399892825969749732e-01 3.363218180241957511e-01 3.327125403317123808e-01 3.291848379158974214e-01 3.257676385072184599e-01 3.224031435550698266e-01 3.190900558442110735e-01 3.158271206533059261e-01 3.126588929641257453e-01 3.095654703380021355e-01 3.065176116874064327e-01 3.035142407625912031e-01 3.005543153165236570e-01 2.976837414353980527e-01 2.948741012672249640e-01 2.921040444832179728e-01 2.893726731560011811e-01 2.866791167506795857e-01 2.840548241457735990e-01 2.814950811344898995e-01 2.789698844256825461e-01 2.764784807095509445e-01 2.740201389154722778e-01 2.715993974607974759e-01 2.692606788289682029e-01 2.669522409963155929e-01 2.646734487567676264e-01 2.624236849492293522e-01 2.602023498178063776e-01 2.580285061661270474e-01 2.559127297471338602e-01 2.538230649541063921e-01 2.517589881702749222e-01 2.497199900573031928e-01 2.477055750751306629e-01
1.000000000000000000e+00 9.776036555240852355e-01 9.556730030079150229e-01 9.342484531627146538e-01 9.133613793431899497e-01 8.929986548270605340e-01 8.731808741554897280e-01 8.539518165104639236e-01 8.352407027276533835e-01 8.171150414868287859e-01 7.995350393218682017e-01 7.824695926842072380e-01 7.659902268717337925e-01 7.499581964351460517e-01 7.345303681700323661e-01 7.194960947050877964e-01 7.050567755021590610e-01 6.909741425973867646e-01 6.774560547270745969e-01 6.642780127337506446e-01 6.516067702676296980e-01 6.392827485111514108e-01 6.273846945533997355e-01 6.158633616412689804e-01 6.046667586735777755e-01 5.938972229585509632e-01 5.833836989207287216e-01 5.732665587934183682e-01 5.634349337256280288e-01 5.538600858896299828e-01 5.446640208526494220e-01 5.356778116886049546e-01 5.269694448141913901e-01 5.185577102965723828e-01 5.103326505988673434e-01 5.023803198826669592e-01 4.946743244179725996e-01 4.871343806490650019e-01 4.798394225227531895e-01 4.727686173196841701e-01 4.658456130655336813e-01 4.591207670534852570e-01 4.526221097060063592e-01 4.462551533982932472e-01 4.400238399293852076e-01 4.340411454137398928e-01 4.281759730938474728e-01 4.224248127573526079e-01 4.168546544344600147e-01 4.114429555914785319e-01 4.061332286325643470e-01 4.009225151310382151e-01 3.959106338754304621e-01 3.910007852074746659e-01 3.861797150656338107e-01 3.814510009659211054e-01 3.769039956411319170e-01 3.724367424938033189e-01 3.680470523130570104e-01 3.637342673839157881e-01 3.595888577554766097e-01 3.555133064745924498e-01 3.515057580272131221e-01 3.475644211147722595e-01 3.437548657279861364e-01 3.400271683041500292e-01 3.363592987803419310e-01 3.327497327762029555e-01 3.292217052972097324e-01 3.258039581668947804e-01 3.224390247464420933e-01 3.191256031859505127e-01 3.158624343359233144e-01 3.126937956237962890e-01 3.095998924025616938e-01 3.065516475464433732e-01 3.035479809586572042e-01 3.005878467106758434e-01 2.977168677071135861e-01 2.949067862866263656e-01 2.921363705051795989e-01 2.894047192166142590e-01 2.867109588008869281e-01 2.840863421338883921e-01 2.815261754590671073e-01 2.790006273729400132e-01 2.765089418511876840e-01 2.740503852173530319e-01 2.716294620563214912e-01 2.692903231388386609e-01 2.669815290300351918e-01 2.647024422175389691e-01 2.624524433229791787e-01 2.602309304583276250e-01 2.580568470911642764e-01 2.559407004812269681e-01 2.538507206095082513e-01 2.517863819592451868e-01 2.497471733624619383e-01 2.477325975168572780e-01
1.000000000000000000e+00 9.776122858646683067e-01 9.556895112273074977e-01 9.342720390593044488e-01 9.133912251138192051e-01 8.930341943676618488e-01 8.732215147828455981e-01 8.539967390958895788e-01 8.352896538988306974e-01 8.171673151498254350e-01 7.995902226468817320e-01 7.825274841941464166e-01 7.660500833608844262e-01 7.500202268508988634e-01 7.345936007113508248e-01 7.195610045877961491e-01 7.051223206928012299e-01 6.910409122236301771e-01 6.775230634504169069e-01 6.643458001280412306e-01 6.516745908722950675e-01 6.393509126879522997e-01 6.274528573427265998e-01 6.159314419848921363e-01 6.047349599326282688e-01 5.939649262306938571e-01 5.834514272099219356e-01 5.733337430748872698e-01 5.635017189213038513e-01 5.539267434047336902e-01 5.447298685307888633e-01 5.357433054141060857e-01 5.270344797569278539e-01 5.186219767147983717e-01 5.103965608993886738e-01 5.024436033994987838e-01 4.947368375586740918e-01 4.871964963902097878e-01 4.799008891966803358e-01 4.728292774689796252e-01 4.659058044336791271e-01 4.591804146264424347e-01 4.526808881867356860e-01 4.463133693202924190e-01 4.400817265367125142e-01 4.340980812328426586e-01 4.282322371312305975e-01 4.224806696461704814e-01 4.169098513057227784e-01 4.114973646942860497e-01 4.061870918858276336e-01 4.009760623030728111e-01 3.959633431501336509e-01 3.910528017348243734e-01 3.862312500293083040e-01 3.815022116229754290e-01 3.769543703753827080e-01 3.724864760339344216e-01 3.680963301831861600e-01 3.637832559002189270e-01 3.596370500890659350e-01 3.555608745436547036e-01 3.515528658946189822e-01 3.476112253594733636e-01 3.438010322255931617e-01 3.400727028504334504e-01 3.364043473914067328e-01 3.327944350419805297e-01 3.292660170889080140e-01 3.258476126906050263e-01 3.224821527610888805e-01 3.191683299040189992e-01 3.159048796705771767e-01 3.127357474008322091e-01 3.096412674165212597e-01 3.065925587666482599e-01 3.035885367505661292e-01 3.006281510339864349e-01 2.977566852315286505e-01 2.949460736196144461e-01 2.921752261018885077e-01 2.894432376799720985e-01 2.867492310415278856e-01 2.841242248204901011e-01 2.815635496948653560e-01 2.790375796742244341e-01 2.765455554856762754e-01 2.740867403342538977e-01 2.716655983198666968e-01 2.693259550755652820e-01 2.670167332506172553e-01 2.647372925726002579e-01 2.624870110096282350e-01 2.602652841220477464e-01 2.580909125721646546e-01 2.559743216562244128e-01 2.538839634410986479e-01 2.518193101362052877e-01 2.497798483839418771e-01 2.477650787730374116e-01
1.000000000000000000e+00 9.776226143391125722e-01 9.557092697573414952e-01 9.343002787808304399e-01 9.134269625317115171e-01 8.930767507690320350e-01 8.732701809248467617e-01 8.540505354556773288e-01 8.353482769475933933e-01 8.172299195972874131e-01 7.996563144664847744e-01 7.825968220213074256e-01 7.661217775921111972e-01 7.500945266428732383e-01 7.346693444129827055e-01 7.196387598659973461e-01 7.052008407876342311e-01 6.911209009839645034e-01 6.776033420901818038e-01 6.644270132785828897e-01 6.517558468317645737e-01 6.394325820891585410e-01 6.275345277947173006e-01 6.160130164859826118e-01 6.048166811853118441e-01 5.940460537855697387e-01 5.835325860061371106e-01 5.734142527908265841e-01 5.635817526039985648e-01 5.540066252979216621e-01 5.448087831503606315e-01 5.358217975157935076e-01 5.271124238591046174e-01 5.186990024051115755e-01 5.104731609908167433e-01 5.025194519214801758e-01 4.948117609591760613e-01 4.872709404602804106e-01 4.799745551907584895e-01 4.729019788607930486e-01 4.659779448322152184e-01 4.592519043246826027e-01 4.527513383477093090e-01 4.463831462609954559e-01 4.401511089850526082e-01 4.341663264092459618e-01 4.282996784604240492e-01 4.225476233765842471e-01 4.169760127681680917e-01 4.115625794213258470e-01 4.062516490624134002e-01 4.010402365917328238e-01 3.960265143595767534e-01 3.911151436802725589e-01 3.862930150939523632e-01 3.815635877286157607e-01 3.770147458573188670e-01 3.725460836161093026e-01 3.681553915895909856e-01 3.638419699010926878e-01 3.596948110598074955e-01 3.556178879475202503e-01 3.516093278073246231e-01 3.476673229130248233e-01 3.438563660949131018e-01 3.401272799620789766e-01 3.364583422549156100e-01 3.328480144871958091e-01 3.293191284293829346e-01 3.258999371888568475e-01 3.225338466913429958e-01 3.192195429121646444e-01 3.159557550694817030e-01 3.127860318140393558e-01 3.096908615213218030e-01 3.066415975734639865e-01 3.036371497679871134e-01 3.006764625055080020e-01 2.978044137671445046e-01 2.949931673010487421e-01 2.922218025976848210e-01 2.894894100549983973e-01 2.867951079480946519e-01 2.841696350042541841e-01 2.816083510989897953e-01 2.790818756986980786e-01 2.765894456482106412e-01 2.741303204257128368e-01 2.717089157472412642e-01 2.693686686708148814e-01 2.670589345759618038e-01 2.647790698917803498e-01 2.625284494152198556e-01 2.603064656572257607e-01 2.581317486255699789e-01 2.560146256687747535e-01 2.539238142493846495e-01 2.518587838594122386e-01 2.498190185244642814e-01 2.478040163128681361e-01
1.000000000000000000e+00 9.776349494336328272e-01 9.557328671465197267e-01 9.343340035221601170e-01 9.134696435856847208e-01 8.931275786889187884e-01 8.733283090619284872e-01 8.541147942199289744e-01 8.354183037239490961e-01 8.173047053507727089e-01 7.997352687072221133e-01 7.826796558922772817e-01 7.662074293725721352e-01 7.501832933611749521e-01 7.347598384172018271e-01 7.197316581851127548e-01 7.052946550554921590e-01 6.912164708235958299e-01 6.776992609360478204e-01 6.645240501088993668e-01 6.518529368822362224e-01 6.395301673059560210e-01 6.276321155533283180e-01 6.161104906184369234e-01 6.049143312096808556e-01 5.941429962687794220e-01 5.836295664980539755e-01 5.735104590154951332e-01 5.636773908054905080e-01 5.541020822051037076e-01 5.449030852964587002e-01 5.359155948252869450e-01 5.272055664370713934e-01 5.187910480769825083e-01 5.105646977212354720e-01 5.026100957987424955e-01 4.949013087959690527e-01 4.873599239330673738e-01 4.800626129170360579e-01 4.729888842472383947e-01 4.660641794261466964e-01 4.593373612710573428e-01 4.528355540019089465e-01 4.464665576701480898e-01 4.402340486894796290e-01 4.342479081151088272e-01 4.283802999749632412e-01 4.226276620146066643e-01 4.170551054036503169e-01 4.116405420316007757e-01 4.063288266623631961e-01 4.011169568703418786e-01 3.961020367595861069e-01 3.911896755211280996e-01 3.863668574968890934e-01 3.816369648946777438e-01 3.770869278255866708e-01 3.726173480567039342e-01 3.682260030487496394e-01 3.639121655413259382e-01 3.597638684637322615e-01 3.556860522586031692e-01 3.516768329689199390e-01 3.477343921978945374e-01 3.439225230717568582e-01 3.401925329001556642e-01 3.365228993675308811e-01 3.329120748251074846e-01 3.293826291423735952e-01 3.259624980059622201e-01 3.225956540694553953e-01 3.192807753999718501e-01 3.160165836597981226e-01 3.128461541232376852e-01 3.097501590027166851e-01 3.067002313163507687e-01 3.036952742974063923e-01 3.007342260646921339e-01 2.978614807397890196e-01 2.950494757939874924e-01 2.922774930074718003e-01 2.895446172855504763e-01 2.868499616387099049e-01 2.842239308356453442e-01 2.816619195876466919e-01 2.791348402174123056e-01 2.766419249378176404e-01 2.741824287805321170e-01 2.717607097382012116e-01 2.694197412893868937e-01 2.671093950707479348e-01 2.648290235759533928e-01 2.625779978184202279e-01 2.603557066708352408e-01 2.581805765400767005e-01 2.560628179172156349e-01 2.539714648970800015e-01 2.519059837295258286e-01 2.498658553180452269e-01 2.478505747238510248e-01
1.000000000000000000e+00 9.776496497129096852e-01 9.557609904038670834e-01 9.343741968249708041e-01 9.135205125820258232e-01 8.931881589309119684e-01 8.733975913430609417e-01 8.541913851297088245e-01 8.355017709499753531e-01 8.173938465007494214e-01 7.998293806631593394e-01 7.827783946567896667e-01 7.663095291727302083e-01 7.502891073600206351e-01 7.348677139064848651e-01 7.198424011575897952e-01 7.054064925955194632e-01 6.913304025656669127e-01 6.778136108582346608e-01 6.646397337255115501e-01 6.519686860703503006e-01 6.396465081813886844e-01 6.277484609381994707e-01 6.162267017607432340e-01 6.050307527153591103e-01 5.942585758980805100e-01 5.837451919565149749e-01 5.736251625415121902e-01 5.637914177825535944e-01 5.542158932173428809e-01 5.450155218308362359e-01 5.360274307299104368e-01 5.273166231640792345e-01 5.189007990443087470e-01 5.106738430060037137e-01 5.027181753498993766e-01 4.950080784070947093e-01 4.874660167707564606e-01 4.801676009312889071e-01 4.730924994746000811e-01 4.661669952551670271e-01 4.594392503748999101e-01 4.529359641624778887e-01 4.465660092944244708e-01 4.403329377436424608e-01 4.343451792376507026e-01 4.284764268502354589e-01 4.227230939262480724e-01 4.171494103550363874e-01 4.117335011846454673e-01 4.064208508284604671e-01 4.012084362309453756e-01 3.961920888776861993e-01 3.912785471989775887e-01 3.864549072944716279e-01 3.817244597930791183e-01 3.771729988409648904e-01 3.727023258216951018e-01 3.683102025691376569e-01 3.639958692126774586e-01 3.598462158437266134e-01 3.557673352540265954e-01 3.517573301502480709e-01 3.478143694298020394e-01 3.440014130699122763e-01 3.402703455208082040e-01 3.365998825433640373e-01 3.329884655786649605e-01 3.294583526418823904e-01 3.260371014560637382e-01 3.226693594967647294e-01 3.193537954145330149e-01 3.160891218746132436e-01 3.129178504904029934e-01 3.098208723733589798e-01 3.067701535108680599e-01 3.037645893198974711e-01 3.008031104392731025e-01 2.979295348406921229e-01 2.951166259279542903e-01 2.923439063552727979e-01 2.896104544876557663e-01 2.869153770667972059e-01 2.842886811712406758e-01 2.817258029965197808e-01 2.791980036102548746e-01 2.767045097098373430e-01 2.742445710322623520e-01 2.718224768386553469e-01 2.694806486226676290e-01 2.671695727288726507e-01 2.648885969648372973e-01 2.626370878387444541e-01 2.604144298910296418e-01 2.582388071225977799e-01 2.561202908945396373e-01 2.540282922807573507e-01 2.519622736705252053e-01 2.499217122496907584e-01 2.479060994987572208e-01
1.000000000000000000e+00 9.776671208288577608e-01 9.557944147198360607e-01 9.344219679487957286e-01 9.135809735476195792e-01 8.932601638204261674e-01 8.734799412187823631e-01 8.542824239886219750e-01 8.356009848556016362e-01 8.174998066398475594e-01 7.999412508241207087e-01 7.828957654113157805e-01 7.664308970453291847e-01 7.504148918153124015e-01 7.349959505949476002e-01 7.199740473626282666e-01 7.055394417127361928e-01 6.914658419811484658e-01 6.779495490545905945e-01 6.647772581628241806e-01 6.521062887164896793e-01 6.397848136703687683e-01 6.278867728720896046e-01 6.163648560665337950e-01 6.051691585057387135e-01 5.943959825325692004e-01 5.838826539071206856e-01 5.737615306950405447e-01 5.639269837586338152e-01 5.543512038372407913e-01 5.451491994071694380e-01 5.361603945133758264e-01 5.274486608108235330e-01 5.190312846985719597e-01 5.108036082994482641e-01 5.028466743496456948e-01 4.951350214579233189e-01 4.875921560001467148e-01 4.802924286029538470e-01 4.732156978778310208e-01 4.662892454803903575e-01 4.595604004211872873e-01 4.530553568808492471e-01 4.466842628793895043e-01 4.404505225539649405e-01 4.344608414150992748e-01 4.285907290917742585e-01 4.228365699431619884e-01 4.172615464830835008e-01 4.118440371082785489e-01 4.065302745737179313e-01 4.013172113170146993e-01 3.962991676760331261e-01 3.913842229576381948e-01 3.865596059563916054e-01 3.818284985044984592e-01 3.772753451846017625e-01 3.728033725680771071e-01 3.684103239254201689e-01 3.640954006500563001e-01 3.599441353800149068e-01 3.558639896542755143e-01 3.518530503371476992e-01 3.479094712326663563e-01 3.440952225718323931e-01 3.403628744247003124e-01 3.366914253776667754e-01 3.330793039114935961e-01 3.295483975187922798e-01 3.261258148532463763e-01 3.227570051716661115e-01 3.194406259384157121e-01 3.161753791309211414e-01 3.130031068985396070e-01 3.099049603380752416e-01 3.068533009039821069e-01 3.038470147280959988e-01 3.008850235636237880e-01 2.980104609881378819e-01 2.951964775720654077e-01 2.924228820974505427e-01 2.896887451599519103e-01 2.869931660544403629e-01 2.843656795304221885e-01 2.818017710519244989e-01 2.792731158816579295e-01 2.767789341651037960e-01 2.743184693496487081e-01 2.718959290490378655e-01 2.695530790441595936e-01 2.672411359021800159e-01 2.649594418639809601e-01 2.627073580859149993e-01 2.604842639620740252e-01 2.583080554884979452e-01 2.561886387249310282e-01 2.540958726397830603e-01 2.520292150362539729e-01 2.499881386839141739e-01 2.479721308096557997e-01
1.000000000000000000e+00 9.776878234886371422e-01 9.558340222991988933e-01 9.344785772330671536e-01 9.136526213354780879e-01 8.933454924478955173e-01 8.735775302550180532e-01 8.543903113630108015e-01 8.357185613972372140e-01 8.176253791313443653e-01 8.000738285296778995e-01 7.830348631538527338e-01 7.665747331908335793e-01 7.505639629720355366e-01 7.351479296401746133e-01 7.201300681214681809e-01 7.056970083394141779e-01 6.916263608923856054e-01 6.781106607818599974e-01 6.649402507586618105e-01 6.522693784624550295e-01 6.399487408774440222e-01 6.280507100849598290e-01 6.165286071652636979e-01 6.053332080542570548e-01 5.945588490358477696e-01 5.840455863941410586e-01 5.739231674347972101e-01 5.640876699934870286e-01 5.545115873537185269e-01 5.453076486513575016e-01 5.363179983512512683e-01 5.276051680274803646e-01 5.191859543727890269e-01 5.109574254951363415e-01 5.029989914695266462e-01 4.952854946758411536e-01 4.877416762421397656e-01 4.804403938894805659e-01 4.733617314252950292e-01 4.664341540901272842e-01 4.597040045464789726e-01 4.531968788914124691e-01 4.468244350477910132e-01 4.405899020373382768e-01 4.345979429889446077e-01 4.287262192903130709e-01 4.229710809662858839e-01 4.173944698617148008e-01 4.119750644783686799e-01 4.066599840204832561e-01 4.014461518965996567e-01 3.964260984194178383e-01 3.915094912275908223e-01 3.866837162994160026e-01 3.819518265418635483e-01 3.773966671494958236e-01 3.729231537287602261e-01 3.685290075608442795e-01 3.642133841657913540e-01 3.600602089335356859e-01 3.559785640053304001e-01 3.519665174796582918e-01 3.480222052819222367e-01 3.442064252265979452e-01 3.404725595441161490e-01 3.367999418459314831e-01 3.331869852608230764e-01 3.296551384860423317e-01 3.262309783609161351e-01 3.228609036495211915e-01 3.195435585658850108e-01 3.162776324274217954e-01 3.131041742427642660e-01 3.100046431266790248e-01 3.069518690625280821e-01 3.039447271835739040e-01 3.009821287176862592e-01 2.981063965523787496e-01 2.952911398712173563e-01 2.925165063852057101e-01 2.897815574869185284e-01 2.870853836501862100e-01 2.844569600935368814e-01 2.818918306461402068e-01 2.793621612360648876e-01 2.768671642477823491e-01 2.744060756783736621e-01 2.719830064293770056e-01 2.696389455842436722e-01 2.673259746647020929e-01 2.650434293176633371e-01 2.627906643600123604e-01 2.605670530897796211e-01 2.583901503703725511e-01 2.562696664671847979e-01 2.541759908645415122e-01 2.521085759332522547e-01 2.500668892116276187e-01 2.480504128879836845e-01
1.000000000000000000e+00 9.777122689167713210e-01 9.558807910875625202e-01 9.345454222650799725e-01 9.137372250008374275e-01 8.934462515968891738e-01 8.736927673420377127e-01 8.545177100562790784e-01 8.358574024562382965e-01 8.177736636137880044e-01 8.002303866397041388e-01 7.831991219295022510e-01 7.667445888588755309e-01 7.507400015519508640e-01 7.353274034280099514e-01 7.203143154668174564e-01 7.058830815003018788e-01 6.918159200808805531e-01 6.783009213003695637e-01 6.651327330996896769e-01 6.524619748140999542e-01 6.401423247376302195e-01 6.282443057316530188e-01 6.167219838155941769e-01 6.055269376457235175e-01 5.947511824882401044e-01 5.842379981415438683e-01 5.741140501526384998e-01 5.642774312735042708e-01 5.547009917972006710e-01 5.454947698057013294e-01 5.365041215908338268e-01 5.277899964650150100e-01 5.193686129235910443e-01 5.111390770154099483e-01 5.031788716931646643e-01 4.954631978870580600e-01 4.879182541614183188e-01 4.806151358432955156e-01 4.735341925887794901e-01 4.666052868785219299e-01 4.598735969763395048e-01 4.533640129332369706e-01 4.469899751390936093e-01 4.407545058764758550e-01 4.347598570061179113e-01 4.288862303263411557e-01 4.231299353308030642e-01 4.175514493799984406e-01 4.121298052158858249e-01 4.068131684017721739e-01 4.015984280778711613e-01 3.965760014259898103e-01 3.916574311169845335e-01 3.868302886856494482e-01 3.820974749554413297e-01 3.775399487408045429e-01 3.730646177116010986e-01 3.686691771918635396e-01 3.643527285244394509e-01 3.601972981634913862e-01 3.561138830048536930e-01 3.521005289942680250e-01 3.481553509517123501e-01 3.443377627444899614e-01 3.406021052939131044e-01 3.369281076813904208e-01 3.333141649129703343e-01 3.297812077175197309e-01 3.263551851635078660e-01 3.229836168421392761e-01 3.196651313256840266e-01 3.163984029866649950e-01 3.132235444512222466e-01 3.101223784823330942e-01 3.070682882111396839e-01 3.040601357872516619e-01 3.010968200135320516e-01 2.982197067584681505e-01 2.954029465983153413e-01 2.926270873496521485e-01 2.898911795409365721e-01 2.871943032328775902e-01 2.845647731314420170e-01 2.819982019643087479e-01 2.794673348777571009e-01 2.769713750944870490e-01 2.745095498165904258e-01 2.720858557812436684e-01 2.697403652176902367e-01 2.674261806846771616e-01 2.651426300450224760e-01 2.628890606319546075e-01 2.606648385471845852e-01 2.584871159893526449e-01 2.563653721126451512e-01 2.542706226079901599e-01 2.522023134333527539e-01 2.501599059516293466e-01 2.481428764031816669e-01
1.000000000000000000e+00 9.777410128276047274e-01 9.559357839452190531e-01 9.346240223165298566e-01 9.138367069073125570e-01 8.935647306296963244e-01 8.738282716626585289e-01 8.546675161208894256e-01 8.360206643725830444e-01 8.179480307135786887e-01 8.004144832050491543e-01 7.833922739829576321e-01 7.669443231086353618e-01 7.509470068761644468e-01 7.355384492912241390e-01 7.205309752041200166e-01 7.061018914318175632e-01 6.920388318915854375e-01 6.785246589273122853e-01 6.653590839579741623e-01 6.526884611044935225e-01 6.403699733699709240e-01 6.284719691735669578e-01 6.169493904354242941e-01 6.057547597683777818e-01 5.949773637123447756e-01 5.844642718293047157e-01 5.743385262562460403e-01 5.645005888226559687e-01 5.549237296992618473e-01 5.457148234227622297e-01 5.367230020332296458e-01 5.280073546712755750e-01 5.195834200805974357e-01 5.113527002006430511e-01 5.033904123698855759e-01 4.956721790488771706e-01 4.881259122344139278e-01 4.808206352995895161e-01 4.737370104465143950e-01 4.668065428202222700e-01 4.600730417728983168e-01 4.535605673010921768e-01 4.471846553332067264e-01 4.409480851255048739e-01 4.349502741047939769e-01 4.290744102983894970e-01 4.233167555507613145e-01 4.177360653262253143e-01 4.123117888787275476e-01 4.069933220584474043e-01 4.017775137189347201e-01 3.967522967816685675e-01 3.918314182622138486e-01 3.870026678413688859e-01 3.822687674885251186e-01 3.777084574224956470e-01 3.732309882316918737e-01 3.688340247237827385e-01 3.645166045624985696e-01 3.603585226188903423e-01 3.562730259399088939e-01 3.522581344279389626e-01 3.483119380908519247e-01 3.444922237866045456e-01 3.407544595020308709e-01 3.370788392448069715e-01 3.334637367154003051e-01 3.299294736469193245e-01 3.265012610124797265e-01 3.231279362098679608e-01 3.198081094223970133e-01 3.165404374528886233e-01 3.133639322080539746e-01 3.102608439174913690e-01 3.072052059357678333e-01 3.041958651485451859e-01 3.012317057514974916e-01 2.983529685596404413e-01 2.955344405993698409e-01 2.927571400430498127e-01 2.900201046469906840e-01 2.873224022299554758e-01 2.846915709871343791e-01 2.821233046444743264e-01 2.795910292877311631e-01 2.770939373687794638e-01 2.746312457500830195e-01 2.722068169511277502e-01 2.698596452969544424e-01 2.675440337340210251e-01 2.652593009739432905e-01 2.630047855519487832e-01 2.607798451095481584e-01 2.586011584487768467e-01 2.564779330158479809e-01 2.543819207078795164e-01 2.523125599437013866e-01 2.502693048262050746e-01 2.482516246031547247e-01
1.000000000000000000e+00 9.777746417650343691e-01 9.560001228565153664e-01 9.347159813555557806e-01 9.139530977456390426e-01 8.937033481785336964e-01 8.739868087883064796e-01 8.548427865267168579e-01 8.362116784262456637e-01 8.181520385664651229e-01 8.006298755622747176e-01 7.836182624266158081e-01 7.671780137096789742e-01 7.511892052732610514e-01 7.357853760579027291e-01 7.207844707610142621e-01 7.063579025135973133e-01 6.922996415740496623e-01 6.787864356687263179e-01 6.656239186778445394e-01 6.529534547692913415e-01 6.406363271494164291e-01 6.287383407574379524e-01 6.172154621158744137e-01 6.060213179716099630e-01 5.952420026901118488e-01 5.847290192619556404e-01 5.746011710768690328e-01 5.647616913687016904e-01 5.551843414880175409e-01 5.459722951617947961e-01 5.369791014190130607e-01 5.282616733219136496e-01 5.198347544240188300e-01 5.116026494462466712e-01 5.036379253617183638e-01 4.959166977483092098e-01 4.883688830165066608e-01 4.810610806942634543e-01 4.739743186136652353e-01 4.670420235706914669e-01 4.603064035609847893e-01 4.537905475811266909e-01 4.474124429260861735e-01 4.411745845605659078e-01 4.351730742019986331e-01 4.292945931555582906e-01 4.235353475255424494e-01 4.179520784475883599e-01 4.125247224261265888e-01 4.072041145420099428e-01 4.019870565212665947e-01 3.969585751693051057e-01 3.920349961697617291e-01 3.872043643933773538e-01 3.824691925844375673e-01 3.779056256265420632e-01 3.734256548778174811e-01 3.690269094477249823e-01 3.647083525077327026e-01 3.605471684055726600e-01 3.564592364326308882e-01 3.524425460256215281e-01 3.484951581670676646e-01 3.446729564021964176e-01 3.409327271855209229e-01 3.372552084065740252e-01 3.336387488424086833e-01 3.301029578231327033e-01 3.266721828982439568e-01 3.232968030346748400e-01 3.199754069042096694e-01 3.167066307565100103e-01 3.135281988803976239e-01 3.104228615542469205e-01 3.073654127615314535e-01 3.043546815320410937e-01 3.013895349738573981e-01 2.985088977895223872e-01 2.956883015392280933e-01 2.929093146282384375e-01 2.901709598719041105e-01 2.874722907682611961e-01 2.848399371476049158e-01 2.822696874878645179e-01 2.797357644399605103e-01 2.772373478559672644e-01 2.747736425029659868e-01 2.723483538943773374e-01 2.699992154389190269e-01 2.676819342782933431e-01 2.653958184189690872e-01 2.631401961042029725e-01 2.609144150786962824e-01 2.587346003644982462e-01 2.566096415634469552e-01 2.545121517875147399e-01 2.524415606361912756e-01 2.503973137195550924e-01 2.483788721053731829e-01
1.000000000000000000e+00 9.778137501782939722e-01 9.560749452650669777e-01 9.348229241023693348e-01 9.140884537364065698e-01 8.938645532457749621e-01 8.741711799208105038e-01 8.550466182757188172e-01 8.364338198425999016e-01 8.183892917864069583e-01 8.008803689290194816e-01 7.838810788846550803e-01 7.674497880724161503e-01 7.514708743244727929e-01 7.360725447000158184e-01 7.210792790465905266e-01 7.066556369399105142e-01 6.926029569478158177e-01 6.790908763289064121e-01 6.659319159855296988e-01 6.532616375225741567e-01 6.409460920709251219e-01 6.290481268144246796e-01 6.175248997599916967e-01 6.063313216491678093e-01 5.955497748251281642e-01 5.850369176995977583e-01 5.749066245984755241e-01 5.650653515121449866e-01 5.554874309751655082e-01 5.462717332323497876e-01 5.372769436069095850e-01 5.285574447128252862e-01 5.201270554193300200e-01 5.118933396596277996e-01 5.039257824359116844e-01 4.962010727479166383e-01 4.886514578360346972e-01 4.813407187436634649e-01 4.742503084615043996e-01 4.673158883085142268e-01 4.605778041069035211e-01 4.540580157051405941e-01 4.476773610320621266e-01 4.414380044548017468e-01 4.354321918702355187e-01 4.295506669048774206e-01 4.237895708463214062e-01 4.182033025758655209e-01 4.127723651685026862e-01 4.074492672339530275e-01 4.022307556967050779e-01 3.971984780207481469e-01 3.922717584624548781e-01 3.874389386371675514e-01 3.827022879939090960e-01 3.781349334550322960e-01 3.736520534574477304e-01 3.692512355994583828e-01 3.649313564298079515e-01 3.607665646576171947e-01 3.566758004718998953e-01 3.526570178827734270e-01 3.487082441210217487e-01 3.448831494984059831e-01 3.411400536259979743e-01 3.374603268365523601e-01 3.338422889252590231e-01 3.303047208125056700e-01 3.268709660254514038e-01 3.234931961272922152e-01 3.201699747754068737e-01 3.168999143194774493e-01 3.137192417565963787e-01 3.106112888411672324e-01 3.075517340453188808e-01 3.045393856353621476e-01 3.015730908492824103e-01 2.986902439636353046e-01 2.958672423110363936e-01 2.930862941286466183e-01 2.903464048579009193e-01 2.876466113441484840e-01 2.850124871364554391e-01 2.824399308939539166e-01 2.799040915438117949e-01 2.774041342865717907e-01 2.749392498243385941e-01 2.725129610978543337e-01 2.701615352739598075e-01 2.678423123464531153e-01 2.655545878734426601e-01 2.632976781302813207e-01 2.610709193532746442e-01 2.588897926077189937e-01 2.567628178937371719e-01 2.546636097771782792e-01 2.525915876020560780e-01 2.505461871026725129e-01 2.485268598347701863e-01
1.000000000000000000e+00 9.778589033539394348e-01 9.561613329444973441e-01 9.349463973116328708e-01 9.142447322692851541e-01 8.940506766414895168e-01 8.743840505966338217e-01 8.552819581780992664e-01 8.366903000964617254e-01 8.186632202800890878e-01 8.011695846831492496e-01 7.841845230286293988e-01 7.677635753635149163e-01 7.517960862105629305e-01 7.364041068295855696e-01 7.214196620593171794e-01 7.069993989620769748e-01 6.929531629171558071e-01 6.794423820022837957e-01 6.662875283336274768e-01 6.536174643450596289e-01 6.413037458342933927e-01 6.294058052558041405e-01 6.178821761946774460e-01 6.066892517637035853e-01 5.959051287292082000e-01 5.853924175081776093e-01 5.752593017805485154e-01 5.654159582395759109e-01 5.558373788574361152e-01 5.466174654669796462e-01 5.376208332971199599e-01 5.288989435442102982e-01 5.204645475247575703e-01 5.122289719550102705e-01 5.042581436822817231e-01 4.965294137268390640e-01 4.889777202889157293e-01 4.816635904188785178e-01 4.745689679634184643e-01 4.676320940437270757e-01 4.608911646196929834e-01 4.543668359483777341e-01 4.479832369884189092e-01 4.417421504313440717e-01 4.357313706149106292e-01 4.298463311317241020e-01 4.240830984387148339e-01 4.184933672923695225e-01 4.130582948715020297e-01 4.077323218693182372e-01 4.025121319421063326e-01 3.974754710763579446e-01 3.925451254064706852e-01 3.877097791424660711e-01 3.829714208487470795e-01 3.783996932060877949e-01 3.739134541398571043e-01 3.695102433238200978e-01 3.651888373013962297e-01 3.610198801703806137e-01 3.569258458917047849e-01 3.529046475755651668e-01 3.489542734864408136e-01 3.451258387288604346e-01 3.413794329641963166e-01 3.376971566898446797e-01 3.340772962414774727e-01 3.305376761395444341e-01 3.271004807662842850e-01 3.237199512394808854e-01 3.203946223374103952e-01 3.171230788172544335e-01 3.139398190508503883e-01 3.108288461075067177e-01 3.077668596027362535e-01 3.047526438314276387e-01 3.017850230915529175e-01 2.988996247807992890e-01 2.960738457672695834e-01 2.932906329749614405e-01 2.905489717871287958e-01 2.878478798235975522e-01 2.852117111547002315e-01 2.826364916440169406e-01 2.800984396065033244e-01 2.775967033275065776e-01 2.751304572711127938e-01 2.727030135975324621e-01 2.703489466941709218e-01 2.680274816861696885e-01 2.657378997599973425e-01 2.634795033740539028e-01 2.612516154781932554e-01 2.590689736877269111e-01 2.569396712965070773e-01 2.548384790519185317e-01 2.527648044580169673e-01 2.507180718475077175e-01 2.486977217944893181e-01
1.000000000000000000e+00 9.779105847936048201e-01 9.562602107811400964e-01 9.350877229093239595e-01 9.144236067378362920e-01 8.942637115433876849e-01 8.746277005166618324e-01 8.555513265758714070e-01 8.369838659265698144e-01 8.189767576335490462e-01 8.015006201641673433e-01 7.845318446526322598e-01 7.681227361289363342e-01 7.521683237967157210e-01 7.367836133658413056e-01 7.218092652461544079e-01 7.073928701611748027e-01 6.933540100349988577e-01 6.798447171976169656e-01 6.666945642614053869e-01 6.540247461173173127e-01 6.417131189375770983e-01 6.298152068681364124e-01 6.182911179094892073e-01 6.070989418207256572e-01 5.963118703307596080e-01 5.857993262017370251e-01 5.756629799239768586e-01 5.658172666981062804e-01 5.562379332534913567e-01 5.470131948647913855e-01 5.380144537923410297e-01 5.292898275465617308e-01 5.208508455854812258e-01 5.126131412922727559e-01 5.046385690618917508e-01 4.969052376248849212e-01 4.893511650954174841e-01 4.820331541982938450e-01 4.749337105853378982e-01 4.679940280660616070e-01 4.612498419988259601e-01 4.547203166295025745e-01 4.483333476302867604e-01 4.420902808482571889e-01 4.360738156058249215e-01 4.301847533806897883e-01 4.244190749834797494e-01 4.188253802074666798e-01 4.133855748755657644e-01 4.080563110164385221e-01 4.028341998737068330e-01 3.977925220557634312e-01 3.928580259380765050e-01 3.880197878423238267e-01 3.832794748500594206e-01 3.787027417970613707e-01 3.742126579213033155e-01 3.698067080452266397e-01 3.654835542522030800e-01 3.613098294616592931e-01 3.572120521891060663e-01 3.531880887333193053e-01 3.492358827604500893e-01 3.454036248601657366e-01 3.416534305716780184e-01 3.379682360885278847e-01 3.343462894507734928e-01 3.308043205439030743e-01 3.273631870660815846e-01 3.239794988166658785e-01 3.206517575207623039e-01 3.173785163549427968e-01 3.141922952161795290e-01 3.110778655182778185e-01 3.080130956127450359e-01 3.049967423583111459e-01 3.020276037972730587e-01 2.991392850697470740e-01 2.963103270488187668e-01 2.935245221126317472e-01 2.907808326871227922e-01 2.880782543878063762e-01 2.854397455470281120e-01 2.828614776185100488e-01 2.803208928706231173e-01 2.778171202286547348e-01 2.753493155716842944e-01 2.729205498138442265e-01 2.705634598941429880e-01 2.682394285399640199e-01 2.659477204889056923e-01 2.636876223853560353e-01 2.614584419723356978e-01 2.592740659592046581e-01 2.571420992587368226e-01 2.550386359107620904e-01 2.529630698680655487e-01 2.509148124138022573e-01 2.488932915531714141e-01
1.000000000000000000e+00 9.779691238893619687e-01 9.563722088615838057e-01 9.352478014172369569e-01 9.146262168065791842e-01 8.945050151539797323e-01 8.749036818407501803e-01 8.558564394181035206e-01 8.373163874059555978e-01 8.193319011813492425e-01 8.018755841545476271e-01 7.849252562225647045e-01 7.685295582801089376e-01 7.525899583498275591e-01 7.372134818560061031e-01 7.222505704488506595e-01 7.078385571115154429e-01 6.938080519567365601e-01 6.803004450646592538e-01 6.671556168798531417e-01 6.544860775809615561e-01 6.421768195209395236e-01 6.302789400568775680e-01 6.187543304695835022e-01 6.075630022478336612e-01 5.967725913855941311e-01 5.862602367123509461e-01 5.761202314917202028e-01 5.662718343656928388e-01 5.566916469489023855e-01 5.474614435854715522e-01 5.384603139293707708e-01 5.297325882424410715e-01 5.212884120368228569e-01 5.130482966727857308e-01 5.050694837553447725e-01 4.973309402637249299e-01 4.897741728791230598e-01 4.824517660194923563e-01 4.753468616552713466e-01 4.684039979147416877e-01 4.616561231484133665e-01 4.551207116711234457e-01 4.487299255347536597e-01 4.424846157973720828e-01 4.364617109580331000e-01 4.305680923790435322e-01 4.247996438635363026e-01 4.192014596401503201e-01 4.137562934982459972e-01 4.084233021766105476e-01 4.031990149004380242e-01 3.981516545496279758e-01 3.932124573480837992e-01 3.883709437443962353e-01 3.836284166915249205e-01 3.790460141795308213e-01 3.745515754034425271e-01 3.701425230581772974e-01 3.658173895836047684e-01 3.616382646273818557e-01 3.575362477803900041e-01 3.535091523203021113e-01 3.495548713988311240e-01 3.457182831467386364e-01 3.419637977186706923e-01 3.382752978614104178e-01 3.346509882393678970e-01 3.311063588980699968e-01 3.276607648649555449e-01 3.242734988299896259e-01 3.209430250805015983e-01 3.176678610231870037e-01 3.144782856333940835e-01 3.113599405910379980e-01 3.082920180175745539e-01 3.052732436960835516e-01 3.023023859302901295e-01 2.994107593491139863e-01 2.965782005834414758e-01 2.937894596154529969e-01 2.910434728684103134e-01 2.883392110345780468e-01 2.856980515637257967e-01 2.831163308121739663e-01 2.805728773589628022e-01 2.780667982011506556e-01 2.755972281674546331e-01 2.731669649247731035e-01 2.708064509627570726e-01 2.684795128150865851e-01 2.661853965885008777e-01 2.639233710156034807e-01 2.616927266153518672e-01 2.595063863196309661e-01 2.573714018770223433e-01 2.552653661526008144e-01 2.531876577502686354e-01 2.511376731725730171e-01 2.491148261885158810e-01
1.000000000000000000e+00 9.780346020571877297e-01 9.564974830285650764e-01 9.354268555189682033e-01 9.148528443445758107e-01 8.947749231984961638e-01 8.752123785518423071e-01 8.561977212607700949e-01 8.376883272533270919e-01 8.197291450675824320e-01 8.022949983692451159e-01 7.853653051512199390e-01 7.689846078879472024e-01 7.530615765510678683e-01 7.376943104512266869e-01 7.227441917573276253e-01 7.083370799592522138e-01 6.943159204273882112e-01 6.808101997010267414e-01 6.676713277157716453e-01 6.550021006419142200e-01 6.426954927823101960e-01 6.307976500542263887e-01 6.192724583705517816e-01 6.080820787127487748e-01 5.972879328937058530e-01 5.867757902940421433e-01 5.766316926334434934e-01 5.667802936503412159e-01 5.571991511641630757e-01 5.479628352425742754e-01 5.389590340050044448e-01 5.302278416189188937e-01 5.217778556326226891e-01 5.135350434984961021e-01 5.055514875598324798e-01 4.978071147126572615e-01 4.902473334805350635e-01 4.829200098905491734e-01 4.758089976743394289e-01 4.688625757608476663e-01 4.621105751819981067e-01 4.555685800345703473e-01 4.491735243953045575e-01 4.429257058921900470e-01 4.368955982494391321e-01 4.309968832966331598e-01 4.252253363328936109e-01 4.196221305926274847e-01 4.141709683198854797e-01 4.088338077852570751e-01 4.036070864753888987e-01 3.985533701438918053e-01 3.936089147236722097e-01 3.887637374242637334e-01 3.840187339167931424e-01 3.794299900501830192e-01 3.749306802683196049e-01 3.705181577757765687e-01 3.661908100047635006e-01 3.620056449063880355e-01 3.578988860516854054e-01 3.538682874136229173e-01 3.499116856429413391e-01 3.460702538530184280e-01 3.423109687479649055e-01 3.386187718034409100e-01 3.349918191677043744e-01 3.314442141136824116e-01 3.279936309175643383e-01 3.246023631073166049e-01 3.212688330956957050e-01 3.179915182803896845e-01 3.147981911464503013e-01 3.116754667738770301e-01 3.086040179321776211e-01 3.055825356459723752e-01 3.026097549560642364e-01 2.997144285362137728e-01 2.968778423326743909e-01 2.940858174153108684e-01 2.913372611231085374e-01 2.886311162714040868e-01 2.859869920811166644e-01 2.834014093532509215e-01 2.808547472654265298e-01 2.783460882877416553e-01 2.758745437038558901e-01 2.734426055517495957e-01 2.710782618149128465e-01 2.687480724404094357e-01 2.664512626961651476e-01 2.641870812802626367e-01 2.619547994463629625e-01 2.597662621356282564e-01 2.576279023792362732e-01 2.555189894868354905e-01 2.534388848944436057e-01 2.513869685723452707e-01 2.493626383662085333e-01
1.000000000000000000e+00 9.781067417747310033e-01 9.566355022672607955e-01 9.356241262786965107e-01 9.151025287371321593e-01 8.950722915934751223e-01 8.755524821946597536e-01 8.565737254368147591e-01 8.380981087538083019e-01 8.201668052810275888e-01 8.027570847702146795e-01 7.858501258764607478e-01 7.694859557286266583e-01 7.535811788781044962e-01 7.382240604541562279e-01 7.232880361307200134e-01 7.088863248354380087e-01 6.948754619313786129e-01 6.813718194730947753e-01 6.682395097824191943e-01 6.555706269199530478e-01 6.432669390597153258e-01 6.313691369924434582e-01 6.198433041655725395e-01 6.086539697089441425e-01 5.978557091259070200e-01 5.873438002806014024e-01 5.771951939758129813e-01 5.673404878538919061e-01 5.577582932085713985e-01 5.485152429917060646e-01 5.395084984498458303e-01 5.307734867510423005e-01 5.223171000177186940e-01 5.140713168014757750e-01 5.060825352643618658e-01 4.983317398888633121e-01 4.907686380335078979e-01 4.834358973733688947e-01 4.763181558027385631e-01 4.693678135707577415e-01 4.626112672927280567e-01 4.560620185717639274e-01 4.496622589268127745e-01 4.434116762679667367e-01 4.373736330702592268e-01 4.314693032590430355e-01 4.256943425923878088e-01 4.200856044623751395e-01 4.146278360457914536e-01 4.092860821202796706e-01 4.040566791022775495e-01 3.989959601698333524e-01 3.940457115754770756e-01 3.891964978208511394e-01 3.844487658662200658e-01 3.798530355109897005e-01 3.753483591543542164e-01 3.709320134419652470e-01 3.666022260481115458e-01 3.624104063132599918e-01 3.582984230038687157e-01 3.542639647557040972e-01 3.503048059712357554e-01 3.464580378697848517e-01 3.426934647759569685e-01 3.389971945888647364e-01 3.353673300055313722e-01 3.318164464631189192e-01 3.283603665197534771e-01 3.249646897880721919e-01 3.216277925467586618e-01 3.183481081147587766e-01 3.151506475256964923e-01 3.120230982742713266e-01 3.089477643901110127e-01 3.059232986037289659e-01 3.029483993094844174e-01 3.000489966234510808e-01 2.972079732318456680e-01 2.944123302434293876e-01 2.916609429544426701e-01 2.889527234676383394e-01 2.863053329106797218e-01 2.837154952909729522e-01 2.811652981117279682e-01 2.786537968211865168e-01 2.761800767629339348e-01 2.737462932574313279e-01 2.713777301095031125e-01 2.690439587225349483e-01 2.667441814059030580e-01 2.644776247852457240e-01 2.622435388892496722e-01 2.600525810151705919e-01 2.579105025408618967e-01 2.557984197484061140e-01 2.537156751596080784e-01 2.516616305308178592e-01 2.496356661646375874e-01
1.000000000000000000e+00 9.781847861009558276e-01 9.567848184015282920e-01 9.358375437263525276e-01 9.153726499646241965e-01 8.953939998460626049e-01 8.759204236364520613e-01 8.569805060208365299e-01 8.385414314804008340e-01 8.206402887173497307e-01 8.032569937883899946e-01 7.863746301103528014e-01 7.700283399186423905e-01 7.541433117398215202e-01 7.387971718058887749e-01 7.238763956540726907e-01 7.094805269593272845e-01 6.954808034692595564e-01 6.819794095386800814e-01 6.688541993657206586e-01 6.561856889175854413e-01 6.438851600296915390e-01 6.319874018995685905e-01 6.204608753700632251e-01 6.092726715630286671e-01 5.984699593752704772e-01 5.879583033220999733e-01 5.778048192742628597e-01 5.679465352376473763e-01 5.583632021986888461e-01 5.491128664058798625e-01 5.401029375316519499e-01 5.313637937898818553e-01 5.229004823026301985e-01 5.146514846799858933e-01 5.066570497007836238e-01 4.988993059889552106e-01 4.913326115618797396e-01 4.839940104705962587e-01 4.768689889178027164e-01 4.699144056250009749e-01 4.631529417286202599e-01 4.565958459130769476e-01 4.501909973922241792e-01 4.439374244419443949e-01 4.378907960501488006e-01 4.319803916677315558e-01 4.262017377285307607e-01 4.205870142448802085e-01 4.151220988440812443e-01 4.097753754118127478e-01 4.045430710227589377e-01 3.994747761501515892e-01 3.945182600182023935e-01 3.896646792167934303e-01 3.849139952748089066e-01 3.803107064465586773e-01 3.758002241059178461e-01 3.713797420740437838e-01 3.670473151926826882e-01 3.628482959987380796e-01 3.587306604596094406e-01 3.546920265266676475e-01 3.507301012597130452e-01 3.468775599158409051e-01 3.431072658568840028e-01 3.394065888673078457e-01 3.357735738184450813e-01 3.322191432710943637e-01 3.287571165176378374e-01 3.253566698310454974e-01 3.220161295803028456e-01 3.187338813981965835e-01 3.155319488643876791e-01 3.123991796568651447e-01 3.093196425709678343e-01 3.062919489090954461e-01 3.033147574200016905e-01 3.004109446574507736e-01 2.975651207285964772e-01 2.947655633582816903e-01 2.920111131776036983e-01 2.893006490631930272e-01 2.866497246122909348e-01 2.840552836697233796e-01 2.815012618783352960e-01 2.789866854530203555e-01 2.765106116743318299e-01 2.740748315872468810e-01 2.717017034994903546e-01 2.693640567378777773e-01 2.670610687742834832e-01 2.647919423554687679e-01 2.625559045480706510e-01 2.603623278043177280e-01 2.582162260597585246e-01 2.561007137320160387e-01 2.540151128807187075e-01 2.519587655576288610e-01 2.499310330865340268e-01
1.000000000000000000e+00 9.782673874646826695e-01 9.569428531888080069e-01 9.360634227968142040e-01 9.156585438888377171e-01 8.957344931281201461e-01 8.763098498564464434e-01 8.574110393839364797e-01 8.390106408530163540e-01 8.211414200715224654e-01 8.037860938976466585e-01 7.869297617190613714e-01 7.706023956785796880e-01 7.547382694496201916e-01 7.394037491335588852e-01 7.244991115414993743e-01 7.101094267376626412e-01 6.961214931849252219e-01 6.826224791469016617e-01 6.695047830610367789e-01 6.568366668691026922e-01 6.445394814803869776e-01 6.326417699837313391e-01 6.211145094034276060e-01 6.099275023802253060e-01 5.991200787393531346e-01 5.886086902801130893e-01 5.784500437374575643e-01 5.685879729128493487e-01 5.590034350273045405e-01 5.497453883048117884e-01 5.407320891827179787e-01 5.319885721466195427e-01 5.235179316013747197e-01 5.152655318856259603e-01 5.072651133747336782e-01 4.995000156329330032e-01 4.919295188569192123e-01 4.845847150634081113e-01 4.774519883067060433e-01 4.704929161532858117e-01 4.637262473326220769e-01 4.571608460740033686e-01 4.507506113629951572e-01 4.444938733390101371e-01 4.384381584680666633e-01 4.325213248053910720e-01 4.267387619103686358e-01 4.211177035633083543e-01 4.156452238429909074e-01 4.102932406952675692e-01 4.050578654694552694e-01 3.999815523756393709e-01 3.950184028211711218e-01 3.901602000417055405e-01 3.854063917890710456e-01 3.807951031433479128e-01 3.762784757889032772e-01 3.718536158869240049e-01 3.675183953560745009e-01 3.633117563077618573e-01 3.591881384749764372e-01 3.551450849979761459e-01 3.511802316622719689e-01 3.473215799472201826e-01 3.435452308465704596e-01 3.398398897023579557e-01 3.362035401842256022e-01 3.326453554774008725e-01 3.291770346526697311e-01 3.257715394580805723e-01 3.224271434390737490e-01 3.191421817582451026e-01 3.159355161259804201e-01 3.127972221380800888e-01 3.097132363872076577e-01 3.066821263289752353e-01 3.037025087519241162e-01 3.007940283725526465e-01 2.979431235703151049e-01 2.951394232183315869e-01 2.923817312587194683e-01 2.896688914021638417e-01 2.870142266723118007e-01 2.844149135861011035e-01 2.818568438252748165e-01 2.793390126646624894e-01 2.768604476833945172e-01 2.744225543835885350e-01 2.720445947775053108e-01 2.697028463217025496e-01 2.673964602004760827e-01 2.651246138876000580e-01 2.628865101470781451e-01 2.606901615733519528e-01 2.585398016057707249e-01 2.564206594541140194e-01 2.543320355211983186e-01 2.522732510037925535e-01 2.502436471388369554e-01
1.000000000000000000e+00 9.783525354039169786e-01 9.571057601808068416e-01 9.362962657851198189e-01 9.159532520897589736e-01 8.960854841018160988e-01 8.767112825034376611e-01 8.578548466636861658e-01 8.394943166774696541e-01 8.216580022073738387e-01 8.043315072425933909e-01 7.875020092834047469e-01 7.711941510087293450e-01 7.553515712905344293e-01 7.400290290154754036e-01 7.251410276848212488e-01 7.107577176221074877e-01 6.967819376451303004e-01 6.832853770547147043e-01 6.701754268554467320e-01 6.575077172456915697e-01 6.452139785788011395e-01 6.333163152804524021e-01 6.217882981235934858e-01 6.106025248753174095e-01 5.997902446797581666e-01 5.892791321784059955e-01 5.791151641254325133e-01 5.692491898960445607e-01 5.596634101262875083e-01 5.503974148915354858e-01 5.413806417290677464e-01 5.326326166852125565e-01 5.241544212586654039e-01 5.158985146649429643e-01 5.078919282671742197e-01 5.001192498948708876e-01 4.925448336407285965e-01 4.851936360285089012e-01 4.780529666385250898e-01 4.710892673305369649e-01 4.643172332195593111e-01 4.577432705843528238e-01 4.513274837280384366e-01 4.450674831348182536e-01 4.390024017698002656e-01 4.330789407132426549e-01 4.272923484312519671e-01 4.216647600212532487e-01 4.161844828899186610e-01 4.108270779685035401e-01 4.055885373140076244e-01 4.005039588685121998e-01 3.955339714396251538e-01 3.906710042284558537e-01 3.859139753765720160e-01 3.812944403936741056e-01 3.767714786750298583e-01 3.723421060199542665e-01 3.680040057860357039e-01 3.637895120836585616e-01 3.596597276306809365e-01 3.556121184503863719e-01 3.516442468571486790e-01 3.477792964998314695e-01 3.439967057926056060e-01 3.402865567988609397e-01 3.366467701001686907e-01 3.330847155882142863e-01 3.296099067642895286e-01 3.261992075244530276e-01 3.228508369624563668e-01 3.195630782150962745e-01 3.163515336716272719e-01 3.132075446911830041e-01 3.101189732309660996e-01 3.070843415483455185e-01 3.041022231783430119e-01 3.011889313918821309e-01 2.983327891897372131e-01 2.955248182369171195e-01 2.927637846557262780e-01 2.900484959070148694e-01 2.873899756945575978e-01 2.847856403782813017e-01 2.822233979638159029e-01 2.797022118322914364e-01 2.772210789459580438e-01 2.747810073816284726e-01 2.723980674285855219e-01 2.700520909440202733e-01 2.677422020144171744e-01 2.654675520616019968e-01 2.632273187978925733e-01 2.610281130498092739e-01 2.588733637059797421e-01 2.567504799450331943e-01 2.546587398454736584e-01 2.525974431062897319e-01 2.505659102584632536e-01
1.000000000000000000e+00 9.784375651448077305e-01 9.572684410672085420e-01 9.365287856334906236e-01 9.162475513398663507e-01 8.964359880693654192e-01 8.771121581992193939e-01 8.582980382593951019e-01 8.399773215595023323e-01 8.221738678103928111e-01 8.048761641190438354e-01 7.880734632080891311e-01 7.717850857025250200e-01 7.559640226502615246e-01 7.406534418634196371e-01 7.257820537510296655e-01 7.114051096485844994e-01 6.974414664182717605e-01 6.839473559348406839e-01 6.708451409105194996e-01 6.581778373703797147e-01 6.458875406750511639e-01 6.339899255450397453e-01 6.224611528940017235e-01 6.112766117273430444e-01 6.004594817499725456e-01 5.899486448330829580e-01 5.797793626796133859e-01 5.699094904775634518e-01 5.603224705484619594e-01 5.510485378549282443e-01 5.420282954760191618e-01 5.332757686838084377e-01 5.247900288719106188e-01 5.165306202605971508e-01 5.085178745371097264e-01 5.007376260592981687e-01 4.931592957551989009e-01 4.858017131941961830e-01 4.786531121947062983e-01 4.716847921404768718e-01 4.649074001702985237e-01 4.583248880312870699e-01 4.519035567136188702e-01 4.456402980481568576e-01 4.395658631842062625e-01 4.336357839161278371e-01 4.278451678131681701e-01 4.222110583883793566e-01 4.167229946592380663e-01 4.113601754705262792e-01 4.061184737529950350e-01 4.010256414193607566e-01 3.960488255925481149e-01 3.911811005400817609e-01 3.864208555304284864e-01 3.817930856467437462e-01 3.772637983390127459e-01 3.728299191704691484e-01 3.684889432000948428e-01 3.642666057347269115e-01 3.601306632031170962e-01 3.560785046189252068e-01 3.521076189276636237e-01 3.482363786535145889e-01 3.444475549858221353e-01 3.407326047931231727e-01 3.370893856567373503e-01 3.335234666848230778e-01 3.300421788512831744e-01 3.266262827687858028e-01 3.232739431551906462e-01 3.199833911939158337e-01 3.167669744897577688e-01 3.136172984033640532e-01 3.105241475765540549e-01 3.074859991313690366e-01 3.045013834095191552e-01 3.015832868754699247e-01 2.987219145269009446e-01 2.959096788811834688e-01 2.931453082934538101e-01 2.904275740251863747e-01 2.877652036593428275e-01 2.851558530651691625e-01 2.825894437668993731e-01 2.800649072963583008e-01 2.775812100415325223e-01 2.751389632070932456e-01 2.727510498017859941e-01 2.704008511362009370e-01 2.680874642367289673e-01 2.658100145095099176e-01 2.635676546500452244e-01 2.613655956679758474e-01 2.592064630210169640e-01 2.570798428224755350e-01 2.549849908576161117e-01 2.529211853575696334e-01 2.508877261761795485e-01
1.000000000000000000e+00 9.785192941166077629e-01 9.574248068557850155e-01 9.367522793312119678e-01 9.165304262584968997e-01 8.967728859325697632e-01 8.774974724526231062e-01 8.587240257959249945e-01 8.404415769098814160e-01 8.226697083014102851e-01 8.053996782721304371e-01 7.886227342058369505e-01 7.723530812804594303e-01 7.565526996627021106e-01 7.412536160717221323e-01 7.263981962948501403e-01 7.120273710526738853e-01 6.980753934364121172e-01 6.845836379607255218e-01 6.714888578358179094e-01 6.588219446047476335e-01 6.465349562588805776e-01 6.346373874195299081e-01 6.231078885902188169e-01 6.119245316574372096e-01 6.011027401493032052e-01 5.905921680931318640e-01 5.804177781077844989e-01 5.705441592229558712e-01 5.609559472426262072e-01 5.516743851898738837e-01 5.426508082303929115e-01 5.338939544072744958e-01 5.254009630433279510e-01 5.171381883173173932e-01 5.091195223279703086e-01 5.013319975703022235e-01 4.937499051088813928e-01 4.863861854129382101e-01 4.792299606593077854e-01 4.722571991821903348e-01 4.654746572948496031e-01 4.588839275026464493e-01 4.524572669145162096e-01 4.461908766060582732e-01 4.401074512889556756e-01 4.341710106680641834e-01 4.283765268855833641e-01 4.227361495317620843e-01 4.172406014222604376e-01 4.118725780871428377e-01 4.066278379555559597e-01 4.015270720904903223e-01 3.965436928832647978e-01 3.916713946257956436e-01 3.869080582448160555e-01 3.822723730785472229e-01 3.777370056785128716e-01 3.732987948749474372e-01 3.689550547381734158e-01 3.647251779424708351e-01 3.605833163250219964e-01 3.565267848794739236e-01 3.525530020307489631e-01 3.486757159499427883e-01 3.448809012207085800e-01 3.411613361457662696e-01 3.375148177519307069e-01 3.339451842715001062e-01 3.304576688782086547e-01 3.270367776281867811e-01 3.236806229743381391e-01 3.203873861635928577e-01 3.171662863689580503e-01 3.140111438833424473e-01 3.109135913934634732e-01 3.078720626382381864e-01 3.048850464428777829e-01 3.019623316126157642e-01 2.990959320826364620e-01 2.962795972295849678e-01 2.935120191075902274e-01 2.907919341840481953e-01 2.881258630579675573e-01 2.855116918100248924e-01 2.829412773170192907e-01 2.804135204978917550e-01 2.779273583532883007e-01 2.754830206224125333e-01 2.730903267643210452e-01 2.707360697525792448e-01 2.684193206039823809e-01 2.661391797189366915e-01 2.638947757473028566e-01 2.616899742227571379e-01 2.595266283613119618e-01 2.573964167023640726e-01 2.552985736033808739e-01 2.532323566610355514e-01 2.511970458547366780e-01
1.000000000000000000e+00 9.785943221353639032e-01 9.575683522399843772e-01 9.369574488382528266e-01 9.167901083635660031e-01 8.970821616897207695e-01 8.778511949927736424e-01 8.591150868778522076e-01 8.408677682873592074e-01 8.231248952182916856e-01 8.058802699519413970e-01 7.891269709877400951e-01 7.728745074799565629e-01 7.570931116822452456e-01 7.418045826908852280e-01 7.269638220512379956e-01 7.125986140472797548e-01 6.986573456300217977e-01 6.851677521345552746e-01 6.720797973676680970e-01 6.594132424991875352e-01 6.471292912969455191e-01 6.352317650014275285e-01 6.237015995799570778e-01 6.125193298257332053e-01 6.016932590339060249e-01 5.911829301584731189e-01 5.810038511772706027e-01 5.711267928403301886e-01 5.615374865782587488e-01 5.522489207428836755e-01 5.432222826400169291e-01 5.344614565949166174e-01 5.259618082742189005e-01 5.176959434523393799e-01 5.096718426357690346e-01 5.018776382187759566e-01 4.942920920891147873e-01 4.869227384764428512e-01 4.797595150775344486e-01 4.727826763593243053e-01 4.659954068287251450e-01 4.593971331898565880e-01 4.529655803122010771e-01 4.466963151536754717e-01 4.406046365682283472e-01 4.346623562126309404e-01 4.288643219060319645e-01 4.232181905716723147e-01 4.177157717633298573e-01 4.123429710013272742e-01 4.070954416014674337e-01 4.019873927140288350e-01 3.969979882934164261e-01 3.921214918185467191e-01 3.873553175546652905e-01 3.827123661195337423e-01 3.781714171690722659e-01 3.737292299119643335e-01 3.693829522695997181e-01 3.651461543333134885e-01 3.609988589718249874e-01 3.569383132278497461e-01 3.529618707878749984e-01 3.490790346335018723e-01 3.452787200874303797e-01 3.415549185384658126e-01 3.379053714239305117e-01 3.343323280195504288e-01 3.308390957033198188e-01 3.274136188755327193e-01 3.240539620094698425e-01 3.207582605099898454e-01 3.175328616281116179e-01 3.143727009729105348e-01 3.112711077490390443e-01 3.082264758693813445e-01 3.052372560466916629e-01 3.023103016129410903e-01 2.994392871204032414e-01 2.966191891917401846e-01 2.938486665564857270e-01 2.911264237408124900e-01 2.884569553174801682e-01 2.858383587027977235e-01 2.832642674403152983e-01 2.807335543461199068e-01 2.782451294430613453e-01 2.757988722824894490e-01 2.734017899644864968e-01 2.710438073918600144e-01 2.687239717044047072e-01 2.664413603470794922e-01 2.641950798956697599e-01 2.619877607281685394e-01 2.598205471376768827e-01 2.576870385242961414e-01 2.555864495746192344e-01 2.535180189427362341e-01 2.514810083631794368e-01
1.000000000000000000e+00 9.786594953910918715e-01 9.576930432641976854e-01 9.371356698094671644e-01 9.170156818430797996e-01 8.973508148264460749e-01 8.781584569500701098e-01 8.594547830670327127e-01 8.412379805085864470e-01 8.235202945034832966e-01 8.062977371634403312e-01 7.895649775891454558e-01 7.733274457283180192e-01 7.575625420212970251e-01 7.422831813265546863e-01 7.274551543921279340e-01 7.130948258323950295e-01 6.991628599945537426e-01 6.856751445237740938e-01 6.725931186277984697e-01 6.599268750639529779e-01 6.476455620903075472e-01 6.357480727581782398e-01 6.242173283059589961e-01 6.130360029341831440e-01 6.022062149395202013e-01 5.916960973035995108e-01 5.815129452185684444e-01 5.716328991936924231e-01 5.620426423772016955e-01 5.527479926908318575e-01 5.437186955139232669e-01 5.349544189843106201e-01 5.264489880802500910e-01 5.181804390318495157e-01 5.101516172357100087e-01 5.023516105145813260e-01 4.947630643407991413e-01 4.873888168084624106e-01 4.802195140166132803e-01 4.732391335858434633e-01 4.664477573677761058e-01 4.598429307398666510e-01 4.534071281508198492e-01 4.471353657312838736e-01 4.410365179112349932e-01 4.350891648394806799e-01 4.292880463418366488e-01 4.236369167867867769e-01 4.181285297229205833e-01 4.127515790280834040e-01 4.075016267112784307e-01 4.023872514027768132e-01 3.973926131580737264e-01 3.925124698809580037e-01 3.877438304707173100e-01 3.830945671673180453e-01 3.785487697809214458e-01 3.741031283568784227e-01 3.697546464911485864e-01 3.655118364825492572e-01 3.613598210772487884e-01 3.572957882923234463e-01 3.533170355791592776e-01 3.494293783312432677e-01 3.456242863472077098e-01 3.418968047643089481e-01 3.382446267320051159e-01 3.346686212776697200e-01 3.311704229353440998e-01 3.277409628256053864e-01 3.243782637441902650e-01 3.210804212751993680e-01 3.178512879710377326e-01 3.146867682615770434e-01 3.115816650339091609e-01 3.085343376059971332e-01 3.055432035841731397e-01 3.026125663985428926e-01 2.997375430981248923e-01 2.969141763540980583e-01 2.941410959485546983e-01 2.914169786618930891e-01 2.887445591570606540e-01 2.861221184272860762e-01 2.835448333195483284e-01 2.810115522383626052e-01 2.785211617722896382e-01 2.760732372816298019e-01 2.736723429078514180e-01 2.713111241074330771e-01 2.689886072793895577e-01 2.667038499284076214e-01 2.644559394556054155e-01 2.622464333196483088e-01 2.600758600069799642e-01 2.579394874754470934e-01 2.558365133245175116e-01 2.537661597537878011e-01 2.517276726493599681e-01
1.000000000000000000e+00 9.787124691279835975e-01 9.577943938831406934e-01 9.372805303293630930e-01 9.171990311581034172e-01 8.975691799046194852e-01 8.784082038336581411e-01 8.597308929654081666e-01 8.415388942809695072e-01 8.238416806901111000e-01 8.066370604855888082e-01 7.899209956300221602e-01 7.736956004363776396e-01 7.579441017438601769e-01 7.426721931806535837e-01 7.278545163875704826e-01 7.134981539197066125e-01 6.995737493554338160e-01 6.860875603783811449e-01 6.730103535564805339e-01 6.603443630319985047e-01 6.480651944511108820e-01 6.361677351673935554e-01 6.246365200741073043e-01 6.134559623106589088e-01 6.026231529244907570e-01 5.921132069863549452e-01 5.819267442283314606e-01 5.720442697705344637e-01 5.624532403296975680e-01 5.531536456073837815e-01 5.441221870980486042e-01 5.353551059669416912e-01 5.268449749005500449e-01 5.185742440748167814e-01 5.105415849992576138e-01 5.027368620819738787e-01 4.951458774257582185e-01 4.877676520435177965e-01 4.805934078330676984e-01 4.736101486436515851e-01 4.668154344474443329e-01 4.602052814545976034e-01 4.537660246349841664e-01 4.474922323996119444e-01 4.413875573222203474e-01 4.354360810709035357e-01 4.296324556930792293e-01 4.239772635092114994e-01 4.184640253593431836e-01 4.130837015351332964e-01 4.078317798302195096e-01 4.027122623139368085e-01 3.977133699386621868e-01 3.928302624832483714e-01 3.880596193601901778e-01 3.834052256776667167e-01 3.788554874092461278e-01 3.744070383834139371e-01 3.700567648865205062e-01 3.658090681769584629e-01 3.616532162485127655e-01 3.575863491414444373e-01 3.536057185985100881e-01 3.497141426929789576e-01 3.459051675351892952e-01 3.421746947630279756e-01 3.385203782769422576e-01 3.349419652200924524e-01 3.314397304167107650e-01 3.280070326333536790e-01 3.246418607897018638e-01 3.213422781030196296e-01 3.181101094020805098e-01 3.149420465869542940e-01 3.118340903730703606e-01 3.087845719591844063e-01 3.057918820422931283e-01 3.028582514586400931e-01 2.999799697376215879e-01 2.971539460487102047e-01 2.943787866451364477e-01 2.916531457551677642e-01 2.889783275638354576e-01 2.863527622781113502e-01 2.837728811623652092e-01 2.812375127790653351e-01 2.787455246690733190e-01 2.762962449421885180e-01 2.738922520708588215e-01 2.715284028135124816e-01 2.692037067107846959e-01 2.669172050596461676e-01 2.646679696757927025e-01 2.624566859348791414e-01 2.602833817875589428e-01 2.581446814174693793e-01 2.560397685354378616e-01 2.539678519666312417e-01 2.519281647153384096e-01
1.000000000000000000e+00 9.787522226403452263e-01 9.578704512549996997e-01 9.373892391941237578e-01 9.173366234890499848e-01 8.977330494070352440e-01 8.785956234475374993e-01 8.599380964001984706e-01 8.417647114976115619e-01 8.240828611969284179e-01 8.068917017124775937e-01 7.901881652191727889e-01 7.739718778529001142e-01 7.582304388020346675e-01 7.429641226151852962e-01 7.281542129729846602e-01 7.138008268210925822e-01 6.998820965312797515e-01 6.863970531020656685e-01 6.733234627031222663e-01 6.606576620765556296e-01 6.483801027353840452e-01 6.364826660072245845e-01 6.249510977325941630e-01 6.137711160160319590e-01 6.029360392684793846e-01 5.924262221824794228e-01 5.822372749738640163e-01 5.723529781309096842e-01 5.627613688851619278e-01 5.534580632220617025e-01 5.444249827671768793e-01 5.356557969572847133e-01 5.271421387122678937e-01 5.188697705982106001e-01 5.108342318842393759e-01 5.030259697570161892e-01 4.954331551724130422e-01 4.880519446626915836e-01 4.808739922266317413e-01 4.738885727087757127e-01 4.670913535689500962e-01 4.604772034731530739e-01 4.540353544702201982e-01 4.477600389855412866e-01 4.416509909158132796e-01 4.356964204758605463e-01 4.298909138409082731e-01 4.242326729079833880e-01 4.187157943213234979e-01 4.133329391742535108e-01 4.080795395664253422e-01 4.029561631447934333e-01 3.979540783105324775e-01 3.930687464245620211e-01 3.882965996401752107e-01 3.836383559291542955e-01 3.790856602753442939e-01 3.746351043199927511e-01 3.702834863159353840e-01 3.660321224432929177e-01 3.618733914444716149e-01 3.578043973561362834e-01 3.538223576195786979e-01 3.499278410070915113e-01 3.461159517708177757e-01 3.423832342986858901e-01 3.387273130372174812e-01 3.351470932257996638e-01 3.316418293116906169e-01 3.282067018575612893e-01 3.248396743612331772e-01 3.215387857506864511e-01 3.183043391752665707e-01 3.151336174820410507e-01 3.120235202814867770e-01 3.089723576706552843e-01 3.059785001527717263e-01 3.030426232124000530e-01 3.001618962519057021e-01 2.973338786933714673e-01 2.945571591330902739e-01 2.918303748753678373e-01 2.891537566213218113e-01 2.865258465534719634e-01 2.839440172977202304e-01 2.814070825263212394e-01 2.789138954860314046e-01 2.764635987406676709e-01 2.740572806427295505e-01 2.716914573939374078e-01 2.693651258837686524e-01 2.670773152463183919e-01 2.648270856013990038e-01 2.626144678811321853e-01 2.604391144154932780e-01 2.582986671503989529e-01 2.561922993741219678e-01 2.541192098751576256e-01 2.520786219908008885e-01
1.000000000000000000e+00 9.787793268457246620e-01 9.579223076708285323e-01 9.374633576142489266e-01 9.174304348488065974e-01 8.978447767179463801e-01 8.787234073825400671e-01 8.600793690779156009e-01 8.419186751773920507e-01 8.242472996721885714e-01 8.070653177981875759e-01 7.903703232271902523e-01 7.741602456401704968e-01 7.584256653209249244e-01 7.431631620539975724e-01 7.283585481061202183e-01 7.140071912274522647e-01 7.000923296954739694e-01 6.866080673091901065e-01 6.735369426109444335e-01 6.608712714583560022e-01 6.485948093069406895e-01 6.366973879568842420e-01 6.251655788801894209e-01 6.139859899148959466e-01 6.031493672647133542e-01 5.926396380292270338e-01 5.824489969047388360e-01 5.725634575460585296e-01 5.629714529837438475e-01 5.536656171778726598e-01 5.446314308700187512e-01 5.358608100757820125e-01 5.273447469760943473e-01 5.190712625462443608e-01 5.110337604740745610e-01 5.032230852883698979e-01 4.956290230440236755e-01 4.882457772525662931e-01 4.810652965219102128e-01 4.740784040753347472e-01 4.672794770458308933e-01 4.606626016965706394e-01 4.542189853230948482e-01 4.479426312737332938e-01 4.418306016671166847e-01 4.358739215865715666e-01 4.300671322952550613e-01 4.244068127027043058e-01 4.188874520400370782e-01 4.135028710177253708e-01 4.082484637629173463e-01 4.031224563120578419e-01 3.981181948358417100e-01 3.932313463157161015e-01 3.884581743221171557e-01 3.837973056341998368e-01 3.792425936131160746e-01 3.747906011365933487e-01 3.704380664356716757e-01 3.661842022649631212e-01 3.620235082945872929e-01 3.579530640137341124e-01 3.539700634767442011e-01 3.500735418685431699e-01 3.462596657920286036e-01 3.425254178660972482e-01 3.388684024554019514e-01 3.352869507841084729e-01 3.317796216001168141e-01 3.283428375780044206e-01 3.249745448828118000e-01 3.216727658819346636e-01 3.184367662342282856e-01 3.152642316980960313e-01 3.121526747562446413e-01 3.091003911184527775e-01 3.061057375197069330e-01 3.031683289961221162e-01 3.002859348529271499e-01 2.974565578584791314e-01 2.946787745704617101e-01 2.919512107543181245e-01 2.892733652031507230e-01 2.866438564451053717e-01 2.840606989322376208e-01 2.815226961845619380e-01 2.790286917030251890e-01 2.765777015450367471e-01 2.741697980900233977e-01 2.718026289584906108e-01 2.694751824142775920e-01 2.671864792987552195e-01 2.649355717574099489e-01 2.627220445186745912e-01 2.605452938120000894e-01 2.584036554999833424e-01 2.562962957647344497e-01 2.542224065516836551e-01 2.521812046071094104e-01
1.000000000000000000e+00 9.787957966977459678e-01 9.579538181872137015e-01 9.375083956231545779e-01 9.174874392601292117e-01 8.979126677459783323e-01 8.788010552085537830e-01 8.601652133307179371e-01 8.420122311102964385e-01 8.243472206088513499e-01 8.071708155049834854e-01 7.904810114284984701e-01 7.742747072110589546e-01 7.585442945964789851e-01 7.432841082491388196e-01 7.284827122271662070e-01 7.141325884363496357e-01 7.002200777531942810e-01 6.867362899682281085e-01 6.736666635518909763e-01 6.610010710748907004e-01 6.487252756305027512e-01 6.368278636254681713e-01 6.252959082260161061e-01 6.141165579159429955e-01 6.032789958995802282e-01 5.927693200464085876e-01 5.825776496153984851e-01 5.726913552429794274e-01 5.630991104664938574e-01 5.537917372204294031e-01 5.447568789407157830e-01 5.359853861784946716e-01 5.274678617703696393e-01 5.191936990114871531e-01 5.111550039058450068e-01 5.033428624267721752e-01 4.957480420424745238e-01 4.883635595133009599e-01 4.811815424661233798e-01 4.741937549950828168e-01 4.673937901673105855e-01 4.607752588196547539e-01 4.543305685044166653e-01 4.480535833714726079e-01 4.419397420360999251e-01 4.359817800337434934e-01 4.301742113367859610e-01 4.245126286479980471e-01 4.189917597535323668e-01 4.136061300040899114e-01 4.083511104528637081e-01 4.032235042589718543e-01 3.982179201477169528e-01 3.933301500456574673e-01 3.885563550840223646e-01 3.838938913308326262e-01 3.793379540655279492e-01 3.748850886877106436e-01 3.705319969562356208e-01 3.662766134812978081e-01 3.621147267126298419e-01 3.580434012231724084e-01 3.540598168562081871e-01 3.501620769138338862e-01 3.463469935353187812e-01 3.426118156301680706e-01 3.389541353603065521e-01 3.353719351501298629e-01 3.318633510065254755e-01 3.284255603721149552e-01 3.250564988796911803e-01 3.217541788336268360e-01 3.185172354627345825e-01 3.153435993540807392e-01 3.122311554015591573e-01 3.091781905725360935e-01 3.061830532357412427e-01 3.032447140468733648e-01 3.003613068415222354e-01 2.975311037869544650e-01 2.947526741256043525e-01 2.920246366113367631e-01 2.893460452941015726e-01 2.867155650933850830e-01 2.841316004662437500e-01 2.815929487636931183e-01 2.790984475646482998e-01 2.766470360550309926e-01 2.742381692592837927e-01 2.718701823033624065e-01 2.695420582097456941e-01 2.672528127807385356e-01 2.650014933162362363e-01 2.627874134094660419e-01 2.606098136706624380e-01 2.584674516201670991e-01 2.563594891220374317e-01 2.542851139635217694e-01 2.522435388858738636e-01
1.000000000000000000e+00 9.788045131875834359e-01 9.579704947851583885e-01 9.375322314996967776e-01 9.175176082254292709e-01 8.979485983352315515e-01 8.788421494774979470e-01 8.602106454698953408e-01 8.420617445727323069e-01 8.244001026806936361e-01 8.072266490220819657e-01 7.905395919585823661e-01 7.743352847561116858e-01 7.586070778539178994e-01 7.433481177110655702e-01 7.285484247412170600e-01 7.141989535486006346e-01 7.002876870263177178e-01 6.868041504187145652e-01 6.737353169514065376e-01 6.610697661123162705e-01 6.487943235149766785e-01 6.368969164553073270e-01 6.253648836157069679e-01 6.141856596108248301e-01 6.033476004447472230e-01 5.928379528430709478e-01 5.826457376624039064e-01 5.727590437067615614e-01 5.631666717990697624e-01 5.538584848792831306e-01 5.448232709654330375e-01 5.360513167232433540e-01 5.275330189330905695e-01 5.192584971754137246e-01 5.112191706693085536e-01 5.034062531699743381e-01 4.958110315478190255e-01 4.884258944881469389e-01 4.812430643616520953e-01 4.742548032080614595e-01 4.674542891363037689e-01 4.608348813690920087e-01 4.543896226813683992e-01 4.481123035537608046e-01 4.419975033802783226e-01 4.360388629343099898e-01 4.302308817448964873e-01 4.245686305757402912e-01 4.190469634656184272e-01 4.136607786883112481e-01 4.084054350853751347e-01 4.032769827737805457e-01 3.982706986719447562e-01 3.933824408322494914e-01 3.886083161711020861e-01 3.839450082466603908e-01 3.793884225338280403e-01 3.749350951821021072e-01 3.705817086478352951e-01 3.663255210973799247e-01 3.621630030528710242e-01 3.580912111929884789e-01 3.541073178399689048e-01 3.502089331071975287e-01 3.463932107769497892e-01 3.426575406900986831e-01 3.389995085504096117e-01 3.354169121838461720e-01 3.319076638662768475e-01 3.284693404929866500e-01 3.250998721226923127e-01 3.217972657340222309e-01 3.185598229076429533e-01 3.153856038034899001e-01 3.122726904099694112e-01 3.092193650676222649e-01 3.062239717174288223e-01 3.032851399838617512e-01 3.004011966261821986e-01 2.975705563880573501e-01 2.947917846404063957e-01 2.920634964262933675e-01 2.893845104202618090e-01 2.867535160939028716e-01 2.841691243101162612e-01 2.816301291550429298e-01 2.791353650734278435e-01 2.766837305678057635e-01 2.742743539343058257e-01 2.719059341535571273e-01 2.695774514741061667e-01 2.672879190313878217e-01 2.650363815608213769e-01 2.628220091603184483e-01 2.606439600803602819e-01 2.585012149989969754e-01 2.563929334950040273e-01 2.543183011549579042e-01 2.522765286004969854e-01
1.000000000000000000e+00 9.788084220839174954e-01 9.579779733796256469e-01 9.375429206615728539e-01 9.175311374511754270e-01 8.979647113523403501e-01 8.788605781387808236e-01 8.602310194423600231e-01 8.420839488082653146e-01 8.244238175638598509e-01 8.072516874762440953e-01 7.905658623063801516e-01 7.743624506620918613e-01 7.586352329080844337e-01 7.433768226546271229e-01 7.285778934157215447e-01 7.142287148796164775e-01 7.003180062991706256e-01 6.868345823314967458e-01 6.737661044607473615e-01 6.611005722939137241e-01 6.488252879300605569e-01 6.369278830879039344e-01 6.253958155201492231e-01 6.142166481563727798e-01 6.033783660440168450e-01 5.928687311113918224e-01 5.826762716383048213e-01 5.727893984898899671e-01 5.631969695700882461e-01 5.538884177592566793e-01 5.448530443614816310e-01 5.360808831689944931e-01 5.275622385565936767e-01 5.192875558061668118e-01 5.112479461492223098e-01 5.034346806445342271e-01 4.958392790875947864e-01 4.884538485045232248e-01 4.812706537537173035e-01 4.742821801777511448e-01 4.674814197981825847e-01 4.608616190017515435e-01 4.544161054280248524e-01 4.481386365207745137e-01 4.420234063576143346e-01 4.360644616644328009e-01 4.302562954931770656e-01 4.245937445448174641e-01 4.190717194759164821e-01 4.136852857970067521e-01 4.084297968733558437e-01 4.033009651214057301e-01 3.982943671096907390e-01 3.934058905446103371e-01 3.886316180300230516e-01 3.839679315381299141e-01 3.794110550298374629e-01 3.749575205064480943e-01 3.706040017681384580e-01 3.663474536311193130e-01 3.621846524917853860e-01 3.581126514886480705e-01 3.541286195711429441e-01 3.502299456829802704e-01 3.464139368156851084e-01 3.426780460105731119e-01 3.390198560752581414e-01 3.354370820528379538e-01 3.319275358873698956e-01 3.284889736080347511e-01 3.251193227738637392e-01 3.218165879751639369e-01 3.185789211686348987e-01 3.154044406209536300e-01 3.122913167072390306e-01 3.092378296931392878e-01 3.062423215340178695e-01 3.033032689194506970e-01 3.004190851250043148e-01 2.975882488324997910e-01 2.948093236766815006e-01 2.920809230365110087e-01 2.894017600328151474e-01 2.867705351475364206e-01 2.841859518059376422e-01 2.816468026300318339e-01 2.791519206590505342e-01 2.767001861511300120e-01 2.742905808816214486e-01 2.719219670011871481e-01 2.695933235144081785e-01 2.673036623607657480e-01 2.650520271256440186e-01 2.628375235567149693e-01 2.606592729703631761e-01 2.585163561193480342e-01 2.564079315576139884e-01 2.543331838848497117e-01 2.522913227721556018e-01
1.000000000000000000e+00 9.788098594985115142e-01 9.579807234757972134e-01 9.375468513765324863e-01 9.175361125400146589e-01 8.979706365762168963e-01 8.788673548921861478e-01 8.602385115430960516e-01 8.420921139497954400e-01 8.244325382143019576e-01 8.072608948420865183e-01 7.905755226751942644e-01 7.743724403535497958e-01 7.586455863379395481e-01 7.433873782946606168e-01 7.285887299016735597e-01 7.142396589837396448e-01 7.003291555745759789e-01 6.868457730277450768e-01 6.737774259200398630e-01 6.611119006194028369e-01 6.488366744424584054e-01 6.369392704156094931e-01 6.254071900771684955e-01 6.142280435418324691e-01 6.033896794455189116e-01 5.928800491715299215e-01 5.826874998648974291e-01 5.728005608219688405e-01 5.632081109370293825e-01 5.538994249450476248e-01 5.448639929002806470e-01 5.360917556060427192e-01 5.275729834569212739e-01 5.192982415046722977e-01 5.112585277248359317e-01 5.034451342483723391e-01 4.958496665240828549e-01 4.884641280038211630e-01 4.812807991699485921e-01 4.742922474799843857e-01 4.674913965257724291e-01 4.608714512009980946e-01 4.544258438981972348e-01 4.481483199125317896e-01 4.420329316296055522e-01 4.360738750558105781e-01 4.302656408612790528e-01 4.246029796753302277e-01 4.190808229745272007e-01 4.136942977672036226e-01 4.084387554048367064e-01 4.033097841215910195e-01 3.983030706760384287e-01 3.934145136792208119e-01 3.886401867945674660e-01 3.839763610923804804e-01 3.794193776501020854e-01 3.749657669436230467e-01 3.706121995899932520e-01 3.663555188547829577e-01 3.621926136132186391e-01 3.581205357019888735e-01 3.541364528302525794e-01 3.502376726112197414e-01 3.464215583758973871e-01 3.426855864062354762e-01 3.390273384448491689e-01 3.354444990931769732e-01 3.319348434003613346e-01 3.284961932683082564e-01 3.251264753368420801e-01 3.218236933180149140e-01 3.185859441474572784e-01 3.154113674593789218e-01 3.122981661312545509e-01 3.092446196657341329e-01 3.062490692880120990e-01 3.033099354490709776e-01 3.004256632390299719e-01 2.975947548516220120e-01 2.948157732831497291e-01 2.920873313006358551e-01 2.894081032097470252e-01 2.867767935412508518e-01 2.841921397582731212e-01 2.816529339444247548e-01 2.791580086220891155e-01 2.767062373404085007e-01 2.742965479947983565e-01 2.719278627382702429e-01 2.695991601179630326e-01 2.673094516335710047e-01 2.650577804475772181e-01 2.628432286442059507e-01 2.606649039581041549e-01 2.585219239424014770e-01 2.564134467741822077e-01 2.543386566902278156e-01 2.522967630120982463e-01
1.000000000000000000e+00 9.788102763170086762e-01 9.579815209429684009e-01 9.375479911970807656e-01 9.175375552059208406e-01 8.979723547602938005e-01 8.788693200010082585e-01 8.602406840868265236e-01 8.420944816604705174e-01 8.244350670102648104e-01 8.072635647747321563e-01 7.905783239686590136e-01 7.743753371432657850e-01 7.586485886037173110e-01 7.433904391968766401e-01 7.285918722429594041e-01 7.142428325318661564e-01 7.003323886177955648e-01 6.868490180820396862e-01 6.737807088926790478e-01 6.611151855830325053e-01 6.488399762789544001e-01 6.369425724884729689e-01 6.254104884467613923e-01 6.142313479511642971e-01 6.033929600812707461e-01 5.928833311581442889e-01 5.826907558017176969e-01 5.728037976507847073e-01 5.632113416863699928e-01 5.539026167847668214e-01 5.448671677336195396e-01 5.360949083715073060e-01 5.275760992395054361e-01 5.193013401199906287e-01 5.112615961467700254e-01 5.034481655612732531e-01 4.958526786498716477e-01 4.884671088301666964e-01 4.812837411151243416e-01 4.742951667737868582e-01 4.674942895548904187e-01 4.608743023200498334e-01 4.544286678378512967e-01 4.481511278806277199e-01 4.420356937464258174e-01 4.360766047296904535e-01 4.302683508098797960e-01 4.246056576574329111e-01 4.190834627862537465e-01 4.136969110376817471e-01 4.084413531792393526e-01 4.033123414349710223e-01 3.983055945161279032e-01 3.934170141958573397e-01 3.886426715450615466e-01 3.839788054749387891e-01 3.794217910241425851e-01 3.749681582262278656e-01 3.706145767752079268e-01 3.663578575894289036e-01 3.621949221604963132e-01 3.581228219475989238e-01 3.541387243002426799e-01 3.502399132475872978e-01 3.464237684578462817e-01 3.426877729522406213e-01 3.390295081645592901e-01 3.354466498688314369e-01 3.319369624154884235e-01 3.284982868080728036e-01 3.251285494198591919e-01 3.218257537082250264e-01 3.185879806539051451e-01 3.154133760872223635e-01 3.123001523106169741e-01 3.092465886054864277e-01 3.062510259852922467e-01 3.033118685930660252e-01 3.004275707444450938e-01 2.975966414510978764e-01 2.948176435241929294e-01 2.920891895533042071e-01 2.894099425885586219e-01 2.867786083347937387e-01 2.841939341253643669e-01 2.816547118877564815e-01 2.791597739944789436e-01 2.767079920492139800e-01 2.742982783233849364e-01 2.719295723693601619e-01 2.696008526016302476e-01 2.673111303923612625e-01 2.650594487814039724e-01 2.628448829911053108e-01 2.606665368177081277e-01 2.585235384856370278e-01 2.564150460626952177e-01 2.543402436804290678e-01 2.522983405590394912e-01
1.000000000000000000e+00 9.788103672937760180e-01 9.579816950019059973e-01 9.375482399796751798e-01 9.175378700889642580e-01 8.979727297792243768e-01 8.788697489148892261e-01 8.602411582764182274e-01 8.420949984481091999e-01 8.244356189571258042e-01 8.072641475267384736e-01 7.905789353920844587e-01 7.743759694101391977e-01 7.586492438922799453e-01 7.433911072836891787e-01 7.285925581050330946e-01 7.142435252052757866e-01 7.003330942768698497e-01 6.868497263626914817e-01 6.737814254495525512e-01 6.611159025744527407e-01 6.488406969531107515e-01 6.369432932142043979e-01 6.254112083641841791e-01 6.142320691868339289e-01 6.033936761279894423e-01 5.928840474996927012e-01 5.826914664575001401e-01 5.728045041359499656e-01 5.632120468445872552e-01 5.539033134503726918e-01 5.448678606873199604e-01 5.360955965085568709e-01 5.275767793044844334e-01 5.193020164379495984e-01 5.112622658745669124e-01 5.034488271894659306e-01 4.958533360901841158e-01 4.884677594389044142e-01 4.812843832374640307e-01 4.742958039521212310e-01 4.674949210005613365e-01 4.608749246182223813e-01 4.544292842037113700e-01 4.481517407604518333e-01 4.420362966185253928e-01 4.360772005206325908e-01 4.302689422954818488e-01 4.246062421658686747e-01 4.190840389634355456e-01 4.136974814218384311e-01 4.084419201811429478e-01 4.033128996056541404e-01 3.983061453807661967e-01 3.934175599698028214e-01 3.886432138778087020e-01 3.839793389967839365e-01 3.794223177779167955e-01 3.749686801582159390e-01 3.706150956302283195e-01 3.663583680520416941e-01 3.621954260342669651e-01 3.581233209536979767e-01 3.541392200813411328e-01 3.502404022987896104e-01 3.464242508400929843e-01 3.426882501974174433e-01 3.390299817371461022e-01 3.354471193065959311e-01 3.319374249210469419e-01 3.284987437532552734e-01 3.251290021183172452e-01 3.218262034180237041e-01 3.185884251507185017e-01 3.154138144991172621e-01 3.123005858227980158e-01 3.092470183548665652e-01 3.062514530625705667e-01 3.033122905294911020e-01 3.004279870848706735e-01 2.975970532284926140e-01 2.948180517311172477e-01 2.920895951435877880e-01 2.894103440593436272e-01 2.867790044394804561e-01 2.841943257716759152e-01 2.816550999493396268e-01 2.791601593122678970e-01 2.767083750395177288e-01 2.742986559923459300e-01 2.719299455207868643e-01 2.696012220103787826e-01 2.673114968054526308e-01 2.650598129190930297e-01 2.628452440759410091e-01 2.606668932126247618e-01 2.585238908827361404e-01 2.564153951302262646e-01 2.543405900636722117e-01 2.522986848811519800e-01
1.000000000000000000e+00 9.788103814341795328e-01 9.579817220556655633e-01 9.375482786476373454e-01 9.175379190308342592e-01 8.979727880679377883e-01 8.788698155804249845e-01 8.602412319790984085e-01 8.420950787717478292e-01 8.244357047455155296e-01 8.072642381031304160e-01 7.905790304248362377e-01 7.743760676825589551e-01 7.586493457429289711e-01 7.433912111235508879e-01 7.285926647076784723e-01 7.142436328665954237e-01 7.003332039565322020e-01 6.868498364498192288e-01 6.737815368230400948e-01 6.611160140154783704e-01 6.488408089665365086e-01 6.369434052356434117e-01 6.254113202599855814e-01 6.142321812875258802e-01 6.033937874221664277e-01 5.928841588396921436e-01 5.826915769137654966e-01 5.728046139439790796e-01 5.632121564463680174e-01 5.539034217321551212e-01 5.448679683921632266e-01 5.360957034647518826e-01 5.275768850060453818e-01 5.193021215571138605e-01 5.112623699694285317e-01 5.034489300254141320e-01 4.958534382752134984e-01 4.884678605621087799e-01 4.812844830416362907e-01 4.742959029878512367e-01 4.674950191452689752e-01 4.608750213411441088e-01 4.544293800045796083e-01 4.481518360194884920e-01 4.420363903220723700e-01 4.360772931235627481e-01 4.302690342292370684e-01 4.246063330151703119e-01 4.190841285178195652e-01 4.136975700758185881e-01 4.084420083094226772e-01 4.033129863613070798e-01 3.983062310008487206e-01 3.934176447986442726e-01 3.886432981717881097e-01 3.839794219212948612e-01 3.794223996504739738e-01 3.749687612813281112e-01 3.706151762750904965e-01 3.663584473924815788e-01 3.621955043506105421e-01 3.581233985134648079e-01 3.541392971398494849e-01 3.502404783112779696e-01 3.464243258160332184e-01 3.426883243749087038e-01 3.390300553438108100e-01 3.354471922705898335e-01 3.319374968075762267e-01 3.284988147755417698e-01 3.251290724805401822e-01 3.218262733157226663e-01 3.185884942381692619e-01 3.154138826407963392e-01 3.123006532029203308e-01 3.092470851501411544e-01 3.062515194425233789e-01 3.033123561104071886e-01 3.004280517960072894e-01 2.975971172304027745e-01 2.948181151780734366e-01 2.920896581838425821e-01 2.894104064593097103e-01 2.867790660054003737e-01 2.841943866446360323e-01 2.816551602651297115e-01 2.791602192015933959e-01 2.767084345670849377e-01 2.742987146928234088e-01 2.719300035191095644e-01 2.696012794269815882e-01 2.673115537564441646e-01 2.650598695164215757e-01 2.628453001987683391e-01 2.606669486065038011e-01 2.585239456552393955e-01 2.564154493852188743e-01 2.543406439014493370e-01 2.522987383985701437e-01
1.000000000000000000e+00 9.788103828992624766e-01 9.579817248586974809e-01 9.375482826540132431e-01 9.175379241016864418e-01 8.979727941072134234e-01 8.788698224876204668e-01 8.602412396154099916e-01 8.420950870940546729e-01 8.244357136340232373e-01 8.072642474877212981e-01 7.905790402711488918e-01 7.743760778645322196e-01 7.586493562956412307e-01 7.433912218823645057e-01 7.285926757527428910e-01 7.142436440213483229e-01 7.003332153204046007e-01 6.868498478559085241e-01 6.737815483624083335e-01 6.611160255618437898e-01 6.488408205722078215e-01 6.369434168421447273e-01 6.254113318534697541e-01 6.142321929022385163e-01 6.033937989533160184e-01 5.928841703755889370e-01 5.826915883580985334e-01 5.728046253211481753e-01 5.632121678021675404e-01 5.539034329511896004e-01 5.448679795514209667e-01 5.360957145464421147e-01 5.275768959577430417e-01 5.193021324484692336e-01 5.112623807546559096e-01 5.034489406802056255e-01 4.958534488625632175e-01 4.884678710394428913e-01 4.812844933823056670e-01 4.742959132489022456e-01 4.674950293140012203e-01 4.608750313625653572e-01 4.544293899304669426e-01 4.481518458892365664e-01 4.420364000306564178e-01 4.360773027181120143e-01 4.302690437544531288e-01 4.246063424280263066e-01 4.190841377965093262e-01 4.136975792612176406e-01 4.084420174403538550e-01 4.033129953500206866e-01 3.983062398719059982e-01 3.934176535877211833e-01 3.886433069054479605e-01 3.839794305130643792e-01 3.794224081332507881e-01 3.749687696864549835e-01 3.706151846306659503e-01 3.663584556129060865e-01 3.621955124649286484e-01 3.581234065493940633e-01 3.541393051238434508e-01 3.502404861868939623e-01 3.464243335842527305e-01 3.426883320604010574e-01 3.390300629701598623e-01 3.354471998303519276e-01 3.319375042557023980e-01 3.284988221341239578e-01 3.251290797707333535e-01 3.218262805577865593e-01 3.185885013962834744e-01 3.154138897009194364e-01 3.123006601841387120e-01 3.092470920707635074e-01 3.062515263201143756e-01 3.033123629052101866e-01 3.004280585006925963e-01 2.975971238616053616e-01 2.948181217517773511e-01 2.920896647154082038e-01 2.894104129245351764e-01 2.867790723842105760e-01 2.841943929516488332e-01 2.816551665144142458e-01 2.791602254066920530e-01 2.767084407347019104e-01 2.742987207747458189e-01 2.719300095282818908e-01 2.696012853758821270e-01 2.673115596571027930e-01 2.650598753804372931e-01 2.628453060136211050e-01 2.606669543458304261e-01 2.585239513301854641e-01 2.564154550065457783e-01 2.543406494795487083e-01 2.522987439434772328e-01
1.000000000000000000e+00 9.788103829927795596e-01 9.579817250376165827e-01 9.375482829097424586e-01 9.175379244253618616e-01 8.979727944927039518e-01 8.788698229285107910e-01 8.602412401028401989e-01 8.420950876252722983e-01 8.244357142013818418e-01 8.072642480867451287e-01 7.905790408996445917e-01 7.743760785144533365e-01 7.586493569692267513e-01 7.433912225691056141e-01 7.285926764577554948e-01 7.142436447333623262e-01 7.003332160457668154e-01 6.868498485839654721e-01 6.737815490989725875e-01 6.611160262988545755e-01 6.488408213130040236e-01 6.369434175829939981e-01 6.254113325934880230e-01 6.142321936436118124e-01 6.033937996893553590e-01 5.928841711119313684e-01 5.826915890885963067e-01 5.728046260473588225e-01 5.632121685270140565e-01 5.539034336673063219e-01 5.448679802637220737e-01 5.360957152537920711e-01 5.275768966567954132e-01 5.193021331436700194e-01 5.112623814430823366e-01 5.034489413603062680e-01 4.958534495383589702e-01 4.884678717082162613e-01 4.812844940423556261e-01 4.742959139038701588e-01 4.674950299630763473e-01 4.608750320022375058e-01 4.544293905640410802e-01 4.481518465192272926e-01 4.420364006503599841e-01 4.360773033305366253e-01 4.302690443624521688e-01 4.246063430288533058e-01 4.190841383887723981e-01 4.136975798475259203e-01 4.084420180231854158e-01 4.033129959237743423e-01 3.983062404381496058e-01 3.934176541487319212e-01 3.886433074629214168e-01 3.839794310614808581e-01 3.794224086747101654e-01 3.749687702229579367e-01 3.706151851640059891e-01 3.663584561376193593e-01 3.621955129828690612e-01 3.581234070623309229e-01 3.541393056334651845e-01 3.502404866895978963e-01 3.464243340801014259e-01 3.426883325509692546e-01 3.390300634569529126e-01 3.354472003128946556e-01 3.319375047311193816e-01 3.284988226038252912e-01 3.251290802360693455e-01 3.218262810200504531e-01 3.185885018531888213e-01 3.154138901515698978e-01 3.123006606297526466e-01 3.092470925125095915e-01 3.062515267591137125e-01 3.033123633389251395e-01 3.004280589286552616e-01 2.975971242848775566e-01 2.948181221713793709e-01 2.920896651323205417e-01 2.894104133372130128e-01 2.867790727913724358e-01 2.841943933542278033e-01 2.816551669133083857e-01 2.791602258027657824e-01 2.767084411283832202e-01 2.742987211629571709e-01 2.719300099118495684e-01 2.696012857556025488e-01 2.673115600337439557e-01 2.650598757547395490e-01 2.628453063847852600e-01 2.606669547121736596e-01 2.585239516924192071e-01 2.564154553653570368e-01 2.543406498356007295e-01 2.522987442974105599e-01
1.000000000000000000e+00 9.788103829961255498e-01 9.579817250440182397e-01 9.375482829188922507e-01 9.175379244369427090e-01 8.979727945064964745e-01 8.788698229442855059e-01 8.602412401202800263e-01 8.420950876442788724e-01 8.244357142216813816e-01 8.072642481081776511e-01 7.905790409221317150e-01 7.743760785377069578e-01 7.586493569933271397e-01 7.433912225936766260e-01 7.285926764829803171e-01 7.142436447588376147e-01 7.003332160717197219e-01 6.868498486100147460e-01 6.737815491253262845e-01 6.611160263252242597e-01 6.488408213395091551e-01 6.369434176095010169e-01 6.254113326199652878e-01 6.142321936701375940e-01 6.033937997156902933e-01 5.928841711382770718e-01 5.826915891147329551e-01 5.728046260733420381e-01 5.632121685529485333e-01 5.539034336929284930e-01 5.448679802892076873e-01 5.360957152791004932e-01 5.275768966818069616e-01 5.193021331685436781e-01 5.112623814677137446e-01 5.034489413846396921e-01 4.958534495625384064e-01 4.884678717321444541e-01 4.812844940659716797e-01 4.742959139273043578e-01 4.674950299862997150e-01 4.608750320251244204e-01 4.544293905867098360e-01 4.481518465417678732e-01 4.420364006725324146e-01 4.360773033524486531e-01 4.302690443842058232e-01 4.246063430503503877e-01 4.190841384099630584e-01 4.136975798685035288e-01 4.084420180440386239e-01 4.033129959443028101e-01 3.983062404584093441e-01 3.934176541688044204e-01 3.886433074828673506e-01 3.839794310811027178e-01 3.794224086940831131e-01 3.749687702421535818e-01 3.706151851830883914e-01 3.663584561563931752e-01 3.621955130014005708e-01 3.581234070806833536e-01 3.541393056516989879e-01 3.502404867075842310e-01 3.464243340978424568e-01 3.426883325685213810e-01 3.390300634743699804e-01 3.354472003301596228e-01 3.319375047481293861e-01 3.284988226206307371e-01 3.251290802527186385e-01 3.218262810365898341e-01 3.185885018695364668e-01 3.154138901676937778e-01 3.123006606456963374e-01 3.092470925283148930e-01 3.062515267748207037e-01 3.033123633544430597e-01 3.004280589439674021e-01 2.975971243000218314e-01 2.948181221863923618e-01 2.920896651472372763e-01 2.894104133519782573e-01 2.867790728059403382e-01 2.841943933686317258e-01 2.816551669275804692e-01 2.791602258169369466e-01 2.767084411424687307e-01 2.742987211768470046e-01 2.719300099255732572e-01 2.696012857691886255e-01 2.673115600472198428e-01 2.650598757681317252e-01 2.628453063980651372e-01 2.606669547252810637e-01 2.585239517053796177e-01 2.564154553781949897e-01 2.543406498483399281e-01 2.522987443100739857e-01
1.000000000000000000e+00 9.788103829961855018e-01 9.579817250441328147e-01 9.375482829190560086e-01 9.175379244371499876e-01 8.979727945067433881e-01 8.788698229445678356e-01 8.602412401205922210e-01 8.420950876446190447e-01 8.244357142220447576e-01 8.072642481085613442e-01 7.905790409225342819e-01 7.743760785381232914e-01 7.586493569937585724e-01 7.433912225941164964e-01 7.285926764834318448e-01 7.142436447592936943e-01 7.003332160721842392e-01 6.868498486104810397e-01 6.737815491257980183e-01 6.611160263256963265e-01 6.488408213399836644e-01 6.369434176099755263e-01 6.254113326204392420e-01 6.142321936706124363e-01 6.033937997161616940e-01 5.928841711387486946e-01 5.826915891152008031e-01 5.728046260738071105e-01 5.632121685534127176e-01 5.539034336933871261e-01 5.448679802896638780e-01 5.360957152795534641e-01 5.275768966822546036e-01 5.193021331689889886e-01 5.112623814681546142e-01 5.034489413850752326e-01 4.958534495629712269e-01 4.884678717325727781e-01 4.812844940663943971e-01 4.742959139277238556e-01 4.674950299867153825e-01 4.608750320255340927e-01 4.544293905871156225e-01 4.481518465421713282e-01 4.420364006729293194e-01 4.360773033528408948e-01 4.302690443845952339e-01 4.246063430507351910e-01 4.190841384103424216e-01 4.136975798688790062e-01 4.084420180444118809e-01 4.033129959446702384e-01 3.983062404587719985e-01 3.934176541691636886e-01 3.886433074832243983e-01 3.839794310814539369e-01 3.794224086944298913e-01 3.749687702424971958e-01 3.706151851834300071e-01 3.663584561567292397e-01 3.621955130017322499e-01 3.581234070810118686e-01 3.541393056520253935e-01 3.502404867079061956e-01 3.464243340981600361e-01 3.426883325688355741e-01 3.390300634746817310e-01 3.354472003304686534e-01 3.319375047484338648e-01 3.284988226209316076e-01 3.251290802530166779e-01 3.218262810368858751e-01 3.185885018698291216e-01 3.154138901679823803e-01 3.123006606459817203e-01 3.092470925285977779e-01 3.062515267751018677e-01 3.033123633547208375e-01 3.004280589442414606e-01 2.975971243002929478e-01 2.948181221866610913e-01 2.920896651475042849e-01 2.894104133522425459e-01 2.867790728062010741e-01 2.841943933688895751e-01 2.816551669278359316e-01 2.791602258171905770e-01 2.767084411427208623e-01 2.742987211770956391e-01 2.719300099258188941e-01 2.696012857694318199e-01 2.673115600474610387e-01 2.650598757683714224e-01 2.628453063983028359e-01 2.606669547255157093e-01 2.585239517056115988e-01 2.564154553784248058e-01 2.543406498485679679e-01 2.522987443103006377e-01
1.000000000000000000e+00 9.788103829961859459e-01 9.579817250441337029e-01 9.375482829190573408e-01 9.175379244371516529e-01 8.979727945067452755e-01 8.788698229445700560e-01 8.602412401205946635e-01 8.420950876446217093e-01 8.244357142220476442e-01 8.072642481085643418e-01 7.905790409225373905e-01 7.743760785381265110e-01 7.586493569937619030e-01 7.433912225941199381e-01 7.285926764834353975e-01 7.142436447592972470e-01 7.003332160721879029e-01 6.868498486104847034e-01 6.737815491258016820e-01 6.611160263256999903e-01 6.488408213399873281e-01 6.369434176099791900e-01 6.254113326204429057e-01 6.142321936706161001e-01 6.033937997161653577e-01 5.928841711387523583e-01 5.826915891152044669e-01 5.728046260738107742e-01 5.632121685534163813e-01 5.539034336933906788e-01 5.448679802896674307e-01 5.360957152795570169e-01 5.275768966822581563e-01 5.193021331689924303e-01 5.112623814681580559e-01 5.034489413850786743e-01 4.958534495629746131e-01 4.884678717325761088e-01 4.812844940663977278e-01 4.742959139277271308e-01 4.674950299867186576e-01 4.608750320255373123e-01 4.544293905871187866e-01 4.481518465421744923e-01 4.420364006729324280e-01 4.360773033528439480e-01 4.302690443845982871e-01 4.246063430507381886e-01 4.190841384103453637e-01 4.136975798688819483e-01 4.084420180444148230e-01 4.033129959446731250e-01 3.983062404587748295e-01 3.934176541691665197e-01 3.886433074832271739e-01 3.839794310814567124e-01 3.794224086944326113e-01 3.749687702424998603e-01 3.706151851834326716e-01 3.663584561567318487e-01 3.621955130017348590e-01 3.581234070810144221e-01 3.541393056520279470e-01 3.502404867079086936e-01 3.464243340981625341e-01 3.426883325688380166e-01 3.390300634746841735e-01 3.354472003304710959e-01 3.319375047484362518e-01 3.284988226209339390e-01 3.251290802530190094e-01 3.218262810368882065e-01 3.185885018698313975e-01 3.154138901679846563e-01 3.123006606459839407e-01 3.092470925285999983e-01 3.062515267751040882e-01 3.033123633547230025e-01 3.004280589442436256e-01 2.975971243002950573e-01 2.948181221866632007e-01 2.920896651475063943e-01 2.894104133522445998e-01 2.867790728062031280e-01 2.841943933688915735e-01 2.816551669278379300e-01 2.791602258171925754e-01 2.767084411427228607e-01 2.742987211770975819e-01 2.719300099258208370e-01 2.696012857694337073e-01 2.673115600474629261e-01 2.650598757683733098e-01 2.628453063983047233e-01 2.606669547255175412e-01 2.585239517056134306e-01 2.564154553784265822e-01 2.543406498485697442e-01 2.522987443103024141e-01
1.000000000000000000e+00 9.788103829961859459e-01 9.579817250441337029e-01 9.375482829190573408e-01 9.175379244371516529e-01 8.979727945067452755e-01 8.788698229445700560e-01 8.602412401205946635e-01 8.420950876446217093e-01 8.244357142220476442e-01 8.072642481085643418e-01 7.905790409225373905e-01 7.743760785381265110e-01 7.586493569937619030e-01 7.433912225941199381e-01 7.285926764834353975e-01 7.142436447592972470e-01 7.003332160721879029e-01 6.868498486104847034e-01 6.737815491258016820e-01 6.611160263256999903e-01 6.488408213399873281e-01 6.369434176099791900e-01 6.254113326204429057e-01 6.142321936706161001e-01 6.033937997161653577e-01 5.928841711387523583e-01 5.826915891152044669e-01 5.728046260738107742e-01 5.632121685534163813e-01 5.539034336933906788e-01 5.448679802896674307e-01 5.360957152795570169e-01 5.275768966822581563e-01 5.193021331689924303e-01 5.112623814681580559e-01 5.034489413850786743e-01 4.958534495629746131e-01 4.884678717325761088e-01 4.812844940663977278e-01 4.742959139277271308e-01 4.674950299867186576e-01 4.608750320255373123e-01 4.544293905871187866e-01 4.481518465421744923e-01 4.420364006729324280e-01 4.360773033528439480e-01 4.302690443845982871e-01 4.246063430507381886e-01 4.190841384103453637e-01 4.136975798688819483e-01 4.084420180444148230e-01 4.033129959446731250e-01 3.983062404587748295e-01 3.934176541691665197e-01 3.886433074832271739e-01 3.839794310814567124e-01 3.794224086944326113e-01 3.749687702424998603e-01 3.706151851834326716e-01 3.663584561567318487e-01 3.621955130017348590e-01 3.581234070810144221e-01 3.541393056520279470e-01 3.502404867079086936e-01 3.464243340981625341e-01 3.426883325688380166e-01 3.390300634746841735e-01 3.354472003304710959e-01 3.319375047484362518e-01 3.284988226209339390e-01 3.251290802530190094e-01 3.218262810368882065e-01 3.185885018698313975e-01 3.154138901679846563e-01 3.123006606459839407e-01 3.092470925285999983e-01 3.062515267751040882e-01 3.033123633547230025e-01 3.004280589442436256e-01 2.975971243002950573e-01 2.948181221866632007e-01 2.920896651475063943e-01 2.894104133522445998e-01 2.867790728062031280e-01 2.841943933688915735e-01 2.816551669278379300e-01 2.791602258171925754e-01 2.767084411427228607e-01 2.742987211770975819e-01 2.719300099258208370e-01 2.696012857694337073e-01 2.673115600474629261e-01 2.650598757683733098e-01 2.628453063983047233e-01 2.606669547255175412e-01 2.585239517056134306e-01 2.564154553784265822e-01 2.543406498485697442e-01 2.522987443103024141e-01
1.000000000000000000e+00 9.788103829961859459e-01 9.579817250441337029e-01 9.375482829190573408e-01 9.175379244371516529e-01 8.979727945067452755e-01 8.788698229445700560e-01 8.602412401205946635e-01 8.420950876446217093e-01 8.244357142220476442e-01 8.072642481085643418e-01 7.905790409225373905e-01 7.743760785381265110e-01 7.586493569937619030e-01 7.433912225941199381e-01 7.285926764834353975e-01 7.142436447592972470e-01 7.003332160721879029e-01 6.868498486104847034e-01 6.737815491258016820e-01 6.611160263256999903e-01 6.488408213399873281e-01 6.369434176099791900e-01 6.254113326204429057e-01 6.142321936706161001e-01 6.033937997161653577e-01 5.928841711387523583e-01 5.826915891152044669e-01 5.728046260738107742e-01 5.632121685534163813e-01 5.539034336933906788e-01 5.448679802896674307e-01 5.360957152795570169e-01 5.275768966822581563e-01 5.193021331689924303e-01 5.112623814681580559e-01 5.034489413850786743e-01 4.958534495629746131e-01 4.884678717325761088e-01 4.812844940663977278e-01 4.742959139277271308e-01 4.674950299867186576e-01 4.608750320255373123e-01 4.544293905871187866e-01 4.481518465421744923e-01 4.420364006729324280e-01 4.360773033528439480e-01 4.302690443845982871e-01 4.246063430507381886e-01 4.190841384103453637e-01 4.136975798688819483e-01 4.084420180444148230e-01 4.033129959446731250e-01 3.983062404587748295e-01 3.934176541691665197e-01 3.886433074832271739e-01 3.839794310814567124e-01 3.794224086944326113e-01 3.749687702424998603e-01 3.706151851834326716e-01 3.663584561567318487e-01 3.621955130017348590e-01 3.581234070810144221e-01 3.541393056520279470e-01 3.502404867079086936e-01 3.464243340981625341e-01 3.426883325688380166e-01 3.390300634746841735e-01 3.354472003304710959e-01 3.319375047484362518e-01 3.284988226209339390e-01 3.251290802530190094e-01 3.218262810368882065e-01 3.185885018698313975e-01 3.154138901679846563e-01 3.123006606459839407e-01 3.092470925285999983e-01 3.062515267751040882e-01 3.033123633547230025e-01 3.004280589442436256e-01 2.975971243002950573e-01 2.948181221866632007e-01 2.920896651475063943e-01 2.894104133522445998e-01 2.867790728062031280e-01 2.841943933688915735e-01 2.816551669278379300e-01 2.791602258171925754e-01 2.767084411427228607e-01 2.742987211770975819e-01 2.719300099258208370e-01 2.696012857694337073e-01 2.673115600474629261e-01 2.650598757683733098e-01 2.628453063983047233e-01 2.606669547255175412e-01 2.585239517056134306e-01 2.564154553784265822e-01 2.543406498485697442e-01 2.522987443103024141e-01
