1.000000000000000000e+00 9.895111803085452351e-01 9.786782895614596356e-01 9.672421307288021630e-01 9.553132820646167422e-01 9.431566740969441476e-01 9.307143163866647972e-01 9.179210766245908815e-01 9.051329154069269745e-01 8.921211294824490379e-01 8.790899432989291995e-01 8.661080858140447480e-01 8.530401181470425032e-01 8.401861795867954230e-01 8.272502296447876713e-01 8.146061475024207743e-01 8.019345901318060132e-01 7.895734003360354025e-01 7.772570155904333644e-01 7.652330216713483235e-01 7.533350415677334544e-01 7.416917642912643771e-01 7.302456082820976135e-01 7.190152490981037703e-01 7.080315480476434553e-01 6.972363840606545793e-01 6.866952809743037678e-01 6.763619222832492062e-01 6.662553977629085411e-01 6.563786309968167032e-01 6.467129729240779223e-01 6.372655894530806497e-01 6.280345089745744680e-01 6.190147311324591950e-01 6.101930033734551673e-01 6.015818124572585024e-01 5.931709371622680971e-01 5.849393586302242820e-01 5.769089802131830425e-01 5.690692513839903377e-01 5.613916181250290238e-01 5.538951104154542504e-01 5.465891067569231820e-01 5.394295421525620027e-01 5.324162564489671734e-01 5.256076032258787389e-01 5.189312159918312295e-01 5.123831785216640400e-01 5.060036436224820688e-01 4.997769370328533078e-01 4.936662533625842397e-01 4.876682560509615905e-01 4.818518937108791644e-01 4.761479584337192095e-01 4.705460065120618540e-01 4.650478907152789665e-01 4.597218016008075003e-01 4.544880748603063458e-01 4.493441977319472813e-01 4.442889602938827620e-01 4.393972974792908492e-01 4.345871336966756759e-01 4.298563236477092597e-01 4.252027956910882645e-01 4.206844847324564540e-01 4.162564845367574540e-01 4.118987448974071319e-01 4.076094916843698290e-01 4.034102238467344725e-01 3.993276247220888808e-01 3.953073928165638518e-01 3.913480046634862930e-01 3.874479863761870480e-01 3.836506250303988730e-01 3.799362442572457588e-01 3.762760515584205878e-01 3.726687766513995248e-01 3.691131891234350482e-01 3.656557115435999372e-01 3.622673401567830243e-01 3.589262488032682885e-01 3.556313730880654167e-01 3.523816808740880546e-01 3.492100242839898394e-01 3.461113485225993380e-01 3.430540911000817816e-01 3.400373557199901642e-01 3.370602723741691342e-01 3.341276522981718733e-01 3.312872925480578878e-01 3.284833543097719910e-01 3.257150793919196818e-01 3.229817309996431129e-01 3.202825929804065108e-01 3.176386486284228927e-01 3.150615169469470622e-01 3.125158839779290654e-01 3.100011228999958179e-01 3.075166238719677647e-01 3.050617934654186736e-01
1.000000000000000000e+00 9.889358588489634005e-01 9.775700536365806714e-01 9.656589390914439575e-01 9.533080835963082533e-01 9.407675416776931643e-01 9.279831709658545869e-01 9.148948819280724454e-01 9.018367848754214045e-01 8.885949250739563210e-01 8.753609952476046896e-01 8.621987774444931363e-01 8.489827585525306919e-01 8.359915918256730638e-01 8.229510983726479045e-01 8.102068561316807527e-01 7.974644484937278843e-01 7.850341437836627634e-01 7.726728100512555431e-01 7.606056909569918201e-01 7.486820378927663278e-01 7.370170343640901622e-01 7.255594021173862318e-01 7.143246779691967419e-01 7.033398497688322371e-01 6.925541567582786939e-01 6.820223017518137754e-01 6.717064116240889504e-01 6.616197186534147345e-01 6.517637116732821756e-01 6.421260312542466098e-01 6.327059936319401334e-01 6.235047151938212240e-01 6.145182522580582285e-01 6.057291078995880040e-01 5.971529541371730643e-01 5.887788808699395693e-01 5.805833198474883439e-01 5.725906118564746405e-01 5.647897768309692035e-01 5.571502332007772784e-01 5.496923294913128588e-01 5.424262321312485202e-01 5.353057739570707962e-01 5.283309698589360170e-01 5.215624132526684997e-01 5.149253437121352750e-01 5.084158680750892056e-01 5.020752121832879888e-01 4.958874352174691968e-01 4.898149557909817209e-01 4.838544582034257080e-01 4.780760852855316378e-01 4.724095729378939845e-01 4.668443748435093243e-01 4.613824131494194125e-01 4.560926627190561300e-01 4.508946444953755850e-01 4.457858628605469442e-01 4.407651326909099998e-01 4.359079302063159078e-01 4.311316526169186591e-01 4.264341697373879581e-01 4.218134245205258370e-01 4.173275904315649765e-01 4.129316139125960294e-01 4.086053898196134737e-01 4.043471568532421290e-01 4.001784588043433288e-01 3.961260306068440373e-01 3.921355087267782147e-01 3.882053809560853663e-01 3.843341843003063585e-01 3.805651966701227851e-01 3.768787599638348529e-01 3.732461036636081642e-01 3.696659670435207268e-01 3.661371289474789625e-01 3.627059307692578338e-01 3.593434301672024378e-01 3.560278486074522353e-01 3.527581298218515071e-01 3.495332495538537865e-01 3.463859640720162725e-01 3.433112384809290929e-01 3.402776110996189596e-01 3.372841925592604539e-01 3.343301195761329558e-01 3.314201873697990575e-01 3.286020055451998045e-01 3.258199608481789356e-01 3.230733010074061107e-01 3.203612949810207833e-01 3.176832322083060767e-01 3.150599983972530715e-01 3.125031594055892592e-01 3.099775711011830137e-01 3.074826115983392283e-01 3.050176758578515002e-01 3.025821751240310165e-01
1.000000000000000000e+00 9.882923592629253573e-01 9.763302967136154864e-01 9.638875152410182334e-01 9.510640543930425350e-01 9.380933997822049619e-01 9.249257069133063336e-01 9.115065300443857543e-01 8.981456123975277706e-01 8.846454763407838318e-01 8.711838364133290824e-01 8.578189467952529457e-01 8.444363891931251365e-01 8.312908052020960836e-01 8.181325101330677585e-01 8.052753928599828415e-01 7.924529988931782176e-01 7.799446669791090248e-01 7.675323631233700317e-01 7.554163311178393458e-01 7.434632886203609292e-01 7.317733237011292413e-01 7.203022368714662171e-01 7.090620453754703512e-01 6.980754039982113301e-01 6.872998280446074304e-01 6.767778519932345915e-01 6.664811003036407167e-01 6.564162157633880446e-01 6.465830711259629160e-01 6.369763738578080314e-01 6.275866197097675903e-01 6.184184074479797122e-01 6.094689847629971569e-01 6.007160673509364113e-01 5.921789364408003298e-01 5.838459007815216539e-01 5.756905025579232005e-01 5.677398311557428912e-01 5.599824217810219773e-01 5.523854059254534876e-01 5.449706179079987223e-01 5.377491119314616874e-01 5.306723513662754410e-01 5.237405490405753206e-01 5.170168356005807597e-01 5.104237380957833414e-01 5.039573891569866237e-01 4.976602385636121340e-01 4.915160408399099068e-01 4.854863286386528753e-01 4.795678096112385713e-01 4.738319879910679044e-01 4.682073948491330406e-01 4.626833664671540225e-01 4.572619040663166712e-01 4.520128816073604727e-01 4.468548850709739839e-01 4.417854380541177961e-01 4.368033835089385475e-01 4.319848222835277474e-01 4.272465421588952372e-01 4.225864298963055710e-01 4.180024448133087822e-01 4.135530417376543921e-01 4.091929919773784063e-01 4.049021245812226555e-01 4.006786926442882923e-01 3.965442945065777436e-01 3.925257281659731978e-01 3.885685508571748992e-01 3.846712630080461048e-01 3.808324138488249355e-01 3.770952782548340210e-01 3.734402156593649713e-01 3.698384757617270147e-01 3.662888085656428871e-01 3.627900033078967357e-01 3.593883166807961826e-01 3.560548715291261823e-01 3.527679399911632374e-01 3.495264749259905379e-01 3.463294609276877933e-01 3.432095503266856529e-01 3.401617301287850337e-01 3.371546485106844959e-01 3.341874238859826041e-01 3.312592005251248639e-01 3.283747560770360341e-01 3.255814931896151010e-01 3.228240478979367278e-01 3.201016745824069032e-01 3.174136486651858435e-01 3.147592658684791878e-01 3.121593038951901988e-01 3.096252698204523535e-01 3.071222077023483821e-01 3.046495012018959336e-01 3.022065506763447207e-01 2.997927726212258892e-01
1.000000000000000000e+00 9.875865193547797016e-01 9.749702538686939590e-01 9.619438743966698402e-01 9.486013660613316079e-01 9.351581367625048102e-01 9.215690452649341058e-01 9.077858514441129456e-01 8.940916668969952630e-01 8.803070540341332295e-01 8.665944520723994904e-01 8.530060604315462536e-01 8.394396799779074714e-01 8.261236011297762305e-01 8.128349570875152974e-01 7.998529195926281643e-01 7.869416457503141116e-01 7.743466109174117484e-01 7.618774586919173641e-01 7.497068625997159730e-01 7.377208106393332576e-01 7.260027358389742336e-01 7.145161838830123013e-01 7.032693091682981068e-01 6.922800139396171337e-01 6.815149021535203966e-01 6.710031439986555712e-01 6.607268513470274662e-01 6.506853898875711861e-01 6.408768509087657828e-01 6.313037615858514418e-01 6.219468564320510540e-01 6.128145775050789501e-01 6.039054870785520723e-01 5.951920163369339711e-01 5.866974364119715846e-01 5.784091920027877309e-01 5.702976302028399669e-01 5.623928974367975453e-01 5.546829891361921838e-01 5.471324922144299441e-01 5.397648988907574052e-01 5.325922537507934429e-01 5.255633746721789512e-01 5.186786947102223211e-01 5.120041736985114778e-01 5.054593130019996439e-01 4.990402735461646477e-01 4.927908678935692954e-01 4.866945108451322666e-01 4.807117478984948566e-01 4.748393123403265026e-01 4.691502377792233780e-01 4.635717007192617922e-01 4.580929049607920800e-01 4.527159403672825766e-01 4.475116953824183064e-01 4.423976998115602410e-01 4.373714983769496634e-01 4.324319652601811836e-01 4.276559110827516941e-01 4.229594298045351586e-01 4.183404268287798100e-01 4.137968794749627421e-01 4.093875667443214184e-01 4.050670567769270591e-01 4.008151017825682949e-01 3.966299706984264817e-01 3.925333276044598585e-01 3.885520468697720720e-01 3.846315855788699500e-01 3.807704580731497424e-01 3.769672270435780459e-01 3.732651736945971632e-01 3.696446728101546175e-01 3.660769904122950780e-01 3.625608883245140523e-01 3.590951672323869914e-01 3.557259983179937302e-01 3.524245716752915647e-01 3.491692118723163096e-01 3.459588818261811749e-01 3.427925758841737780e-01 3.397028363994243350e-01 3.366846739623131080e-01 3.337068536856019896e-01 3.307685025614394148e-01 3.278687731872132471e-01 3.250124246414595186e-01 3.222466383005258006e-01 3.195163172276540564e-01 3.168207231377018207e-01 3.141591385802990910e-01 3.115308662054353528e-01 3.089565673097572907e-01 3.064476856748980516e-01 3.039694685737044932e-01 3.015213057848817879e-01 2.991026036176431258e-01 2.967127843592969882e-01
1.000000000000000000e+00 9.868307653398559198e-01 9.735137522868496651e-01 9.598618533103563388e-01 9.459626895487519560e-01 9.320124327148752164e-01 9.179709777907647528e-01 9.037967250659358909e-01 8.897443616753121232e-01 8.756537065637710615e-01 8.616709353774084645e-01 8.478417743995294575e-01 8.340770857889738821e-01 8.205769900496464597e-01 8.071473595071867457e-01 7.940301838142670432e-01 7.810224648859241947e-01 7.683333472202329428e-01 7.558020949305985781e-01 7.435718742264965098e-01 7.315493376203404674e-01 7.198000583473982417e-01 7.082959502059714696e-01 6.970410042576979937e-01 6.860480057627067474e-01 6.752933641488496619e-01 6.647918297539054944e-01 6.545368058752053519e-01 6.445198222409058708e-01 6.347370538995003031e-01 6.251994582296025449e-01 6.158772451938462345e-01 6.067830170016204061e-01 5.979167584935372037e-01 5.892451791965332974e-01 5.807958753245918704e-01 5.725553542105691340e-01 5.644904983761895867e-01 5.566347659814412374e-01 5.489755671000854376e-01 5.414747311209725522e-01 5.341575489035470525e-01 5.270371392947750255e-01 5.200594487561192025e-01 5.132251499093468672e-01 5.066032878323358801e-01 5.001100631096164761e-01 4.937416669552181503e-01 4.875434020430395310e-01 4.814983109345714607e-01 4.755658586839174307e-01 4.697428060484362122e-01 4.641038656604171142e-01 4.585747256939508021e-01 4.531444438349880866e-01 4.478152074276268713e-01 4.426590293687236444e-01 4.375922671712336176e-01 4.326124882345886991e-01 4.277186008116511395e-01 4.229882122818898194e-01 4.183366358249679395e-01 4.137617968713600547e-01 4.092616920801511182e-01 4.048954715760021417e-01 4.006174688426814567e-01 3.964073466059323536e-01 3.922633908339562270e-01 3.882073429981390822e-01 3.842661677719905189e-01 3.803851993237835072e-01 3.765629669607249430e-01 3.727980478525417807e-01 3.691337391613042085e-01 3.655504284386991709e-01 3.620193936456866379e-01 3.585394093244400615e-01 3.551092884800173266e-01 3.517751205432613770e-01 3.485081619696199229e-01 3.452867892815044137e-01 3.421099762235424446e-01 3.389767276423937825e-01 3.359194747101104106e-01 3.329332525362603823e-01 3.299869455944223762e-01 3.270796901155125780e-01 3.242106476647136915e-01 3.213845582115739674e-01 3.186483724869689227e-01 3.159472724661126497e-01 3.132805277653029075e-01 3.106474286126272299e-01 3.080472851214101082e-01 3.055006359754819933e-01 3.030188583537314906e-01 3.005674139897860364e-01 2.981456992547090734e-01 2.957531268714888584e-01 2.933891253685941836e-01
1.000000000000000000e+00 9.860416891147607554e-01 9.719927289528542680e-01 9.576869511140623237e-01 9.432054934062777951e-01 9.287245702042796758e-01 9.142093150812715674e-01 8.996250911770378167e-01 8.851970416371522932e-01 8.707850473237401800e-01 8.565183752008835860e-01 8.424360055944729586e-01 8.284624624026588613e-01 8.147684712140096375e-01 8.011899162340128111e-01 7.879299645348509795e-01 7.748199381762562732e-01 7.620310189213940211e-01 7.494334707355565506e-01 7.371395767284595335e-01 7.250776644182203023e-01 7.132945743521118542e-01 7.017709942739699391e-01 6.905065484900499984e-01 6.795086576966934411e-01 6.687640186086846183e-01 6.582722513331856762e-01 6.480386501633255136e-01 6.380464915372746626e-01 6.282899334391988111e-01 6.187888189438217612e-01 6.095022632469222490e-01 6.004472501198362400e-01 5.916252622773794378e-01 5.829969815811504308e-01 5.745945721174755549e-01 5.664035504398802212e-01 5.583871388498812260e-01 5.505823094608339741e-01 5.429758503752527554e-01 5.355266637349028747e-01 5.282619546206462902e-01 5.211959848817723229e-01 5.142716430387650473e-01 5.074898562519455369e-01 5.009229564701679349e-01 4.944836263363234230e-01 4.881680886778482220e-01 4.820232470972094507e-01 4.760317431272888533e-01 4.701518795200445022e-01 4.643804457473311720e-01 4.587939646038898811e-01 4.533165180550053908e-01 4.479370053625721937e-01 4.426577185536206271e-01 4.375518875962380316e-01 4.325345994060117438e-01 4.276034451353131760e-01 4.227573692510612213e-01 4.180748471872715033e-01 4.134703397025468741e-01 4.089417932197837446e-01 4.044872246697316931e-01 4.001661941466553296e-01 3.959327741406729606e-01 3.917665272222540795e-01 3.876657572221908765e-01 3.836522949059901766e-01 3.797532095792085505e-01 3.759136880502725320e-01 3.721322753326971045e-01 3.684075637913677981e-01 3.647828824687197602e-01 3.612386261238072493e-01 3.577460759549668801e-01 3.543040198605939550e-01 3.509112837827626508e-01 3.476138847732158088e-01 3.443831410970927820e-01 3.411974779777210420e-01 3.380558805359770158e-01 3.349573646499967028e-01 3.319342524446648457e-01 3.289816038542668353e-01 3.260684217357771031e-01 3.231938520313190621e-01 3.203570657324544824e-01 3.175627838882702503e-01 3.148577248098137216e-01 3.121873523027388075e-01 3.095509442921339227e-01 3.069477990803995970e-01 3.043772346289598807e-01 3.018596643754948294e-01 2.994063975541376710e-01 2.969831155204200046e-01 2.945892215799284508e-01 2.922241352023223770e-01 2.898872914811676527e-01
1.000000000000000000e+00 9.852375747564501296e-01 9.704423639744670371e-01 9.554694306572455442e-01 9.403933737034726459e-01 9.253702493881762470e-01 9.103705250474963817e-01 8.953666902852349674e-01 8.805539146459848698e-01 8.658124589070320676e-01 8.512544561742647620e-01 8.369120268072633984e-01 8.227236068429416571e-01 8.088300158136753071e-01 7.950977221025792296e-01 7.816903450032002265e-01 7.684742405914862795e-01 7.555818414793797899e-01 7.429150667297965693e-01 7.305546615596335558e-01 7.184511091399304883e-01 7.066321009989073865e-01 6.950873229066081294e-01 6.838119248302684250e-01 6.728078399085517525e-01 6.620723236064529615e-01 6.515894644148729764e-01 6.413767788331090625e-01 6.314090587170136937e-01 6.216783894719144499e-01 6.122137545288496296e-01 6.029628545852312449e-01 5.939471970158050063e-01 5.851698104366895858e-01 5.765851516799133103e-01 5.682301182857082411e-01 5.600891990660984421e-01 5.521218218872743222e-01 5.443685989371880307e-01 5.368156731253576064e-01 5.294189128956613422e-01 5.222075059688487952e-01 5.151968977909509029e-01 5.083268078606079099e-01 5.015984276998823876e-01 4.950875127745861803e-01 4.887030799264259762e-01 4.824413841844049089e-01 4.763510048069145020e-01 4.704141625208114186e-01 4.645879420801247717e-01 4.588691622469967535e-01 4.533362475898634614e-01 4.479115909859959777e-01 4.425839243821950708e-01 4.373556496928402981e-01 4.323012848501593397e-01 4.273345702750104280e-01 4.224531214006371771e-01 4.176559204691001614e-01 4.130223783746842514e-01 4.084660348136978647e-01 4.039848576897999144e-01 3.995768846769782168e-01 3.953021272220194060e-01 3.911143679167220499e-01 3.869930571854173773e-01 3.829365171533909984e-01 3.789666790884283487e-01 3.751107305059576125e-01 3.713136867492651816e-01 3.675741089288157570e-01 3.638906049825821887e-01 3.603065517152775343e-01 3.568023450985449152e-01 3.533492603834710866e-01 3.499460991650732988e-01 3.465917006521583299e-01 3.433320225034657835e-01 3.401384376950004063e-01 3.369894149427149488e-01 3.338839510402653032e-01 3.308210731848081898e-01 3.278330009856417204e-01 3.249148187180895264e-01 3.220356422295723720e-01 3.191946274316477816e-01 3.163909549929083687e-01 3.136293279045517246e-01 3.109562376167083197e-01 3.083174239691856555e-01 3.057121734206610375e-01 3.031397925663014692e-01 3.005996074279643770e-01 2.981119074642986644e-01 2.956879347669738589e-01 2.932935888130348556e-01 2.909282800331147167e-01 2.885914348289063680e-01 2.862824950394462498e-01
1.000000000000000000e+00 9.844285287469345391e-01 9.688820787574756732e-01 9.532369396469808631e-01 9.375612849157989315e-01 9.219910486204907496e-01 9.065020412073824252e-01 8.910739259762979758e-01 8.758719081901817916e-01 8.607967093242099299e-01 8.459432806757682943e-01 8.313368623269132840e-01 8.169299062934606281e-01 8.028331902497584105e-01 7.889439689350045137e-01 7.753860712725479942e-01 7.620611247710270542e-01 7.490625494652198846e-01 7.363242187632602631e-01 7.238950396426534484e-01 7.117478583069039022e-01 6.998910358693697376e-01 6.883233643917537892e-01 6.770354683518503558e-01 6.660237422066811463e-01 6.552961440333973098e-01 6.448210166198791171e-01 6.346282631954502929e-01 6.246840752106939121e-01 6.149784458898251982e-01 6.055496644090229141e-01 5.963338082673070861e-01 5.873570029955877958e-01 5.786238548012629934e-01 5.700824630732265197e-01 5.617745597754266740e-01 5.536835829753209426e-01 5.457650835807713596e-01 5.380634100903227690e-01 5.305640420266289903e-01 5.232197321759349817e-01 5.160617181380351415e-01 5.091066686711901434e-01 5.022910238519791015e-01 4.956162478409525951e-01 4.891616395696284925e-01 4.828324195533533758e-01 4.766248752077902329e-01 4.705893148506015700e-01 4.647075239882992315e-01 4.589353291920848510e-01 4.532695787232292606e-01 4.477906770374932566e-01 4.424192567447944313e-01 4.371438746149859389e-01 4.319670471553656022e-01 4.269646482016349331e-01 4.220489983489771335e-01 4.172177375472931882e-01 4.124698869154161396e-01 4.078858486435702480e-01 4.033781841317032324e-01 3.989448829939786223e-01 3.945840038694767293e-01 3.903560459962162055e-01 3.862144763020487481e-01 3.821386222759046158e-01 3.781268245494770475e-01 3.742011285917560826e-01 3.703888568008188997e-01 3.666348226136418309e-01 3.629376034391634809e-01 3.592958229834101180e-01 3.557529280163558849e-01 3.522893068971802433e-01 3.488762155890585692e-01 3.455124695668584378e-01 3.421969214835959283e-01 3.389754854700333109e-01 3.358195802012046149e-01 3.327077112227274647e-01 3.296388871645971053e-01 3.266121467015934421e-01 3.236596155919935769e-01 3.207764015747723296e-01 3.179317259347173019e-01 3.151247546980028846e-01 3.123546783511779723e-01 3.096261832412749992e-01 3.069855450663235286e-01 3.043787674030621893e-01 3.018051453727724764e-01 2.992639939887626888e-01 2.967546474551861491e-01 2.942972751219909422e-01 2.919030541815018642e-01 2.895380963467776292e-01 2.872018192848052043e-01 2.848936564376032821e-01 2.826130564950565249e-01
1.000000000000000000e+00 9.835990761318345044e-01 9.672818848155542160e-01 9.509462477083948651e-01 9.346539388217133260e-01 9.185205343927155264e-01 9.025273146173690142e-01 8.866613336363438069e-01 8.710572923879259521e-01 8.556367991053666078e-01 8.404773559549847395e-01 8.255971655498676176e-01 8.109630793848010555e-01 7.966550993143566295e-01 7.826020802970526935e-01 7.688870269591605577e-01 7.554478077587057916e-01 7.423377586633176373e-01 7.295235930197520036e-01 7.170214941654469154e-01 7.048273448294183341e-01 6.929295930102503664e-01 6.813364428083573676e-01 6.700338450212429686e-01 6.590124785644074779e-01 6.482913599762449852e-01 6.378225596527833385e-01 6.276488244685703988e-01 6.177274261207855721e-01 6.080461941329941000e-01 5.986530985032720853e-01 5.894721223373535768e-01 5.805342106921788092e-01 5.718456153795444807e-01 5.633477982716407206e-01 5.550875481360236785e-01 5.470472025480906941e-01 5.391782550473160907e-01 5.315289740272310937e-01 5.240841416769814742e-01 5.167932399500204665e-01 5.096896635666459119e-01 5.027913681633793264e-01 4.960313398485857728e-01 4.894113284793662477e-01 4.830143583459130530e-01 4.767416567798025140e-01 4.705895443492046359e-01 4.646101581705864847e-01 4.587848221100807589e-01 4.530680301870356197e-01 4.474566609138457274e-01 4.420332595877849990e-01 4.367165524683162547e-01 4.314949052690467135e-01 4.263709580094918183e-01 4.214220647605276260e-01 4.165589927434611428e-01 4.117794071513107279e-01 4.070823702142498113e-01 4.025493736716289628e-01 3.980919004927763738e-01 3.937079626768273943e-01 3.893956404792655590e-01 3.852159821405212736e-01 3.811220960952919068e-01 3.770931691057202162e-01 3.731275609085107914e-01 3.692474496159719455e-01 3.654803148775499499e-01 3.617707282134097757e-01 3.581172838758765464e-01 3.545186218662085276e-01 3.510182847528069416e-01 3.475966434147265138e-01 3.442249194562782000e-01 3.409019427090110854e-01 3.376265797320164852e-01 3.344447248133436412e-01 3.313278291695245792e-01 3.282544254907280301e-01 3.252235346611107025e-01 3.222342072382350930e-01 3.193184882133454083e-01 3.164715076394221116e-01 3.136625811296394617e-01 3.108908851907478121e-01 3.081556204824776879e-01 3.054614582387876753e-01 3.028544689368187215e-01 3.002809086720319431e-01 2.977400815477705409e-01 2.952313113059260030e-01 2.927539406346914008e-01 2.903280211737655492e-01 2.879646666952870859e-01 2.856301980605893132e-01 2.833240404441367821e-01 2.810456345920527843e-01 2.787944363017502702e-01
1.000000000000000000e+00 9.828171052147348652e-01 9.657727954078514365e-01 9.487850081901290089e-01 9.319096550236748433e-01 9.152433414258966948e-01 8.987724869847238951e-01 8.824911324095356946e-01 8.665054251425229337e-01 8.507565734227494625e-01 8.353057675304983443e-01 8.201645974167207642e-01 8.053134843302814927e-01 7.908034826613188351e-01 7.765932383906191117e-01 7.627272891939336219e-01 7.491777260542246131e-01 7.359600357008565519e-01 7.230720201088488563e-01 7.104988813706686335e-01 6.982583726153225312e-01 6.863200368695853149e-01 6.747010229680818760e-01 6.633828401678799613e-01 6.523507462802032864e-01 6.416342871365058320e-01 6.311700365989011408e-01 6.210129965791737483e-01 6.111119259530145564e-01 6.014525874317300236e-01 5.920921833048746752e-01 5.829431603863708400e-01 5.740410601367886834e-01 5.653937031864193496e-01 5.569362189571628319e-01 5.487202351934603595e-01 5.407270352365649568e-01 5.329042283514476841e-01 5.253038413155717290e-01 5.179099866456527979e-01 5.106690085758102127e-01 5.036163776792863533e-01 4.967712876321726534e-01 4.900633982434566271e-01 4.834947389882803814e-01 4.771519997076691944e-01 4.709324754971592197e-01 4.648325181176136689e-01 4.589060888927709581e-01 4.531340489694139495e-01 4.474695601106412624e-01 4.419095293874114594e-01 4.365385887624920747e-01 4.312736047070873102e-01 4.261027557907658414e-01 4.210288020402636611e-01 4.161305458872382457e-01 4.113172328429151037e-01 4.065865519900673797e-01 4.019376055296796091e-01 3.974529840057429708e-01 3.930430798789034119e-01 3.887059263637503981e-01 3.844396242028063071e-01 3.803057856315435470e-01 3.762571480061644436e-01 3.722727514646697600e-01 3.683509738730724181e-01 3.645141328774522127e-01 3.607898740306370033e-01 3.571225082709139631e-01 3.535106458502177418e-01 3.499529422487218655e-01 3.464930562499926592e-01 3.431113318109625387e-01 3.397789424149585957e-01 3.364947315447257004e-01 3.332575789820872436e-01 3.301133831910079697e-01 3.270336128528641417e-01 3.239968164474826273e-01 3.210020265212565893e-01 3.180483049405457563e-01 3.151676333076938175e-01 3.123551612861710791e-01 3.095802820714561032e-01 3.068421821519479176e-01 3.041400718762648503e-01 3.014786101673740393e-01 2.989036899528749180e-01 2.963617875584055317e-01 2.938522156476703895e-01 2.913743062813448637e-01 2.889274102333437844e-01 2.865314744667339930e-01 2.841975565688449334e-01 2.818921647293230470e-01 2.796147312823283326e-01 2.773647039397277858e-01 2.751415452772080217e-01
1.000000000000000000e+00 9.820832484411208263e-01 9.643560105184009190e-01 9.467549015562495285e-01 9.293305257424860910e-01 9.121619307374514429e-01 8.952403446349441740e-01 8.785664001894852859e-01 8.622196634813532601e-01 8.461596614414316209e-01 8.304323919688386679e-01 8.150432613202919230e-01 7.999854474232256374e-01 7.852828844726404967e-01 7.709221791456033479e-01 7.569117795159919782e-01 7.432559338178523767e-01 7.299345641109276084e-01 7.169747325196850207e-01 7.043324790115990108e-01 6.920461657936292088e-01 6.800675194342179486e-01 6.684221537040145877e-01 6.570873789265891940e-01 6.460433403210323888e-01 6.353295616172757176e-01 6.248679284362732567e-01 6.147250775723748228e-01 6.048416837469476892e-01 5.952015546036952820e-01 5.858706961888717757e-01 5.767505517667297354e-01 5.678810635522463235e-01 5.592715534297822977e-01 5.508510850137936510e-01 5.426759352009108417e-01 5.347263729961181378e-01 5.269462736260688285e-01 5.193912918348344565e-01 5.120448922718718876e-01 5.048503881191014342e-01 4.978452563864188551e-01 4.910498869582579085e-01 4.843907216053073284e-01 4.778700585701257664e-01 4.715781228019560456e-01 4.654084151867101116e-01 4.593573167065949092e-01 4.534805494179254270e-01 4.477585267921977974e-01 4.421431232531612965e-01 4.366312726733825311e-01 4.313096649350235956e-01 4.260933298708829420e-01 4.209702601275107092e-01 4.159433342340184692e-01 4.110928019158172630e-01 4.063263851034403240e-01 4.016417953949865116e-01 3.970381737308968373e-01 3.925992142101931703e-01 3.882342113209323320e-01 3.839412183033315551e-01 3.797183552379779781e-01 3.756278132175888684e-01 3.716219459961700444e-01 3.676796412063672026e-01 3.637992938506554030e-01 3.600033698828917772e-01 3.563196917151062459e-01 3.526922867096972669e-01 3.491197802617254653e-01 3.456008425016690033e-01 3.421792676673443556e-01 3.388353638170460425e-01 3.355402432556596759e-01 3.322927624002080527e-01 3.290918135608300044e-01 3.259833233865446211e-01 3.229387629357980960e-01 3.199366851125646227e-01 3.169761335237805122e-01 3.140561807611440548e-01 3.112087647274912050e-01 3.084290517044437352e-01 3.056864936162211888e-01 3.029802864268101303e-01 3.003096496824985695e-01 2.976792329954483507e-01 2.951347811691851786e-01 2.926229564713281328e-01 2.901430796986604888e-01 2.876944908154170366e-01 2.852765482776426498e-01 2.829091072872997881e-01 2.806031764132310147e-01 2.783254295291662794e-01 2.760753057763932761e-01 2.738522594895060891e-01 2.716557596886799986e-01
1.000000000000000000e+00 9.813905320301268276e-01 9.630180067239111352e-01 9.448364462890668225e-01 9.268916576545624952e-01 9.092464062999681129e-01 8.918964429692674001e-01 8.748486786110979407e-01 8.581578258277381410e-01 8.418006028151521214e-01 8.258088232317610800e-01 8.101820806696433674e-01 7.949256410517269167e-01 7.800378725801488944e-01 7.655317997342819814e-01 7.513817891727359033e-01 7.376225168231549389e-01 7.242002537192296918e-01 7.111698054602441088e-01 6.984595581577029977e-01 6.861274681615816551e-01 6.741083221581052332e-01 6.624358033827114633e-01 6.510832211553455595e-01 6.400258591082690351e-01 6.293127662443268600e-01 6.188518027621074946e-01 6.087207426976235514e-01 5.988525201068167769e-01 5.892290739403395206e-01 5.799248566354995305e-01 5.708307517008105458e-01 5.619909396935698354e-01 5.534161875342428205e-01 5.450297138899236060e-01 5.368922905334075901e-01 5.289832042863139572e-01 5.212427180377026126e-01 5.137300065764263124e-01 5.064279045304913573e-01 4.992767819917322547e-01 4.923160772225791404e-01 4.855673488820628214e-01 4.789538897586486099e-01 4.724782602784005636e-01 4.662341493680599025e-01 4.601113375572879471e-01 4.541062333363616865e-01 4.482762951317444400e-01 4.426014933728662504e-01 4.370324308289929571e-01 4.315660666758408537e-01 4.262911405990281732e-01 4.211208505124786061e-01 4.160430024867742271e-01 4.110605927998451925e-01 4.062553254402775371e-01 4.015333886242576922e-01 3.968925153051520716e-01 3.923318844120286530e-01 3.879363159620897172e-01 3.836139812134984339e-01 3.793629524361550875e-01 3.751813680869609535e-01 3.711320229341485977e-01 3.671668677717379037e-01 3.632646290491208796e-01 3.594237180805347487e-01 3.556667597204823950e-01 3.520217663753545390e-01 3.484324552296559907e-01 3.448974661141134268e-01 3.414154831250741373e-01 3.380304608109815367e-01 3.347226602486764180e-01 3.314631162743948978e-01 3.282506976521371023e-01 3.250843086514904612e-01 3.220099320642058616e-01 3.189990241176475227e-01 3.160301292244802607e-01 3.131023015629600947e-01 3.102146239757270219e-01 3.073990103087955172e-01 3.046506405906159176e-01 3.019390068580964370e-01 2.992633141413197917e-01 2.966227907867627356e-01 2.940220802573525472e-01 2.915068093513066283e-01 2.890237913910545520e-01 2.865723549627882671e-01 2.841518476003301319e-01 2.817616351172403388e-01 2.794214946433375979e-01 2.771423933650701832e-01 2.748911481549821123e-01 2.726672046799740179e-01 2.704700236234786059e-01 2.682990801836416805e-01
1.000000000000000000e+00 9.807803330682576259e-01 9.618388721974306943e-01 9.431447813613614839e-01 9.247398383845472081e-01 9.066726885963406479e-01 8.889430497455627078e-01 8.715633792302639460e-01 8.545667189987619095e-01 8.379448765167087920e-01 8.217172831856663917e-01 8.058784281348997380e-01 7.904442096860239131e-01 7.753905325804981707e-01 7.607537131320529777e-01 7.464780930986151253e-01 7.326251943048499582e-01 7.191115979722921825e-01 7.060166210600957726e-01 6.932442146799914218e-01 6.808697049186602790e-01 6.688128615251304199e-01 6.571145420542274795e-01 6.457445007175605101e-01 6.346737081985459605e-01 6.239596885281212257e-01 6.134978200515279756e-01 6.033758207575282695e-01 5.935197115342250029e-01 5.839097661836935016e-01 5.746279991157213773e-01 5.655558374357085860e-01 5.567412612271509520e-01 5.481963321927095789e-01 5.398390268375952150e-01 5.317341639917408935e-01 5.238601449373400110e-01 5.161539783451761787e-01 5.086780185274907273e-01 5.014145298948641249e-01 4.943012223918948345e-01 4.873793092561672924e-01 4.806714065621290888e-01 4.740979547898107604e-01 4.676617522740526556e-01 4.614596436400149049e-01 4.553780181625929346e-01 4.494133084910807985e-01 4.436245634098198720e-01 4.379913463264184514e-01 4.324630936061190090e-01 4.270367867076526602e-01 4.218030584329465760e-01 4.166734128412837856e-01 4.116354826083262752e-01 4.066923727487391504e-01 4.019271434346747274e-01 3.972445503443949866e-01 3.926423453205621916e-01 3.881197418876111693e-01 3.837626191733228276e-01 3.794780896235426804e-01 3.752642423690165652e-01 3.711192321485889400e-01 3.671064307840976593e-01 3.631774017929123022e-01 3.593107160155094570e-01 3.555047992404993251e-01 3.517824323248280316e-01 3.481718145820080212e-01 3.446163539048346935e-01 3.411147029516679585e-01 3.376655582290232771e-01 3.343130421882767878e-01 3.310373637448071893e-01 3.278094732686488988e-01 3.246282505092581983e-01 3.214926103768827037e-01 3.184486099543858972e-01 3.154676780380670786e-01 3.125283409011230806e-01 3.096296621382326197e-01 3.067707337230809461e-01 3.039834635289495601e-01 3.012630419649007796e-01 2.985789828185081984e-01 2.959304992038988003e-01 2.933168273144888816e-01 2.907426074216850620e-01 2.882533807991889407e-01 2.857960731605012628e-01 2.833700200439445149e-01 2.809745757392789756e-01 2.786091126267258855e-01 2.762933458244375418e-01 2.740382099339891409e-01 2.718106371973667557e-01 2.696100791104387717e-01 2.674360020277024574e-01 2.652878866657421564e-01
1.000000000000000000e+00 9.802325160028108053e-01 9.607796811261699599e-01 9.416240420398618305e-01 9.228039793201856522e-01 9.043557304141134345e-01 8.862825639521496601e-01 8.686019726620857195e-01 8.513277506280582108e-01 8.344651671759429901e-01 8.180226692164445090e-01 8.019901844259049728e-01 7.863931722248214129e-01 7.711874187036963368e-01 7.564301553201450146e-01 7.420387781690733764e-01 7.280990204125995513e-01 7.145006925752942495e-01 7.013452708112649647e-01 6.885146132914892192e-01 6.760997520409117723e-01 6.640068758259866089e-01 6.522833617040856291e-01 6.408957369953621752e-01 6.298110652940756005e-01 6.190945762200616986e-01 6.086302964565414308e-01 5.985150103575689329e-01 5.886684337819122481e-01 5.790693241288518145e-01 5.698066043192492325e-01 5.607530597631338320e-01 5.519601552482477080e-01 5.434411392843802036e-01 5.351091780184445978e-01 5.270328130706116720e-01 5.191896298870163351e-01 5.115136418295753717e-01 5.040701427448078809e-01 4.968408686529344753e-01 4.897610682650386238e-01 4.828736046893961076e-01 4.762020764887534563e-01 4.696642701318479163e-01 4.632632055672005755e-01 4.570986807255664197e-01 4.510539089317714967e-01 4.451253444526882541e-01 4.393735331042793457e-01 4.337776538172571361e-01 4.282860431740065366e-01 4.228957026405969488e-01 4.176990501657898425e-01 4.126059907385147274e-01 4.076039925286149002e-01 4.026962631708199680e-01 3.979671552217070030e-01 3.933200570977312127e-01 3.887527376830246517e-01 3.842644428669852452e-01 3.799420806948358154e-01 3.756917325486391346e-01 3.715115028038006861e-01 3.673995609204112611e-01 3.634198485018313995e-01 3.595235444659302670e-01 3.556890643860286527e-01 3.519148471623725349e-01 3.482238311795038399e-01 3.446444048546826733e-01 3.411196591044440285e-01 3.376482582265679655e-01 3.342289099881942116e-01 3.309059168759000968e-01 3.276594291472781917e-01 3.244603035306980465e-01 3.213074297585596928e-01 3.181997324107246339e-01 3.151833620816077430e-01 3.122297074329773436e-01 3.093172669472022407e-01 3.064451127876163805e-01 3.036123452368760800e-01 3.008508838967417498e-01 2.981559265519353463e-01 2.954969912582083302e-01 2.928732984952498453e-01 2.902840916060072662e-01 2.877340104832837309e-01 2.852685402184375607e-01 2.828346843131488986e-01 2.804317846471433562e-01 2.780592016726265991e-01 2.757163137596160829e-01 2.734227883391180947e-01 2.711895353250530771e-01 2.689835780037309054e-01 2.668043731934701124e-01 2.646513924270360585e-01 2.625241214599177697e-01
1.000000000000000000e+00 9.797610047461550176e-01 9.598675016328104270e-01 9.403133693391170222e-01 9.211342636096554459e-01 9.023559765570462465e-01 8.839848260869501706e-01 8.660426859643144404e-01 8.485269672383607409e-01 8.314544702296768897e-01 8.148242941120463767e-01 7.986224543552085109e-01 7.828826843662105572e-01 7.675434594103053287e-01 7.526800619875765319e-01 7.381866482043791811e-01 7.241698474465434465e-01 7.104963636410791539e-01 6.972868298621097694e-01 6.844040021919073347e-01 6.719525433695756611e-01 6.598268556114236238e-01 6.480799818514112465e-01 6.366756450260054878e-01 6.255775231633764477e-01 6.148575617893743406e-01 6.043898914453896820e-01 5.942792184661815913e-01 5.844397479255756256e-01 5.748489145242924314e-01 5.656016927902199898e-01 5.565632963245392695e-01 5.477882546124560603e-01 5.392908593646033033e-01 5.309800440818588374e-01 5.229276307770739374e-01 5.151104850132093294e-01 5.074599793292156047e-01 5.000440070530884906e-01 4.928438359978384309e-01 4.857925369072179089e-01 4.789344366211037429e-01 4.722940050488908525e-01 4.657866720301640506e-01 4.594156542012245992e-01 4.532833804867547056e-01 4.472702333045572298e-01 4.413726854718218462e-01 4.356526216665733142e-01 4.300888760306120773e-01 4.246288002885132973e-01 4.192694131250598866e-01 4.141047484841776649e-01 4.090432621865912610e-01 4.040722725954674077e-01 3.991950801083867240e-01 3.944972160889292923e-01 3.898808200780051747e-01 3.853436757001221791e-01 3.808850577033466855e-01 3.765928190828257138e-01 3.723720926056891534e-01 3.682209958583929632e-01 3.641377110584881338e-01 3.601867122760301076e-01 3.563188173917173351e-01 3.525122956859181866e-01 3.487655974413372828e-01 3.451018110100251834e-01 3.415495051075581601e-01 3.380514654785700679e-01 3.346063665411239674e-01 3.312129258532864329e-01 3.279156251729676286e-01 3.246945544537264694e-01 3.215204750448032445e-01 3.183922853709708067e-01 3.153089184316403282e-01 3.123166279037945525e-01 3.093867548348267493e-01 3.064977640896829336e-01 3.036487353022460089e-01 3.008387759993164656e-01 2.980998297859975277e-01 2.954270992154635067e-01 2.927900936026245349e-01 2.901880398562963759e-01 2.876201875599872504e-01 2.850911783874038874e-01 2.826464665393362274e-01 2.802331028687264913e-01 2.778504347964478316e-01 2.754978281594797629e-01 2.731746665617516556e-01 2.709005831117370366e-01 2.686864703179884795e-01 2.664994192777159210e-01 2.643388914646069843e-01 2.622043629406851095e-01 2.600953238688008540e-01
1.000000000000000000e+00 9.793632146283908213e-01 9.590974637156861604e-01 9.392060239291517565e-01 9.197224319632578693e-01 9.006638852911563742e-01 8.820392735181932231e-01 8.638742195652244771e-01 8.461524628454751840e-01 8.289004829884449865e-01 8.121095897053804968e-01 7.957625082482052692e-01 7.798999814065979974e-01 7.644458875122500663e-01 7.494907847121615729e-01 7.349091781953939195e-01 7.208253828869172208e-01 7.070865454448371779e-01 6.938295920634032221e-01 6.809010304986926609e-01 6.684171275133640178e-01 6.562622500107256895e-01 6.444942767471042444e-01 6.330745380625718566e-01 6.219638288557530759e-01 6.112398335714477327e-01 6.007682242540117734e-01 5.906604884486531537e-01 5.808261127120268874e-01 5.712414035828472514e-01 5.620065379849954468e-01 5.529802186232444239e-01 5.442196085226840285e-01 5.357398954007305258e-01 5.274463739919167393e-01 5.194137039706193670e-01 5.116181273352828907e-01 5.039887309852315589e-01 4.965956578858628512e-01 4.894197699174484550e-01 4.823922518324190167e-01 4.755587016630996033e-01 4.689443458133499831e-01 4.624625658641680626e-01 4.561167494879653783e-01 4.500116214948985949e-01 4.440250926969685485e-01 4.381536515251363006e-01 4.324603579103950546e-01 4.269237425402014896e-01 4.214902915425980390e-01 4.161570381400333529e-01 4.110194444500221977e-01 4.059846843251567194e-01 4.010399430568762358e-01 3.961886028534776782e-01 3.915172425970266934e-01 3.869268907341050778e-01 3.824153433932627744e-01 3.779819005376907626e-01 3.737152634972396026e-01 3.695197120572831229e-01 3.653933750321620155e-01 3.613344454818121498e-01 3.574078809697547876e-01 3.535641703400008162e-01 3.497814491491251232e-01 3.460581773695365904e-01 3.424175816700529840e-01 3.388883972559742497e-01 3.354131259033912293e-01 3.319904506584044346e-01 3.286190974263248910e-01 3.253437195075327137e-01 3.221443477898788266e-01 3.189916508218071378e-01 3.158845344489402684e-01 3.128219388586246930e-01 3.098502239513208911e-01 3.069406794687791207e-01 3.040717336527720138e-01 3.012424725230364864e-01 2.984520097986954057e-01 2.957323209729467717e-01 2.930786113035347418e-01 2.904603723496224088e-01 2.878768365218486447e-01 2.853272587441770258e-01 2.828162839880328794e-01 2.803893552653513588e-01 2.779935466897482388e-01 2.756282104290351254e-01 2.732927169331688666e-01 2.709864542898174355e-01 2.687290323399714742e-01 2.665313321614424247e-01 2.643604931349801124e-01 2.622159807262208209e-01 2.600972748809977642e-01 2.580038695414452743e-01
1.000000000000000000e+00 9.790237704715234468e-01 9.584398671327303276e-01 9.382594255894225466e-01 9.185143902264343296e-01 8.992148313524723768e-01 8.803718272592406802e-01 8.620142416945882902e-01 8.441143135358004645e-01 8.267067433145945943e-01 8.097762965328870743e-01 7.933028975978859698e-01 7.773333054607375336e-01 7.617789354441293348e-01 7.467434278864772956e-01 7.320844700891508960e-01 7.179415734613848743e-01 7.041450822831816225e-01 6.908459088856354624e-01 6.778766113436680563e-01 6.653634606696375853e-01 6.531821719577773910e-01 6.413948274752740986e-01 6.299606826823120898e-01 6.188380341516651617e-01 6.081095446982531794e-01 5.976335469806135503e-01 5.875274198896838218e-01 5.776965494512871224e-01 5.681162633535946638e-01 5.588912675091172177e-01 5.498745950171590735e-01 5.411257144549384002e-01 5.326605975308613683e-01 5.243813518266420282e-01 5.163651151975414688e-01 5.085875843766266557e-01 5.009758491537916747e-01 4.936020307457894551e-01 4.864466333648867491e-01 4.794391822004869796e-01 4.726263981501180322e-01 4.660341756140923275e-01 4.595740853460166808e-01 4.532496661381310021e-01 4.471676788701629546e-01 4.412038412618960459e-01 4.353546550544553084e-01 4.296842270078913284e-01 4.241708168023083925e-01 4.187601385848914171e-01 4.134492380125021072e-01 4.083348537307306958e-01 4.033230127311902002e-01 3.984007808063573242e-01 3.935716134595895754e-01 3.889230352806306579e-01 3.843550704198059886e-01 3.798655257538774976e-01 3.754537235899786940e-01 3.712091370684917901e-01 3.670352687681404102e-01 3.629302571737889060e-01 3.588923046838677355e-01 3.549868148868202122e-01 3.511639720100616091e-01 3.474017874565827890e-01 3.436987295597016545e-01 3.400781543949943919e-01 3.365689531056479944e-01 3.331133596085606441e-01 3.297100644067550435e-01 3.263578006197850323e-01 3.231013869118930515e-01 3.199207961232953257e-01 3.167866060944974360e-01 3.136977290940193286e-01 3.106531115305118940e-01 3.076992218298767456e-01 3.048072956265721611e-01 3.019557222510986794e-01 2.991435932576537726e-01 2.963700277320919785e-01 2.936670397950606470e-01 2.910298357224968546e-01 2.884278817439621112e-01 2.858604150443629921e-01 2.833266951819021218e-01 2.808313715956731182e-01 2.784198913935164721e-01 2.760393332443507597e-01 2.736890534397380947e-01 2.713684264370117005e-01 2.690768442189437337e-01 2.668339021305460301e-01 2.646504745619809862e-01 2.624937337000552984e-01 2.603631484818528796e-01 2.582582022306147973e-01 2.561783921749867798e-01
1.000000000000000000e+00 9.787472382627893097e-01 9.579037596387081077e-01 9.374869805077179485e-01 9.175277004331000574e-01 8.980303555271251792e-01 8.790078089214005130e-01 8.604916104866663362e-01 8.424447472625047340e-01 8.249085973376432124e-01 8.078626561887359836e-01 7.912845709087933388e-01 7.752260256770899804e-01 7.595882770984532240e-01 7.444856717752064146e-01 7.297621463474132097e-01 7.155697089876993378e-01 7.017248904908944818e-01 6.883901260966331925e-01 6.753864799434642352e-01 6.628484650436978765e-01 6.506446676891005643e-01 6.388406309605328959e-01 6.273939009083990825e-01 6.162607191710547383e-01 6.055278557979010268e-01 5.950475870993904293e-01 5.849421740151709015e-01 5.751136037486890284e-01 5.655363944565968692e-01 5.563190148175727323e-01 5.473097865382043903e-01 5.385700914505074932e-01 5.301165515977763754e-01 5.218486287635266674e-01 5.138455330909563745e-01 5.060825048384104408e-01 4.984849630290143496e-01 4.911266831085844276e-01 4.839878697549954145e-01 4.769966597237325079e-01 4.702007145040066893e-01 4.636264879197304345e-01 4.571840328986636615e-01 4.508770146881568297e-01 4.448139022861059000e-01 4.388685728775847950e-01 4.330375390602305696e-01 4.273857903915684875e-01 4.218913575705971475e-01 4.164993031300648352e-01 4.112066828958035325e-01 4.061113169573940529e-01 4.011182600516216001e-01 3.962144763708636552e-01 3.914034834994294942e-01 3.867736114710186301e-01 3.822240283680336526e-01 3.777525498924928504e-01 3.733585171601925823e-01 3.691320664490428949e-01 3.649760318018599459e-01 3.608885596571886900e-01 3.568678600940572432e-01 3.529797213579839998e-01 3.491740643651448095e-01 3.454287930014317554e-01 3.417423824858881187e-01 3.381383017906676169e-01 3.346455782020178460e-01 3.312062106864799849e-01 3.278188958959115107e-01 3.244823728985922751e-01 3.212416084758621948e-01 3.180765227905724690e-01 3.149576116654163593e-01 3.118837926715103404e-01 3.088540173536713507e-01 3.059148540955623496e-01 3.030374878016494078e-01 3.002002711721824535e-01 2.974023003350886318e-01 2.946426988113390322e-01 2.919535194965348079e-01 2.893299686814156946e-01 2.867414854645476963e-01 2.841873109800619468e-01 2.816667086195549508e-01 2.791843326289069616e-01 2.767856430555026837e-01 2.744177115227537933e-01 2.720798977364887739e-01 2.697715794719549032e-01 2.674921519368823053e-01 2.652612020382223434e-01 2.630896006504210849e-01 2.609445414250475825e-01 2.588254961756015771e-01 2.567319510238199043e-01 2.546634059215278079e-01
1.000000000000000000e+00 9.785185134107002858e-01 9.574599378876055278e-01 9.368467538020193164e-01 9.167089897963462963e-01 8.970465965607521408e-01 8.778739195495117720e-01 8.592247824265565326e-01 8.410546236287290700e-01 8.234103243197046229e-01 8.062670885720574221e-01 7.896006817236408404e-01 7.734668977421548242e-01 7.577585687826873251e-01 7.425989692813828036e-01 7.278205839905113050e-01 7.135858208741900910e-01 6.996997133159568172e-01 6.863343180490409923e-01 6.733011007070859311e-01 6.607414978102552627e-01 6.485181079315780472e-01 6.366993901755761964e-01 6.252414512524508972e-01 6.140988082693097372e-01 6.033617013286747266e-01 5.928772889337524665e-01 5.827719574981051753e-01 5.729448214562752328e-01 5.633697137392437160e-01 5.541582794193585793e-01 5.451548621990345289e-01 5.364224682378304632e-01 5.279782714711193092e-01 5.197194865738274938e-01 5.117270779604973230e-01 5.039758990901902491e-01 4.963899540667450205e-01 4.890444256135905166e-01 4.819192632165427703e-01 4.749414218923159181e-01 4.681593672268844486e-01 4.616000311615233720e-01 4.551721681988717960e-01 4.488795518630745995e-01 4.428321180308190108e-01 4.369021626176830542e-01 4.310862072393585875e-01 4.254500011585398700e-01 4.199713776337354876e-01 4.145948379129889561e-01 4.093174462934926483e-01 4.042379548672850875e-01 3.992605799395093635e-01 3.943721978512493287e-01 3.895763796017555070e-01 3.849621516181426784e-01 3.804279412687539552e-01 3.759715716362126425e-01 3.715923999398383359e-01 3.673811408221352437e-01 3.632400446642485847e-01 3.591672645671818431e-01 3.551610170436715341e-01 3.512874311942068561e-01 3.474961940026742302e-01 3.437651136364698323e-01 3.400926710920988971e-01 3.365024356062800703e-01 3.330235554582015589e-01 3.295978199059713121e-01 3.262239307672785138e-01 3.229006321081170916e-01 3.196730235761042760e-01 3.165209776294748423e-01 3.134149160098363418e-01 3.103537607477705462e-01 3.073364677075924312e-01 3.044096991876306668e-01 3.015445916672869209e-01 2.987194627571697070e-01 2.959334124360761820e-01 2.931855679591414132e-01 2.905080208691701027e-01 2.878959767455461782e-01 2.853188464163925464e-01 2.827758743441674549e-01 2.802663271511751653e-01 2.777948639781463447e-01 2.754069630306776872e-01 2.730496817829139999e-01 2.707223828205456151e-01 2.684244467174103921e-01 2.661552714014226995e-01 2.639344400284583392e-01 2.617728224167589213e-01 2.596376249418667070e-01 2.575283218455795553e-01 2.554444016121517058e-01 2.533853664923425009e-01
1.000000000000000000e+00 9.783326920942626570e-01 9.570990246848434246e-01 9.363254976343288183e-01 9.160416610788937319e-01 8.962439594754246786e-01 8.769479425953892182e-01 8.581893248274649055e-01 8.399175074661294760e-01 8.221838327818286052e-01 8.049600685674631606e-01 7.882204525794013206e-01 7.720241593037707739e-01 7.562571485077500544e-01 7.410500076319317397e-01 7.262258497310708494e-01 7.119556217061101533e-01 6.980349178899768470e-01 6.846437365108751782e-01 6.715856200184989744e-01 6.590077115686510112e-01 6.467676734468275068e-01 6.349363697781552629e-01 6.234687199054157469e-01 6.123178227899486181e-01 6.015767903099292768e-01 5.910885447619979027e-01 5.809828890590288397e-01 5.711565580610619142e-01 5.615828203744495095e-01 5.523759673093990852e-01 5.433770278877800841e-01 5.346503611111840248e-01 5.262136003993176381e-01 5.179620882810886950e-01 5.099782597290912767e-01 5.022366436335735651e-01 4.946600575328209404e-01 4.873248628636456248e-01 4.802107950899203725e-01 4.732438189946920337e-01 4.664730713031863263e-01 4.599258829462904985e-01 4.535099242075643633e-01 4.472290592292159084e-01 4.411944541470597114e-01 4.352770782706671393e-01 4.294734605946156081e-01 4.238499893098138793e-01 4.183843313780494788e-01 4.130205156609995654e-01 4.077556134034280300e-01 4.026891680846025889e-01 3.977246836306421174e-01 3.928489615413219282e-01 3.880656181660589454e-01 3.834642741683161327e-01 3.789427243771575360e-01 3.744987979536603673e-01 3.701318656387502237e-01 3.659331348912992499e-01 3.618043583709522060e-01 3.577436946731821221e-01 3.537493656165466294e-01 3.498877906922720493e-01 3.461084573010307919e-01 3.423890918535473227e-01 3.387281801157234207e-01 3.351493782982259417e-01 3.316819396943810894e-01 3.282674709013333469e-01 3.249046780063100104e-01 3.215923092058938781e-01 3.183755814107545046e-01 3.152343246032592861e-01 3.121388947229866151e-01 3.090882174903001323e-01 3.060812523434872645e-01 3.031647452050507674e-01 3.003097890255523317e-01 2.974946698083680841e-01 2.947184907211533034e-01 2.919803821112590403e-01 2.893124717276862046e-01 2.867099640537681404e-01 2.841422427057060385e-01 2.816085549043900738e-01 2.791081699496517632e-01 2.766457516978799158e-01 2.742667990677743473e-01 2.719183513944273267e-01 2.695997736521481558e-01 2.673104487359856396e-01 2.650497768300332235e-01 2.628373399778600183e-01 2.606840082553893434e-01 2.585569953963434697e-01 2.564557776578509363e-01 2.543798454849024449e-01 2.523287030362245664e-01
1.000000000000000000e+00 9.781840378175404860e-01 9.568100110320577611e-01 9.359075460514167943e-01 9.155059420959447136e-01 8.955989641457581252e-01 8.762031326508571416e-01 8.573557192354862577e-01 8.390013611997180210e-01 8.211949650002803303e-01 8.039055927333171869e-01 7.871062581330677821e-01 7.708588684480519593e-01 7.550438585805896441e-01 7.397977239989016462e-01 7.249360152267410040e-01 7.106365938852760022e-01 6.966874117917279952e-01 6.832748744956225195e-01 6.701961311725725956e-01 6.576029639559809459e-01 6.453490232057463860e-01 6.335071406414815032e-01 6.220312661018881917e-01 6.108733404517299181e-01 6.001288191886094969e-01 5.896371669650257719e-01 5.795309866366065155e-01 5.697050625876284302e-01 5.601321997737340741e-01 5.509288538696759385e-01 5.419333424086306694e-01 5.332111332116591385e-01 5.247802361909889024e-01 5.165344590130547253e-01 5.085574439387279266e-01 5.008234531978965620e-01 4.932543299002095649e-01 4.859274043129884757e-01 4.788222358075174823e-01 4.718639749777552295e-01 4.651023132613654743e-01 4.585649112993430698e-01 4.521585428003175866e-01 4.458871467549585521e-01 4.398629075203102645e-01 4.339556961228100973e-01 4.281620475193003150e-01 4.225488803007913519e-01 4.170937231847628990e-01 4.117402126205764734e-01 4.064854254798243027e-01 4.014295612027036775e-01 3.964755330034181457e-01 3.916100802164519945e-01 3.868368568070541524e-01 3.822459779916438927e-01 3.777347119008592213e-01 3.733008926330794175e-01 3.689439021213204994e-01 3.647553614179194215e-01 3.606366051673027817e-01 3.565857964339114727e-01 3.526011613518328924e-01 3.487493648712415850e-01 3.449797254156127813e-01 3.412699000868311683e-01 3.376183785347875999e-01 3.340488903991505887e-01 3.305907776679603005e-01 3.271854922822588496e-01 3.238317438093251122e-01 3.205282838125381728e-01 3.173204292094946033e-01 3.141879735494881865e-01 3.111012164191965246e-01 3.080590865488910257e-01 3.050605462922965638e-01 3.021524146811305767e-01 2.993057462955910908e-01 2.964987992276711948e-01 2.937306792484851714e-01 2.910005192299420784e-01 2.883404796382900148e-01 2.857457636811228663e-01 2.831857299021079410e-01 2.806596277759009217e-01 2.781667287899958763e-01 2.757117010784421729e-01 2.733400641345711257e-01 2.709988383394990596e-01 2.686873906203477991e-01 2.664051057698694214e-01 2.641513858166939510e-01 2.619458134589450760e-01 2.597992598702176803e-01 2.576789422999107293e-01 2.555843386537601236e-01 2.535149409807048171e-01 2.514702550002518300e-01
1.000000000000000000e+00 9.780621030698639640e-01 9.565726602439135196e-01 9.355637798191103194e-01 9.150646714957647587e-01 8.950670236999801466e-01 8.755881544756117796e-01 8.566666550415634740e-01 8.382433300321419090e-01 8.203759950897115960e-01 8.030315444443513195e-01 7.861819885176756229e-01 7.698915166139387312e-01 7.540360030749587716e-01 7.387568339470074186e-01 7.238633034240532504e-01 7.095390326148449667e-01 6.955656096976861047e-01 6.821348197360795895e-01 6.690384437606582413e-01 6.564321455824897455e-01 6.441662176037655785e-01 6.323151450926846051e-01 6.208320639634551386e-01 6.096679441290334678e-01 5.989202107989525237e-01 5.884254221034275201e-01 5.783185404312276567e-01 5.684927061555609118e-01 5.589203348101926538e-01 5.497197128608271033e-01 5.407268638408015970e-01 5.320081963373688438e-01 5.235820395810334427e-01 5.153408985839673662e-01 5.073694363600491641e-01 4.996416895011561166e-01 4.920786769829917362e-01 4.847585550090365292e-01 4.776607326336152481e-01 4.707096660440648894e-01 4.639555201406863616e-01 4.574262369220735702e-01 4.510278244371245249e-01 4.447642855364924985e-01 4.387486752324253891e-01 4.328499251385176105e-01 4.270645751748300412e-01 4.214599982679853585e-01 4.160136045449883135e-01 4.106686940845522549e-01 4.054223484541051303e-01 4.003753329237346725e-01 3.954300508753262888e-01 3.905731878626708120e-01 3.858084302506444851e-01 3.812263210621420484e-01 3.767236725197808389e-01 3.722983228593067517e-01 3.679496635908423574e-01 3.637696749698449139e-01 3.596593283170691491e-01 3.556167904475758812e-01 3.516402911172980539e-01 3.477967099510680948e-01 3.440352173396728497e-01 3.403334095864295472e-01 3.366897796053572312e-01 3.331281218668075139e-01 3.296778567081725120e-01 3.262802990127496860e-01 3.229341612762259839e-01 3.196381978950854630e-01 3.164378156821219812e-01 3.133127751797210592e-01 3.102333250293504152e-01 3.071983964971940484e-01 3.042069543932959252e-01 3.013058844172016859e-01 2.984662058549256702e-01 2.956661510769592605e-01 2.929048280501423407e-01 2.901813717755645228e-01 2.875279728952858105e-01 2.849398332294392211e-01 2.823862878399818754e-01 2.798665881037711856e-01 2.773800073547116884e-01 2.749312178626702186e-01 2.725657610026459565e-01 2.702306360451220413e-01 2.679252115669009116e-01 2.656488739638605545e-01 2.634010268228428875e-01 2.612012552585365466e-01 2.590604324288010574e-01 2.569457755739055216e-01 2.548567639934469775e-01 2.527928910924656658e-01 2.507536639100736431e-01
1.000000000000000000e+00 9.779655559132793829e-01 9.563845118076484964e-01 9.352908836595901221e-01 9.147139192552947717e-01 8.946437404802298765e-01 8.750982960401462174e-01 8.561172557882943401e-01 8.376384431006362874e-01 8.197219806494350225e-01 8.023330635277025058e-01 7.854429074407057731e-01 7.691175162862459169e-01 7.532291468508593990e-01 7.379231214061837685e-01 7.230037160941599206e-01 7.086591674830461374e-01 6.946659634331765476e-01 6.812202080069966748e-01 6.681093719539763498e-01 6.554922545402045442e-01 6.432164361940019282e-01 6.313577321523126118e-01 6.198686225584532083e-01 6.086992990916327839e-01 5.979487828160094942e-01 5.874512766707189471e-01 5.773436548460635365e-01 5.675177254434100593e-01 5.579455891985669602e-01 5.487470199178933195e-01 5.397561772121949319e-01 5.310402339123690973e-01 5.226177785794584585e-01 5.143802577325053971e-01 5.064131702348226849e-01 4.986903677652321232e-01 4.911321942355686421e-01 4.838174776688977108e-01 4.767255047482901742e-01 4.697801666692284495e-01 4.630320161277149960e-01 4.565092255321889225e-01 4.501171755343959524e-01 4.438599214580094543e-01 4.378512352055257684e-01 4.319592746554651308e-01 4.261805837104890582e-01 4.205829090503795387e-01 4.151435631256135683e-01 4.098055691409968615e-01 4.045660124404977243e-01 3.995261262852922157e-01 3.945878921866103894e-01 3.897379511100562133e-01 3.849800162341985854e-01 3.804049859726545413e-01 3.759092935980404837e-01 3.714907806858241401e-01 3.671488466213699842e-01 3.629757708066839172e-01 3.588722217873133169e-01 3.548363694100143406e-01 3.508664463583249238e-01 3.470295125876697306e-01 3.432746139520796991e-01 3.395792955458277196e-01 3.359420529248861587e-01 3.323867354442533451e-01 3.289428298004707929e-01 3.255515344697163527e-01 3.222115643207996705e-01 3.189216760460964473e-01 3.157273532311436481e-01 3.126083280648015439e-01 3.095348054944147553e-01 3.065057188433544244e-01 3.035200349142835874e-01 3.006246972462944811e-01 2.977906942965315440e-01 2.949962359357603536e-01 2.922404319137109630e-01 2.895224189603300968e-01 2.868744153122989582e-01 2.842916212901305251e-01 2.817433500919960254e-01 2.792288546409881222e-01 2.767474097718954362e-01 2.743036915004091747e-01 2.719432622888215967e-01 2.696131005109440593e-01 2.673125760856343014e-01 2.650410767129521838e-01 2.627980072473828921e-01 2.606029560403063106e-01 2.584667985845612304e-01 2.563567500816286149e-01 2.542722909658381991e-01 2.522129157462242310e-01 2.501781325361801533e-01
1.000000000000000000e+00 9.778875502499551065e-01 9.562322916773651205e-01 9.350697133871201938e-01 9.144291737900527295e-01 8.942996403747279777e-01 8.746995884060381199e-01 8.556695822440592014e-01 8.371450796376213033e-01 8.191880665846588139e-01 8.017623939652446241e-01 7.848386331336185684e-01 7.684842871454206081e-01 7.525686584905080245e-01 7.372402665373704034e-01 7.222993058838275138e-01 7.079377781781129864e-01 6.939280109067877955e-01 6.804696520107044178e-01 6.673466350874722730e-01 6.547203424913258241e-01 6.424361204880539855e-01 6.305708984880370460e-01 6.190766102263478565e-01 6.079027960079530502e-01 5.971497992838212809e-01 5.866498710666234739e-01 5.765414691131262037e-01 5.667152977763083577e-01 5.571431975047946850e-01 5.479461768118761844e-01 5.389568477229692567e-01 5.302430202819681249e-01 5.218234992021524299e-01 5.135888481799814054e-01 5.056252619756114175e-01 4.979064381950408236e-01 4.903521585396738436e-01 4.830418177370784938e-01 4.759545990986601138e-01 4.690139170014382408e-01 4.622706494743053507e-01 4.557531621868002314e-01 4.493663091993246872e-01 4.431141897454650147e-01 4.371111767065199438e-01 4.312247791612423553e-01 4.254515442754324694e-01 4.198595366022534470e-01 4.144259853713476160e-01 4.090936781074131501e-01 4.038597032594863911e-01 3.988256920323127730e-01 3.938932670183590834e-01 3.890490311631607523e-01 3.842967204362480182e-01 3.797275366035500754e-01 3.752375892719366779e-01 3.708247227751253483e-01 3.664883431851223006e-01 3.623209885808721942e-01 3.582230654519758528e-01 3.541927461542960232e-01 3.502282657943289190e-01 3.463968419515892627e-01 3.426474114034317453e-01 3.389574743206447138e-01 3.353255284500537559e-01 3.317754711042715243e-01 3.283368469926392086e-01 3.249507525114937456e-01 3.216159045005063111e-01 3.183310615587741643e-01 3.151417758363293520e-01 3.120277540084324674e-01 3.089591617841693227e-01 3.059349341980047710e-01 3.029540397099902971e-01 3.000634754980121000e-01 2.972342011425532227e-01 2.944444053950968088e-01 2.916931994907744907e-01 2.889797215999174163e-01 2.863362161281464702e-01 2.837578817631419281e-01 2.812140106123233729e-01 2.787038568887453827e-01 2.762266966793245904e-01 2.737872096500017505e-01 2.714309803703663926e-01 2.691049646693365327e-01 2.668085335868787267e-01 2.645410759125232936e-01 2.623019975597030151e-01 2.601108916757763900e-01 2.579786368907485694e-01 2.558724433585637392e-01 2.537917924627763888e-01 2.517361796359315895e-01 2.497051138900794331e-01
1.000000000000000000e+00 9.778253394114356789e-01 9.561107490827212008e-01 9.348928532277414050e-01 9.142011596286007125e-01 8.940237672661432988e-01 8.743795657244974873e-01 8.553098634153382118e-01 8.367482737418687755e-01 8.187582677657678776e-01 8.013026487996554037e-01 7.843514731149853203e-01 7.679734433923698367e-01 7.520354996966081007e-01 7.366887402239759020e-01 7.217300741494105942e-01 7.073545824587039732e-01 6.933311932257093524e-01 6.798624372528189186e-01 6.667293705576587959e-01 6.540954673666107277e-01 6.418042640587309222e-01 6.299335862488241178e-01 6.184349269258179183e-01 6.072573049310684423e-01 5.965021391051633648e-01 5.860000928353427119e-01 5.758909219507505339e-01 5.660644258809119922e-01 5.564922310779152337e-01 5.472963557654185740e-01 5.383081461913946653e-01 5.295959341712428436e-01 5.211787013559946447e-01 5.129462883542503793e-01 5.049854611376831670e-01 4.972697907461901545e-01 4.897185972583054658e-01 4.824117394313956475e-01 4.753283158539889364e-01 4.683913503504499309e-01 4.616519903202316311e-01 4.551387614164976725e-01 4.487560814591964875e-01 4.425080861530887311e-01 4.365096487642482481e-01 4.306277379817627371e-01 4.248589036032711097e-01 4.192714721138202094e-01 4.138426040999648725e-01 4.085148927901744997e-01 4.032854291429722737e-01 3.982561773473181632e-01 3.933284595051955712e-01 3.884888466600777690e-01 3.837410939014925249e-01 3.791766586580552767e-01 3.746913775680423830e-01 3.702830972054780845e-01 3.659512292253892518e-01 3.617885314799206831e-01 3.576951876227978944e-01 3.536693720522054440e-01 3.497093218468405040e-01 3.458823881043021076e-01 3.421374150763749067e-01 3.384518647848576145e-01 3.348242367625333116e-01 3.312784702486337718e-01 3.278441607015634696e-01 3.244623148741753171e-01 3.211316512161676573e-01 3.178509298842678299e-01 3.146657640748114493e-01 3.115558375604471908e-01 3.084912809043196535e-01 3.054710305414515825e-01 3.024940562884935735e-01 2.996074031859417564e-01 2.967820048631079621e-01 2.939960310636057783e-01 2.912485942401514816e-01 2.885388337437607142e-01 2.858990190917562457e-01 2.833243471917690215e-01 2.807840895517598190e-01 2.782775014441567496e-01 2.758038599841783900e-01 2.733678483881903931e-01 2.710150741319883871e-01 2.686924691511388685e-01 2.663994054078748785e-01 2.641352725879666519e-01 2.618994774759774158e-01 2.597116190684601866e-01 2.575825796559688685e-01 2.554795621967784203e-01 2.534020488565005835e-01 2.513495358285520176e-01 2.493215328653771157e-01
1.000000000000000000e+00 9.777752135973891701e-01 9.560126921550657908e-01 9.347499368819937038e-01 9.140166490907171148e-01 8.938002756979046559e-01 8.741200441161351975e-01 8.550178695530388229e-01 8.364259045341958521e-01 8.184088069960326894e-01 8.009285573286480941e-01 7.839547979334857697e-01 7.675572342786535218e-01 7.516008785655726721e-01 7.362389400203298573e-01 7.212656401194526001e-01 7.068785541451066967e-01 6.928438546101168827e-01 6.793664237673462392e-01 6.662249702358749026e-01 6.535846949834418496e-01 6.412876410661840776e-01 6.294123683504351252e-01 6.179100077592177831e-01 6.067291496844187115e-01 5.959720958837493310e-01 5.854682060720759473e-01 5.753583024397342927e-01 5.655314408965438355e-01 5.559590727786878350e-01 5.467640492502860994e-01 5.377766722249535114e-01 5.290657033005499166e-01 5.206502698303885346e-01 5.124196166649481743e-01 5.044609814339557907e-01 4.967478305956884443e-01 4.891991029510742717e-01 4.818950416555470295e-01 4.748146750430341512e-01 4.678807032980615288e-01 4.611444955298312220e-01 4.546347090527817492e-01 4.482554025233345674e-01 4.420107417673255212e-01 4.360160139313710714e-01 4.301377406394024105e-01 4.243724738227322990e-01 4.187887608252099936e-01 4.133637042521731142e-01 4.080397333641987423e-01 4.028139411621584065e-01 3.977885699211035631e-01 3.928646906967366847e-01 3.880288478369129934e-01 3.832848124877186735e-01 3.787242575837705405e-01 3.742427895423397488e-01 3.698382567681313127e-01 3.655100755932759182e-01 3.613511907696333458e-01 3.572615963079958656e-01 3.532394682787515783e-01 3.492830453753871245e-01 3.454597945024224237e-01 3.417184795038630263e-01 3.380365291985412135e-01 3.344124445848722371e-01 3.308702012532412362e-01 3.274394386827649828e-01 3.240610856471097811e-01 3.207338619195672091e-01 3.174565289373825205e-01 3.142747545330199510e-01 3.111682018300654384e-01 3.081069697657454753e-01 3.050899959288941310e-01 3.021162512537586831e-01 2.992328250452787608e-01 2.964106267262417993e-01 2.936278082789121058e-01 2.908834831612288063e-01 2.881767916989656508e-01 2.855400274556145201e-01 2.829683854694301504e-01 2.804311172439892808e-01 2.779274789281269142e-01 2.754567484877634143e-01 2.730236126880646874e-01 2.706737032118352038e-01 2.683539262763094402e-01 2.660636546084305110e-01 2.638022786370980977e-01 2.615692058691852506e-01 2.593840424382221621e-01 2.572576749670903995e-01 2.551572967917460910e-01 2.530823907276822937e-01 2.510324536005922869e-01 2.490069957781803067e-01
1.000000000000000000e+00 9.777351968081007261e-01 9.559343125169968980e-01 9.346355249726794323e-01 9.138687330177732715e-01 8.936208972894654767e-01 8.739115120659468605e-01 8.547830133799483310e-01 8.361664022797230533e-01 8.181272858709150997e-01 8.006270022608243941e-01 7.836348608496243040e-01 7.672213699453260816e-01 7.512499936993948246e-01 7.358756520305601567e-01 7.208903930592803766e-01 7.064938095062113232e-01 6.924498450190327281e-01 6.789652893702445846e-01 6.658169468307406635e-01 6.531714128663761443e-01 6.408695241627531125e-01 6.289904476522235610e-01 6.174850172040995400e-01 6.063014691913780618e-01 5.955428237790834078e-01 5.850373798138802650e-01 5.749268232291384617e-01 5.650996076146485025e-01 5.555270432571506323e-01 5.463326598124066402e-01 5.373459084160505661e-01 5.286359008681775773e-01 5.202218832213658661e-01 5.119926147915991876e-01 5.040357162340431962e-01 4.963245690407209754e-01 4.887778023288442686e-01 4.814759701420218696e-01 4.743980439685453465e-01 4.674664622036754924e-01 4.607327762330025722e-01 4.542257515976514948e-01 4.478491515524864464e-01 4.416071663759957855e-01 4.356154194802413504e-01 4.297400692202506534e-01 4.239776692419239268e-01 4.183969458144765063e-01 4.129749545539869726e-01 4.076539918622488212e-01 4.024311523826715198e-01 3.974089077418981319e-01 3.924881218692266027e-01 3.876553170536008452e-01 3.829142775653445185e-01 3.783568528002049791e-01 3.738784606162808277e-01 3.694769508950255799e-01 3.651517437929426291e-01 3.609959381049593352e-01 3.569093714781075288e-01 3.528902213331677751e-01 3.489367276676547669e-01 3.451164547140644911e-01 3.413780986527344963e-01 3.376990603341978314e-01 3.340778419424027534e-01 3.305384498012382544e-01 3.271105606208034589e-01 3.237350370802735133e-01 3.204106000251770725e-01 3.171360119301013802e-01 3.139569871230568632e-01 3.108531710853846275e-01 3.077946357618937534e-01 3.047803196773312129e-01 3.018091946724828500e-01 2.989283900315717335e-01 2.961087931593821554e-01 2.933285398593093452e-01 2.905867444064896277e-01 2.878825479191272629e-01 2.852482656436067798e-01 2.826790908409892999e-01 2.801442568215942730e-01 2.776430204478931851e-01 2.751746603785119594e-01 2.727438667440199027e-01 2.703962950274420018e-01 2.680788258748225128e-01 2.657908326371344332e-01 2.635317063496968037e-01 2.613008551088124021e-01 2.591178928263866421e-01 2.569937107690770661e-01 2.548954912965714636e-01 2.528227177559089212e-01 2.507748874899296543e-01 2.487515113695664970e-01
1.000000000000000000e+00 9.777026383016981237e-01 9.558704581523166377e-01 9.345421662852717581e-01 9.137478478919460745e-01 8.934741178110817694e-01 8.737406982140414335e-01 8.545904371426379376e-01 8.359534275837472439e-01 8.178960535827414224e-01 8.003791386450469503e-01 7.833717204167630621e-01 7.669449693327266004e-01 7.509610809606854787e-01 7.355763830095641831e-01 7.205811368473182821e-01 7.061766177151492796e-01 6.921249120169634672e-01 6.786344000007566990e-01 6.654802980854952477e-01 6.528303590792630118e-01 6.405244182054505853e-01 6.286421396386014937e-01 6.171341127714744523e-01 6.059482867546033269e-01 5.951882825228195228e-01 5.846815117175304666e-01 5.745703860389618223e-01 5.647428529467320990e-01 5.551701021450873297e-01 5.459762241128561788e-01 5.369899667155413336e-01 5.282807302667423821e-01 5.198678585993937729e-01 5.116397109864608828e-01 5.036842292964710532e-01 4.959747237329272251e-01 4.884295636557902665e-01 4.811295619443288762e-01 4.740536427386419227e-01 4.671240264451534396e-01 4.603924122199976043e-01 4.538876533498917287e-01 4.475132736557433932e-01 4.412734839116557728e-01 4.352841897874860089e-01 4.294112446511459402e-01 4.236512035593296699e-01 4.180729395343172894e-01 4.126534696573672112e-01 4.073349813679473796e-01 4.021145706605425141e-01 3.970948956783380002e-01 3.921766519361079562e-01 3.873463437989715374e-01 3.826077664588400928e-01 3.780529163829692285e-01 3.735770542393399563e-01 3.691780311241021906e-01 3.648552703309351775e-01 3.607019968183144965e-01 3.566179201787495479e-01 3.526012189435374644e-01 3.486501341825804512e-01 3.448323103810710388e-01 3.410963879219841011e-01 3.374197445909117854e-01 3.338008835468536106e-01 3.302638366854603880e-01 3.268383116976009695e-01 3.234651162334096774e-01 3.201429720206395713e-01 3.168706423873910993e-01 3.136938813721970587e-01 3.105923193454087072e-01 3.075360051496600078e-01 3.045238780805480938e-01 3.015549107255143801e-01 2.986762659658085406e-01 2.958588126803168294e-01 2.930806730561563711e-01 2.903409620418316295e-01 2.876388214085086048e-01 2.850065862846964948e-01 2.824394482239332427e-01 2.799066237223553077e-01 2.774073702315644208e-01 2.749409669820381263e-01 2.725121071070814582e-01 2.701664676672029253e-01 2.678509060139852016e-01 2.655647960141935826e-01 2.633075292043835502e-01 2.610785141680513344e-01 2.588973728532103502e-01 2.567750012762084477e-01 2.546785701556112946e-01 2.526075632788111203e-01 2.505614784170721587e-01 2.485398268582212078e-01
1.000000000000000000e+00 9.776765118018262424e-01 9.558191606408706908e-01 9.344670554252294536e-01 9.136504632415023419e-01 8.933557397371123532e-01 8.736027860702743064e-01 8.544348014356289989e-01 8.357811643426464876e-01 8.177088847982481035e-01 8.001783788653000773e-01 7.831584652547870506e-01 7.667208546350415821e-01 7.507267153918513181e-01 7.353335167367759384e-01 7.203300716296967554e-01 7.059190160674427839e-01 6.918609340375636574e-01 6.783655026198067706e-01 6.652066434579125831e-01 6.525530644205371766e-01 6.402437747263696188e-01 6.283588461992866137e-01 6.168486673772465290e-01 6.056609506536912990e-01 5.948998086426945386e-01 5.843919268354802465e-01 5.742803111222571921e-01 5.644524945599042054e-01 5.548795691693646503e-01 5.456860893772265131e-01 5.367002212267524275e-01 5.279916037620602243e-01 5.195796617154957442e-01 5.113524233113724282e-01 5.033980926816364887e-01 4.956899218193632772e-01 4.881460679913312561e-01 4.808475562345341792e-01 4.737732718712346913e-01 4.668452566178535879e-01 4.601153324259599220e-01 4.536124254899252528e-01 4.472398606103108465e-01 4.410018649486224795e-01 4.350145695206969476e-01 4.291435842536073797e-01 4.233854653536651691e-01 4.178092071422704890e-01 4.123917948299762881e-01 4.070753257663802804e-01 4.018568970485065783e-01 3.968393166805189165e-01 3.919231448914746729e-01 3.870948716620933316e-01 3.823583009367174101e-01 3.778055467992614269e-01 3.733317442473313430e-01 3.689347453659063136e-01 3.646139759838639693e-01 3.604627625780876810e-01 3.563807117223323773e-01 3.523660028513799225e-01 3.484168779075971223e-01 3.446010440365531724e-01 3.408670981124340971e-01 3.371923999539899741e-01 3.335754535121420727e-01 3.300403112761550184e-01 3.266167058848861715e-01 3.232454006928532353e-01 3.199251181441278291e-01 3.166546222598168869e-01 3.134796975951160136e-01 3.103799629573607000e-01 3.073254494913715829e-01 3.043150971176952768e-01 3.013478790291077014e-01 2.984709853802694490e-01 2.956552700099205899e-01 2.928788440507023028e-01 2.901408229970535158e-01 2.874403491495292062e-01 2.848097730432671559e-01 2.822442849334149684e-01 2.797130883287380354e-01 2.772154411580890487e-01 2.747506231151984335e-01 2.723233298367789823e-01 2.699792564726575250e-01 2.676652408136397931e-01 2.653806571445314622e-01 2.631248974081309422e-01 2.608973705827961620e-01 2.587177052602612215e-01 2.565968013804839076e-01 2.545018200183412072e-01 2.524322453182051840e-01 2.503875753986494757e-01 2.483673218854632048e-01
1.000000000000000000e+00 9.776553953956803600e-01 9.557776512048081763e-01 9.344061875899262182e-01 9.135714409332812425e-01 8.932595835552659125e-01 8.734906672404412209e-01 8.543081799489924411e-01 8.356409259212579377e-01 8.175564163751681823e-01 8.000147436107659660e-01 7.829845501356776927e-01 7.665379899777828854e-01 7.505353983155824693e-01 7.351351807295569696e-01 7.201249651608440105e-01 7.057085044513352612e-01 6.916451496638041929e-01 6.781456354832339217e-01 6.649828275319434878e-01 6.523262097920375924e-01 6.400141200364116711e-01 6.281269718821073100e-01 6.166149871800810089e-01 6.054256815175956818e-01 5.946635747273613104e-01 5.841547508466953254e-01 5.740427046930658417e-01 5.642146282987575701e-01 5.546415336852476008e-01 5.454483588568589392e-01 5.364627887832947861e-01 5.277546621362527723e-01 5.193434712839718470e-01 5.111169675799243084e-01 5.031635729927464995e-01 4.954564911485589973e-01 4.879137031237378852e-01 4.806164102344038236e-01 4.735434655342956045e-01 4.666167622450012042e-01 4.598882250976898955e-01 4.533868413035256340e-01 4.470157690364436331e-01 4.407792492056000211e-01 4.347936021263493767e-01 4.289242331868491354e-01 4.231676995415135090e-01 4.175930947295999895e-01 4.121773779019484163e-01 4.068625727308401996e-01 4.016457772218195443e-01 3.966299256728945677e-01 3.917154642650446661e-01 3.868888708361437612e-01 3.821539564033398784e-01 3.776029298420777724e-01 3.731308249075788175e-01 3.687354944998648687e-01 3.644163665365645621e-01 3.602668511147677499e-01 3.561864699532147349e-01 3.521734032313590390e-01 3.482258936106713554e-01 3.444116978444182742e-01 3.406793784073732234e-01 3.370062809279901761e-01 3.333909100088613964e-01 3.298573344539971197e-01 3.264353066606741072e-01 3.230655549666463511e-01 3.197468024046833945e-01 3.164778135654315316e-01 3.133043964516020186e-01 3.102061610354753252e-01 3.071531249193848456e-01 3.041442285365967280e-01 3.011784455765136315e-01 2.983029868617217972e-01 2.954886948905258159e-01 2.927136724688952918e-01 2.899770355384038711e-01 2.872779268331902558e-01 2.846487081773911298e-01 2.820845689231042397e-01 2.795547031445628217e-01 2.770583691607780841e-01 2.745948470441955114e-01 2.721688343160804102e-01 2.698260395218581298e-01 2.675132860378272581e-01 2.652299484900886295e-01 2.629754191531042951e-01 2.607491073276035354e-01 2.585706463102929176e-01 2.564509388365970866e-01 2.543571392575922352e-01 2.522887320086457108e-01 2.502452154914434068e-01 2.482261016072673243e-01
1.000000000000000000e+00 9.776382254551029272e-01 9.557438740286832157e-01 9.343566164450295419e-01 9.135070361993421484e-01 8.931811572931545040e-01 8.733991469405333330e-01 8.542047332297263429e-01 8.355262704391610562e-01 8.174316798638657788e-01 7.998808023865346950e-01 7.828421352818036860e-01 7.663881914425509922e-01 7.503786243176290283e-01 7.349726010435013723e-01 7.199567843637684206e-01 7.055358423032684900e-01 6.914681159275796185e-01 6.779652113224471366e-01 6.647991239794980300e-01 6.521399799967435573e-01 6.398255617103052462e-01 6.279365602788214984e-01 6.164230613241836743e-01 6.052324197357790148e-01 5.944694883894394710e-01 5.839598593583456010e-01 5.738474314986051761e-01 5.640191149942234139e-01 5.544458559289847654e-01 5.452529101648704302e-01 5.362675639827394480e-01 5.275598209517446957e-01 5.191492292988499901e-01 5.109233116373802508e-01 5.029706698652880448e-01 4.952644676409456714e-01 4.877225404848902213e-01 4.804262396420302395e-01 4.733543906854293382e-01 4.664287604838625034e-01 4.597013585888236054e-01 4.532012225641176562e-01 4.468313730566272346e-01 4.405960626413312209e-01 4.346117726387807578e-01 4.287437344131911354e-01 4.229885058995448976e-01 4.174152651924840085e-01 4.120009492015492825e-01 4.066875187652110868e-01 4.014720726396472927e-01 3.964576513166137017e-01 3.915446050560674185e-01 3.867194014723824291e-01 3.819858576846265064e-01 3.774362647737648513e-01 3.729655686280183291e-01 3.685716228237811420e-01 3.642538570100211648e-01 3.601057505474888343e-01 3.560267548708069829e-01 3.520150507773456283e-01 3.480688815252760415e-01 3.442560471502461583e-01 3.405250800638513486e-01 3.368533134769194914e-01 3.332392525338780387e-01 3.297069789350042801e-01 3.262862606893937034e-01 3.229177985379672600e-01 3.196003160021665956e-01 3.163325781454066066e-01 3.131604128940168597e-01 3.100634226981375807e-01 3.070116136361205617e-01 3.040039265670852475e-01 3.010393355929216752e-01 2.981650665287238211e-01 2.953519537250878235e-01 2.925780940173658418e-01 2.898426037175455550e-01 2.871446259189538996e-01 2.845165314009316382e-01 2.819535088153388158e-01 2.794247447795792927e-01 2.769294979356622943e-01 2.744670486695577893e-01 2.720420957367590820e-01 2.697003559708404663e-01 2.673886439866418607e-01 2.651063346918880459e-01 2.628528206347173213e-01 2.606275113818681266e-01 2.584500434517116307e-01 2.563313215116578281e-01 2.542384954207171366e-01 2.521710498539624368e-01 2.501284834462921824e-01 2.481103083259242337e-01
1.000000000000000000e+00 9.776242580872416266e-01 9.557163637105591247e-01 9.343161742442201989e-01 9.134544113321915182e-01 8.931170019164239582e-01 8.733242143500233867e-01 8.541199890139379303e-01 8.354323040240656528e-01 8.173294123067186279e-01 7.997709398172794248e-01 7.827252676832718858e-01 7.662652156063245457e-01 7.502498767158408688e-01 7.348390510700061329e-01 7.198186013586506116e-01 7.053939559044533070e-01 6.913226168432007324e-01 6.778169066198749260e-01 6.646481053866856170e-01 6.519868641375219376e-01 6.396705110163343200e-01 6.277799702095209211e-01 6.162652139632259773e-01 6.050734624675767614e-01 5.943098435252530676e-01 5.837995430805372754e-01 5.736867890920709367e-01 5.638582621499387271e-01 5.542848556307969909e-01 5.450920888987622615e-01 5.361069177057211643e-01 5.273994792790033248e-01 5.189893671190703994e-01 5.107639184221856032e-01 5.028118853289130774e-01 4.951063981070609743e-01 4.875651707116062661e-01 4.802696750034875506e-01 4.731987144535046430e-01 4.662739542897091916e-01 4.595474756630470448e-01 4.530483586328700185e-01 4.466795076955283883e-01 4.404451850078542896e-01 4.344620041826153800e-01 4.285950535872810052e-01 4.228408917948141554e-01 4.172687684487304538e-01 4.118556016116254326e-01 4.065432989168053513e-01 4.013289597362184047e-01 3.963157142861221671e-01 3.914038317481011720e-01 3.865797710801963660e-01 3.818473546721277700e-01 3.772989450247717924e-01 3.728294116229667887e-01 3.684366086013515784e-01 3.641199670852134918e-01 3.599730266152449398e-01 3.558951775047541899e-01 3.518846010624713250e-01 3.479395410403708921e-01 3.441278354811955764e-01 3.403979903484411484e-01 3.367273279127369623e-01 3.331143537680342770e-01 3.295831614041551672e-01 3.261635331134988269e-01 3.227961442664916691e-01 3.194797187913039904e-01 3.162130221448427037e-01 3.130418992785354293e-01 3.099459462007243538e-01 3.068951591265468015e-01 3.038884792698065551e-01 3.009248810759456716e-01 2.980516046247608797e-01 2.952394764410297134e-01 2.924665876142044096e-01 2.897320547655731771e-01 2.870350212883892582e-01 2.844078650106565131e-01 2.818457740512815834e-01 2.793179291891914606e-01 2.768235893358694799e-01 2.743620351388562639e-01 2.719379664357970960e-01 2.695971074258153299e-01 2.672862649037508476e-01 2.650048140124329210e-01 2.627521475284697594e-01 2.605276752406686658e-01 2.583510357718969974e-01 2.562331350706236188e-01 2.541411201809612996e-01 2.520744759777284738e-01 2.500327012901578660e-01 2.480153084355715132e-01
1.000000000000000000e+00 9.776128687305770670e-01 9.556939163652827807e-01 9.342831529888135922e-01 9.134114181633617990e-01 8.930645615733281417e-01 8.732629319471599816e-01 8.540506311456590449e-01 8.353553466908593128e-01 8.172456026980204902e-01 7.996808628445224443e-01 7.826294119312664499e-01 7.661643153711565901e-01 7.501442082784862686e-01 7.347294118196954216e-01 7.197051310262115864e-01 7.052774127091062661e-01 6.912030760493332870e-01 6.776950359547829761e-01 6.645239809456876534e-01 6.518610031517314551e-01 6.395430492975300307e-01 6.276512318506151100e-01 6.161354302478075917e-01 6.049427556757495106e-01 5.941785639088953408e-01 5.836677041209001882e-01 5.735546812856401333e-01 5.637259827444948135e-01 5.541524558010048063e-01 5.449598338512045004e-01 5.359748041708548572e-01 5.272676158289157922e-01 5.188579002072615243e-01 5.106328393417405298e-01 5.026813072196666399e-01 4.949764070354060186e-01 4.874357541635135904e-01 4.801409199909849046e-01 4.730706897487302887e-01 4.661466447926959633e-01 4.594209239225967578e-01 4.529226414169120196e-01 4.465546082771373326e-01 4.403210944902269941e-01 4.343388217607014323e-01 4.284727616202674838e-01 4.227194731642098247e-01 4.171482638117353647e-01 4.117360364150681185e-01 4.064246556559870660e-01 4.012112214098367269e-01 3.961989382010721594e-01 3.912880080517353032e-01 3.864648827443070700e-01 3.817333889441420491e-01 3.771859470301363038e-01 3.727173645797337564e-01 3.683254961841340158e-01 3.640097742189494778e-01 3.598637901735901035e-01 3.557868815529062756e-01 3.517772300850797729e-01 3.478330799271350804e-01 3.440223012080881881e-01 3.402933775442480990e-01 3.366236219562036558e-01 3.330115404071033458e-01 3.294812369792191054e-01 3.260625068064612608e-01 3.226960023573879344e-01 3.193804478953119474e-01 3.161146092013757958e-01 3.129443472447154262e-01 3.098492519117688193e-01 3.067993100690529773e-01 3.037934632237122567e-01 3.008306861053222647e-01 2.979582319864345075e-01 2.951469201035054613e-01 2.923748361871343349e-01 2.896410971150352176e-01 2.869448465291162265e-01 2.843184697818431084e-01 2.817571543475325124e-01 2.792300746444786874e-01 2.767364898084866409e-01 2.742756807048394307e-01 2.718523482394157864e-01 2.695122241817074493e-01 2.672021071877324072e-01 2.649213725965042787e-01 2.626694133752796034e-01 2.604456394981721212e-01 2.582696918931443042e-01 2.561524778890190146e-01 2.540611413034233323e-01 2.519951671781973102e-01 2.499540545050706053e-01 2.479373157594889632e-01
1.000000000000000000e+00 9.776035830007313576e-01 9.556756033417432850e-01 9.342561856785004393e-01 9.133762736400862225e-01 8.930216621265165688e-01 8.732127668632163608e-01 8.539938299178804204e-01 8.352922991226295890e-01 8.171769186156847553e-01 7.996070175720921824e-01 7.825508028505379077e-01 7.660815462442684964e-01 7.500575064946928272e-01 7.346394320070157580e-01 7.196119883010084761e-01 7.051817269543916300e-01 6.911049095521554220e-01 6.775949400149657853e-01 6.644220185277005530e-01 6.517575970495866899e-01 6.394383109936162546e-01 6.275454298119670371e-01 6.160287561052544270e-01 6.048353106704307258e-01 5.940706376547669754e-01 5.835593079440064557e-01 5.734460557875500353e-01 5.636172085731191439e-01 5.540435757261943372e-01 5.448510689709784582e-01 5.358661518838329085e-01 5.271591667978317020e-01 5.187497766814649358e-01 5.105250341740098508e-01 5.025739151116644932e-01 4.948695000538382849e-01 4.873293219668165532e-01 4.800350347788792105e-01 4.729654085924799300e-01 4.660419552027391110e-01 4.593168615485583861e-01 4.528192704814796854e-01 4.464519149213506677e-01 4.402190712055163435e-01 4.342375485816457603e-01 4.283722239751940331e-01 4.226196569128944369e-01 4.170492020698283175e-01 4.116377498624037012e-01 4.063271298483775995e-01 4.011144423184770935e-01 3.961029516883383117e-01 3.911928058680128051e-01 3.863704508662067494e-01 3.816397167214665154e-01 3.770930692423163921e-01 3.726252674500775131e-01 3.682341663107507324e-01 3.639191992006938769e-01 3.597739986216118013e-01 3.556978604140278444e-01 3.516889666497222677e-01 3.477455618175211982e-01 3.439355423920564814e-01 3.402073736393892989e-01 3.365383609840903456e-01 3.329270106917720518e-01 3.293974351150232294e-01 3.259794394105941517e-01 3.226136582098531602e-01 3.192988160501881723e-01 3.160336789778970257e-01 3.128641213659774656e-01 3.097697279697420036e-01 3.067204778233766360e-01 3.037153126740813613e-01 3.007532074839529002e-01 2.978814275541535328e-01 2.950707854359914672e-01 2.922993619387467823e-01 2.895662741505283244e-01 2.868706659172619022e-01 2.842449295184351632e-01 2.816842518086192237e-01 2.791578013059383134e-01 2.766648373306602182e-01 2.742046409271205465e-01 2.717819140809204503e-01 2.694423965171001134e-01 2.671328782400318458e-01 2.648527347506238749e-01 2.626013591734581154e-01 2.603781616355667072e-01 2.582027859352559185e-01 2.560861410895379775e-01 2.539953667058728604e-01 2.519299479645336626e-01 2.498893839919332227e-01 2.478731873945757003e-01
1.000000000000000000e+00 9.775959373932109342e-01 9.556605126688132446e-01 9.342339503708305681e-01 9.133472819081492888e-01 8.929862572409502652e-01 8.731713454488201354e-01 8.539469024716431766e-01 8.352401860825870994e-01 8.171201241953266470e-01 7.995459369934553306e-01 7.824857665022696418e-01 7.660130518599062022e-01 7.499857420459810076e-01 7.345649389849407962e-01 7.195348623558462942e-01 7.051024880703969933e-01 6.910236094820590980e-01 6.775120342869396239e-01 6.643375594373133186e-01 6.516719359152360891e-01 6.393515404977738736e-01 6.274577721056232571e-01 6.159403698082362988e-01 6.047462797335824147e-01 5.939812019226146100e-01 5.834694769432842154e-01 5.733560280660380259e-01 5.635270507986429589e-01 5.539533235138199840e-01 5.447609057763456164e-01 5.357760756966994942e-01 5.270692530442709911e-01 5.186601270106486750e-01 5.104356427873908419e-01 5.024848607601274386e-01 4.947808426929096726e-01 4.872410531337471595e-01 4.799472164008298236e-01 4.728780896825064417e-01 4.659551254337543913e-01 4.592305504972643004e-01 4.527335314092156837e-01 4.463667363635636098e-01 4.401344472589228674e-01 4.341535502863869134e-01 4.282888391772669001e-01 4.225368738181601302e-01 4.169670485364350143e-01 4.115562433110576124e-01 4.062462582237899023e-01 4.010341939120423138e-01 3.960233648377651239e-01 3.911138736931479842e-01 3.862921616617936982e-01 3.815620616746910332e-01 3.770160786212809478e-01 3.725489297326432525e-01 3.681584702882439442e-01 3.638441344842559544e-01 3.596995880313397231e-01 3.556240930516541554e-01 3.516158319038546476e-01 3.476730493537925626e-01 3.438636621680452032e-01 3.401361215138190564e-01 3.364677269907135893e-01 3.328569851159961512e-01 3.293280148086419890e-01 3.259106291804129696e-01 3.225454487361337219e-01 3.192311982408485571e-01 3.159666439611030220e-01 3.127976702362827433e-01 3.097038580372496464e-01 3.066551806091614152e-01 3.036505798979817206e-01 3.006890310583327786e-01 2.978178080374093706e-01 2.950077186195371182e-01 2.922368401104146751e-01 2.895042897717713948e-01 2.868092116178921902e-01 2.841840031707943970e-01 2.816238508307731259e-01 2.790979186755501718e-01 2.766054661773575396e-01 2.741457745280375113e-01 2.717235465921004622e-01 2.693845285575145465e-01 2.670755034042913700e-01 2.647958467666810534e-01 2.625449518988444142e-01 2.603222290537620109e-01 2.581473245518994264e-01 2.560311488903579957e-01 2.539408379563166118e-01 2.518758770441655304e-01 2.498357653913432230e-01 2.478200157123915948e-01
1.000000000000000000e+00 9.775896771493379767e-01 9.556481502805509454e-01 9.342157198737606194e-01 9.133234943042408682e-01 8.929571918965089061e-01 8.731373270577038603e-01 8.539083488357427365e-01 8.351973591122555662e-01 8.170734343150916068e-01 7.994957099587248761e-01 7.824322746521432670e-01 7.659567030459093484e-01 7.499266907173869345e-01 7.345036286243168400e-01 7.194713718760235022e-01 7.050372466690106865e-01 6.909566600448624474e-01 6.774437498278579328e-01 6.642679832566344977e-01 6.516013620869346434e-01 6.392800464376783287e-01 6.273855422028971063e-01 6.158675357161541575e-01 6.046729111670027246e-01 5.939074981026555289e-01 5.833954457600323273e-01 5.732818338054591623e-01 5.634527486289264697e-01 5.538789430400363756e-01 5.446865995169666297e-01 5.357018419757793026e-01 5.269951531072598616e-01 5.185862434115950936e-01 5.103619707760944646e-01 5.024114655654335904e-01 4.947077739854686684e-01 4.871683039537471616e-01 4.798748362944492141e-01 4.728061178350058680e-01 4.658835534039035831e-01 4.591594029743223948e-01 4.526628527453057105e-01 4.462965171610343562e-01 4.400646826121896171e-01 4.340842973833308194e-01 4.282200880766731110e-01 4.224686148731605639e-01 4.168993053561749207e-01 4.114890307419876159e-01 4.061795663789724564e-01 4.009680131888661569e-01 3.959577286969623300e-01 3.910487766615050598e-01 3.862275941003232016e-01 3.814980164126623441e-01 3.769525819753847262e-01 3.724859721890528830e-01 3.680960425919608814e-01 3.637822280805963482e-01 3.596382232746492269e-01 3.555632609176591630e-01 3.515555236058274247e-01 3.476132563343953819e-01 3.438043938908540986e-01 3.400773748944354025e-01 3.364094937518189998e-01 3.327992571892804952e-01 3.292707898031985159e-01 3.258539115854725554e-01 3.224892308003152186e-01 3.191754724021165779e-01 3.159114028406059815e-01 3.127429148034139295e-01 3.096495860896568142e-01 3.066013850934115603e-01 3.035972539259891301e-01 3.006361679021694044e-01 2.977654076917891079e-01 2.949557773884009526e-01 2.921853515874553997e-01 2.894532476949041588e-01 2.867586098648838844e-01 2.841338392596437501e-01 2.815741219883238777e-01 2.790486190864722160e-01 2.765565901521648828e-01 2.740973164993973921e-01 2.716755015585414212e-01 2.693368954772935031e-01 2.670282769949918200e-01 2.647490218558511965e-01 2.624985234208938589e-01 2.602761920469680579e-01 2.581016755140226882e-01 2.559858851878363817e-01 2.538959548794304522e-01 2.518313699769182401e-01 2.497916298089223330e-01 2.477762471787145482e-01
1.000000000000000000e+00 9.775845321229318374e-01 9.556379858491491630e-01 9.342007231169865422e-01 9.133039167693278726e-01 8.929332600718900004e-01 8.731093038371746662e-01 8.538765770932288390e-01 8.351620548998820448e-01 8.170349371441898434e-01 7.994542863491802542e-01 7.823881475815680497e-01 7.659102112923910077e-01 7.498779624207415617e-01 7.344530319631202842e-01 7.194189721854434838e-01 7.049833972258430226e-01 6.909013963582543161e-01 6.773873857660830389e-01 6.642105547116990971e-01 6.515431051698358234e-01 6.392210238338082995e-01 6.273259067327399130e-01 6.158073965142057959e-01 6.046123252884978427e-01 5.938466280661388597e-01 5.833342982530759224e-01 5.732205443893160224e-01 5.633913629397839795e-01 5.538174862439495527e-01 5.446252007868643830e-01 5.356405000003873207e-01 5.269339198841421767e-01 5.185251889894239019e-01 5.103010912288813428e-01 5.023508151370545960e-01 4.946473939862524039e-01 4.871081886188865506e-01 4.798150271738861328e-01 4.727466478008081063e-01 4.658244154450636443e-01 4.591006175483756668e-01 4.526044566124420299e-01 4.462385025183955300e-01 4.400070453237502344e-01 4.340270839448222562e-01 4.281632902543188179e-01 4.224122246769753120e-01 4.168433414536870107e-01 4.114335047860421257e-01 4.061244702092625669e-01 4.009133388797573305e-01 3.959035024405617165e-01 3.909949938208209241e-01 3.861742467473163742e-01 3.814450986084370054e-01 3.769001147051154743e-01 3.724339476398050852e-01 3.680444531633546568e-01 3.637310667504344286e-01 3.595875069567765481e-01 3.555129821978134652e-01 3.515056752649120542e-01 3.475638313417783176e-01 3.437554006106388060e-01 3.400288109591754759e-01 3.363613523489547008e-01 3.327515316782743704e-01 3.292234786028694904e-01 3.258070192492941719e-01 3.224427509295715311e-01 3.191293987543953325e-01 3.158657293247119080e-01 3.126976431934042067e-01 3.096047151428661937e-01 3.065569089646750789e-01 3.035531669071647731e-01 3.005924644178374350e-01 2.977220888604367732e-01 2.949128406132437985e-01 2.921427915374280593e-01 2.894110591589572068e-01 2.867167877483465244e-01 2.840923821417486450e-01 2.815330281282544256e-01 2.790078836287555597e-01 2.765162083464011156e-01 2.740572836971776893e-01 2.716358136356372133e-01 2.692975520601815220e-01 2.669892736661254595e-01 2.647103542896443451e-01 2.624601873811260866e-01 2.602381833842805081e-01 2.580639912222953969e-01 2.559485229435661258e-01 2.538589107464271355e-01 2.517946400973215537e-01 2.497552104010798413e-01 2.477401345351307738e-01
1.000000000000000000e+00 9.775802996067627371e-01 9.556296217477610044e-01 9.341883767688505813e-01 9.132877910524893617e-01 8.929135405512461654e-01 8.730862072454113054e-01 8.538503845293002881e-01 8.351329434339110902e-01 8.170031840699499837e-01 7.994201124610772480e-01 7.823517375844883937e-01 7.658718428782322896e-01 7.498377409869504406e-01 7.344112614208306855e-01 7.193757066261584621e-01 7.049389288856825475e-01 6.908557546972264873e-01 6.773408289649800462e-01 6.641631125306356465e-01 6.514949762670459998e-01 6.391722607533253386e-01 6.272766360337739266e-01 6.157577085776397841e-01 6.045622682609200771e-01 5.937963395355839724e-01 5.832837836678961274e-01 5.731699168000801148e-01 5.633406603217130382e-01 5.537667283320161227e-01 5.445744889262581490e-01 5.355898331511549371e-01 5.268833405870988473e-01 5.184747545417982550e-01 5.102507984501695182e-01 5.023007088015797317e-01 4.945975082039137383e-01 4.870585186880968531e-01 4.797656074889063982e-01 4.726975055832119410e-01 4.657755449578880880e-01 4.590520363227438283e-01 4.525561959868317219e-01 4.461905560668089077e-01 4.399594097585328711e-01 4.339797994172556184e-01 4.281163499450890697e-01 4.223656219686797719e-01 4.167970926740331428e-01 4.113876202154830852e-01 4.060789430614495932e-01 4.008681625635019397e-01 3.958586990962548180e-01 3.909505596222742074e-01 3.861301750943980649e-01 3.814013845212892440e-01 3.768567750790228210e-01 3.723909759810510867e-01 3.680018431548877089e-01 3.636888125369135416e-01 3.595456213782499133e-01 3.554714591125259782e-01 3.514645086927780104e-01 3.475230154588304643e-01 3.437149412222283984e-01 3.399887057862979733e-01 3.363215957711541693e-01 3.327121182170152958e-01 3.291844065668307895e-01 3.257682915360612941e-01 3.224043622791481489e-01 3.190913440352731167e-01 3.158280035296888721e-01 3.126602473919863900e-01 3.095676480837983302e-01 3.065201658520258499e-01 3.035167430574297054e-01 3.005563552564100016e-01 2.976862954071363143e-01 2.948773607798076957e-01 2.921076209477250774e-01 2.893761935353741377e-01 2.866822229088022977e-01 2.840581173877946286e-01 2.814990624422894494e-01 2.789742130132981113e-01 2.764828288904754849e-01 2.740241915737767209e-01 2.716030055803213550e-01 2.692650290226063503e-01 2.669570319915506307e-01 2.646783903994109899e-01 2.624284977705092503e-01 2.602067646204182516e-01 2.580328414186313646e-01 2.559176411188601175e-01 2.538282936253354882e-01 2.517642844696794668e-01 2.497251131201359831e-01 2.477102925158404800e-01
1.000000000000000000e+00 9.775768016906891678e-01 9.556226884859752024e-01 9.341781070026030642e-01 9.132740476097621629e-01 8.928964539250007215e-01 8.730660586349352492e-01 8.538275423183044888e-01 8.351076118332318998e-01 8.169756854363302567e-01 7.993906284815758267e-01 7.823204202157411080e-01 7.658389228376796254e-01 7.498033054017162469e-01 7.343755611187143817e-01 7.193387859392141870e-01 7.049010300248601535e-01 6.908169016211795910e-01 6.773012335288980390e-01 6.641227989521472086e-01 6.514541096877088933e-01 6.391308845072538602e-01 6.272348538098387882e-01 6.157155943543478616e-01 6.045198613284472611e-01 5.937537526551140976e-01 5.832410210744508605e-01 5.731270726765418377e-01 5.632977661097469113e-01 5.537238005577983513e-01 5.445316137936720979e-01 5.355470094714215312e-01 5.268406032638905945e-01 5.184321507061648848e-01 5.102083251710827216e-01 5.022584030787873299e-01 4.945553981677486832e-01 4.870166001670579448e-01 4.797239088190145551e-01 4.726560491459371183e-01 4.657343257447874585e-01 4.590110677507998060e-01 4.525155024120732783e-01 4.461501319772859242e-01 4.399192521692644742e-01 4.339399401799122757e-01 4.280767832638384118e-01 4.223263422192965466e-01 4.167581127993300605e-01 4.113489482746783832e-01 4.060405733167765652e-01 4.008300894421992222e-01 3.958209413574049207e-01 3.909131140342161914e-01 3.860930360760405078e-01 3.813645479268641392e-01 3.768202562456371973e-01 3.723547693982520723e-01 3.679659434621365133e-01 3.636532147802146731e-01 3.595103374062272872e-01 3.554364836972748742e-01 3.514298367440076842e-01 3.474886420191395930e-01 3.436808716801301733e-01 3.399549383283807513e-01 3.362881256041475031e-01 3.326789406686821438e-01 3.291515201430609272e-01 3.257356985931533222e-01 3.223720583337852386e-01 3.190593247136542798e-01 3.157962645639640908e-01 3.126287890999212005e-01 3.095364690480513215e-01 3.064892619986037126e-01 3.034861104078422356e-01 3.005259899246723876e-01 2.976561972400621481e-01 2.948475275802653894e-01 2.920780490184594624e-01 2.893468792623646313e-01 2.866531627587407538e-01 2.840293099859110826e-01 2.814705062388253021e-01 2.789459046506186923e-01 2.764547650836054471e-01 2.739963691082694108e-01 2.715754216109452779e-01 2.692376833557070803e-01 2.669299215714109330e-01 2.646515122339247461e-01 2.624018489293865608e-01 2.601803422334534321e-01 2.580066437393820356e-01 2.558916670619088007e-01 2.538025404574828503e-01 2.517387495121167218e-01 2.496997937469711826e-01 2.476851861526746523e-01
1.000000000000000000e+00 9.775738967366627286e-01 9.556168935788705854e-01 9.341696891144936066e-01 9.132633029593453244e-01 8.928835205415222021e-01 8.730510313611192785e-01 8.538104880451891088e-01 8.350885397509681951e-01 8.169545033257271660e-01 7.993672046633456540e-01 7.822946627771562023e-01 7.658111478788482973e-01 7.497736290773583390e-01 7.343440821296119969e-01 7.193055556789886840e-01 7.048669192371961323e-01 6.907819318730523683e-01 6.772657010205997974e-01 6.640867263173515500e-01 6.514176309705629331e-01 6.390940340554368548e-01 6.271977166462789910e-01 6.156782308148647243e-01 6.044823024806583733e-01 5.937160897141999794e-01 5.832032564902113192e-01 5.730892816297277204e-01 5.632599730994521936e-01 5.536860182666462071e-01 5.444939122039799129e-01 5.355093867607496616e-01 5.268030873073806797e-01 5.183947794566493572e-01 5.101710954511847751e-01 5.022213444261307558e-01 4.945185328823563653e-01 4.869799241268707446e-01 4.796874446171970896e-01 4.726198145070166778e-01 4.656983159222823909e-01 4.589752935149751245e-01 4.524799837514449918e-01 4.461148637691915719e-01 4.398842313944005267e-01 4.339051925940936583e-01 4.280423035600509629e-01 4.222921252476599663e-01 4.167241687032394726e-01 4.113152831938404752e-01 4.060071820522689334e-01 4.007969669446088679e-01 3.957881015356107812e-01 3.908805537008391284e-01 3.860607502339750141e-01 3.813325326601030851e-01 3.767885220000985469e-01 3.723233113006062522e-01 3.679347567716352851e-01 3.636222950832430079e-01 3.594796930873090934e-01 3.554061101683905766e-01 3.513997295379081010e-01 3.474587967851993642e-01 3.436512920716784936e-01 3.399256224495484924e-01 3.362590692702487338e-01 3.326501398006975196e-01 3.291229733289656734e-01 3.257074076510715344e-01 3.223440193549261812e-01 3.190315338847085069e-01 3.157687181639964868e-01 3.126014880927444062e-01 3.095094126037126192e-01 3.064624465492435945e-01 3.034595324692391238e-01 3.004996460936177338e-01 2.976300877623581087e-01 2.948216506894718036e-01 2.920524014691479042e-01 2.893214578821696192e-01 2.866279644461453557e-01 2.840043336004716146e-01 2.814457504784934616e-01 2.789213665664168618e-01 2.764304417903722388e-01 2.739722577827876648e-01 2.715515197117320811e-01 2.692139903044334370e-01 2.669064346900508200e-01 2.646282289002007682e-01 2.623787665751969866e-01 2.601574583433542420e-01 2.579839563693794302e-01 2.558691746128553546e-01 2.537802405469784528e-01 2.517166398051706722e-01 2.496778719547181058e-01 2.476634500311330200e-01
1.000000000000000000e+00 9.775715137944476218e-01 9.556121426578357836e-01 9.341627272401173965e-01 9.132538830880315706e-01 8.928718556048264032e-01 8.730376181504285737e-01 8.537955160928317744e-01 8.350721202453528225e-01 8.169368159380719918e-01 7.993487840012913903e-01 7.822759306801422285e-01 7.657918468658435618e-01 7.497537044454536392e-01 7.343239017174089112e-01 7.192851417685667270e-01 7.048454582540620850e-01 6.907594494634160531e-01 6.772420411837172249e-01 6.640619119520617675e-01 6.513912793591433159e-01 6.390660992106266258e-01 6.271685778884219520e-01 6.156481567958974610e-01 6.044514992510854334e-01 5.936851943907239804e-01 5.831722712402340747e-01 5.730582693114838477e-01 5.632289542731736542e-01 5.536550035829509442e-01 5.444629599228039130e-01 5.354784954728887270e-01 5.267722803458645409e-01 5.183640885484648297e-01 5.101405180481126678e-01 5.021909051719125605e-01 4.944882504015333802e-01 4.869497950774647754e-01 4.796574876546153554e-01 4.725900442759458642e-01 4.656687285618298922e-01 4.589458978738913952e-01 4.524507962287670493e-01 4.460858801934649565e-01 4.398554493271481514e-01 4.338766333253111784e-01 4.280139627616197373e-01 4.222639987196111222e-01 4.166962649719309630e-01 4.112876074508417523e-01 4.059797300494485395e-01 4.007697345560018443e-01 3.957611010159940990e-01 3.908537825204094207e-01 3.860342042922684236e-01 3.813062088029686714e-01 3.767624297526043220e-01 3.722974466462936061e-01 3.679091158033153119e-01 3.635968741674855953e-01 3.594544994022584317e-01 3.553811399282004735e-01 3.513749790563874265e-01 3.474342624723898987e-01 3.436269772216519192e-01 3.399015255770103106e-01 3.362351869164773577e-01 3.326264685943066679e-01 3.290995120155770781e-01 3.256841575394865962e-01 3.223209772187519140e-01 3.190086965763641036e-01 3.157460826121487596e-01 3.125790538643662964e-01 3.094871782878705901e-01 3.064404092294688575e-01 3.034376892974312012e-01 3.004779942878983978e-01 2.976086273681625705e-01 2.948003801983142824e-01 2.920313182311943256e-01 2.893005593072404680e-01 2.866072480019078439e-01 2.839837980872756962e-01 2.814253945971304516e-01 2.789011879158441731e-01 2.764104380215061108e-01 2.739524265969793260e-01 2.715318591712485574e-01 2.691945012005326210e-01 2.668871148244267855e-01 2.646090761203100383e-01 2.623597787729670672e-01 2.601386334539377843e-01 2.579652931915107361e-01 2.558506724520872022e-01 2.537618974352967016e-01 2.516984538137245764e-01 2.496598411927593852e-01 2.476455726449901806e-01
1.000000000000000000e+00 9.775697115092005784e-01 9.556086566289885287e-01 9.341574161798377185e-01 9.132471195372819928e-01 8.928636805122135423e-01 8.730279154018972809e-01 8.537843669161995219e-01 8.350596227546922545e-01 8.169231854485483613e-01 7.993340387252075852e-01 7.822600903827596763e-01 7.657746278739691048e-01 7.497350600564965939e-01 7.343044542025064514e-01 7.192649466427594174e-01 7.048249355340320266e-01 6.907386071730092780e-01 6.772212345914505605e-01 6.640411514150953431e-01 6.513711749175918886e-01 6.390467588186543590e-01 6.271497349038819280e-01 6.156296248271220239e-01 6.044331328707397422e-01 5.936665241091185763e-01 5.831533042095926600e-01 5.730390184215038429e-01 5.632094280565114186e-01 5.536351565311047329e-01 5.444425112935957767e-01 5.354574588514318112e-01 5.267507467289034295e-01 5.183421748378604921e-01 5.101182325896999048e-01 5.021684534847610237e-01 4.944657933544888695e-01 4.869273327847854493e-01 4.796350882063207810e-01 4.725677629933348611e-01 4.656465630016886070e-01 4.589238565991714536e-01 4.524288943304092814e-01 4.460641148778568543e-01 4.398338192898353372e-01 4.338551579797489954e-01 4.279926391027413790e-01 4.222428238313260529e-01 4.166752469261261194e-01 4.112667514142876457e-01 4.059590330034084094e-01 4.007491935685516538e-01 3.957407267777442450e-01 3.908335734000442097e-01 3.860141573375671098e-01 3.812863218365796225e-01 3.767427111390909689e-01 3.722778934661645778e-01 3.678897252165053700e-01 3.635776435609860968e-01 3.594354358075090294e-01 3.553622405626513103e-01 3.513562412107334443e-01 3.474156835080566275e-01 3.436085604658451476e-01 3.398832701944921042e-01 3.362170903466840666e-01 3.326085283413304783e-01 3.290817276353169563e-01 3.256665310769857324e-01 3.223035062616031454e-01 3.189913787710889626e-01 3.157289156622797299e-01 3.125620385734396711e-01 3.094703142669629758e-01 3.064236942717437628e-01 3.034211212477849751e-01 3.004615710413366392e-01 2.975923493240268392e-01 2.947842463666673907e-01 2.920153265997505465e-01 2.892847079090158369e-01 2.865915349138470902e-01 2.839682230700076304e-01 2.814099572546602257e-01 2.788858864079466482e-01 2.763952705477786820e-01 2.739373913956738571e-01 2.715169546043391113e-01 2.691797264073215179e-01 2.668724681408450317e-01 2.645945559169299854e-01 2.623453834540245277e-01 2.601243614563888973e-01 2.579511434771085687e-01 2.558366442931186979e-01 2.537479893460638514e-01 2.516846643380944437e-01 2.496461689033635523e-01 2.476320161424503119e-01
1.000000000000000000e+00 9.775680603840434246e-01 9.556053755579742015e-01 9.341524840013873954e-01 9.132408600946925192e-01 8.928561125818097466e-01 8.730189061075874779e-01 8.537741212989473638e-01 8.350482308023831068e-01 8.169107578303907991e-01 7.993206545999946844e-01 7.822458164091199428e-01 7.657602883837262286e-01 7.497208642237378484e-01 7.342898420231220857e-01 7.192498969151578381e-01 7.048095786075332381e-01 6.907229505719114648e-01 6.772054755702603401e-01 6.640252986123544865e-01 6.513552111260625388e-01 6.390306827794166589e-01 6.271336171606513021e-01 6.156135140593635979e-01 6.044169719917749095e-01 5.936501222867934802e-01 5.831366671144362357e-01 5.730224185810995907e-01 5.631929522135787902e-01 5.536188494685142514e-01 5.444266338596245314e-01 5.354420013439968873e-01 5.267356911952852938e-01 5.183275007282183156e-01 5.101039315289883636e-01 5.021542969008265800e-01 4.944516025038129259e-01 4.869131083978408547e-01 4.796203971546287304e-01 4.725522535930526402e-01 4.656302521731314203e-01 4.589070571358321304e-01 4.524120935665492116e-01 4.460473128395432418e-01 4.398170050928097430e-01 4.338381604759220522e-01 4.279754618530602905e-01 4.222254702913030844e-01 4.166578958240023667e-01 4.112495333194872704e-01 4.059419454375911562e-01 4.007322341246485897e-01 3.957239046198899879e-01 3.908168872214560219e-01 3.859976047070074467e-01 3.812699010109417141e-01 3.767264298122304789e-01 3.722617492189634891e-01 3.678737156956587984e-01 3.635617665997469272e-01 3.594196971298543875e-01 3.553466378646655266e-01 3.513407722491468932e-01 3.474003460981633373e-01 3.435933574931292478e-01 3.398682010043484469e-01 3.362021528163397499e-01 3.325937204016144455e-01 3.290670487372869824e-01 3.256519825145629543e-01 3.222890860437348515e-01 3.189770849553589804e-01 3.157147463533249154e-01 3.125479942870426631e-01 3.094563945950385420e-01 3.064098973963258477e-01 3.034074453935244331e-01 3.004480144741636938e-01 2.975789124549533260e-01 2.947709284142510655e-01 2.920021259046740036e-01 2.892716228493172337e-01 2.865785639037879418e-01 2.839553659480481551e-01 2.813972137257864103e-01 2.788732549538204264e-01 2.763827496829191488e-01 2.739249796664933734e-01 2.715046507735434100e-01 2.691675308607245909e-01 2.668603794899347403e-01 2.645825728020989032e-01 2.623335045437543700e-01 2.601125854464636511e-01 2.579394696028929346e-01 2.558250721067624189e-01 2.537365176046981197e-01 2.516732918235834449e-01 2.496348944216343069e-01 2.476208385228453324e-01
1.000000000000000000e+00 9.775666634947087763e-01 9.556026505499430890e-01 9.341484409041294068e-01 9.132356055838192210e-01 8.928497285325420751e-01 8.730114836263720424e-01 8.537656638167527845e-01 8.350387945609104579e-01 8.169004882913522003e-01 7.993095562954919409e-01 7.822338969869285785e-01 7.657475913135211032e-01 7.497074145029761771e-01 7.342759206922401249e-01 7.192355309649216544e-01 7.047948462948147030e-01 6.907078608701169298e-01 6.771899555465787923e-01 6.640093561339180939e-01 6.513390026980405700e-01 6.390142444843996961e-01 6.271169998049366257e-01 6.155967537516697785e-01 6.044000842674869256e-01 5.936331510686324586e-01 5.831196143674052257e-01 5.730053022398147178e-01 5.631757790108181672e-01 5.536016480165468767e-01 5.444095565386838365e-01 5.354250453508956342e-01 5.267187969996630637e-01 5.183105896744709673e-01 5.100870039872751338e-01 5.021374862876385459e-01 4.944350123040079925e-01 4.868967339128111305e-01 4.796046066200025382e-01 4.725373453828538572e-01 4.656162080442695084e-01 4.588935149905324917e-01 4.523984884448294941e-01 4.460336460036813389e-01 4.398033067667275753e-01 4.338248868585525830e-01 4.279626046939439266e-01 4.222130215842658241e-01 4.166456339579242552e-01 4.112372955125112028e-01 4.059297312414212322e-01 4.007200431038808741e-01 3.957114931015549564e-01 3.908042343792472173e-01 3.859847148556684870e-01 3.812567966618786719e-01 3.767134100681291398e-01 3.722488126126469177e-01 3.678608607998654079e-01 3.635489922114474304e-01 3.594070138995152375e-01 3.553340442735217763e-01 3.513282668184122270e-01 3.473879273876571139e-01 3.435810426593773892e-01 3.398559939329489632e-01 3.361900517973916425e-01 3.325817237683926231e-01 3.290551562070026526e-01 3.256401954834527990e-01 3.222774029001564955e-01 3.189655041270380020e-01 3.157032663060740929e-01 3.125366157736008677e-01 3.094451174831542306e-01 3.063987202066796867e-01 3.033963666814755156e-01 3.004370328286609659e-01 2.975680283991375408e-01 2.947601413905760470e-01 2.919914345591905769e-01 2.892610258585569527e-01 2.865680599738396062e-01 2.839449548369444853e-01 2.813868950959371174e-01 2.788630275690782145e-01 2.763726123338868246e-01 2.739149311697396949e-01 2.714946901035816262e-01 2.691576581575025329e-01 2.668505936254678690e-01 2.645728726718841739e-01 2.623238890661075406e-01 2.601030535618797379e-01 2.579300207013792701e-01 2.558157058420099661e-01 2.537272329666881432e-01 2.516640878223961875e-01 2.496257700869051188e-01 2.476117929032379261e-01
1.000000000000000000e+00 9.775655869728860914e-01 9.556004796402243207e-01 9.341451665078546185e-01 9.132312185874305044e-01 8.928443119077776879e-01 8.730051874453953475e-01 8.537585447123484661e-01 8.350308926804632659e-01 8.168918668468574396e-01 7.993002984108801279e-01 7.822240708383051411e-01 7.657373756841096002e-01 7.496968615291762505e-01 7.342649286920546192e-01 7.192241051319013811e-01 7.047831470448973068e-01 6.906958949001696935e-01 6.771778021679438764e-01 6.639970222746277573e-01 6.513264428898811742e-01 6.390014541005351045e-01 6.271040804045459049e-01 6.155837759024411771e-01 6.043871249229452181e-01 5.936204646877377700e-01 5.831071945260410949e-01 5.729929777453255380e-01 5.631634935325445790e-01 5.535894029546447603e-01 5.443973637356602779e-01 5.354129036266151997e-01 5.267067680751411629e-01 5.182987565626314685e-01 5.100753623885978527e-01 5.021260173364449075e-01 4.944237005710113153e-01 4.868855760465510829e-01 4.795932705981374444e-01 4.725255610218187519e-01 4.656039846140017646e-01 4.588811731253151227e-01 4.523865325561820527e-01 4.460220683552206244e-01 4.397920818488221251e-01 4.338137248622567221e-01 4.279515043969326360e-01 4.222019818004051350e-01 4.166346563051896990e-01 4.112263808835804890e-01 4.059188784619647827e-01 4.007092510333403190e-01 3.957009060022844693e-01 3.907938633751513180e-01 3.859745560830794564e-01 3.812468316236632959e-01 3.767033976816203111e-01 3.722387536989351098e-01 3.678507561577028517e-01 3.635388434939585967e-01 3.593968784693216123e-01 3.553239219092464984e-01 3.513181573045054962e-01 3.473778305141964617e-01 3.435709588125236968e-01 3.398459230806235021e-01 3.361799937334056798e-01 3.325716782917641501e-01 3.290451301650906268e-01 3.256302043275499103e-01 3.222674460973318777e-01 3.189555811573787092e-01 3.156933766622616599e-01 3.125267529013747159e-01 3.094352773192959316e-01 3.063889024199031863e-01 3.033865709482607698e-01 3.004272588330102467e-01 2.975583130548244415e-01 2.947504998479921201e-01 2.919818657885346891e-01 2.892515288532117590e-01 2.865586337496683345e-01 2.839356058132965765e-01 2.813776288228854172e-01 2.788538429405398866e-01 2.763635082677147747e-01 2.739059066070204107e-01 2.714857441318532794e-01 2.691487909511726673e-01 2.668418041745394542e-01 2.645641599873853611e-01 2.623152521794984704e-01 2.600944915244801647e-01 2.579215330020254715e-01 2.558072922255048010e-01 2.537188925275619122e-01 2.516558196731982777e-01 2.496175733577152278e-01 2.476036667411947445e-01
1.000000000000000000e+00 9.775645126540807306e-01 9.555983469495068494e-01 9.341422474950831223e-01 9.132275550241538697e-01 8.928398939779739196e-01 8.729999703927275867e-01 8.537525925929638770e-01 8.350242478525244927e-01 8.168845980559530373e-01 7.992924806138950178e-01 7.822157653896746332e-01 7.657285138425492521e-01 7.496874359879116545e-01 7.342551996887830557e-01 7.192140941899344275e-01 7.047728467977009137e-01 6.906853124337680727e-01 6.771670157668593371e-01 6.639860392249514742e-01 6.513154016110707101e-01 6.389903830873260304e-01 6.270929326290248795e-01 6.155725196487099593e-01 6.043757732388823634e-01 5.936090551210364552e-01 5.830957284389515216e-01 5.729812854529392485e-01 5.631515241745866929e-01 5.535772078871470381e-01 5.443851981029286247e-01 5.354007667639393286e-01 5.266946532840032225e-01 5.182866551175273617e-01 5.100632739964843232e-01 5.021139423796966428e-01 4.944116392910928859e-01 4.868735281519099289e-01 4.795816204872560551e-01 4.725146208658176916e-01 4.655937397337327477e-01 4.588713636274440177e-01 4.523767538987595316e-01 4.460123199200911603e-01 4.397823665279593230e-01 4.338040968558017907e-01 4.279419620087018816e-01 4.221925233844366909e-01 4.166252647533963405e-01 4.112170433851281004e-01 4.059095940096715260e-01 4.007000186489885207e-01 3.956918017569868717e-01 3.907848928097141239e-01 3.859657168073772349e-01 3.812381163493489544e-01 3.766947241824984971e-01 3.722301212505613188e-01 3.678421640553414251e-01 3.635302921576518687e-01 3.593884386909741990e-01 3.553155918302131622e-01 3.513099351150660854e-01 3.473697144518761992e-01 3.435629405490095989e-01 3.398379990720486465e-01 3.361721624841956246e-01 3.325639383441086894e-01 3.290374730501581246e-01 3.256226130075877134e-01 3.222599195672328221e-01 3.189481184365878796e-01 3.156859767939771966e-01 3.125194361707525625e-01 3.094280553514754395e-01 3.063817738324159934e-01 3.033795343910465347e-01 3.004203129873993516e-01 2.975514330632116899e-01 2.947436746673319230e-01 2.919750946540162762e-01 2.892448110172418096e-01 2.865519684813498391e-01 2.839289885730960639e-01 2.813710555483571740e-01 2.788473130440183301e-01 2.763570211742513716e-01 2.738994617540108090e-01 2.714793408264178365e-01 2.691424272892269931e-01 2.668354796477410140e-01 2.645578740979738219e-01 2.623090044399969956e-01 2.600882814574074775e-01 2.579153586577225821e-01 2.558011508232777009e-01 2.537127836647797285e-01 2.516497429552422838e-01 2.496115283977620725e-01 2.475976531600065367e-01
1.000000000000000000e+00 9.775637016492612075e-01 9.555967521176876867e-01 9.341399608247615838e-01 9.132245547385275941e-01 8.928362027272678247e-01 8.729956350806334919e-01 8.537476778764557794e-01 8.350187934637934850e-01 8.168786694754306410e-01 7.992860885971625473e-01 7.822089206445764775e-01 7.657212168065578028e-01 7.496796949310805536e-01 7.342471283376109659e-01 7.192057066242096841e-01 7.047641670027633420e-01 6.906763475672598185e-01 6.771578657312030680e-01 6.639767115444438206e-01 6.513059198541345518e-01 6.389807548899045786e-01 6.270831736482838092e-01 6.155626415447127409e-01 6.043657534679032217e-01 5.935988114019722373e-01 5.830852660423523348e-01 5.729708646184612508e-01 5.631412276409674122e-01 5.535670060994642983e-01 5.443749405401302477e-01 5.353904546855661195e-01 5.266843186411698241e-01 5.182763402139424214e-01 5.100529783987267640e-01 5.021036176050417410e-01 4.944012476777594478e-01 4.868630711247151077e-01 4.795711368971402599e-01 4.725041424846157523e-01 4.655832664537442600e-01 4.588609220025929858e-01 4.523663862298614169e-01 4.460020247247982739e-01 4.397721433631825438e-01 4.337939599308464622e-01 4.279319096482593343e-01 4.221825539628021873e-01 4.166154526707429029e-01 4.112074422660749184e-01 4.059001999233100566e-01 4.006908277774546279e-01 3.956828745070730680e-01 3.907762309585958160e-01 3.859573156098638491e-01 3.812299730711782297e-01 3.766868645972417662e-01 3.722225404385579028e-01 3.678348572307723607e-01 3.635232507547764280e-01 3.593814055567390864e-01 3.553085668268562425e-01 3.513029181084513786e-01 3.473627053113697571e-01 3.435559887647515187e-01 3.398311185621977204e-01 3.361653521178170068e-01 3.325571970188246351e-01 3.290307827655192807e-01 3.256159351255366041e-01 3.222532538983031714e-01 3.189414647959417648e-01 3.156793350012538912e-01 3.125128558551175662e-01 3.094215657672572672e-01 3.063753736559590712e-01 3.033732223297245789e-01 3.004140877786415365e-01 2.975452675989911921e-01 2.947375570011939172e-01 2.919690241190045499e-01 2.892387869614153062e-01 2.865459902673271886e-01 2.839230562316305551e-01 2.813651690450105214e-01 2.788414717660970266e-01 2.763512245223205821e-01 2.738937091415056257e-01 2.714736336789705384e-01 2.691367842336286897e-01 2.668298998621513873e-01 2.645523567776610352e-01 2.623035487968546908e-01 2.600828867194890370e-01 2.579100254250768498e-01 2.557958804804691400e-01 2.537075754431440400e-01 2.516445961014117105e-01 2.496064421732507033e-01 2.475926268408099318e-01
1.000000000000000000e+00 9.775631516209926097e-01 9.555957219123030200e-01 9.341382333373874358e-01 9.132222468203800014e-01 8.928333547525670877e-01 8.729922609904624542e-01 8.537438262798385802e-01 8.350144949438730313e-01 8.168739740459380894e-01 7.992810179663280001e-01 7.822034936514511427e-01 7.657155580529454442e-01 7.496738400371466549e-01 7.342410610321098430e-01 7.191994305205606786e-01 7.047576158549280212e-01 6.906695281119630270e-01 6.771508658913253376e-01 6.639695383535667572e-01 6.512986278162004039e-01 6.389733570774590588e-01 6.270756840548455946e-01 6.155550704146395269e-01 6.043581331430011305e-01 5.935912455903731288e-01 5.830777534611022439e-01 5.729633616220759507e-01 5.631337200963389966e-01 5.535595069855279160e-01 5.443675212078529224e-01 5.353831133332797032e-01 5.266770430488894039e-01 5.182691146747566702e-01 5.100458018136042604e-01 5.020965424964520807e-01 4.943943145515853343e-01 4.868562769542813529e-01 4.795643969725327249e-01 4.724973875432246784e-01 4.655764968060592257e-01 4.588541684505272333e-01 4.523596975792000263e-01 4.459953996746793270e-01 4.397655717388204710e-01 4.337873006586530078e-01 4.279251644308953439e-01 4.221757244525147779e-01 4.166085706389184851e-01 4.112005311698980203e-01 4.058932603043402532e-01 4.006838601616770079e-01 3.956758098223372988e-01 3.907690638614854106e-01 3.859500479314579846e-01 3.812226099343364871e-01 3.766794615743636609e-01 3.722150982213270898e-01 3.678273764920551026e-01 3.635157355212177421e-01 3.593740743751003830e-01 3.553014166306844857e-01 3.512959459120120198e-01 3.473559082068750081e-01 3.435492930811418488e-01 3.398245014917785078e-01 3.361588124132066091e-01 3.325507334641384372e-01 3.290244117291690751e-01 3.256096944365980406e-01 3.222471415655434601e-01 3.189354788767684856e-01 3.156734736001323705e-01 3.125070765822011154e-01 3.094158428646706649e-01 3.063697063013310906e-01 3.033676097199624055e-01 3.004085291293248638e-01 2.975397783572623078e-01 2.947321431488970633e-01 2.919636846041844813e-01 2.892335207557990007e-01 2.865407963656062540e-01 2.839179286020696025e-01 2.813601022864917756e-01 2.788364650649897691e-01 2.763462770826013992e-01 2.738888201842415437e-01 2.714688015163919665e-01 2.691319992392726679e-01 2.668251614311866748e-01 2.645476643178473752e-01 2.622989017281873170e-01 2.600782844738559474e-01 2.579054677403339602e-01 2.557913672726911947e-01 2.537031061687162192e-01 2.516401702275369301e-01 2.496020591776567932e-01 2.475882862114662797e-01
1.000000000000000000e+00 9.775626334768897641e-01 9.555946658888764267e-01 9.341367078690409054e-01 9.132202755500246072e-01 8.928309460201963033e-01 8.729894152049956224e-01 8.537405669681873421e-01 8.350108396957723889e-01 8.168699494446463039e-01 7.992766797483785712e-01 7.821988869705065461e-01 7.657107504068751958e-01 7.496688520823077129e-01 7.342358048140743554e-01 7.191939085604918125e-01 7.047520796217129346e-01 6.906639779551975167e-01 6.771451966892937380e-01 6.639637496045801557e-01 6.512927451302783499e-01 6.389673873327629261e-01 6.270696376329800703e-01 6.155489549762108714e-01 6.043519693149490557e-01 5.935850985494651733e-01 5.830716228122581057e-01 5.729573061780768306e-01 5.631277575349534770e-01 5.535536151843376551e-01 5.443615874823293233e-01 5.353771386301783286e-01 5.266710071986564490e-01 5.182629903490800771e-01 5.100395909551669327e-01 5.020902501075117375e-01 4.943879448736835935e-01 4.868498316350066135e-01 4.795579318088562526e-01 4.724909481046885018e-01 4.655700825607658189e-01 4.588477400267733652e-01 4.523531926736159559e-01 4.459888198202409670e-01 4.397589328303264655e-01 4.337808302041438746e-01 4.279188591579569101e-01 4.221695811856248648e-01 4.166025264103972447e-01 4.111945395135174763e-01 4.058873202405177683e-01 4.006779707390007439e-01 3.956700032858621596e-01 3.907633420969341964e-01 3.859444094231533895e-01 3.812170566635261770e-01 3.766740477516080654e-01 3.722098214283879325e-01 3.678222343764831481e-01 3.635107238706573041e-01 3.593690666641367604e-01 3.552964127936809602e-01 3.512909458850596023e-01 3.473509119277329305e-01 3.435443356388545033e-01 3.398195927749298462e-01 3.361539516486538037e-01 3.325459198982610998e-01 3.290196528747139637e-01 3.256050078937999803e-01 3.222425262297441417e-01 3.189309336702934039e-01 3.156689974714129709e-01 3.125026505129107068e-01 3.094114552228214299e-01 3.063653565263158018e-01 3.033632972643154346e-01 3.004042534583101776e-01 2.975355440793552853e-01 2.947279518836092294e-01 2.919595357513343759e-01 2.892294137287166889e-01 2.865367305907238205e-01 2.839139029281242954e-01 2.813561156457679013e-01 2.788325169357511735e-01 2.763423669544021744e-01 2.738849475575952930e-01 2.714649659845182472e-01 2.691282011111411077e-01 2.668214002271747098e-01 2.645439395683166772e-01 2.622952129732022408e-01 2.600746312629115264e-01 2.579018500943000558e-01 2.557877854834998410e-01 2.536995597981109851e-01 2.516366588459827969e-01 2.495985823641036494e-01 2.475848435531207148e-01
1.000000000000000000e+00 9.775621270132826002e-01 9.555936632150885401e-01 9.341352948252883426e-01 9.132184684654552909e-01 8.928287646142251122e-01 8.729868851060264001e-01 8.537377156615544305e-01 8.350076866210441873e-01 8.168665280823615982e-01 7.992730048239715668e-01 7.821949712584473913e-01 7.657066072576897975e-01 7.496644889676863377e-01 7.342312864831074259e-01 7.191892420026724242e-01 7.047472257509034277e-01 6.906589413593012816e-01 6.771399600750672709e-01 6.639583171523122385e-01 6.512871454462512144e-01 6.389616293031419314e-01 6.270637847047868529e-01 6.155430513358386424e-01 6.043460166263212585e-01 5.935790995066846376e-01 5.830655785062559548e-01 5.729512003935393061e-01 5.631215860298677267e-01 5.535473900795951918e-01 5.443553689618403357e-01 5.353709265452539778e-01 5.266648124218056282e-01 5.182568274823107224e-01 5.100334592978194026e-01 5.020841859635263305e-01 4.943819762521004524e-01 4.868439564995505897e-01 4.795521556018979559e-01 4.724852749373543714e-01 4.655645103025910503e-01 4.588422650744450881e-01 4.523478105784438097e-01 4.459835287210276444e-01 4.397537202633121090e-01 4.337755271804696333e-01 4.279134674348482603e-01 4.221641024682783461e-01 4.165970499150003503e-01 4.111891304120283697e-01 4.058819772771782297e-01 4.006726926941654443e-01 3.956648619511878850e-01 3.907583424458518362e-01 3.859395489224351494e-01 3.812123258047167007e-01 3.766693306554158016e-01 3.722051178561483487e-01 3.678175440960247955e-01 3.635060477123861489e-01 3.593644726718474569e-01 3.552918995984222228e-01 3.512865121539149871e-01 3.473465563625838248e-01 3.435400151610338293e-01 3.398152943186314445e-01 3.361496748644548505e-01 3.325416644455619908e-01 3.290154245941747657e-01 3.256008201705201666e-01 3.222383784441565924e-01 3.189268252179657259e-01 3.156649277625543371e-01 3.124986221215776405e-01 3.094074694480183352e-01 3.063614127463218373e-01 3.033593948719841005e-01 3.004003918606124035e-01 2.975317196868033087e-01 2.947241628805180591e-01 2.919557816438930753e-01 2.892256940342312066e-01 2.865330448372803707e-01 2.839102558442780921e-01 2.813525113441623371e-01 2.788289548445388455e-01 2.763388465141107808e-01 2.738814682207641460e-01 2.714615266489653345e-01 2.691247958174878274e-01 2.668180285389069040e-01 2.645406010580070300e-01 2.622919072222540948e-01 2.600713578613113586e-01 2.578986044642234687e-01 2.557845606866559485e-01 2.536963555798678605e-01 2.516334749567756268e-01 2.495954185592975105e-01 2.475816995928779574e-01
1.000000000000000000e+00 9.775617913534339065e-01 9.555930171365055736e-01 9.341343022579053912e-01 9.132171372330292192e-01 8.928271078292417950e-01 8.729849206427701125e-01 8.537354646867086894e-01 8.350051606685163774e-01 8.168637400366197676e-01 7.992699776459892824e-01 7.821917240937157345e-01 7.657031908047542412e-01 7.496609190726899463e-01 7.342275828402303750e-01 7.191854091465409438e-01 7.047433335415075328e-01 6.906549912503952005e-01 6.771360097068054307e-01 6.639543683480414460e-01 6.512831498036134592e-01 6.389575781559617695e-01 6.270596807146509022e-01 6.155388967003890821e-01 6.043418111354941225e-01 5.935748395809189448e-01 5.830612654266610351e-01 5.729468932031170914e-01 5.631173035552404782e-01 5.535431288269081485e-01 5.443511121886456250e-01 5.353666741503935178e-01 5.266605825797033846e-01 5.182526445488381261e-01 5.100293222429890250e-01 5.020800652246383278e-01 4.943778487210854222e-01 4.868398223211977682e-01 4.795480152446317534e-01 4.724811288036278034e-01 4.655603585118391341e-01 4.588380786512293308e-01 4.523435433632864155e-01 4.459791823332945881e-01 4.397493083020899696e-01 4.337712399003854635e-01 4.279093024138263535e-01 4.221600573559574077e-01 4.165930930998771875e-01 4.111852383870729377e-01 4.058781488351480560e-01 4.006689266625357848e-01 3.956611081318952561e-01 3.907545956147017163e-01 3.859358089544832060e-01 3.812085934263377829e-01 3.766656194043036532e-01 3.722014273659245420e-01 3.678138740102784299e-01 3.635023975403577357e-01 3.593608327723173401e-01 3.552882698002423623e-01 3.512828922904424056e-01 3.473429462715261207e-01 3.435364564521075637e-01 3.398117986584491268e-01 3.361462412526010080e-01 3.325382919068823884e-01 3.290121059168529261e-01 3.255975405222913954e-01 3.222351372287989291e-01 3.189236218538210599e-01 3.156617616820548977e-01 3.124954869373990363e-01 3.094043611729135335e-01 3.063583309877218608e-01 3.033563392465226105e-01 3.003973619938365980e-01 2.975287145840442848e-01 2.947211819232749552e-01 2.919528244952486751e-01 2.892227603648530598e-01 2.865301343251910327e-01 2.839073702169165880e-01 2.813496520895339414e-01 2.788261216101335371e-01 2.763360389550465479e-01 2.738786859995637757e-01 2.714587694533425188e-01 2.691220634968763958e-01 2.668153207743382271e-01 2.645379175371525560e-01 2.622892476392379435e-01 2.600687219165292441e-01 2.578959965474709737e-01 2.557819878498737709e-01 2.536938173942948627e-01 2.516309710021830681e-01 2.495929484237576768e-01 2.475792628725409783e-01
1.000000000000000000e+00 9.775615396278650726e-01 9.555925125741236981e-01 9.341335415831717448e-01 9.132161011858314081e-01 8.928258010266391098e-01 8.729833587456586885e-01 8.537336663830100703e-01 8.350031421908395979e-01 8.168615334896687230e-01 7.992675964064200889e-01 7.821891794904767270e-01 7.657004899147885624e-01 7.496580665011546296e-01 7.342246290898766237e-01 7.191823592194769299e-01 7.047401581932606351e-01 6.906516935529373180e-01 6.771326274695756986e-01 6.639509047603342484e-01 6.512796409926926433e-01 6.389540321387915389e-01 6.270560952837354041e-01 6.155352706191199452e-01 6.043381503187748027e-01 5.935711615340916181e-01 5.830575705552309973e-01 5.729431893450822599e-01 5.631135933613554689e-01 5.535394092864271975e-01 5.443473659746768112e-01 5.353629018652905636e-01 5.266567833419067979e-01 5.182488169630800057e-01 5.100254669317145773e-01 5.020761813923578787e-01 4.943739358678570506e-01 4.868358810656687186e-01 4.795440453118068325e-01 4.724771300641099070e-01 4.655563315612405995e-01 4.588340886365971372e-01 4.523396935472162594e-01 4.459754699056945326e-01 4.397457256168072481e-01 4.337677071037530085e-01 4.279058185366992340e-01 4.221566214578859610e-01 4.165896958623832025e-01 4.111818728218789576e-01 4.058748143521006546e-01 4.006656226884527938e-01 3.956578359063567252e-01 3.907513547474186777e-01 3.859325988847865929e-01 3.812054144036286507e-01 3.766624836944094668e-01 3.721983342177359599e-01 3.678108226931204872e-01 3.634993875110844042e-01 3.593578741837943347e-01 3.552853617954255805e-01 3.512800340348474770e-01 3.473401369524540816e-01 3.435336845994442223e-01 3.398090604787680213e-01 3.361435362116016456e-01 3.325356194837559842e-01 3.290094625410515672e-01 3.255949188965753249e-01 3.222325370209061512e-01 3.189210427396059200e-01 3.156592033452238488e-01 3.124929543531927423e-01 3.094018571618750713e-01 3.063558551330052837e-01 3.033538911410534888e-01 3.003949412400058749e-01 2.975263176792579678e-01 2.947188071952124289e-01 2.919504716344644146e-01 2.892204290688681345e-01 2.865278242982814971e-01 2.839050821297255389e-01 2.813473865032811161e-01 2.788238782240607949e-01 2.763338174749044862e-01 2.738764861374203274e-01 2.714565909075993266e-01 2.691199058016934820e-01 2.668131836623520159e-01 2.645358007465651307e-01 2.622871509136599499e-01 2.600666450048287337e-01 2.578939388711669611e-01 2.557799486468942396e-01 2.536917964388515356e-01 2.516289680729808520e-01 2.495909633038730646e-01 2.475772953493040884e-01
1.000000000000000000e+00 9.775612807490746681e-01 9.555919902486663675e-01 9.341327629949410793e-01 9.132150826506783003e-01 8.928245547950165451e-01 8.729818977892634946e-01 8.537320024237330385e-01 8.350012864997845563e-01 8.168595077585091291e-01 7.992654088674605584e-01 7.821868373845923816e-01 7.656980129689312520e-01 7.496554621253662676e-01 7.342219009997745793e-01 7.191795106660681114e-01 7.047372288162232490e-01 6.906486853319043773e-01 6.771295806173618370e-01 6.639478214574006110e-01 6.512765470504702225e-01 6.389509328665402554e-01 6.270529858135445167e-01 6.155321476838998551e-01 6.043350067593228347e-01 5.935679726039876369e-01 5.830543373222598635e-01 5.729399324369698343e-01 5.631103197546326600e-01 5.535361258759653458e-01 5.443441091660712328e-01 5.353596710578052420e-01 5.266535724552233733e-01 5.182456180760213194e-01 5.100222797808010577e-01 5.020730277663958407e-01 4.943708326066761360e-01 4.868328270956298054e-01 4.795410682084432774e-01 4.724742520617064567e-01 4.655535506107688071e-01 4.588313669266652073e-01 4.523369721696323675e-01 4.459727488537970075e-01 4.397430036961784139e-01 4.337649656688607469e-01 4.279030579666306955e-01 4.221538421205040525e-01 4.165869114304837084e-01 4.111790933086862387e-01 4.058720396659638019e-01 4.006628527403566786e-01 3.956550943908267448e-01 3.907486435763031785e-01 3.859299175155433970e-01 3.812027626322581630e-01 3.766598662172845335e-01 3.721957504401429695e-01 3.678082720365251634e-01 3.634968691758865278e-01 3.593553723270067057e-01 3.552828761425045889e-01 3.512775643184765095e-01 3.473376829122949982e-01 3.435312507098596813e-01 3.398066478307242844e-01 3.361411444680520999e-01 3.325332483161645425e-01 3.290071119765161090e-01 3.255925893942919203e-01 3.222302282591203992e-01 3.189187544044230771e-01 3.156569351303530335e-01 3.124907050839954015e-01 3.093996260291531630e-01 3.063536418721706789e-01 3.033516954937207633e-01 3.003927629537972432e-01 2.975241612457670271e-01 2.947166743404545097e-01 2.919483620294308635e-01 2.892183423919571506e-01 2.865257602350738120e-01 2.839030377911292979e-01 2.813453593183778967e-01 2.788218679635665609e-01 2.763318239144965660e-01 2.738745090575925856e-01 2.714546301054625022e-01 2.691179611815416872e-01 2.668112550166861219e-01 2.645338878722054421e-01 2.622852536116245248e-01 2.600647630802155885e-01 2.578920727431429638e-01 2.557780990845132107e-01 2.536899632396416582e-01 2.516271510384995858e-01 2.495891622395978171e-01 2.475755100645267714e-01
1.000000000000000000e+00 9.775610712908242572e-01 9.555915748699521650e-01 9.341321211489341803e-01 9.132142473708805275e-01 8.928235402952707789e-01 8.729807129945739153e-01 8.537306656818027806e-01 8.349998056567385918e-01 8.168578904719248079e-01 7.992636696154834519e-01 7.821849880968352320e-01 7.656960633439471309e-01 7.496534164204153861e-01 7.342197910764737268e-01 7.191773398602591127e-01 7.047350116547209664e-01 6.906464229501099172e-01 6.771272646782728888e-01 6.639454529634837288e-01 6.512741376867727805e-01 6.389484857329047474e-01 6.270504929319437037e-01 6.155296039043249845e-01 6.043324284673475821e-01 5.935654117975672772e-01 5.830517935898769100e-01 5.729373949942939692e-01 5.631077850487036240e-01 5.535335921249021629e-01 5.443415667957165471e-01 5.353571202628041314e-01 5.266510099211424434e-01 5.182430392980543754e-01 5.100196851156200140e-01 5.020704393858490544e-01 4.943682677637395440e-01 4.868302852885464382e-01 4.795385393642127014e-01 4.724717279226499089e-01 4.655510310796012741e-01 4.588288564831867755e-01 4.523344779978657471e-01 4.459702706275975870e-01 4.397405423928827939e-01 4.337625412789779533e-01 4.279006697730748376e-01 4.221514894274212004e-01 4.165845922288774483e-01 4.111768059747450410e-01 4.058697836058938746e-01 4.006606273774405147e-01 3.956528825490835954e-01 3.907464433168274520e-01 3.859277286312502997e-01 3.812005855271327071e-01 3.766577104448917690e-01 3.721936156305413190e-01 3.678061578298375545e-01 3.634947752680411370e-01 3.593533013560522016e-01 3.552808277262938241e-01 3.512755380849217346e-01 3.473356784990224155e-01 3.435292630545583314e-01 3.398046752566877826e-01 3.361391867359810881e-01 3.325313051928019403e-01 3.290051831634844270e-01 3.255906745122252310e-01 3.222283270952043810e-01 3.189168667510419164e-01 3.156550607849202272e-01 3.124888457193931712e-01 3.093977825575719987e-01 3.063518140617517704e-01 3.033498831180404531e-01 3.003909657916965514e-01 2.975223798729070834e-01 2.947149088743836187e-01 2.919466122481919057e-01 2.892166080785896765e-01 2.865240411774627738e-01 2.839013339975729466e-01 2.813436707757128175e-01 2.788201944679422062e-01 2.763301652664739150e-01 2.738728650620143035e-01 2.714530005680682589e-01 2.691163458840805101e-01 2.668096537765612952e-01 2.645323005106217651e-01 2.622836799534802865e-01 2.600632029539996504e-01 2.578905261078845990e-01 2.557765659746938369e-01 2.536884434899482343e-01 2.516256444869084397e-01 2.495876687272861050e-01 2.475740294357861027e-01
1.000000000000000000e+00 9.775609043869991632e-01 9.555912485907821496e-01 9.341316635724548068e-01 9.132136353510802440e-01 8.928227730281482755e-01 8.729797989081419241e-01 8.537296178522895129e-01 8.349986317433084615e-01 8.168566018414651353e-01 7.992622753757469001e-01 7.821834958953515216e-01 7.656944894358056475e-01 7.496517663810857712e-01 7.342180735810431846e-01 7.191755570003790510e-01 7.047331746242815331e-01 6.906445330759242163e-01 6.771253330533719694e-01 6.639434809239704860e-01 6.512721289267408009e-01 6.389464416919834466e-01 6.270484312220588885e-01 6.155275367298761457e-01 6.043303531446206911e-01 5.935633190263844838e-01 5.830496837808821775e-01 5.729352671095060412e-01 5.631056390358991637e-01 5.535314321515686364e-01 5.443394140235487955e-01 5.353549745291816819e-01 5.266488905254637087e-01 5.182409721235490263e-01 5.100176690156515980e-01 5.020684385313328724e-01 4.943662541674621047e-01 4.868282592221269689e-01 4.795365130090627481e-01 4.724697112139851218e-01 4.655490238179692541e-01 4.588268635975255028e-01 4.523325074480947783e-01 4.459683219660238729e-01 4.397386147030777348e-01 4.337606265731108746e-01 4.278987677989178895e-01 4.221495999402142818e-01 4.165827148100254562e-01 4.111749402621981964e-01 4.058679293815274924e-01 4.006587844294022815e-01 3.956510610206844247e-01 3.907446438766621344e-01 3.859259508843927988e-01 3.811988283598354843e-01 3.766559617287487671e-01 3.721918752189968260e-01 3.678044255803231133e-01 3.634930510807301562e-01 3.593515876095052519e-01 3.552791242465594967e-01 3.512738447026274025e-01 3.473339950492171369e-01 3.435275908319734284e-01 3.398030145166620608e-01 3.361375372963169572e-01 3.325296668759025187e-01 3.290035571254281144e-01 3.255890635362247987e-01 3.222267309511666067e-01 3.189152852144940820e-01 3.156534936368272093e-01 3.124872924606856284e-01 3.093962428110108576e-01 3.063502876302119926e-01 3.033483698090181369e-01 3.003894654171637701e-01 2.975208918404095848e-01 2.947134328347443266e-01 2.919451480340669591e-01 2.892151555264027007e-01 2.865226001272905276e-01 2.838999047872834414e-01 2.813422536869919499e-01 2.788187893387673588e-01 2.763287719383288321e-01 2.738714833797859516e-01 2.714516303877541059e-01 2.691149871319857834e-01 2.668083063061437166e-01 2.645309641783893939e-01 2.622823546189059774e-01 2.600618884794375640e-01 2.578892225600803445e-01 2.557752735374518860e-01 2.536871620274708805e-01 2.516243738661004814e-01 2.495864088176814044e-01 2.475727801094769198e-01
1.000000000000000000e+00 9.775607316646838241e-01 9.555909001418219084e-01 9.341311622525783065e-01 9.132129996152565932e-01 8.928220127362992420e-01 8.729789224101364153e-01 8.537286326977603368e-01 8.349975435196775875e-01 8.168554197973535436e-01 7.992610061362896978e-01 7.821821450748412952e-01 7.656930618200205041e-01 7.496502645629997685e-01 7.342165095304608036e-01 7.191739329104120948e-01 7.047315086896360770e-01 6.906428263215124153e-01 6.771235990926552928e-01 6.639417208288971306e-01 6.512703410361696532e-01 6.389446262142656208e-01 6.270465943438061629e-01 6.155256828451565188e-01 6.043284872548765341e-01 5.935614569196755452e-01 5.830478253681760092e-01 5.729334142084147041e-01 5.631037921433184046e-01 5.535295908876138871e-01 5.443375769162970279e-01 5.353531414847642056e-01 5.266470471042193902e-01 5.182390990370038253e-01 5.100157669151756945e-01 5.020665355150591980e-01 4.943643721372607547e-01 4.868263977306325208e-01 4.795346589715616115e-01 4.724678539348911577e-01 4.655471633643061824e-01 4.588250108802831573e-01 4.523306797816553093e-01 4.459665188482774822e-01 4.397368358699921265e-01 4.337588750499024592e-01 4.278970430550605442e-01 4.221479014608903735e-01 4.165810308375312299e-01 4.111732621386498532e-01 4.058662569979410439e-01 4.006571176799277323e-01 3.956494052200612566e-01 3.907429993796548984e-01 3.859243174888987160e-01 3.811972062061847466e-01 3.766543560506132038e-01 3.721902857306663703e-01 3.678028520038604254e-01 3.634914931445036856e-01 3.593500449731419355e-01 3.552775966551511844e-01 3.512723319079762430e-01 3.473324968096044296e-01 3.435261119657021522e-01 3.398015562245750298e-01 3.361360992519568103e-01 3.325282487610549120e-01 3.290021570141936635e-01 3.255876775378818699e-01 3.222253588501216015e-01 3.189139268004199113e-01 3.156521487044917640e-01 3.124859601131033671e-01 3.093949224410349474e-01 3.063489790631044318e-01 3.033470728741370914e-01 3.003881799478352321e-01 2.975196179189950607e-01 2.947121704039243895e-01 2.919438969335062528e-01 2.892139155993755373e-01 2.865213712205711971e-01 2.838986865965484885e-01 2.813410459298473221e-01 2.788175918757528904e-01 2.763275846330022212e-01 2.738703060986343307e-01 2.714504630548352782e-01 2.691138301445371028e-01 2.668071595315066880e-01 2.645298274866671462e-01 2.622812278828853816e-01 2.600607715745137938e-01 2.578881152696892443e-01 2.557741755939004769e-01 2.536860733165184345e-01 2.516232942757795632e-01 2.495853382382365315e-01 2.475717184333047494e-01
1.000000000000000000e+00 9.775606356638223415e-01 9.555907147293841719e-01 9.341308731229611695e-01 9.132125996059701212e-01 8.928215050572967382e-01 8.729783156023276369e-01 8.537279339243403209e-01 8.349967580663012479e-01 8.168545568070226803e-01 7.992600702606351692e-01 7.821811403134996121e-01 7.656920024815584425e-01 7.496491552423102389e-01 7.342153547361258692e-01 7.191727339536190255e-01 7.047302685567180536e-01 6.906415460210065804e-01 6.771222830698618855e-01 6.639403700679128439e-01 6.512689690054781488e-01 6.389432359878187695e-01 6.270451966927441667e-01 6.155242852096648454e-01 6.043270856877337449e-01 5.935600381994117214e-01 5.830463898984844517e-01 5.729319725123487306e-01 5.631023476891396928e-01 5.535281435949166440e-01 5.443361260507038057e-01 5.353516871269602406e-01 5.266456114552638956e-01 5.182377117758149021e-01 5.100144269792881158e-01 5.020652226000947849e-01 4.943630703054894826e-01 4.868251067457911585e-01 4.795333880657058345e-01 4.724666105705806474e-01 4.655459469720872878e-01 4.588238030388773758e-01 4.523294515334998489e-01 4.459652706023983226e-01 4.397355694664277781e-01 4.337576135200855165e-01 4.278957863043127974e-01 4.221466493973367595e-01 4.165797780690628227e-01 4.111720047290172708e-01 4.058649950336236101e-01 4.006558512449178711e-01 3.956481486015857585e-01 3.907417538492381492e-01 3.859230828482922426e-01 3.811959825717670114e-01 3.766531482135732634e-01 3.721890934170540288e-01 3.678016749471783586e-01 3.634903310159849910e-01 3.593488930315661412e-01 3.552764547307957210e-01 3.512711998355859122e-01 3.473313744282385818e-01 3.435249995272988133e-01 3.398004536920544161e-01 3.361350064681389305e-01 3.325271655727288223e-01 3.290010834263727979e-01 3.255866137477790856e-01 3.222243047080636802e-01 3.189128821603894326e-01 3.156511134240087557e-01 3.124849339348403920e-01 3.093939051593713740e-01 3.063479705482503590e-01 3.033460729993450733e-01 3.003871885893046878e-01 2.975186344505807434e-01 2.947111944977259257e-01 2.919429284840033834e-01 2.892129545034234916e-01 2.865204173773288621e-01 2.838977403631762764e-01 2.813401076106951670e-01 2.788166613650356895e-01 2.763266618272240405e-01 2.738693908965212920e-01 2.714495554285517032e-01 2.691129306810567390e-01 2.668062681261591518e-01 2.645289440369610334e-01 2.622803522884466498e-01 2.600599037370264766e-01 2.578872550299955435e-01 2.557733227591452163e-01 2.536852277961955671e-01 2.516224559811842121e-01 2.495845070824158074e-01 2.475708943310111487e-01
1.000000000000000000e+00 9.775605359359860191e-01 9.555905183141429893e-01 9.341305670995595500e-01 9.132122039487836629e-01 8.928210262251953244e-01 8.729777552316712042e-01 8.537272988475723690e-01 8.349960523679456070e-01 8.168537865185591107e-01 7.992592397628213163e-01 7.821802533313277905e-01 7.656910663700232655e-01 7.496481727435255760e-01 7.342143331225765568e-01 7.191716745814890066e-01 7.047291812887348517e-01 6.906404315404296446e-01 6.771211492942099675e-01 6.639392177026527397e-01 6.512678051440891069e-01 6.389420622549427664e-01 6.270440083362501804e-01 6.155230790730366053e-01 6.043258564234892383e-01 5.935587668849769960e-01 5.830450775234982119e-01 5.729306420743149886e-01 5.631010068368454968e-01 5.535267932740899344e-01 5.443347704024961153e-01 5.353503262716767797e-01 5.266442461888585225e-01 5.182363431203067528e-01 5.100130550090926640e-01 5.020638501695272593e-01 4.943616996409705977e-01 4.868237378096736956e-01 4.795320197587101818e-01 4.724652419941343107e-01 4.655445781317614773e-01 4.588224482286207273e-01 4.523281334855379643e-01 4.459639885798801773e-01 4.397343213202462575e-01 4.337563760493756138e-01 4.278945593016911797e-01 4.221454326615602382e-01 4.165785822630430624e-01 4.111708375456931130e-01 4.058638559396650636e-01 4.006547397223325646e-01 3.956470475650646357e-01 3.907406614181309634e-01 3.859219988687387914e-01 3.811949068977524280e-01 3.766520807569480600e-01 3.721880340353164729e-01 3.678006235017032832e-01 3.634892873789899448e-01 3.593478575307312295e-01 3.552754272305660432e-01 3.512701802039746579e-01 3.473303625367046288e-01 3.435239955189071104e-01 3.397994575207317625e-01 3.361340180095316876e-01 3.325261847056238951e-01 3.290001101174127029e-01 3.255856480700977662e-01 3.222233465450830558e-01 3.189119313983791448e-01 3.156501699519934090e-01 3.124839980588856592e-01 3.093929770185722683e-01 3.063470500297606480e-01 3.033451599929641862e-01 3.003862829873941709e-01 2.975177370950969902e-01 2.947103056790900677e-01 2.919420480830955955e-01 2.892120824038054705e-01 2.865195534651629461e-01 2.838968841610665095e-01 2.813392586878517565e-01 2.788158196241605769e-01 2.763258271731245941e-01 2.738685632360489119e-01 2.714487346316564187e-01 2.691121162853635229e-01 2.668054600495863848e-01 2.645281421991357296e-01 2.622795566106562726e-01 2.600591141421725316e-01 2.578864715816072684e-01 2.557725456011469833e-01 2.536844568517037102e-01 2.516216911748451190e-01 2.495837483403644252e-01 2.475701415808307659e-01
1.000000000000000000e+00 9.775604445958365751e-01 9.555903489303104736e-01 9.341303316742527452e-01 9.132118924336676269e-01 8.928206386303739750e-01 8.729772958113132253e-01 8.537267730946042077e-01 8.349954637173686578e-01 8.168531400852152569e-01 7.992585438515096286e-01 7.821795146835952561e-01 7.656902861892398438e-01 7.496473520826086867e-01 7.342134783880837068e-01 7.191707869340099313e-01 7.047282645412960012e-01 6.906394864057837646e-01 6.771201796464040301e-01 6.639382242429544556e-01 6.512667915566221488e-01 6.389410296569096870e-01 6.270429659811401768e-01 6.155220333765037966e-01 6.043248161890533154e-01 5.935577614128185742e-01 5.830441059954974969e-01 5.729296766085960613e-01 5.631000384057525121e-01 5.535258225640539154e-01 5.443338009012325118e-01 5.353493579518884271e-01 5.266432825910858373e-01 5.182353889920086054e-01 5.100121101423450432e-01 5.020629132457772315e-01 4.943607695991928397e-01 4.868228145031634480e-01 4.795311032157304476e-01 4.724643322153594949e-01 4.655436749773337324e-01 4.588215510640925032e-01 4.523272413859747432e-01 4.459631014437616670e-01 4.397334391912620100e-01 4.337555010622923257e-01 4.278936913177690538e-01 4.221445715461676351e-01 4.165777275259481272e-01 4.111699887990146740e-01 4.058630130717829076e-01 4.006539026248366886e-01 3.956462168956872416e-01 3.907398371385788494e-01 3.859211808647651232e-01 3.811940950916129500e-01 3.766512755772932763e-01 3.721872353672330269e-01 3.677998312334043729e-01 3.634885014082513410e-01 3.593470781747452047e-01 3.552746543791255318e-01 3.512694137497736069e-01 3.473296023752382999e-01 3.435232418196616511e-01 3.397987102612975985e-01 3.361332770877263343e-01 3.325254500218447484e-01 3.289993816597207021e-01 3.255849259329463563e-01 3.222226306319175282e-01 3.189112216150032375e-01 3.156494662064927015e-01 3.124833004089864752e-01 3.093922854638128661e-01 3.063463644812208231e-01 3.033444803638079001e-01 3.003856091928048810e-01 2.975170682299475011e-01 2.947096413210709698e-01 2.919413881693161406e-01 2.892114268727907223e-01 2.865189022568108146e-01 2.838962378432070555e-01 2.813386177540220245e-01 2.788151840023951333e-01 2.763251967930153152e-01 2.738679380286993537e-01 2.714481145240807969e-01 2.691115011582347893e-01 2.668048498390409584e-01 2.645275368426395213e-01 2.622789560469671599e-01 2.600585183113042209e-01 2.578858805550039435e-01 2.557719595252906375e-01 2.536838756660844685e-01 2.516211148201570880e-01 2.495831767584733574e-01 2.475695747147423353e-01
1.000000000000000000e+00 9.775603858183694594e-01 9.555902214533981143e-01 9.341301391426876100e-01 9.132116390765795400e-01 8.928203270586883011e-01 8.729769283449134720e-01 8.537263541365600616e-01 8.349949963195475444e-01 8.168526294027522727e-01 7.992579919309678038e-01 7.821789233300786570e-01 7.656896605093251873e-01 7.496466939840412680e-01 7.342127951116131923e-01 7.191700794782452943e-01 7.047275357909945637e-01 6.906387368825177564e-01 6.771194119174732684e-01 6.639374388194126952e-01 6.512660003955230703e-01 6.389402352333720669e-01 6.270421654365231356e-01 6.155212247931673986e-01 6.043240003691617845e-01 5.935569405869729476e-01 5.830432802815116444e-01 5.729288507784127127e-01 5.630992139901521698e-01 5.535249995733443340e-01 5.443329795408835547e-01 5.353485381850828784e-01 5.266424646657483777e-01 5.182345732530732052e-01 5.100112965418042155e-01 5.020621022996297755e-01 4.943599616984075684e-01 4.868220095828216243e-01 4.795303018852239418e-01 4.724635349597879896e-01 4.655428817124430685e-01 4.588207620579224377e-01 4.523264571155874436e-01 4.459623218142346746e-01 4.397326641623280352e-01 4.337547313572267527e-01 4.278929268331494451e-01 4.221438121816339373e-01 4.165769736708165305e-01 4.111692407120585702e-01 4.058622706455233264e-01 4.006531657548851877e-01 3.956454858136090325e-01 3.907391117737821773e-01 3.859204611150279796e-01 3.811933807784274597e-01 3.766505653294328071e-01 3.721865291141986942e-01 3.677991289066154246e-01 3.634878029694573187e-01 3.593463853995085278e-01 3.552739671730866244e-01 3.512687320210568509e-01 3.473289260343667140e-01 3.435225709837584906e-01 3.397980449032542705e-01 3.361326171206238111e-01 3.325247953609586915e-01 3.289987322188124286e-01 3.255842816233896486e-01 3.222219913753238685e-01 3.189105873348991871e-01 3.156488368282572288e-01 3.124826760789021218e-01 3.093916662402431683e-01 3.063457502896680951e-01 3.033438711315211145e-01 3.003850048487244351e-01 2.975164693204073729e-01 2.947090480338546703e-01 2.919408004259718692e-01 2.892108445966329877e-01 2.865183253728665891e-01 2.838956660522957143e-01 2.813380507858203594e-01 2.788146217924404868e-01 2.763246392782401917e-01 2.738673851473901188e-01 2.714475662391406807e-01 2.691109576341423892e-01 2.668043110147486074e-01 2.645270026583704248e-01 2.622784264441795354e-01 2.600579932326564925e-01 2.578853598731494223e-01 2.557714430736507394e-01 2.536833633929557741e-01 2.516206066748651882e-01 2.495826726913447646e-01 2.475690746770777551e-01
1.000000000000000000e+00 9.775603297608235209e-01 9.555901117613901929e-01 9.341299776608863459e-01 9.132114266751880649e-01 8.928200657063394274e-01 8.729766208720086684e-01 8.537260040675679340e-01 8.349946061854905954e-01 8.168522035709155915e-01 7.992575335238860657e-01 7.821784349516788248e-01 7.656891452833507472e-01 7.496461531830137526e-01 7.342122323109011583e-01 7.191694954043087451e-01 7.047269345631294035e-01 6.906381189208794513e-01 6.771187844657015065e-01 6.639368023300844524e-01 6.512653545078233019e-01 6.389395800574665385e-01 6.270415027542504127e-01 6.155205558795399101e-01 6.043233258921436590e-01 5.935562624302550550e-01 5.830425985316942672e-01 5.729281670339726462e-01 5.630985287941937534e-01 5.535243132078419004e-01 5.443322934140440994e-01 5.353478522915164906e-01 5.266417795850606431e-01 5.182338897627788432e-01 5.100106146069823820e-01 5.020614226118038648e-01 4.943592847870551532e-01 4.868213353887557160e-01 4.795296308287518294e-01 4.724628673733012318e-01 4.655422175241958893e-01 4.588201015414085648e-01 4.523258007490134625e-01 4.459616695144207887e-01 4.397320158858984973e-01 4.337540876110586585e-01 4.278922875292373029e-01 4.221431772345778932e-01 4.165763415314792661e-01 4.111686102355441297e-01 4.058616418008481608e-01 4.006525385119568683e-01 3.956448630249245202e-01 3.907384936527912300e-01 3.859198475782747439e-01 3.811927718490090156e-01 3.766499626072050133e-01 3.721859324915195999e-01 3.677985382787714030e-01 3.634872182178884303e-01 3.593458053476295544e-01 3.552733917425970889e-01 3.512681611357172939e-01 3.473283596199278622e-01 3.435220091090083749e-01 3.397974875376597592e-01 3.361320641926366370e-01 3.325242468008371421e-01 3.289981881152165277e-01 3.255837422579260232e-01 3.222214566756110843e-01 3.189100572303240622e-01 3.156483112499169907e-01 3.124821549234580997e-01 3.093911494207267077e-01 3.063452377428236284e-01 3.033433627955757772e-01 3.003845006633417136e-01 2.975159697203146880e-01 2.947085531663920510e-01 2.919403102251020288e-01 2.892103589978052836e-01 2.865178443129720032e-01 2.838951892393635212e-01 2.813375779570116975e-01 2.788141528945017877e-01 2.763241742590701322e-01 2.738669239560062030e-01 2.714471088319225789e-01 2.691105040224742728e-01 2.668038611499607971e-01 2.645265564928062640e-01 2.622779839311669692e-01 2.600575543264804779e-01 2.578849245493097242e-01 2.557710113200561408e-01 2.536829351659694587e-01 2.516201819317185340e-01 2.495822513901141404e-01 2.475686567766614832e-01
1.000000000000000000e+00 9.775602846236286503e-01 9.555900218286038639e-01 9.341298396147236227e-01 9.132112451227492045e-01 8.928198433526438604e-01 8.729763601735427425e-01 8.537257078126857524e-01 8.349942763444699878e-01 8.168518434220464197e-01 7.992571454386324659e-01 7.821780209234622250e-01 7.656887085852364105e-01 7.496456950498310290e-01 7.342117558307759140e-01 7.191690011893394630e-01 7.047264261038693745e-01 6.906375965662173710e-01 6.771182511939854987e-01 6.639362584931316480e-01 6.512648024270536462e-01 6.389390203511151611e-01 6.270409367237084197e-01 6.155199844619579919e-01 6.043227496636717211e-01 5.935556830149711915e-01 5.830420160045991507e-01 5.729275826770754421e-01 5.630979430466431790e-01 5.535237263048591316e-01 5.443317065114798847e-01 5.353472653893616151e-01 5.266411932026628939e-01 5.182333045950940908e-01 5.100100306273388506e-01 5.020608402729043185e-01 4.943587044348050630e-01 4.868207569808051249e-01 4.795290548001925890e-01 4.724622940710911378e-01 4.655416468919643114e-01 4.588195337711865607e-01 4.523252361801781696e-01 4.459611080828044805e-01 4.397314575605308362e-01 4.337535328220381570e-01 4.278917362078660802e-01 4.221426293141924968e-01 4.165757989890419011e-01 4.111680744903922213e-01 4.058611127263270779e-01 4.006520159850542884e-01 3.956443447513623979e-01 3.907379793339288421e-01 3.859193371434042064e-01 3.811922652610758577e-01 3.766494603096754434e-01 3.721854344099915779e-01 3.677980443408669919e-01 3.634867283549336747e-01 3.593453196042367681e-01 3.552729100501311188e-01 3.512676834273494864e-01 3.473278858305745009e-01 3.435215393398414196e-01 3.397970217734829212e-01 3.361316023699014721e-01 3.325237888575998668e-01 3.289977339996666417e-01 3.255832919302310002e-01 3.222210100779063779e-01 3.189096143061585509e-01 3.156478719442069591e-01 3.124817191689953089e-01 3.093907171570864922e-01 3.063448089190793922e-01 3.033429373619947467e-01 3.003840785713473016e-01 2.975155510616663279e-01 2.947081379525114397e-01 2.919398984079221160e-01 2.892099505303412088e-01 2.865174391492882333e-01 2.838947873593782867e-01 2.813371793386347242e-01 2.788137574941368935e-01 2.763237820340645468e-01 2.738665348646228681e-01 2.714467228395254228e-01 2.691101211486848777e-01 2.668034813547896511e-01 2.645261797370964119e-01 2.622776101765703638e-01 2.600571835354354988e-01 2.578845566993003824e-01 2.557706463974097622e-01 2.536825731349066082e-01 2.516198227571718182e-01 2.495818950377088619e-01 2.475683032126971272e-01
1.000000000000000000e+00 9.775602461528772880e-01 9.555899460879602181e-01 9.341297303109920014e-01 9.132111012727046617e-01 8.928196658848406297e-01 8.729761510106397449e-01 8.537254696112723806e-01 8.349940106992455036e-01 8.168515527002877530e-01 7.992568317730921468e-01 7.821776860961101585e-01 7.656883549928722443e-01 7.496453236357403238e-01 7.342113699417055495e-01 7.191686013584411841e-01 7.047260149207995594e-01 6.906371743090274906e-01 6.771178200676483128e-01 6.639358187766992714e-01 6.512643559893374068e-01 6.389385676914494105e-01 6.270404792367165747e-01 6.155195231381984655e-01 6.043222848795268831e-01 5.935552158133705625e-01 5.830415464424368865e-01 5.729271119354079067e-01 5.630974715221865878e-01 5.535232542031073288e-01 5.443312348875446460e-01 5.353467942324524609e-01 5.266407229188750927e-01 5.182328357316967615e-01 5.100095631531439411e-01 5.020603720703981088e-01 4.943582338567874546e-01 4.868202840779156659e-01 4.795285821936762227e-01 4.724618238976611706e-01 4.655411791013139289e-01 4.588190685250602141e-01 4.523247737661302281e-01 4.459606484440696850e-01 4.397310006693375128e-01 4.337530790530035318e-01 4.278912855003387805e-01 4.221421816093166024e-01 4.165753540563338353e-01 4.111676321485439600e-01 4.058606729270629598e-01 4.006515786814868751e-01 3.956439106953084650e-01 3.907375485480498178e-01 3.859189095692308613e-01 3.811918408589540785e-01 3.766490393011284743e-01 3.721850167361699380e-01 3.677976299445218089e-01 3.634863171823372041e-01 3.593449117288763928e-01 3.552725054170719488e-01 3.512672819831032522e-01 3.473274875230488723e-01 3.435211442308163110e-01 3.397966298453629075e-01 3.361312135722139272e-01 3.325234031411468116e-01 3.289973513498866131e-01 3.255829123745366815e-01 3.222206335690314116e-01 3.189092407979912114e-01 3.156475013917525163e-01 3.124813516636504307e-01 3.093903527359287975e-01 3.063444475371144282e-01 3.033425789752829949e-01 3.003837231369708149e-01 2.975151985032065682e-01 2.947077882146813543e-01 2.919395514513639101e-01 2.892096063165828790e-01 2.865170976407171444e-01 2.838944485543686280e-01 2.813368432321287638e-01 2.788134240500651506e-01 2.763234512171382495e-01 2.738662066403106388e-01 2.714463971758876992e-01 2.691097980304502646e-01 2.668031607493189239e-01 2.645258616124296358e-01 2.622772945014079649e-01 2.600568702791196674e-01 2.578842458418839079e-01 2.557703379252728171e-01 2.536822670188954021e-01 2.516195189687127631e-01 2.495815935487926684e-01 2.475680039958638445e-01
1.000000000000000000e+00 9.775602131663987393e-01 9.555898805497763382e-01 9.341296336184714555e-01 9.132109746701587705e-01 8.928195107932045405e-01 8.729759692312411001e-01 8.537252633160873350e-01 8.349937812981341745e-01 8.168513024519357124e-01 7.992565620967726492e-01 7.821773981982534929e-01 7.656880513605541783e-01 7.496450051803515979e-01 7.342110388465611370e-01 7.191682580469792585e-01 7.047256615306470851e-01 6.906368110870442223e-01 6.771174494346815509e-01 6.639354409841579097e-01 6.512639723077043863e-01 6.389381784856779101e-01 6.270400855305584553e-01 6.155191256655307974e-01 6.043218840641204626e-01 5.935548128608871821e-01 5.830411414031720918e-01 5.729267055695308475e-01 5.630970640938390837e-01 5.535228458539024343e-01 5.443308262897211813e-01 5.353463853916249349e-01 5.266403141243849451e-01 5.182324273687091143e-01 5.100091552121842620e-01 5.020599672720649220e-01 4.943578343081293514e-01 4.868198896670241638e-01 4.795281908203545274e-01 4.724614338390950574e-01 4.655407903303193096e-01 4.588186814166075322e-01 4.523243889330035850e-01 4.459602658406633946e-01 4.397306202737222836e-01 4.337527011721595827e-01 4.278909100854137448e-01 4.221418086129046232e-01 4.165749835722515892e-01 4.111672642336315908e-01 4.058603075334488164e-01 4.006512157626759274e-01 3.956435504700676620e-01 3.907371909946414368e-01 3.859185546398840039e-01 3.811914885115687546e-01 3.766486895604452823e-01 3.721846695569846486e-01 3.677972852828603201e-01 3.634859749992084832e-01 3.593445722280080856e-01 3.552721685537755802e-01 3.512669477138664065e-01 3.473271558054953356e-01 3.435208151116226905e-01 3.397963033092019636e-01 3.361308895780998895e-01 3.325230816491286934e-01 3.289970323486346993e-01 3.255825958874104531e-01 3.222203195576242019e-01 3.189089292248344365e-01 3.156471922202853664e-01 3.124810448993627920e-01 3.093900483683139635e-01 3.063441455312080341e-01 3.033422792969402981e-01 3.003834257528409935e-01 2.975149034148347749e-01 2.947074954043983341e-01 2.919392608873820349e-01 2.892093179678301706e-01 2.865168114768155694e-01 2.838941645641060996e-01 2.813365614027154016e-01 2.788131443526180031e-01 2.763231736233994207e-01 2.738659311226290805e-01 2.714461237094958346e-01 2.691095266108767259e-01 2.668028913503176502e-01 2.645255942083010181e-01 2.622770290669832471e-01 2.600566067897461808e-01 2.578839842796839532e-01 2.557700782764145697e-01 2.536820092599931797e-01 2.516192630768463445e-01 2.495813395014946645e-01 2.475677517711072639e-01
1.000000000000000000e+00 9.775601869708729907e-01 9.555898287656883205e-01 9.341295562606577452e-01 9.132108732483142921e-01 8.928193863416981069e-01 8.729758227497204093e-01 8.537250965996845409e-01 8.349935954723542997e-01 8.168510992525366277e-01 7.992563432238708465e-01 7.821771650593901670e-01 7.656878052716407090e-01 7.496447467070419535e-01 7.342107701710408607e-01 7.191679795350643944e-01 7.047253749987741900e-01 6.906365167316488307e-01 6.771171488728160437e-01 6.639351344134326594e-01 6.512636609337602023e-01 6.389378626396748917e-01 6.270397657981372497e-01 6.155188024757458631e-01 6.043215578034816238e-01 5.935544846277945874e-01 5.830408112440469415e-01 5.729263737728574890e-01 5.630967307774493724e-01 5.535225113084423221e-01 5.443304919642328876e-01 5.353460512811407668e-01 5.266399805067525364e-01 5.182320946175015264e-01 5.100088233083771572e-01 5.020596363738231149e-01 4.943575045344861252e-01 4.868195609940059176e-01 4.795278631067349528e-01 4.724611069665265450e-01 4.655404642814121585e-01 4.588183565453694546e-01 4.523240658129791814e-01 4.459599444367518539e-01 4.397303005737343562e-01 4.337523834859257632e-01 4.278905943738146034e-01 4.221414948379788035e-01 4.165746722513285483e-01 4.111669557332457980e-01 4.058600018010448673e-01 4.006509127472098197e-01 3.956432497247300839e-01 3.907368924379114872e-01 3.859182582326305955e-01 3.811911942315471813e-01 3.766483976250827870e-01 3.721843799256213670e-01 3.677969979159423364e-01 3.634856898582268236e-01 3.593442892740334460e-01 3.552718877503707740e-01 3.512666690255532020e-01 3.473268791977217052e-01 3.435205406391254601e-01 3.397960309642040766e-01 3.361306193268436826e-01 3.325228134587088769e-01 3.289967662089086087e-01 3.255823318158168056e-01 3.222200575225694918e-01 3.189086691954969299e-01 3.156469341665900097e-01 3.124807888252923993e-01 3.093897942649109223e-01 3.063438933697229527e-01 3.033420290492974680e-01 3.003831773916177950e-01 2.975146569305667232e-01 2.947072507781003936e-01 2.919390180931289991e-01 2.892090769802801997e-01 2.865165722711928153e-01 2.838939270864805353e-01 2.813363256032725968e-01 2.788129102089265676e-01 2.763229411135133540e-01 2.738657002250735051e-01 2.714458944054354839e-01 2.691092989006759195e-01 2.668026652135384591e-01 2.645253696249311171e-01 2.622768060174236471e-01 2.600563852547999044e-01 2.578837642696594212e-01 2.557698598185129679e-01 2.536817923352439053e-01 2.516190476666562148e-01 2.495811255876377588e-01 2.475675393357152643e-01
1.000000000000000000e+00 9.775601646628806485e-01 9.555897842048285407e-01 9.341294902718361159e-01 9.132107869813195222e-01 8.928192807716565094e-01 8.729756989715229398e-01 8.537249559419641809e-01 8.349934388739149727e-01 8.168509282777679514e-01 7.992561588693724017e-01 7.821769681710062372e-01 7.656875975863366435e-01 7.496445288578666988e-01 7.342105435981739481e-01 7.191677445275627134e-01 7.047251331382454742e-01 6.906362681859458119e-01 6.771168949672340398e-01 6.639348753163832884e-01 6.512633963172836937e-01 6.389375925455194061e-01 6.270394921472800531e-01 6.155185266108246234e-01 6.043212799341804997e-01 5.935542053307841792e-01 5.830405305529280380e-01 5.729260925620668354e-01 5.630964493352248468e-01 5.535222296614267234e-01 5.443302102355890293e-01 5.353457694727123961e-01 5.266396986852490691e-01 5.182318128715290850e-01 5.100085416362771795e-01 5.020593555761349025e-01 4.943572252314225035e-01 4.868192831537057064e-01 4.795275873641751674e-01 4.724608338326081736e-01 4.655401937021983461e-01 4.588180881318189019e-01 4.523237989787656788e-01 4.459596791502195567e-01 4.397300368156401573e-01 4.337521214062463604e-01 4.278903339399448003e-01 4.221412360182788537e-01 4.165744151293067077e-01 4.111667003620058658e-01 4.058597481479642166e-01 4.006506607806041842e-01 3.956429995617776196e-01 3.907366440611213521e-01 3.859180116100671687e-01 3.811909493394329829e-01 3.766481545502922690e-01 3.721841386366392390e-01 3.677967583821111774e-01 3.634854520515504173e-01 3.593440532840350699e-01 3.552716535467830283e-01 3.512664365789054943e-01 3.473266484793129383e-01 3.435203116636482701e-01 3.397958037164888201e-01 3.361303937794752339e-01 3.325225895849645008e-01 3.289965439277069970e-01 3.255821109795408730e-01 3.222198381091460617e-01 3.189084511833920055e-01 3.156467175347910659e-01 3.124805737047813281e-01 3.093895807251725305e-01 3.063436813876956322e-01 3.033418186024605112e-01 3.003829684579737425e-01 2.975144495169982362e-01 2.947070448753874583e-01 2.919388136801894240e-01 2.892088740365069133e-01 2.865163707764387113e-01 2.838937270742169505e-01 2.813361271009899855e-01 2.788127131964418526e-01 2.763227455710801639e-01 2.738655061333695739e-01 2.714457017460021881e-01 2.691091076593419285e-01 2.668024753721196518e-01 2.645251811656220142e-01 2.622766189227865863e-01 2.600561995077547151e-01 2.578835798299330406e-01 2.557696766328187987e-01 2.536816103882546525e-01 2.516188669433496727e-01 2.495809460732884288e-01 2.475673610158863613e-01
1.000000000000000000e+00 9.775601460539533605e-01 9.555897473408625498e-01 9.341294357001811433e-01 9.132107155570720058e-01 8.928191933498005328e-01 8.729755965939036688e-01 8.537248396715215737e-01 8.349933094101622544e-01 8.168507866862485534e-01 7.992560061158472395e-01 7.821768050662176730e-01 7.656874254318004613e-01 7.496443481452406132e-01 7.342103557381863821e-01 7.191675497702151310e-01 7.047249328227690457e-01 6.906360624484771948e-01 6.771166848940116667e-01 6.639346610440861607e-01 6.512631803080284332e-01 6.389373753196945227e-01 6.270392732065116492e-01 6.155183056253534790e-01 6.043210571195903880e-01 5.935539812931268644e-01 5.830403053209878284e-01 5.729258665533282224e-01 5.630962226955019689e-01 5.535220024984257581e-01 5.443299830791721305e-01 5.353455423227302390e-01 5.266394719686821047e-01 5.182315871597833468e-01 5.100083169072894274e-01 5.020591317741412984e-01 4.943570023090632648e-01 4.868190610922294437e-01 4.795273663207014203e-01 4.724606139319042497e-01 4.655399749206359794e-01 4.588178705508408894e-01 4.523235827421377420e-01 4.459594642309960832e-01 4.397298232004428487e-01 4.337519092698333134e-01 4.278901232535888832e-01 4.221410267541036987e-01 4.165742073617340613e-01 4.111664941384372551e-01 4.058595434396300994e-01 4.006504575595623008e-01 3.956427979324133037e-01 3.907364440080974832e-01 3.859178131051996252e-01 3.811907523047443624e-01 3.766479581444856506e-01 3.721839428488090129e-01 3.677965632016482189e-01 3.634852574822687310e-01 3.593438602294765638e-01 3.552714619817112229e-01 3.512662464787482675e-01 3.473264598201394882e-01 3.435201244243000773e-01 3.397956178748623990e-01 3.361302093133924918e-01 3.325224064728073414e-01 3.289963621870101718e-01 3.255819306755023956e-01 3.222196592198190435e-01 3.189082736873657398e-01 3.156465414111733758e-01 3.124803989527413783e-01 3.093894073363620545e-01 3.063435093422269828e-01 3.033416478809120020e-01 3.003827990413755478e-01 2.975142814066761288e-01 2.947068780614766625e-01 2.919386481446003545e-01 2.892087097615571034e-01 2.865162077448407674e-01 2.838935652795918085e-01 2.813359665360604667e-01 2.788125538447712715e-01 2.763225874165876061e-01 2.738653491603191825e-01 2.714455459402818627e-01 2.691089530182400047e-01 2.668023218807024088e-01 2.645250288092665936e-01 2.622764676871722767e-01 2.600560493788543481e-01 2.578834307809546589e-01 2.557695286298465320e-01 2.536814634185037276e-01 2.516187209942897796e-01 2.495808011326368647e-01 2.475672170716011200e-01
1.000000000000000000e+00 9.775601306026966419e-01 9.555897170032512378e-01 9.341293906652112788e-01 9.132106567549830300e-01 8.928191213015930217e-01 8.729755117071223980e-01 8.537247430678175375e-01 8.349932017997865330e-01 8.168506692120033330e-01 7.992558796687366796e-01 7.821766703876674720e-01 7.656872834336519995e-01 7.496441991896172219e-01 7.342102008750759357e-01 7.191673891938741292e-01 7.047247665102818193e-01 6.906358905403403581e-01 6.771165093959151671e-01 6.639344821040772393e-01 6.512629984676788775e-01 6.389371907421056429e-01 6.270390864926638219e-01 6.155181172024996039e-01 6.043208671653946817e-01 5.935537903056810061e-01 5.830401133246090328e-01 5.729256742442172534e-01 5.630960303015793977e-01 5.535218100466375857e-01 5.443297907097448540e-01 5.353453500338044568e-01 5.266392799034933514e-01 5.182313955106646608e-01 5.100081256651050055e-01 5.020589411030487170e-01 4.943568123345941645e-01 4.868188717995335923e-01 4.795271778419687436e-01 4.724604263722460562e-01 4.655397882610497473e-01 4.588176848532110053e-01 4.523233981163372053e-01 4.459592806555415234e-01 4.397296406474322517e-01 4.337517276081687134e-01 4.278899424659550199e-01 4.221408468236977352e-01 4.165740285007265564e-01 4.111663164968608619e-01 4.058593669947629379e-01 4.006502822893359683e-01 3.956426239133828959e-01 3.907362712276558625e-01 3.859176415412014505e-01 3.811905819980873633e-01 3.766477900797093326e-01 3.721837769870356971e-01 3.677963995050578805e-01 3.634850959023600558e-01 3.593436999741859150e-01 3.552713030289694207e-01 3.512660888070670007e-01 3.473263034085914969e-01 3.435199693211314909e-01 3.397954640796345127e-01 3.361300568053518512e-01 3.325222552317244062e-01 3.289962122604417338e-01 3.255817821936364265e-01 3.222195121605856971e-01 3.189081280292342391e-01 3.156463971331347484e-01 3.124802559422681925e-01 3.093892655190692564e-01 3.063433687007074968e-01 3.033415083981669258e-01 3.003826607008012184e-01 2.975141441914820328e-01 2.947067419555765566e-01 2.919385131325155647e-01 2.892085758281575103e-01 2.865160748753339814e-01 2.838934334704495410e-01 2.813358357827530076e-01 2.788124241331859654e-01 2.763224587329169424e-01 2.738652214910523019e-01 2.714454192758338213e-01 2.691088273805776199e-01 2.668021972566593791e-01 2.645249051859506206e-01 2.622763450519574602e-01 2.600559277193738028e-01 2.578833101064632038e-01 2.557694089619639843e-01 2.536813447449269288e-01 2.516186033029604308e-01 2.495806844117347822e-01 2.475671013095380457e-01
1.000000000000000000e+00 9.775601178570195726e-01 9.555896919503412690e-01 9.341293535374490808e-01 9.132106078670917393e-01 8.928190612545779947e-01 8.729754413727928153e-01 8.537246633383828165e-01 8.349931131546779461e-01 8.168505722731705943e-01 7.992557749699200631e-01 7.821765583848104830e-01 7.656871651858579986e-01 7.496440750767784378e-01 7.342100718618035371e-01 7.191672554570817111e-01 7.047246300568907884e-01 6.906357514368889339e-01 6.771163674047881997e-01 6.639343372860057046e-01 6.512628517060032873e-01 6.389370422490286971e-01 6.270389364775535990e-01 6.155179658196778814e-01 6.043207145692139903e-01 5.935536369355236541e-01 5.830399591986904495e-01 5.729255196991510646e-01 5.630958754517205733e-01 5.535216549577266498e-01 5.443296357136233610e-01 5.353451951283767496e-01 5.266391252243496357e-01 5.182312412399918689e-01 5.100079717939343116e-01 5.020587877741028437e-01 4.943566596568212401e-01 4.868187197590523319e-01 4.795270265472170723e-01 4.724602759091913740e-01 4.655396386124953101e-01 4.588175360751813869e-01 4.523232503082963429e-01 4.459591337980471915e-01 4.397294947366410245e-01 4.337515828613243696e-01 4.278897988604464797e-01 4.221407043375833279e-01 4.165738871362947848e-01 4.111661762505581796e-01 4.058592278457551772e-01 4.006501442173880934e-01 3.956424869917768428e-01 3.907361354450909485e-01 3.859175068773122441e-01 3.811904484380084224e-01 3.766476576836335077e-01 3.721836457347774130e-01 3.677962693769808444e-01 3.634849668803865064e-01 3.593435721062155919e-01 3.552711762957756481e-01 3.512659631899292534e-01 3.473261788892779145e-01 3.435198459490550471e-01 3.397953418565018424e-01 3.361299357129323151e-01 3.325221352522476637e-01 3.289960933867965287e-01 3.255816644316117947e-01 3.222193954932002224e-01 3.189080124399211180e-01 3.156462826057286342e-01 3.124801424755040968e-01 3.093891531061200850e-01 3.063432573261994918e-01 3.033413980470866522e-01 3.003825513584843510e-01 2.975140358851234845e-01 2.947066346884145149e-01 2.919384068900495732e-01 2.892084705962133517e-01 2.865159706400541850e-01 2.838933302320504337e-01 2.813357335400881731e-01 2.788123228729459391e-01 2.763223584420803625e-01 2.738651221568773053e-01 2.714453208858276234e-01 2.691087299223194340e-01 2.668021007182016513e-01 2.645248095555942647e-01 2.622762503182453075e-01 2.600558338710834971e-01 2.578832171399151885e-01 2.557693168778491510e-01 2.536812535324599049e-01 2.516185129515703389e-01 2.495805949110596889e-01 2.475670126494191048e-01
1.000000000000000000e+00 9.775601072472972497e-01 9.555896708469966416e-01 9.341293228044268426e-01 9.132105676210250378e-01 8.928190118390322283e-01 8.729753832935882585e-01 8.537245973463931659e-01 8.349930397148069838e-01 8.168504921127355267e-01 7.992556887751713912e-01 7.821764667224542222e-01 7.656870685583553326e-01 7.496439737004830794e-01 7.342099665158730026e-01 7.191671462800826031e-01 7.047245177850589570e-01 6.906356361460268545e-01 6.771162497624918508e-01 6.639342173688754789e-01 6.512627300016755605e-01 6.389369188884417294e-01 6.270388118088812135e-01 6.155178400909420144e-01 6.043205878999421410e-01 5.935535096659123599e-01 5.830398313428686308e-01 5.729253915675255326e-01 5.630957471480267928e-01 5.535215265337094515e-01 5.443295074375961162e-01 5.353450669969975761e-01 5.266389973457465956e-01 5.182311137600502660e-01 5.100078447039004814e-01 5.020586611935976551e-01 4.943565336769261132e-01 4.868185943669637861e-01 4.795269017935960831e-01 4.724601518332407490e-01 4.655395152002037018e-01 4.588174133991058112e-01 4.523231284922796802e-01 4.459590128248508978e-01 4.397293746091520683e-01 4.337514638709344950e-01 4.278896809850662453e-01 4.221405875557773246e-01 4.165737713911581985e-01 4.111660614956865745e-01 4.058591140626968685e-01 4.006500313882219722e-01 3.956423751807939260e-01 3.907360246422314498e-01 3.859173970645515817e-01 3.811903396022185975e-01 3.766475498785577525e-01 3.721835389425415253e-01 3.677961635801970108e-01 3.634848620630912186e-01 3.593434683136680352e-01 3.552710735109027018e-01 3.512658613961072152e-01 3.473260780703172346e-01 3.435197461280483644e-01 3.397952430290820947e-01 3.361298378633339468e-01 3.325220383651031897e-01 3.289959974603524628e-01 3.255815694806379335e-01 3.222193015027948193e-01 3.189079193955467462e-01 3.156461904931998075e-01 3.124800513037728766e-01 3.093890628751406746e-01 3.063431680222475362e-01 3.033413096567594835e-01 3.003824638686909410e-01 2.975139493048015171e-01 2.947065490140868826e-01 2.919383221090742775e-01 2.892083866962331662e-01 2.865158876089877737e-01 2.838932480722833329e-01 2.813356522525529146e-01 2.788122424459837934e-01 2.763222788642850092e-01 2.738650434170872283e-01 2.714452429753734242e-01 2.691086528521399179e-01 2.668020244775221594e-01 2.645247341338644032e-01 2.622761757051325637e-01 2.600557600564671890e-01 2.578831441223428667e-01 2.557692446608678116e-01 2.536811821062844308e-01 2.516184423066104014e-01 2.495805250379141416e-01 2.475669435388714590e-01
1.000000000000000000e+00 9.775600985759970163e-01 9.555896534529725317e-01 9.341292969025856152e-01 9.132105338499523217e-01 8.928189706001307124e-01 8.729753349614616242e-01 8.537245424513782988e-01 8.349929786187958447e-01 8.168504254040935830e-01 7.992556169103306463e-01 7.821763900839929784e-01 7.656869877280352288e-01 7.496438889007165374e-01 7.342098783888050262e-01 7.191670549412472191e-01 7.047244238521256365e-01 6.906355396825337722e-01 6.771161513187844427e-01 6.639341170090877764e-01 6.512626281891370494e-01 6.389368157428251260e-01 6.270387075730149418e-01 6.155177349390582586e-01 6.043204819378866777e-01 5.935534031962299562e-01 5.830397243775058413e-01 5.729252843415194585e-01 5.630956397407280711e-01 5.535214189907409210e-01 5.443293999924233573e-01 5.353449596474120220e-01 5.266388901825385105e-01 5.182310069054988366e-01 5.100077381512285735e-01 5.020585550412977049e-01 4.943564280000723454e-01 4.868184891554213078e-01 4.795267971639218807e-01 4.724600478785657143e-01 4.655394119065713876e-01 4.588173107773982906e-01 4.523230265682082751e-01 4.459589115844322937e-01 4.397292740453089266e-01 4.337513640722399644e-01 4.278895819366563269e-01 4.221404892432283895e-01 4.165736738431304875e-01 4.111659647295581865e-01 4.058590180638985134e-01 4.006499361426034134e-01 3.956422807524730412e-01 3.907359310243859740e-01 3.859173042426905509e-01 3.811902475656898659e-01 3.766474586689834703e-01 3.721834485455811081e-01 3.677960739818998959e-01 3.634847732502698436e-01 3.593433802980844360e-01 3.552709862792743922e-01 3.512657749355010961e-01 3.473259923681377703e-01 3.435196612178278430e-01 3.397951589118283766e-01 3.361297545264647080e-01 3.325219557963539074e-01 3.289959156576944821e-01 3.255814884544612209e-01 3.222192212412376966e-01 3.189078398870370812e-01 3.156461117264457994e-01 3.124799732842467037e-01 3.093889856018285922e-01 3.063430914842631969e-01 3.033412338434717803e-01 3.003823887697160133e-01 2.975138749252999593e-01 2.947064753504998191e-01 2.919382491514121436e-01 2.892083144347312729e-01 2.865158160340994797e-01 2.838931771845936702e-01 2.813355820516554306e-01 2.788121729226984979e-01 2.763222100096305867e-01 2.738649752222752087e-01 2.714451754332837807e-01 2.691085859685669046e-01 2.668019582440215309e-01 2.645246685421679955e-01 2.622761107471429654e-01 2.600556957242530220e-01 2.578830804135412436e-01 2.557691815763398768e-01 2.536811196384001210e-01 2.516183804478912545e-01 2.495804637810297988e-01 2.475668828766350305e-01
1.000000000000000000e+00 9.775600913100798151e-01 9.555896390692255604e-01 9.341292755134116277e-01 9.132105057458682618e-01 8.928189360938850738e-01 8.729752944403688097e-01 8.537244964022339122e-01 8.349929273496530246e-01 8.168503693935571519e-01 7.992555565169926490e-01 7.821763256100657813e-01 7.656869196991137327e-01 7.496438175135515802e-01 7.342098041355684668e-01 7.191669779181785183e-01 7.047243446185309512e-01 6.906354582925559038e-01 6.771160681866860154e-01 6.639340321890871977e-01 6.512625420409391408e-01 6.389367283632071404e-01 6.270386191875302329e-01 6.155176457094959641e-01 6.043203919501642929e-01 5.935533126902216017e-01 5.830396333654093155e-01 5.729251930194019238e-01 5.630955481762198733e-01 5.535213272213892477e-01 5.443293082005883354e-01 5.353448678336015787e-01 5.266387984229208286e-01 5.182309153018149761e-01 5.100076467000547176e-01 5.020584638199416805e-01 4.943563370678160651e-01 4.868183985061020902e-01 4.795267068576696268e-01 4.724599579632826618e-01 4.655393223741738917e-01 4.588172216575133189e-01 4.523229379128262395e-01 4.459588233842430305e-01 4.397291862959540332e-01 4.337512768382479900e-01 4.278894952080158354e-01 4.221404030102241522e-01 4.165735881407006680e-01 4.111658795807571209e-01 4.058589334584104535e-01 4.006498520704091515e-01 3.956421972368211470e-01 3.907358480585869098e-01 3.859172218169132362e-01 3.811901656725594223e-01 3.766473773343545495e-01 3.721833677597685686e-01 3.677959937354819964e-01 3.634846935348559627e-01 3.593433011549695966e-01 3.552709076989234438e-01 3.512656969086302983e-01 3.473259148857054113e-01 3.435195842717149728e-01 3.397950824936484815e-01 3.361296786278408777e-01 3.325218804091208402e-01 3.289958407783536432e-01 3.255814140851601701e-01 3.222191473741848888e-01 3.189077665146311524e-01 3.156460388412697937e-01 3.124799008847455317e-01 3.093889136842939980e-01 3.063430200416639715e-01 3.033411628689414719e-01 3.003823182565477090e-01 2.975138048706865712e-01 2.947064057495936140e-01 2.919381799978823522e-01 2.892082457223894565e-01 2.865157477568955335e-01 2.838931093375939296e-01 2.813355146299377219e-01 2.788121059205783681e-01 2.763221434215464289e-01 2.738649090427849320e-01 2.714451096570089650e-01 2.691085205897919552e-01 2.668018932576494695e-01 2.645246039432077589e-01 2.622760465307067412e-01 2.600556318855530846e-01 2.578830169468372957e-01 2.557691184753906333e-01 2.536810568987351022e-01 2.516183180651290763e-01 2.495804017508755912e-01 2.475668211948780784e-01
1.000000000000000000e+00 9.775600850846141165e-01 9.555896268141220729e-01 9.341292573723939396e-01 9.132104820125552802e-01 8.928189070354993762e-01 8.729752603670600797e-01 8.537244576980479449e-01 8.349928842602083456e-01 8.168503222948555464e-01 7.992555057469049595e-01 7.821762714510731573e-01 7.656868625204396039e-01 7.496437574628340705e-01 7.342097416855110081e-01 7.191669131523062974e-01 7.047242779189203388e-01 6.906353897065701242e-01 6.771159981197077959e-01 6.639339606888858825e-01 6.512624693731766667e-01 6.389366546029624505e-01 6.270385445193196183e-01 6.155175702662716297e-01 6.043203158017230736e-01 5.935532360263602314e-01 5.830395561982578689e-01 5.729251155127481621e-01 5.630954703878088274e-01 5.535212491836143389e-01 5.443292300631585867e-01 5.353447895987674121e-01 5.266387201504865168e-01 5.182308370710009271e-01 5.100075685099468847e-01 5.020583857339574463e-01 4.943562591349415225e-01 4.868183207230729614e-01 4.795266292722232815e-01 4.724598806136965923e-01 4.655392452555713878e-01 4.588171447939756731e-01 4.523228613455929081e-01 4.459587471073749865e-01 4.397291103039603355e-01 4.337512011297587344e-01 4.278894197775235941e-01 4.221403278523845337e-01 4.165735133017091640e-01 4.111658050928794217e-01 4.058588593151041257e-01 4.006497782653201667e-01 3.956421237931274648e-01 3.907357749727537466e-01 3.859171490825422657e-01 3.811900932847184786e-01 3.766473053077358801e-01 3.721832960881081842e-01 3.677959224126860494e-01 3.634846225552026411e-01 3.593432305260875204e-01 3.552708374149686210e-01 3.512656269639122253e-01 3.473258452746825209e-01 3.435195149950883708e-01 3.397950135478847722e-01 3.361296100076901494e-01 3.325218121094657420e-01 3.289957727946380972e-01 3.255813464134807989e-01 3.222190800097748942e-01 3.189076994528403652e-01 3.156459720775605104e-01 3.124798344129152694e-01 3.093888474989718862e-01 3.063429541386701316e-01 3.033410972441941689e-01 3.003822529060600210e-01 2.975137397860561084e-01 2.947063409251435839e-01 2.919381154299822145e-01 2.892081814074905499e-01 2.865156836915284111e-01 2.838930455133596986e-01 2.813354510391161134e-01 2.788120425600493224e-01 2.763220802882576654e-01 2.738648461337496731e-01 2.714450469681486400e-01 2.691084581071599424e-01 2.668018309786013287e-01 2.645245418651541724e-01 2.622759846511116821e-01 2.600555702019327620e-01 2.578829554512600541e-01 2.557690571568557170e-01 2.536809957550786310e-01 2.516182570942302466e-01 2.495803409506553994e-01 2.475667605632984325e-01
1.000000000000000000e+00 9.775600800530709344e-01 9.555896168295423543e-01 9.341292426150935579e-01 9.132104626712523876e-01 8.928188833090344723e-01 8.729752324971193911e-01 8.537244260037226695e-01 8.349928489595325187e-01 8.168502837474991285e-01 7.992554641958395933e-01 7.821762271012379086e-01 7.656868157101990313e-01 7.496437083219507080e-01 7.342096905738293433e-01 7.191668601371190572e-01 7.047242233682287083e-01 6.906353336579836855e-01 6.771159408731780571e-01 6.639339022821714176e-01 6.512624100486131828e-01 6.389365944261944374e-01 6.270384836468565481e-01 6.155175088103617131e-01 6.043202538218066522e-01 5.935531736884186449e-01 5.830394935107173771e-01 5.729250526102712682e-01 5.630954073168762397e-01 5.535211859695274850e-01 5.443291668282659312e-01 5.353447263435388015e-01 5.266386569281096275e-01 5.182307739524788515e-01 5.100075054929992246e-01 5.020583227258127446e-01 4.943561960632616437e-01 4.868182575892125441e-01 4.795265662321130939e-01 4.724598177941919941e-01 4.655391826521110832e-01 4.588170824372782008e-01 4.523227992872642100e-01 4.459586853414346241e-01 4.397290488309087420e-01 4.337511400428206154e-01 4.278893590691982274e-01 4.221402675153933526e-01 4.165734533255210925e-01 4.111657454681193480e-01 4.058588000352239544e-01 4.006497193239598742e-01 3.956420652120365977e-01 3.907357167482727878e-01 3.859170912082952043e-01 3.811900357558783980e-01 3.766472481403666528e-01 3.721832392759411023e-01 3.677958659496233795e-01 3.634845664355700334e-01 3.593431747608564764e-01 3.552707819982344750e-01 3.512655718899258539e-01 3.473257905378447918e-01 3.435194605983163951e-01 3.397949594882336277e-01 3.361295562798105596e-01 3.325217587081436554e-01 3.289957197170643166e-01 3.255812936597493601e-01 3.222190275749386434e-01 3.189076473320728855e-01 3.156459202661524577e-01 3.124797829084899337e-01 3.093887962983536966e-01 3.063429032374269112e-01 3.033410466379976578e-01 3.003822025906827120e-01 2.975136897575965667e-01 2.947062911796610729e-01 2.919380659635282815e-01 2.892081322162054491e-01 2.865156347716386609e-01 2.838929968601767717e-01 2.813354026481528769e-01 2.788119944278009688e-01 2.763220324112949933e-01 2.738647985087171444e-01 2.714449995914137714e-01 2.691084109721626483e-01 2.668017840822417552e-01 2.645244952043970810e-01 2.622759382229846170e-01 2.600555240035241078e-01 2.578829094776314279e-01 2.557690114019431360e-01 2.536809502162087337e-01 2.516182117687831843e-01 2.495802958360628099e-01 2.475667156570423855e-01
1.000000000000000000e+00 9.775600759794138561e-01 9.555896087734635502e-01 9.341292306704559456e-01 9.132104470378257233e-01 8.928188641451652030e-01 8.729752099709818802e-01 8.537244004449288104e-01 8.349928205464072217e-01 8.168502527303669325e-01 7.992554307932190349e-01 7.821761914958788031e-01 7.656867781882819024e-01 7.496436689902593598e-01 7.342096497194479099e-01 7.191668178125847355e-01 7.047241798649267475e-01 6.906352890047861015e-01 6.771158953374298850e-01 6.639338558931516809e-01 6.512623630063463231e-01 6.389365467828480583e-01 6.270384355304624568e-01 6.155174603120669996e-01 6.043202049902727246e-01 5.935531246649643489e-01 5.830394442998593219e-01 5.729250033289613464e-01 5.630953580036798245e-01 5.535211366450217829e-01 5.443291176029843026e-01 5.353446772152404831e-01 5.266386079408513776e-01 5.182307251660162040e-01 5.100074569029234839e-01 5.020582745267824221e-01 4.943561484053369814e-01 4.868182104608584915e-01 4.795265195537952163e-01 4.724597714995592002e-01 4.655391367332301633e-01 4.588170369020628248e-01 4.523227541530778772e-01 4.459586406002392089e-01 4.397290044783422891e-01 4.337510961251914710e-01 4.278893155780572055e-01 4.221402244425415118e-01 4.165734106903402068e-01 4.111657032827314984e-01 4.058587582912479563e-01 4.006496780132557389e-01 3.956420243639444112e-01 3.907356763582350290e-01 3.859170512681219800e-01 3.811899962596260738e-01 3.766472091127942012e-01 3.721832007089208028e-01 3.677958278352486676e-01 3.634845287666022551e-01 3.593431375591684684e-01 3.552707452560410206e-01 3.512655355996466833e-01 3.473257546920974770e-01 3.435194252098318635e-01 3.397949245556433628e-01 3.361295217958807369e-01 3.325217246658230819e-01 3.289956861164767266e-01 3.255812605097332946e-01 3.222189948686109973e-01 3.189076150627187523e-01 3.156458884272195786e-01 3.124797515062177622e-01 3.093887653339644217e-01 3.063428727045324762e-01 3.033410165303596084e-01 3.003821729022076448e-01 2.975136604950217034e-01 2.947062623424376304e-01 2.919380375457209520e-01 2.892081042120128176e-01 2.865156071753887090e-01 2.838929696751862353e-01 2.813353758767913604e-01 2.788119680645396170e-01 2.763220064507247997e-01 2.738647729455451763e-01 2.714449744219617489e-01 2.691083862057737086e-01 2.668017597137475883e-01 2.645244712287367905e-01 2.622759146352018900e-01 2.600555007987643275e-01 2.578828866570469502e-01 2.557689889701332264e-01 2.536809281684216932e-01 2.516181901003617938e-01 2.495802745424418878e-01 2.475666947337462898e-01
1.000000000000000000e+00 9.775600726263597995e-01 9.555896021174240529e-01 9.341292208640536998e-01 9.132104342254949714e-01 8.928188484905156264e-01 8.729751916845033266e-01 8.537243796797892026e-01 8.349927974393563934e-01 8.168502275364258880e-01 7.992554037023390512e-01 7.821761626660432842e-01 7.656867478508214697e-01 7.496436372307415663e-01 7.342096166716994832e-01 7.191667835155898247e-01 7.047241446915961660e-01 6.906352529765841242e-01 6.771158585771460681e-01 6.639338184219525374e-01 6.512623250779294715e-01 6.389365084562079744e-01 6.270383969148943804e-01 6.155174214845708924e-01 6.043201659897052824e-01 5.935530856094518581e-01 5.830394051906951924e-01 5.729249642644977936e-01 5.630953190147364174e-01 5.535210977470484961e-01 5.443290788894081800e-01 5.353446386818973002e-01 5.266385696250898141e-01 5.182306871193040898e-01 5.100074191193531004e-01 5.020582370473414269e-01 4.943561112606886243e-01 4.868181736438660923e-01 4.795264829534948703e-01 4.724597350247399796e-01 4.655391003812975326e-01 4.588170006816124635e-01 4.523227180793437663e-01 4.459586046702806450e-01 4.397289687063237751e-01 4.337510607753392033e-01 4.278892806421701889e-01 4.221401899126613344e-01 4.165733765843674941e-01 4.111656696117695908e-01 4.058587250471914487e-01 4.006496451882320398e-01 3.956419919846835276e-01 3.907356444201909307e-01 3.859170197634059218e-01 3.811899651824914859e-01 3.766471784867441719e-01 3.721831705261329781e-01 3.677957980881134126e-01 3.634844994481570279e-01 3.593431086907654115e-01 3.552707168301820206e-01 3.512655076090311357e-01 3.473257271296152360e-01 3.435193980885347109e-01 3.397948978744368409e-01 3.361294955477818203e-01 3.325216988440250487e-01 3.289956607216199536e-01 3.255812355515069756e-01 3.222189703403450234e-01 3.189075909579059398e-01 3.156458647395102846e-01 3.124797282429310763e-01 3.093887424970365174e-01 3.063428502877433846e-01 3.033409945276351327e-01 3.003821513076146976e-01 2.975136393171826654e-01 2.947062415816744663e-01 2.919380171962139836e-01 2.892080842680732622e-01 2.865155876314549599e-01 2.838929505361727501e-01 2.813353571464833336e-01 2.788119497374741407e-01 2.763219885215571492e-01 2.738647554090452574e-01 2.714449572747928419e-01 2.691083694600231446e-01 2.668017433642678737e-01 2.645244552704878460e-01 2.622758990632476639e-01 2.600554856082700206e-01 2.578828718504972972e-01 2.557689745542042759e-01 2.536809141383393196e-01 2.516181764514464625e-01 2.495802612701067680e-01 2.475666818334945063e-01
1.000000000000000000e+00 9.775600697297482933e-01 9.555895963981203556e-01 9.341292123891964394e-01 9.132104231034308128e-01 8.928188348239943783e-01 8.729751755908526922e-01 8.537243613855208801e-01 8.349927770667391336e-01 8.168502052521635637e-01 7.992553796555635914e-01 7.821761369821417231e-01 7.656867207161941469e-01 7.496436087185921471e-01 7.342095871176504973e-01 7.191667529627809863e-01 7.047241132201944591e-01 6.906352206090885515e-01 6.771158255817837368e-01 6.639337848220134841e-01 6.512622909309422337e-01 6.389364737841133346e-01 6.270383617526915643e-01 6.155173858597167147e-01 6.043201299542088067e-01 5.935530493112621819e-01 5.830393686359945926e-01 5.729249275336929514e-01 5.630952821363218730e-01 5.535210607361441548e-01 5.443290418142016085e-01 5.353446015438407812e-01 5.266385324524168743e-01 5.182306499492751461e-01 5.100073819519098661e-01 5.020581999113152838e-01 4.943560741784164825e-01 4.868181366142021460e-01 4.795264461425442493e-01 4.724596985672425142e-01 4.655390642699450687e-01 4.588169649347066392e-01 4.523226827303941100e-01 4.459585697113107594e-01 4.397289341165179777e-01 4.337510263419662726e-01 4.278892463621912778e-01 4.221401557831276352e-01 4.165733426211390977e-01 4.111656358256596255e-01 4.058586914348995545e-01 4.006496117465528917e-01 3.956419586278578926e-01 3.907356111382568331e-01 3.859169865550244327e-01 3.811899320518190026e-01 3.766471455204286611e-01 3.721831377213242198e-01 3.677957654420387357e-01 3.634844669583706667e-01 3.593430763709254960e-01 3.552706846774570382e-01 3.512654756206641249e-01 3.473256953029212890e-01 3.435193664238406774e-01 3.397948663700272598e-01 3.361294642011134481e-01 3.325216676526187021e-01 3.289956296834142258e-01 3.255812046649346203e-01 3.222189396030896713e-01 3.189075603677077320e-01 3.156458342941642070e-01 3.124796979396736174e-01 3.093887123334058131e-01 3.063428202617023421e-01 3.033409646371946211e-01 3.003821215508317710e-01 2.975136096902640248e-01 2.947062120819788356e-01 2.919379878219661162e-01 2.892080550175379350e-01 2.865155585029355856e-01 2.838929215258193528e-01 2.813353282507465858e-01 2.788119209548221011e-01 2.763219598504909058e-01 2.738647268480982055e-01 2.714449288220336376e-01 2.691083411092887734e-01 2.668017151142502152e-01 2.645244271199058694e-01 2.622758710108467617e-01 2.600554576528214534e-01 2.578828439883837920e-01 2.557689467804644678e-01 2.536808864518929063e-01 2.516181488512349018e-01 2.495802337550923622e-01 2.475666544026597637e-01
1.000000000000000000e+00 9.775600672951657577e-01 9.555895915610724822e-01 9.341292051975159660e-01 9.132104136724803478e-01 8.928188232584696182e-01 8.729751620117097710e-01 8.537243459423203840e-01 8.349927598559773179e-01 8.168501864207831087e-01 7.992553593273983292e-01 7.821761152614724599e-01 7.656866977675342856e-01 7.496435846056049845e-01 7.342095619986115373e-01 7.191667268704089455e-01 7.047240863025642232e-01 6.906351928864137291e-01 6.771157972091810251e-01 6.639337558197282441e-01 6.512622614078197314e-01 6.389364437717350853e-01 6.270383313702014849e-01 6.155173551914412400e-01 6.043200990102424175e-01 5.935530181091894786e-01 5.830393371818901604e-01 5.729248958834859407e-01 5.630952503109741825e-01 5.535210287487495329e-01 5.443290097188475674e-01 5.353445693429652597e-01 5.266385001690899736e-01 5.182306176134946485e-01 5.100073495648277389e-01 5.020581674950541640e-01 4.943560417503404247e-01 4.868181041745629489e-01 4.795264137070552879e-01 4.724596661487046045e-01 4.655390318680079353e-01 4.588169325572539203e-01 4.523226503901768281e-01 4.459585374075823450e-01 4.397289018502256730e-01 4.337509941386247236e-01 4.278892142205774629e-01 4.221401237020548369e-01 4.165733105978621231e-01 4.111656038579034611e-01 4.058586595216296389e-01 4.006495798867644731e-01 3.956419269215195600e-01 3.907355795928921793e-01 3.859169551677552601e-01 3.811899008150774759e-01 3.766471143546649691e-01 3.721831066253076248e-01 3.677957344145717511e-01 3.634844359981014295e-01 3.593430454646458494e-01 3.552706538242675904e-01 3.512654448196889101e-01 3.473256645533074338e-01 3.435193357205348907e-01 3.397948357110250339e-01 3.361294335857117899e-01 3.325216370801324373e-01 3.289955991507749755e-01 3.255811741661601144e-01 3.222189091376625458e-01 3.189075299351232795e-01 3.156458038939300437e-01 3.124796675651800859e-01 3.093886819805624078e-01 3.063427899301933710e-01 3.033409343267114977e-01 3.003820912610732918e-01 2.975135794127653499e-01 2.947061818130604083e-01 2.919379575615082545e-01 2.892080247654236214e-01 2.865155282590504116e-01 2.838928912831384377e-01 2.813352980030815464e-01 2.788118907022394954e-01 2.763219295930559039e-01 2.738646965858746452e-01 2.714448985537309400e-01 2.691083108219852749e-01 2.668016848081895542e-01 2.645243967953265773e-01 2.622758406679825405e-01 2.600554272919010645e-01 2.578828136036572238e-01 2.557689163627885343e-01 2.536808560016703962e-01 2.516181183688603884e-01 2.495802032409528137e-01 2.475666238571345712e-01
1.000000000000000000e+00 9.775600654161634706e-01 9.555895878207580907e-01 9.341291996706480028e-01 9.132104064421318057e-01 8.928188144092461531e-01 8.729751516471577766e-01 8.537243341841966870e-01 8.349927467854568741e-01 8.168501721708713026e-01 7.992553440009733112e-01 7.821760989443418133e-01 7.656866805909918750e-01 7.496435666182832414e-01 7.342095433414568273e-01 7.191667075674837983e-01 7.047240665068356114e-01 6.906351726099521082e-01 6.771157765635338333e-01 6.639337348171345798e-01 6.512622401464801536e-01 6.389364222760643974e-01 6.270383097013121354e-01 6.155173333924699453e-01 6.043200771037680052e-01 5.935529961634595786e-01 5.830393151978287003e-01 5.729248739159763515e-01 5.630952283773449363e-01 5.535210068576585929e-01 5.443289879217649840e-01 5.353445476377680645e-01 5.266384785768333243e-01 5.182305961631131774e-01 5.100073282532060492e-01 5.020581463449618198e-01 4.943560207788431082e-01 4.868180833778532612e-01 4.795263931028767579e-01 4.724596457508906111e-01 4.655390116722915028e-01 4.588169125720844010e-01 4.523226306315621947e-01 4.459585178709816189e-01 4.397288825329419004e-01 4.337509750631667327e-01 4.278891953822476224e-01 4.221401050962945156e-01 4.165732922343434175e-01 4.111655857425643990e-01 4.058586416498458638e-01 4.006495622540446888e-01 3.956419095426385590e-01 3.907355624652165127e-01 3.859169382867936315e-01 3.811898841775393509e-01 3.766470979736331604e-01 3.721830904963338571e-01 3.677957185333289858e-01 3.634844203606271140e-01 3.593430300828714952e-01 3.552706386939329386e-01 3.512654299366460009e-01 3.473256499135164987e-01 3.435193213312648375e-01 3.397948215716125597e-01 3.361294196921922328e-01 3.325216234286413330e-01 3.289955857415641782e-01 3.255811610044819782e-01 3.222188962197355955e-01 3.189075172572586880e-01 3.156457914525279129e-01 3.124796553641527308e-01 3.093886700208676177e-01 3.063427782083102402e-01 3.033409228392019430e-01 3.003820800045789441e-01 2.975135683889917892e-01 2.947061710208719876e-01 2.919379469976735031e-01 2.892080144267837882e-01 2.865155181425173003e-01 2.838928813931351769e-01 2.813352883431995410e-01 2.788118812694028170e-01 2.763219203842552929e-01 2.738646875981651796e-01 2.714448897852018705e-01 2.691083022791336266e-01 2.668016764881215863e-01 2.645243886952087231e-01 2.622758327850397975e-01 2.600554196234152182e-01 2.578828061508667280e-01 2.557689091291982519e-01 2.536808489846011372e-01 2.516181115656864198e-01 2.495801966491001389e-01 2.475666174740796255e-01
1.000000000000000000e+00 9.775600638700010503e-01 9.555895847658347764e-01 9.341291951513305269e-01 9.132104005337607910e-01 8.928188071780898127e-01 8.729751431688875796e-01 8.537243245702423877e-01 8.349927361042605023e-01 8.168501605299969270e-01 7.992553314861573499e-01 7.821760856269798223e-01 7.656866665741222100e-01 7.496435519405235670e-01 7.342095281064759948e-01 7.191666917945972459e-01 7.047240503349663232e-01 6.906351560488722674e-01 6.771157597181390875e-01 6.639337176974486887e-01 6.512622228299683735e-01 6.389364047818452130e-01 6.270382920797040738e-01 6.155173156788833477e-01 6.043200593159452350e-01 5.935529783556117156e-01 5.830392973704267012e-01 5.729248561147868291e-01 5.630952106166253746e-01 5.535209891446623010e-01 5.443289703008807878e-01 5.353445301069158502e-01 5.266384611527766824e-01 5.182305788690286796e-01 5.100073110862399783e-01 5.020581293242467602e-01 4.943560039186745136e-01 4.868180666748088137e-01 4.795263765717248661e-01 4.724596294031068733e-01 4.655389955040845629e-01 4.588168965792229770e-01 4.523226148095986221e-01 4.459585022164906376e-01 4.397288670448083470e-01 4.337509597727939870e-01 4.278891802857938131e-01 4.221400901900317360e-01 4.165732775338029104e-01 4.111655712581351874e-01 4.058586273775012243e-01 4.006495481898734723e-01 3.956418956988267954e-01 3.907355488394141374e-01 3.859169248751024850e-01 3.811898709770663030e-01 3.766470849951231159e-01 3.721830777359375064e-01 3.677957059873019352e-01 3.634844080255348886e-01 3.593430179686685211e-01 3.552706267969392151e-01 3.512654182532780611e-01 3.473256384402845787e-01 3.435193100741003591e-01 3.397948105298441157e-01 3.361294088624021126e-01 3.325216128074980348e-01 3.289955753292884699e-01 3.255811508056104531e-01 3.222188862310081947e-01 3.189075074754950667e-01 3.156457818746246091e-01 3.124796459935477166e-01 3.093886608584247577e-01 3.063427692509927969e-01 3.033409140840442886e-01 3.003820714486844512e-01 2.975135600392316282e-01 2.947061628785083154e-01 2.919379390598123014e-01 2.892080066905963198e-01 2.865155106052379996e-01 2.838928740551983632e-01 2.813352812047206775e-01 2.788118743277158695e-01 2.763219136367517925e-01 2.738646810422928901e-01 2.714448834193242677e-01 2.691082961090724424e-01 2.668016705113658849e-01 2.645243829092997490e-01 2.622758271875696989e-01 2.600554142120255485e-01 2.578828009267677968e-01 2.557689040956437343e-01 2.536808441392621738e-01 2.516181069062805031e-01 2.495801921733897255e-01 2.475666131798711367e-01
1.000000000000000000e+00 9.775600625179130532e-01 9.555895820786449724e-01 9.341291911691291805e-01 9.132103953112709060e-01 8.928188007694347617e-01 8.729751356382893235e-01 8.537243160017061738e-01 8.349927265524166309e-01 8.168501500791521819e-01 7.992553202064014428e-01 7.821760735772456119e-01 7.656866538427686830e-01 7.496435385621419423e-01 7.342095141986758611e-01 7.191666773764685550e-01 7.047240354741052260e-01 6.906351407561229783e-01 6.771157440731362387e-01 6.639337017110250594e-01 6.512622065621473944e-01 6.389363882499302649e-01 6.270382753221248606e-01 6.155172987235872917e-01 6.043200421786361076e-01 5.935529610776658638e-01 5.830392799551540328e-01 5.729248385941301258e-01 5.630951930024539198e-01 5.535209714438455997e-01 5.443289525416239449e-01 5.353445122905386988e-01 5.266384432914832381e-01 5.182305609786770351e-01 5.100072931674681787e-01 5.020581113877853330e-01 4.943559859729603767e-01 4.868180487200393092e-01 4.795263586161864766e-01 4.724596114535596358e-01 4.655389775604049651e-01 4.588168786466622628e-01 4.523225968965846056e-01 4.459584843226314099e-01 4.397288491677771582e-01 4.337509418816769546e-01 4.278891623808644962e-01 4.221400722715556442e-01 4.165732596210404703e-01 4.111655533651314975e-01 4.058586095038880237e-01 4.006495303352933246e-01 3.956418778629506305e-01 3.907355310219057243e-01 3.859169070756336417e-01 3.811898531951876667e-01 3.766470672284299992e-01 3.721830599841666753e-01 3.677956882501971503e-01 3.634843903027776824e-01 3.593430002555428326e-01 3.552706090932845617e-01 3.512654005589383455e-01 3.473256207551075891e-01 3.435192923932297582e-01 3.397947928518030292e-01 3.361293911871456319e-01 3.325215951349824728e-01 3.289955576571151896e-01 3.255811331285056731e-01 3.222188685490474103e-01 3.189074897887515525e-01 3.156457641831702521e-01 3.124796282919891088e-01 3.093886431436024820e-01 3.063427515231003095e-01 3.033408963432705496e-01 3.003820536952140352e-01 2.975135422663977569e-01 2.947061450836446217e-01 2.919379212432263171e-01 2.892079888525884157e-01 2.865154927461019962e-01 2.838928561695954755e-01 2.813352632879844162e-01 2.788118563802624017e-01 2.763218956589881814e-01 2.738646630346175948e-01 2.714448653810520584e-01 2.691082780302680444e-01 2.668016523925489381e-01 2.645243647509792351e-01 2.622758089902440526e-01 2.600553959761828793e-01 2.578827826482122387e-01 2.557688857675186611e-01 2.536808257621733786e-01 2.516180884808217888e-01 2.495801737001431542e-01 2.475665946594074185e-01
1.000000000000000000e+00 9.775600614950070710e-01 9.555895800574660814e-01 9.341291881693255528e-01 9.132103913884821456e-01 8.928187959688126396e-01 8.729751300094998889e-01 8.537243096239465201e-01 8.349927194722465140e-01 8.168501423682916762e-01 7.992553119236209813e-01 7.821760647713505987e-01 7.656866445868091287e-01 7.496435288826689414e-01 7.342095041741567574e-01 7.191666670196275035e-01 7.047240248637286486e-01 6.906351298984207965e-01 6.771157330334661717e-01 6.639336904957466867e-01 6.512621952243707879e-01 6.389363768025225765e-01 6.270382637987863550e-01 6.155172871479677177e-01 6.043200305620325397e-01 5.935529494549530716e-01 5.830392683264757903e-01 5.729248269902857960e-01 5.630951814329268057e-01 5.535209599133611436e-01 5.443289410799335704e-01 5.353445008960886486e-01 5.266384319746584275e-01 5.182305497539290151e-01 5.100072820327755663e-01 5.020581003548194587e-01 4.943559750503894179e-01 4.868180379055100371e-01 4.795263479185004063e-01 4.724596008795085567e-01 4.655389671074323665e-01 4.588168683290665961e-01 4.523225867386471699e-01 4.459584743211520985e-01 4.397288393220927238e-01 4.337509322270663992e-01 4.278891529136161775e-01 4.221400629880676103e-01 4.165732505003921782e-01 4.111655443912796692e-01 4.058586006740974028e-01 4.006495216469072584e-01 3.956418693232166550e-01 3.907355226291409633e-01 3.859168988272104195e-01 3.811898450890860435e-01 3.766470592707770182e-01 3.721830521723880070e-01 3.677956805817885200e-01 3.634843827754264955e-01 3.593429928748982372e-01 3.552706018569022905e-01 3.512653934644382470e-01 3.473256138001720172e-01 3.435192855810845214e-01 3.397947861818003124e-01 3.361293846570299060e-01 3.325215887425552741e-01 3.289955514010461934e-01 3.255811270085103848e-01 3.222188625630471592e-01 3.189074839347184609e-01 3.156457584591255139e-01 3.124796227016647943e-01 3.093886376884595890e-01 3.063427462011668045e-01 3.033408911526203622e-01 3.003820486339661144e-01 2.975135373364806157e-01 2.947061402848258904e-01 2.919379165736767368e-01 2.892079843105198611e-01 2.865154883297663102e-01 2.838928518799720413e-01 2.813352591257660129e-01 2.788118523437459473e-01 2.763218917465077307e-01 2.738646592445427852e-01 2.714448617122523499e-01 2.691082744856452824e-01 2.668016489705108407e-01 2.645243614499666607e-01 2.622758058087300004e-01 2.600553929126717678e-01 2.578827797031192914e-01 2.557688829423554466e-01 2.536808230554739585e-01 2.516180858911495899e-01 2.495801712260898586e-01 2.475665922995923529e-01
1.000000000000000000e+00 9.775600606678450655e-01 9.555895784194058384e-01 9.341291857469277149e-01 9.132103882172523113e-01 8.928187920850930714e-01 8.729751254577156061e-01 8.537243044601978692e-01 8.349927137332803229e-01 8.168501361143517547e-01 7.992553051969144562e-01 7.821760576072357418e-01 7.656866370461192783e-01 7.496435209875472738e-01 7.342094959924161390e-01 7.191666585619791441e-01 7.047240161945091952e-01 6.906351210228118820e-01 6.771157240089875629e-01 6.639336813277286753e-01 6.512621859561772419e-01 6.389363674446626451e-01 6.270382543771091388e-01 6.155172776806525636e-01 6.043200210585328858e-01 5.935529399443442156e-01 5.830392588089249317e-01 5.729248174827197282e-01 5.630951719406140921e-01 5.535209504391901403e-01 5.443289316414904322e-01 5.353444914925665765e-01 5.266384226125472301e-01 5.182305404422020700e-01 5.100072727703263142e-01 5.020580911589176409e-01 4.943559659342139923e-01 4.868180288673612521e-01 4.795263389652952291e-01 4.724595920166066998e-01 4.655389583329667680e-01 4.588168596459066273e-01 4.523225781524810585e-01 4.459584658300356774e-01 4.397288309247294746e-01 4.337509239308654507e-01 4.278891447166122131e-01 4.221400548883536552e-01 4.165732425005472250e-01 4.111655364927226941e-01 4.058585928749410821e-01 4.006495139453185583e-01 3.956418617229408574e-01 3.907355151289116368e-01 3.859168914252387173e-01 3.811898377839172403e-01 3.766470520652969722e-01 3.721830450648679345e-01 3.677956735705467106e-01 3.634843758588830465e-01 3.593429860551094479e-01 3.552705951322559508e-01 3.512653868333651119e-01 3.473256072611433654e-01 3.435192791347848607e-01 3.397947798273939779e-01 3.361293783930589529e-01 3.325215825675982839e-01 3.289955453155419818e-01 3.255811210151596247e-01 3.222188566604420878e-01 3.189074781214856213e-01 3.156457527339248115e-01 3.124796170621624292e-01 3.093886321327726230e-01 3.063427407280723269e-01 3.033408857609244391e-01 3.003820433225023456e-01 2.975135321049909853e-01 2.947061351325629963e-01 2.919379114995349633e-01 2.892079793134187393e-01 2.865154834086492408e-01 2.838928470343310972e-01 2.813352543550523555e-01 2.788118476469582663e-01 2.763218871226660323e-01 2.738646546926882808e-01 2.714448572315222297e-01 2.691082700758456459e-01 2.668016446307321377e-01 2.645243571793183257e-01 2.622758016063398423e-01 2.600553887776855255e-01 2.578827756349639788e-01 2.557688789406249441e-01 2.536808191193565265e-01 2.516180820198493651e-01 2.495801674188269370e-01 2.475665885556020129e-01
1.000000000000000000e+00 9.775600599876680397e-01 9.555895770767197650e-01 9.341291837696603650e-01 9.132103856318194435e-01 8.928187889212594319e-01 8.729751217531961371e-01 8.537243002613468246e-01 8.349927090691797726e-01 8.168501310309498331e-01 7.992552997332120768e-01 7.821760517956244385e-01 7.656866309345393695e-01 7.496435145935061994e-01 7.342094893426075464e-01 7.191666516641329610e-01 7.047240091194019174e-01 6.906351137747855917e-01 6.771157166308210407e-01 6.639336738238454938e-01 6.512621783605743175e-01 6.389363597658340721e-01 6.270382466360021612e-01 6.155172698920732266e-01 6.043200132297266158e-01 5.935529320968865319e-01 5.830392509432548165e-01 5.729248096225608711e-01 5.630951640934823699e-01 5.535209426081008077e-01 5.443289238444973810e-01 5.353444837288996450e-01 5.266384148900814521e-01 5.182305327717507959e-01 5.100072651507473465e-01 5.020580835880888992e-01 4.943559584102765747e-01 4.868180213893157360e-01 4.795263315368898382e-01 4.724595846407340649e-01 4.655389510085407023e-01 4.588168523716295022e-01 4.523225709269427242e-01 4.459584586522591931e-01 4.397288237944163014e-01 4.337509168572769580e-01 4.278891376986463935e-01 4.221400479249413085e-01 4.165732355921210606e-01 4.111655296393428860e-01 4.058585860755817842e-01 4.006495071989837342e-01 3.956418550298075876e-01 3.907355084881355967e-01 3.859168848358839332e-01 3.811898312450783810e-01 3.766470455761680713e-01 3.721830386245870703e-01 3.677956671782751097e-01 3.634843695137928710e-01 3.593429797556367267e-01 3.552705888776407361e-01 3.512653806228672182e-01 3.473256010940422023e-01 3.435192730091300439e-01 3.397947737421481706e-01 3.361293723475808348e-01 3.325215765612630214e-01 3.289955393470473943e-01 3.255811150823728628e-01 3.222188507628174770e-01 3.189074722584911425e-01 3.156457469050411024e-01 3.124796112651397340e-01 3.093886263660864389e-01 3.063427349912800635e-01 3.033408800535938310e-01 3.003820376442112861e-01 2.975135264530852086e-01 2.947061295057089025e-01 2.919379058973829988e-01 2.892079737356272329e-01 2.865154778548841263e-01 2.838928415024143392e-01 2.813352488430364007e-01 2.788118421545769943e-01 2.763218816496593733e-01 2.738646492388014941e-01 2.714448517961507990e-01 2.691082646553361601e-01 2.668016392248940272e-01 2.645243517879650175e-01 2.622757962292885381e-01 2.600553834147572574e-01 2.578827702844470604e-01 2.557688735999397722e-01 2.536808137883829195e-01 2.516180766984695838e-01 2.495801621069254905e-01 2.475665832530657140e-01
1.000000000000000000e+00 9.775600595069302567e-01 9.555895761261702370e-01 9.341291823611497236e-01 9.132103837922794787e-01 8.928187866732616440e-01 8.729751191222503426e-01 8.537242972863786639e-01 8.349927057742667635e-01 8.168501274562164349e-01 7.992552959085417186e-01 7.821760477456316529e-01 7.656866266974992064e-01 7.496435101824504565e-01 7.342094848244116179e-01 7.191666470451132387e-01 7.047240044201438236e-01 6.906351089972544433e-01 6.771157118119403018e-01 6.639336689657561186e-01 6.512621734897644510e-01 6.389363548877865506e-01 6.270382417679712939e-01 6.155172650458231587e-01 6.043200084103320657e-01 5.935529273225830238e-01 5.830392462129810882e-01 5.729248049508429697e-01 5.630951594840661878e-01 5.535209380576702198e-01 5.443289193412370608e-01 5.353444792717446665e-01 5.266384104928191201e-01 5.182305284532121581e-01 5.100072609092037856e-01 5.020580794319999818e-01 4.943559543458752592e-01 4.868180174146475303e-01 4.795263276554050380e-01 4.724595808549381104e-01 4.655389473164551206e-01 4.588168487772240622e-01 4.523225674377226446e-01 4.459584552661161605e-01 4.397288205093244917e-01 4.337509136715462787e-01 4.278891346103469440e-01 4.221400449321998094e-01 4.165732326963376697e-01 4.111655268410888131e-01 4.058585833730399273e-01 4.006495045903888941e-01 3.956418525175557921e-01 3.907355060709059025e-01 3.859168825119771995e-01 3.811898290130456557e-01 3.766470434376641974e-01 3.721830365779900673e-01 3.677956652220072398e-01 3.634843676463619944e-01 3.593429779783304800e-01 3.552705871889576539e-01 3.512653790213451921e-01 3.473255995782572603e-01 3.435192715795667429e-01 3.397947723979845569e-01 3.361293710874620477e-01 3.325215753838680621e-01 3.289955382517391613e-01 3.255811140693402606e-01 3.222188498308037330e-01 3.189074714062700155e-01 3.156457461314161606e-01 3.124796105701027060e-01 3.093886257491823000e-01 3.063427344513689476e-01 3.033408795895626842e-01 3.003820372549728668e-01 2.975135261387830687e-01 2.947061292658058052e-01 2.919379057308407743e-01 2.892079736414311930e-01 2.865154778320420648e-01 2.838928415508084058e-01 2.813352489624674768e-01 2.788118423440955063e-01 2.763218819083362865e-01 2.738646495657277580e-01 2.714448521905908351e-01 2.691082651178970941e-01 2.668016397547023355e-01 2.645243523841653843e-01 2.622757968910433002e-01 2.600553841412459044e-01 2.578827710755132729e-01 2.557688744558105909e-01 2.536808147082662557e-01 2.516180776815891695e-01 2.495801631525203235e-01 2.475665843603897798e-01
1.000000000000000000e+00 9.775600591320903199e-01 9.555895753835385031e-01 9.341291812696115304e-01 9.132103823737093284e-01 8.928187849470694548e-01 8.729751171113570019e-01 8.537242950207750702e-01 8.349927032722735953e-01 8.168501247483739292e-01 7.992552930171624714e-01 7.821760446890785312e-01 7.656866235038332080e-01 7.496435068612257169e-01 7.342094814079620502e-01 7.191666435375796418e-01 7.047240008490085472e-01 6.906351053640753523e-01 6.771157081452009452e-01 6.639336652671472550e-01 6.512621697804219512e-01 6.389363511720971278e-01 6.270382380571047909e-01 6.155172613474066967e-01 6.043200047278476372e-01 5.935529236684007337e-01 5.830392425864349137e-01 5.729248013619273605e-01 5.630951559353999381e-01 5.535209345546486803e-01 5.443289159179426351e-01 5.353444759263767949e-01 5.266384072192241694e-01 5.182305252438000887e-01 5.100072577625652803e-01 5.020580763469387753e-01 4.943559513211999712e-01 4.868180144490708017e-01 4.795263247502252191e-01 4.724595780110140697e-01 4.655389445325202047e-01 4.588168460532560666e-01 4.523225647744485989e-01 4.459584526623195933e-01 4.397288179639340377e-01 4.337509111851197696e-01 4.278891321817386850e-01 4.221400425602984674e-01 4.165732303805332326e-01 4.111655245806741243e-01 4.058585811669829790e-01 4.006495024376872105e-01 3.956418504170853279e-01 3.907355040217077025e-01 3.859168805131346636e-01 3.811898270636183694e-01 3.766470415359939872e-01 3.721830347232486513e-01 3.677956634133891511e-01 3.634843658830602675e-01 3.593429762580940268e-01 3.552705855110689925e-01 3.512653773851058814e-01 3.473255979829868445e-01 3.435192700230915719e-01 3.397947708792313781e-01 3.361293696058322289e-01 3.325215739387782921e-01 3.289955368418576720e-01 3.255811126924182952e-01 3.222188484863378610e-01 3.189074700937690743e-01 3.156457448504007557e-01 3.124796093184189494e-01 3.093886245253772982e-01 3.063427332550360815e-01 3.033408784203047159e-01 3.003820361124018290e-01 2.975135250204891113e-01 2.947061281705753433e-01 2.919379046583519544e-01 2.892079725913694332e-01 2.865154768040998889e-01 2.838928405430829471e-01 2.813352479732555977e-01 2.788118413731498491e-01 2.763218809554147670e-01 2.738646486305935102e-01 2.714448512727165586e-01 2.691082642142218484e-01 2.668016388650440440e-01 2.645243515083458008e-01 2.622757960288878420e-01 2.600553832925835418e-01 2.578827702389336340e-01 2.557688736292019205e-01 2.536808138915067068e-01 2.516180768745592822e-01 2.495801623551030246e-01 2.475665835724702724e-01
1.000000000000000000e+00 9.775600589266906226e-01 9.555895749688623209e-01 9.341291806471817560e-01 9.132103815554774018e-01 8.928187839455954400e-01 8.729751159426718532e-01 8.537242937067708315e-01 8.349927018263010314e-01 8.168501231941871499e-01 7.992552913733445008e-01 7.821760429706100526e-01 7.656866217365309035e-01 7.496435050524847821e-01 7.342094795858223888e-01 7.191666417040556425e-01 7.047239990299494217e-01 6.906351035591264953e-01 6.771157063744001059e-01 6.639336635303195733e-01 6.512621680906435229e-01 6.389363495310448338e-01 6.270382364733900760e-01 6.155172598265328254e-01 6.043200032710415170e-01 5.935529222833413332e-01 5.830392412714338057e-01 5.729248001207231100e-01 5.630951547680458358e-01 5.535209334595998509e-01 5.443289148943971645e-01 5.353444749727199747e-01 5.266384063405016303e-01 5.182305244473415229e-01 5.100072570465645772e-01 5.020580757125676641e-01 4.943559507690283295e-01 4.868180139773463089e-01 4.795263243592683966e-01 4.724595777008194220e-01 4.655389443014178452e-01 4.588168459005914079e-01 4.523225647001859473e-01 4.459584526648875391e-01 4.397288180418912895e-01 4.337509113382879700e-01 4.278891324086569470e-01 4.221400428595488141e-01 4.165732307510939814e-01 4.111655250214668045e-01 4.058585816766989152e-01 4.006495030150553083e-01 3.956418510608289418e-01 3.907355047306235174e-01 3.859168812860573894e-01 3.811898278993854916e-01 3.766470424330241040e-01 3.721830356804795015e-01 3.677956644297872280e-01 3.634843669576054981e-01 3.593429773888849321e-01 3.552705866971683779e-01 3.512653786256013100e-01 3.473255992769897493e-01 3.435192713687751920e-01 3.397947722754804389e-01 3.361293710518443167e-01 3.325215754337713103e-01 3.289955383846484560e-01 3.255811142813289094e-01 3.222188501206637579e-01 3.189074717728228592e-01 3.156457465735117429e-01 3.124796110839809238e-01 3.093886263321891095e-01 3.063427351024958223e-01 3.033408803078247451e-01 3.003820380394081613e-01 2.975135269852888231e-01 2.947061301721507487e-01 2.919379066961899083e-01 2.892079746649681704e-01 2.865154789129691904e-01 2.838928426859009257e-01 2.813352501488124435e-01 2.788118435810081341e-01 2.763218831951461674e-01 2.738646509017791386e-01 2.714448535748026914e-01 2.691082665454272993e-01 2.668016412249955560e-01 2.645243538966776664e-01 2.622757984452419588e-01 2.600553857366091903e-01 2.578827727097245948e-01 2.557688761255394461e-01 2.536808164130786025e-01 2.516180794210595151e-01 2.495801649262316402e-01 2.475665861679331170e-01
1.000000000000000000e+00 9.775600588203737784e-01 9.555895747632250359e-01 9.341291803483522393e-01 9.132103811734131327e-01 8.928187834896649244e-01 8.729751154248504008e-01 8.537242931449943173e-01 8.349927012293397732e-01 8.168501225771311880e-01 7.992552907471861534e-01 7.821760423439931831e-01 7.656866211248779530e-01 7.496435044594165209e-01 7.342094790267276183e-01 7.191666411791041158e-01 7.047239985555282527e-01 6.906351031339981184e-01 6.771157060123428328e-01 6.639336632302774710e-01 6.512621678631445032e-01 6.389363493767695745e-01 6.270382363977610174e-01 6.155172598327153244e-01 6.043200033599591681e-01 5.935529224627331679e-01 5.830392415391704164e-01 5.729248004830050922e-01 5.630951552253934400e-01 5.535209340120099686e-01 5.443289155518280520e-01 5.353444757327999737e-01 5.266384071987016968e-01 5.182305253984502702e-01 5.100072580885420814e-01 5.020580768449947051e-01 4.943559519911976952e-01 4.868180152873448630e-01 4.795263257474347007e-01 4.724595791590154858e-01 4.655389458281958270e-01 4.588168474997010859e-01 4.523225663784632977e-01 4.459584544207458312e-01 4.397288198738243947e-01 4.337509132453165606e-01 4.278891343893220234e-01 4.221400449124349530e-01 4.165732328741956203e-01 4.111655272129915439e-01 4.058585839353718305e-01 4.006495053396382788e-01 3.956418534486495497e-01 3.907355071803896851e-01 3.859168837966615584e-01 3.811898304696370032e-01 3.766470450600414854e-01 3.721830383632783179e-01 3.677956671674097455e-01 3.634843697490853787e-01 3.593429802310722510e-01 3.552705895892183108e-01 3.512653815666911816e-01 3.473256022663185894e-01 3.435192744036716928e-01 3.397947753546490812e-01 3.361293741745827179e-01 3.325215785993945738e-01 3.289955415916917536e-01 3.255811175273705116e-01 3.222188534051078634e-01 3.189074750950883219e-01 3.156457499330315164e-01 3.124796144785579877e-01 3.093886297603121727e-01 3.063427385636755540e-01 3.033408838015832498e-01 3.003820415652785902e-01 2.975135305409766784e-01 2.947061337564471084e-01 2.919379103086956473e-01 2.892079783052931563e-01 2.865154825807317840e-01 2.838928463793820023e-01 2.813352538664634639e-01 2.788118473225058014e-01 2.763218869601746230e-01 2.738646546900290746e-01 2.714448573857385361e-01 2.691082703765189654e-01 2.668016450759844727e-01 2.645243577673108137e-01 2.622758023352714796e-01 2.600553896457923342e-01 2.578827766369145569e-01 2.557688800690788855e-01 2.536808203727675681e-01 2.516180833967022190e-01 2.495801689176360971e-01 2.475665901749111164e-01
1.000000000000000000e+00 9.775600588256403434e-01 9.555895747732054968e-01 9.341291803669066196e-01 9.132103812075179627e-01 8.928187835449179488e-01 8.729751155084516379e-01 8.537242932679526275e-01 8.349927013969727918e-01 8.168501228009865667e-01 7.992552910327183069e-01 7.821760426951633871e-01 7.656866215574879009e-01 7.496435049759841984e-01 7.342094796410533197e-01 7.191666418897774138e-01 7.047239993734721875e-01 6.906351040565853472e-01 6.771157070478424078e-01 6.639336643762824286e-01 6.512621691257984846e-01 6.389363507550347432e-01 6.270382378927409350e-01 6.155172614443453760e-01 6.043200050863384298e-01 5.935529243041178793e-01 5.830392434928541867e-01 5.729248025497586383e-01 5.630951574037100782e-01 5.535209362995296978e-01 5.443289179471947348e-01 5.353444782335782248e-01 5.266384098023888516e-01 5.182305281025691990e-01 5.100072608908874372e-01 5.020580797431860587e-01 4.943559549829764643e-01 4.868180183707160325e-01 4.795263289283243080e-01 4.724595824419336454e-01 4.655389492110330041e-01 4.588168509747078128e-01 4.523225699345835848e-01 4.459584580563539236e-01 4.397288235871486539e-01 4.337509170317717655e-01 4.278891382474875327e-01 4.221400488409320917e-01 4.165732368689780141e-01 4.111655312707938603e-01 4.058585880550197866e-01 4.006495095199913981e-01 3.956418576867685166e-01 3.907355114750440950e-01 3.859168881468405532e-01 3.811898348741379894e-01 3.766470495143654507e-01 3.721830428665611201e-01 3.677956717188110014e-01 3.634843743477279565e-01 3.593429848723337372e-01 3.552705942723886623e-01 3.512653862910790070e-01 3.473256070312505939e-01 3.435192792054060917e-01 3.397947801916736954e-01 3.361293790463374398e-01 3.325215835053337288e-01 3.289955465300239967e-01 3.255811224947807725e-01 3.222188584011518864e-01 3.189074801193327313e-01 3.156457549850535393e-01 3.124796195554336298e-01 3.093886348601546654e-01 3.063427436861499986e-01 3.033408889463623526e-01 3.003820467320427734e-01 2.975135357266343039e-01 2.947061389595391767e-01 2.919379155289787975e-01 2.892079835425296341e-01 2.865154878346892198e-01 2.838928516477872699e-01 2.813352591472953468e-01 2.788118526155983212e-01 2.763218922653650766e-01 2.738646600071585335e-01 2.714448627143012382e-01 2.691082757130027758e-01 2.668016504202879169e-01 2.645243631193343603e-01 2.622758076949178174e-01 2.600553950129660397e-01 2.578827820101359802e-01 2.557688854460840044e-01 2.536808257535103639e-01 2.516180887811371170e-01 2.495801743057187161e-01 2.475665955665979634e-01
1.000000000000000000e+00 9.775600589563377962e-01 9.555895750311614867e-01 9.341291807521197033e-01 9.132103817205039498e-01 8.928187841877170960e-01 8.729751162856854707e-01 8.537242941857756673e-01 8.349927024569896439e-01 8.168501240095858984e-01 7.992552923974834966e-01 7.821760442212539743e-01 7.656866232452481658e-01 7.496435068225844045e-01 7.342094816516282485e-01 7.191666440608842636e-01 7.047240017106690679e-01 6.906351065558039570e-01 6.771157097119987478e-01 6.639336672015719865e-01 6.512621721123759144e-01 6.389363538998155123e-01 6.270382411940741418e-01 6.155172648999963636e-01 6.043200086881647115e-01 5.935529280336067082e-01 5.830392473470008552e-01 5.729248065413460322e-01 5.630951615347021821e-01 5.535209405667762539e-01 5.443289223478890992e-01 5.353444827647066973e-01 5.266384144607526574e-01 5.182305328849667880e-01 5.100072657945952104e-01 5.020580847642486244e-01 4.943559601178177942e-01 4.868180236169106223e-01 4.795263342820468844e-01 4.724595878997090992e-01 4.655389547707097786e-01 4.588168566327446851e-01 4.523225756866431913e-01 4.459584639005514384e-01 4.397288295213923615e-01 4.337509230501411239e-01 4.278891443483484047e-01 4.221400550226985793e-01 4.165732431284678849e-01 4.111655376053203192e-01 4.058585944631846743e-01 4.006495160004366340e-01 3.956418642327087509e-01 3.907355180847388310e-01 3.859168948191498694e-01 3.811898416076768825e-01 3.766470563035955732e-01 3.721830497105168556e-01 3.677956786165527125e-01 3.634843812982682110e-01 3.593429918700380976e-01 3.552706013164713683e-01 3.512653933807750595e-01 3.473256141658147000e-01 3.435192863804091834e-01 3.397947874053603434e-01 3.361293862980939684e-01 3.325215907945616722e-01 3.289955538546741054e-01 3.255811298510282170e-01 3.222188657885140528e-01 3.189074875373386631e-01 3.156457624332437706e-01 3.124796270304813217e-01 3.093886423599218061e-01 3.063427512102758765e-01 3.033408964944948050e-01 3.003820543038377422e-01 2.975135433186253953e-01 2.947061465700985816e-01 2.919379231578475564e-01 2.892079911894542832e-01 2.865154954994221792e-01 2.838928593278223222e-01 2.813352668404047741e-01 2.788118603216071523e-01 2.763218999841026147e-01 2.738646677384573014e-01 2.714448704576165605e-01 2.691082834645187050e-01 2.668016581798992037e-01 2.645243708869380872e-01 2.622758154704131206e-01 2.600554027962541093e-01 2.578827897996415763e-01 2.557688932393952230e-01 2.536808335505805201e-01 2.516180965819208026e-01 2.495801821101712170e-01 2.475666033746753980e-01
1.000000000000000000e+00 9.775600592136095557e-01 9.555895755407213255e-01 9.341291815120956743e-01 9.132103827297971543e-01 8.928187854442183324e-01 8.729751177880636925e-01 8.537242959351394322e-01 8.349927044507583496e-01 8.168501262477402269e-01 7.992552948770005328e-01 7.821760469385737879e-01 7.656866262006136736e-01 7.496435100117624373e-01 7.342094850770755077e-01 7.191666477173236371e-01 7.047240055985671825e-01 6.906351106694920139e-01 6.771157140483600179e-01 6.639336717552474232e-01 6.512621768801718503e-01 6.389363588769655378e-01 6.270382463754066160e-01 6.155172702805267182e-01 6.043200142678217812e-01 5.935529338234648566e-01 5.830392533421131507e-01 5.729248127197789087e-01 5.630951678865847576e-01 5.535209470875371851e-01 5.443289290304303973e-01 5.353444896053749513e-01 5.266384214541168785e-01 5.182305400250678540e-01 5.100072730782111430e-01 5.020580921854125300e-01 4.943559676713001338e-01 4.868180312998908743e-01 4.795263420886768380e-01 4.724595958248105076e-01 4.655389628118329348e-01 4.588168647851821880e-01 4.523225839443821839e-01 4.459584722614813868e-01 4.397288379831074123e-01 4.337509316050243702e-01 4.278891529945899608e-01 4.221400637585421278e-01 4.165732519486988195e-01 4.111655465057358350e-01 4.058586034422905775e-01 4.006495250567819744e-01 3.956418733589924241e-01 3.907355272790964951e-01 3.859169040803645534e-01 3.811898509341894448e-01 3.766470656882027757e-01 3.721830591522112819e-01 3.677956881143542578e-01 3.634843908511259936e-01 3.593430014707313380e-01 3.552706109642029819e-01 3.512654030747691114e-01 3.473256239053155170e-01 3.435192961598663719e-01 3.397947972226942337e-01 3.361293961527035412e-01 3.325216006858612294e-01 3.289955637802035593e-01 3.255811398060357020e-01 3.222188757725492070e-01 3.189074975499622822e-01 3.156457724740271420e-01 3.124796370953117353e-01 3.093886524462080567e-01 3.063427613177049924e-01 3.033409066227610862e-01 3.003820644526427608e-01 2.975135534836992890e-01 2.947061567495049550e-01 2.919379333513863473e-01 2.892080013969302033e-01 2.865155057206439371e-01 2.838928695597549567e-01 2.813352770803608238e-01 2.788118705694794808e-01 2.763219102397861948e-01 2.738646780018495486e-01 2.714448807281379938e-01 2.691082937374750239e-01 2.668016684552591555e-01 2.645243811646711962e-01 2.622758257504893553e-01 2.600554130786442153e-01 2.578828000824636146e-01 2.557689035197168170e-01 2.536808438284322564e-01 2.516181068573326574e-01 2.495801923831725555e-01 2.475666136452949750e-01
1.000000000000000000e+00 9.775600595931096537e-01 9.555895762926631676e-01 9.341291826307861479e-01 9.132103842120279369e-01 8.928187872850393836e-01 8.729751199828110764e-01 8.537242984796953316e-01 8.349927073393195176e-01 8.168501294770746934e-01 7.992552984428584750e-01 7.821760508359655306e-01 7.656866304252921696e-01 7.496435145567517111e-01 7.342094899332690661e-01 7.191666528770274125e-01 7.047240110526614698e-01 6.906351164107661367e-01 6.771157200692650147e-01 6.639336780489388801e-01 6.512621834371414842e-01 6.389363656902481425e-01 6.270382534363777571e-01 6.155172775815266339e-01 6.043200218018461856e-01 5.935529415806797271e-01 5.830392613172656890e-01 5.729248209045754159e-01 5.630951762751159606e-01 5.535209556742826109e-01 5.443289378062127204e-01 5.353444985659252531e-01 5.266384305924254328e-01 5.182305493332822754e-01 5.100072825526009712e-01 5.020581018185457101e-01 4.943559774567163334e-01 4.868180412343438013e-01 4.795263521648802096e-01 4.724596060363528971e-01 4.655389731559163025e-01 4.588168752560556340e-01 4.523225945345831223e-01 4.459584829686179530e-01 4.397288488043655796e-01 4.337509425303940902e-01 4.278891640220486292e-01 4.221400748861272034e-01 4.165732631697117161e-01 4.111655578148469270e-01 4.058586148378584557e-01 4.006495365372122475e-01 3.956418849152019690e-01 3.907355389089481323e-01 3.859169157825414476e-01 3.811898627069380541e-01 3.766470775226480883e-01 3.721830710472833759e-01 3.677957000690123546e-01 3.634844028642332248e-01 3.593430135332839614e-01 3.552706230753772676e-01 3.512654152337628677e-01 3.473256361113475355e-01 3.435193084061481383e-01 3.397948095067784280e-01 3.361294084739903099e-01 3.325216130437659290e-01 3.289955761718185712e-01 3.255811522256135682e-01 3.222188882196627691e-01 3.189075100241948180e-01 3.156457849749719213e-01 3.124796496180265448e-01 3.093886649876198547e-01 3.063427738775409970e-01 3.033409192007549549e-01 3.003820770485342018e-01 2.975135660923525216e-01 2.947061693686450767e-01 2.919379459808669752e-01 2.892080140366082852e-01 2.865155183703796959e-01 2.838928822159239029e-01 2.813352897397621288e-01 2.788118832320700125e-01 2.763219229055236537e-01 2.738646906706924677e-01 2.714448933994599300e-01 2.691083064056119523e-01 2.668016811202520433e-01 2.645243938265599004e-01 2.622758384093131778e-01 2.600554257344413478e-01 2.578828127330031195e-01 2.557689161614802864e-01 2.536808564615269934e-01 2.516181194818636890e-01 2.495802049992429383e-01 2.475666262530058226e-01
1.000000000000000000e+00 9.775600601393577005e-01 9.555895773745969324e-01 9.341291842381226340e-01 9.132103863362269758e-01 8.928187899165157537e-01 8.729751231121041233e-01 8.537243020989159215e-01 8.349927114383441928e-01 8.168501340462100968e-01 7.992553034722454930e-01 7.821760563156134882e-01 7.656866363433481038e-01 7.496435209023157853e-01 7.342094966958560009e-01 7.191666600464341474e-01 7.047240186187456734e-01 6.906351243638119142e-01 6.771157283933590953e-01 6.639336867348135662e-01 6.512621924762420633e-01 6.389363750740615355e-01 6.270382629850557166e-01 6.155172871705508753e-01 6.043200314864360934e-01 5.935529515481006158e-01 5.830392715608614385e-01 5.729248314171080381e-01 5.630951870500954248e-01 5.535209667041322001e-01 5.443289490765387262e-01 5.353445100712972415e-01 5.266384423233997358e-01 5.182305612791663352e-01 5.100072947086760067e-01 5.020581141741802256e-01 4.943559900027855725e-01 4.868180539667882334e-01 4.795263650649972953e-01 4.724596190883357250e-01 4.655389863566248287e-01 4.588168886036144145e-01 4.523226080278995309e-01 4.459584966047707710e-01 4.397288625798599360e-01 4.337509564321044842e-01 4.278891780475232443e-01 4.221400890329866651e-01 4.165732774294025331e-01 4.111655721805944075e-01 4.058586293076863472e-01 4.006495511092012518e-01 3.956418995778849812e-01 3.907355536597074686e-01 3.859169306198023675e-01 3.811898776285551071e-01 3.766470925172346607e-01 3.721830861135740909e-01 3.677957152057763079e-01 3.634844180701181648e-01 3.593430287971470793e-01 3.552706383962525583e-01 3.512654306107097502e-01 3.473256515434500757e-01 3.435193238848899822e-01 3.397948250291325523e-01 3.361294240392646571e-01 3.325216286512858721e-01 3.289955918179709449e-01 3.255811679031928030e-01 3.222189039281888046e-01 3.189075257631991955e-01 3.156458007439976732e-01 3.124796654109049943e-01 3.093886808005344990e-01 3.063427897101995145e-01 3.033409350528718518e-01 3.003820929198308121e-01 2.975135819764520573e-01 2.947061852627474443e-01 2.919379618848326197e-01 2.892080299503007601e-01 2.865155342936656080e-01 2.838928981443223365e-01 2.813353056693198573e-01 2.788118991627714927e-01 2.763219388373537866e-01 2.738647066036364874e-01 2.714449093327747087e-01 2.691083223322935924e-01 2.668016970403855326e-01 2.645244097402285055e-01 2.622758543165984446e-01 2.600554416354232679e-01 2.578828286249487678e-01 2.557689320400607369e-01 2.536808723269055599e-01 2.516181353342005211e-01 2.495802208386950494e-01 2.475666420797270062e-01
1.000000000000000000e+00 9.775600608358536725e-01 9.555895787520400919e-01 9.341291862781138100e-01 9.132103890259614110e-01 8.928187932422537720e-01 8.729751270598009594e-01 8.537243066534503377e-01 8.349927165848932686e-01 8.168501397688745502e-01 7.992553097548169561e-01 7.821760631426406540e-01 7.656866436988746250e-01 7.496435287727807317e-01 7.342095050607627682e-01 7.191666688931834805e-01 7.047240279257721562e-01 6.906351341198417870e-01 6.771157385817372365e-01 6.639336973448003443e-01 6.512622034845207963e-01 6.389363864683290650e-01 6.270382749173973869e-01 6.155172997414931624e-01 6.043200446202301457e-01 5.935529650272660662e-01 5.830392853772699002e-01 5.729248455465841827e-01 5.630952014800373329e-01 5.535209814255780403e-01 5.443289640714183975e-01 5.353445253334359055e-01 5.266384578408994654e-01 5.182305770383169863e-01 5.100073107041713794e-01 5.020581303930775618e-01 4.943560064340578597e-01 4.868180706059083152e-01 4.795263819087909885e-01 4.724596361335374750e-01 4.655390035990703002e-01 4.588169060284987277e-01 4.523226256141817947e-01 4.459585143492157955e-01 4.397288804785206562e-01 4.337509744692332192e-01 4.278891962204300903e-01 4.221401073390614322e-01 4.165732958583769352e-01 4.111655907243940145e-01 4.058586479641716482e-01 4.006495698762941871e-01 3.956419184414904922e-01 3.907355726168503796e-01 3.859169496688103496e-01 3.811898967670476757e-01 3.766471117314756922e-01 3.721831054022499696e-01 3.677957345676092227e-01 3.634844375036753172e-01 3.593430482889823918e-01 3.552706579453950297e-01 3.512654502162140258e-01 3.473256712043953920e-01 3.435193435911457205e-01 3.397948447772116687e-01 3.361294438285035713e-01 3.325216484810377682e-01 3.289956116840412337e-01 3.255811877970519186e-01 3.222189238494121422e-01 3.189075457113726975e-01 3.156458207187172738e-01 3.124796854049103900e-01 3.093887008093842983e-01 3.063428097336770572e-01 3.033409550907657515e-01 3.003821129719344007e-01 2.975136020352058264e-01 2.947062053248997171e-01 2.919379819503360451e-01 2.892080500191089865e-01 2.865155543657332271e-01 2.838929182143651309e-01 2.813353257326864920e-01 2.788119192195512852e-01 2.763219588876340005e-01 2.738647266475024988e-01 2.714449293694340959e-01 2.691083423534212926e-01 2.668017170461806642e-01 2.645244297308861348e-01 2.622758742923095299e-01 2.600554615963748817e-01 2.578828485679452442e-01 2.557689519599865013e-01 2.536808922240425535e-01 2.516181552088251894e-01 2.495802406910781479e-01 2.475666619101341837e-01
1.000000000000000000e+00 9.775600617045310248e-01 9.555895804735454746e-01 9.341291888418274958e-01 9.132103924141579121e-01 8.928187974370375146e-01 8.729751320432060924e-01 8.537243124056249632e-01 8.349927230865216154e-01 8.168501469985116614e-01 7.992553176904186873e-01 7.821760717634677063e-01 7.656866529800523402e-01 7.496435386961196601e-01 7.342095156020984614e-01 7.191666800368604617e-01 7.047240396469258705e-01 6.906351464043277710e-01 6.771157514038695924e-01 6.639337106910675468e-01 6.512622173307388573e-01 6.389364008000606443e-01 6.270382897141062450e-01 6.155173149858192971e-01 6.043200602979775793e-01 5.935529811162993941e-01 5.830393018679096429e-01 5.729248624164352544e-01 5.630952187160424005e-01 5.535209990166343186e-01 5.443289819944993058e-01 5.353445435810433306e-01 5.266384763984045536e-01 5.182305958888282493e-01 5.100073298412554079e-01 5.020581498009555332e-01 4.943560260992934108e-01 4.868180905230152788e-01 4.795264020629168011e-01 4.724596565117852309e-01 4.655390241968060394e-01 4.588169268346814489e-01 4.523226466140402025e-01 4.459585355388679395e-01 4.397289018531820859e-01 4.337509960092499894e-01 4.278892179225901593e-01 4.221401292002475714e-01 4.165733178660714908e-01 4.111656128687688483e-01 4.058586702426797976e-01 4.006495922864622417e-01 3.956419409663103903e-01 3.907355952527615806e-01 3.859169724138264979e-01 3.811899196183247684e-01 3.766471346724272196e-01 3.721831284313208421e-01 3.677957576832867059e-01 3.634844607042577169e-01 3.593430715581923951e-01 3.552706812820893290e-01 3.512654736192793448e-01 3.473256946727474315e-01 3.435193671125544856e-01 3.397948683474857900e-01 3.361294674468676136e-01 3.325216721467360026e-01 3.289956353920313048e-01 3.255812115370532722e-01 3.222189476209358361e-01 3.189075695139416133e-01 3.156458445518658396e-01 3.124797092599123083e-01 3.093887246809085556e-01 3.063428336214827352e-01 3.033409789946173163e-01 3.003821368916020362e-01 2.975136259616580903e-01 2.947062292542613204e-01 2.919380058825663538e-01 2.892080739541681988e-01 2.865155783035827075e-01 2.838929421486966476e-01 2.813353496579490409e-01 2.788119431358661582e-01 2.763219827951197138e-01 2.738647505462751264e-01 2.714449532585598845e-01 2.691083662229612483e-01 2.668017408963858639e-01 2.645244535620026038e-01 2.622758981045780757e-01 2.600554853900313712e-01 2.578828723391854427e-01 2.557689757027125643e-01 2.536809159386030355e-01 2.516181788955616505e-01 2.495802643503254314e-01 2.475666855422205825e-01
1.000000000000000000e+00 9.775600629089736815e-01 9.555895828605741604e-01 9.341291923900775229e-01 9.132103970981928498e-01 8.928188032305025557e-01 8.729751389186658495e-01 8.537243203326556618e-01 8.349927320374702644e-01 8.168501569422069730e-01 7.992553285970901422e-01 7.821760836050603016e-01 7.656866657233996065e-01 7.496435523165851933e-01 7.342095300624779108e-01 7.191666953156112818e-01 7.047240557062885991e-01 6.906351632251828132e-01 6.771157689483715547e-01 6.639337289409267262e-01 6.512622362513637020e-01 6.389364203716567658e-01 6.270383099080183431e-01 6.155173357780112653e-01 6.043200816687327448e-01 5.935530030335445240e-01 5.830393243187833585e-01 5.729248853706948585e-01 5.630952421561907784e-01 5.535210229278497707e-01 5.443290063457378869e-01 5.353445683623683227e-01 5.266385015898032984e-01 5.182306214670789890e-01 5.100073557978637151e-01 5.020581761141470478e-01 4.943560527505979074e-01 4.868181175052249121e-01 4.795264293559896585e-01 4.724596840983479873e-01 4.655390520707903823e-01 4.588169549811976222e-01 4.523226750130576179e-01 4.459585641853255344e-01 4.397289307407910020e-01 4.337510251115860305e-01 4.278892472354817733e-01 4.221401587196471628e-01 4.165733475752086412e-01 4.111656427545068437e-01 4.058587003017282702e-01 4.006496225156250257e-01 3.956419713427614671e-01 3.907356257718288539e-01 3.859170030729601186e-01 3.811899504138213657e-01 3.766471655821536091e-01 3.721831594532963305e-01 3.677957888155840016e-01 3.634844919446940104e-01 3.593431028850395670e-01 3.552707126939077531e-01 3.512655051146671425e-01 3.473257262503395282e-01 3.435193987560704043e-01 3.397949000513986739e-01 3.361294992102192292e-01 3.325217039685920972e-01 3.289956672657382009e-01 3.255812434489684382e-01 3.222189795704756277e-01 3.189076015005365416e-01 3.156458765749603490e-01 3.124797413079221653e-01 3.093887567467807354e-01 3.063428657049565573e-01 3.033410110954383732e-01 3.003821690095216934e-01 2.975136580846678425e-01 2.947062613772395978e-01 2.919380380055135449e-01 2.892081060770848033e-01 2.865156104264691139e-01 2.838929742631962072e-01 2.813353817567132986e-01 2.788119752191053902e-01 2.763220148630397000e-01 2.738647825990772611e-01 2.714449852950456266e-01 2.691083982299316557e-01 2.668017728742195227e-01 2.645244855110699400e-01 2.622759300252420767e-01 2.600555172826475858e-01 2.578829041987267257e-01 2.557690075210960479e-01 2.536809477163317617e-01 2.516182106331286139e-01 2.495802960482139676e-01 2.475667172009045347e-01
1.000000000000000000e+00 9.775600641578559014e-01 9.555895853355599323e-01 9.341291960678405060e-01 9.132104019520553839e-01 8.928188092328801506e-01 8.729751460407628727e-01 8.537243285425215600e-01 8.349927413062805392e-01 8.168501672373191802e-01 7.992553398875176240e-01 7.821760958616362780e-01 7.656866789115788219e-01 7.496435664108443975e-01 7.342095450238516063e-01 7.191667111218245090e-01 7.047240723176517729e-01 6.906351806219751532e-01 6.771157870909876308e-01 6.639337478104975210e-01 6.512622558117597826e-01 6.389364406023921861e-01 6.270383307793032657e-01 6.155173572649028646e-01 6.043201037508447726e-01 5.935530256775446434e-01 5.830393475114477031e-01 5.729249090807252420e-01 5.630952663655344193e-01 5.535210476212225617e-01 5.443290314909440264e-01 5.353445939492043060e-01 5.266385275976591673e-01 5.182306478720283271e-01 5.100073825911873859e-01 5.020582032733322819e-01 4.943560802565599155e-01 4.868181453505713852e-01 4.795264575200378632e-01 4.724597125631763705e-01 4.655390808301801409e-01 4.588169840197993676e-01 4.523227043102017730e-01 4.459585937358299668e-01 4.397289605382049271e-01 4.337510551286768434e-01 4.278892774679819988e-01 4.221401891634153913e-01 4.165733782129748541e-01 4.111656735727494127e-01 4.058587312970842187e-01 4.006496536848284107e-01 3.956420026623024833e-01 3.907356572369177772e-01 3.859170346809945307e-01 3.811899821610097439e-01 3.766471974457134553e-01 3.721831914312093703e-01 3.677958209058872496e-01 3.634845241451600817e-01 3.593431351733091250e-01 3.552707450685179125e-01 3.512655375741935426e-01 3.473257587933949453e-01 3.435194313659110654e-01 3.397949327223516724e-01 3.361295319413148408e-01 3.325217367588851891e-01 3.289957001083973487e-01 3.255812763299698043e-01 3.222190124892334584e-01 3.189076344564795162e-01 3.156459095675307469e-01 3.124797743252146764e-01 3.093887897815516541e-01 3.063428987569507544e-01 3.033410441644070477e-01 3.003822020952214844e-01 2.975136911747564561e-01 2.947062944664597395e-01 2.919380710938774826e-01 2.892081391646042499e-01 2.865156435131556711e-01 2.838930073404653531e-01 2.813354148170172930e-01 2.788120082626709961e-01 2.763220478900886845e-01 2.738648156098268394e-01 2.714450182882729434e-01 2.691084311920720618e-01 2.668018058056716990e-01 2.645245184122242410e-01 2.622759628964806966e-01 2.600555501243450029e-01 2.578829370057219017e-01 2.557690402850854028e-01 2.536809804378409305e-01 2.516182433126727402e-01 2.495803286862981474e-01 2.475667497980237330e-01
1.000000000000000000e+00 9.775600660900349848e-01 9.555895891632967265e-01 9.341292017497054845e-01 9.132104094444641884e-01 8.928188184920770043e-01 8.729751570212278544e-01 8.537243411936623616e-01 8.349927555828337011e-01 8.168501830869028257e-01 7.992553572600414880e-01 7.821761147103769574e-01 7.656866991799471389e-01 7.496435880589507050e-01 7.342095679913049899e-01 7.191667353746544755e-01 7.047240977922827332e-01 6.906352072884813786e-01 6.771158148866331938e-01 6.639337767066284535e-01 6.512622857508252316e-01 6.389364715528704775e-01 6.270383626944701083e-01 6.155173901059176611e-01 6.043201374868302223e-01 5.935530602576415404e-01 5.830393829157901608e-01 5.729249452606441917e-01 5.630953032934067348e-01 5.535210852736780485e-01 5.443290698171249220e-01 5.353446329338962251e-01 5.266385672101965287e-01 5.182306880768229318e-01 5.100074233752350805e-01 5.020582446023912349e-01 4.943561221016509744e-01 4.868181877006940717e-01 4.795265003436524620e-01 4.724597558329952096e-01 4.655391245369773223e-01 4.588170281403411432e-01 4.523227488130874829e-01 4.459586386133960745e-01 4.397290057808499464e-01 4.337511006951526027e-01 4.278893233519976969e-01 4.221402353588666334e-01 4.165734246937785046e-01 4.111657203185198339e-01 4.058587783028843043e-01 4.006497009458627745e-01 3.956420501430773506e-01 3.907357049303187835e-01 3.859170825832200502e-01 3.811900302664515405e-01 3.766472457199740997e-01 3.721832398713612045e-01 3.677958695090823293e-01 3.634845729081478405e-01 3.593431840624083384e-01 3.552707940816273169e-01 3.512655867092674966e-01 3.473258080484409316e-01 3.435194807157586072e-01 3.397949821585355412e-01 3.361295814624651879e-01 3.325217863636666382e-01 3.289957497865995117e-01 3.255813260605385784e-01 3.222190622713688724e-01 3.189076842894010833e-01 3.156459594504770760e-01 3.124798242403432624e-01 3.093888397180343253e-01 3.063429487144760932e-01 3.033410941426707419e-01 3.003822520939264940e-01 2.975137411754198435e-01 2.947063444612457173e-01 2.919381210828680406e-01 2.892081891478796019e-01 2.865156934907941433e-01 2.838930572996238300e-01 2.813354647464094138e-01 2.788120581626945538e-01 2.763220977611330342e-01 2.738648654522727877e-01 2.714450681003378052e-01 2.691084809534372013e-01 2.668018555169871520e-01 2.645245680741266092e-01 2.622760125095934258e-01 2.600555996892787158e-01 2.578829865147754252e-01 2.557690897258383944e-01 2.536810298111281115e-01 2.516182926193124558e-01 2.495803779270922562e-01 2.475667989737585784e-01
1.000000000000000000e+00 9.775600679014877503e-01 9.555895927518690547e-01 9.341292070765564448e-01 9.132104164687329106e-01 8.928188271727413028e-01 8.729751673156120884e-01 8.537243530543352499e-01 8.349927689673600772e-01 8.168501979461737506e-01 7.992553735470961929e-01 7.821761323814118150e-01 7.656867181819083656e-01 7.496436083544411044e-01 7.342095895237072956e-01 7.191667581121203856e-01 7.047241216752091475e-01 6.906352322888121842e-01 6.771158409455527716e-01 6.639338037972729589e-01 6.512623138192397132e-01 6.389365005695026856e-01 6.270383926155150833e-01 6.155174208949620862e-01 6.043201691149255872e-01 5.935530926771066529e-01 5.830394161080003634e-01 5.729249791799715386e-01 5.630953379139538306e-01 5.535211205735347528e-01 5.443291057486114859e-01 5.353446694827487251e-01 5.266386043476654066e-01 5.182307257695438762e-01 5.100074616110160663e-01 5.020582833491302743e-01 4.943561613321792447e-01 4.868182274046987668e-01 4.795265404915643459e-01 4.724597963992316352e-01 4.655391655128887640e-01 4.588170695041456359e-01 4.523227905353464084e-01 4.459586806869246800e-01 4.397290481966464881e-01 4.337511434145462919e-01 4.278893663690908622e-01 4.221402786679361863e-01 4.165734682703712277e-01 4.111657641435235711e-01 4.058588223716704801e-01 4.006497452539358184e-01 3.956420946571611030e-01 3.907357496437434130e-01 3.859171274924214079e-01 3.811900753661718322e-01 3.766472909779650102e-01 3.721832852848781514e-01 3.677959150754552820e-01 3.634846186243294031e-01 3.593432298968214922e-01 3.552708400323024152e-01 3.512656327742864626e-01 3.473258542259359261e-01 3.435195269821317288e-01 3.397950285058505826e-01 3.361296278894376766e-01 3.325218328690447978e-01 3.289957963608110547e-01 3.255813726838447386e-01 3.222191089430196942e-01 3.189077310086648187e-01 3.156460062166398517e-01 3.124798710366775145e-01 3.093888865343885075e-01 3.063429955505581059e-01 3.033411409981953688e-01 3.003822989686151246e-01 2.975137880519445610e-01 2.947063913322602868e-01 2.919381679484492342e-01 2.892082360081026926e-01 2.865157403457326279e-01 2.838931041372368957e-01 2.813355115561159692e-01 2.788121049448675781e-01 2.763221445161374579e-01 2.738649121804657693e-01 2.714451148000480707e-01 2.691085276056154885e-01 2.668019021222429177e-01 2.645246146330566539e-01 2.622760590227823929e-01 2.600556461572989253e-01 2.578830329304069857e-01 2.557691360774369538e-01 2.536810760994763769e-01 2.516183388451773140e-01 2.495804240912257721e-01 2.475668450768978845e-01
1.000000000000000000e+00 9.775600706955130947e-01 9.555895982861969395e-01 9.341292152939368876e-01 9.132104273052968901e-01 8.928188405643305847e-01 8.729751831951682028e-01 8.537243713470688000e-01 8.349927896071445144e-01 8.168502208560486366e-01 7.992553986539682187e-01 7.821761596172263076e-01 7.656867474628235026e-01 7.496436396224072096e-01 7.342096226887157018e-01 7.191667931251372048e-01 7.047241584428263206e-01 6.906352707680536440e-01 6.771158810446250564e-01 6.639338454750132179e-01 6.512623569922293409e-01 6.389365451923694206e-01 6.270384386205315463e-01 6.155174682259424435e-01 6.043202177272832820e-01 5.935531424967809278e-01 5.830394671065773915e-01 5.729250312868187089e-01 5.630953910892505521e-01 5.535211747840753649e-01 5.443291609227355332e-01 5.353447255986961695e-01 5.266386613599414179e-01 5.182307836250604760e-01 5.100075202912578431e-01 5.020583428049727459e-01 4.943562215220739797e-01 4.868182883129976712e-01 4.795266020730952761e-01 4.724598586149281743e-01 4.655392283496389561e-01 4.588171329286058753e-01 4.523228545023756930e-01 4.459587451856479312e-01 4.397291132133921976e-01 4.337512088900531415e-01 4.278894322944469253e-01 4.221403450344933250e-01 4.165735350407260840e-01 4.111658312884677868e-01 4.058588898842243053e-01 4.006498131273202867e-01 3.956421628405106250e-01 3.907358181269425246e-01 3.859171962701090086e-01 3.811901444303908426e-01 3.766473602794299103e-01 3.721833548194747321e-01 3.677959848391813003e-01 3.634846886126029131e-01 3.593433000614176254e-01 3.552709103702834659e-01 3.512657032827922188e-01 3.473259249021805606e-01 3.435195977901177034e-01 3.397950994335143249e-01 3.361296989348803721e-01 3.325219040304152607e-01 3.289958676235426038e-01 3.255814440178346203e-01 3.222191803471792237e-01 3.189078024819322343e-01 3.156460777579787047e-01 3.124799426205887576e-01 3.093889581454168924e-01 3.063430671883080603e-01 3.033412126622804794e-01 3.003823706586580822e-01 2.975138597415299402e-01 2.947064630102151361e-01 2.919382396149359238e-01 2.892083076632797622e-01 2.865158119897552313e-01 2.838931757517713650e-01 2.813355831250550776e-01 2.788121764688207826e-01 2.763222159957010038e-01 2.738649836162230788e-01 2.714451861894855433e-01 2.691085989196927430e-01 2.668019733619262923e-01 2.645246857992923917e-01 2.622761301164970305e-01 2.600557171794002365e-01 2.578831038699100908e-01 2.557692069166043747e-01 2.536811468395344660e-01 2.516184094873280541e-01 2.495804946366472765e-01 2.475669155267452848e-01
