1.324664752670294376e+00 1.300916394600584169e+00 1.279194106753697380e+00 1.259411965480795370e+00 1.241364128340473938e+00 1.224803566325679771e+00 1.209633602511262840e+00 1.195770532476874148e+00 1.182975747373665509e+00 1.171260050982588119e+00 1.160460464151526372e+00 1.150489039205582209e+00 1.141329090373287558e+00 1.132819421988493058e+00 1.125008526030384592e+00 1.117727967832657487e+00 1.111029578101781379e+00 1.104782054607283293e+00 1.099007521065098913e+00 1.093628381187103704e+00 1.088627533688323323e+00 1.083975863563752418e+00 1.079633460221051111e+00 1.075588526171548764e+00 1.071818479380616251e+00 1.068276516279874633e+00 1.064994135446619250e+00 1.061888847509602885e+00 1.058995847214444286e+00 1.056306969972483190e+00 1.053730347235450449e+00 1.051356625071139694e+00 1.049116200109303509e+00 1.046979658367208632e+00 1.045020426078707043e+00 1.043141590042379496e+00 1.041354683316989327e+00 1.039724412801201092e+00 1.038148564018112507e+00 1.036637410500811152e+00 1.035265895097426725e+00 1.033956759696740724e+00 1.032660722075166904e+00 1.031490116945977586e+00 1.030428651812367757e+00 1.029297785806450705e+00 1.028280308723953818e+00 1.027372416738276284e+00 1.026453623001979176e+00 1.025549879057579883e+00 1.024745962925435405e+00 1.024038850311044690e+00 1.023235999711106903e+00 1.022504943893389084e+00 1.021862614276957570e+00 1.021294316827057180e+00 1.020610663088556525e+00 1.020008606142754681e+00 1.019486020679911453e+00 1.019037697346570237e+00 1.018456029010235575e+00 1.017947761848833510e+00 1.017511130815130782e+00 1.017144464430164152e+00 1.016684015873370539e+00 1.016241137489976021e+00 1.015863175748658698e+00 1.015548719902926278e+00 1.015232311343859051e+00 1.014831935338687874e+00 1.014490651533139554e+00 1.014207254997205654e+00 1.013980598062426797e+00 1.013682041624377694e+00 1.013359787704758652e+00 1.013090493245719870e+00 1.012873164551984839e+00 1.012706852994691653e+00 1.012450189401582268e+00 1.012181513490083118e+00 1.011960578179482706e+00 1.011786551807589474e+00 1.011658638596577564e+00 1.011472726458801930e+00 1.011238041625703410e+00 1.011046604292836548e+00 1.010897709190877736e+00 1.010790679835688932e+00 1.010706993970176049e+00 1.010490699574644768e+00 1.010313748381156840e+00 1.010175534508444439e+00 1.010075475844753212e+00 1.010013013106435764e+00 1.009916138975910815e+00 1.009741789728103356e+00 1.009602838761950006e+00 1.009498779655751743e+00 1.009429124856562110e+00 1.009393404946797412e+00
1.311146995170726859e+00 1.288711144579241186e+00 1.268173208924154860e+00 1.249428945533375357e+00 1.232294700799450693e+00 1.216559352261314952e+00 1.202125202410465388e+00 1.188905805150752837e+00 1.176703839411675112e+00 1.165508165674122854e+00 1.155179283829312453e+00 1.145638622354895997e+00 1.136855185293476289e+00 1.128702717364410191e+00 1.121195979384526975e+00 1.114211386961230232e+00 1.107762046732713612e+00 1.101759911809931269e+00 1.096192142861980523e+00 1.091016063724066898e+00 1.086189996558780901e+00 1.081705988773384863e+00 1.077514018398425755e+00 1.073607119912904917e+00 1.069968898692301051e+00 1.066540318369124885e+00 1.063370593334584946e+00 1.060362979173933518e+00 1.057562382873117768e+00 1.054963061035457450e+00 1.052461990503195333e+00 1.050163534163365275e+00 1.047992484856937079e+00 1.045917337341440323e+00 1.044019343595708360e+00 1.042195442595420518e+00 1.040458383161529055e+00 1.038877882270474284e+00 1.037346717856805434e+00 1.035875957555632665e+00 1.034544801447523144e+00 1.033273081300700058e+00 1.032009669495944859e+00 1.030871680029568749e+00 1.029842462361282518e+00 1.028737896049247702e+00 1.027746719656610574e+00 1.026865142084696814e+00 1.025969728052984919e+00 1.025087149599839487e+00 1.024304413453194229e+00 1.023618504528901685e+00 1.022833044313076867e+00 1.022118996540773983e+00 1.021493694030818133e+00 1.020942249733707730e+00 1.020272220035179478e+00 1.019683801161090919e+00 1.019174872821717148e+00 1.018740188297922566e+00 1.018169421900206206e+00 1.017672069677583835e+00 1.017246370256200683e+00 1.016890655753570405e+00 1.016439439602538908e+00 1.016005280760745588e+00 1.015636052026362535e+00 1.015330345295462955e+00 1.015022142775012570e+00 1.014628719388494638e+00 1.014294398385957363e+00 1.014017976782362052e+00 1.013798308820503813e+00 1.013505843105929616e+00 1.013189131402634224e+00 1.012925387799413768e+00 1.012713620011288063e+00 1.012552880797588983e+00 1.012300977147436276e+00 1.012036711485528206e+00 1.011820193219781450e+00 1.011650591714438052e+00 1.011527112203179035e+00 1.011345145459841222e+00 1.011113964020257994e+00 1.010926035089584119e+00 1.010780654147972246e+00 1.010677145450361580e+00 1.010596916545419832e+00 1.010383398346729411e+00 1.010209226791693560e+00 1.010073796547440228e+00 1.009976526043277145e+00 1.009916856529777807e+00 1.009822548407916853e+00 1.009650398524648995e+00 1.009513649477749464e+00 1.009411795242983079e+00 1.009344348659855450e+00 1.009310840698541822e+00
1.295988664087036168e+00 1.274999436342787007e+00 1.255770194680034813e+00 1.238175617485080204e+00 1.222055521080961604e+00 1.207237923286875958e+00 1.193623724850836121e+00 1.181123124903405985e+00 1.169584135958276816e+00 1.158971059907004220e+00 1.149170272916134605e+00 1.140113525847844755e+00 1.131753852678471839e+00 1.124003804007608576e+00 1.116840438161703197e+00 1.110190164910132893e+00 1.104022420088933254e+00 1.098297849596453268e+00 1.092964277967459097e+00 1.088018283073777459e+00 1.083390674636617090e+00 1.079097173179650593e+00 1.075076372659016899e+00 1.071326721189412634e+00 1.067838732697899529e+00 1.064539508523046907e+00 1.061498324133763660e+00 1.058602293880601897e+00 1.055907315263004742e+00 1.053410388887186411e+00 1.050995862721330276e+00 1.048783624199300046e+00 1.046692094142754215e+00 1.044687386215023883e+00 1.042859652536878734e+00 1.041098803868177880e+00 1.039418977158989899e+00 1.037895617535106174e+00 1.036415790706354478e+00 1.034991469739797720e+00 1.033706711834841308e+00 1.032478047693819345e+00 1.031252255110578719e+00 1.030151870463574815e+00 1.029159834826093745e+00 1.028085656654355473e+00 1.027124866912562107e+00 1.026273689386935306e+00 1.025405306354171264e+00 1.024547216179707787e+00 1.023788982647811263e+00 1.023127601457611613e+00 1.022362285394853298e+00 1.021667940644617412e+00 1.021062361401559704e+00 1.020530439196034367e+00 1.019876223192773157e+00 1.019303632641762158e+00 1.018810553141823005e+00 1.018391695027418109e+00 1.017833600749443290e+00 1.017348934503559788e+00 1.016935939227148200e+00 1.016592951257812905e+00 1.016152475541869160e+00 1.015728464087820360e+00 1.015369397393738327e+00 1.015073870459744620e+00 1.014775219514633786e+00 1.014389898860154515e+00 1.014063691632511643e+00 1.013795397133907095e+00 1.013583871854176977e+00 1.013298507707522056e+00 1.012988261624202524e+00 1.012730993079173691e+00 1.012525711446886412e+00 1.012371471119707822e+00 1.012125123440227537e+00 1.011866007638976939e+00 1.011654646682177194e+00 1.011490211142358708e+00 1.011371907443640916e+00 1.011194549875237270e+00 1.010967464700322616e+00 1.010783637513307021e+00 1.010642364677491800e+00 1.010542971318511896e+00 1.010466783972935989e+00 1.010256521245816108e+00 1.010085608899033316e+00 1.009953442247733202e+00 1.009859440360425076e+00 1.009803045118654818e+00 1.009711747603494469e+00 1.009542183000879501e+00 1.009408022004076866e+00 1.009308759059570404e+00 1.009243907471545132e+00 1.009212998669192896e+00
1.279217957067847689e+00 1.259799380536480440e+00 1.241994175840464232e+00 1.225653633614676608e+00 1.210642621162628885e+00 1.196830799356636055e+00 1.184117117894706750e+00 1.172407506007469014e+00 1.161599248753268254e+00 1.151629778024038764e+00 1.142413488319874881e+00 1.133893265441627607e+00 1.126004126112949866e+00 1.118701305224650833e+00 1.111920097306039024e+00 1.105642137619308629e+00 1.099789127286083801e+00 1.094374914759536521e+00 1.089303707068914884e+00 1.084615561654755034e+00 1.080210466180709927e+00 1.076130622530626857e+00 1.072302031472634809e+00 1.068729138598887962e+00 1.065410156092434724e+00 1.062256827718921715e+00 1.059360634962795977e+00 1.056590645717016663e+00 1.054015037035206381e+00 1.051633866041361109e+00 1.049317296187938231e+00 1.047202645535869614e+00 1.045201204865318090e+00 1.043276419584706849e+00 1.041528403319516238e+00 1.039839193717570831e+00 1.038224480468644684e+00 1.036766126926464970e+00 1.035344752233556820e+00 1.033973350049939288e+00 1.032741460052641891e+00 1.031561872880499164e+00 1.030378992291659079e+00 1.029321499226324876e+00 1.028371873480860677e+00 1.027332418888637466e+00 1.026406347248986828e+00 1.025589899596185406e+00 1.024752433912133887e+00 1.023922382914518536e+00 1.023192202001167228e+00 1.022558899379003128e+00 1.021816689062884587e+00 1.021144947270876013e+00 1.020561991552460857e+00 1.020052461881904682e+00 1.019416419865174728e+00 1.018862017853621627e+00 1.018387148295986089e+00 1.017986472851170054e+00 1.017442973428402064e+00 1.016972916122943271e+00 1.016574548896140628e+00 1.016246213002007570e+00 1.015818123579002696e+00 1.015405820986646335e+00 1.015058478658654506e+00 1.014774695215771683e+00 1.014487067344196136e+00 1.014111109858470305e+00 1.013794277441356195e+00 1.013535372065652584e+00 1.013333252844128118e+00 1.013056099007575206e+00 1.012753332545753393e+00 1.012503553661428191e+00 1.012305773667967257e+00 1.012159048865261646e+00 1.011919136424408894e+00 1.011665990235543156e+00 1.011460606815607344e+00 1.011302158151590191e+00 1.011189852060757621e+00 1.011017841792546390e+00 1.010795515260183741e+00 1.010616452533999787e+00 1.010479951012969613e+00 1.010385336843508730e+00 1.010313842947569318e+00 1.010107364734904367e+00 1.009940240834756198e+00 1.009811867322371048e+00 1.009721664015818199e+00 1.009669073536357153e+00 1.009581275333035100e+00 1.009414717560302766e+00 1.009283566297312307e+00 1.009187316542790258e+00 1.009125482145941444e+00 1.009097595074193165e+00
1.260947660749325072e+00 1.243203682124972342e+00 1.226920816876324594e+00 1.211925019746373788e+00 1.198106387759358515e+00 1.185378277851058870e+00 1.173637173758588670e+00 1.162784073541626384e+00 1.152768478715298084e+00 1.143498734196798594e+00 1.134918946916192217e+00 1.126983861152090372e+00 1.119609076560573957e+00 1.112795698539528644e+00 1.106433873879767882e+00 1.100564777110326409e+00 1.095057992232127075e+00 1.089985340686289605e+00 1.085203589769062171e+00 1.080800040974240206e+00 1.076641172586922934e+00 1.072797944486220345e+00 1.069182487337410947e+00 1.065805800324333363e+00 1.062674502976434621e+00 1.059683404955165997e+00 1.056948453051261394e+00 1.054318877562510970e+00 1.051876344940908758e+00 1.049624271435988687e+00 1.047417206191426864e+00 1.045411647149625090e+00 1.043510989413739098e+00 1.041675719158078328e+00 1.040016984173498749e+00 1.038408081487077972e+00 1.036866422567100265e+00 1.035480997842853856e+00 1.034125284280250634e+00 1.032813404775390742e+00 1.031640974548080125e+00 1.030516630579331405e+00 1.029382138846901551e+00 1.028373006226526831e+00 1.027471199262243839e+00 1.026470993702919055e+00 1.025584159769932224e+00 1.024806958303185800e+00 1.024004475699053174e+00 1.023206188265070038e+00 1.022507781859667508e+00 1.021906279073202528e+00 1.021190298815361830e+00 1.020544220829539661e+00 1.019986948776759439e+00 1.019502840134447474e+00 1.018887474618711320e+00 1.018353762692974396e+00 1.017899604705732708e+00 1.017519607613851074e+00 1.016992739521523470e+00 1.016539327136315007e+00 1.016157624220494826e+00 1.015845977703071501e+00 1.015432012954630814e+00 1.015033066972875542e+00 1.014699097029085006e+00 1.014428705925992436e+00 1.014153655275072508e+00 1.013788399014309505e+00 1.013482279579831946e+00 1.013234102033909734e+00 1.013042728522635993e+00 1.012774972952837471e+00 1.012480780985478335e+00 1.012239586895174126e+00 1.012050404243974855e+00 1.011912291543300535e+00 1.011679763481627470e+00 1.011433472068673955e+00 1.011234951630162637e+00 1.011083375794803896e+00 1.010977953996348155e+00 1.010812085440562891e+00 1.010595228432620063e+00 1.010421641216340038e+00 1.010290622393602344e+00 1.010201499296061067e+00 1.010135398588365874e+00 1.009933281103305935e+00 1.009770521886296013e+00 1.009646517897760276e+00 1.009560689828390201e+00 1.009512481160328656e+00 1.009428717033586276e+00 1.009265632971769966e+00 1.009137958332484653e+00 1.009045188759025713e+00 1.008986838736537051e+00 1.008962440860279974e+00
1.241361116357067917e+00 1.225370472206197103e+00 1.210685743159128025e+00 1.197106004280648950e+00 1.184546588067001638e+00 1.172965684682113707e+00 1.162256762478679706e+00 1.152315293450619560e+00 1.143145002348897599e+00 1.134623357864645632e+00 1.126725437403497621e+00 1.119418339172911336e+00 1.112596862630386374e+00 1.106310607152069192e+00 1.100401592388754013e+00 1.094974255854063383e+00 1.089842569540466544e+00 1.085140126579069664e+00 1.080672962112432245e+00 1.076578846786392596e+00 1.072688224214240371e+00 1.069102936330588394e+00 1.065720166022876780e+00 1.062557946101045703e+00 1.059631943825875888e+00 1.056818698967832315e+00 1.054260530943117002e+00 1.051785175307513587e+00 1.049488904478942164e+00 1.047378768220957879e+00 1.045292346800041017e+00 1.043406974029526868e+00 1.041617473337229871e+00 1.039881112876056335e+00 1.038321023840434121e+00 1.036800992971395718e+00 1.035340302264646573e+00 1.034035699316416812e+00 1.032752842010459027e+00 1.031507088055229282e+00 1.030400705867443589e+00 1.029337772982018562e+00 1.028257158350604827e+00 1.027301863768568024e+00 1.026453292410718809e+00 1.025496893872064108e+00 1.024653847775552240e+00 1.023920437450521526e+00 1.023157035633888601e+00 1.022394269955227086e+00 1.021731391757377594e+00 1.021165439989797363e+00 1.020478838265755916e+00 1.019861506999899081e+00 1.019332999201768786e+00 1.018877359767434765e+00 1.018285204339142380e+00 1.017774713814136422e+00 1.017343797545563922e+00 1.016987002169252197e+00 1.016478851612603318e+00 1.016044168908009304e+00 1.015681214442281322e+00 1.015388341622966317e+00 1.014990308284142273e+00 1.014606440928428333e+00 1.014287564936531272e+00 1.014032287898501750e+00 1.013771441224631031e+00 1.013418297077048669e+00 1.013124301068108357e+00 1.012888261804330892e+00 1.012709044910354850e+00 1.012451932796315734e+00 1.012167458709936074e+00 1.011935992637618797e+00 1.011756550722788806e+00 1.011628194014658533e+00 1.011404044552602688e+00 1.011165536926843078e+00 1.010974808345765918e+00 1.010831034326171274e+00 1.010733426160159709e+00 1.010574536834407677e+00 1.010363903733243029e+00 1.010196546262295936e+00 1.010071764409262052e+00 1.009988886870749170e+00 1.009928920625208004e+00 1.009731773627740470e+00 1.009573988658562627e+00 1.009454963699157215e+00 1.009374120446429268e+00 1.009330903374846766e+00 1.009251738685046140e+00 1.009092622511466475e+00 1.008968918506252699e+00 1.008880123057580791e+00 1.008825751385246328e+00 1.008805336809547759e+00
1.220702246839449501e+00 1.206513754621884926e+00 1.193476412085578975e+00 1.181361234037298313e+00 1.170108287946969083e+00 1.159720727645756178e+00 1.150088460911474764e+00 1.141100570693257099e+00 1.132816220098699089e+00 1.125080808787630504e+00 1.117901009044587557e+00 1.111256548581154524e+00 1.105020418129515569e+00 1.099292496265694030e+00 1.093864531070015689e+00 1.088906842807954245e+00 1.084175032069156108e+00 1.079867421279512296e+00 1.075736711443779026e+00 1.071973676286557708e+00 1.068370794728072504e+00 1.065062404592796330e+00 1.061929829554836280e+00 1.058998521740526444e+00 1.056293708097732598e+00 1.053672523292537022e+00 1.051305273503401638e+00 1.048996800046525957e+00 1.046858921530217756e+00 1.044902553942988588e+00 1.042947158822312481e+00 1.041192309636215896e+00 1.039523660293692808e+00 1.037895029910795630e+00 1.036442374161936186e+00 1.035019238543362530e+00 1.033646916807487770e+00 1.032430512650025944e+00 1.031227261813668417e+00 1.030053850752754352e+00 1.029019716565406029e+00 1.028024033134138593e+00 1.027002551783094964e+00 1.026106338042075850e+00 1.025316187421482894e+00 1.024408011140781616e+00 1.023613157461984891e+00 1.022927934947232220e+00 1.022207599375702491e+00 1.021484028319465054e+00 1.020860344689412003e+00 1.020333605817239642e+00 1.019679506914691558e+00 1.019093986156349496e+00 1.018597302297547635e+00 1.018173160331802052e+00 1.017606771035707736e+00 1.017122054084829808e+00 1.016716929000096359e+00 1.016385876512544861e+00 1.015898544788716107e+00 1.015484690319590655e+00 1.015142580981352571e+00 1.014870577503000248e+00 1.014490284196255976e+00 1.014123215814819234e+00 1.013821152645764112e+00 1.013582707696513374e+00 1.013337690831881854e+00 1.012998076360170696e+00 1.012717620089284232e+00 1.012495134644926464e+00 1.012329489594777199e+00 1.012084282269818170e+00 1.011810692597186145e+00 1.011590120279999505e+00 1.011421584395120643e+00 1.011304148874465625e+00 1.011089397077386431e+00 1.010859628397596133e+00 1.010677646250738304e+00 1.010542628303265689e+00 1.010453787962190653e+00 1.010302740711051195e+00 1.010099111627292157e+00 1.009938763491676772e+00 1.009820997873107862e+00 1.009745145024947943e+00 1.009692078857524100e+00 1.009500536471778842e+00 1.009348359376860405e+00 1.009234946721232262e+00 1.009159721351352346e+00 1.009122128874913482e+00 1.009048150698938828e+00 1.008893516102273180e+00 1.008774296019361083e+00 1.008689987690817524e+00 1.008640107176844714e+00 1.008624188626824125e+00
1.199243918299130129e+00 1.186875792230351001e+00 1.175507139364193376e+00 1.164880702103856969e+00 1.154960023065055630e+00 1.145792584567628891e+00 1.137264303236584784e+00 1.129257237087978760e+00 1.121886017365963051e+00 1.114963326836589719e+00 1.108527507312065064e+00 1.102570949839754899e+00 1.096944151432992953e+00 1.091798173358468294e+00 1.086873157443567273e+00 1.082406842656143731e+00 1.078094926810002852e+00 1.074202074840280741e+00 1.070425795986730932e+00 1.067011659913353450e+00 1.063712802677781122e+00 1.060697200909461291e+00 1.057829724813099448e+00 1.055143494244192848e+00 1.052673600166044166e+00 1.050256893797334223e+00 1.048092912089523487e+00 1.045962572400031432e+00 1.043993929156145528e+00 1.042201926650445865e+00 1.040387000575583976e+00 1.038772068717647157e+00 1.037233106169631380e+00 1.035720285487697234e+00 1.034383106072585434e+00 1.033064305569459718e+00 1.031787298030010902e+00 1.030666009652026371e+00 1.029548746595169595e+00 1.028453602436145031e+00 1.027497617950044351e+00 1.026574726216903155e+00 1.025617345060912955e+00 1.024785161440583403e+00 1.024058322100354967e+00 1.023202534786193940e+00 1.022460026120727727e+00 1.021827132666759619e+00 1.021153659569462580e+00 1.020472815981934067e+00 1.019891850255913335e+00 1.019407840174496371e+00 1.018789278874100424e+00 1.018238546463548166e+00 1.017776657791662487e+00 1.017386952564869773e+00 1.016848824996638756e+00 1.016392371282762053e+00 1.016015522311529029e+00 1.015712688291401600e+00 1.015248270001477326e+00 1.014857333920566429e+00 1.014538156321276530e+00 1.014289106137038932e+00 1.013928382629188052e+00 1.013579863709348938e+00 1.013296361056751360e+00 1.013076493767395503e+00 1.012848959422020245e+00 1.012524319200869494e+00 1.012258844913917155e+00 1.012051353712495105e+00 1.011900719602025100e+00 1.011668697293340857e+00 1.011407174120605879e+00 1.011198675976177075e+00 1.011042225243815817e+00 1.010936889103540848e+00 1.010732572983560784e+00 1.010512519586789226e+00 1.010340258974805394e+00 1.010214971242567650e+00 1.010135872185199402e+00 1.009993554363144863e+00 1.009797738649509613e+00 1.009645208192125443e+00 1.009535266351634819e+00 1.009467245144605396e+00 1.009421872393252650e+00 1.009236599395731737e+00 1.009090694033240698e+00 1.008983556780273183e+00 1.008914611788898741e+00 1.008883305953270471e+00 1.008815129600948879e+00 1.008665517449493176e+00 1.008551321423612812e+00 1.008472039734025438e+00 1.008427189396901236e+00 1.008416305504283850e+00
1.177267798779055852e+00 1.166705019192129544e+00 1.156996489671689776e+00 1.147856739974663753e+00 1.139271424350609907e+00 1.131330501940880140e+00 1.123915540276444247e+00 1.116901051663349520e+00 1.110455945685693280e+00 1.104360305775648587e+00 1.098683483956465201e+00 1.093430307084370279e+00 1.088428448517050340e+00 1.083880073409239531e+00 1.079473336166425934e+00 1.075513684894458644e+00 1.071636209662587991e+00 1.068172608956645453e+00 1.064764531850112661e+00 1.061712964529482051e+00 1.058731097299819623e+00 1.056021026355463466e+00 1.053430756832363979e+00 1.051001220946721437e+00 1.048777587589574622e+00 1.046575930871035176e+00 1.044625711394668421e+00 1.042683278716493689e+00 1.040893351151089607e+00 1.039274994777422689e+00 1.037608988379148389e+00 1.036142362305148223e+00 1.034741028119135375e+00 1.033351361484894149e+00 1.032136954165842724e+00 1.030929291168689144e+00 1.029753992337093527e+00 1.028734175230887171e+00 1.027708823797963911e+00 1.026697499642565292e+00 1.025825186105346676e+00 1.024980325782904433e+00 1.024091842400569385e+00 1.023328460458744038e+00 1.022669648987208468e+00 1.021870424940384714e+00 1.021184414761937997e+00 1.020607986031371484e+00 1.019985245460461210e+00 1.019350794103753177e+00 1.018816195415414461e+00 1.018378549952163814e+00 1.017798667257416856e+00 1.017285801317366234e+00 1.016861774460031009e+00 1.016509535303115941e+00 1.016002241125206540e+00 1.015576612539172086e+00 1.015230593131973169e+00 1.014958518295393741e+00 1.014519182789262564e+00 1.014153326959081891e+00 1.013859236482091974e+00 1.013635289475788515e+00 1.013296032866892959e+00 1.012967880052705771e+00 1.012704749446971420e+00 1.012505266979095264e+00 1.012296934881809829e+00 1.011988795676350472e+00 1.011739825984930174e+00 1.011548848053893446e+00 1.011414740881631857e+00 1.011197278930289878e+00 1.010949110068847023e+00 1.010753970818067726e+00 1.010610887298785343e+00 1.010518930359340484e+00 1.010326185452805170e+00 1.010116918731898794e+00 1.009955448614243911e+00 1.009840957947364393e+00 1.009772665231447153e+00 1.009640044500844436e+00 1.009452921631601940e+00 1.009309086365562491e+00 1.009207844097496087e+00 1.009148528844470372e+00 1.009111709288385672e+00 1.008933435504117737e+00 1.008794530046442484e+00 1.008694394900086388e+00 1.008632455703203812e+00 1.008608160813357690e+00 1.008546465911630774e+00 1.008402485065177601e+00 1.008293920637176155e+00 1.008220271947685820e+00 1.008181057105419942e+00 1.008175812279121564e+00
1.155295532369462475e+00 1.146482272228743327e+00 1.138387060057199696e+00 1.130697414245516175e+00 1.123418966361109161e+00 1.116681600492360538e+00 1.110362371890161404e+00 1.104328119342766312e+00 1.098799533422716079e+00 1.093524989838693395e+00 1.088603421771033197e+00 1.084051600035512486e+00 1.079674895940380130e+00 1.075725096689971405e+00 1.071839368439179152e+00 1.068389353663305119e+00 1.064950521337637790e+00 1.061920433682327802e+00 1.058885539116878993e+00 1.056201545145968312e+00 1.053541897418946327e+00 1.051142602303342111e+00 1.048834845703394913e+00 1.046667323004423888e+00 1.044695225087121759e+00 1.042713821772651039e+00 1.040982518035337590e+00 1.039232970242348397e+00 1.037626638780285715e+00 1.036186737026346893e+00 1.034674261059639555e+00 1.033360504042194705e+00 1.032101278482104867e+00 1.030839142541824183e+00 1.029751841885430563e+00 1.028659499637478270e+00 1.027589961207642455e+00 1.026675631287084167e+00 1.025746058622032830e+00 1.024822289951850207e+00 1.024037352764680664e+00 1.023274120148510269e+00 1.022457968979847198e+00 1.021766797595973442e+00 1.021179378442457653e+00 1.020439710311584536e+00 1.019813168269670944e+00 1.019296153384093628e+00 1.018726756154323398e+00 1.018141049732534498e+00 1.017655154814991247e+00 1.017266196454725602e+00 1.016727104656979463e+00 1.016254183834927716e+00 1.015870085393428823e+00 1.015557359135531801e+00 1.015082787281385901e+00 1.014689862048743452e+00 1.014376540804984517e+00 1.014137081670723806e+00 1.013724448689862667e+00 1.013385284339591852e+00 1.013117884530698287e+00 1.012920637368547316e+00 1.012604277147037379e+00 1.012297864731180663e+00 1.012056474298286268e+00 1.011878739228178059e+00 1.011690915133816482e+00 1.011400460614706898e+00 1.011169174085935873e+00 1.010995883369920634e+00 1.010879472926152101e+00 1.010677634148345660e+00 1.010443815358198494e+00 1.010263026898138961e+00 1.010134298987185097e+00 1.010056706494038226e+00 1.009876415831162166e+00 1.009678772670520530e+00 1.009528926913877633e+00 1.009426064434418180e+00 1.009369406704000660e+00 1.009247249981394257e+00 1.009069530863343500e+00 1.008935099228881915e+00 1.008843262717248557e+00 1.008793357551560188e+00 1.008765783839399743e+00 1.008595106767501415e+00 1.008463796659541334e+00 1.008371257171970958e+00 1.008316915586980667e+00 1.008300221880130909e+00 1.008245561365305187e+00 1.008107706128867909e+00 1.008005265960349783e+00 1.007937741410286137e+00 1.007904651798538165e+00 1.007905534486753352e+00
1.133689783007648222e+00 1.126540702322587073e+00 1.119984494381625284e+00 1.113683294681527602e+00 1.107660521033930534e+00 1.102082684467004636e+00 1.096822322915289583e+00 1.091738542229081954e+00 1.087100453062251226e+00 1.082626328429985296e+00 1.078442756708148487e+00 1.074577735480517937e+00 1.070815075183804810e+00 1.067453874363979871e+00 1.064082422449146970e+00 1.061135702011785975e+00 1.058131804353560801e+00 1.055531621198586789e+00 1.052868270306966281e+00 1.050550301938234732e+00 1.048212631680245588e+00 1.046124118775964673e+00 1.044099529378414326e+00 1.042195104421824281e+00 1.040475786199625441e+00 1.038716491434306555e+00 1.037205908096334728e+00 1.035651418261649637e+00 1.034230937403352479e+00 1.032971746841439664e+00 1.031615295346410610e+00 1.030456848388223934e+00 1.029342198550379894e+00 1.028210110843028158e+00 1.027252386766138947e+00 1.026277820047886147e+00 1.025316474719601967e+00 1.024510023099353573e+00 1.023678561145531463e+00 1.022844623596531166e+00 1.022149302463994935e+00 1.021469881911280853e+00 1.020728178261030461e+00 1.020111302122602703e+00 1.019597329634288396e+00 1.018919208931910347e+00 1.018354101225759756e+00 1.017898443110954565e+00 1.017384336282561197e+00 1.016849319204053081e+00 1.016414051766843407e+00 1.016075685170373610e+00 1.015579154761843350e+00 1.015147919808636168e+00 1.014805474047260070e+00 1.014533959705620658e+00 1.014093631406495666e+00 1.013734916883083370e+00 1.013455788289343573e+00 1.013250425537777666e+00 1.012865839970469084e+00 1.012554700984430900e+00 1.012315315505034619e+00 1.012146082380748657e+00 1.011853832444469026e+00 1.011570337878623160e+00 1.011351856735000387e+00 1.011197030436954858e+00 1.011030829264451869e+00 1.010759078742220485e+00 1.010546487870600085e+00 1.010391890510134560e+00 1.010294177029857465e+00 1.010108891098528749e+00 1.009890306800275361e+00 1.009724748261941807e+00 1.009611250155000528e+00 1.009548891713010210e+00 1.009381853283018105e+00 1.009196598164672887e+00 1.009059137062244149e+00 1.008968659147886138e+00 1.008924389131309107e+00 1.008813395056900486e+00 1.008645729260525759e+00 1.008521347440237470e+00 1.008439559689658260e+00 1.008399704642634953e+00 1.008382006371222328e+00 1.008219478711724015e+00 1.008096313832455238e+00 1.008011917224485465e+00 1.007965717973017261e+00 1.007957167826869949e+00 1.007910055456859411e+00 1.007778795306121467e+00 1.007682946616837993e+00 1.007622011294545761e+00 1.007595509991951133e+00 1.007602981382601071e+00
1.112869974985700949e+00 1.107267865578382304e+00 1.102146250359714807e+00 1.097144253093989219e+00 1.092300647372227207e+00 1.087814623490819921e+00 1.083554455498587643e+00 1.079371713880387995e+00 1.075579477197795120e+00 1.071868303049262838e+00 1.068389975314011808e+00 1.065182761867627947e+00 1.062010299676681369e+00 1.059215455214699064e+00 1.056340774832571272e+00 1.053880355024622961e+00 1.051298536899724079e+00 1.049115520363366416e+00 1.046814267938206866e+00 1.044853023222327870e+00 1.042830274373969024e+00 1.041045932031383625e+00 1.039299185784171575e+00 1.037653419353232076e+00 1.036182785403263695e+00 1.034642761281551859e+00 1.033350005370696767e+00 1.031988690585172286e+00 1.030752467145148232e+00 1.029672501603996704e+00 1.028471462242243062e+00 1.027467650555652368e+00 1.026497188009513950e+00 1.025495174744443183e+00 1.024666996108558159e+00 1.023810469444474736e+00 1.022957809248669969e+00 1.022259676376128690e+00 1.021526966311177453e+00 1.020783663551640297e+00 1.020178717024643911e+00 1.019583933932835418e+00 1.018917640378202316e+00 1.018375983168056331e+00 1.017936358036070299e+00 1.017320869112684489e+00 1.016818246762173139e+00 1.016424964869568015e+00 1.015967215608777341e+00 1.015483985225145380e+00 1.015100415955016100e+00 1.014813686529340231e+00 1.014360801788527278e+00 1.013972320910349056e+00 1.013672574645706037e+00 1.013443301294015608e+00 1.013038267953393134e+00 1.012714797281469625e+00 1.012470877127569002e+00 1.012300610115774990e+00 1.011945058787795171e+00 1.011662917198185241e+00 1.011452504010602826e+00 1.011312229512999705e+00 1.011045000356178614e+00 1.010785315713685018e+00 1.010590624548688865e+00 1.010459576881102217e+00 1.010315847865179029e+00 1.010063617517280576e+00 1.009870529161686736e+00 1.009735423140341481e+00 1.009657196160274495e+00 1.009489215437341603e+00 1.009286592504963442e+00 1.009136983393505549e+00 1.009039427570946001e+00 1.008993008968959604e+00 1.008839886879630221e+00 1.008667662485770888e+00 1.008543222818427898e+00 1.008465760617221152e+00 1.008434504090256034e+00 1.008335269929380384e+00 1.008178228701874568e+00 1.008064463136495004e+00 1.007993285993607380e+00 1.007964038524170824e+00 1.007956764169104957e+00 1.007802883939911798e+00 1.007688358346880753e+00 1.007612594882840273e+00 1.007575024598645674e+00 1.007575101174724042e+00 1.007535997135419636e+00 1.007411757722948442e+00 1.007322922953342248e+00 1.007268996215678891e+00 1.007249499620760824e+00 1.007263973276146585e+00
1.093090433661384253e+00 1.088910618416413678e+00 1.085111000158645478e+00 1.081310252594256616e+00 1.077560243091012060e+00 1.074089126902050273e+00 1.070761229837717821e+00 1.067421165950412476e+00 1.064421401444439752e+00 1.061427260805397177e+00 1.058613094044273506e+00 1.056026492699096542e+00 1.053412570195603637e+00 1.051154199830697911e+00 1.048751867530859361e+00 1.046753950997321381e+00 1.044575156839233854e+00 1.042790433967557773e+00 1.040836382497405399e+00 1.039217181730552886e+00 1.037497369039861450e+00 1.036005786189533762e+00 1.034527026071367262e+00 1.033131149347962685e+00 1.031900936420492521e+00 1.030573638739270548e+00 1.029492139647704807e+00 1.028318719002802917e+00 1.027261872187861691e+00 1.026356429481484200e+00 1.025307274991868356e+00 1.024454528212388915e+00 1.023625130762668034e+00 1.022750700997995699e+00 1.022049533933407250e+00 1.021308983073306198e+00 1.020563314082114870e+00 1.019971765375091488e+00 1.019336428937511752e+00 1.018682677855315744e+00 1.018166985892358767e+00 1.017655910886103854e+00 1.017064432571762600e+00 1.016597366651609713e+00 1.016231455639398318e+00 1.015678350857443846e+00 1.015237937659763556e+00 1.014906728105738676e+00 1.014505202268376483e+00 1.014073747190531227e+00 1.013741840711279485e+00 1.013506689843214126e+00 1.013097590219026012e+00 1.012752004990568944e+00 1.012495079939247145e+00 1.012308159649591088e+00 1.011938671378160626e+00 1.011650677885878258e+00 1.011442183254040117e+00 1.011307215354916522e+00 1.010981018951365940e+00 1.010728181635487832e+00 1.010547034255608434e+00 1.010435998965350191e+00 1.010194132445972670e+00 1.009958610357042819e+00 1.009788050784359292e+00 1.009681112701031003e+00 1.009560193825089769e+00 1.009327851106888385e+00 1.009154623602444900e+00 1.009039358431165212e+00 1.008980958922442106e+00 1.008830636664665326e+00 1.008644333233914114e+00 1.008511024353537566e+00 1.008429754524127864e+00 1.008399612602877804e+00 1.008260748039309096e+00 1.008101894121683495e+00 1.007990809697603574e+00 1.007926691263119512e+00 1.007908770707150348e+00 1.007821615192729059e+00 1.007675513682132262e+00 1.007572674661364021e+00 1.007512413709007681e+00 1.007494074839657250e+00 1.007497520800950230e+00 1.007352578214209649e+00 1.007246978087100731e+00 1.007180130036800403e+00 1.007151467198600381e+00 1.007160445299683849e+00 1.007129618774677660e+00 1.007012662612474685e+00 1.006931100991975025e+00 1.006884438882768684e+00 1.006872199947891788e+00 1.006893925820341096e+00
1.074728443853015580e+00 1.071823402286700588e+00 1.069211160165933761e+00 1.066492996372292446e+00 1.063731670331143908e+00 1.061180133466687936e+00 1.058699245882500861e+00 1.056127315739082029e+00 1.053851066136782144e+00 1.051513676838023104e+00 1.049309160510517813e+00 1.047293318371958604e+00 1.045194770011501628e+00 1.043431795789915517e+00 1.041467616345554292e+00 1.039898728206353207e+00 1.038095481578161117e+00 1.036681758037569567e+00 1.035052268476747361e+00 1.033752721984737777e+00 1.032317132416394223e+00 1.031100374887632620e+00 1.029873774680300169e+00 1.028713446508360052e+00 1.027709986299162770e+00 1.026584050781782276e+00 1.025702416235003911e+00 1.024707365813072313e+00 1.023820963503457859e+00 1.023081387793982833e+00 1.022177212751494979e+00 1.021468578509164393e+00 1.020773989280071570e+00 1.020021861408552999e+00 1.019442375177954219e+00 1.018813208304192752e+00 1.018170526902474560e+00 1.017681512047397874e+00 1.017140082359387465e+00 1.016572903046685905e+00 1.016143442779009476e+00 1.015713359961559981e+00 1.015194510745524914e+00 1.014799811726583290e+00 1.014505395065947502e+00 1.014013097094920823e+00 1.013633282364824417e+00 1.013362501354400758e+00 1.013015846482219873e+00 1.012635028564603523e+00 1.012353618432949354e+00 1.012168851650122381e+00 1.011802762064053063e+00 1.011499319145692022e+00 1.011284438156908161e+00 1.011139092867600286e+00 1.010804717516438522e+00 1.010551748689710205e+00 1.010378207017957664e+00 1.010278049973614589e+00 1.009980966471853536e+00 1.009757174501495047e+00 1.009605017382494196e+00 1.009522929402155933e+00 1.009306280101988751e+00 1.009094809923893887e+00 1.008948257536434134e+00 1.008865291108243412e+00 1.008767080920827341e+00 1.008554624404391697e+00 1.008401244895242854e+00 1.008305796507159124e+00 1.008267189397226371e+00 1.008134554808087335e+00 1.007964636163363625e+00 1.007847683474134337e+00 1.007782746456159728e+00 1.007768919065826774e+00 1.007644404309967490e+00 1.007499032559639796e+00 1.007401407434657115e+00 1.007350729341535578e+00 1.007346233997207907e+00 1.007271271348225250e+00 1.007136246115547751e+00 1.007044463906014542e+00 1.006995243245420113e+00 1.006987931035704387e+00 1.007002213765907817e+00 1.006866361452201319e+00 1.006769834174440215e+00 1.006712043783181798e+00 1.006692425603043839e+00 1.006710437508885780e+00 1.006688027155175025e+00 1.006578506210994206e+00 1.006504365392876688e+00 1.006465111339176488e+00 1.006460269350293313e+00 1.006489382666792665e+00
1.057882323092539156e+00 1.056109435717913714e+00 1.054553539015049113e+00 1.052801363614555674e+00 1.050924737058737346e+00 1.049197657726471666e+00 1.047478009625603335e+00 1.045598449187377765e+00 1.043975239236269781e+00 1.042232391385229606e+00 1.040580843110792353e+00 1.039083556382518703e+00 1.037454604355401822e+00 1.036143283913054436e+00 1.034579929551443511e+00 1.033403467711841106e+00 1.031945079898565654e+00 1.030871891676366836e+00 1.029541618458365226e+00 1.028536675893913177e+00 1.027363880795784334e+00 1.026401316721118784e+00 1.025408484435523127e+00 1.024466901820011211e+00 1.023674124393714191e+00 1.022735925873601071e+00 1.022040527307409352e+00 1.021212184823036218e+00 1.020485205220542868e+00 1.019900794246006104e+00 1.019132795508740585e+00 1.018559441732929560e+00 1.017991574746689665e+00 1.017354702745582706e+00 1.016889817323965106e+00 1.016365783214866925e+00 1.015820501395547026e+00 1.015428397533781446e+00 1.014975921027798433e+00 1.014490921054801431e+00 1.014143266654996323e+00 1.013790123591892911e+00 1.013340483719351148e+00 1.013014701280912089e+00 1.012788350099267820e+00 1.012354240398959826e+00 1.012032378255119491e+00 1.011819352024688978e+00 1.011525289703528285e+00 1.011193124049998726e+00 1.010960201008948012e+00 1.010823784403315218e+00 1.010499158981997825e+00 1.010236344097115158e+00 1.010061971756343269e+00 1.009956670759355024e+00 1.009656280859946520e+00 1.009437191357829944e+00 1.009297439389778450e+00 1.009230917703522579e+00 1.008962128634169675e+00 1.008766548379889993e+00 1.008642532753381671e+00 1.008588528185134114e+00 1.008396443445339630e+00 1.008208427712705024e+00 1.008085272326688431e+00 1.008025654698189388e+00 1.007949588560706156e+00 1.007756601925047901e+00 1.007622643456100420e+00 1.007546574328791467e+00 1.007527311586638774e+00 1.007412019212261756e+00 1.007258199656991815e+00 1.007157308620890035e+00 1.007108401105170525e+00 1.007110576229241383e+00 1.007000190066414280e+00 1.006868114651791934e+00 1.006783755638850364e+00 1.006746317414100034e+00 1.006755039586851197e+00 1.006692113641263209e+00 1.006568054866648243e+00 1.006487213510639966e+00 1.006448911112647560e+00 1.006452497524234824e+00 1.006477490900995253e+00 1.006350673300889342e+00 1.006263158167494343e+00 1.006214359646100176e+00 1.006203715308692015e+00 1.006230685232655464e+00 1.006216635245740898e+00 1.006114528782066087e+00 1.006047783734651091e+00 1.006015908463793407e+00 1.006018429957865612e+00 1.006054893113131010e+00
1.042606301596033402e+00 1.041829208194515743e+00 1.041203882724053065e+00 1.040304940115620136e+00 1.039211652445773515e+00 1.038215786941188545e+00 1.037172762545734317e+00 1.035910321573736415e+00 1.034869821674588852e+00 1.033658796685804404e+00 1.032502716132651210e+00 1.031470729536321684e+00 1.030264363456265375e+00 1.029359683387117474e+00 1.028158323190134116e+00 1.027336186407248331e+00 1.026190430709946089e+00 1.025425795363505310e+00 1.024367615865664938e+00 1.023630465936999023e+00 1.022697210217268005e+00 1.021966390728532792e+00 1.021187118383531045e+00 1.020445672799531245e+00 1.019845719335234824e+00 1.019079846085615859e+00 1.018555292689487635e+00 1.017880404597706567e+00 1.017300303633489111e+00 1.016858845343481255e+00 1.016216705171172574e+00 1.015768302813969237e+00 1.015317646886328973e+00 1.014787652637047177e+00 1.014428970282729603e+00 1.014002566111197767e+00 1.013547899501273220e+00 1.013245898395310540e+00 1.012876294254748011e+00 1.012468004721030823e+00 1.012196663115570328e+00 1.011915390781527035e+00 1.011530600908701949e+00 1.011269352329182469e+00 1.011106715914881438e+00 1.010727327325050995e+00 1.010459929306124494e+00 1.010301146870651978e+00 1.010056596706623733e+00 1.009770324239357198e+00 1.009583109334866613e+00 1.009492243251951971e+00 1.009206846735838825e+00 1.008982467560257446e+00 1.008846393854498036e+00 1.008778940177641470e+00 1.008510831057802593e+00 1.008323901109732246e+00 1.008216203615718509e+00 1.008181572877836718e+00 1.007939752390252908e+00 1.007771044905143132e+00 1.007673818502670349e+00 1.007646531526733558e+00 1.007477907257235961e+00 1.007312313425700045e+00 1.007211511178913721e+00 1.007174187032273460e+00 1.007119287879352454e+00 1.006944986257139796e+00 1.006829654346144132e+00 1.006772160309374664e+00 1.006771427999153756e+00 1.006672797604313052e+00 1.006534476013663193e+00 1.006449037353002396e+00 1.006415541873569186e+00 1.006433093818320801e+00 1.006336330464870255e+00 1.006217093920017236e+00 1.006145536672043983e+00 1.006120867076043313e+00 1.006142328618842896e+00 1.006091033768039544e+00 1.005977601183701609e+00 1.005907354592263436e+00 1.005879618551866139e+00 1.005893745865907629e+00 1.005929097300414021e+00 1.005811062337274020e+00 1.005732302347980278e+00 1.005692233786965151e+00 1.005690296485554081e+00 1.005725952733268036e+00 1.005720022878272779e+00 1.005625144013018168e+00 1.005565603679896780e+00 1.005540911979159624e+00 1.005550597603191099e+00 1.005594207118082117e+00
1.029110324556099298e+00 1.029186863594543366e+00 1.029360129208538144e+00 1.029195174927794554e+00 1.028777231463051445e+00 1.028412579736365018e+00 1.027954682311216894e+00 1.027227187937097774e+00 1.026692260889712438e+00 1.025943908115437342e+00 1.025219525692707689e+00 1.024593462496965035e+00 1.023756625243786855e+00 1.023207579527556366e+00 1.022324006911144112e+00 1.021812784750297798e+00 1.020942315226121666e+00 1.020449166655265305e+00 1.019631377731242017e+00 1.019130678293052483e+00 1.018409711103867021e+00 1.017884321153747162e+00 1.017294678558719134e+00 1.016731152396310511e+00 1.016302666289592427e+00 1.015690538944481913e+00 1.015318289663813101e+00 1.014780538876465243e+00 1.014331754333452684e+00 1.014018105562090488e+00 1.013488977461566964e+00 1.013152683010935640e+00 1.012807315157869370e+00 1.012373546524889978e+00 1.012110406374278515e+00 1.011772032029058188e+00 1.011399235836743626e+00 1.011178578101385783e+00 1.010883953955410197e+00 1.010545213383577501e+00 1.010343005680905071e+00 1.010126915532834069e+00 1.009801102209828771e+00 1.009598496612570173e+00 1.009493731541204919e+00 1.009164277938117582e+00 1.008946541377381934e+00 1.008837181396648131e+00 1.008637848881078325e+00 1.008393570163281350e+00 1.008248147396271666e+00 1.008198897758877832e+00 1.007949522232606920e+00 1.007760432734237099e+00 1.007659495972032415e+00 1.007626749724036097e+00 1.007388393206703370e+00 1.007231081299517328e+00 1.007152882667780913e+00 1.007147580772060236e+00 1.006930698290194659e+00 1.006786821188555558e+00 1.006714329281441556e+00 1.006711692296241800e+00 1.006564799266259858e+00 1.006419993405015756e+00 1.006339899665395832e+00 1.006323213300060138e+00 1.006287928165752410e+00 1.006131006038102793e+00 1.006032986065162671e+00 1.005992743144771273e+00 1.006009207684215090e+00 1.005926088460315393e+00 1.005802223344182789e+00 1.005731187641805802e+00 1.005712046684081207e+00 1.005743909665806290e+00 1.005659872285697976e+00 1.005552647434319047e+00 1.005493057926876821e+00 1.005480315975126882e+00 1.005513668829888685e+00 1.005473256573578666e+00 1.005369791493971654e+00 1.005309475124021024e+00 1.005291634968121128e+00 1.005315626707444565e+00 1.005360669553560626e+00 1.005250898947820826e+00 1.005180370796899814e+00 1.005148503820844974e+00 1.005154740065274277e+00 1.005198543985291071e+00 1.005200243375818037e+00 1.005112180805397992e+00 1.005059429534407744e+00 1.005041501377961666e+00 1.005057926706005578e+00 1.005108253726676448e+00
1.017113342958321009e+00 1.017930009357759236e+00 1.018796344057215419e+00 1.019269593998131995e+00 1.019439903886890431e+00 1.019625675615704941e+00 1.019678823328978412e+00 1.019419526641664131e+00 1.019327401020367008e+00 1.018985088708902698e+00 1.018639977877508374e+00 1.018370861502311264e+00 1.017859676371615008e+00 1.017624094455841899e+00 1.017021443311694862e+00 1.016784961741681537e+00 1.016158431163219245e+00 1.015905702135083910e+00 1.015301246926040513e+00 1.015010272382612211e+00 1.014478008559085209e+00 1.014135225122140493e+00 1.013714417043068527e+00 1.013309480493534309e+00 1.013033875682361140e+00 1.012559220776779956e+00 1.012323066649249315e+00 1.011908165833857565e+00 1.011577077467658015e+00 1.011377963445234451e+00 1.010950359182289482e+00 1.010714709900506270e+00 1.010463972430657442e+00 1.010116873465288778e+00 1.009939730835884841e+00 1.009680692675526181e+00 1.009381762075846956e+00 1.009234446174456679e+00 1.009007518410941495e+00 1.008731650422666881e+00 1.008591899127539104e+00 1.008434747126338404e+00 1.008162377236133889e+00 1.008012877799765894e+00 1.007960499065144289e+00 1.007676420366204306e+00 1.007503780300786689e+00 1.007439270589872260e+00 1.007281044723056018e+00 1.007074996152754531e+00 1.006967595055099807e+00 1.006956182827111190e+00 1.006739666453788873e+00 1.006582762964562061e+00 1.006513852056236891e+00 1.006512726913152189e+00 1.006301573052624132e+00 1.006171322959314995e+00 1.006120059751580254e+00 1.006141522343888983e+00 1.005947476311958466e+00 1.005826322111444293e+00 1.005776450607503758e+00 1.005796342239032803e+00 1.005669370030166432e+00 1.005543632044912483e+00 1.005482520771255217e+00 1.005484739710790665e+00 1.005467434781081248e+00 1.005326490532900241e+00 1.005244375630914400e+00 1.005219971354127662e+00 1.005252214315057513e+00 1.005183352685656395e+00 1.005072789972528469e+00 1.005014998390338699e+00 1.005009048093371105e+00 1.005054052974168721e+00 1.004981732800168670e+00 1.004885578250594547e+00 1.004837010825051724e+00 1.004835246409136573e+00 1.004879535835919269e+00 1.004849149300599764e+00 1.004754883206038674e+00 1.004703724779498542e+00 1.004695004341442433e+00 1.004728080321102279e+00 1.004782044877809755e+00 1.004679906764475161e+00 1.004616975317748295e+00 1.004592671430026840e+00 1.004606439268068252e+00 1.004657745359462062e+00 1.004666477144616543e+00 1.004584713996521161e+00 1.004538231986254360e+00 1.004526544578855152e+00 1.004549183756752617e+00 1.004605699304879085e+00
1.006703918147898502e+00 1.008148116221816215e+00 1.009602329955763489e+00 1.010617823818667160e+00 1.011288705798249143e+00 1.011943217272996520e+00 1.012432087407509895e+00 1.012572645877005684e+00 1.012858828722690951e+00 1.012863997892369916e+00 1.012843781447656744e+00 1.012880675502453975e+00 1.012649201032049806e+00 1.012682847510953277e+00 1.012322037069381508e+00 1.012321935097982850e+00 1.011905906228538266e+00 1.011860477789524371e+00 1.011440641087445247e+00 1.011331047296305519e+00 1.010962352142838139e+00 1.010777837067454499e+00 1.010503535686538834e+00 1.010236322676046905e+00 1.010093467991146188e+00 1.009738385619135093e+00 1.009620515147685138e+00 1.009312572932826946e+00 1.009083972952311115e+00 1.008984577818265560e+00 1.008645626218139135e+00 1.008497795465278291e+00 1.008329683431554713e+00 1.008058367932811006e+00 1.007956364446850550e+00 1.007766759609473706e+00 1.007532567208112573e+00 1.007449482422057452e+00 1.007281930028280703e+00 1.007061282799295077e+00 1.006976345803888728e+00 1.006870947901165936e+00 1.006645582449761323e+00 1.006542756164518160e+00 1.006536392605273056e+00 1.006292270439293812e+00 1.006159312311551757e+00 1.006134239057132174e+00 1.006012200455429051e+00 1.005839837043294827e+00 1.005765912852138344e+00 1.005787791213779814e+00 1.005600269338771335e+00 1.005471757538331623e+00 1.005431076392582224e+00 1.005457810608981539e+00 1.005270710328382000e+00 1.005164371448973082e+00 1.005136890250249548e+00 1.005181968002455184e+00 1.005008138108136828e+00 1.004907084365187719e+00 1.004877207725313415e+00 1.004916998395144478e+00 1.004807642357672393e+00 1.004698764538136224e+00 1.004654425210337099e+00 1.004673335404765000e+00 1.004671909131573670e+00 1.004545101306837607e+00 1.004477047462976058e+00 1.004466634716799200e+00 1.004512805352237415e+00 1.004456552655932589e+00 1.004357766744857550e+00 1.004311690956230629e+00 1.004317399868611238e+00 1.004374011679304290e+00 1.004312050683242585e+00 1.004225684032273636e+00 1.004186853738575858e+00 1.004194779061216680e+00 1.004248714119310604e+00 1.004227176973987889e+00 1.004141037150287019e+00 1.004097961602421929e+00 1.004097283242378902e+00 1.004138363025733005e+00 1.004200183984970574e+00 1.004104785993105153e+00 1.004048556727493491e+00 1.004030919086537077e+00 1.004051319193634439e+00 1.004109225486068624e+00 1.004124144229409099e+00 1.004047927146547670e+00 1.004006959005244948e+00 1.004000754796449568e+00 1.004028847992233686e+00 1.004090789832575492e+00
9.977020914517006345e-01 9.996786273469514539e-01 1.001631756876233181e+00 1.003108028508798100e+00 1.004204710657341293e+00 1.005258131136767430e+00 1.006118136372257554e+00 1.006599818411632485e+00 1.007208847251964912e+00 1.007511003204907274e+00 1.007768682512892200e+00 1.008067476350956282e+00 1.008075764298504762e+00 1.008340158711486634e+00 1.008187038458281171e+00 1.008389818901297197e+00 1.008154927566954573e+00 1.008287746499866522e+00 1.008026901418739518e+00 1.008073407514765041e+00 1.007845686746195124e+00 1.007797545958339036e+00 1.007649667488652367e+00 1.007501415995233573e+00 1.007473222187200701e+00 1.007221609514816540e+00 1.007206020433415228e+00 1.006990742840580655e+00 1.006850957541636005e+00 1.006837949654573627e+00 1.006575929491196897e+00 1.006504252820500600e+00 1.006407821166389605e+00 1.006202316810496988e+00 1.006165519918743367e+00 1.006036188903778994e+00 1.005858206139148558e+00 1.005830852770929207e+00 1.005714838420939339e+00 1.005542138369440952e+00 1.005504763657266487e+00 1.005444296225303624e+00 1.005259799858903902e+00 1.005197527358552056e+00 1.005231125629753919e+00 1.005021777846090592e+00 1.004923331849236101e+00 1.004932534417764423e+00 1.004841973212629913e+00 1.004698927948829201e+00 1.004654121157518620e+00 1.004704935730428517e+00 1.004542633186153555e+00 1.004438803548870496e+00 1.004422647368637511e+00 1.004473569668753674e+00 1.004307353298559802e+00 1.004221760630368943e+00 1.004214899672707606e+00 1.004280439841998218e+00 1.004124144160218668e+00 1.004040512238826288e+00 1.004027954020663360e+00 1.004084968412364054e+00 1.003990879713030804e+00 1.003896613530730564e+00 1.003866799062683723e+00 1.003900154055735960e+00 1.003912461609567597e+00 1.003797875692646224e+00 1.003741969609499796e+00 1.003743635682432966e+00 1.003801821248281767e+00 1.003756437892114217e+00 1.003667795874079838e+00 1.003631803574650538e+00 1.003647539512512399e+00 1.003714125715326810e+00 1.003661065682239562e+00 1.003583104710942697e+00 1.003552629517846739e+00 1.003568862367010484e+00 1.003631060302015765e+00 1.003617097038818962e+00 1.003537905123330409e+00 1.003501734093526387e+00 1.003507919168959095e+00 1.003555823552630288e+00 1.003624336839577857e+00 1.003534668873037328e+00 1.003484131623951336e+00 1.003472149775899824e+00 1.003498171191821609e+00 1.003561666005092112e+00 1.003581817629374040e+00 1.003510285123895951e+00 1.003473969061329241e+00 1.003472385790557864e+00 1.003505070107925778e+00 1.003571574545540690e+00
9.898878096651454461e-01 9.923192552321854487e-01 9.946988928215949599e-01 9.965695623903706446e-01 9.980311651231611458e-01 9.994266403144096422e-01 1.000605141301947665e+00 1.001379892788657022e+00 1.002266317003171592e+00 1.002823887720824647e+00 1.003320678843959035e+00 1.003844900463281231e+00 1.004059806325545035e+00 1.004523017095281912e+00 1.004549116705736544e+00 1.004926874483563104e+00 1.004848404206015955e+00 1.005135046730518900e+00 1.005011798934315470e+00 1.005193328963116306e+00 1.005087805865804818e+00 1.005157872164901267e+00 1.005119600980828309e+00 1.005074493001322233e+00 1.005145702816421904e+00 1.004983910014836779e+00 1.005057054127346916e+00 1.004922200946662070e+00 1.004859480757686718e+00 1.004921407694586488e+00 1.004726197987554359e+00 1.004720617077453637e+00 1.004686413807968748e+00 1.004538082307791402e+00 1.004557899654443309e+00 1.004480919219062907e+00 1.004351770169259472e+00 1.004372806910633464e+00 1.004301555490223707e+00 1.004170510168538089e+00 1.004174432102243442e+00 1.004152966179874484e+00 1.004003945199508641e+00 1.003976854341651404e+00 1.004045101934727846e+00 1.003865898784062960e+00 1.003797353189647135e+00 1.003836234859978971e+00 1.003772914825215468e+00 1.003655227548293283e+00 1.003635591008635863e+00 1.003711405357960551e+00 1.003570885527154788e+00 1.003488363218208779e+00 1.003493366795300989e+00 1.003565146645647221e+00 1.003416928071046099e+00 1.003349204244859960e+00 1.003360093506511452e+00 1.003443237754838124e+00 1.003301995571995064e+00 1.003233311845137088e+00 1.003235604416048199e+00 1.003307379829694979e+00 1.003226344167777118e+00 1.003144554643742969e+00 1.003127135162257266e+00 1.003172809348320316e+00 1.003196816129173108e+00 1.003092619081414894e+00 1.003047032102823310e+00 1.003058952061076647e+00 1.003127330702211273e+00 1.003091146031985348e+00 1.003011071511064944e+00 1.002983589678671628e+00 1.003007782481807775e+00 1.003082775278609340e+00 1.003037190021263347e+00 1.002966271785125985e+00 1.002942791431473024e+00 1.002965973828579216e+00 1.003035078552578341e+00 1.003027422557024151e+00 1.002953993244103170e+00 1.002923543672805229e+00 1.002935411052739978e+00 1.002988960523575335e+00 1.003063001829043621e+00 1.002978035553856229e+00 1.002932163872008120e+00 1.002924813000904303e+00 1.002955432296796179e+00 1.003023493347780182e+00 1.003047904314646743e+00 1.002980160209873572e+00 1.002947601473398009e+00 1.002949745615072663e+00 1.002986128562332491e+00 1.003056303949823924e+00
9.833272530482543017e-01 9.861355168631208423e-01 9.888683262998587686e-01 9.910657753367423384e-01 9.928298460581322926e-01 9.945088905741951146e-01 9.959516365516191128e-01 9.969698228212935387e-01 9.980867113102701582e-01 9.988568532933027599e-01 9.995528242367567318e-01 1.000264956906780967e+00 1.000652312987851955e+00 1.001281415745043146e+00 1.001457397455541409e+00 1.001981394442154283e+00 1.002034002396927859e+00 1.002449437872697580e+00 1.002441460705383980e+00 1.002736019567650017e+00 1.002732878895581381e+00 1.002901944685220315e+00 1.002955557173356826e+00 1.002996964533361179e+00 1.003151531854260092e+00 1.003065147048686212e+00 1.003212732050881018e+00 1.003145428820880092e+00 1.003147435636944307e+00 1.003272269366864311e+00 1.003133184340594619e+00 1.003183088778648813e+00 1.003201102670691514e+00 1.003100732943669415e+00 1.003168011354558908e+00 1.003134928830017980e+00 1.003046735386462274e+00 1.003108329025941714e+00 1.003074574543508790e+00 1.002978403144040076e+00 1.003016877019319075e+00 1.003028012896824972e+00 1.002908611169949449e+00 1.002910876073789259e+00 1.003008016166875960e+00 1.002853911513626128e+00 1.002810245887561624e+00 1.002873808476429485e+00 1.002833107822863612e+00 1.002736446508688317e+00 1.002737667843081715e+00 1.002834186587495013e+00 1.002711641815006827e+00 1.002646685419236627e+00 1.002669122995950346e+00 1.002758073958001317e+00 1.002624599364835278e+00 1.002571505187564327e+00 1.002596918420086247e+00 1.002694457603312772e+00 1.002565448556313799e+00 1.002508904984611204e+00 1.002523251303541363e+00 1.002607000410854488e+00 1.002536486707935159e+00 1.002464727775181697e+00 1.002457266864720253e+00 1.002512832450989766e+00 1.002546201606643539e+00 1.002450252871541991e+00 1.002412853083208377e+00 1.002432902823943373e+00 1.002509357440888538e+00 1.002480401230443574e+00 1.002407017209843154e+00 1.002386176046422328e+00 1.002416962455678684e+00 1.002498504483442021e+00 1.002458675400257126e+00 1.002393145436095034e+00 1.002375011662848925e+00 1.002403501022677057e+00 1.002477875107064431e+00 1.002474987169099885e+00 1.002405870749704997e+00 1.002379698261048224e+00 1.002395808477917649e+00 1.002453568061945077e+00 1.002531719303881186e+00 1.002450164935030807e+00 1.002407673789068587e+00 1.002403673269743667e+00 1.002437613887203760e+00 1.002508968352499030e+00 1.002536413935781745e+00 1.002471308449289333e+00 1.002441361257600860e+00 1.002446090751244245e+00 1.002485033714647811e+00 1.002557744616799251e+00
9.776707512867137684e-01 9.808003031653820258e-01 9.838343932797359859e-01 9.863108860709438597e-01 9.883334891163031433e-01 9.902549842023654625e-01 9.919237687294334416e-01 9.931504026660996631e-01 9.944646464414141906e-01 9.954169671430684874e-01 9.962836786597906169e-01 9.971569145923770972e-01 9.976924617427056496e-01 9.984641474318036725e-01 9.987691238814160322e-01 9.994189170220657559e-01 9.995843907061953137e-01 1.000110657352253130e+00 1.000202116092688165e+00 1.000594129699629908e+00 1.000679353910968183e+00 1.000933845943769107e+00 1.001066831916347155e+00 1.001183031327762540e+00 1.001409651941597811e+00 1.001388521920324459e+00 1.001600488601731564e+00 1.001591648749132313e+00 1.001649671023922661e+00 1.001828925716834018e+00 1.001738425741414140e+00 1.001836336188744792e+00 1.001899532504799906e+00 1.001840680688357077e+00 1.001949022287913049e+00 1.001953887793181508e+00 1.001901069546753398e+00 1.001997676634092338e+00 1.001996292197757210e+00 1.001930224151212911e+00 1.001998509120925362e+00 1.002037752668597959e+00 1.001943861969960992e+00 1.001971399226361248e+00 1.002093397623276649e+00 1.001960816363294038e+00 1.001938477357276591e+00 1.002023186730023774e+00 1.002001827056187455e+00 1.001923111154065182e+00 1.001942126953755174e+00 1.002056301862865650e+00 1.001949009439441651e+00 1.001898943931778252e+00 1.001936154628511710e+00 1.002039645034663584e+00 1.001918565952536477e+00 1.001877766321070951e+00 1.001915380519095233e+00 1.002025006246345162e+00 1.001906177240607709e+00 1.001859732325450558e+00 1.001884101473428101e+00 1.001977802950924090e+00 1.001915953266750092e+00 1.001852423708192719e+00 1.001853129706175238e+00 1.001916803783200027e+00 1.001957811044138724e+00 1.001868509252223705e+00 1.001837704104427074e+00 1.001864299236416844e+00 1.001947252954442202e+00 1.001924043429467392e+00 1.001855929790437250e+00 1.001840316832846467e+00 1.001876291506701655e+00 1.001962984026386838e+00 1.001927602924226335e+00 1.001866196506707052e+00 1.001852151345018926e+00 1.001884696019922805e+00 1.001963093714635544e+00 1.001963779786957165e+00 1.001897829946634122e+00 1.001874794380010147e+00 1.001894013063929556e+00 1.001954853828321168e+00 1.002035998873818334e+00 1.001956820215862853e+00 1.001916679020459444e+00 1.001915003574525675e+00 1.001951245246610833e+00 1.002024877582538664e+00 1.002054374814586923e+00 1.001990974524398004e+00 1.001962710326386174e+00 1.001969101243691096e+00 1.002009684675684298e+00 1.002084015689391094e+00
9.729101734120232381e-01 9.763071831365345288e-01 9.795921270852422369e-01 9.823011766218733287e-01 9.845394507890186109e-01 9.866632745471120014e-01 9.885208176836242089e-01 9.899216432822365297e-01 9.914007867915126671e-01 9.925054043811155635e-01 9.935149387449940805e-01 9.945229986609711581e-01 9.951826120130257136e-01 9.960736196139380327e-01 9.964868177445701525e-01 9.972420994707726916e-01 9.975027158008898942e-01 9.981223437287053413e-01 9.982978446764407821e-01 9.987721803983390378e-01 9.989322663333854990e-01 9.992591392428964436e-01 9.994593409025945840e-01 9.996388403912349618e-01 9.999264307755209025e-01 9.999605770881859756e-01 1.000227045624336286e+00 1.000267814321137649e+00 1.000373390250589578e+00 1.000598837370806349e+00 1.000549672987887329e+00 1.000688400566292824e+00 1.000790022652217948e+00 1.000766505530079398e+00 1.000909773283576332e+00 1.000946942197807443e+00 1.000924258402808187e+00 1.001050673821895831e+00 1.001076813419931488e+00 1.001036311208227891e+00 1.001129899376062671e+00 1.001192983001280901e+00 1.001120711152179155e+00 1.001169653414971439e+00 1.001312695041514544e+00 1.001198327365456109e+00 1.001194026002333981e+00 1.001296611617547239e+00 1.001291549881612397e+00 1.001227913077633369e+00 1.001261873936031499e+00 1.001390870644503828e+00 1.001296304360553835e+00 1.001258649359709318e+00 1.001308166942396882e+00 1.001423759173462713e+00 1.001312910223117081e+00 1.001282253165594938e+00 1.001329928563432503e+00 1.001449515230166787e+00 1.001338955338945791e+00 1.001300710243587133e+00 1.001333214497734936e+00 1.001434990791811641e+00 1.001380062482793099e+00 1.001323068431519081e+00 1.001330257889605280e+00 1.001400366645385454e+00 1.001447391507447104e+00 1.001363225962919268e+00 1.001337514570389775e+00 1.001369163367963111e+00 1.001457132989635124e+00 1.001438262965940629e+00 1.001374063085478161e+00 1.001362330571641257e+00 1.001402154073260276e+00 1.001492665453092235e+00 1.001460460674369557e+00 1.001401937339824855e+00 1.001390748572954958e+00 1.001426124141564511e+00 1.001507328381738837e+00 1.001510413895174256e+00 1.001446495755767607e+00 1.001425469932378576e+00 1.001446677221461856e+00 1.001509486249300140e+00 1.001592523521199540e+00 1.001514671975674453e+00 1.001475839385466138e+00 1.001475454592522407e+00 1.001512969504460449e+00 1.001587858190936320e+00 1.001618404010103491e+00 1.001555732215200445e+00 1.001528180947632185e+00 1.001535269584021615e+00 1.001576535866767870e+00 1.001651535195909659e+00
9.688732044271251009e-01 9.724948595979883148e-01 9.759903367821110010e-01 9.788946163690767088e-01 9.813139588503592137e-01 9.836076893060182735e-01 9.856238806709695099e-01 9.871713380287296946e-01 9.887893405481242848e-01 9.900223746265576219e-01 9.911523456822811662e-01 9.922740980187854110e-01 9.930385256963529805e-01 9.940303484931474198e-01 9.945353490647421690e-01 9.953800853436116647e-01 9.957212748571655503e-01 9.964199216718621077e-01 9.966666047279427731e-01 9.972106300626075726e-01 9.974342552527313277e-01 9.978225714229509435e-01 9.980800576559135662e-01 9.983136650635472398e-01 9.986534015911296969e-01 9.987350064204072453e-01 9.990482400078072311e-01 9.991316322019083707e-01 9.992780708254707100e-01 9.995432111553725907e-01 9.995296801445231472e-01 9.997035729075884891e-01 9.998383318363424088e-01 9.998453413189630767e-01 1.000018764605466570e+00 1.000083869632769407e+00 1.000087283001832583e+00 1.000239497637900099e+00 1.000289503141215564e+00 1.000271207283459862e+00 1.000386760544821563e+00 1.000470538342300264e+00 1.000417040680568359e+00 1.000484560662059152e+00 1.000645854452057781e+00 1.000547259175641468e+00 1.000558569351877480e+00 1.000676618404672924e+00 1.000685667948049362e+00 1.000635096770021937e+00 1.000682000214866418e+00 1.000823825938049083e+00 1.000740239836295009e+00 1.000713283867253667e+00 1.000773405889060275e+00 1.000899417170660222e+00 1.000797313623368101e+00 1.000775323227151681e+00 1.000831591900745998e+00 1.000959681153209546e+00 1.000856094930274942e+00 1.000824762298964554e+00 1.000864121726144029e+00 1.000972699679698819e+00 1.000923537342224279e+00 1.000871964284363091e+00 1.000884529616866248e+00 1.000959971871796972e+00 1.001011943624444678e+00 1.000931905712966197e+00 1.000910286420562567e+00 1.000945993742491602e+00 1.001037990208599737e+00 1.001022509766578583e+00 1.000961300901717088e+00 1.000952532803691453e+00 1.000995295442623112e+00 1.001088721963177663e+00 1.001058835297492733e+00 1.001002360571514593e+00 1.000993200106307990e+00 1.001030584539003065e+00 1.001113779049952024e+00 1.001118460830987322e+00 1.001055784399138116e+00 1.001035984698480430e+00 1.001058403063712188e+00 1.001122408644082196e+00 1.001206572684865570e+00 1.001129295575401867e+00 1.001091025244140953e+00 1.001091190836940426e+00 1.001129244556393294e+00 1.001204660758581166e+00 1.001235533376739539e+00 1.001172876862126415e+00 1.001145331326076748e+00 1.001152416279778246e+00 1.001193669595672908e+00 1.001268646799498896e+00
9.654857657200105470e-01 9.692948540157033666e-01 9.729659017975317292e-01 9.760329346835275866e-01 9.786030777153091886e-01 9.810381566343024939e-01 9.831861593460706761e-01 9.848553675066419322e-01 9.865886443505293979e-01 9.879283909294779287e-01 9.891586121450026692e-01 9.903751345323847932e-01 9.912268963745136663e-01 9.923026784760211605e-01 9.928840281631273745e-01 9.938031212902175282e-01 9.942115880518548332e-01 9.949761809331065798e-01 9.952825671472083080e-01 9.958850244570542909e-01 9.961619642435205479e-01 9.966018240270654305e-01 9.969074398505983758e-01 9.971865577336376241e-01 9.975701865807365953e-01 9.976919053510578950e-01 9.980446449505022688e-01 9.981641780965008204e-01 9.983452993843346945e-01 9.986441355757420535e-01 9.986609776138930528e-01 9.988648267533346559e-01 9.990278852907892304e-01 9.990610742491604634e-01 9.992603426634543151e-01 9.993494623690715173e-01 9.993753688877780039e-01 9.995498055966756112e-01 9.996204247261811782e-01 9.996213588408764394e-01 9.997559206762366424e-01 9.998576607436923114e-01 9.998205583025022714e-01 9.999042907922338630e-01 1.000081510302679444e+00 9.999967982893563923e-01 1.000021840403300555e+00 1.000153481471250272e+00 1.000174944634191876e+00 1.000135874375721601e+00 1.000194162621240057e+00 1.000347265490969306e+00 1.000273385587151953e+00 1.000255888011214234e+00 1.000325378409091304e+00 1.000460590212182588e+00 1.000366239719266082e+00 1.000351927453329903e+00 1.000415804160868172e+00 1.000551416220832657e+00 1.000454002016621491e+00 1.000428783381201114e+00 1.000474202302154003e+00 1.000588788643364424e+00 1.000544692261565061e+00 1.000497870671813505e+00 1.000515145206571699e+00 1.000595256840858704e+00 1.000651545016518984e+00 1.000575077789656264e+00 1.000556996588600756e+00 1.000596211127460444e+00 1.000691685599978786e+00 1.000679082049247270e+00 1.000620375306319865e+00 1.000614085893376526e+00 1.000659304902684177e+00 1.000755166567006027e+00 1.000727138191031873e+00 1.000672263364860370e+00 1.000664686020153571e+00 1.000703637487649011e+00 1.000788383621066924e+00 1.000794231493565167e+00 1.000732375255348083e+00 1.000713384037442255e+00 1.000736599553771144e+00 1.000801391321971767e+00 1.000886273609396415e+00 1.000809151175944933e+00 1.000771027659282941e+00 1.000771332357276222e+00 1.000809517619889899e+00 1.000885057946150569e+00 1.000915847458637042e+00 1.000852784393067019e+00 1.000824827307229548e+00 1.000831495704041174e+00 1.000872327447148491e+00 1.000946878052992428e+00
9.626229539046712302e-01 9.665895005346282209e-01 9.704080530143703864e-01 9.736118140284182321e-01 9.763087740231617406e-01 9.788627617770618849e-01 9.811217004186493229e-01 9.828933218667509353e-01 9.847235109728009750e-01 9.861529257640446744e-01 9.874672349119377746e-01 9.887631226762212400e-01 9.896880517599901950e-01 9.908341608051915994e-01 9.914794705899429017e-01 9.924608328192513484e-01 9.929257064261610699e-01 9.937455689836637296e-01 9.941020105438506116e-01 9.947534408870087885e-01 9.950751885383558593e-01 9.955583822539224581e-01 9.959044169379841493e-01 9.962217181092655194e-01 9.966421841696498918e-01 9.967976407570815489e-01 9.971835947228562258e-01 9.973336754951717120e-01 9.975441610352633326e-01 9.978715333830368017e-01 9.979141957910345750e-01 9.981434996368079293e-01 9.983306417045672010e-01 9.983861669408854445e-01 9.986074760412980700e-01 9.987171731021443621e-01 9.987624343038754571e-01 9.989559823645721703e-01 9.990444480988207587e-01 9.990621348624486586e-01 9.992132464389302804e-01 9.993306514614760383e-01 9.993078985395208447e-01 9.994058118031933224e-01 9.995969626506777672e-01 9.995245473497759159e-01 9.995617439448665209e-01 9.997054075093544379e-01 9.997379467040161671e-01 9.997092141862889969e-01 9.997777282561022272e-01 9.999409527660763075e-01 9.998758725581484708e-01 9.998669546114503648e-01 9.999449365268441303e-01 1.000088488632650874e+00 1.000001279351649286e+00 9.999940337003968560e-01 1.000064906955757227e+00 1.000207433313885952e+00 1.000115793057484659e+00 1.000096289456001486e+00 1.000147367856016878e+00 1.000267561358273216e+00 1.000228239880969650e+00 1.000185911111637127e+00 1.000207634927244849e+00 1.000292154658645405e+00 1.000352532395762273e+00 1.000279488496804037e+00 1.000264796758274732e+00 1.000307368573763789e+00 1.000406169761008712e+00 1.000396349751678127e+00 1.000340086768409353e+00 1.000336216511198861e+00 1.000383831185973404e+00 1.000482066104108503e+00 1.000455852696431336e+00 1.000402542418143303e+00 1.000396512372383473e+00 1.000436994574463334e+00 1.000523255541924117e+00 1.000530248564694524e+00 1.000469206169141367e+00 1.000451017099356354e+00 1.000475023442320976e+00 1.000540595077629380e+00 1.000626188473356715e+00 1.000549206098878763e+00 1.000511215506395102e+00 1.000511646130080701e+00 1.000549950451866232e+00 1.000625603098592498e+00 1.000656287725732785e+00 1.000592780604532717e+00 1.000564375864099853e+00 1.000570592972107153e+00 1.000610969757202762e+00 1.000685061701046985e+00
9.602485779073443029e-01 9.643455191959301454e-01 9.682862381771085714e-01 9.716032513998527076e-01 9.744051198585407247e-01 9.770574064560043626e-01 9.794080210498712358e-01 9.812643551541281317e-01 9.831746990157134158e-01 9.846782702136719356e-01 9.860621422530180258e-01 9.874237009399334797e-01 9.884091575440662192e-01 9.896134219124420595e-01 9.903116142403107780e-01 9.913444396157246041e-01 9.918557113967746419e-01 9.927210211877373069e-01 9.931184126373795440e-01 9.938098895149782841e-01 9.941682594961834818e-01 9.946868597091053088e-01 9.950660023974902124e-01 9.954146396166040356e-01 9.958653074948889961e-01 9.960483449641848175e-01 9.964614451319050437e-01 9.966363673604774487e-01 9.968706851460339413e-01 9.972212303542964396e-01 9.972849522209776829e-01 9.975350122334075698e-01 9.977418654587462132e-01 9.978157768973160424e-01 9.980552229379346940e-01 9.981818487140434737e-01 9.982430285293498740e-01 9.984522898037886396e-01 9.985554570456413037e-01 9.985869682784656032e-01 9.987517318351045725e-01 9.988821583732288012e-01 9.988715035951032384e-01 9.989813665679053711e-01 9.991842555862961994e-01 9.991222700893988007e-01 9.991697700835877605e-01 9.993236194493375635e-01 9.993656488398455773e-01 9.993458575836348112e-01 9.994232101889600761e-01 9.995951773021199971e-01 9.995378908506494797e-01 9.995365888807418164e-01 9.996221026318409253e-01 9.997730553009547272e-01 9.996923187215716045e-01 9.996914726976262600e-01 9.997686766975589778e-01 9.999174569776486665e-01 9.998312280455602385e-01 9.998170754964188500e-01 9.998734478986168739e-01 9.999988814542659643e-01 9.999641558369406491e-01 9.999261950728713932e-01 9.999522402025808887e-01 1.000041036904660841e+00 1.000105433762741081e+00 1.000035882735023973e+00 1.000024645741216300e+00 1.000070635932273744e+00 1.000172820822891273e+00 1.000165927205725058e+00 1.000112301214132193e+00 1.000111038880192371e+00 1.000161233637728353e+00 1.000262021985549810e+00 1.000237900295994020e+00 1.000186470136443795e+00 1.000182298274332915e+00 1.000224617553325812e+00 1.000312695292836507e+00 1.000321163457841278e+00 1.000261289745131732e+00 1.000244253572643016e+00 1.000269397537157046e+00 1.000336092012021671e+00 1.000422741823771888e+00 1.000346299435288744e+00 1.000308838012573309e+00 1.000309787259165306e+00 1.000348599917673109e+00 1.000424750867290546e+00 1.000455715936940715e+00 1.000392151179687161e+00 1.000363682467475090e+00 1.000369829341592798e+00 1.000410129701296169e+00 1.000484139095964231e+00
9.582476377647719534e-01 9.624538515568997754e-01 9.664969069656643708e-01 9.699088756941696143e-01 9.727989038831416080e-01 9.755338917858251691e-01 9.779617395677703273e-01 9.798895675918266601e-01 9.818675647295642683e-01 9.834337092594722662e-01 9.848762154138140934e-01 9.862930743459433769e-01 9.873295262077399492e-01 9.885827814007462910e-01 9.893256099802055781e-01 9.904018649436635569e-01 9.909524568021876867e-01 9.918562663184697925e-01 9.922883610531167964e-01 9.930137645783894129e-01 9.934029634975735101e-01 9.939513205126259132e-01 9.943582245052559054e-01 9.947330893650135897e-01 9.952090195064396960e-01 9.954150853219102535e-01 9.958508468555492543e-01 9.960464666914710108e-01 9.963006253719425276e-01 9.966704363143068512e-01 9.967515325850504482e-01 9.970187155439734772e-01 9.972417769142730704e-01 9.973307332139450532e-01 9.975850198114760703e-01 9.977254906233922194e-01 9.977996833347154704e-01 9.980217891670482011e-01 9.981369778792359426e-01 9.981797964951035773e-01 9.983557255812706144e-01 9.984967739537110587e-01 9.984959413372506143e-01 9.986155053679008908e-01 9.988279319046303728e-01 9.987745584210260263e-01 9.988305643476966811e-01 9.989928208882654648e-01 9.990426900049987902e-01 9.990302897555491946e-01 9.991149466448626670e-01 9.992941369811607633e-01 9.992434071091441661e-01 9.992485232266261619e-01 9.993403817190206206e-01 9.994975745382569388e-01 9.994224297347529262e-01 9.994271095165919716e-01 9.995097770240453094e-01 9.996639537667406650e-01 9.995825244472429372e-01 9.995731151007319903e-01 9.996341772011969606e-01 9.997642497460145217e-01 9.997337396523431341e-01 9.996998329408136597e-01 9.997298857741538924e-01 9.998226460533147231e-01 9.998908119166272090e-01 9.998246450799848084e-01 9.998167526554176954e-01 9.998660495327438280e-01 9.999715049042208204e-01 9.999675726467739389e-01 9.999167067154532962e-01 9.999181718083219872e-01 9.999710626703819383e-01 1.000074517067069069e+00 1.000052709844215126e+00 1.000003427243867593e+00 1.000001376590474056e+00 1.000045791685253205e+00 1.000135940773547283e+00 1.000146226132248684e+00 1.000087940329791314e+00 1.000072470997374285e+00 1.000099161411368121e+00 1.000167382602651589e+00 1.000255498265341547e+00 1.000180100240215308e+00 1.000143666939064424e+00 1.000145628514497620e+00 1.000185438143621930e+00 1.000262571126196764e+00 1.000294334522781048e+00 1.000231286618162851e+00 1.000203323112040410e+00 1.000209963798209367e+00 1.000250746820010805e+00 1.000325227962824748e+00
9.565738367648536356e-01 9.608708607566532889e-01 9.649990541314682480e-01 9.684901813859163600e-01 9.714537288770845880e-01 9.742576245630940601e-01 9.767497129814955992e-01 9.787368428678416832e-01 9.807709413373391083e-01 9.823890800697578918e-01 9.838804563784497859e-01 9.853435276156058409e-01 9.864227324001989539e-01 9.877170861904878141e-01 9.884974098821005528e-01 9.896101363938242246e-01 9.901937405192591246e-01 9.911298619858424086e-01 9.915912371204365083e-01 9.923452605766073242e-01 9.927607058250746963e-01 9.933344395901503310e-01 9.937649526873719719e-01 9.941620723532528237e-01 9.946594067431318020e-01 9.948848978404526422e-01 9.953397690114993424e-01 9.955528537971598535e-01 9.958237553388519236e-01 9.962098110759920466e-01 9.963055092644088617e-01 9.965870792395145061e-01 9.968236779294464833e-01 9.969250874466313306e-01 9.971916568076478748e-01 9.973435160858784565e-01 9.974283539126621578e-01 9.976609670585827594e-01 9.977859336761284448e-01 9.978379003490036592e-01 9.980228632926606558e-01 9.981724548021535526e-01 9.981794368266171391e-01 9.983067202915050231e-01 9.985267298720471585e-01 9.984800873770174334e-01 9.985427427603441597e-01 9.987115729483462268e-01 9.987675723814377626e-01 9.987609517064142128e-01 9.988513211292615601e-01 9.990361613904804594e-01 9.989904971976798498e-01 9.990005654541670443e-01 9.990973200322055270e-01 9.992593325959843176e-01 9.991885689763992939e-01 9.991975779809831870e-01 9.992845256420289646e-01 9.994429302478926580e-01 9.993652919558766445e-01 9.993596283239971623e-01 9.994243931409630965e-01 9.995581276307947682e-01 9.995310372921331066e-01 9.995004483366449755e-01 9.995337796755474624e-01 9.996297810527167149e-01 9.997010628195890369e-01 9.996377742043183190e-01 9.996327247296079577e-01 9.996848307893894114e-01 9.997930630263553997e-01 9.997917433071995541e-01 9.997433766424694834e-01 9.997473098328133467e-01 9.998026388333453029e-01 9.999085025777892932e-01 9.998889033093132372e-01 9.998417256837838218e-01 9.998417528812730826e-01 9.998882196576388548e-01 9.999803951806948143e-01 9.999925668625263553e-01 9.999360389823112039e-01 9.999223037513416124e-01 9.999507052019516173e-01 1.000020615095980503e+00 1.000110373471627012e+00 1.000036361581587929e+00 1.000001294060728130e+00 1.000004601638231794e+00 1.000045738048935373e+00 1.000124179132301672e+00 1.000157133407763688e+00 1.000095101598030833e+00 1.000068137418490988e+00 1.000075761077477976e+00 1.000117511119467117e+00 1.000192943718103189e+00
9.551794543454104058e-01 9.595524949982422447e-01 9.637517237426194150e-01 9.673084168142402905e-01 9.703325379358865854e-01 9.731932100856546253e-01 9.757384047176379527e-01 9.777748426210360888e-01 9.798556316469758665e-01 9.815170104829826769e-01 9.830488124350030832e-01 9.845499331739273607e-01 9.856642889965585574e-01 9.869924158276549564e-01 9.878037297323548627e-01 9.889466060511995504e-01 9.895576462685520269e-01 9.905206149165528551e-01 9.910063774739089615e-01 9.917842340247206012e-01 9.922215305079766789e-01 9.928163860413744546e-01 9.932666830100722599e-01 9.936825482658652176e-01 9.941979649094748739e-01 9.944400655851471926e-01 9.949112684118428529e-01 9.951393273375592763e-01 9.954245963310408563e-01 9.958245920171965304e-01 9.959328531448423671e-01 9.962267950133520955e-01 9.964750427353802342e-01 9.965871826050270998e-01 9.968643303927695598e-01 9.970260263665985390e-01 9.971200825297097392e-01 9.973617902541658253e-01 9.974951019204384428e-01 9.975547724909814562e-01 9.977473413667135027e-01 9.979041142066180647e-01 9.979176474217412718e-01 9.980514011563573762e-01 9.982777550824387669e-01 9.982365769704720782e-01 9.983046308741189145e-01 9.984787983652374521e-01 9.985396756610500635e-01 9.985375757324764789e-01 9.986324147026900411e-01 9.988216767675139884e-01 9.987798686123016134e-01 9.987936955644352022e-01 9.988941677634100014e-01 9.990598319617292056e-01 9.989922351326614436e-01 9.990043749337530476e-01 9.990944194734400208e-01 9.992558839380193403e-01 9.991809416777863717e-01 9.991779428723571721e-01 9.992453429499084105e-01 9.993816847124581404e-01 9.993569576511353025e-01 9.993286390694520183e-01 9.993642144633338997e-01 9.994624348384304469e-01 9.995358647934085017e-01 9.994745936395593722e-01 9.994715366938520251e-01 9.995256114136771286e-01 9.996357894674871014e-01 9.996362998436005842e-01 9.995896830355984752e-01 9.995953435187534541e-01 9.996523781106048112e-01 9.997599265774942401e-01 9.997419546644354948e-01 9.996963663964871794e-01 9.996979613808610887e-01 9.997459751116414273e-01 9.998396774697957401e-01 9.998533099835164029e-01 9.997981807670281995e-01 9.997858240599424295e-01 9.998155845130909380e-01 9.998868344861022717e-01 9.999779114473070774e-01 9.999051687630324814e-01 9.998713511104038165e-01 9.998758897555208858e-01 9.999182389523914027e-01 9.999978750426657959e-01 1.000031975546121110e+00 9.999710223078144278e-01 9.999451191818093942e-01 9.999537868122416739e-01 9.999965641652444059e-01 1.000073007822555260e+00
9.540172688758974395e-01 9.584530540410644006e-01 9.627111407341493177e-01 9.663227455145758649e-01 9.693980335742147236e-01 9.723066935569867342e-01 9.748966180549598626e-01 9.769740410921869955e-01 9.790934566646257720e-01 9.807904047671367476e-01 9.823557882200866231e-01 9.838887848756121546e-01 9.850325201622759375e-01 9.863888511585007235e-01 9.872257993264632603e-01 9.883935947335830141e-01 9.890269848252255525e-01 9.900118237363612073e-01 9.905174449692736305e-01 9.913147087073050923e-01 9.917699710097517274e-01 9.923822283185054216e-01 9.928487446762671587e-01 9.932799193775806446e-01 9.938101071156280053e-01 9.940657884621874052e-01 9.945503439623766262e-01 9.947908721742840799e-01 9.950881823170920626e-01 9.954998591437010935e-01 9.956186540534320839e-01 9.959229664365344403e-01 9.961811083768395969e-01 9.963025469885351537e-01 9.965888566546673433e-01 9.967590740505940516e-01 9.968611172440474677e-01 9.971107004597861145e-01 9.972513835137286620e-01 9.973179879156331973e-01 9.975173969858390777e-01 9.976806117792729189e-01 9.976999983119917426e-01 9.978395290400811080e-01 9.980715478836448273e-01 9.980353141440001519e-01 9.981082493342671169e-01 9.982872392770991699e-01 9.983524829190717487e-01 9.983543967275466668e-01 9.984532018796901109e-01 9.986463856657072924e-01 9.986079322079532972e-01 9.986250207127668199e-01 9.987287177721552167e-01 9.988975387452918575e-01 9.988325194313709687e-01 9.988472076453560611e-01 9.989397731824052329e-01 9.991037264537616647e-01 9.990308317413378880e-01 9.990298575411084014e-01 9.990992605174180419e-01 9.992375846626575520e-01 9.992145259195557294e-01 9.991877687638489602e-01 9.992248884561202305e-01 9.993246368605324115e-01 9.993994945386116546e-01 9.993394449120450718e-01 9.993375950890448500e-01 9.993928631672182039e-01 9.995042214332450214e-01 9.995057914670345545e-01 9.994601554994445580e-01 9.994667841821078813e-01 9.995247748219114881e-01 9.996332676580451659e-01 9.996161395164244734e-01 9.995713445719930368e-01 9.995737212818421868e-01 9.996225055253873393e-01 9.997169675559797186e-01 9.997313338594773224e-01 9.996769129714839774e-01 9.996652528640040947e-01 9.996956985252209993e-01 9.997676226407242739e-01 9.998593624913034716e-01 9.997872663908309310e-01 9.997540833577865937e-01 9.997592449616257149e-01 9.998022057494246884e-01 9.998824423460505040e-01 9.999171475296539935e-01 9.998568108775133245e-01 9.998315121068872546e-01 9.998407721398129278e-01 9.998841302110152984e-01 9.999611431618782298e-01
9.530477471588224558e-01 9.575359938656788916e-01 9.618432114586875636e-01 9.655003489343084722e-01 9.686178240485115998e-01 9.715659960150907493e-01 9.741927723326694322e-01 9.763043921160265981e-01 9.784562184622239700e-01 9.801833252615804737e-01 9.817769758276436720e-01 9.833366355834587402e-01 9.845050016720896524e-01 9.858849888371827852e-01 9.867433966930821976e-01 9.879320473025381411e-01 9.885843750155913767e-01 9.895877391263535605e-01 9.901101389759295879e-01 9.909237939869619538e-01 9.913938848478180965e-01 9.920204314727859574e-01 9.925003000687943056e-01 9.929441026669113546e-01 9.934864539497088032e-01 9.937532498652866808e-01 9.942487338229858418e-01 9.944992466210624826e-01 9.948061242503241086e-01 9.952271082722309314e-01 9.953544278600487960e-01 9.956671336224068858e-01 9.959332431887145676e-01 9.960621130594208283e-01 9.963557458029628222e-01 9.965328674840853163e-01 9.966414597685373522e-01 9.968975001029070082e-01 9.970442731254404167e-01 9.971166459959465156e-01 9.973217443808450877e-01 9.974903977943295752e-01 9.975148622308945834e-01 9.976594020477305147e-01 9.978963396362456884e-01 9.978645453884350536e-01 9.979418602658078896e-01 9.981251739578979043e-01 9.981944331267077475e-01 9.982001191948157715e-01 9.983026483600329071e-01 9.984995108711162137e-01 9.984642859482272259e-01 9.984845201546764804e-01 9.985913243354225255e-01 9.987631910361216558e-01 9.987007757464598789e-01 9.987180356691880423e-01 9.988131423402762943e-01 9.989796009224560791e-01 9.989087338446284159e-01 9.989097627905619836e-01 9.989811456691563007e-01 9.991214276699397212e-01 9.991000093360006273e-01 9.990747843750437118e-01 9.991134184655935391e-01 9.992146643232795444e-01 9.992908829257337588e-01 9.992319087931533783e-01 9.992311216771307958e-01 9.992874402384473997e-01 9.993998373074496344e-01 9.994022358856202715e-01 9.993572975336769693e-01 9.993646150146846541e-01 9.994232859825872284e-01 9.995324510121057493e-01 9.995158191431542383e-01 9.994714410389680115e-01 9.994742281770234715e-01 9.995234166471061998e-01 9.996182769060397710e-01 9.996329325084276629e-01 9.995787031121051713e-01 9.995672296806975554e-01 9.995978573202825013e-01 9.996699588303435968e-01 9.997618615384454843e-01 9.996898265573166409e-01 9.996567002761630460e-01 9.996619143392265761e-01 9.997049233655233014e-01 9.997852040491298498e-01 9.998199356359239731e-01 9.997595992967005518e-01 9.997342962211255291e-01 9.997435473915133874e-01 9.997868921003313369e-01 9.998638872442697778e-01
9.522385834008521011e-01 9.567704404534634888e-01 9.611184968670785089e-01 9.648136064301551240e-01 9.679663865117050792e-01 9.709476414192612648e-01 9.736052474845275917e-01 9.757451769279816833e-01 9.779237357341925563e-01 9.796756087848806915e-01 9.812926321715063072e-01 9.828744691049142723e-01 9.840632534631672534e-01 9.854628308041183393e-01 9.863390243980112437e-01 9.875449603241934771e-01 9.882132802566589991e-01 9.892322837028907356e-01 9.897688151209519392e-01 9.905962708998897748e-01 9.910790321070612752e-01 9.917178249259612777e-01 9.922091252577501796e-01 9.926637303763130582e-01 9.932164790189673687e-01 9.934927584603576722e-01 9.939975641020526442e-01 9.942565445822120207e-01 9.945715178839307224e-01 9.950003555190449767e-01 9.951347544136499579e-01 9.954544302027298341e-01 9.957270862780399634e-01 9.958619639405638102e-01 9.961615182235581401e-01 9.963441454734880409e-01 9.964578962840575649e-01 9.967190246869829240e-01 9.968705598206214491e-01 9.969474116474646985e-01 9.971569294765970648e-01 9.973297775470192361e-01 9.973581070635055834e-01 9.975064614803939023e-01 9.977471532349750927e-01 9.977188510108849773e-01 9.977996114652216697e-01 9.979863273300382254e-01 9.980587861160555851e-01 9.980675092805066928e-01 9.981730365798830995e-01 9.983728606538275763e-01 9.983403529332173232e-01 9.983632473358987625e-01 9.984726781641384274e-01 9.986471312292453106e-01 9.985871299281599001e-01 9.986067720615470211e-01 9.987042308065399165e-01 9.988730093727543613e-01 9.988042045696952087e-01 9.988072687542984829e-01 9.988806611298508553e-01 9.990229281295333053e-01 9.990032653577586297e-01 9.989797115591197985e-01 9.990199955327168091e-01 9.991228709447154133e-01 9.992006289275388031e-01 9.991430161627807838e-01 9.991435726450504928e-01 9.992012177631902636e-01 9.993149250491412117e-01 9.993184401811057160e-01 9.992744958204525796e-01 9.992827940859162483e-01 9.993424331263515148e-01 9.994525539940852799e-01 9.994366540076435879e-01 9.993929063654468647e-01 9.993963148726531243e-01 9.994461159214304002e-01 9.995415802606995026e-01 9.995566881110882207e-01 9.995027753319160047e-01 9.994916126042682203e-01 9.995225451955330742e-01 9.995949460610126236e-01 9.996871197805902165e-01 9.996151300258141470e-01 9.995820455271480220e-01 9.995872979870370489e-01 9.996303420804564244e-01 9.997106545552885137e-01 9.997453357072474400e-01 9.996848212362154928e-01 9.996593383445572245e-01 9.996684080022595342e-01 9.997115694892805271e-01 9.997883796896219755e-01
9.515681324556306553e-01 9.561361840060842443e-01 9.605181580994865964e-01 9.642447423306830245e-01 9.674266244234571710e-01 9.704351599878425771e-01 9.731182916158568341e-01 9.752819508790050440e-01 9.774829511997716880e-01 9.792555275383463265e-01 9.808919114712313370e-01 9.824919739118397333e-01 9.836976406663087147e-01 9.851134418114159130e-01 9.860043537165478211e-01 9.872245898616590631e-01 9.879058184517746088e-01 9.889374472644585357e-01 9.894854424998438258e-01 9.903240964039452532e-01 9.908171316547160767e-01 9.914658535703170239e-01 9.919664931061138446e-01 9.924299746767001329e-01 9.929912909876428273e-01 9.932754695053934713e-01 9.937880377416447031e-01 9.940541923391470469e-01 9.943760660935844209e-01 9.948116133912996428e-01 9.949521613752868587e-01 9.952778878760375481e-01 9.955562481326609703e-01 9.956963922865129657e-01 9.960011342542246515e-01 9.961886061673805859e-01 9.963069140688715075e-01 9.965725345086698939e-01 9.967281711950949363e-01 9.968087913609773310e-01 9.970220267889670085e-01 9.971983960623852505e-01 9.972299584867551081e-01 9.973815032596035079e-01 9.976253160909268614e-01 9.975996267324962474e-01 9.976829670309812492e-01 9.978722319730843893e-01 9.979470381909962828e-01 9.979579508910337848e-01 9.980656413921702441e-01 9.982676040372697734e-01 9.982370114318481757e-01 9.982617768879060716e-01 9.983730566299791054e-01 9.985493270155025858e-01 9.984909471784297885e-01 9.985121906363609856e-01 9.986112316571392755e-01 9.987815730218501109e-01 9.987142165354377932e-01 9.987187104859609477e-01 9.987935149841234983e-01 9.989371773353931117e-01 9.989188608152018700e-01 9.988966257097596779e-01 9.989382112833246063e-01 9.990423719588475970e-01 9.991213832852449128e-01 9.990649708456901257e-01 9.990667113578201031e-01 9.991255248618360341e-01 9.992403855170751692e-01 9.992450054155974648e-01 9.992021298530251450e-01 9.992114820657981289e-01 9.992721607419563501e-01 9.993833074537400440e-01 9.993683623529606708e-01 9.993255311676567665e-01 9.993298429577739395e-01 9.993805345496182824e-01 9.994768771110963401e-01 9.994927826543126281e-01 9.994395944556480060e-01 9.994291452467909398e-01 9.994607806232719271e-01 9.995338738572900894e-01 9.996267131488112412e-01 9.995552183079763342e-01 9.995226201276425915e-01 9.995283505336465257e-01 9.995718644167346234e-01 9.996526387332643759e-01 9.996876953527620291e-01 9.996274248481897828e-01 9.996021799709806643e-01 9.996114818151562442e-01 9.996548697803713246e-01 9.997319008661504913e-01
9.510093961305805532e-01 9.556075029774447893e-01 9.600176729906069184e-01 9.637704998172005322e-01 9.669766862204743907e-01 9.700079208019634081e-01 9.727121136490054498e-01 9.748952902847971558e-01 9.771147844682701589e-01 9.789045902635366003e-01 9.805570847870077600e-01 9.821723118754958071e-01 9.833920682487223841e-01 9.848214193312007092e-01 9.857248456081071364e-01 9.869572500201787557e-01 9.876493568467429318e-01 9.886916229860128746e-01 9.892494065000062564e-01 9.900976234411535959e-01 9.905992830942214056e-01 9.912563070312865321e-01 9.917646826119679293e-01 9.922354642418399484e-01 9.928037974805333787e-01 9.930943442130497623e-01 9.936131722817337364e-01 9.938850741477395223e-01 9.942124637981062385e-01 9.946533641483374932e-01 9.947987517465398666e-01 9.951292424038953310e-01 9.954121720210067359e-01 9.955566440100274139e-01 9.958656490111680304e-01 9.960571278799783546e-01 9.961792262758888405e-01 9.964485825955122777e-01 9.966077684926720748e-01 9.966917726327439997e-01 9.969083440392619844e-01 9.970878940463751006e-01 9.971224136859078158e-01 9.972768744059938850e-01 9.975235472081954713e-01 9.975004032433858470e-01 9.975862538741595564e-01 9.977779963209659764e-01 9.978550671913959391e-01 9.978680787307321332e-01 9.979778409218413859e-01 9.981818497627825693e-01 9.981529635746763107e-01 9.981793815929114189e-01 9.982922938382742251e-01 9.984701601398604520e-01 9.984130710721471624e-01 9.984355896726082591e-01 9.985358910710853131e-01 9.987074752581904802e-01 9.986411128875348764e-01 9.986465891253729632e-01 9.987223646941852939e-01 9.988669874881613842e-01 9.988494812775988718e-01 9.988280048717448345e-01 9.988703402245847629e-01 9.989752421856181730e-01 9.990549514102506912e-01 9.989991493163354885e-01 9.990014923778959277e-01 9.990609009638005134e-01 9.991763495504601966e-01 9.991815259738152655e-01 9.991391844147918810e-01 9.991490631467659922e-01 9.992102611318254279e-01 9.993219202066904172e-01 9.993074958008133502e-01 9.992651838638527684e-01 9.992700069581168520e-01 9.993212021647779331e-01 9.994180408977404451e-01 9.994344615174917124e-01 9.993818034631976044e-01 9.993718758037328787e-01 9.994040243822376324e-01 9.994776227099588795e-01 9.995709632851370596e-01 9.995000005526586406e-01 9.994679254940888047e-01 9.994741702716855025e-01 9.995181900045587708e-01 9.995994618697214840e-01 9.996350124463607711e-01 9.995752344768327191e-01 9.995504734736964103e-01 9.995602507379018897e-01 9.996041058691326198e-01 9.996815960603243623e-01
9.505443197275154077e-01 9.551673856878833968e-01 9.596009814234309765e-01 9.633755945004598420e-01 9.666019604216584682e-01 9.696521305665903867e-01 9.723740618690285276e-01 9.745736686347222788e-01 9.768086734935569337e-01 9.786127469251817423e-01 9.802786532062583991e-01 9.819065624422977923e-01 9.831379571392560024e-01 9.845784619355303358e-01 9.854919925204991271e-01 9.867342130838884229e-01 9.874353436284358798e-01 9.884864328168521119e-01 9.890521402587603150e-01 9.899080930625580033e-01 9.904170225496704560e-01 9.910811069736396028e-01 9.915960801465819596e-01 9.920731005972650562e-01 9.926474591072201870e-01 9.929435775384800600e-01 9.934678794357182374e-01 9.937447745195642224e-01 9.940769439170302757e-01 9.945224745008922618e-01 9.946720098293493351e-01 9.950065823429879996e-01 9.952933133007647593e-01 9.954412286974628765e-01 9.957536268816365999e-01 9.959482464594865414e-01 9.960732757206798293e-01 9.963455224298188861e-01 9.965073979705612039e-01 9.965939182228655824e-01 9.968129721345343475e-01 9.969948848561503985e-01 9.970315924413655218e-01 9.971882121906870955e-01 9.974370102956156003e-01 9.974158556700819522e-01 9.975036687160611093e-01 9.976973483981209645e-01 9.977762961036213962e-01 9.977911316720755597e-01 9.979026934780751423e-01 9.981084789720306993e-01 9.980812672768420990e-01 9.981093285781452717e-01 9.982238623096670871e-01 9.984033215844068110e-01 9.983476766670020819e-01 9.983716197482450649e-01 9.984733269499975750e-01 9.986462963714731744e-01 9.985811171803322672e-01 9.985877607417109614e-01 9.986646885264741647e-01 9.988104491476798019e-01 9.987938895121414307e-01 9.987732942038316519e-01 9.988164993726794672e-01 9.989222603715088855e-01 9.990027416857986120e-01 9.989475303228981806e-01 9.989504565154633253e-01 9.990104409490550008e-01 9.991264584054564413e-01 9.991320556941938325e-01 9.990900438443695020e-01 9.991002478663210118e-01 9.991617668898689075e-01 9.992737429137987792e-01 9.992595109100658179e-01 9.992173365078941272e-01 9.992222946757965962e-01 9.992736225706537745e-01 9.993705916795839750e-01 9.993870902959168800e-01 9.993344632868199628e-01 9.993245649212872950e-01 9.993567410767884018e-01 9.994303652976734842e-01 9.995237289053818808e-01 9.994527756140643149e-01 9.994207078946240053e-01 9.994269579409013060e-01 9.994709809022950253e-01 9.995522539848660237e-01 9.995878257991259730e-01 9.995281012327900116e-01 9.995033905010517472e-01 9.995132149557109935e-01 9.995571142453314462e-01 9.996346456098315070e-01
9.501572625364012037e-01 9.548011845470077974e-01 9.592542491202082910e-01 9.630469410395766650e-01 9.662901636339248368e-01 9.693560853932872146e-01 9.720925933351812764e-01 9.743056753307642870e-01 9.765534451071373745e-01 9.783694268564004926e-01 9.800464603442307077e-01 9.816848369719713974e-01 9.829260270437342184e-01 9.843759691824497393e-01 9.852981102666772406e-01 9.865486966304253258e-01 9.872574308288769585e-01 9.883159532978355033e-01 9.888883086141886380e-01 9.897507499243145546e-01 9.902656021474538495e-01 9.909354030488778386e-01 9.914556627311248427e-01 9.919376423048059666e-01 9.925167810334223351e-01 9.928172832183138619e-01 9.933458936762338265e-01 9.936268461559915055e-01 9.939629438852809473e-01 9.944123012431147490e-01 9.945653863342023282e-01 9.949034509205771926e-01 9.951935075926741092e-01 9.953445413879766779e-01 9.956600098600798532e-01 9.958575173368854339e-01 9.959852801356257057e-01 9.962602198607763970e-01 9.964245944493110851e-01 9.965134465320328871e-01 9.967347991474386770e-01 9.969188464925816673e-01 9.969574439961853551e-01 9.971159282494407305e-01 9.973665478074492663e-01 9.973468853921122479e-01 9.974361716533822753e-01 9.976313068472755230e-01 9.977115549934709726e-01 9.977275718514042602e-01 9.978403010812612051e-01 9.980472410499187097e-01 9.980210558030468970e-01 9.980501193041080299e-01 9.981656436106951524e-01 9.983460810318438572e-01 9.982913781178112123e-01 9.983162512160402846e-01 9.984188770872056695e-01 9.985927549066401232e-01 9.985285026479701065e-01 9.985360606522569737e-01 9.986138909796662411e-01 9.987605428093360160e-01 9.987448892143711010e-01 9.987251951162955388e-01 9.987692891844206500e-01 9.988759272963380065e-01 9.989572702779471181e-01 9.989028994043717136e-01 9.989066542412240457e-01 9.989674559348775684e-01 9.990842797106747053e-01 9.990906165116058002e-01 9.990492996373021573e-01 9.990601887870924624e-01 9.991223834432783057e-01 9.992350259443831817e-01 9.992213359738311151e-01 9.991796460937533153e-01 9.991850816671266067e-01 9.992368800826580966e-01 9.993343130511692651e-01 9.993511566157574633e-01 9.992987687130225893e-01 9.992891053042942673e-01 9.993215123830572200e-01 9.993953636056629453e-01 9.994889298772811070e-01 9.994179782210438345e-01 9.993859106246760771e-01 9.993921593036323436e-01 9.994361794280276490e-01 9.995174482237563218e-01 9.995529456453252637e-01 9.994930373189490069e-01 9.994681431009544426e-01 9.994777843042106369e-01 9.995215005392652508e-01 9.995988490089009471e-01
9.498351647669779352e-01 9.544958135254517639e-01 9.589668595207178070e-01 9.627754706327650291e-01 9.660312778617272667e-01 9.691092442084198177e-01 9.718585253799258972e-01 9.740833263962110911e-01 9.763420797671644724e-01 9.781679720402060019e-01 9.798542760916488792e-01 9.815013817827804576e-01 9.827505969081339332e-01 9.842082329469608037e-01 9.851373740589239869e-01 9.863947607719106836e-01 9.871096245349730847e-01 9.881741403522448230e-01 9.887520761645850476e-01 9.896199706647389460e-01 9.901397614360354371e-01 9.908143198958946352e-01 9.913391214215185876e-01 9.918254658131829826e-01 9.924088038716282201e-01 9.927131372919719698e-01 9.932455112118757645e-01 9.935297903731419300e-01 9.938690356534005677e-01 9.943214471315823255e-01 9.944772925052955959e-01 9.948180739966400177e-01 9.951107016791239657e-01 9.952641224423977029e-01 9.955819425438907633e-01 9.957816408901707383e-01 9.959114600544011209e-01 9.961884270700892552e-01 9.963547304238744573e-01 9.964454237585327334e-01 9.966685917996948030e-01 9.968544078585631629e-01 9.968947121696098979e-01 9.970548789085935670e-01 9.973071532315824772e-01 9.972890432168208807e-01 9.973798595201014416e-01 9.975765037756370024e-01 9.976581526352303886e-01 9.976754845883654133e-01 9.977895109412706631e-01 9.979977311120273864e-01 9.979726066950436181e-01 9.980026961524010032e-01 9.981192333088487745e-01 9.983006571423412856e-01 9.982467010784153993e-01 9.982723118037961640e-01 9.983756665808941611e-01 9.985502619852095751e-01 9.984865194168432989e-01 9.984945812255682229e-01 9.985729097838071944e-01 9.987200545713488253e-01 9.987047983159813569e-01 9.986854698350851045e-01 9.987299253757869755e-01 9.988369210205477744e-01 9.989186130437411881e-01 9.988645762952669260e-01 9.988686608808532430e-01 9.989297881288673464e-01 9.990469334402056756e-01 9.990536282139399482e-01 9.990126885871664086e-01 9.990239495022451566e-01 9.990865106367854409e-01 9.991995145176547632e-01 9.991862466930127029e-01 9.991450007331597050e-01 9.991508734945916403e-01 9.992031025813415956e-01 9.993009599119422326e-01 9.993182542907242949e-01 9.992663393327242405e-01 9.992571415674661450e-01 9.992900072030359571e-01 9.993643101029434650e-01 9.994583202678979372e-01 9.993877950575051905e-01 9.993561470989351658e-01 9.993628087913203339e-01 9.994072354822025606e-01 9.994889045689319129e-01 9.995247593546566778e-01 9.994651443628445042e-01 9.994405382868467580e-01 9.994504625630669103e-01 9.994944569214491148e-01 9.995720786801927105e-01
9.495704210070377016e-01 9.542438447405924284e-01 9.587277152772114563e-01 9.625473503109097662e-01 9.658157725263017968e-01 9.689054094076073875e-01 9.716641327975015230e-01 9.738979752884900920e-01 9.761653237077788647e-01 9.779991328583343968e-01 9.796929607984526944e-01 9.813472815392564330e-01 9.826031574208381469e-01 9.840672204650473542e-01 9.850023453279188601e-01 9.862656054619933776e-01 9.869861456486006546e-01 9.880562138914572579e-01 9.886388368455197861e-01 9.895112946582204083e-01 9.900352170239218319e-01 9.907137551984249724e-01 9.912422081548053487e-01 9.917319564441090529e-01 9.923185860969623295e-01 9.926259746563744768e-01 9.931613507207628366e-01 9.934484465843441692e-01 9.937904152432952554e-01 9.942454740266547519e-01 9.944037446648720247e-01 9.947469119299480189e-01 9.950418064033234034e-01 9.951973452225097994e-01 9.955172507135556792e-01 9.957188870456400442e-01 9.958505211489976361e-01 9.961292765031563023e-01 9.962972187240147770e-01 9.963894230963558085e-01 9.966140811768033902e-01 9.968012843979706661e-01 9.968428223992000792e-01 9.970042065128026376e-01 9.972576737556402282e-01 9.972405948552613975e-01 9.973324288928280268e-01 9.975300784006537747e-01 9.976126797156057435e-01 9.976309211362048845e-01 9.977458453458133425e-01 9.979549524815120032e-01 9.979306946578551107e-01 9.979616379619022926e-01 9.980790178075297225e-01 9.982612739704641580e-01 9.982081420477995071e-01 9.982345654435901272e-01 9.983387219911519228e-01 9.985141083675228568e-01 9.984511172467783746e-01 9.984599199291178673e-01 9.985389792696772737e-01 9.986868452116117734e-01 9.986722273051423793e-01 9.986535063201039675e-01 9.986985610800235280e-01 9.988061480206555931e-01 9.988883713407979981e-01 9.988347414827148940e-01 9.988392274465446308e-01 9.989007507819214204e-01 9.990182871029049672e-01 9.990252518637557921e-01 9.989845081695722939e-01 9.989959622790066662e-01 9.990587139708207998e-01 9.991719058695511801e-01 9.991587388098099876e-01 9.991175554790476809e-01 9.991234895905751756e-01 9.991757787856649919e-01 9.992736950188447764e-01 9.992910259415110907e-01 9.992391273676765051e-01 9.992299449029398151e-01 9.992628247757857629e-01 9.993371408693630942e-01 9.994311664844538479e-01 9.993606869831765938e-01 9.993290829034054967e-01 9.993357866793570743e-01 9.993802536923263036e-01 9.994619613721348328e-01 9.994978911646738018e-01 9.994384090091749107e-01 9.994139326153184122e-01 9.994239834858128502e-01 9.994681014145782028e-01 9.995458437815532005e-01
9.493515539900755362e-01 9.540328291009212425e-01 9.585284269771204846e-01 9.623599100822131103e-01 9.656373719413960943e-01 9.687354218554862229e-01 9.715028054543876079e-01 9.737443737529831722e-01 9.760189668703223020e-01 9.778595164889849478e-01 9.795598872094243292e-01 9.812205163861694723e-01 9.824817899545986721e-01 9.839508998108020821e-01 9.848908417754597133e-01 9.861587459465708250e-01 9.868829935945001575e-01 9.879567118043660612e-01 9.885429849028609661e-01 9.894190601000867336e-01 9.899462710299834489e-01 9.906280517873228275e-01 9.911600278038344980e-01 9.916534631397240229e-01 9.922435281681728503e-01 9.925535393523832184e-01 9.930914916279486304e-01 9.933809599033915916e-01 9.937252069862045900e-01 9.941824721678066412e-01 9.943427180798758425e-01 9.946878287829715726e-01 9.949845378462043310e-01 9.951417273368610150e-01 9.954632589346665839e-01 9.956663977891087036e-01 9.957994317995471079e-01 9.960795673487130575e-01 9.962488200086808687e-01 9.963422730641066094e-01 9.965681624089773871e-01 9.967565644476500397e-01 9.967992579525843944e-01 9.969617811409011710e-01 9.972163687959040290e-01 9.972003420654749206e-01 9.972932131036872372e-01 9.974918853783936168e-01 9.975754241883322271e-01 9.975945364598570730e-01 9.977103196790869655e-01 9.979202746796506096e-01 9.978966888819472691e-01 9.979282785846460557e-01 9.980462967701581034e-01 9.982291746213090011e-01 9.981765105075690592e-01 9.982033960745858581e-01 9.983080094692231565e-01 9.984838465240698513e-01 9.984212266478602604e-01 9.984303960669149713e-01 9.985098178672181524e-01 9.986580422140572955e-01 9.986437644321346507e-01 9.986253748726406920e-01 9.986707568171903082e-01 9.987786668927408629e-01 9.988612306709823141e-01 9.988079840247542363e-01 9.988128477166237085e-01 9.988747435087743654e-01 9.989926472198942253e-01 9.990000310491174984e-01 9.989597345312143384e-01 9.989716292608912251e-01 9.990348152466609344e-01 9.991484353344131097e-01 9.991356684954927347e-01 9.990948699459824001e-01 9.991011830963135720e-01 9.991538457723636579e-01 9.992521301067053274e-01 9.992697807168664514e-01 9.992181584013151152e-01 9.992092478787907295e-01 9.992423955039646533e-01 9.993169752817910867e-01 9.994112457113333292e-01 9.993408637685439189e-01 9.993093550693065152e-01 9.993161520985074375e-01 9.993607102863076852e-01 9.994425071096656454e-01 9.994784637452397424e-01 9.994189117604663775e-01 9.993943652210154349e-01 9.994043456201788800e-01 9.994483927425700243e-01 9.995260639589188534e-01
9.491640010380513193e-01 9.538599595785475227e-01 9.583640814648157757e-01 9.622016469702510122e-01 9.654882541932411355e-01 9.685949403546836312e-01 9.713688105511201210e-01 9.736169357689495873e-01 9.758977606315343278e-01 9.777437897621702456e-01 9.794494176081817161e-01 9.811151107654482173e-01 9.823810663660211828e-01 9.838547056635359445e-01 9.847987061645571139e-01 9.860705503051049314e-01 9.867984371419130651e-01 9.878756945675556400e-01 9.884650958684133570e-01 9.893441893168775092e-01 9.898742856961184611e-01 9.905588117231686196e-01 9.910928852954985491e-01 9.915879707904747820e-01 9.921797420338084317e-01 9.924918201759469483e-01 9.930318102955163484e-01 9.933230944606891155e-01 9.936690733153230592e-01 9.941280208452467626e-01 9.942897625891530256e-01 9.946363834042276642e-01 9.949346527311050403e-01 9.950934543115418363e-01 9.954165985815828233e-01 9.956214967707968100e-01 9.957563850990178711e-01 9.960383483647879954e-01 9.962090455189717142e-01 9.963036222959251731e-01 9.965306190044386225e-01 9.967200455374460866e-01 9.967636398734135428e-01 9.969270515436141622e-01 9.971825062510984994e-01 9.971671787898078732e-01 9.972607400918748199e-01 9.974600942332849662e-01 9.975442455509937467e-01 9.975639168664570677e-01 9.976802524230362623e-01 9.978907534911640731e-01 9.978677359063798935e-01 9.978998891096447776e-01 9.980184635228923629e-01 9.982018939688614978e-01 9.981498272407608452e-01 9.981773016972561585e-01 9.982824959015703659e-01 9.984589049069296784e-01 9.983967729251542744e-01 9.984064234049145892e-01 9.984863197455816630e-01 9.986350124133077655e-01 9.986211423147171029e-01 9.986031384480396067e-01 9.986489008422579916e-01 9.987571863489499435e-01 9.988400640613034343e-01 9.987870003602843383e-01 9.987920446343575565e-01 9.988541187448587433e-01 9.989721986061288472e-01 9.989796838479775287e-01 9.989394433743868928e-01 9.989513933654987632e-01 9.990146338604563025e-01 9.991283077348400710e-01 9.991155816917680621e-01 9.990748178050390393e-01 9.990811647971978848e-01 9.991338605167885412e-01 9.992321771182982593e-01 9.992499032493814548e-01 9.991983941129733982e-01 9.991895945599832407e-01 9.992228510034675271e-01 9.992975375046940778e-01 9.993919254012614273e-01 9.993217814542340038e-01 9.992905068019292125e-01 9.992975340337780787e-01 9.993423186809057279e-01 9.994243383178091911e-01 9.994605417435851180e-01 9.994012760127564121e-01 9.993770111873050421e-01 9.993872688742613253e-01 9.994315889682277021e-01 9.995095289463270527e-01
9.490099376830042344e-01 9.537153225047523275e-01 9.582268057220583168e-01 9.620723246404884188e-01 9.653650233063008068e-01 9.684774233629979134e-01 9.712573085242922621e-01 9.735109552064629135e-01 9.757969940849933188e-01 9.776478678108511122e-01 9.793577445468223397e-01 9.810272079671249479e-01 9.822971838477434492e-01 9.837747672375470875e-01 9.847220935830985900e-01 9.859971419910994461e-01 9.867279795356530547e-01 9.878081072730948708e-01 9.884002225327377378e-01 9.892819480145338407e-01 9.898144355344825618e-01 9.905012566305850807e-01 9.910374730319759795e-01 9.915345775712725018e-01 9.921282749757461827e-01 9.924421040945845540e-01 9.929838205679656360e-01 9.932767375561093459e-01 9.936242855257099160e-01 9.940847523784613893e-01 9.942479096096258351e-01 9.945958908433845114e-01 9.948953292464353115e-01 9.950550656506764735e-01 9.953791062679374635e-01 9.955845857962575263e-01 9.957198255869628145e-01 9.960021434214902936e-01 9.961733825931669006e-01 9.962686939405059894e-01 9.964964725502218901e-01 9.966866568260076553e-01 9.967309058222380003e-01 9.968949699197098280e-01 9.971511246396028705e-01 9.971372748886211390e-01 9.972323069302667653e-01 9.974331258567055158e-01 9.975182803114034380e-01 9.975386028383230741e-01 9.976555803941298262e-01 9.978667147750711619e-01 9.978442491502486078e-01 9.978769391029134184e-01 9.979960429990432091e-01 9.981799846650900587e-01 9.981282386430343490e-01 9.981560299388719804e-01 9.982615373307746065e-01 9.984382553502466617e-01 9.983763816169994865e-01 9.983862871831876706e-01 9.984664356090720005e-01 9.986153775155964807e-01 9.986017256656180008e-01 9.985839288236132427e-01 9.986298956533521398e-01 9.987383831253340283e-01 9.988214846427372340e-01 9.987686958138175530e-01 9.987740110006729788e-01 9.988363522173208109e-01 9.989546955250776517e-01 9.989624601994810948e-01 9.989225068473104319e-01 9.989347397081348445e-01 9.989982589693655601e-01 9.991122076494263204e-01 9.990997269622752253e-01 9.990591937126815925e-01 9.990657678260891350e-01 9.991186872629194138e-01 9.992172242855540398e-01 9.992350886341039296e-01 9.991836448780408997e-01 9.991749093350934530e-01 9.992082284535376280e-01 9.992829763286075195e-01 9.993774125807378672e-01 9.993072028800833451e-01 9.992758626316716741e-01 9.992828244090850021e-01 9.993275437280295659e-01 9.994094981479852979e-01 9.994456197960558397e-01 9.993862461651138451e-01 9.993618738844312066e-01 9.993720245344900333e-01 9.994162379840397792e-01 9.994940716850199136e-01
9.488818090258319682e-01 9.535954571247262646e-01 9.581119815137154605e-01 9.619646311684078022e-01 9.652628836065660911e-01 9.683803587385687583e-01 9.711652653362640164e-01 9.734229966042946547e-01 9.757129263602816183e-01 9.775678893116913626e-01 9.792815573771002091e-01 9.809545691911664145e-01 9.822276922840608160e-01 9.837082708828485123e-01 9.846583754860506188e-01 9.859361230758089123e-01 9.866694276986750500e-01 9.877519654059160326e-01 9.883462905846668312e-01 9.892301837503004736e-01 9.897646415637990636e-01 9.904533629951489671e-01 9.909913555876218583e-01 9.914901396764598251e-01 9.920854655573293490e-01 9.924008205802696825e-01 9.929440370295112839e-01 9.932383079123764391e-01 9.935871489980041549e-01 9.940488726141972764e-01 9.942131609398560110e-01 9.945622484906679883e-01 9.948627346172541630e-01 9.950234553930227266e-01 9.953484699925518875e-01 9.955548805042339078e-01 9.956910038373271155e-01 9.959741827046667551e-01 9.961462505557626690e-01 9.962423261695850796e-01 9.964708053997367587e-01 9.966616393225098403e-01 9.967065364491461965e-01 9.968712485854687166e-01 9.971279939950133953e-01 9.971138137481039276e-01 9.972085039936881001e-01 9.974089698703233475e-01 9.974941705637623279e-01 9.975148451848601105e-01 9.976321745309453259e-01 9.978436606066996006e-01 9.978214171267320021e-01 9.978543349105734039e-01 9.979736863584484086e-01 9.981578951287235490e-01 9.981064249580687830e-01 9.981344900425488387e-01 9.982402693251751780e-01 9.984172711942755907e-01 9.983565639595420871e-01 9.983676178634646181e-01 9.984488972326236444e-01 9.985989534222310393e-01 9.985858009702626159e-01 9.985683170820697230e-01 9.986145924204939961e-01 9.987233841406254475e-01 9.988067639017904620e-01 9.987542003602331020e-01 9.987597376096385426e-01 9.988222977887667442e-01 9.989408570790121455e-01 9.989487565342579645e-01 9.989088885870864853e-01 9.989212055925417166e-01 9.989848077832685913e-01 9.990988382213583652e-01 9.990864011385616195e-01 9.990458947684764945e-01 9.990524951254685648e-01 9.991054401872961899e-01 9.992040022330792581e-01 9.992219107688987689e-01 9.991705278032205761e-01 9.991618517518561227e-01 9.991952290961123584e-01 9.992700339630711248e-01 9.993645321818280802e-01 9.992944424315943763e-01 9.992632199283056904e-01 9.992702973011660106e-01 9.993151301195580816e-01 9.993971959947848260e-01 9.994334359855573391e-01 9.993741925313696095e-01 9.993499480531741197e-01 9.993602241871198943e-01 9.994045608557379223e-01 9.994825155629410984e-01
9.487778356000422519e-01 9.534954623723816969e-01 9.580175906483745507e-01 9.618741738534987151e-01 9.651773574869331185e-01 9.682995652264525521e-01 9.710884517266078486e-01 9.733499120701065710e-01 9.756433643845678905e-01 9.775015473157122603e-01 9.792182175261534560e-01 9.808940458150330333e-01 9.821697984560983086e-01 9.836528982131537147e-01 9.846053782733322768e-01 9.858854396808578446e-01 9.866208571986803122e-01 9.877054555921785939e-01 9.883016112470274228e-01 9.891872855143609700e-01 9.897233550982840189e-01 9.904136326911276988e-01 9.909531037593402036e-01 9.914532985944737309e-01 9.920499800138237179e-01 9.923665634902316679e-01 9.929109632491168735e-01 9.932063350179798356e-01 9.935562372033198697e-01 9.940189932824085028e-01 9.941842594513522480e-01 9.945343043265285621e-01 9.948356881386974937e-01 9.949972273046044924e-01 9.953230357901488023e-01 9.955302001284297431e-01 9.956670431285445932e-01 9.959509225262626053e-01 9.961236210873232189e-01 9.962202985509629460e-01 9.964494038111818552e-01 9.966408571687926932e-01 9.966863109783539176e-01 9.968515513372560033e-01 9.971087961803687394e-01 9.970950796202031619e-01 9.971902278655132568e-01 9.973911464493957491e-01 9.974767616456323704e-01 9.974978213525432791e-01 9.976155317479155071e-01 9.978273951237176531e-01 9.978055278151163332e-01 9.978388083595913782e-01 9.979585088398950088e-01 9.981430498406821394e-01 9.980918514670551467e-01 9.981201930826602009e-01 9.982262536747051884e-01 9.984035265640420764e-01 9.983421166683500436e-01 9.983524857539678443e-01 9.984330975812977238e-01 9.985825029668428110e-01 9.985692412905096127e-01 9.985518122398766572e-01 9.985981467187100558e-01 9.987070018394718085e-01 9.987904370129021547e-01 9.987379048397267978e-01 9.987434765185254637e-01 9.988060741551839650e-01 9.989246739011216070e-01 9.989327782687463797e-01 9.988932138221827683e-01 9.989058338195712095e-01 9.989697385927864826e-01 9.990840713010081808e-01 9.990722911036787890e-01 9.990325854035623232e-01 9.990399755095243917e-01 9.990936997658255159e-01 9.991930308051144571e-01 9.992113957821393555e-01 9.991601926775035558e-01 9.991516936853391817e-01 9.991852453687544156e-01 9.992602219337660685e-01 9.993548785799702960e-01 9.992848419252075010e-01 9.992536713410002935e-01 9.992607994839534102e-01 9.993056819498670196e-01 9.993877963755264382e-01 9.994240378276716408e-01 9.993647225814443757e-01 9.993404065918374268e-01 9.993506114775017046e-01 9.993948771439238321e-01 9.994727610784033267e-01
9.486921641288506013e-01 9.534121611633903370e-01 9.579393377499950679e-01 9.618003877622685049e-01 9.651071489467298870e-01 9.682326015785078788e-01 9.710246053088371632e-01 9.732890068185287014e-01 9.755853091443658087e-01 9.774463163807980415e-01 9.791656102473060841e-01 9.808438917045946281e-01 9.821218737162247248e-01 9.836071134867899746e-01 9.845615084381560411e-01 9.858434243845375367e-01 9.865805224543168217e-01 9.876667656015001295e-01 9.882644129437201386e-01 9.891515439889007055e-01 9.896889798154531181e-01 9.903805765445878873e-01 9.909212830451349374e-01 9.914226527028879854e-01 9.920204642317079768e-01 9.923380751314125892e-01 9.928834846558738381e-01 9.931797758218253724e-01 9.935305729257533081e-01 9.939942099144118970e-01 9.941602533441049605e-01 9.945110626366333584e-01 9.948131778903905875e-01 9.949754094423959305e-01 9.953019016815323194e-01 9.955096957122796519e-01 9.956471249676328572e-01 9.959315853176095024e-01 9.961048660629655549e-01 9.962020900148692570e-01 9.964316915912239114e-01 9.966235949933407445e-01 9.966694848647813521e-01 9.968351569998911144e-01 9.970928278773152353e-01 9.970795026605442368e-01 9.971750353046322513e-01 9.973763317158474973e-01 9.974622984318195495e-01 9.974836902629017343e-01 9.976017291959222710e-01 9.978139177720960484e-01 9.977923410082416567e-01 9.978259010587930966e-01 9.979458732992085856e-01 9.981306771013178647e-01 9.980797132603789201e-01 9.981082882534086931e-01 9.982145811947322755e-01 9.983920852424726933e-01 9.983308846690033267e-01 9.983414576922173822e-01 9.984222682475046851e-01 9.985718673180690175e-01 9.985587878039390297e-01 9.985415347260593322e-01 9.985880411946043145e-01 9.986970644491107718e-01 9.987806607554113869e-01 9.987282796981504784e-01 9.987340004387398329e-01 9.987967451650767714e-01 9.989154901075794069e-01 9.989235680132872996e-01 9.988838732111746666e-01 9.988963628848351872e-01 9.989601373284394681e-01 9.990743396642822738e-01 9.990620585361890127e-01 9.990217000561125715e-01 9.990284468757022474e-01 9.990815370345430546e-01 9.991802428717811990e-01 9.991982675144860382e-01 9.991469757112183547e-01 9.991383896884241667e-01 9.991718559664388710e-01 9.992467487102336676e-01 9.993413262456304347e-01 9.992712423998341142e-01 9.992400257324156598e-01 9.992471088759770081e-01 9.992919474033362670e-01 9.993740189292665832e-01 9.994104182333830577e-01 9.993515748858552428e-01 9.993277255966770412e-01 9.993383921434270123e-01 9.993831145857360321e-01 9.994614505604529908e-01
9.486189285677236738e-01 9.533446388061422860e-01 9.578735964449455187e-01 9.617379181231502372e-01 9.650480165268251476e-01 9.681766875466605304e-01 9.709717155114641063e-01 9.732388024270755000e-01 9.755375860866105642e-01 9.774007805143195560e-01 9.791221338205626790e-01 9.808023682819224653e-01 9.820820872853498473e-01 9.835689832800519339e-01 9.845249630560192200e-01 9.858084259718653541e-01 9.865469317604652622e-01 9.876345562464192707e-01 9.882334950567225329e-01 9.891218892546370656e-01 9.896604685987061556e-01 9.903531687798959871e-01 9.908948779923437700e-01 9.913971766734970270e-01 9.919958942936276669e-01 9.923143701524093085e-01 9.928606423382339008e-01 9.931577248845594452e-01 9.935092711163342472e-01 9.939736255852353874e-01 9.941403112173153866e-01 9.944917575248380937e-01 9.947944822693221001e-01 9.949572847680913101e-01 9.952843406681555205e-01 9.954926519275764107e-01 9.956305655992576664e-01 9.959155115563971261e-01 9.960892485589951661e-01 9.961869015095287105e-01 9.964169302931047412e-01 9.966092415677741956e-01 9.966555062069523130e-01 9.968215482032894981e-01 9.970795821966416117e-01 9.970665807247609536e-01 9.971624324082133395e-01 9.973640434424254630e-01 9.974503090188654442e-01 9.974719804163221237e-01 9.975902869072528212e-01 9.978027314034276785e-01 9.977814072026292003e-01 9.978152049750623753e-01 9.979353994562824015e-01 9.981204122058288108e-01 9.980696705027866100e-01 9.980984506216576957e-01 9.982049320673618276e-01 9.983826084557819724e-01 9.983215788274529823e-01 9.983323238843869740e-01 9.984133076148303809e-01 9.985630810545862435e-01 9.985501537245503600e-01 9.985330435263947146e-01 9.985796902638465200e-01 9.986888512700392573e-01 9.987725735191408383e-01 9.987202974689786128e-01 9.987261248016762183e-01 9.987889777169763894e-01 9.989078324580411561e-01 9.989160216021444327e-01 9.988764351910036643e-01 9.988890295780712414e-01 9.989529051433755358e-01 9.990672050911520996e-01 9.990550102304479596e-01 9.990147333634319393e-01 9.990215609781289974e-01 9.990747311480002724e-01 9.991735162450182672e-01 9.991916174408402851e-01 9.991403996133355614e-01 9.991318867734897413e-01 9.991654254706886507e-01 9.992403898980554144e-01 9.993350359311394815e-01 9.992649953242493943e-01 9.992338201194427283e-01 9.992409429820787725e-01 9.992858195163498713e-01 9.993679273670780239e-01 9.994041801952724402e-01 9.993449047736524538e-01 9.993206273349622970e-01 9.993308695221952975e-01 9.993751712643269558e-01 9.994530900713188837e-01
9.485558773694267032e-01 9.532857778390088077e-01 9.578191287372410656e-01 9.616867521247148831e-01 9.649995376204399955e-01 9.681305923946516012e-01 9.709277835030513115e-01 9.731969405974080223e-01 9.754977067526672263e-01 9.773627726902180957e-01 9.790858614509754254e-01 9.807677185556420429e-01 9.820489344331956305e-01 9.835372604835710408e-01 9.844945620884982818e-01 9.857793087591479875e-01 9.865190875692696482e-01 9.876079610553669674e-01 9.882078691394560188e-01 9.890972068413147467e-01 9.896367525766676110e-01 9.903304075723174948e-01 9.908729594794469797e-01 9.913760195940329867e-01 9.919754894936317902e-01 9.922947110952808902e-01 9.928417091610601819e-01 9.931394274490136231e-01 9.934915734987859182e-01 9.939565119906649260e-01 9.941237388646223527e-01 9.944757123912315588e-01 9.947789391747782206e-01 9.949422161987160340e-01 9.952697369012979411e-01 9.954784880328068075e-01 9.956168155575554346e-01 9.959021613961578367e-01 9.960762675384021714e-01 9.961742702867507626e-01 9.964046469158850394e-01 9.965972920130490298e-01 9.966438655093002863e-01 9.968102103071001530e-01 9.970685394717677674e-01 9.970558029899135866e-01 9.971519246049799223e-01 9.973538105835592082e-01 9.974403239247113806e-01 9.974622217212617548e-01 9.975807569685845033e-01 9.977934326624844363e-01 9.977722886752565801e-01 9.978062692236906450e-01 9.979266547635460283e-01 9.981118646173955389e-01 9.980612907382203636e-01 9.980902432866320950e-01 9.981969017659353405e-01 9.983747592514258251e-01 9.983138727234782683e-01 9.983247514527497923e-01 9.984058596414948639e-01 9.985557485270480926e-01 9.985429470900134552e-01 9.985259648976954061e-01 9.985727366963446094e-01 9.986820199121606567e-01 9.987658581172551564e-01 9.987136851175959507e-01 9.987196093343395642e-01 9.987825530949723252e-01 9.989014927635977426e-01 9.989097657827852306e-01 9.988702637755513258e-01 9.988829410312307644e-01 9.989468979777044177e-01 9.990612778652068204e-01 9.990491640761552938e-01 9.990089666241157573e-01 9.990158707186402864e-01 9.990691144954759739e-01 9.991679703860794071e-01 9.991861283650681491e-01 9.991349551693519127e-01 9.991264851720305096e-01 9.991600649575107518e-01 9.992350687524146347e-01 9.993297537358348803e-01 9.992597629456226871e-01 9.992286363435948227e-01 9.992358066220335955e-01 9.992807294110490623e-01 9.993628823804014960e-01 9.993991750852860845e-01 9.993399319116468282e-01 9.993156856866465265e-01 9.993259580726030489e-01 9.993702890170730324e-01 9.994482360478843530e-01
9.485061178544428317e-01 9.532381047170417343e-01 9.577742566478703035e-01 9.616443363400257738e-01 9.649591207746138766e-01 9.680920574626258324e-01 9.708911641310297158e-01 9.731620734780733750e-01 9.754644864874677523e-01 9.773310574987276178e-01 9.790555720066429490e-01 9.807387837878329684e-01 9.820213690768487824e-01 9.835110367744396287e-01 9.844694624416910900e-01 9.857552995862047807e-01 9.864959711331401371e-01 9.875857081174477248e-01 9.881865427714794370e-01 9.890767894902013913e-01 9.896171117023334629e-01 9.903115045089437851e-01 9.908547592785020841e-01 9.913584943358707546e-01 9.919586033080347587e-01 9.922783685420401012e-01 9.928258975769304051e-01 9.931241551970664272e-01 9.934768307497775508e-01 9.939422760324062578e-01 9.941099637865845606e-01 9.944623931356849633e-01 9.947660454364570803e-01 9.949297115583501938e-01 9.952576221033760939e-01 9.954667307140193655e-01 9.956053905247499447e-01 9.958910707462292899e-01 9.960654983289010111e-01 9.961638071781890869e-01 9.963944862385438750e-01 9.965874119812778709e-01 9.966342381857827837e-01 9.968008401475231262e-01 9.970594282502741601e-01 9.970469032567009782e-01 9.971432258682378924e-01 9.973453026806595734e-01 9.974320098153620640e-01 9.974541064836023319e-01 9.975728376022259258e-01 9.977857063312746133e-01 9.977647321827994853e-01 9.977988758513761658e-01 9.979194199702230428e-01 9.981047834991191303e-01 9.980543485545924076e-01 9.980834321910094786e-01 9.981902141087325431e-01 9.983681878422983047e-01 9.983074321443315968e-01 9.983184424271711599e-01 9.983996829350982871e-01 9.985497049471417919e-01 9.985370058968144891e-01 9.985201152502655164e-01 9.985669770455488647e-01 9.986763487670277106e-01 9.987602767142069737e-01 9.987081968082888173e-01 9.987142108441695587e-01 9.987772412300536251e-01 9.988962644068992702e-01 9.989046046699119330e-01 9.988651606132042948e-01 9.988778950340698737e-01 9.989419083895000329e-01 9.990563439578277194e-01 9.990442861576132039e-01 9.990041439719895555e-01 9.990111021208815112e-01 9.990643987720382313e-01 9.991633063876663723e-01 9.991815174536640143e-01 9.991303984451996856e-01 9.991219815214437139e-01 9.991556132951325830e-01 9.992306680201553659e-01 9.993254020915173230e-01 9.992554515496527845e-01 9.992243642197224940e-01 9.992315728157141752e-01 9.992765329886202919e-01 9.993587224283082548e-01 9.993950477898029261e-01 9.993358317425670156e-01 9.993116117643480179e-01 9.993219095338330416e-01 9.993662650143149140e-01 9.994442357487560713e-01
9.484633971317967260e-01 9.531996184986512022e-01 9.577370904030537702e-01 9.616088965293219104e-01 9.649254143557653984e-01 9.680600173625271143e-01 9.708606932464503014e-01 9.731330874702904810e-01 9.754369326070294610e-01 9.773049020902415673e-01 9.790306588236067364e-01 9.807149869904079331e-01 9.819985604391433531e-01 9.834891669793975888e-01 9.844485505322411178e-01 9.857353228987935090e-01 9.864767876094656662e-01 9.875673043259065587e-01 9.881688468568107231e-01 9.890597920608142912e-01 9.896007509947430947e-01 9.902957634995764868e-01 9.908396279934909012e-01 9.913439593721604659e-01 9.919446327933527652e-01 9.922648800282336534e-01 9.928128848392616668e-01 9.931115782923694013e-01 9.934646753379688944e-01 9.939305330988448262e-01 9.940985903825452219e-01 9.944513841134312582e-01 9.947553790557752684e-01 9.949193592935853259e-01 9.952475790150638879e-01 9.954569868157383539e-01 9.955959337384934216e-01 9.958818927859848236e-01 9.960565821586204738e-01 9.961551370306299669e-01 9.963860542511211449e-01 9.965792026011379701e-01 9.966262315463898513e-01 9.967930299135667749e-01 9.970518078988459543e-01 9.970394660357986272e-01 9.971359777075542441e-01 9.973382495116809299e-01 9.974251323142743209e-01 9.974473841080883085e-01 9.975662668904660135e-01 9.977792839699350935e-01 9.977584632526320663e-01 9.977927528608765417e-01 9.979134345458361421e-01 9.980989267243903784e-01 9.980486044289540448e-01 9.980778009883800594e-01 9.981846961499447612e-01 9.983627831948506115e-01 9.983021194956823718e-01 9.983132179262225181e-01 9.983945428321610027e-01 9.985446455885382822e-01 9.985320278203668742e-01 9.985152192192072729e-01 9.985621630164805973e-01 9.986716167278261169e-01 9.987556243598397776e-01 9.987036181018636993e-01 9.987097045765936931e-01 9.987728062353143921e-01 9.988918995603922601e-01 9.989003020233031549e-01 9.988609147384263087e-01 9.988737046813823683e-01 9.989377723444757828e-01 9.990522610399104053e-01 9.990402523291876946e-01 9.990001571022283366e-01 9.990071613953660501e-01 9.990605034005706209e-01 9.991594556033753793e-01 9.991777101216372525e-01 9.991266329724849404e-01 9.991182565336375054e-01 9.991519274465525680e-01 9.992270199926287511e-01 9.993217898543186317e-01 9.992518669426464495e-01 9.992208064574233939e-01 9.992280411290520581e-01 9.992730266242992876e-01 9.993552406481958084e-01 9.993915890427724769e-01 9.993323944806399295e-01 9.993081959724544605e-01 9.993185152015373607e-01 9.993628921357496919e-01 9.994408843225582872e-01
9.484308781792467613e-01 9.531657723516455682e-01 9.577058509589780888e-01 9.615794914950326344e-01 9.648976118689106540e-01 9.680336644824935055e-01 9.708356441691790018e-01 9.731091620826158861e-01 9.754140703913874999e-01 9.772830847974222079e-01 9.790098388530451556e-01 9.806951223934082806e-01 9.819796150770957466e-01 9.834711125558742717e-01 9.844311934894389715e-01 9.857186371963252425e-01 9.864607956267285038e-01 9.875519868240383303e-01 9.881541732541128109e-01 9.890457419840206210e-01 9.895872242055555601e-01 9.902827322383331854e-01 9.908270661902595089e-01 9.913318468530681882e-01 9.919329511724782611e-01 9.922535859467653818e-01 9.928019736518350902e-01 9.931010294839542896e-01 9.934544754918401832e-01 9.939206757387638591e-01 9.940890769920848191e-01 9.944422085218498353e-01 9.947465026834515500e-01 9.949107307385687271e-01 9.952391921385950191e-01 9.954488542049466648e-01 9.955880666188897665e-01 9.958742884244827787e-01 9.960491970072077317e-01 9.961479353512591173e-01 9.963790353844005354e-01 9.965723594402995378e-01 9.966195565331940065e-01 9.967865278640439808e-01 9.970454827001946629e-01 9.970333004263277621e-01 9.971299634793480138e-01 9.973323787101178173e-01 9.974193938848799901e-01 9.974417707450662363e-01 9.975607746912336093e-01 9.977739091716726350e-01 9.977532037469464266e-01 9.977876085769754599e-01 9.979084054781259816e-01 9.980940123530479546e-01 9.980437950634457600e-01 9.980730958676647946e-01 9.981800945737645536e-01 9.983582841007433428e-01 9.982976953561967237e-01 9.983088691661747838e-01 9.983902699005232639e-01 9.985404489582566656e-01 9.985278986322031480e-01 9.985111521245840782e-01 9.985581551550468671e-01 9.986676653066423048e-01 9.987517320177505820e-01 9.986997949264091456e-01 9.987059489583320904e-01 9.987691166123228159e-01 9.988882744162093097e-01 9.988967283360096205e-01 9.988573847062833799e-01 9.988702177303429020e-01 9.989343279221314376e-01 9.990488586147349137e-01 9.990368934078801555e-01 9.989968420360094692e-01 9.990038896776192168e-01 9.990572745437593660e-01 9.991562691384252570e-01 9.991745585575138033e-01 9.991235094551508267e-01 9.991151605237628130e-01 9.991488584190306721e-01 9.992239774360670568e-01 9.993187732945661983e-01 9.992488760973120554e-01 9.992178408002734269e-01 9.992251001464793614e-01 9.992701098148689676e-01 9.993523475222105823e-01 9.993887193832418081e-01 9.993295476680668088e-01 9.993053707395449514e-01 9.993157103012014764e-01 9.993601063402354212e-01 9.994381164226090464e-01
9.484016276252026367e-01 9.531389614386240883e-01 9.576804721124125841e-01 9.615551852074624151e-01 9.648744558890197665e-01 9.680116203577597833e-01 9.708146237323228567e-01 9.730892770617759480e-01 9.753952299574935036e-01 9.772649794087023833e-01 9.789925492621973646e-01 9.806787059581183463e-01 9.819639096064032291e-01 9.834560648699556262e-01 9.844167775104896156e-01 9.857048355766855341e-01 9.864475429847782140e-01 9.875392733106338472e-01 9.881419343085650064e-01 9.890339670582810605e-01 9.895759009764195646e-01 9.902718500435254700e-01 9.908166104246497463e-01 9.913218055418269170e-01 9.919232979149402718e-01 9.922442489742511196e-01 9.927929475680098426e-01 9.930923290363821154e-01 9.934461013107109828e-01 9.939126027183238232e-01 9.940811928290921307e-01 9.944345128097918929e-01 9.947390334285654001e-01 9.949035388420480741e-01 9.952322755681471955e-01 9.954421570915537032e-01 9.955815455489090970e-01 9.958679442054642061e-01 9.960430297392385279e-01 9.961419452682412912e-01 9.963732235071165455e-01 9.965667199741061744e-01 9.966140718146737631e-01 9.967811883463236766e-01 9.970402782805413144e-01 9.970282117839684988e-01 9.971249875866772250e-01 9.973275126687759506e-01 9.974146420355535225e-01 9.974371362664727902e-01 9.975562556501266220e-01 9.977695037345239992e-01 9.977488948108937938e-01 9.977833929711776850e-01 9.979042816923745507e-01 9.980899775407635621e-01 9.980398246484567526e-01 9.980691880041243635e-01 9.981762474770189408e-01 9.983544962826297331e-01 9.982939801534513879e-01 9.983052239311501763e-01 9.983866920590155347e-01 9.985369360057112509e-01 9.985244604367434773e-01 9.985077905580241886e-01 9.985548685073498687e-01 9.986644519224483485e-01 9.987485796602024735e-01 9.986966788260632777e-01 9.987028687330739007e-01 9.987660718981931085e-01 9.988852648668005152e-01 9.988937597258030765e-01 9.988544598399099472e-01 9.988673355748437510e-01 9.989314874727140969e-01 9.990460588935955455e-01 9.990341249248334554e-01 9.989941005340501334e-01 9.990011746701462636e-01 9.990545855583922163e-01 9.991536057164763784e-01 9.991719220769559318e-01 9.991209009712921363e-01 9.991125794211661582e-01 9.991463040974449816e-01 9.992214493098491301e-01 9.993162707072901219e-01 9.992463976691663419e-01 9.992153859839608687e-01 9.992226684072220699e-01 9.992677006299520714e-01 9.993499603805358067e-01 9.993863514884779864e-01 9.993271949552146038e-01 9.993030328343975865e-01 9.993133868372717776e-01 9.993577969584739318e-01 9.994358207711440123e-01
9.483769825487935456e-01 9.531167867976523267e-01 9.576591690881059993e-01 9.615349136446462719e-01 9.648551688943750593e-01 9.679933127061298714e-01 9.707973237198740390e-01 9.730727418479877544e-01 9.753794354595463068e-01 9.772500473796558174e-01 9.789783070585429403e-01 9.806650183323677439e-01 9.819507859367289093e-01 9.834434974779783234e-01 9.844047734032118635e-01 9.856933839440186196e-01 9.864365951480382755e-01 9.875288183272199483e-01 9.881319113964475154e-01 9.890243643084727365e-01 9.895666007894422522e-01 9.902628231389912772e-01 9.908078957826524924e-01 9.913134281114011070e-01 9.919152375151238932e-01 9.922364564204395609e-01 9.927854204690429452e-01 9.930850549723204690e-01 9.934390736481980566e-01 9.939058231192892112e-01 9.940746826826437621e-01 9.944282658432865851e-01 9.947330063608333939e-01 9.948976767349753114e-01 9.952265760169269893e-01 9.954366058673232986e-01 9.955761291672332591e-01 9.958626585615500959e-01 9.960378712736310813e-01 9.961369077963094787e-01 9.963682999715547384e-01 9.965619256669991932e-01 9.966094395110941528e-01 9.967767165076483193e-01 9.970359612783222802e-01 9.970239826652984583e-01 9.971208477801019043e-01 9.973234636310917001e-01 9.974106954009239745e-01 9.974332995620704967e-01 9.975525283963178058e-01 9.977658855208516586e-01 9.977453459774512368e-01 9.977799082017844157e-01 9.979008597257501556e-01 9.980866174690683490e-01 9.980365299097018195e-01 9.980659569784098295e-01 9.981730786019030743e-01 9.983513880403082075e-01 9.982909309264947906e-01 9.983022332730610016e-01 9.983837595549959198e-01 9.985340612715968289e-01 9.985216300559398572e-01 9.985050000949882154e-01 9.985521174653031462e-01 9.986617398272755741e-01 9.987459079545367713e-01 9.986940512032966843e-01 9.987002845629128212e-01 9.987635305747052383e-01 9.988827658074957982e-01 9.988912945121677378e-01 9.988520233298040507e-01 9.988649274789548338e-01 9.989291075147060939e-01 9.990437068096963413e-01 9.990318012675478698e-01 9.989918049894417340e-01 9.989989065194663231e-01 9.990523441005599858e-01 9.991513902673563319e-01 9.991697326426619563e-01 9.991187377131878211e-01 9.991104419715276519e-01 9.991441920999699633e-01 9.992193624192752255e-01 9.993142073860595831e-01 9.992443460304591962e-01 9.992133458411890379e-01 9.992206395788945095e-01 9.992656829395085705e-01 9.993479536561868937e-01 9.993843578683260231e-01 9.993252178015522569e-01 9.993010717916634977e-01 9.993114415576364040e-01 9.993558671015725370e-01 9.994339060038135436e-01
9.483570992193178784e-01 9.530980452065241915e-01 9.576413245678609965e-01 9.615180603641356738e-01 9.648391674684867469e-01 9.679781261076959575e-01 9.707829637701088643e-01 9.730590718095496472e-01 9.753663803669122556e-01 9.772374917136561479e-01 9.789662892805024441e-01 9.806535645611813568e-01 9.819398585991042649e-01 9.834330768737079564e-01 9.843948293722049048e-01 9.856839021533407852e-01 9.864275038314183064e-01 9.875201075772807036e-01 9.881234577095550087e-01 9.890161598614748417e-01 9.895587889035116769e-01 9.902554250331079277e-01 9.908007845199880981e-01 9.913065168718666609e-01 9.919085414525661282e-01 9.922300255189883122e-01 9.927792477631238732e-01 9.930790700251431735e-01 9.934332518319041183e-01 9.939001653369003986e-01 9.940692069117293972e-01 9.944229697791120426e-01 9.947278828035156506e-01 9.948927172411414777e-01 9.952217795787137167e-01 9.954319472828515591e-01 9.955715867433831967e-01 9.958582299812936967e-01 9.960335849772304906e-01 9.961327873385150689e-01 9.963643432460642657e-01 9.965580960910338515e-01 9.966056796303119913e-01 9.967730256357255625e-01 9.970323411739112629e-01 9.970204693094008030e-01 9.971174383402451324e-01 9.973201553935180375e-01 9.974074553204113069e-01 9.974301031542657237e-01 9.975493743705949878e-01 9.977627726350625226e-01 9.977423083357702671e-01 9.977769486844872970e-01 9.978979776517858946e-01 9.980838116166477203e-01 9.980337897713382755e-01 9.980632814409615694e-01 9.981704666009827420e-01 9.983488381165592784e-01 9.982884134501759377e-01 9.982997475600854376e-01 9.983813049461862654e-01 9.985316371315804407e-01 9.985192496856877264e-01 9.985026671514880547e-01 9.985498314443155277e-01 9.986595002499132345e-01 9.987437062449117109e-01 9.986918688786047271e-01 9.986981215875112561e-01 9.987613869202155437e-01 9.988806414526457678e-01 9.988892012595921299e-01 9.988499679577770296e-01 9.988629094760249627e-01 9.989271263882452123e-01 9.990417620852345415e-01 9.990298864813432766e-01 9.989899171150116164e-01 9.989970451423647591e-01 9.990505088194633343e-01 9.991495806935905000e-01 9.991679419334992263e-01 9.991169597782960654e-01 9.991086765675573078e-01 9.991424389900490644e-01 9.992176213727722578e-01 9.993124788106532153e-01 9.992426357631610800e-01 9.992116535627142415e-01 9.992189649782131644e-01 9.992640257135591009e-01 9.993463135096035677e-01 9.993827308106465468e-01 9.993235977222348909e-01 9.992994584932534119e-01 9.993098348465619951e-01 9.993542667879974362e-01 9.994323119015056101e-01
9.483407038051994142e-01 9.530824362628428359e-01 9.576266584931494297e-01 9.615040557921898934e-01 9.648258926179476003e-01 9.679655297085401067e-01 9.707709319749726617e-01 9.730476595051831268e-01 9.753555694089487416e-01 9.772272206985479492e-01 9.789564977895978126e-01 9.806442037387694821e-01 9.819308991495714345e-01 9.834245035276283353e-01 9.843866092918654997e-01 9.856760252746400441e-01 9.864198911398808223e-01 9.875127538741635957e-01 9.881164574901131203e-01 9.890095082785453906e-01 9.895523694787219382e-01 9.902492118378558583e-01 9.907947932212963771e-01 9.913007556917826646e-01 9.919029999834169109e-01 9.922246818363181786e-01 9.927740988063432637e-01 9.930740893586600393e-01 9.934284297959771193e-01 9.938955008397956092e-01 9.940646997200788260e-01 9.944186169258627528e-01 9.947236602034477126e-01 9.948885916027518928e-01 9.952177465951436153e-01 9.954280330392270004e-01 9.955678138143786438e-01 9.958545973895046588e-01 9.960300562801802648e-01 9.961293317468837838e-01 9.963609599947874651e-01 9.965547881719509782e-01 9.966024515991154242e-01 9.967698757720339087e-01 9.970292688192201602e-01 9.970174884230718071e-01 9.971145475632555710e-01 9.973173534484067737e-01 9.974047342378644654e-01 9.974274568501029226e-01 9.975468019477266024e-01 9.977602732537000918e-01 9.977398442517035893e-01 9.977745153140991086e-01 9.978955742440325238e-01 9.980814385544584111e-01 9.980314645639535298e-01 9.980610038513493265e-01 9.981682364180011202e-01 9.983466553607655003e-01 9.982862911893007896e-01 9.982976851908530458e-01 9.983793018998680102e-01 9.985296928727344090e-01 9.985173345423267177e-01 9.985007722513926653e-01 9.985479567692799874e-01 9.986576457897374803e-01 9.987418771268322670e-01 9.986900762854364899e-01 9.986963649569878809e-01 9.987596657107861153e-01 9.988789551426785485e-01 9.988875376075826429e-01 9.988483195461376196e-01 9.988612761106511195e-01 9.989255078825566292e-01 9.990401582599144348e-01 9.990282940307181336e-01 9.989883345861142461e-01 9.989954724528363750e-01 9.990489458909027620e-01 9.991480274514461524e-01 9.991664040419854231e-01 9.991154421472778768e-01 9.991071789047136775e-01 9.991409610119886819e-01 9.992161628047373512e-01 9.993110389765101909e-01 9.992412104586050337e-01 9.992102425662603427e-01 9.992175680745200017e-01 9.992626426932272876e-01 9.993449441689808976e-01 9.993813722188940041e-01 9.993222453693434426e-01 9.992981122273645322e-01 9.993084945189797397e-01 9.993529322530764203e-01 9.994309830165486463e-01
9.483267163161708257e-01 9.530696539641805298e-01 9.576143520178233004e-01 9.614925559038135505e-01 9.648149897712688938e-01 9.679551415289519012e-01 9.707610148521380600e-01 9.730382409701444635e-01 9.753466370742209790e-01 9.772187430399821295e-01 9.789483450960302369e-01 9.806362751716219961e-01 9.819234060555506183e-01 9.834174897299337026e-01 9.843797546743867644e-01 9.856693114012841095e-01 9.864134881833850343e-01 9.875066544588541051e-01 9.881106019476273428e-01 9.890038894388040180e-01 9.895469298353780641e-01 9.902439379201630754e-01 9.907897180254643388e-01 9.912959003001926561e-01 9.918983596976670425e-01 9.922202499117223073e-01 9.927698704069045643e-01 9.930700133228104187e-01 9.934244876323284901e-01 9.938916783250977272e-01 9.940609302711895801e-01 9.944149002373834367e-01 9.947200303422850665e-01 9.948850956919547128e-01 9.952143847295935597e-01 9.954247951449944898e-01 9.955646895627270343e-01 9.958515842040606136e-01 9.960271500018211821e-01 9.961265297877234248e-01 9.963582616662504110e-01 9.965521686926986922e-01 9.965998706813891106e-01 9.967673323502659333e-01 9.970267645556735170e-01 9.970150642027320043e-01 9.971122012555873049e-01 9.973150830117956112e-01 9.974025198409922632e-01 9.974252846354272339e-01 9.975446719266668483e-01 9.977581854612721513e-01 9.977378116527525487e-01 9.977725386199433055e-01 9.978936528427471142e-01 9.980795706888337948e-01 9.980296304111204719e-01 9.980592028387759163e-01 9.981664679983848210e-01 9.983449186717269219e-01 9.982845638024793189e-01 9.982959669811002357e-01 9.983775927483485857e-01 9.985279926666885686e-01 9.985156624088179500e-01 9.984991331212830223e-01 9.985463497014759326e-01 9.986560698699019634e-01 9.987403281638130847e-01 9.986885462926072821e-01 9.986948535746751343e-01 9.987581725912085817e-01 9.988774799494597456e-01 9.988860886763605285e-01 9.988469017139441908e-01 9.988598889160239525e-01 9.989241508800520419e-01 9.990388310195086330e-01 9.990269875009519795e-01 9.989870447411310916e-01 9.989941990280478690e-01 9.990476886299647363e-01 9.991467861059738498e-01 9.991651730905170004e-01 9.991142167148741038e-01 9.991059588994369856e-01 9.991397463445602645e-01 9.992149533884445711e-01 9.993098350652445117e-01 9.992400151857249169e-01 9.992090557534947237e-01 9.992163895478680669e-01 9.992614722828052631e-01 9.993437817088773878e-01 9.993802191338979624e-01 9.993211039889809966e-01 9.992969823488649928e-01 9.993073759444489612e-01 9.993518247893382611e-01 9.994298864749782130e-01
9.483152524656126570e-01 9.530587890194668343e-01 9.576042675186047237e-01 9.614828012001550572e-01 9.648057536903993370e-01 9.679464470352990846e-01 9.707528248416267269e-01 9.730303912611796280e-01 9.753390797843751736e-01 9.772114483925514739e-01 9.789414544184641409e-01 9.806298944113622795e-01 9.819172743130134551e-01 9.834115374090167672e-01 9.843741451329662828e-01 9.856640443251979411e-01 9.864084345981192214e-01 9.875018100520734921e-01 9.881059325359046186e-01 9.889993911819194849e-01 9.895425799924197907e-01 9.902397297249406760e-01 9.907856583071970036e-01 9.912919920622321746e-01 9.918945897494971797e-01 9.922165835793264055e-01 9.927663068084563447e-01 9.930665707617254423e-01 9.934211703250575010e-01 9.938884866302005738e-01 9.940578759118572361e-01 9.944119809652911535e-01 9.947172168060430808e-01 9.948823470294295701e-01 9.952116971846292071e-01 9.954221790361195144e-01 9.955621539597587777e-01 9.958491274466991783e-01 9.960247466773826108e-01 9.961241581814820334e-01 9.963559201617749883e-01 9.965498798791904145e-01 9.965976735112589413e-01 9.967652270577899154e-01 9.970247476918927543e-01 9.970130765746051393e-01 9.971102428498149761e-01 9.973131538342820956e-01 9.974006248857241186e-01 9.974234279804342629e-01 9.975428540096343832e-01 9.977564067335702447e-01 9.977360676267159612e-01 9.977708283214187235e-01 9.978919757872255492e-01 9.980779263245517230e-01 9.980280166096545669e-01 9.980576188379105540e-01 9.981649130628905686e-01 9.983433923554643208e-01 9.982830825750417247e-01 9.982945301520969039e-01 9.983761996570552633e-01 9.985266426808261375e-01 9.985143340467163009e-01 9.984978198455022325e-01 9.985450513217765112e-01 9.986547862047149282e-01 9.987390612853712657e-01 9.986873009845166349e-01 9.986936295123335361e-01 9.987569694621661887e-01 9.988762974529653560e-01 9.988849176316790812e-01 9.988457365864651383e-01 9.988587296382923642e-01 9.989229973874883539e-01 9.990376832503282678e-01 9.990258556978340865e-01 9.989859331465543724e-01 9.989931074126097155e-01 9.990466167729591396e-01 9.991457337951004103e-01 9.991641367901794579e-01 9.991131932426575712e-01 9.991049480762822510e-01 9.991387479969909835e-01 9.992139673483751983e-01 9.993088607582473193e-01 9.992390484707494025e-01 9.992080964714573632e-01 9.992154375434670888e-01 9.992605274043802055e-01 9.993428438082833098e-01 9.993792882650178733e-01 9.993201803217449664e-01 9.992960657389339252e-01 9.993064662507308293e-01 9.993509218738786393e-01 9.994289902028529182e-01
9.483057993507465477e-01 9.530498449991452459e-01 9.575958407400311234e-01 9.614748694961862130e-01 9.647981687123409200e-01 9.679391696167378711e-01 9.707458584442381078e-01 9.730238145420762041e-01 9.753328943726943256e-01 9.772056296108982965e-01 9.789358856393777231e-01 9.806244851445712341e-01 9.819120441673166999e-01 9.834064881698556526e-01 9.843693744299881754e-01 9.856595498128251087e-01 9.864040532655397042e-01 9.874975399979339930e-01 9.881018872940666720e-01 9.889955688566326453e-01 9.895389106222710618e-01 9.902361967366278828e-01 9.907822218038115913e-01 9.912886249232675251e-01 9.918913057440369441e-01 9.922134300991705125e-01 9.927632838266984283e-01 9.930636798294526502e-01 9.934184102395416938e-01 9.938858424606171749e-01 9.940552730998871711e-01 9.944094198189928901e-01 9.947147109880065674e-01 9.948799145439267688e-01 9.952093375128586716e-01 9.954198764387864884e-01 9.955598959238584067e-01 9.958469138773911045e-01 9.960226025709896236e-01 9.961221038424119545e-01 9.963539546566023697e-01 9.965480030153032187e-01 9.965958837917872071e-01 9.967635212281309443e-01 9.970231189564447982e-01 9.970114653381635383e-01 9.971086489868191682e-01 9.973115772333281948e-01 9.973990609895869719e-01 9.974218724740750996e-01 9.975413057173259102e-01 9.977548645062430666e-01 9.977345610184372715e-01 9.977693599234018773e-01 9.978905450882459283e-01 9.980765343068448425e-01 9.980266863877984562e-01 9.980563494834158167e-01 9.981637036905457450e-01 9.983422413138430818e-01 9.982819368467737986e-01 9.982933898078325541e-01 9.983750647687691382e-01 9.985255133218523538e-01 9.985132188760775795e-01 9.984967213250905971e-01 9.985439693075539580e-01 9.986537205610998003e-01 9.987380037833656354e-01 9.986862334947864683e-01 9.986925522917712295e-01 9.987558827607353473e-01 9.988752015140254237e-01 9.988838360058925891e-01 9.988446832224932015e-01 9.988577041566776282e-01 9.989219994227229726e-01 9.990367124503505281e-01 9.990249033770117748e-01 9.989849954227102424e-01 9.989921840288362720e-01 9.990457074799000692e-01 9.991448383506664754e-01 9.991632530807873502e-01 9.991123194120885564e-01 9.991040839805982454e-01 9.991378934966349545e-01 9.992131223080285007e-01 9.993080249465655651e-01 9.992382208076154848e-01 9.992072768612018097e-01 9.992146258934967440e-01 9.992597236250929660e-01 9.993420478129683149e-01 9.993784992582364080e-01 9.993193970833357254e-01 9.992952881783774277e-01 9.993056942798054232e-01 9.993501554065868930e-01 9.994282291553506781e-01
9.482979230273174132e-01 9.530423573354263045e-01 9.575887275193714077e-01 9.614681393051057734e-01 9.647918727325366373e-01 9.679332432847410628e-01 9.707401671170742263e-01 9.730183713240715404e-01 9.753276953056043697e-01 9.772006659376185622e-01 9.789311479581349618e-01 9.806199646680185955e-01 9.819076897185022856e-01 9.834022842441629830e-01 9.843654015038518779e-01 9.856558064508982309e-01 9.864004865779124609e-01 9.874941461473836224e-01 9.880985368710913930e-01 9.889922583013017743e-01 9.895357970270415304e-01 9.902333074412096314e-01 9.907795208041735302e-01 9.912860858821699317e-01 9.918888801867554728e-01 9.922109636474197858e-01 9.927607759278961330e-01 9.930611644980010810e-01 9.934158994746923321e-01 9.938833525862822427e-01 9.940528910110061345e-01 9.944071432979868508e-01 9.947125566199627178e-01 9.948779048118036039e-01 9.952074689370287164e-01 9.954181188708788319e-01 9.955582255494710431e-01 9.958453289053308399e-01 9.960210987005413408e-01 9.961206772992609038e-01 9.963526039630906661e-01 9.965466981368593657e-01 9.965945779581071307e-01 9.967622148057597720e-01 9.970218164363772173e-01 9.970102317326193786e-01 9.971074830479190743e-01 9.973104777778144525e-01 9.973979495500890913e-01 9.974206919490958834e-01 9.975400576867684554e-01 9.977535504864478710e-01 9.977333710905290642e-01 9.977683111030415386e-01 9.978896349019236167e-01 9.980757510753502926e-01 9.980258778180296497e-01 9.980555161711271994e-01 9.981628462106955091e-01 9.983413606280393537e-01 9.982810597306406297e-01 9.982925162893874216e-01 9.983741948772796304e-01 9.985246470878269553e-01 9.985123564039035671e-01 9.984958626358073630e-01 9.985431143974938806e-01 9.986528694282265084e-01 9.987371676955386635e-01 9.986854374451985539e-01 9.986917956831047327e-01 9.987551650178786433e-01 9.988745220832131455e-01 9.988831686191532722e-01 9.988440121422684781e-01 9.988570294560668028e-01 9.989213211727744346e-01 9.990360307201583412e-01 9.990242203471205729e-01 9.989843120936965359e-01 9.989915004902979456e-01 9.990450238201911137e-01 9.991441546569813648e-01 9.991625711435063728e-01 9.991116407481779316e-01 9.991034085450881674e-01 9.991372212460037927e-01 9.992124532001506187e-01 9.993073591564978209e-01 9.992375603641306947e-01 9.992066216920034716e-01 9.992139759284420775e-01 9.992590787961163068e-01 9.993414080540244937e-01 9.993778636548800165e-01 9.993187642204742760e-01 9.992946579932037166e-01 9.993050667108536178e-01 9.993495303936892338e-01 9.994276066395911817e-01
9.482909649656520168e-01 9.530361648611112013e-01 9.575828235791534748e-01 9.614627778930318058e-01 9.647868265292690593e-01 9.679283866770732603e-01 9.707353810222214552e-01 9.730138110120644113e-01 9.753234368467730286e-01 9.771968680177944844e-01 9.789274435949457676e-01 9.806160728379166303e-01 9.819042314554013995e-01 9.833994031050662388e-01 9.843624553026291135e-01 9.856527650253129602e-01 9.863977016935583375e-01 9.874916108317419727e-01 9.880961275796410481e-01 9.889899687610825829e-01 9.895333978057420099e-01 9.902307565771171216e-01 9.907768547821226290e-01 9.912833309080905098e-01 9.918860958272025519e-01 9.922083405282039470e-01 9.927583102755208611e-01 9.930589373667098041e-01 9.934139325641180296e-01 9.938816164934144437e-01 9.940512525703094626e-01 9.944056005016751465e-01 9.947111400582701046e-01 9.948766559360999739e-01 9.952063841651243026e-01 9.954171140124188355e-01 9.955572348903334312e-01 9.958443525908414751e-01 9.960199922423900176e-01 9.961193236821129782e-01 9.963510090564972055e-01 9.965450487896591047e-01 9.965931673076514619e-01 9.967610379617468652e-01 9.970208459426345149e-01 9.970091054322092194e-01 9.971062043982192868e-01 9.973090500821819582e-01 9.973965526264045867e-01 9.974194567978761361e-01 9.975389812689642310e-01 9.977526299031354018e-01 9.977323927429885275e-01 9.977672547400645575e-01 9.978885021104344499e-01 9.980745493202071161e-01 9.980247042732265372e-01 9.980543705211158967e-01 9.981617281580921208e-01 9.983402702586284816e-01 9.982800203291924968e-01 9.982915270451346856e-01 9.983732550132738970e-01 9.985237558595312368e-01 9.985115016173757851e-01 9.984950403196156676e-01 9.985423240840851644e-01 9.986521106690990912e-01 9.987364334729719184e-01 9.986847127084963471e-01 9.986910803454444041e-01 9.987544589969685749e-01 9.988738253011499868e-01 9.988824786745721385e-01 9.988433275623279650e-01 9.988563501944262013e-01 9.989206471854438218e-01 9.990353619654195327e-01 9.990235632749513428e-01 9.989836693003838475e-01 9.989908717434661245e-01 9.990444088945572565e-01 9.991435533340987662e-01 9.991619790578192273e-01 9.991110540560033115e-01 9.991028271692304896e-01 9.991366451116502345e-01 9.992118822347949569e-01 9.993067934682803299e-01 9.992370015834577401e-01 9.992060697041827977e-01 9.992134306218146689e-01 9.992585400619589109e-01 9.993408757864404857e-01 9.993773351148618200e-01 9.993182351811741304e-01 9.992941284451842821e-01 9.993045366447167455e-01 9.993489998000676389e-01 9.994270755091501091e-01
9.482853578196365207e-01 9.530310665249910329e-01 9.575782348015432488e-01 9.614584763801221623e-01 9.647827296446429557e-01 9.679245850985737087e-01 9.707320817401298152e-01 9.730102309238016778e-01 9.753196255228265832e-01 9.771934883644862735e-01 9.789242693164140752e-01 9.806129295945816837e-01 9.819008288312995880e-01 9.833956767571181423e-01 9.843593948854467701e-01 9.856503995369995108e-01 9.863950174145965644e-01 9.874886192618077541e-01 9.880937584968937371e-01 9.889882327988848143e-01 9.895320219812834273e-01 9.902296796093991160e-01 9.907758447668173485e-01 9.912822297515644365e-01 9.918849100602398217e-01 9.922070832976862542e-01 9.927569843361948587e-01 9.930572844702253432e-01 9.934118766660611222e-01 9.938792288127971108e-01 9.940488757668657360e-01 9.944032345938539352e-01 9.947089588346825773e-01 9.948748910785684130e-01 9.952050258229867552e-01 9.954156536361417063e-01 9.955552780036731608e-01 9.958419110119818285e-01 9.960175699593528664e-01 9.961173304328186928e-01 9.963494353830213424e-01 9.965436906492358693e-01 9.965917062679590099e-01 9.967594764066539659e-01 9.970192061106089021e-01 9.970077024665854326e-01 9.971050335052479285e-01 9.973081066967789399e-01 9.973957122762876493e-01 9.974186283433368327e-01 9.975381648258702105e-01 9.977518255921592472e-01 9.977315948788244571e-01 9.977664627486639848e-01 9.978877160135896096e-01 9.980737705150198869e-01 9.980239548112257442e-01 9.980536498781960031e-01 9.981610358321656440e-01 9.983396054017924515e-01 9.982793588072248481e-01 9.982908688808739273e-01 9.983726002307279357e-01 9.985231044838611680e-01 9.985108585707446194e-01 9.984944069914157838e-01 9.985417003779573086e-01 9.986514964938144612e-01 9.987358293322786684e-01 9.986841198004744458e-01 9.986904985177736949e-01 9.987538881034008220e-01 9.988732652012811686e-01 9.988819303953847539e-01 9.988427916533600959e-01 9.988558264956529653e-01 9.989201355428680706e-01 9.990348622308597992e-01 9.990230662502520564e-01 9.989831710446001045e-01 9.989903722498508776e-01 9.990439081561774959e-01 9.991430513438385175e-01 9.991614791480907254e-01 9.991105591726866519e-01 9.991023372428745608e-01 9.991361600749872895e-01 9.992114020226725568e-01 9.993063180236779752e-01 9.992365308975326155e-01 9.992056037056551432e-01 9.992129692414031261e-01 9.992580832323098017e-01 9.993404234420697474e-01 9.993768871070676241e-01 9.993177913082001984e-01 9.992936886400402008e-01 9.993041008420781024e-01 9.993485679362206220e-01 9.994266475219446555e-01
9.482809806836424160e-01 9.530273650451922540e-01 9.575738250802012796e-01 9.614540420294384049e-01 9.647791609711148242e-01 9.679213280265153152e-01 9.707277293135813112e-01 9.730073806309086359e-01 9.753181707756333196e-01 9.771914483441050958e-01 9.789224156656404219e-01 9.806118516178682354e-01 9.818990714272549658e-01 9.833928984862702061e-01 9.843573371365659241e-01 9.856491338741965036e-01 9.863940576632063140e-01 9.874879567169552175e-01 9.880928524491084941e-01 9.889870749532345684e-01 9.895298177157293429e-01 9.902262990371976104e-01 9.907725697437361756e-01 9.912799312431287424e-01 9.918833515254542599e-01 9.922055408532541865e-01 9.927554580841023713e-01 9.930557205848014046e-01 9.934102589505749981e-01 9.938776235920034896e-01 9.940476407547217397e-01 9.944023607137688625e-01 9.947081718169649145e-01 9.948738282773265107e-01 9.952036943454832807e-01 9.954144793591723772e-01 9.955545909609413435e-01 9.958417001766005638e-01 9.960175019626619219e-01 9.961171336795708875e-01 9.963491131147610425e-01 9.965432677919947579e-01 9.965912204463415192e-01 9.967589292381722199e-01 9.970186015038878802e-01 9.970070789146825430e-01 9.971043916002424456e-01 9.973074470092914146e-01 9.973950399957485224e-01 9.974179471757349535e-01 9.975374748954002335e-01 9.977511270166669055e-01 9.977309165929088008e-01 9.977658073990649523e-01 9.978870832766257859e-01 9.980731590159180877e-01 9.980233470373683913e-01 9.980530458279093242e-01 9.981604355057007716e-01 9.983390088660349937e-01 9.982787702407073249e-01 9.982902881983893861e-01 9.983720273518158494e-01 9.985225393326343513e-01 9.985103084447667365e-01 9.984938738815897219e-01 9.985411840423552565e-01 9.986509967004590926e-01 9.987353416440226672e-01 9.986836346379581730e-01 9.986900158733956756e-01 9.987534079705853163e-01 9.988727875744569662e-01 9.988814561436085704e-01 9.988423212838777321e-01 9.988553599791805127e-01 9.989196728517574231e-01 9.990344033390485823e-01 9.990226143204768983e-01 9.989827273581908251e-01 9.989899367010386388e-01 9.990434806429100423e-01 9.991426317676456170e-01 9.991610679031888154e-01 9.991101565886463254e-01 9.991019432074448314e-01 9.991357744795448248e-01 9.992110247621011077e-01 9.993059480041120990e-01 9.992361584955282705e-01 9.992052289515817032e-01 9.992125921647286857e-01 9.992577038616378138e-01 9.993400418051655576e-01 9.993765062777140162e-01 9.993174160820927909e-01 9.992933189400072802e-01 9.993037365930305116e-01 9.993482090650861460e-01 9.994262939576116223e-01
9.482755543718175417e-01 9.530247168699236271e-01 9.575722999321367723e-01 9.614513706913710989e-01 9.647757975760407056e-01 9.679175985541320637e-01 9.707240066209940066e-01 9.730026874535087078e-01 9.753129498854262724e-01 9.771877388078029636e-01 9.789191439297290076e-01 9.806081935454155074e-01 9.818973189269646351e-01 9.833935696371397528e-01 9.843568847985013637e-01 9.856473983607482170e-01 9.863908302499923009e-01 9.874832865686005157e-01 9.880895808692448101e-01 9.889852478792608981e-01 9.895294433915606813e-01 9.902273447161625830e-01 9.907729597414980383e-01 9.912782594814055770e-01 9.918805218362036769e-01 9.922044277273216473e-01 9.927560142986225911e-01 9.930567755242744044e-01 9.934114312857988960e-01 9.938788185071089076e-01 9.940483448866108684e-01 9.944025872801697252e-01 9.947079912332488227e-01 9.948733297551690669e-01 9.952028859800768901e-01 9.954135660398224505e-01 9.955537325426255801e-01 9.958408958843287806e-01 9.960167140024633881e-01 9.961163310924343595e-01 9.963482964209272597e-01 9.965424563320988138e-01 9.965904445862794336e-01 9.967581883646027263e-01 9.970178939468798962e-01 9.970063869790719568e-01 9.971037150889305867e-01 9.973067857386477275e-01 9.973944007832111769e-01 9.974173349259954913e-01 9.975368892277131083e-01 9.977505675717067701e-01 9.977303749081375406e-01 9.977652824024798583e-01 9.978865747491253435e-01 9.980726664505183976e-01 9.980228653916686232e-01 9.980525749738927699e-01 9.981599753224954519e-01 9.983385592544197218e-01 9.982783320378665337e-01 9.982898612651326387e-01 9.983716115559001514e-01 9.985221345484978084e-01 9.985098951944847423e-01 9.984934465674227821e-01 9.985407429396817580e-01 9.986505420754808737e-01 9.987348829635984693e-01 9.986831925889534389e-01 9.986895902248493773e-01 9.987529985005193511e-01 9.988723940695422021e-01 9.988810747694361059e-01 9.988419496794201935e-01 9.988549980145060569e-01 9.989193204017391414e-01 9.990340602831889738e-01 9.990222748989698864e-01 9.989823891142974865e-01 9.989895996350223184e-01 9.990431447553829170e-01 9.991422970595658093e-01 9.991607327782734416e-01 9.991098196375247653e-01 9.991016044638797444e-01 9.991354339764384473e-01 9.992106825315195673e-01 9.993056048291383275e-01 9.992358216169605623e-01 9.992048982905127330e-01 9.992122676446797414e-01 9.992573854084793039e-01 9.993397293470470677e-01 9.993761987248164225e-01 9.993171117634864764e-01 9.992930178153843768e-01 9.993034386232415578e-01 9.993479142121017844e-01 9.994260021844877384e-01
9.482722920324725413e-01 9.530208216784024078e-01 9.575685962184609101e-01 9.614485894888199491e-01 9.647728840050449062e-01 9.679150014657988965e-01 9.707230298477497188e-01 9.730025055432094394e-01 9.753127767199494258e-01 9.771855952057931782e-01 9.789162757677409843e-01 9.806055586976873961e-01 9.818938274302216884e-01 9.833889740407122382e-01 9.843533547968463804e-01 9.856450272513477273e-01 9.863911079502547530e-01 9.874861273573468656e-01 9.880896499858285997e-01 9.889824646723841539e-01 9.895274392013987397e-01 9.902268120012462926e-01 9.907733238710625390e-01 9.912791223185509759e-01 9.918814110193874267e-01 9.922037984805543998e-01 9.927539092860733216e-01 9.930545662295815479e-01 9.934095564861460392e-01 9.938772520955736489e-01 9.940469821835420383e-01 9.944014232730208347e-01 9.947069849158497457e-01 9.948724281625287436e-01 9.952020868078659266e-01 9.954128299825144577e-01 9.955530285766353016e-01 9.958402232170830981e-01 9.960160707399424718e-01 9.961157157661892914e-01 9.963477086172264352e-01 9.965418872820799301e-01 9.965898805548284445e-01 9.967576293867650428e-01 9.970173399052066898e-01 9.970058354539848011e-01 9.971031661424762937e-01 9.973062394337273151e-01 9.973938729114619761e-01 9.974168369249172272e-01 9.975364206085123309e-01 9.977501278703729826e-01 9.977299318044724474e-01 9.977648327923935856e-01 9.978861188330007126e-01 9.980722055623456601e-01 9.980224180650285604e-01 9.980521410306979480e-01 9.981595545937878011e-01 9.983381514417722924e-01 9.982779280453364379e-01 9.982894610767851784e-01 9.983712151577034399e-01 9.985217419282784723e-01 9.985095146728714122e-01 9.984930804746448008e-01 9.985403910801355920e-01 9.986502042618412567e-01 9.987345546222929915e-01 9.986828637829568978e-01 9.986892609943769372e-01 9.987526688850913992e-01 9.988720641080228724e-01 9.988807468161379211e-01 9.988416251319542916e-01 9.988546768464509062e-01 9.989190025880994028e-01 9.990337458003671900e-01 9.990219651575352744e-01 9.989820846799321030e-01 9.989893004504888374e-01 9.990428507656862189e-01 9.991420082118811496e-01 9.991604483549720861e-01 9.991095389975152008e-01 9.991013275693215734e-01 9.991351607909311205e-01 9.992104130200687440e-01 9.993053388845800633e-01 9.992355584980424643e-01 9.992046379699367487e-01 9.992120100961419116e-01 9.992571306066347914e-01 9.993394772674907278e-01 9.993759478030044274e-01 9.993168595589668746e-01 9.992927643504523338e-01 9.993031839196649946e-01 9.993476582911553496e-01 9.994257450669554732e-01
9.482706036498718127e-01 9.530164073284045356e-01 9.575622330480464406e-01 9.614429954552256019e-01 9.647689017009823953e-01 9.679127436645640348e-01 9.707223440123743385e-01 9.730026065469237206e-01 9.753135251770124192e-01 9.771871063205135322e-01 9.789165351919649760e-01 9.806030337401379082e-01 9.818924497894419012e-01 9.833896875767027534e-01 9.843524509966461444e-01 9.856423609787291484e-01 9.863880477282201964e-01 9.874826859306428117e-01 9.880865097095248295e-01 9.889796373959964804e-01 9.895238827678030091e-01 9.902223396605397410e-01 9.907693250086452297e-01 9.912765378243062475e-01 9.918799462287397617e-01 9.922025667316549669e-01 9.927529043414353715e-01 9.930536270631228346e-01 9.934086308104134178e-01 9.938763501073208939e-01 9.940461603950219160e-01 9.944006798291245008e-01 9.947062885519822872e-01 9.948717377986951993e-01 9.952014024790164504e-01 9.954121819518508829e-01 9.955524401961115544e-01 9.958396932676787383e-01 9.960155725688452089e-01 9.961152276206652889e-01 9.963472304717690964e-01 9.965414172521130931e-01 9.965894156108779933e-01 9.967571695508732343e-01 9.970168868189145384e-01 9.970054144624846959e-01 9.971027766861830788e-01 9.973058809825804394e-01 9.973935226045487212e-01 9.974164780206202785e-01 9.975360533210897440e-01 9.977497524060293665e-01 9.977295602931057772e-01 9.977644664421427834e-01 9.978857576166181298e-01 9.980718489052902154e-01 9.980220570715527817e-01 9.980517758270459616e-01 9.981591853023316085e-01 9.983377785104478042e-01 9.982775728556009254e-01 9.982891233639856754e-01 9.983708946686700170e-01 9.985214384208483951e-01 9.985092151707224417e-01 9.984927811396743236e-01 9.985400919459125335e-01 9.986499053615531807e-01 9.987342587308210007e-01 9.986825770133607172e-01 9.986889832312678683e-01 9.987524000178477079e-01 9.988718040306145962e-01 9.988804902485114434e-01 9.988413689109932880e-01 9.988544209902692206e-01 9.989187471146938613e-01 9.990334907276238186e-01 9.990217113739440213e-01 9.989818325597121795e-01 9.989890499884752639e-01 9.990426019572536953e-01 9.991417610529391702e-01 9.991602057064482567e-01 9.991093033735746198e-01 9.991010988937888415e-01 9.991349389903698697e-01 9.992101980236959280e-01 9.993051296814701168e-01 9.992353459743346100e-01 9.992044221858052966e-01 9.992117911102600392e-01 9.992569084762324971e-01 9.993392520484071229e-01 9.993757220122377882e-01 9.993166371030948181e-01 9.992925451964469463e-01 9.993029680355890454e-01 9.993474456461153288e-01 9.994255356310858263e-01
9.482722578712554640e-01 9.530148703078956673e-01 9.575646802125151735e-01 9.614471793987473536e-01 9.647717003132068037e-01 9.679133531097633414e-01 9.707207094001988334e-01 9.730010832276303478e-01 9.753118305472280314e-01 9.771827516068868347e-01 9.789126428839293181e-01 9.806019894777171508e-01 9.818898552725319195e-01 9.833844943146834439e-01 9.843479228194900177e-01 9.856386555372957936e-01 9.863850932944184802e-01 9.874804575318564259e-01 9.880855999261689560e-01 9.889800248236330082e-01 9.895241234674374553e-01 9.902221550794622074e-01 9.907688720898798485e-01 9.912759255541632175e-01 9.918792006372730841e-01 9.922017629702781782e-01 9.927520442689440339e-01 9.930528134506084736e-01 9.934078956549128314e-01 9.938756877121689426e-01 9.940455478666251343e-01 9.944001160913202852e-01 9.947057652277695450e-01 9.948712440811220414e-01 9.952009378564625752e-01 9.954117070495559494e-01 9.955519244470932838e-01 9.958391377361147656e-01 9.960150012939184005e-01 9.961146601600948669e-01 9.963466667596894144e-01 9.965408852819060970e-01 9.965889599007885513e-01 9.967567885487725876e-01 9.970165729360878082e-01 9.970050703977256790e-01 9.971024031543803678e-01 9.973054786680741746e-01 9.973931239422375583e-01 9.974161066572937440e-01 9.975357087877262385e-01 9.977494342565937924e-01 9.977292293918068600e-01 9.977641191445767443e-01 9.978853942855409054e-01 9.980714716338794368e-01 9.980216942723608708e-01 9.980514272800901088e-01 9.981588507978288449e-01 9.983374577765405933e-01 9.982772610509079714e-01 9.982888203692042994e-01 9.983706003700911769e-01 9.985211527101389706e-01 9.985089333006478274e-01 9.984925016904332429e-01 9.985398149092645781e-01 9.986496307303238673e-01 9.987339875971310565e-01 9.986823118141927580e-01 9.986887239134271121e-01 9.987521465309308066e-01 9.988715563269086051e-01 9.988802467979579491e-01 9.988411287767926527e-01 9.988541841457911907e-01 9.989185135346987376e-01 9.990332603882308149e-01 9.990214876557939050e-01 9.989816168465582846e-01 9.989888421846976341e-01 9.990424019707251357e-01 9.991415687948932423e-01 9.991600164774121495e-01 9.991091130265454812e-01 9.991009074549449531e-01 9.991347464852844418e-01 9.992100044773652989e-01 9.993049356515345538e-01 9.992351565987981354e-01 9.992042374117701131e-01 9.992116108865479740e-01 9.992567327533378174e-01 9.993390807784355845e-01 9.993755538927844295e-01 9.993164701215064838e-01 9.992923793494346008e-01 9.993028033201322158e-01 9.993472820594677675e-01 9.994253731707662958e-01
9.482704481374496508e-01 9.530136595422064039e-01 9.575648150058427843e-01 9.614486646477510279e-01 9.647732439743985644e-01 9.679127595622700753e-01 9.707145647805810462e-01 9.729933019803794769e-01 9.753041064862603138e-01 9.771779311539003920e-01 9.789110867324610776e-01 9.806039522855769519e-01 9.818934371019966134e-01 9.833891839155185499e-01 9.843519483701012041e-01 9.856419383591628058e-01 9.863867825824059743e-01 9.874806069507606754e-01 9.880855343953841574e-01 9.889797927440805436e-01 9.895237417218089027e-01 9.902216307627450531e-01 9.907682591420373663e-01 9.912752615085261843e-01 9.918785197267526721e-01 9.922011753456462246e-01 9.927515475525875432e-01 9.930523268162981809e-01 9.934073933024933911e-01 9.938751815928208444e-01 9.940451011430038175e-01 9.943997274080220716e-01 9.947054150381906545e-01 9.948709067412965235e-01 9.952006131709830727e-01 9.954113741383422420e-01 9.955515671561313562e-01 9.958387567516662209e-01 9.960146344585497635e-01 9.961143381936746755e-01 9.963463887537058472e-01 9.965406078468969087e-01 9.965886146689337810e-01 9.967563770540358581e-01 9.970161023710925052e-01 9.970046320054504196e-01 9.971019963121974250e-01 9.973051027841338678e-01 9.973927916216910328e-01 9.974158268768686941e-01 9.975354805622764776e-01 9.977492566463590506e-01 9.977290651767140028e-01 9.977639644144513653e-01 9.978852489102589818e-01 9.980713345676838211e-01 9.980215505734547632e-01 9.980512771696775642e-01 9.981586944905260772e-01 9.983372954325687720e-01 9.982770897296484591e-01 9.982886402603677878e-01 9.983704116567769793e-01 9.985209555691443306e-01 9.985087418030931250e-01 9.984923199264257310e-01 9.985396427489107163e-01 9.986494680492659093e-01 9.987338308698495704e-01 9.986821533552217023e-01 9.986885637704476792e-01 9.987519847503643078e-01 9.988713929539890790e-01 9.988800860179533059e-01 9.988409730734780778e-01 9.988540334587326930e-01 9.989183678058562998e-01 9.990331195618666893e-01 9.990213456794581059e-01 9.989814711759250621e-01 9.989886928846841707e-01 9.990422491043772224e-01 9.991414124234613281e-01 9.991598583776459819e-01 9.991089547639873114e-01 9.991007490399586022e-01 9.991345879280694176e-01 9.992098457879646789e-01 9.993047772197712897e-01 9.992350020777843733e-01 9.992040867556478689e-01 9.992114640509240919e-01 9.992565896952353421e-01 9.993389414562561246e-01 9.993754161940360259e-01 9.993163307600709810e-01 9.992922383526755548e-01 9.993026607147530438e-01 9.993471378715311770e-01 9.994252274257137136e-01
9.482616409196217289e-01 9.530084467437471840e-01 9.575561553954019534e-01 9.614444841182632207e-01 9.647647537562780151e-01 9.679030588969422810e-01 9.707132913075415814e-01 9.729979730242042102e-01 9.753127475942861002e-01 9.771861100840637526e-01 9.789165334395540929e-01 9.806049485038741409e-01 9.818926597071115925e-01 9.833873427746147033e-01 9.843507048447955876e-01 9.856413616904053931e-01 9.863862105949835479e-01 9.874800399065347678e-01 9.880849509265368091e-01 9.889791929582854024e-01 9.895232400539777373e-01 9.902212474682769994e-01 9.907678569456093154e-01 9.912747472415743832e-01 9.918779546705096539e-01 9.922007558169863017e-01 9.927512697093524574e-01 9.930520450823899781e-01 9.934070614769749952e-01 9.938748136091943852e-01 9.940447671822050246e-01 9.943994267426167211e-01 9.947051060041333104e-01 9.948705340121738461e-01 9.952001784179999033e-01 9.954109718807523377e-01 9.955512706528202305e-01 9.958385636348865422e-01 9.960144323262750676e-01 9.961140356795836759e-01 9.963459881897430703e-01 9.965401665480266846e-01 9.965882222461329709e-01 9.967560325091032736e-01 9.970158034944136549e-01 9.970043580992336008e-01 9.971017469319028992e-01 9.973048775083148687e-01 9.973925553652623899e-01 9.974155541010816250e-01 9.975351720314888926e-01 9.977489130923234972e-01 9.977287349150436579e-01 9.977636520764068262e-01 9.978849541937124812e-01 9.980710571700557310e-01 9.980212899455546127e-01 9.980510329723459861e-01 9.981584663977853822e-01 9.983370831270265144e-01 9.982768926729302938e-01 9.982884582068384249e-01 9.983702443709393526e-01 9.985208028252021695e-01 9.985085908166513313e-01 9.984921669277030398e-01 9.985394877855651163e-01 9.986493111675364132e-01 9.987336728542273168e-01 9.986819958808798026e-01 9.986884068270900361e-01 9.987518283280596432e-01 9.988712370431468424e-01 9.988799293513198618e-01 9.988408149058125574e-01 9.988538738187685562e-01 9.989182067214938954e-01 9.990329570602112241e-01 9.990211865700882043e-01 9.989813174668733531e-01 9.989885445035571188e-01 9.990421059812371052e-01 9.991412744907515187e-01 9.991597254420685470e-01 9.991088266459677847e-01 9.991006256766643556e-01 9.991344692586838772e-01 9.992097317536190459e-01 9.993046669460076137e-01 9.992348876636359956e-01 9.992039682553175428e-01 9.992113415170100765e-01 9.992564631787783647e-01 9.993388110067946695e-01 9.993752846187520245e-01 9.993162024258578358e-01 9.992921132135365037e-01 9.993025387259120151e-01 9.993470189893900457e-01 9.994251116078185504e-01
9.482683508746995171e-01 9.530144907564638279e-01 9.575537575686580150e-01 9.614408498174127349e-01 9.647669941169155772e-01 9.679086446201695670e-01 9.707144296502334679e-01 9.729930567531781538e-01 9.753035788975858988e-01 9.771792693927390250e-01 9.789116487353504148e-01 9.806017221427106856e-01 9.818906877304837133e-01 9.833864918552843726e-01 9.843498177705101160e-01 9.856403785509402216e-01 9.863856507129999951e-01 9.874798895471218474e-01 9.880846964649633302e-01 9.889788218612449722e-01 9.895229312496498508e-01 9.902210346551930664e-01 9.907677678422984746e-01 9.912747997300961345e-01 9.918780084673610720e-01 9.922003516887518693e-01 9.927504205190069708e-01 9.930512402265867511e-01 9.934064560609665584e-01 9.938743901773269274e-01 9.940444529616950797e-01 9.943992190391794939e-01 9.947049640753328204e-01 9.948704044498855037e-01 9.952000610361325661e-01 9.954108518260260663e-01 9.955511364081841563e-01 9.958384156252525488e-01 9.960143050828184075e-01 9.961139572065268455e-01 9.963459574764322868e-01 9.965401541159166765e-01 9.965881818757797994e-01 9.967559648728102628e-01 9.970157094032825462e-01 9.970042408185452176e-01 9.971016069849132357e-01 9.973047153951374311e-01 9.973923796295210975e-01 9.974153710481944435e-01 9.975349818347974962e-01 9.977487159183792143e-01 9.977285461014855361e-01 9.977634730314082212e-01 9.978847847557440476e-01 9.980708964096799418e-01 9.980211252261584898e-01 9.980508643808724267e-01 9.981582940180563357e-01 9.983369072081037521e-01 9.982767241572190198e-01 9.982882969742525869e-01 9.983700903063494891e-01 9.985206558182267988e-01 9.985084491997714418e-01 9.984920301486691629e-01 9.985393557686562671e-01 9.986491838399649268e-01 9.987335471609689597e-01 9.986818651249314005e-01 9.986882710888262960e-01 9.987516876850141001e-01 9.988710915701379811e-01 9.988797864919400915e-01 9.988406790800582469e-01 9.988537449185889150e-01 9.989180846424841054e-01 9.990328417014778806e-01 9.990210714453787721e-01 9.989811998260459402e-01 9.989884243760508431e-01 9.990419833954263806e-01 9.991411494739736998e-01 9.991596010955561269e-01 9.991087056962180135e-01 9.991005080678564410e-01 9.991343549365770960e-01 9.992096206654909052e-01 9.993045588384724676e-01 9.992347805464674160e-01 9.992038621059639025e-01 9.992112363134357800e-01 9.992563588994448631e-01 9.993387076306420314e-01 9.993751826619103884e-01 9.993161027074323188e-01 9.992920156943813081e-01 9.993024433678092677e-01 9.993469257550263718e-01 9.994250204607489918e-01
9.482648273205476208e-01 9.530162250322798956e-01 9.575623439393804448e-01 9.614339914190338510e-01 9.647594493038772478e-01 9.679044064431606698e-01 9.707139715994350659e-01 9.729938027913646037e-01 9.753046508198608411e-01 9.771795804189601364e-01 9.789113348899531886e-01 9.806008915930168879e-01 9.818898904246751158e-01 9.833858631874176082e-01 9.843490034099132702e-01 9.856393685074310573e-01 9.863851243084820197e-01 9.874798310670759305e-01 9.880847381090387405e-01 9.889789494315071039e-01 9.895226908358922824e-01 9.902203464167523839e-01 9.907667941164175485e-01 9.912736532929876665e-01 9.918768643516782113e-01 9.921997824013225609e-01 9.927504101502709899e-01 9.930511545179262489e-01 9.934060944250624470e-01 9.938737808857353029e-01 9.940437185720683022e-01 9.943983627542903880e-01 9.947040966185166644e-01 9.948696723467469472e-01 9.951994609643698420e-01 9.954103373633436114e-01 9.955506710952488625e-01 9.958379983328055074e-01 9.960139362580334721e-01 9.961136370347827285e-01 9.963456849014278305e-01 9.965399096678893009e-01 9.965879352528431712e-01 9.967557161499280838e-01 9.970154597910069194e-01 9.970040082165837481e-01 9.971013910470154507e-01 9.973045157916501369e-01 9.973921866190195162e-01 9.974151774972173090e-01 9.975347877688676146e-01 9.977485213624229798e-01 9.977283791792863621e-01 9.977633360909370364e-01 9.978846772492497852e-01 9.980708165025162781e-01 9.980210513062860445e-01 9.980507963509939184e-01 9.981582317851648289e-01 9.983368501811972218e-01 9.982766398125749729e-01 9.982881857920420376e-01 9.983699527480771607e-01 9.985204923275441402e-01 9.985082863983261170e-01 9.984918758500463953e-01 9.985392098294240126e-01 9.986490461219936776e-01 9.987334188156815618e-01 9.986817488701205114e-01 9.986881667282350161e-01 9.987515950293098799e-01 9.988710104366290699e-01 9.988797095051336061e-01 9.988406018134978748e-01 9.988536673699497381e-01 9.989180068094116738e-01 9.990327635815695606e-01 9.990209908621352497e-01 9.989811158732049279e-01 9.989883370921296413e-01 9.990418928175169855e-01 9.991410556377949836e-01 9.991595063089333539e-01 9.991086119895029594e-01 9.991004154137514970e-01 9.991342633084213665e-01 9.992095300372335620e-01 9.993044692911132731e-01 9.992346930752106227e-01 9.992037766692202228e-01 9.992111528706127954e-01 9.992562774109118306e-01 9.993386280576955771e-01 9.993751038116756025e-01 9.993160227316278954e-01 9.992919345912468776e-01 9.993023611353829549e-01 9.993468423911463505e-01 9.994249359630575924e-01
9.482628602337587198e-01 9.530106635667022763e-01 9.575640234051954192e-01 9.614444041074751146e-01 9.647667299557222131e-01 9.679069885894854286e-01 9.707144077910830893e-01 9.729941576213693155e-01 9.753051661071922007e-01 9.771796678414214066e-01 9.789110249680149645e-01 9.806002103015051263e-01 9.818892249472117584e-01 9.833853090547840514e-01 9.843483594402628878e-01 9.856386280565784253e-01 9.863845758065299396e-01 9.874794683127525730e-01 9.880845089006717874e-01 9.889788482488139909e-01 9.895226021936467387e-01 9.902202475534734871e-01 9.907668354103111863e-01 9.912739358950486412e-01 9.918772610547754720e-01 9.921998845007879986e-01 9.927502260176550575e-01 9.930510331102401222e-01 9.934061458373868447e-01 9.938739573494652646e-01 9.940437764033100976e-01 9.943983051204368095e-01 9.947039775910575532e-01 9.948695629105446248e-01 9.951993609602811652e-01 9.954102276935760107e-01 9.955505369762520651e-01 9.958378403925556288e-01 9.960137624353174735e-01 9.961134538385728598e-01 9.963454925744558155e-01 9.965397256235408729e-01 9.965877869892484364e-01 9.967556029278210605e-01 9.970153792203524379e-01 9.970039331543579797e-01 9.971013214100695743e-01 9.973044515016690204e-01 9.973921216080120500e-01 9.974151073455291838e-01 9.975347126026345990e-01 9.977484413028889776e-01 9.977282836010197276e-01 9.977632242103745552e-01 9.978845493851674631e-01 9.980706736613765839e-01 9.980209050650520330e-01 9.980506467775442925e-01 9.981580789448046831e-01 9.983366944247724639e-01 9.982764998028730297e-01 9.982880612592478498e-01 9.983698434330890992e-01 9.985203979815053810e-01 9.985081929330908990e-01 9.984917791147137622e-01 9.985391098797735676e-01 9.986489430117951871e-01 9.987333136560592184e-01 9.986816440613164314e-01 9.986880622633956817e-01 9.987514909018162523e-01 9.988709066400954795e-01 9.988796056327787776e-01 9.988404976207264641e-01 9.988535628578388836e-01 9.989179019789319325e-01 9.990326584336104432e-01 9.990208916154066365e-01 9.989810251049061618e-01 9.989882546758069859e-01 9.990418186307339354e-01 9.991409895619982606e-01 9.991594420401544996e-01 9.991085439731228757e-01 9.991003436951009231e-01 9.991341879313153651e-01 9.992094510440291399e-01 9.993043873903099117e-01 9.992346147105936049e-01 9.992037017863283355e-01 9.992110814164708588e-01 9.992562093339847351e-01 9.993385633078346597e-01 9.993750409877529828e-01 9.993159596656863153e-01 9.992918712775392676e-01 9.993022975681918885e-01 9.993467785647732748e-01 9.994248718718213853e-01
9.482666879656328485e-01 9.530097698294602848e-01 9.575583826434725943e-01 9.614392265630586909e-01 9.647640119203740872e-01 9.679062631288497531e-01 9.707139471916300666e-01 9.729933873666511968e-01 9.753039378999817099e-01 9.771778570736781022e-01 9.789100326011112019e-01 9.806011027414981429e-01 9.818896688610526668e-01 9.833847388464254102e-01 9.843487025996510154e-01 9.856399479166563227e-01 9.863841402745945341e-01 9.874773351622007089e-01 9.880830328502945292e-01 9.889780823704488188e-01 9.895221062412733470e-01 9.902199288448767511e-01 9.907666124390219764e-01 9.912737524462293948e-01 9.918770929184784757e-01 9.921996532805472668e-01 9.927499335553950921e-01 9.930507649076554255e-01 9.934059287332904775e-01 9.938737904017893587e-01 9.940436601882778334e-01 9.943982384184612000e-01 9.947039096566792082e-01 9.948694264879416327e-01 9.951991577881882378e-01 9.954100183691656500e-01 9.955503685924241841e-01 9.958377120411745498e-01 9.960136399092293091e-01 9.961133093016988349e-01 9.963453265629236277e-01 9.965395369289007377e-01 9.965875733724325336e-01 9.967553649526655901e-01 9.970151200384622658e-01 9.970036942634379340e-01 9.971011024069392770e-01 9.973042520027178837e-01 9.973919416582500697e-01 9.974149468803796825e-01 9.975345712598157055e-01 9.977483187369348139e-01 9.977281624225525780e-01 9.977631026757035615e-01 9.978844275222553684e-01 9.980705522666997176e-01 9.980207965444201079e-01 9.980505509155075394e-01 9.981579955352334332e-01 9.983366230587265022e-01 9.982764266100220274e-01 9.982879862879899813e-01 9.983697667303299550e-01 9.985203195927317976e-01 9.985081173989462933e-01 9.984917077469412927e-01 9.985390426254799889e-01 9.986488798204121720e-01 9.987332522034458870e-01 9.986815792469223574e-01 9.986879941539092975e-01 9.987514195618388824e-01 9.988708321322213868e-01 9.988795330013138241e-01 9.988404298656481384e-01 9.988534999176854612e-01 9.989178437945791522e-01 9.990326049481760284e-01 9.990208368875002076e-01 9.989809666379478870e-01 9.989881925340028390e-01 9.990417528764153898e-01 9.991409202556813529e-01 9.991593723896258217e-01 9.991084768032214569e-01 9.991002789810584650e-01 9.991341256492994871e-01 9.992093911711186216e-01 9.993043296215982085e-01 9.992345563101328043e-01 9.992036427710806468e-01 9.992110218030411106e-01 9.992561491386380279e-01 9.993385025465110205e-01 9.993749803445393098e-01 9.993159002027707238e-01 9.992918129880998812e-01 9.993022404457241326e-01 9.993467226030900985e-01 9.994248170650447127e-01
9.482571669069636000e-01 9.530066359133907428e-01 9.575559077801228947e-01 9.614397147478317418e-01 9.647650867618555726e-01 9.679068621026687413e-01 9.707132363757122739e-01 9.729920526740117870e-01 9.753025222730694610e-01 9.771776437905587143e-01 9.789095411471058217e-01 9.805992023105059019e-01 9.818885866567363951e-01 9.833850046887236962e-01 9.843477813073699956e-01 9.856377522014985182e-01 9.863835031031359390e-01 9.874782053172503904e-01 9.880830706132853747e-01 9.889772404333369016e-01 9.895213139371401567e-01 9.902193668918767289e-01 9.907661231834661297e-01 9.912732280533127494e-01 9.918765803800059233e-01 9.921993069961194678e-01 9.927497489516450280e-01 9.930506649543414666e-01 9.934058874261529892e-01 9.938737752154884753e-01 9.940434981101891054e-01 9.943979332796085702e-01 9.947035631906877562e-01 9.948691730143500722e-01 9.951989950719835054e-01 9.954099161299867493e-01 9.955503030357553129e-01 9.958376823696576396e-01 9.960136292190926444e-01 9.961133037817546665e-01 9.963453261569058528e-01 9.965395385233534187e-01 9.965875720512862301e-01 9.967553608309672741e-01 9.970151116987570061e-01 9.970036578508081337e-01 9.971010385500802542e-01 9.973041613022904928e-01 9.973918500327878522e-01 9.974148732435317299e-01 9.975345152913150937e-01 9.977482801317254513e-01 9.977281169386492676e-01 9.977630480356498577e-01 9.978843639288990097e-01 9.980704800315018943e-01 9.980207177298835441e-01 9.980504656677967601e-01 9.981579039952003241e-01 9.983365257281753280e-01 9.982763472635927116e-01 9.982879246371290094e-01 9.983697224983557605e-01 9.985202925143453756e-01 9.985080815333339244e-01 9.984916555885090528e-01 9.985389744655047695e-01 9.986487959398581138e-01 9.987331586025327557e-01 9.986814889080990465e-01 9.986879070460858987e-01 9.987513356554752475e-01 9.988707513992758358e-01 9.988794588401679331e-01 9.988403642704073437e-01 9.988534427805987326e-01 9.989177950119819682e-01 9.990325644203514877e-01 9.990207997819670060e-01 9.989809308944456179e-01 9.989881581543920142e-01 9.990417198628971374e-01 9.991408886107999709e-01 9.991593390190760537e-01 9.991084389872657567e-01 9.991002368011433488e-01 9.991340791847129754e-01 9.992093404990642913e-01 9.993042753725398519e-01 9.992345038850256600e-01 9.992035921655230135e-01 9.992109730130982470e-01 9.992561021608320493e-01 9.993384573778013591e-01 9.993749362927016877e-01 9.993158561845489896e-01 9.992917690227367533e-01 9.993021965522365102e-01 9.993466788002781653e-01 9.994247733715045934e-01
9.482597748404995031e-01 9.530085493477363778e-01 9.575581693743526746e-01 9.614394858155209667e-01 9.647646461389131067e-01 9.679067854786999048e-01 9.707135199089945710e-01 9.729935594924945530e-01 9.753045657224034271e-01 9.771774764048022366e-01 9.789087436713869161e-01 9.805989881233393435e-01 9.818887386350928503e-01 9.833854596454780772e-01 9.843487069865662908e-01 9.856391375351497564e-01 9.863842376438981541e-01 9.874783109084468435e-01 9.880832701508664995e-01 9.889775538000677990e-01 9.895216910143262989e-01 9.902197965245811417e-01 9.907664030748318806e-01 9.912732219091985320e-01 9.918763617017581913e-01 9.921991012492304973e-01 9.927495558273895515e-01 9.930504043569454709e-01 9.934055350738476564e-01 9.938733690403456222e-01 9.940432364813662769e-01 9.943978125114225630e-01 9.947035022323151843e-01 9.948690650634302024e-01 9.951988413195682615e-01 9.954097172121740833e-01 9.955500596717787865e-01 9.958373956300443641e-01 9.960133539341092801e-01 9.961130844859809041e-01 9.963451616129858079e-01 9.965394104590664659e-01 9.965874521790856200e-01 9.967552489983448893e-01 9.970150084460538409e-01 9.970035737665359221e-01 9.971009732562683414e-01 9.973041144392531532e-01 9.973917997240722144e-01 9.974148035552592440e-01 9.975344266260671722e-01 9.977481728747851220e-01 9.977280176721525784e-01 9.977629592946504200e-01 9.978842855331001571e-01 9.980704115194465320e-01 9.980206542753986554e-01 9.980504071950457856e-01 9.981578504318595613e-01 9.983364767412824525e-01 9.982762857301812343e-01 9.982878507895800446e-01 9.983696365602916512e-01 9.985201947010181600e-01 9.985079939713147335e-01 9.984915846696350572e-01 9.985389199288556838e-01 9.986487575345158740e-01 9.987331311109206577e-01 9.986814610462600994e-01 9.986878788330147971e-01 9.987513071097636752e-01 9.988707225391392219e-01 9.988794240213021425e-01 9.988403201675368770e-01 9.988533895440846466e-01 9.989177327872926782e-01 9.990324933482467307e-01 9.990207281713342491e-01 9.989808622685725226e-01 9.989880924796545880e-01 9.990416571069494767e-01 9.991408287425195267e-01 9.991592817640869706e-01 9.991083841004919641e-01 9.991001842592652782e-01 9.991340289653026785e-01 9.992092925805543535e-01 9.993042294514354884e-01 9.992344572278484272e-01 9.992035447909163315e-01 9.992109249393080761e-01 9.992560534057136623e-01 9.993384079588474300e-01 9.993748866584900581e-01 9.993158070277172733e-01 9.992917203458622222e-01 9.993021483579681563e-01 9.993466310913315942e-01 9.994247261506613578e-01
9.482613455437859384e-01 9.530082735899413349e-01 9.575551153321080200e-01 9.614373300448872950e-01 9.647616043702662569e-01 9.679044794833662202e-01 9.707157192366742127e-01 9.729941374236716900e-01 9.753030244456327713e-01 9.771761530365923321e-01 9.789077421389607014e-01 9.805983857839903894e-01 9.818874881943355781e-01 9.833833185326722459e-01 9.843471984335696590e-01 9.856383243031735519e-01 9.863839977039748907e-01 9.874786254780509864e-01 9.880832760891344879e-01 9.889772337474355135e-01 9.895214303529303868e-01 9.902196693002215389e-01 9.907664185241857879e-01 9.912733851408971342e-01 9.918766012555061407e-01 9.921991884167922215e-01 9.927494949352640985e-01 9.930503303230420187e-01 9.934054911373948471e-01 9.938733521889340228e-01 9.940432334618108934e-01 9.943978230167407339e-01 9.947035236519653489e-01 9.948690940165439978e-01 9.951988776658442504e-01 9.954097250862875557e-01 9.955500113409144758e-01 9.958372924137728344e-01 9.960132338143814490e-01 9.961129784162061629e-01 9.963450692842171774e-01 9.965393340372695752e-01 9.965873952817440040e-01 9.967552112139053122e-01 9.970149867690719647e-01 9.970035268335626366e-01 9.971009015980711876e-01 9.973040185620533071e-01 9.973917021380860337e-01 9.974147206855886738e-01 9.975343581819319239e-01 9.977481185783848572e-01 9.977279607028083364e-01 9.977628980143913306e-01 9.978842200204031121e-01 9.980703424393865264e-01 9.980205911968257348e-01 9.980503500040116549e-01 9.981577990189984817e-01 9.983364309655032853e-01 9.982762431569198736e-01 9.982878113576596490e-01 9.983696002108274348e-01 9.985201613773011520e-01 9.985079625449784224e-01 9.984915547817462267e-01 9.985388915475946758e-01 9.986487306291107480e-01 9.987331059450386128e-01 9.986814382407913637e-01 9.986878583427818423e-01 9.987512888910430320e-01 9.988707065495964210e-01 9.988794040727194679e-01 9.988402925899182438e-01 9.988533544421972499e-01 9.989176902621511589e-01 9.990324434972447376e-01 9.990206768893573619e-01 9.989808120533022473e-01 9.989880433038147434e-01 9.990416089439264624e-01 9.991407815663420067e-01 9.991592373279472028e-01 9.991083439415555656e-01 9.991001483063478572e-01 9.991339971492118055e-01 9.992092648340183958e-01 9.993042051264997561e-01 9.992344306708021984e-01 9.992035160180625653e-01 9.992108939662450728e-01 9.992560202473602660e-01 9.993383726294572389e-01 9.993748505701455231e-01 9.993157723842859275e-01 9.992916871150782088e-01 9.993021165082460744e-01 9.993466005917498451e-01 9.994246969709355000e-01
9.482565681958076143e-01 9.530069163329315529e-01 9.575590215934750571e-01 9.614405102178337215e-01 9.647652363646623819e-01 9.679062849505465360e-01 9.707110008081663022e-01 9.729923378390077371e-01 9.753050496240219802e-01 9.771788838733431737e-01 9.789101984734820405e-01 9.805998197825465112e-01 9.818882950550888999e-01 9.833836130292848976e-01 9.843475461348805133e-01 9.856387530971413291e-01 9.863841406919561239e-01 9.874784922149412170e-01 9.880834456507946451e-01 9.889777150887764101e-01 9.895218065593519574e-01 9.902198614227731843e-01 9.907664956292971947e-01 9.912733951811547595e-01 9.918765607069539580e-01 9.921991475175230280e-01 9.927494537363835692e-01 9.930502663108347061e-01 9.934053975669535630e-01 9.938732339951572570e-01 9.940431142434670297e-01 9.943977028084549641e-01 9.947034038822212265e-01 9.948689765735657664e-01 9.951987624958498202e-01 9.954096318308073288e-01 9.955499551487674292e-01 9.958372724263447884e-01 9.960132153842746749e-01 9.961129333748413028e-01 9.963449982493624013e-01 9.965392522018986510e-01 9.965873264012898858e-01 9.967551550250058900e-01 9.970149429920407425e-01 9.970034947511664525e-01 9.971008809680124152e-01 9.973040091533932339e-01 9.973916868242466149e-01 9.974146870022119193e-01 9.975343064876768251e-01 9.977480492158929959e-01 9.977278894291589095e-01 9.977628264297784266e-01 9.978841481217913811e-01 9.980702700267674032e-01 9.980205150960300697e-01 9.980502702708449192e-01 9.981577157067414996e-01 9.983363442245278829e-01 9.982761594631510693e-01 9.982877306446212851e-01 9.983695224143677160e-01 9.985200864354907280e-01 9.985078891176191185e-01 9.984914824469404149e-01 9.985388202732990992e-01 9.986486603841839838e-01 9.987330372852593063e-01 9.986813724363632350e-01 9.986877953335955294e-01 9.987512286188364730e-01 9.988706489578830228e-01 9.988793517488334661e-01 9.988402470381105847e-01 9.988533155457611779e-01 9.989176579080630836e-01 9.990324175760237901e-01 9.990206521918554294e-01 9.989807863572975899e-01 9.989880166082808488e-01 9.990415812475914592e-01 9.991407528676801153e-01 9.991592081582335583e-01 9.991083147667629838e-01 9.991001191099987411e-01 9.991339679150477160e-01 9.992092355459849529e-01 9.993041760143865915e-01 9.992344040750618106e-01 9.992034918881861350e-01 9.992108722529340348e-01 9.992560009024775702e-01 9.993383556059881601e-01 9.993748340576419364e-01 9.993157535722625440e-01 9.992916660141936136e-01 9.993020931285743202e-01 9.993465749427787870e-01 9.994246690615971040e-01
9.482581193231885974e-01 9.530079445933760107e-01 9.575557732794064414e-01 9.614349485391903150e-01 9.647594558865518755e-01 9.679023431883549966e-01 9.707116869127342396e-01 9.729919981593200262e-01 9.753031583918074787e-01 9.771774124619503343e-01 9.789089386871134835e-01 9.805986108891689979e-01 9.818877843513580395e-01 9.833839423414147962e-01 9.843474150637266940e-01 9.856381053033402839e-01 9.863831032803503929e-01 9.874770777015741130e-01 9.880821849251443245e-01 9.889766196744526061e-01 9.895208357533694654e-01 9.902190040805487481e-01 9.907658629658996352e-01 9.912730609371316337e-01 9.918764435444834549e-01 9.921989964046190602e-01 9.927492696417907769e-01 9.930501567554870235e-01 9.934053954766622896e-01 9.938733194176799790e-01 9.940431896783420429e-01 9.943977685718183857e-01 9.947034484948248378e-01 9.948689846115952307e-01 9.951987348942616940e-01 9.954095879442277361e-01 9.955499100878378860e-01 9.958372262461140378e-01 9.960131638118612241e-01 9.961128729435232421e-01 9.963449291620413151e-01 9.965391727326136095e-01 9.965872336876550053e-01 9.967550493483360308e-01 9.970148261153650715e-01 9.970033903838850797e-01 9.971007888594145552e-01 9.973039290648273436e-01 9.973916212215304666e-01 9.974146376119151780e-01 9.975342730033355254e-01 9.977480313450588501e-01 9.977278808549777667e-01 9.977628263810487397e-01 9.978841564613046833e-01 9.980702855862136902e-01 9.980205210424706319e-01 9.980502667945626571e-01 9.981577029905998044e-01 9.983363226765319398e-01 9.982761442547325448e-01 9.982877216774697082e-01 9.983695195942960954e-01 9.985200896722677966e-01 9.985078896859999054e-01 9.984914778214334374e-01 9.985388105507017054e-01 9.986486456579460880e-01 9.987330183450432441e-01 9.986813509229024444e-01 9.986877712973546428e-01 9.987512021086860647e-01 9.988706200211652231e-01 9.988793229310494182e-01 9.988402198595230930e-01 9.988532899907748286e-01 9.989176339617934497e-01 9.990323952242766703e-01 9.990206292861710802e-01 9.989807619985809906e-01 9.989879908260730357e-01 9.990415540706347741e-01 9.991407243239600611e-01 9.991591796042530449e-01 9.991082873974955758e-01 9.991000929175746226e-01 9.991339428919893129e-01 9.992092116852006045e-01 9.993041530435357034e-01 9.992343794391033152e-01 9.992034656173026663e-01 9.992108443765569392e-01 9.992559714493062240e-01 9.993383246040232759e-01 9.993748028129593175e-01 9.993157241152104131e-01 9.992916383304806249e-01 9.993020672044360397e-01 9.993465507649790247e-01 9.994246466173991594e-01
9.482600940699498215e-01 9.530073582914695418e-01 9.575545943287904205e-01 9.614364905343339984e-01 9.647617598652236115e-01 9.679044129006577624e-01 9.707126198460497291e-01 9.729919390678458679e-01 9.753025094827231234e-01 9.771773300917772076e-01 9.789095832737689795e-01 9.806001004900358753e-01 9.818883076303014379e-01 9.833830764713522576e-01 9.843466981658650639e-01 9.856376194263619661e-01 9.863832413812982924e-01 9.874778194278611698e-01 9.880828087914135249e-01 9.889771070755856153e-01 9.895211594292474544e-01 9.902191627789488360e-01 9.907658098680743874e-01 9.912727659760185439e-01 9.918760139384277252e-01 9.921987734977877338e-01 9.927492476940664723e-01 9.930501135689122627e-01 9.934052606814105513e-01 9.938731131668314678e-01 9.940430121484731263e-01 9.943976190353707167e-01 9.947033169446721779e-01 9.948688579552349420e-01 9.951986130286746279e-01 9.954094647171364274e-01 9.955497807292258416e-01 9.958370909137079785e-01 9.960130549556304169e-01 9.961128168548311068e-01 9.963449246813983473e-01 9.965391977755367892e-01 9.965872538714311002e-01 9.967550648079469555e-01 9.970148367185969196e-01 9.970033921548175915e-01 9.971007820064574645e-01 9.973039137873558335e-01 9.973916004563421200e-01 9.974146135339396757e-01 9.975342456990882178e-01 9.977480008977902548e-01 9.977278471749981836e-01 9.977627895253127210e-01 9.978841165012645176e-01 9.980702430390251401e-01 9.980204831963617185e-01 9.980502335807149850e-01 9.981576743434308341e-01 9.983362983584459505e-01 9.982761128932525763e-01 9.982876834123107779e-01 9.983694745601043863e-01 9.985200379988418140e-01 9.985078414231219890e-01 9.984914358944304569e-01 9.985387748718530521e-01 9.986486161431588071e-01 9.987329930749243578e-01 9.986813257365009244e-01 9.986877462102925485e-01 9.987511771363860591e-01 9.988705951788542370e-01 9.988792985981469474e-01 9.988401962657494915e-01 9.988532671419493303e-01 9.989176118638688484e-01 9.990323738833458700e-01 9.990206085911078615e-01 9.989807419067315841e-01 9.989879713458693633e-01 9.990415352105583846e-01 9.991407060925449057e-01 9.991591610790117040e-01 9.991082677686199398e-01 9.991000722173369875e-01 9.991339211519706387e-01 9.992091889363104995e-01 9.993041295023562531e-01 9.992343569230039968e-01 9.992034441300263747e-01 9.992108239220199861e-01 9.992559520316088850e-01 9.993383062274390216e-01 9.993747849260361527e-01 9.993157058515231839e-01 9.992916197123493660e-01 9.993020482538331750e-01 9.993465315035441332e-01 9.994246270664570719e-01
9.482605029007946662e-01 9.530061469362939297e-01 9.575555435823598360e-01 9.614367603232680803e-01 9.647623641236514613e-01 9.679049920671002338e-01 9.707120553918459072e-01 9.729920062270361880e-01 9.753032819927960340e-01 9.771779097423223259e-01 9.789099215847205659e-01 9.806001619851656415e-01 9.818882746667538797e-01 9.833829967456627630e-01 9.843469895798759861e-01 9.856382895533392086e-01 9.863835646158739534e-01 9.874778073516742305e-01 9.880828985564723554e-01 9.889773092786710018e-01 9.895210854342073592e-01 9.902187431705520293e-01 9.907653968608013395e-01 9.912725990466745296e-01 9.918760216919721984e-01 9.921987344992713176e-01 9.927491632622428286e-01 9.930500073317201082e-01 9.934051405570211157e-01 9.938729912630296370e-01 9.940429536576511627e-01 9.943976223378963031e-01 9.947033565230757324e-01 9.948689003441865131e-01 9.951986581802315657e-01 9.954095192946538218e-01 9.955498498645719563e-01 9.958371742868393772e-01 9.960131137306018623e-01 9.961128195418870179e-01 9.963448725443001530e-01 9.965391219238287634e-01 9.965872029506898100e-01 9.967550382784385876e-01 9.970148326495631430e-01 9.970033878307925646e-01 9.971007774336374530e-01 9.973039089716788652e-01 9.973915963884526503e-01 9.974146109313173358e-01 9.975342445320077855e-01 9.977480011378297986e-01 9.977278377454352754e-01 9.977627694811331827e-01 9.978840860368842769e-01 9.980702031033646948e-01 9.980204462505219976e-01 9.980501995636293922e-01 9.981576431963843365e-01 9.983362700385473021e-01 9.982760882217261988e-01 9.982876623189186338e-01 9.983694569772090244e-01 9.985200238613032298e-01 9.985078294629270435e-01 9.984914257083911115e-01 9.985387664241134331e-01 9.986486093990557533e-01 9.987329870489952688e-01 9.986813182822205093e-01 9.986877373427500704e-01 9.987511668699754486e-01 9.988705835273079536e-01 9.988792843057439086e-01 9.988401785960461243e-01 9.988532461368612170e-01 9.989175875637158475e-01 9.990323463269024096e-01 9.990205817305305436e-01 9.989807174021270164e-01 9.989879491541067136e-01 9.990415152897361706e-01 9.991406884019385926e-01 9.991591450573196198e-01 9.991082529175165927e-01 9.991000585110318966e-01 9.991339085652977126e-01 9.992091774447169339e-01 9.993041189599839447e-01 9.992343461366612889e-01 9.992034330928079022e-01 9.992108126270546897e-01 9.992559404720550154e-01 9.993382943964869147e-01 9.993747729964365112e-01 9.993156940975496116e-01 9.992916081211834500e-01 9.993020368128489039e-01 9.993465202003010139e-01 9.994246158886868070e-01
9.482589655662199135e-01 9.530071426875116325e-01 9.575564194737328227e-01 9.614376804524978892e-01 9.647627716788003127e-01 9.679050570931005959e-01 9.707123356853836205e-01 9.729916126395193876e-01 9.753022162784930060e-01 9.771767248676378470e-01 9.789085236059454909e-01 9.805984803194911503e-01 9.818872230088786512e-01 9.833827844479894331e-01 9.843468016417242783e-01 9.856380806971296593e-01 9.863834386380779806e-01 9.874777615322554158e-01 9.880825358033467065e-01 9.889766268144286609e-01 9.895207521103782655e-01 9.902188814745892520e-01 9.907657074002710340e-01 9.912728767815600639e-01 9.918762385129178405e-01 9.921987941037835323e-01 9.927490700549579383e-01 9.930499712123290745e-01 9.934052273641240660e-01 9.938731629340368245e-01 9.940430146269150224e-01 9.943975754702123471e-01 9.947032537864134438e-01 9.948688100356608555e-01 9.951985799906861718e-01 9.954094356010850797e-01 9.955497470037004693e-01 9.958370526977783355e-01 9.960130057635484535e-01 9.961127514502884361e-01 9.963448434293415978e-01 9.965391057610518688e-01 9.965871589517965035e-01 9.967549670416425700e-01 9.970147373996913753e-01 9.970033107494739033e-01 9.971007181357739446e-01 9.973038670900036262e-01 9.973915608217194251e-01 9.974145735478540109e-01 9.975342053622564542e-01 9.977479602107660606e-01 9.977277966515245566e-01 9.977627283762308119e-01 9.978840449145686131e-01 9.980701622762042646e-01 9.980204108450358991e-01 9.980501694742281993e-01 9.981576183216486209e-01 9.983362501729238225e-01 9.982760662861969170e-01 9.982876383426948497e-01 9.983694309882181761e-01 9.985199958862307490e-01 9.985078028861248400e-01 9.984914015028004686e-01 9.985387445432211129e-01 9.986485897979264781e-01 9.987329688411292761e-01 9.986812995531504367e-01 9.986877180927857811e-01 9.987511470992569418e-01 9.988705632358045872e-01 9.988792648993212175e-01 9.988401609039921913e-01 9.988532301250356848e-01 9.989175731989800022e-01 9.990323335770767699e-01 9.990205699054305333e-01 9.989807061968841717e-01 9.989879385509775611e-01 9.990415052713907951e-01 9.991406789514392095e-01 9.991591352274814541e-01 9.991082418739167803e-01 9.991000462611806521e-01 9.991338951163136750e-01 9.992091628033310524e-01 9.993041032870809692e-01 9.992343309207376567e-01 9.992034183181601747e-01 9.992107982782835185e-01 9.992559265340548169e-01 9.993382808544302165e-01 9.993747596779822828e-01 9.993156807408454245e-01 9.992915947166921553e-01 9.993020233511480388e-01 9.993465066720703671e-01 9.994246022847030897e-01
9.482595607812390748e-01 9.530059162880653023e-01 9.575558222526564522e-01 9.614364795088418125e-01 9.647614384075934302e-01 9.679037718839047510e-01 9.707112084705451505e-01 9.729910763052413980e-01 9.753023045192229512e-01 9.771772999460306419e-01 9.789092019288136992e-01 9.805989678227770012e-01 9.818875911539676204e-01 9.833830542511309281e-01 9.843465907127334491e-01 9.856373867027471425e-01 9.863829118431621801e-01 9.874773962958969253e-01 9.880823590726603989e-01 9.889766336593684981e-01 9.895206924688261241e-01 9.902187080038705735e-01 9.907655389745150254e-01 9.912727942053564112e-01 9.918762257916877711e-01 9.921988036934122901e-01 9.927491013683242826e-01 9.930499457296400045e-01 9.934051211099282908e-01 9.938730005988564153e-01 9.940429228167720899e-01 9.943975523822633500e-01 9.947032503518833391e-01 9.948687614482337738e-01 9.951984873669239562e-01 9.954093446101489606e-01 9.955496931067100430e-01 9.958370350386928083e-01 9.960129929075046684e-01 9.961127178194386644e-01 9.963447895018779921e-01 9.965390471393962279e-01 9.965871201243776678e-01 9.967549475926541502e-01 9.970147349276720083e-01 9.970032934219003051e-01 9.971006862763515111e-01 9.973038210077714849e-01 9.973915054178597028e-01 9.974145124453549505e-01 9.975341386812810462e-01 9.977478880663875893e-01 9.977277372942583433e-01 9.977626834194038841e-01 9.978840140982692120e-01 9.980701448379607488e-01 9.980203982701885135e-01 9.980501616861758851e-01 9.981576152472181329e-01 9.983362516721945301e-01 9.982760677676583150e-01 9.982876398192722656e-01 9.983694324726168912e-01 9.985199973909476556e-01 9.985077979485048605e-01 9.984913883067476625e-01 9.985387232356266463e-01 9.986485605204589167e-01 9.987329358361576315e-01 9.986812720683979627e-01 9.986876960517490076e-01 9.987511304283929192e-01 9.988705518644158676e-01 9.988792556311421045e-01 9.988401518253031686e-01 9.988532212447676084e-01 9.989175645259880110e-01 9.990323251201566057e-01 9.990205611609891401e-01 9.989806969611644272e-01 9.989879288428991089e-01 9.990414951094758189e-01 9.991406683538469613e-01 9.991591236998463854e-01 9.991082289838592034e-01 9.991000320392744438e-01 9.991338795923966343e-01 9.992091460065338770e-01 9.993040854234167547e-01 9.992343137219014126e-01 9.992034017874096286e-01 9.992107824189883081e-01 9.992559113496857215e-01 9.993382663485655959e-01 9.993747457941367651e-01 9.993156673885382757e-01 9.992915819017186285e-01 9.993020110793383592e-01 9.993464949492936178e-01 9.994245911168694319e-01
9.482586068496137166e-01 9.530051440008500130e-01 9.575538474074826167e-01 9.614376777231020688e-01 9.647621486748647612e-01 9.679041607302177885e-01 9.707132597140230024e-01 9.729923894925831540e-01 9.753026461218613496e-01 9.771774514151115865e-01 9.789087570135204253e-01 9.805976195892867064e-01 9.818863510619878499e-01 9.833821695282930486e-01 9.843464725280940408e-01 9.856380267609201606e-01 9.863830837948361907e-01 9.874771156182345910e-01 9.880823194071230997e-01 9.889768492804976718e-01 9.895209107604973076e-01 9.902188795067435878e-01 9.907655547517962846e-01 9.912725814708701622e-01 9.918758572795064454e-01 9.921985066156093769e-01 9.927488736841195704e-01 9.930498042190472052e-01 9.934050695541970510e-01 9.938730162597698703e-01 9.940428909476866082e-01 9.943974742045662563e-01 9.947031624655127136e-01 9.948687122326094201e-01 9.951984758743771531e-01 9.954093357033376721e-01 9.955496594841234392e-01 9.958369772767874384e-01 9.960129387348598540e-01 9.961126897693555193e-01 9.963447869874213492e-01 9.965390535329959887e-01 9.965871093707884265e-01 9.967549200592157321e-01 9.970146927188987540e-01 9.970032643883015577e-01 9.971006701372179259e-01 9.973038174953325896e-01 9.973915073297118239e-01 9.974145145011963365e-01 9.975341408766164042e-01 9.977478903968726165e-01 9.977277418864933800e-01 9.977626904452151502e-01 9.978840235100612244e-01 9.980701560963879393e-01 9.980204033824431331e-01 9.980501607610429149e-01 9.981576083889519557e-01 9.983362390426961941e-01 9.982760534667827201e-01 9.982876238711138051e-01 9.983694149002120266e-01 9.985199782163326487e-01 9.985077823914964013e-01 9.984913778555953856e-01 9.985387178014963894e-01 9.986485600177160693e-01 9.987329375419906619e-01 9.986812700410470089e-01 9.986876903454247056e-01 9.987511210952664253e-01 9.988705389547078983e-01 9.988792424208736698e-01 9.988401402670067375e-01 9.988532113078687491e-01 9.989175561808547599e-01 9.990323183380351857e-01 9.990205535108758195e-01 9.989806874187567853e-01 9.989879174293363473e-01 9.990414818451033296e-01 9.991406532582330913e-01 9.991591084921869204e-01 9.991082151770659392e-01 9.991000196078371198e-01 9.991338685114798945e-01 9.992091362519620601e-01 9.993040768644737559e-01 9.992343053070644743e-01 9.992033935084864149e-01 9.992107742679177118e-01 9.992559033185411943e-01 9.993382584295471549e-01 9.993747377207803373e-01 9.993156587477116659e-01 9.992915726940255761e-01 9.993020013052600348e-01 9.993464846091920650e-01 9.994245802109901211e-01
9.482586830549796231e-01 9.530066371728732610e-01 9.575547527129865122e-01 9.614371603948114187e-01 9.647616730546804131e-01 9.679038019369287094e-01 9.707124802842487243e-01 9.729920497323399919e-01 9.753025518125577609e-01 9.771764223009925532e-01 9.789082724366098276e-01 9.805988076939442522e-01 9.818875397096671342e-01 9.833829450619002710e-01 9.843468262656964729e-01 9.856379744739133253e-01 9.863831132538030122e-01 9.874772241755530588e-01 9.880822602190165727e-01 9.889766197773663947e-01 9.895207737311721985e-01 9.902188841570123135e-01 9.907656685594563584e-01 9.912727814148742933e-01 9.918761153911530570e-01 9.921987352747668742e-01 9.927490737755405581e-01 9.930499037369764359e-01 9.934050473925539748e-01 9.938728984782991827e-01 9.940428067940921819e-01 9.943974228084071498e-01 9.947031367868479634e-01 9.948687031873146847e-01 9.951984830609521548e-01 9.954093582277689922e-01 9.955496965801858833e-01 9.958370286136355443e-01 9.960129761067730847e-01 9.961126902919065218e-01 9.963447514892411760e-01 9.965389986383238474e-01 9.965870609851636974e-01 9.967548780382088358e-01 9.970146567777058433e-01 9.970032320841364371e-01 9.971006413918355182e-01 9.973037922340955985e-01 9.973914839804872701e-01 9.974144919068035353e-01 9.975341190201716390e-01 9.977478692622068213e-01 9.977277254562140207e-01 9.977626790353713027e-01 9.978840170253853170e-01 9.980701539569807323e-01 9.980203976327973736e-01 9.980501514655262252e-01 9.981575956092730850e-01 9.983362229058964088e-01 9.982760384153005484e-01 9.982876098838397994e-01 9.983694019568158939e-01 9.985199662972298329e-01 9.985077716169465933e-01 9.984913682460513362e-01 9.985387093358067956e-01 9.986485526754798059e-01 9.987329308322134835e-01 9.986812628979627737e-01 9.986876827735814421e-01 9.987511130990032182e-01 9.988705305381581079e-01 9.988792334108299587e-01 9.988401305629127647e-01 9.988532009178181514e-01 9.989175451126061089e-01 9.990323065990578399e-01 9.990205424746109175e-01 9.989806776587977222e-01 9.989879089250284228e-01 9.990414745764164550e-01 9.991406472057441368e-01 9.991591027191040197e-01 9.991082088579293918e-01 9.991000127478292248e-01 9.991338611155835547e-01 9.992091283249646683e-01 9.993040685132181800e-01 9.992342975170142028e-01 9.992033862698713742e-01 9.992107675712208481e-01 9.992558971544889257e-01 9.993382527890932732e-01 9.993747324997763748e-01 9.993156537880417689e-01 9.992915679901162029e-01 9.993019968516569929e-01 9.993464804005561808e-01 9.994245762420945756e-01
9.482589102961020977e-01 9.530060194880044522e-01 9.575546661508381741e-01 9.614359744312809264e-01 9.647613888577483143e-01 9.679041155515747397e-01 9.707119300834613496e-01 9.729911762621138438e-01 9.753017011380357149e-01 9.771763489069127395e-01 9.789082161599953480e-01 9.805981868836483040e-01 9.818868429430562816e-01 9.833822951093132980e-01 9.843462752522283976e-01 9.856375225775185767e-01 9.863828882534456666e-01 9.874772185538366331e-01 9.880823240248985950e-01 9.889767462561297462e-01 9.895208223097026190e-01 9.902188292139209036e-01 9.907655592407594858e-01 9.912726515958957263e-01 9.918759840490950497e-01 9.921986643930450489e-01 9.927490616684394586e-01 9.930499115684866540e-01 9.934050624394645812e-01 9.938729167289656052e-01 9.940428069115553322e-01 9.943974052642819972e-01 9.947031096485634549e-01 9.948686770471099061e-01 9.951984578947894455e-01 9.954093294070351927e-01 9.955496605274322119e-01 9.958369854970506863e-01 9.960129379384423665e-01 9.961126668210182888e-01 9.963447423870352981e-01 9.965390021372709795e-01 9.965870744719236285e-01 9.967549013027480198e-01 9.970146885500522638e-01 9.970032553919718765e-01 9.971006564162332442e-01 9.973037991478056474e-01 9.973914859139513256e-01 9.974144911689968307e-01 9.975341156658604769e-01 9.977478633437776301e-01 9.977277105914168498e-01 9.977626547397817625e-01 9.978839834752708526e-01 9.980701122090076538e-01 9.980203621446116502e-01 9.980501221223514463e-01 9.981575723010229773e-01 9.983362054655030571e-01 9.982760227696476640e-01 9.982875960023422923e-01 9.983693898101096975e-01 9.985199558571107303e-01 9.985077596475487871e-01 9.984913538146936718e-01 9.985386924836436862e-01 9.986485334421426607e-01 9.987329110295655177e-01 9.986812465005819872e-01 9.986876697284682303e-01 9.987511033550681150e-01 9.988705240461540624e-01 9.988792275979839763e-01 9.988401238917938851e-01 9.988531934027139458e-01 9.989175367673491790e-01 9.990322974370337006e-01 9.990205338991171580e-01 9.989806702592862742e-01 9.989879026861688827e-01 9.990414694834041098e-01 9.991406432442820895e-01 9.991590988891180247e-01 9.991082042790371265e-01 9.991000074320361968e-01 9.991338550745547664e-01 9.992091215700316109e-01 9.993040611258976469e-01 9.992342901845722158e-01 9.992033789933734145e-01 9.992107603517320635e-01 9.992558899930745753e-01 9.993382456868165065e-01 9.993747254145046721e-01 9.993156466532612248e-01 9.992915608084019796e-01 9.993019896255448398e-01 9.993464731325416572e-01 9.994245689346379358e-01
9.482561517787598815e-01 9.530075791416875441e-01 9.575557146783814089e-01 9.614373238859392767e-01 9.647617965878609869e-01 9.679038737244168855e-01 9.707121280516840534e-01 9.729914131895615048e-01 9.753018312090769859e-01 9.771761630146216238e-01 9.789079614323336065e-01 9.805980528087584469e-01 9.818868639923522545e-01 9.833824757535161165e-01 9.843465173392887957e-01 9.856378173239519480e-01 9.863829483464071624e-01 9.874770517377291501e-01 9.880821127349328492e-01 9.889764974765935523e-01 9.895207116652886548e-01 9.902188877382084309e-01 9.907656550227310621e-01 9.912726946137420114e-01 9.918759772149833287e-01 9.921986137798187722e-01 9.927489684829872152e-01 9.930498330562498310e-01 9.934050165604322302e-01 9.938728974125432547e-01 9.940427845981347765e-01 9.943973800284083842e-01 9.947030874912060616e-01 9.948686659432240953e-01 9.951984575717293113e-01 9.954093317115524364e-01 9.955496591140682305e-01 9.958369804506164158e-01 9.960129303644212895e-01 9.961126576266736699e-01 9.963447316048816838e-01 9.965389892555939211e-01 9.965870586586871305e-01 9.967548826156257258e-01 9.970146666485556475e-01 9.970032241332232870e-01 9.971006159876790731e-01 9.973037497279848562e-01 9.973914388366361683e-01 9.974144546870395978e-01 9.975340895633013627e-01 9.977478474141021625e-01 9.977277064252961791e-01 9.977626622908261078e-01 9.978840025208143283e-01 9.980701414351575984e-01 9.980203836259405881e-01 9.980501359970155306e-01 9.981575787014485002e-01 9.983362045949526475e-01 9.982760196810299691e-01 9.982875907295319928e-01 9.983693823855520622e-01 9.985199463118783481e-01 9.985077494299287038e-01 9.984913433546290795e-01 9.985386817798812542e-01 9.986485224933685512e-01 9.987329000654021627e-01 9.986812360324324178e-01 9.986876597432920999e-01 9.987510938401884530e-01 9.988705149892340707e-01 9.988792187191117833e-01 9.988401150210087787e-01 9.988531845348062044e-01 9.989175278971860195e-01 9.990322885595570579e-01 9.990205249594664716e-01 9.989806612319019896e-01 9.989878935672448224e-01 9.990414602691671808e-01 9.991406339309861773e-01 9.991590903052307571e-01 9.991081971522919325e-01 9.991000017375456510e-01 9.991338507881184494e-01 9.992091186681114623e-01 9.993040594274480437e-01 9.992342881498438301e-01 9.992033766220881352e-01 9.992107576435399485e-01 9.992558869475529626e-01 9.993382423034806727e-01 9.993747217847830377e-01 9.993156429207625813e-01 9.992915569696700917e-01 9.993019856771468978e-01 9.993464690710656129e-01 9.994245647566877278e-01
9.482577687302946590e-01 9.530063682937460756e-01 9.575547637663229805e-01 9.614363730888226822e-01 9.647619363612728316e-01 9.679048598985633411e-01 9.707130316822226712e-01 9.729923528040202996e-01 9.753027630767465705e-01 9.771768661229476294e-01 9.789084681811834887e-01 9.805983893063291434e-01 9.818873326184776040e-01 9.833831480799207769e-01 9.843466610326838673e-01 9.856374143955797251e-01 9.863830400664451714e-01 9.874776218989446130e-01 9.880825830853486869e-01 9.889768532009962643e-01 9.895209270972877835e-01 9.902189612935143881e-01 9.907656136804544600e-01 9.912725576809691130e-01 9.918757971304635879e-01 9.921985590946450495e-01 9.927490357030654966e-01 9.930499076489425203e-01 9.934050619218616207e-01 9.938729186212490463e-01 9.940428061318333786e-01 9.943974018814033533e-01 9.947031088574446178e-01 9.948686857500402825e-01 9.951984758597911540e-01 9.954093443830515087e-01 9.955496630128721769e-01 9.958369757814542478e-01 9.960129154106522886e-01 9.961126310295153052e-01 9.963446936204447546e-01 9.965389509052446915e-01 9.965870372894850560e-01 9.967548778575606727e-01 9.970146773440204946e-01 9.970032373143665749e-01 9.971006316026851390e-01 9.973037677274333435e-01 9.973914544198871912e-01 9.974144643646005726e-01 9.975340934506422563e-01 9.977478456215322922e-01 9.977276982967946406e-01 9.977626478671133281e-01 9.978839819167051317e-01 9.980701153216213761e-01 9.980203611427316268e-01 9.980501170747526629e-01 9.981575632735181225e-01 9.983361926096394612e-01 9.982760118676905492e-01 9.982875870135610175e-01 9.983693826952245720e-01 9.985199505782201834e-01 9.985077533944541894e-01 9.984913457682964566e-01 9.985386826669121474e-01 9.986485218770588812e-01 9.987328979329903600e-01 9.986812323280334081e-01 9.986876544903221520e-01 9.987510870612004155e-01 9.988705067059483467e-01 9.988792110388433620e-01 9.988401091960943390e-01 9.988531805361033911e-01 9.989175256965187044e-01 9.990322881296848090e-01 9.990205247236713104e-01 9.989806605213432666e-01 9.989878923878725558e-01 9.990414586267192254e-01 9.991406318309998813e-01 9.991590878075296001e-01 9.991081943102261276e-01 9.990999985551007878e-01 9.991338472691417838e-01 9.992091148163199099e-01 9.993040552181932101e-01 9.992342833158959214e-01 9.992033711710681665e-01 9.992107515828354547e-01 9.992558802843253263e-01 9.993382350446649021e-01 9.993747143618895157e-01 9.993156360061064003e-01 9.992915505564664569e-01 9.993019797587934239e-01 9.993464636411388824e-01 9.994245598089400717e-01
9.482563097885674530e-01 9.530079295455153865e-01 9.575558450393523158e-01 9.614370186934722007e-01 9.647618646086499883e-01 9.679043354346794636e-01 9.707126545749777957e-01 9.729922079892677766e-01 9.753026820904238114e-01 9.771762554768211873e-01 9.789077487127488819e-01 9.805978836158449896e-01 9.818869116473758485e-01 9.833827774948670220e-01 9.843463179619658110e-01 9.856370962254480395e-01 9.863826826719367391e-01 9.874772264350438755e-01 9.880823520305033192e-01 9.889767877705759602e-01 9.895208623189083452e-01 9.902188648320224829e-01 9.907655296275660328e-01 9.912725159143017661e-01 9.918757780874458696e-01 9.921985004101216976e-01 9.927489384611611900e-01 9.930498301263476213e-01 9.934050223134149871e-01 9.938729099948252488e-01 9.940427948205257103e-01 9.943973879483515299e-01 9.947030822480099621e-01 9.948686330333036398e-01 9.951983976604485971e-01 9.954092597053868507e-01 9.955495866435000174e-01 9.958369075098556511e-01 9.960128727018916495e-01 9.961126279901533209e-01 9.963447293560979690e-01 9.965389967325575249e-01 9.965870481961488503e-01 9.967548545924396208e-01 9.970146237212617057e-01 9.970032026490835975e-01 9.971006154921556730e-01 9.973037697875163365e-01 9.973914632731433194e-01 9.974144716769133279e-01 9.975340992481153135e-01 9.977478499289813563e-01 9.977276993927356452e-01 9.977626456301612601e-01 9.978839764041860239e-01 9.980701068417480171e-01 9.980203538289037501e-01 9.980501109005478488e-01 9.981575582134767366e-01 9.983361886146470132e-01 9.982760073270815493e-01 9.982875819320470301e-01 9.983693770772253950e-01 9.985199444278740621e-01 9.985077481705226798e-01 9.984913418855987377e-01 9.985386800989621836e-01 9.986485205982581492e-01 9.987328972650305614e-01 9.986812307960409862e-01 9.986876521038142718e-01 9.987510838292704696e-01 9.988705026372812767e-01 9.988792067064539149e-01 9.988401049417274802e-01 9.988531763545532849e-01 9.989175215826834320e-01 9.990322840785468284e-01 9.990205207504795348e-01 9.989806566298189416e-01 9.989878885730714142e-01 9.990414548837910358e-01 9.991406281551773461e-01 9.991590838284110099e-01 9.991081897019631342e-01 9.990999933227393548e-01 9.991338414175129357e-01 9.992091083500387327e-01 9.993040483188498913e-01 9.992342776878057053e-01 9.992033667941414565e-01 9.992107484375216675e-01 9.992558783515925747e-01 9.993382343059905581e-01 9.993747141102785614e-01 9.993156351444758556e-01 9.992915490894470620e-01 9.993019776908319551e-01 9.993464609765148055e-01 9.994245565517618779e-01
9.482575089004724456e-01 9.530065611012460414e-01 9.575555976282243975e-01 9.614370976843585881e-01 9.647619277971081209e-01 9.679043912642384395e-01 9.707128760216587882e-01 9.729922814418041632e-01 9.753026841523558810e-01 9.771766362685128104e-01 9.789082788239387156e-01 9.805983866123703097e-01 9.818871533558172215e-01 9.833827068920661940e-01 9.843464758532675107e-01 9.856375030800907933e-01 9.863829296958047665e-01 9.874773189699935783e-01 9.880823392942096328e-01 9.889766745036369100e-01 9.895207585676771833e-01 9.902187918861513616e-01 9.907655107016531959e-01 9.912725663427166545e-01 9.918758756069356863e-01 9.921985754409023972e-01 9.927489916395912939e-01 9.930498433984655815e-01 9.934049906436963617e-01 9.938728416799459398e-01 9.940427303338138509e-01 9.943973271716757267e-01 9.947030347727928712e-01 9.948686116924824185e-01 9.951984018044341962e-01 9.954092740332572964e-01 9.955495992232744618e-01 9.958369183771395017e-01 9.960128724046626303e-01 9.961126088830413172e-01 9.963446918520432183e-01 9.965389567265217075e-01 9.965870306800598266e-01 9.967548590727661750e-01 9.970146473810558296e-01 9.970032082380083649e-01 9.971006033797656931e-01 9.973037403259510381e-01 9.973914308816702601e-01 9.974144468856510626e-01 9.975340818987996627e-01 9.977478398701902229e-01 9.977276913304272687e-01 9.977626389947916730e-01 9.978839711624771791e-01 9.980701029037757355e-01 9.980203502316427056e-01 9.980501076318204490e-01 9.981575552614638802e-01 9.983361859666113336e-01 9.982760048907949324e-01 9.982875796982876304e-01 9.983693750370065123e-01 9.985199425724328171e-01 9.985077462018830952e-01 9.984913397139462132e-01 9.985386777224524169e-01 9.986485180150038721e-01 9.987328947871014773e-01 9.986812291187388002e-01 9.986876512097108138e-01 9.987510837014527132e-01 9.988705032593437894e-01 9.988792067716107947e-01 9.988401036726194393e-01 9.988531737667704080e-01 9.989175176911954113e-01 9.990322788977294977e-01 9.990205152524714860e-01 9.989806512260317461e-01 9.989878832578678036e-01 9.990414496516406562e-01 9.991406230006460998e-01 9.991590793802634929e-01 9.991081865124552541e-01 9.990999913707805380e-01 9.991338406825978069e-01 9.992091088122274645e-01 9.993040497347003281e-01 9.992342778889097277e-01 9.992033657930552426e-01 9.992107462463704071e-01 9.992558749820882324e-01 9.993382297694349825e-01 9.993747090886525575e-01 9.993156307001581640e-01 9.992915452119311981e-01 9.993019743698651203e-01 9.993464582020717968e-01 9.994245543140468646e-01
9.482586515892770240e-01 9.530065232821041121e-01 9.575543615445867296e-01 9.614361156882930137e-01 9.647609935043482965e-01 9.679034003770898842e-01 9.707117344613603871e-01 9.729913110554753164e-01 9.753021014527900601e-01 9.771769496814087796e-01 9.789086390380433711e-01 9.805981436107372717e-01 9.818869674589159047e-01 9.833827400448659217e-01 9.843465507395169345e-01 9.856376078624112802e-01 9.863829252684896964e-01 9.874772089108032613e-01 9.880823103207726499e-01 9.889767299414978785e-01 9.895208204561005694e-01 9.902188448110659236e-01 9.907655496747085344e-01 9.912725880873703987e-01 9.918758838101755515e-01 9.921985812395427429e-01 9.927489950918858552e-01 9.930498647564359738e-01 9.934050360323496420e-01 9.938729022004935132e-01 9.940427597396668258e-01 9.943973262567596949e-01 9.947030176588992356e-01 9.948685969341166668e-01 9.951983893320155428e-01 9.954092590681147268e-01 9.955495780637685366e-01 9.958368911556298997e-01 9.960128505293682766e-01 9.961126016087241686e-01 9.963446988406260418e-01 9.965389713197302379e-01 9.965870425067193672e-01 9.967548681853249937e-01 9.970146540251749734e-01 9.970032155342926083e-01 9.971006113073405119e-01 9.973037488647040760e-01 9.973914389219927790e-01 9.974144536192721677e-01 9.975340873445337486e-01 9.977478440458243947e-01 9.977276917012125601e-01 9.977626353660143943e-01 9.978839636014534831e-01 9.980700917618643420e-01 9.980203401933745999e-01 9.980500986696649868e-01 9.981575473488462080e-01 9.983361790471473318e-01 9.982759969555068391e-01 9.982875707581008173e-01 9.983693651022633730e-01 9.985199316529217439e-01 9.985077361395918727e-01 9.984913310359856409e-01 9.985386703998723190e-01 9.986485120198005383e-01 9.987328896296583380e-01 9.986812237460981345e-01 9.986876456197435470e-01 9.987510778919945764e-01 9.988704972281901018e-01 9.988792008524202126e-01 9.988400980618664660e-01 9.988531684547821143e-01 9.989175126685287953e-01 9.990322741551610486e-01 9.990205104921310308e-01 9.989806463196370112e-01 9.989878782029747439e-01 9.990414444457922372e-01 9.991406176413846207e-01 9.991590741872449222e-01 9.991081817666991327e-01 9.990999870620816958e-01 9.991338368009959892e-01 9.992091053479970064e-01 9.993040466703633218e-01 9.992342751387635058e-01 9.992033633493917488e-01 9.992107441016462310e-01 9.992558731289215013e-01 9.993382282006008088e-01 9.993747076110408578e-01 9.993156290155812416e-01 9.992915433198273911e-01 9.993019722696322438e-01 9.993464558930781338e-01 9.994245517956247271e-01
9.482577994036748281e-01 9.530061700792147317e-01 9.575545695894408516e-01 9.614354854349164148e-01 9.647612210106603081e-01 9.679041959478118518e-01 9.707118023157443876e-01 9.729913192245704945e-01 9.753020527030005216e-01 9.771764042678221518e-01 9.789081382507365259e-01 9.805981012126862018e-01 9.818869272360823963e-01 9.833825889405966025e-01 9.843464010276337106e-01 9.856374663929255986e-01 9.863829388507265872e-01 9.874773724409325881e-01 9.880823349664367150e-01 9.889766109344091394e-01 9.895207224846312988e-01 9.902187995795953546e-01 9.907655237939514414e-01 9.912725586803244893e-01 9.918758462998090719e-01 9.921985201647404162e-01 9.927489110796217098e-01 9.930497741067836337e-01 9.934049440344829840e-01 9.938728148210911328e-01 9.940427099155407786e-01 9.943973130013707973e-01 9.947030231187404814e-01 9.948685976464192171e-01 9.951983853996634322e-01 9.954092573493885654e-01 9.955495838723970037e-01 9.958369043038516333e-01 9.960128582657797880e-01 9.961125935826568023e-01 9.963446753920875976e-01 9.965389416489718322e-01 9.965870210210924229e-01 9.967548546943266752e-01 9.970146479824740782e-01 9.970032110472552001e-01 9.971006083323262770e-01 9.973037473597998748e-01 9.973914354746252764e-01 9.974144457477674974e-01 9.975340751249023308e-01 9.977478275504042537e-01 9.977276785107092039e-01 9.977626261723420154e-01 9.978839583195402430e-01 9.980700900461177971e-01 9.980203377164823531e-01 9.980500954364115440e-01 9.981575433636022954e-01 9.983361743363265983e-01 9.982759929727902382e-01 9.982875674823216139e-01 9.983693625128939875e-01 9.985199297300410004e-01 9.985077351215574382e-01 9.984913309770391265e-01 9.985386712766900486e-01 9.986485138097576097e-01 9.987328918378718390e-01 9.986812253016315033e-01 9.986876465259976188e-01 9.987510781521095060e-01 9.988704968450491384e-01 9.988792003025440680e-01 9.988400976280813470e-01 9.988531681289105624e-01 9.989175124425494490e-01 9.990322740211952102e-01 9.990205104637053246e-01 9.989806463984090001e-01 9.989878783815556718e-01 9.990414447169274625e-01 9.991406179979424040e-01 9.991590743353163662e-01 9.991081814476338030e-01 9.990999862769338602e-01 9.991338355506880209e-01 9.992091036333278220e-01 9.993040445286318629e-01 9.992342729222649655e-01 9.992033610541843913e-01 9.992107417238277334e-01 9.992558706646172961e-01 9.993382256459691915e-01 9.993747050569391499e-01 9.993156266069009863e-01 9.992915410502912765e-01 9.993019701330748683e-01 9.993464538834320177e-01 9.994245499069206451e-01
9.482579665853165807e-01 9.530066577353064616e-01 9.575548369787646452e-01 9.614361060732545816e-01 9.647617064195698200e-01 9.679046402732701671e-01 9.707126002042132384e-01 9.729918874896272829e-01 9.753023565710737808e-01 9.771767020584702923e-01 9.789084801731966490e-01 9.805985254135665130e-01 9.818871014483930848e-01 9.833824375132408369e-01 9.843463286622600172e-01 9.856374920332898748e-01 9.863829042768309519e-01 9.874772795965155447e-01 9.880823659855761942e-01 9.889767677016589875e-01 9.895208066530001290e-01 9.902187740669450289e-01 9.907654841035423710e-01 9.912725698773364735e-01 9.918758893695753809e-01 9.921985351668517472e-01 9.927488987763537498e-01 9.930497731308760567e-01 9.934049664755177922e-01 9.938728517188036848e-01 9.940427146734237551e-01 9.943972864266829026e-01 9.947029849979066585e-01 9.948685740840037539e-01 9.951983760185721950e-01 9.954092530032274677e-01 9.955495774313171120e-01 9.958368957994795378e-01 9.960128508758626653e-01 9.961125898850234917e-01 9.963446752880461554e-01 9.965389436940160772e-01 9.965870229807000102e-01 9.967548565560478968e-01 9.970146497139215080e-01 9.970032123213454778e-01 9.971006091450778097e-01 9.973037477070431089e-01 9.973914372749612678e-01 9.974144503905367776e-01 9.975340825418801405e-01 9.977478376760715584e-01 9.977276861819921461e-01 9.977626309049858477e-01 9.978839601570526074e-01 9.980700891878712122e-01 9.980203367468131193e-01 9.980500943462752295e-01 9.981575421440608276e-01 9.983361729720808819e-01 9.982759910383565138e-01 9.982875649773225168e-01 9.983693594367349933e-01 9.985199260819105360e-01 9.985077308903316240e-01 9.984913261596738421e-01 9.985386658731363330e-01 9.986485078197605558e-01 9.987328858039066226e-01 9.986812204289111650e-01 9.986876427873343509e-01 9.987510755210995406e-01 9.988704952960463235e-01 9.988791990953079791e-01 9.988400963164003610e-01 9.988531667064505237e-01 9.989175109030306032e-01 9.990322723583987541e-01 9.990205085674859209e-01 9.989806442202014969e-01 9.989878759181608503e-01 9.990414419651146849e-01 9.991406149544458382e-01 9.991590712612747893e-01 9.991081785727382591e-01 9.990999835918614735e-01 9.991338330462951056e-01 9.992091013006325628e-01 9.993040423531295291e-01 9.992342708411040553e-01 9.992033590601987481e-01 9.992107398099560056e-01 9.992558688239129294e-01 9.993382238715848853e-01 9.993747032991028290e-01 9.993156247919522395e-01 9.992915391736144626e-01 9.993019681900939810e-01 9.993464518696142385e-01 9.994245478177777864e-01
9.482571514510443889e-01 9.530060533469243422e-01 9.575551123523790009e-01 9.614353843069034511e-01 9.647613880298409050e-01 9.679047979066017771e-01 9.707127279827485467e-01 9.729920083098199113e-01 9.753024322162683335e-01 9.771765913731044195e-01 9.789082092130799717e-01 9.805981151283228447e-01 9.818869365403611882e-01 9.833826067051044673e-01 9.843464973440193555e-01 9.856376412877151383e-01 9.863829402011141667e-01 9.874772058994821800e-01 9.880822708922801789e-01 9.889766545577193257e-01 9.895206996632547325e-01 9.902186777759028891e-01 9.907654014185335312e-01 9.912725026493385272e-01 9.918758339106966693e-01 9.921984803300618605e-01 9.927488445068974876e-01 9.930497131425469748e-01 9.934048988449790674e-01 9.938727835957131829e-01 9.940426847894991980e-01 9.943972937730514161e-01 9.947030075391807280e-01 9.948685827888194000e-01 9.951983712054498499e-01 9.954092416438113933e-01 9.955495649670086378e-01 9.958368822341759907e-01 9.960128378841384134e-01 9.961125788238766043e-01 9.963446660938432009e-01 9.965389326473983456e-01 9.965870042154046926e-01 9.967548302184486841e-01 9.970146165044798670e-01 9.970031811813743206e-01 9.971005800116542472e-01 9.973037205196604305e-01 9.973914146093790789e-01 9.974144340988641000e-01 9.975340724817388649e-01 9.977478337109740858e-01 9.977276809344776121e-01 9.977626236461615283e-01 9.978839509096214533e-01 9.980700782267597493e-01 9.980203281751575117e-01 9.980500881067642105e-01 9.981575381813990733e-01 9.983361712240073071e-01 9.982759908793715775e-01 9.982875663676387124e-01 9.983693623378463444e-01 9.985199304565348655e-01 9.985077350009503583e-01 9.984913294911712534e-01 9.985386684273575009e-01 9.986485095982402527e-01 9.987328868018039429e-01 9.986812206345799803e-01 9.986876422031046863e-01 9.987510741490166488e-01 9.988704931378596941e-01 9.988791965298871034e-01 9.988400935687657967e-01 9.988531637699160637e-01 9.989175077709526729e-01 9.990322690241699721e-01 9.990205055713754501e-01 9.989806417832526320e-01 9.989878740238402610e-01 9.990414405972664058e-01 9.991406140972773908e-01 9.991590705317671128e-01 9.991081776332106923e-01 9.990999824375427218e-01 9.991338316724209800e-01 9.992090997024515309e-01 9.993040405487921829e-01 9.992342690460109811e-01 9.992033572673035824e-01 9.992107380123119720e-01 9.992558670146569622e-01 9.993382220439380736e-01 9.993747015766950570e-01 9.993156233728528459e-01 9.992915380478346599e-01 9.993019673478366061e-01 9.993464513012532136e-01 9.994245475138529011e-01
9.482580968814722233e-01 9.530057554573856393e-01 9.575545103856458740e-01 9.614361706871464852e-01 9.647610958301844342e-01 9.679037484733359342e-01 9.707126265013177324e-01 9.729918168391182842e-01 9.753020374591298003e-01 9.771763070804367901e-01 9.789081397953353081e-01 9.805983390481964879e-01 9.818871323587237132e-01 9.833826956007603037e-01 9.843464760999092178e-01 9.856375141949469398e-01 9.863828949713875360e-01 9.874772397880194896e-01 9.880822775805668812e-01 9.889766315291975696e-01 9.895206943389230902e-01 9.902186989842677312e-01 9.907654275736269556e-01 9.912725190363942396e-01 9.918758496667940960e-01 9.921985252953843260e-01 9.927489178498382083e-01 9.930497773088653446e-01 9.934049420266700681e-01 9.938728095721747202e-01 9.940427120035109088e-01 9.943973221697005593e-01 9.947030336086944979e-01 9.948686018708690071e-01 9.951983834472429846e-01 9.954092516881342112e-01 9.955495764259471025e-01 9.958368950511521378e-01 9.960128511578727473e-01 9.961125918178574956e-01 9.963446787934929771e-01 9.965389455184905376e-01 9.965870180065239392e-01 9.967548448894204549e-01 9.970146318441589495e-01 9.970031944515241884e-01 9.971005912362180812e-01 9.973037297209206287e-01 9.973914218191085590e-01 9.974144393464038361e-01 9.975340757871410391e-01 9.977478350929120943e-01 9.977276835179325065e-01 9.977626277074804761e-01 9.978839564038580745e-01 9.980700848887678056e-01 9.980203323947350880e-01 9.980500899123688763e-01 9.981575375999409694e-01 9.983361683026193978e-01 9.982759870458214335e-01 9.982875616225354021e-01 9.983693566814306752e-01 9.985199238886820483e-01 9.985077292430164508e-01 9.984913250300547771e-01 9.985386652277714603e-01 9.986485076259115079e-01 9.987328854715794568e-01 9.986812186895878130e-01 9.986876396404008593e-01 9.987510709654976448e-01 9.988704893302741139e-01 9.988791926916462671e-01 9.988400900497789170e-01 9.988531605538024660e-01 9.989175048416623071e-01 9.990322663659632063e-01 9.990205031264377533e-01 9.989806395196948463e-01 9.989878719286222619e-01 9.990414386575766637e-01 9.991406123005189821e-01 9.991590686301042856e-01 9.991081754082742350e-01 9.990999798843279711e-01 9.991338287859098388e-01 9.992090964776125794e-01 9.993040370583121668e-01 9.992342660311899216e-01 9.992033547133719606e-01 9.992107359047909254e-01 9.992558653393577295e-01 9.993382207869394573e-01 9.993747005196550459e-01 9.993156221822090401e-01 9.992915367176878894e-01 9.993019658723256704e-01 9.993464496745686487e-01 9.994245457302204372e-01
9.482569293452141057e-01 9.530066660890865737e-01 9.575548951278542997e-01 9.614362228224467843e-01 9.647611647944797086e-01 9.679036868007068195e-01 9.707120039751248042e-01 9.729916729968394185e-01 9.753024375156789105e-01 9.771768050366635983e-01 9.789084293135956738e-01 9.805981871463228527e-01 9.818869007838409990e-01 9.833824759173032115e-01 9.843463936706621231e-01 9.856375705780727747e-01 9.863829204291083563e-01 9.874772353010818904e-01 9.880822678547335203e-01 9.889766174493878070e-01 9.895206968598375674e-01 9.902187217764325533e-01 9.907654510757416544e-01 9.912725299135116686e-01 9.918758429861334047e-01 9.921984838766481074e-01 9.927488426088346696e-01 9.930497317475536212e-01 9.934049458079533546e-01 9.938728498201754302e-01 9.940427237157879459e-01 9.943973060457997892e-01 9.947030110324909247e-01 9.948686011156735454e-01 9.951984039468804166e-01 9.954092757875721009e-01 9.955495903923746726e-01 9.958368990928405662e-01 9.960128471064788602e-01 9.961125811881134107e-01 9.963446617016274987e-01 9.965389269250022330e-01 9.965870057208505717e-01 9.967548387472821014e-01 9.970146315530814540e-01 9.970031977383444488e-01 9.971005980019611581e-01 9.973037398705414391e-01 9.973914292631129719e-01 9.974144396520403522e-01 9.975340690717086067e-01 9.977478214678621171e-01 9.977276718160204005e-01 9.977626187589430096e-01 9.978839501349892060e-01 9.980700811879795742e-01 9.980203305422731264e-01 9.980500898547428612e-01 9.981575392853746509e-01 9.983361716353069681e-01 9.982759890280953341e-01 9.982875622598933463e-01 9.983693559787431004e-01 9.985199218502114338e-01 9.985077269777581366e-01 9.984913228552095843e-01 9.985386631251144118e-01 9.986485055775315978e-01 9.987328837169975326e-01 9.986812177832012916e-01 9.986876395536227191e-01 9.987510716704497415e-01 9.988704907997433269e-01 9.988791941586265821e-01 9.988400910521501030e-01 9.988531610848190301e-01 9.989175048945421187e-01 9.990322659338761735e-01 9.990205025007009576e-01 9.989806388183571917e-01 9.989878711402693234e-01 9.990414377709261329e-01 9.991406113044204451e-01 9.991590676836871188e-01 9.991081746511598638e-01 9.990999793026458242e-01 9.991338283660233799e-01 9.992090962061001003e-01 9.993040369155963276e-01 9.992342659438068209e-01 9.992033546704858216e-01 9.992107358957139640e-01 9.992558653535477120e-01 9.993382208139914846e-01 9.993747004916433418e-01 9.993156219994159262e-01 9.992915363729922840e-01 9.993019653586691087e-01 9.993464489849369636e-01 9.994245448576525304e-01
9.482576743765095406e-01 9.530062849303918560e-01 9.575547395608202672e-01 9.614359770213195544e-01 9.647611487096418026e-01 9.679039824271448156e-01 9.707126177257267008e-01 9.729917528803179172e-01 9.753019990389474314e-01 9.771764306778801812e-01 9.789082073673698314e-01 9.805981841374334929e-01 9.818869641151539707e-01 9.833825660296672266e-01 9.843463255636313303e-01 9.856373408967006311e-01 9.863828874360877075e-01 9.874773924650918078e-01 9.880823033280418111e-01 9.889765251867360663e-01 9.895206085602576973e-01 9.902186630698065484e-01 9.907653975789274536e-01 9.912724649820430223e-01 9.918757864619299758e-01 9.921985013584485591e-01 9.927489319978017868e-01 9.930497949733623209e-01 9.934049520823132751e-01 9.938728130456208065e-01 9.940427140127576777e-01 9.943973226760476347e-01 9.947030349510641578e-01 9.948686071853271029e-01 9.951983925654392937e-01 9.954092611347132857e-01 9.955495834894179108e-01 9.958368997205586659e-01 9.960128536611004835e-01 9.961125923395819370e-01 9.963446773137863977e-01 9.965389422925667873e-01 9.965870134556839011e-01 9.967548389825247046e-01 9.970146249564038055e-01 9.970031929279076222e-01 9.971005949101378052e-01 9.973037384320115883e-01 9.973914289688243784e-01 9.974144401190082609e-01 9.975340702571997564e-01 9.977478233303107569e-01 9.977276734744355835e-01 9.977626201059325295e-01 9.978839511508083016e-01 9.980700817761967159e-01 9.980203294471439168e-01 9.980500870831598981e-01 9.981575348433807671e-01 9.983361655710443205e-01 9.982759841203063811e-01 9.982875584664251400e-01 9.983693532585936614e-01 9.985199201634764599e-01 9.985077254737193542e-01 9.984913212680276429e-01 9.985386614362067315e-01 9.986485037685683963e-01 9.987328818277735332e-01 9.986812159255762378e-01 9.986876377089006773e-01 9.987510698202276549e-01 9.988704889258959163e-01 9.988791926108510077e-01 9.988400900311703579e-01 9.988531605662492874e-01 9.989175048545005930e-01 9.990322663489658028e-01 9.990205027365051116e-01 9.989806386000225080e-01 9.989878704594153946e-01 9.990414366191667783e-01 9.991406096733551623e-01 9.991590660623035358e-01 9.991081734694686745e-01 9.990999785411714962e-01 9.991338280056593080e-01 9.992090962280829602e-01 9.993040372521700965e-01 9.992342661042791230e-01 9.992033546451343229e-01 9.992107356749114766e-01 9.992558649277361038e-01 9.993382201736926707e-01 9.993746997960134548e-01 9.993156215041426593e-01 9.992915360647890433e-01 9.993019652244471418e-01 9.993464490118028065e-01 9.994245450328975711e-01
9.482576165590553829e-01 9.530063301716217294e-01 9.575547295487141231e-01 9.614359375904319993e-01 9.647611631325365700e-01 9.679040311361668536e-01 9.707126275934511161e-01 9.729917741510616391e-01 9.753020300357992944e-01 9.771764333298009753e-01 9.789081971134847571e-01 9.805981728568482492e-01 9.818869594644750176e-01 9.833825696687994444e-01 9.843463591671145485e-01 9.856374041650479700e-01 9.863828892675901017e-01 9.874773348038459186e-01 9.880822811051904742e-01 9.889765402024452978e-01 9.895206284220393611e-01 9.902186812685757067e-01 9.907654213645692431e-01 9.912724992227964771e-01 9.918758213832412629e-01 9.921985051884300022e-01 9.927489055393979855e-01 9.930497718718030997e-01 9.934049429526657926e-01 9.938728153346266803e-01 9.940427155773096102e-01 9.943973234801322114e-01 9.947030357866460948e-01 9.948686091236833562e-01 9.951983955283565386e-01 9.954092630944058051e-01 9.955495828679273851e-01 9.958368965298077802e-01 9.960128493236537484e-01 9.961125880108595565e-01 9.963446729479094044e-01 9.965389379036581063e-01 9.965870090958474092e-01 9.967548346086269051e-01 9.970146205496499547e-01 9.970031888167756318e-01 9.971005910490848834e-01 9.973037347765288940e-01 9.973914256814664370e-01 9.974144373087918680e-01 9.975340678783796156e-01 9.977478213382141581e-01 9.977276722479080373e-01 9.977626196399267400e-01 9.978839513977468823e-01 9.980700826369585110e-01 9.980203300289878232e-01 9.980500873605709922e-01 9.981575347911578744e-01 9.983361651734015130e-01 9.982759839440563665e-01 9.982875584796074842e-01 9.983693534298619943e-01 9.985199204620530677e-01 9.985077256525157763e-01 9.984913212382632297e-01 9.985386611756035258e-01 9.986485032551161156e-01 9.987328810734463769e-01 9.986812149853642184e-01 9.986876365622818774e-01 9.987510684469254052e-01 9.988704873058644740e-01 9.988791910317730283e-01 9.988400886568283843e-01 9.988531593722541624e-01 9.989175038168733867e-01 9.990322654441150529e-01 9.990205019942997033e-01 9.989806380213358539e-01 9.989878700226644259e-01 9.990414363031111522e-01 9.991406094570774998e-01 9.991590658172907480e-01 9.991081730820353668e-01 9.990999779959408578e-01 9.991338272874182858e-01 9.992090953217852567e-01 9.993040361731856391e-01 9.992342651293317779e-01 9.992033537572780899e-01 9.992107348574450487e-01 9.992558641641833272e-01 9.993382194477976599e-01 9.993746990976685174e-01 9.993156208279643238e-01 9.992915353965904357e-01 9.993019645502132509e-01 9.993464483176938140e-01 9.994245443052286459e-01
9.482574527315951185e-01 9.530064167422301891e-01 9.575547283221288453e-01 9.614359353814845299e-01 9.647611860830679342e-01 9.679040431013427037e-01 9.707125509983154377e-01 9.729917832995080840e-01 9.753021222138785751e-01 9.771764894569574533e-01 9.789082191083744444e-01 9.805981623948449855e-01 9.818869481616617767e-01 9.833825653081388340e-01 9.843464048397203570e-01 9.856374998494895623e-01 9.863828940137961965e-01 9.874772515205290091e-01 9.880822532160393745e-01 9.889765704026208804e-01 9.895206622586703027e-01 9.902187079414092041e-01 9.907654527636647890e-01 9.912725433787532570e-01 9.918758652766944683e-01 9.921985063811481487e-01 9.927488651516049867e-01 9.930497384998671073e-01 9.934049319039585102e-01 9.938728220208569164e-01 9.940427176438876300e-01 9.943973209869866325e-01 9.947030323264082208e-01 9.948686094690820658e-01 9.951983995310361708e-01 9.954092666369811493e-01 9.955495827465160597e-01 9.958368927781638957e-01 9.960128436584002598e-01 9.961125818289308098e-01 9.963446662116525188e-01 9.965389312078080097e-01 9.965870034096642183e-01 9.967548298646224936e-01 9.970146166366856688e-01 9.970031849579419347e-01 9.971005872010466620e-01 9.973037308968073500e-01 9.973914220670203612e-01 9.974144341666358882e-01 9.975340651602138120e-01 9.977478189968557176e-01 9.977276707179952853e-01 9.977626189190298422e-01 9.978839514349485684e-01 9.980700833410683925e-01 9.980203306843981048e-01 9.980500879353715327e-01 9.981575352539613366e-01 9.983361654971039112e-01 9.982759843454115378e-01 9.982875589271675842e-01 9.983693538927281841e-01 9.985199209098342132e-01 9.985077259561371266e-01 9.984913213426673817e-01 9.985386610565148979e-01 9.986485028885671023e-01 9.987328804690954742e-01 9.986812141955558886e-01 9.986876355648111048e-01 9.987510672198640638e-01 9.988704858275343490e-01 9.988791895549009592e-01 9.988400873240586009e-01 9.988531581585844421e-01 9.989175026977041849e-01 9.990322643952224135e-01 9.990205011408721525e-01 9.989806374035363756e-01 9.989878696165034322e-01 9.990414360849920739e-01 9.991406094037778018e-01 9.991590657327840130e-01 9.991081727931627743e-01 9.990999774869404604e-01 9.991338265426870091e-01 9.992090943258685742e-01 9.993040349503904407e-01 9.992342640457586578e-01 9.992033527944078619e-01 9.992107339970269786e-01 9.992558633882252517e-01 9.993382187385435600e-01 9.993746984251202781e-01 9.993156201565014385e-01 9.992915347112978353e-01 9.993019638363606072e-01 9.993464475607237718e-01 9.994245434907457204e-01
9.482574489497971326e-01 9.530062417107559858e-01 9.575545750197547168e-01 9.614360096495477848e-01 9.647612560181255681e-01 9.679040554571466393e-01 9.707125154721687466e-01 9.729917524387822203e-01 9.753021112606016230e-01 9.771765139947217182e-01 9.789082495762582159e-01 9.805981761181830070e-01 9.818869778249483815e-01 9.833826185023307742e-01 9.843464141849534998e-01 9.856374632363887889e-01 9.863828719609960549e-01 9.874772434247760522e-01 9.880822598512208899e-01 9.889765912377372903e-01 9.895206709125043965e-01 9.902186994607636850e-01 9.907654381967032631e-01 9.912725302625833290e-01 9.918758543486971835e-01 9.921985004512708928e-01 9.927488639846072660e-01 9.930497356467103964e-01 9.934049252813856867e-01 9.938728119466596622e-01 9.940427058378445979e-01 9.943973074071342788e-01 9.947030187497666320e-01 9.948685982841458664e-01 9.951983905983704526e-01 9.954092596654026126e-01 9.955495774885849691e-01 9.958368891190632066e-01 9.960128414666093999e-01 9.961125809836994804e-01 9.963446666137019125e-01 9.965389320092311598e-01 9.965870033267758554e-01 9.967548288523342404e-01 9.970146147005910509e-01 9.970031828462891932e-01 9.971005848577886299e-01 9.973037282668483217e-01 9.973914198527012998e-01 9.974144328665016657e-01 9.975340647011072814e-01 9.977478193074132973e-01 9.977276706778063220e-01 9.977626183767428492e-01 9.978839503491295782e-01 9.980700817188281615e-01 9.980203292615504873e-01 9.980500866615215072e-01 9.981575340796583484e-01 9.983361643740783498e-01 9.982759832473399042e-01 9.982875578107681669e-01 9.983693527154432479e-01 9.985199196297723789e-01 9.985077247757625507e-01 9.984913202935784549e-01 9.985386600974053284e-01 9.986485019788116091e-01 9.987328796399210784e-01 9.986812135680089852e-01 9.986876351000893992e-01 9.987510668798169622e-01 9.988704855746237676e-01 9.988791893384675324e-01 9.988400871023355165e-01 9.988531578993616877e-01 9.989175023692281608e-01 9.990322639661738391e-01 9.990205006936991872e-01 9.989806369574688594e-01 9.989878691423306201e-01 9.990414355539036784e-01 9.991406087873420105e-01 9.991590651234737441e-01 9.991081722714881819e-01 9.990999770254095358e-01 9.991338261141945454e-01 9.992090939036716302e-01 9.993040345181698481e-01 9.992342636756152974e-01 9.992033524619455820e-01 9.992107336781794746e-01 9.992558630592349722e-01 9.993382183759484949e-01 9.993746980615977327e-01 9.993156198584393080e-01 9.992915344568181757e-01 9.993019636038719122e-01 9.993464473288941052e-01 9.994245432385028272e-01
9.482574451679953720e-01 9.530060666793169766e-01 9.575544217174081219e-01 9.614360839176201434e-01 9.647613259531879759e-01 9.679040678129472441e-01 9.707124799460196130e-01 9.729917215780536921e-01 9.753021003073214512e-01 9.771765385324862052e-01 9.789082800441423204e-01 9.805981898415210285e-01 9.818870074882319887e-01 9.833826716965252679e-01 9.843464235301864207e-01 9.856374266232855730e-01 9.863828499081963574e-01 9.874772353290232063e-01 9.880822664864056248e-01 9.889766120728538112e-01 9.895206795663349375e-01 9.902186909801180548e-01 9.907654236297415151e-01 9.912725171464135121e-01 9.918758434207033403e-01 9.921984945213901952e-01 9.927488628176125429e-01 9.930497327935537966e-01 9.934049186588093105e-01 9.938728018724627411e-01 9.940426940318052296e-01 9.943972938272782613e-01 9.947030051731251543e-01 9.948685870992101110e-01 9.951983816657041793e-01 9.954092526938238539e-01 9.955495722306573203e-01 9.958368854599659592e-01 9.960128392748185400e-01 9.961125801384641543e-01 9.963446670157546370e-01 9.965389328106507572e-01 9.965870032438907122e-01 9.967548278400440998e-01 9.970146127644997636e-01 9.970031807346400043e-01 9.971005825145318191e-01 9.973037256368855186e-01 9.973914176383842367e-01 9.974144315663668880e-01 9.975340642420021942e-01 9.977478196179723202e-01 9.977276706376135840e-01 9.977626178344540797e-01 9.978839492633105879e-01 9.980700800965840447e-01 9.980203278387007604e-01 9.980500853876710377e-01 9.981575329053573586e-01 9.983361632510540096e-01 9.982759821492644958e-01 9.982875566943688606e-01 9.983693515381600880e-01 9.985199183497102116e-01 9.985077235953875308e-01 9.984913192444891950e-01 9.985386591382936494e-01 9.986485010690558939e-01 9.987328788107482369e-01 9.986812129404620819e-01 9.986876346353672496e-01 9.987510665397693055e-01 9.988704853217130752e-01 9.988791891220321073e-01 9.988400868806124322e-01 9.988531576401388223e-01 9.989175020407518035e-01 9.990322635371250426e-01 9.990205002465258888e-01 9.989806365114028974e-01 9.989878686681578079e-01 9.990414350228170592e-01 9.991406081709062192e-01 9.991590645141650295e-01 9.991081717498129233e-01 9.990999765638762797e-01 9.991338256856999722e-01 9.992090934814743530e-01 9.993040340859493664e-01 9.992342633054714929e-01 9.992033521294845233e-01 9.992107333593318597e-01 9.992558627302462471e-01 9.993382180133536519e-01 9.993746976980735219e-01 9.993156195603752900e-01 9.992915342023379610e-01 9.993019633713811078e-01 9.993464470970639946e-01 9.994245429862615993e-01
9.482575725690289836e-01 9.530060023383301049e-01 9.575543950010408922e-01 9.614360129630497021e-01 9.647613057711575957e-01 9.679040724816133645e-01 9.707124193210516783e-01 9.729916618800106276e-01 9.753020578612147107e-01 9.771765232535752910e-01 9.789082924243537320e-01 9.805982300435949206e-01 9.818870284251487446e-01 9.833826620878233227e-01 9.843464216693755819e-01 9.856374340962650304e-01 9.863828445966638103e-01 9.874772174828357896e-01 9.880822580349009066e-01 9.889766132549281386e-01 9.895206766936363030e-01 9.902186813490315709e-01 9.907654139842138052e-01 9.912725120338486962e-01 9.918758419300613971e-01 9.921984942732233748e-01 9.927488636406197609e-01 9.930497342802159233e-01 9.934049205827659712e-01 9.938728040557768262e-01 9.940426961344930312e-01 9.943972957306638216e-01 9.947030062661694760e-01 9.948685866143813783e-01 9.951983795278740441e-01 9.954092512063204001e-01 9.955495731620651600e-01 9.958368886476490767e-01 9.960128432068320325e-01 9.961125835706582388e-01 9.963446698607399954e-01 9.965389352969797887e-01 9.965870057917189939e-01 9.967548303562964174e-01 9.970146151042106331e-01 9.970031819703076836e-01 9.971005825838957781e-01 9.973037244782237964e-01 9.973914162194819077e-01 9.974144305777897790e-01 9.975340635962337554e-01 9.977478192292840165e-01 9.977276701797380687e-01 9.977626172109264058e-01 9.978839484043449115e-01 9.980700789701966169e-01 9.980203269710371528e-01 9.980500847070608028e-01 9.981575323414633161e-01 9.983361627379169212e-01 9.982759818247444183e-01 9.982875564938495927e-01 9.983693513981736212e-01 9.985199182078402513e-01 9.985077233663737228e-01 9.984913188660221595e-01 9.985386585567838091e-01 9.986485002316882742e-01 9.987328778858535205e-01 9.986812123694065457e-01 9.986876343615496143e-01 9.987510665075653993e-01 9.988704854764044461e-01 9.988791893640183162e-01 9.988400871337527187e-01 9.988531578580427395e-01 9.989175021777026986e-01 9.990322635480264335e-01 9.990205002164226356e-01 9.989806364540175787e-01 9.989878685421020865e-01 9.990414347872637046e-01 9.991406077855620183e-01 9.991590641022440877e-01 9.991081714185801044e-01 9.990999762746065604e-01 9.991338254002009034e-01 9.992090931620609684e-01 9.993040337150501662e-01 9.992342630369215328e-01 9.992033519282045306e-01 9.992107331907218448e-01 9.992558625601499767e-01 9.993382178080414402e-01 9.993746974780017833e-01 9.993156193794279218e-01 9.992915340299103333e-01 9.993019631772525058e-01 9.993464468513750809e-01 9.994245426594950965e-01
