0.001 0.001 0.594119372035 -2.46661764016e-08
0.001 0.102 0.618152295145 -2.68748221416e-08
0.001 0.203 0.643499715507 -2.90943851841e-08
0.001 0.304 0.669458775098 -3.13358517943e-08
0.001 0.405 0.695358019586 -3.36038944782e-08
0.001 0.506 0.720634041098 -3.58995184777e-08
0.001 0.607 0.744840795987 -3.82192306347e-08
0.001 0.708 0.767672650661 -4.05601446532e-08
0.001 0.809 0.788932847905 -4.29181584916e-08
0.001 0.91 0.80851860428 -4.52892503672e-08
0.001 1.011 0.826425296833 -4.76709902009e-08
0.001 1.112 0.842694654742 -5.00608578578e-08
0.001 1.213 0.857400531343 -5.245646697e-08
0.001 1.314 0.870647836274 -5.48562962711e-08
0.001 1.415 0.882559467062 -5.72595992556e-08
0.001 1.516 0.893247438921 -5.96649965843e-08
0.001 1.617 0.902822516237 -6.20712516774e-08
0.001 1.718 0.911412488605 -6.44790328166e-08
0.001 1.819 0.91911808015 -6.68877605512e-08
0.001 1.92 0.926017897134 -6.92955717458e-08
0.001 2.021 0.932218039244 -7.17039967426e-08
0.001 2.122 0.937792694877 -7.41125869897e-08
0.001 2.223 0.942809878447 -7.6521081853e-08
0.001 2.324 0.947331353545 -7.89293864963e-08
0.001 2.425 0.951412760491 -8.13375541681e-08
0.001 2.526 0.955103889533 -8.37457696819e-08
0.001 2.627 0.958449053062 -8.61543375394e-08
0.001 2.728 0.961475338183 -8.85613147724e-08
0.001 2.829 0.964225199099 -9.09681941494e-08
0.001 2.93 0.966733608554 -9.33762796874e-08
0.001 3.031 0.969014048164 -9.57828534062e-08
0.001 3.132 0.971098369335 -9.81898935312e-08
0.001 3.233 0.973004898235 -1.0059702716e-07
0.001 3.334 0.974750042366 -1.03003761889e-07
0.001 3.435 0.976352596688 -1.05411030023e-07
0.001 3.536 0.977822795952 -1.07817497074e-07
0.001 3.637 0.979179132106 -1.1022535663e-07
0.001 3.738 0.980424492051 -1.12631360962e-07
0.001 3.839 0.981577002351 -1.15038829908e-07
0.001 3.94 0.982641680275 -1.17446186041e-07
0.001 4.041 0.983625470031 -1.19852816843e-07
0.001 4.142 0.984538127018 -1.22260056382e-07
0.001 4.243 0.985385336832 -1.24667594254e-07
0.001 4.344 0.986172530026 -1.2707526402e-07
0.001 4.445 0.986904787113 -1.29483002729e-07
0.001 4.546 0.987586792365 -1.3189081601e-07
0.001 4.647 0.988222823754 -1.34298752796e-07
0.001 4.748 0.988816765553 -1.36706885943e-07
0.001 4.849 0.989372133252 -1.39115301025e-07
0.001 4.95 0.989892103906 -1.41524086992e-07
0.001 5.051 0.990379437317 -1.43933214295e-07
0.001 5.152 0.990836013964 -1.46341934992e-07
0.001 5.253 0.991265077195 -1.48751232847e-07
0.001 5.354 0.991668755726 -1.51161188575e-07
0.001 5.455 0.992048075954 -1.53570636431e-07
0.001 5.556 0.992405765699 -1.55980838875e-07
0.001 5.657 0.992742992655 -1.58391197746e-07
0.001 5.758 0.993061283217 -1.60801780126e-07
0.001 5.859 0.993362136319 -1.6321283076e-07
0.001 5.96 0.9936465468 -1.6562393178e-07
0.001 6.061 0.993915920735 -1.68035564587e-07
0.001 6.162 0.994171080327 -1.70447307431e-07
0.001 6.263 0.994413146391 -1.72859472589e-07
0.001 6.364 0.994642951146 -1.75271957765e-07
0.001 6.465 0.994861262714 -1.77684636997e-07
0.001 6.566 0.99506900565 -1.80097941493e-07
0.001 6.667 0.995266594364 -1.82511132594e-07
0.001 6.768 0.995454988116 -1.84925064909e-07
0.001 6.869 0.995634530414 -1.87339020614e-07
0.001 6.97 0.995805928713 -1.89753455513e-07
0.001 7.071 0.995969680343 -1.92168346344e-07
0.001 7.172 0.996126150531 -1.94583301745e-07
0.001 7.273 0.996275955316 -1.96998957613e-07
0.001 7.374 0.996419325585 -1.99414633594e-07
0.001 7.475 0.996556771574 -2.0183083118e-07
0.001 7.576 0.996688624823 -2.04247472968e-07
0.001 7.677 0.996815146801 -2.06664230781e-07
0.001 7.778 0.996936765848 -2.09081680153e-07
0.001 7.879 0.997053641169 -2.11499176712e-07
0.001 7.98 0.997166135622 -2.13917202374e-07
0.001 8.081 0.997274484523 -2.16335690774e-07
0.001 8.182 0.997378868868 -2.18754307361e-07
0.001 8.283 0.997479595213 -2.21173598203e-07
0.001 8.384 0.997576785894 -2.2359301635e-07
0.001 8.485 0.997670686065 -2.26012910449e-07
0.001 8.586 0.997761482815 -2.28433349914e-07
0.001 8.687 0.997849286962 -2.30853860302e-07
0.001 8.788 0.997934329495 -2.33275029302e-07
0.001 8.889 0.998016713707 -2.35696466123e-07
0.001 8.99 0.998096592011 -2.38118263391e-07
0.001 9.091 0.998174123885 -2.40540708397e-07
0.001 9.192 0.998249375181 -2.42963181997e-07
0.001 9.293 0.998322517581 -2.45386269026e-07
0.001 9.394 0.998393644593 -2.47809797741e-07
0.001 9.495 0.998462843108 -2.50233538556e-07
0.001 9.596 0.998530243785 -2.52657927104e-07
0.001 9.697 0.998595907464 -2.55082523167e-07
0.001 9.798 0.99865993985 -2.57507584624e-07
0.001 9.899 0.998722428953 -2.59933224952e-07
0.001 10.0 0.998783425783 -2.62358970376e-07
0.00109749876549 0.001 0.594119508084 -2.48167920413e-08
0.00109749876549 0.102 0.618152188388 -2.69883677924e-08
0.00109749876549 0.203 0.643499817399 -2.91758829932e-08
0.00109749876549 0.304 0.669458626075 -3.13907440191e-08
0.00109749876549 0.405 0.695357212239 -3.36373318422e-08
0.00109749876549 0.506 0.720632773081 -3.5915991329e-08
0.00109749876549 0.607 0.744838807754 -3.82225483672e-08
0.00109749876549 0.708 0.767670059676 -4.05533910479e-08
0.00109749876549 0.809 0.788929734107 -4.29038027658e-08
0.00109749876549 0.91 0.80851508534 -4.52692407135e-08
0.00109749876549 1.011 0.826421659526 -4.76468359095e-08
0.00109749876549 1.112 0.842691215583 -5.00337255789e-08
0.00109749876549 1.213 0.857397597905 -5.24272525211e-08
0.00109749876549 1.314 0.870645725628 -5.48256806547e-08
0.00109749876549 1.415 0.882558489279 -5.72280976251e-08
0.00109749876549 1.516 0.893247851277 -5.96329963258e-08
0.00109749876549 1.617 0.902824529438 -6.20390371113e-08
0.00109749876549 1.718 0.911416277975 -6.44468111093e-08
0.00109749876549 1.819 0.9191237629 -6.68556773658e-08
0.00109749876549 1.92 0.926025525237 -6.92637195867e-08
0.00109749876549 2.021 0.932227627952 -7.16724361899e-08
0.00109749876549 2.122 0.937804209956 -7.40813482187e-08
0.00109749876549 2.223 0.942823242721 -7.64901708968e-08
0.00109749876549 2.324 0.947346452968 -7.88987908129e-08
0.00109749876549 2.425 0.951429450142 -8.13072471157e-08
0.00109749876549 2.526 0.955121999664 -8.37157141709e-08
0.00109749876549 2.627 0.958468395149 -8.61244889113e-08
0.00109749876549 2.728 0.961495693032 -8.85316119902e-08
0.00109749876549 2.829 0.964246344398 -9.09385778217e-08
0.00109749876549 2.93 0.966755323909 -9.33466922204e-08
0.00109749876549 3.031 0.969036085304 -9.57532212192e-08
0.00109749876549 3.132 0.97112049252 -9.81601499811e-08
0.00109749876549 3.233 0.973026868598 -1.00567102018e-07
0.00109749876549 3.334 0.974771616876 -1.02973581708e-07
0.00109749876549 3.435 0.976373544671 -1.0538052466e-07
0.00109749876549 3.536 0.977842877393 -1.07786590481e-07
0.00109749876549 3.637 0.97919813464 -1.10193981888e-07
0.00109749876549 3.738 0.980442176588 -1.1259943821e-07
0.00109749876549 3.839 0.981593170594 -1.150062932e-07
0.00109749876549 3.94 0.98265612559 -1.17412963718e-07
0.00109749876549 4.041 0.983637987155 -1.19818835963e-07
0.00109749876549 4.142 0.984548532827 -1.22225249919e-07
0.00109749876549 4.243 0.985393453429 -1.24631894993e-07
0.00109749876549 4.344 0.986178186257 -1.27038605258e-07
0.00109749876549 4.445 0.986907819653 -1.29445318747e-07
0.00109749876549 4.546 0.987587046384 -1.31852042357e-07
0.00109749876549 4.647 0.988220153254 -1.34258826449e-07
0.00109749876549 4.748 0.988811033446 -1.3666574538e-07
0.00109749876549 4.849 0.989363211265 -1.3907288624e-07
0.00109749876549 4.95 0.989879872369 -1.41480339482e-07
0.00109749876549 5.051 0.990363783734 -1.43888076731e-07
0.00109749876549 5.152 0.99081682603 -1.46295349505e-07
0.00109749876549 5.253 0.991242259056 -1.48703145297e-07
0.00109749876549 5.354 0.991642218866 -1.51111546165e-07
0.00109749876549 5.455 0.992017727714 -1.53519385078e-07
0.00109749876549 5.556 0.992371531149 -1.55927928441e-07
0.00109749876549 5.657 0.992704797411 -1.58336578059e-07
0.00109749876549 5.758 0.993019059238 -1.60745402354e-07
0.00109749876549 5.859 0.993315823052 -1.63154647677e-07
0.00109749876549 5.96 0.993596085402 -1.65563896601e-07
0.00109749876549 6.061 0.993861261254 -1.67973632431e-07
0.00109749876549 6.162 0.994112174103 -1.70383433875e-07
0.00109749876549 6.263 0.99434995171 -1.72793614747e-07
0.00109749876549 6.364 0.994575429713 -1.75204073645e-07
0.00109749876549 6.465 0.994789379323 -1.77614685514e-07
0.00109749876549 6.566 0.994992732058 -1.80025883013e-07
0.00109749876549 6.667 0.995185900616 -1.82436927742e-07
0.00109749876549 6.768 0.995369853723 -1.84848676059e-07
0.00109749876549 6.869 0.99554493313 -1.87260410461e-07
0.00109749876549 6.97 0.995711852455 -1.8967258803e-07
0.00109749876549 7.071 0.995871111695 -1.92085186335e-07
0.00109749876549 7.172 0.996023076306 -1.94497814688e-07
0.00109749876549 7.273 0.996168368877 -1.9691111012e-07
0.00109749876549 7.374 0.996307218519 -1.99324392829e-07
0.00109749876549 7.475 0.996440140784 -2.01738165285e-07
0.00109749876549 7.576 0.996567468842 -2.04152350812e-07
0.00109749876549 7.677 0.996689464324 -2.06566621966e-07
0.00109749876549 7.778 0.996806560658 -2.08981555049e-07
0.00109749876549 7.879 0.996918915303 -2.11396506408e-07
0.00109749876549 7.98 0.997026895377 -2.13811958643e-07
0.00109749876549 8.081 0.997130737361 -2.16227846045e-07
0.00109749876549 8.182 0.99723062204 -2.18643834827e-07
0.00109749876549 8.283 0.997326860031 -2.21060471528e-07
0.00109749876549 8.384 0.997419572295 -2.23477210024e-07
0.00109749876549 8.485 0.997509006846 -2.25894399438e-07
0.00109749876549 8.586 0.997595352161 -2.2831210971e-07
0.00109749876549 8.687 0.997678717992 -2.30729867276e-07
0.00109749876549 8.788 0.997759338867 -2.33148260003e-07
0.00109749876549 8.889 0.997837317286 -2.35566897915e-07
0.00109749876549 8.99 0.997912806898 -2.37985874115e-07
0.00109749876549 9.091 0.997985969089 -2.40405476144e-07
0.00109749876549 9.192 0.998056867984 -2.42825085944e-07
0.00109749876549 9.293 0.998125678214 -2.45245288283e-07
0.00109749876549 9.394 0.998192493207 -2.47665912048e-07
0.00109749876549 9.495 0.998257399601 -2.50086728397e-07
0.00109749876549 9.596 0.998320530125 -2.525081729e-07
0.00109749876549 9.697 0.998381944555 -2.5492980632e-07
0.00109749876549 9.798 0.998441749948 -2.57351886652e-07
0.00109749876549 9.899 0.99850003509 -2.59774527633e-07
0.00109749876549 10.0 0.998556849884 -2.621972566e-07
0.00120450354026 0.001 0.594119406179 -2.49637841358e-08
0.00120450354026 0.102 0.618152033366 -2.70992822426e-08
0.00120450354026 0.203 0.64350018067 -2.92558545536e-08
0.00120450354026 0.304 0.669459179067 -3.14451944688e-08
0.00120450354026 0.405 0.695357603978 -3.36713089272e-08
0.00120450354026 0.506 0.720633124273 -3.59338411492e-08
0.00120450354026 0.607 0.744838717449 -3.82279220572e-08
0.00120450354026 0.708 0.767669407282 -4.05492151747e-08
0.00120450354026 0.809 0.788928324702 -4.28924098501e-08
0.00120450354026 0.91 0.808512754972 -4.5252462621e-08
0.00120450354026 1.011 0.826418430097 -4.76260849736e-08
0.00120450354026 1.112 0.842687187669 -5.00100908418e-08
0.00120450354026 1.213 0.85739292863 -5.24015735243e-08
0.00120450354026 1.314 0.87064065125 -5.47985996959e-08
0.00120450354026 1.415 0.882553306731 -5.72001034831e-08
0.00120450354026 1.516 0.893242869861 -5.9604460901e-08
0.00120450354026 1.617 0.902820068992 -6.20102397755e-08
0.00120450354026 1.718 0.911412661128 -6.44179608306e-08
0.00120450354026 1.819 0.919121287474 -6.68269278134e-08
0.00120450354026 1.92 0.926024454902 -6.92351761824e-08
0.00120450354026 2.021 0.932228192911 -7.16441735635e-08
0.00120450354026 2.122 0.93780659734 -7.40534124439e-08
0.00120450354026 2.223 0.94282759588 -7.64625851516e-08
0.00120450354026 2.324 0.947352871556 -7.88715603247e-08
0.00120450354026 2.425 0.951437991407 -8.12803630059e-08
0.00120450354026 2.526 0.955132681011 -8.36891565308e-08
0.00120450354026 2.627 0.958481197886 -8.60982293263e-08
0.00120450354026 2.728 0.961510562113 -8.85056065068e-08
0.00120450354026 2.829 0.964263195438 -9.09127817545e-08
0.00120450354026 2.93 0.966774050882 -9.33210607266e-08
0.00120450354026 3.031 0.969056551031 -9.57276942413e-08
0.00120450354026 3.132 0.971142546313 -9.8134671726e-08
0.00120450354026 3.233 0.973050343378 -1.00541612207e-07
0.00120450354026 3.334 0.974796328553 -1.02948015762e-07
0.00120450354026 3.435 0.976399305047 -1.0535481968e-07
0.00120450354026 3.536 0.977869480462 -1.07760676926e-07
0.00120450354026 3.637 0.979225384944 -1.10167797455e-07
0.00120450354026 3.738 0.980469849373 -1.12572907412e-07
0.00120450354026 3.839 0.981621065248 -1.1497935251e-07
0.00120450354026 3.94 0.982684028428 -1.17385543274e-07
0.00120450354026 4.041 0.983665678835 -1.19790863601e-07
0.00120450354026 4.142 0.984575807925 -1.22196658321e-07
0.00120450354026 4.243 0.985420106635 -1.24602615843e-07
0.00120450354026 4.344 0.986204014209 -1.27008569946e-07
0.00120450354026 4.445 0.986932622514 -1.29414458868e-07
0.00120450354026 4.546 0.98761062909 -1.31820290062e-07
0.00120450354026 4.647 0.98824232644 -1.34226114661e-07
0.00120450354026 4.748 0.988831614094 -1.36632007939e-07
0.00120450354026 4.849 0.989382023137 -1.39038057979e-07
0.00120450354026 4.95 0.989896746255 -1.41444356271e-07
0.00120450354026 5.051 0.990378556319 -1.43850875161e-07
0.00120450354026 5.152 0.990829332367 -1.46256864952e-07
0.00120450354026 5.253 0.991252351037 -1.48663316825e-07
0.00120450354026 5.354 0.99164975554 -1.51070313901e-07
0.00120450354026 5.455 0.992022562135 -1.5347668709e-07
0.00120450354026 5.556 0.992373535994 -1.55883706997e-07
0.00120450354026 5.657 0.992703845197 -1.58290774905e-07
0.00120450354026 5.758 0.993015029312 -1.60697960391e-07
0.00120450354026 5.859 0.993308603192 -1.63105511349e-07
0.00120450354026 5.96 0.993585564964 -1.65513010429e-07
0.00120450354026 6.061 0.993847340124 -1.67920942953e-07
0.00120450354026 6.162 0.994094753467 -1.70328887751e-07
0.00120450354026 6.263 0.994328941205 -1.72737160245e-07
0.00120450354026 6.364 0.994550743159 -1.75145659797e-07
0.00120450354026 6.465 0.994760934351 -1.77554262124e-07
0.00120450354026 6.566 0.994960455243 -1.79963401536e-07
0.00120450354026 6.667 0.995149716288 -1.82372339433e-07
0.00120450354026 6.768 0.99532969865 -1.84781934395e-07
0.00120450354026 6.869 0.995500741861 -1.87191468816e-07
0.00120450354026 6.97 0.995663567835 -1.89601401321e-07
0.00120450354026 7.071 0.99581868033 -1.92011710313e-07
0.00120450354026 7.172 0.99596644528 -1.94422005559e-07
0.00120450354026 7.273 0.996107494391 -1.96832925636e-07
0.00120450354026 7.374 0.996242054597 -1.99243790917e-07
0.00120450354026 7.475 0.996370649008 -2.01655105195e-07
0.00120450354026 7.576 0.996493613357 -2.04066792521e-07
0.00120450354026 7.677 0.996611209796 -2.06478526038e-07
0.00120450354026 7.778 0.996723879197 -2.08890883217e-07
0.00120450354026 7.879 0.996831776902 -2.11303220802e-07
0.00120450354026 7.98 0.99693527639 -2.13716022426e-07
0.00120450354026 8.081 0.997034616179 -2.16129223069e-07
0.00120450354026 8.182 0.997129977112 -2.1854248958e-07
0.00120450354026 8.283 0.997221676021 -2.20956369363e-07
0.00120450354026 8.384 0.997309832271 -2.2337031688e-07
0.00120450354026 8.485 0.997394698413 -2.25784682009e-07
0.00120450354026 8.586 0.997476465354 -2.28199535337e-07
0.00120450354026 8.687 0.997555241675 -2.30614403986e-07
0.00120450354026 8.788 0.997631267523 -2.33029876421e-07
0.00120450354026 8.889 0.997704644631 -2.35445563342e-07
0.00120450354026 8.99 0.997775528895 -2.37861558472e-07
0.00120450354026 9.091 0.997844084965 -2.40278149844e-07
0.00120450354026 9.192 0.997910374784 -2.42694720237e-07
0.00120450354026 9.293 0.997974577825 -2.45111854754e-07
0.00120450354026 9.394 0.99803678782 -2.47529382902e-07
0.00120450354026 9.495 0.998097091402 -2.49947076543e-07
0.00120450354026 9.596 0.99815562488 -2.52365371499e-07
0.00120450354026 9.697 0.998212446783 -2.54783829381e-07
0.00120450354026 9.798 0.99826766664 -2.57202708528e-07
0.00120450354026 9.899 0.998321374827 -2.59622123081e-07
0.00120450354026 10.0 0.998373619877 -2.62041601338e-07
0.00132194114847 0.001 0.594118927713 -2.51051470015e-08
0.00132194114847 0.102 0.618151320261 -2.72059386134e-08
0.00132194114847 0.203 0.643499894379 -2.93329896494e-08
0.00132194114847 0.304 0.669459217191 -3.14981728266e-08
0.00132194114847 0.405 0.695357880251 -3.37050400919e-08
0.00132194114847 0.506 0.720633957053 -3.59524936979e-08
0.00132194114847 0.607 0.744839863495 -3.82349552398e-08
0.00132194114847 0.708 0.7676707649 -4.05473798253e-08
0.00132194114847 0.809 0.788929603524 -4.28838729739e-08
0.00132194114847 0.91 0.808513586779 -4.52389091157e-08
0.00132194114847 1.011 0.826418543562 -4.76088054548e-08
0.00132194114847 1.112 0.842686346804 -4.99900763589e-08
0.00132194114847 1.213 0.857390946619 -5.23795844424e-08
0.00132194114847 1.314 0.870637442416 -5.47752154626e-08
0.00132194114847 1.415 0.882548892594 -5.7175766679e-08
0.00132194114847 1.516 0.893237344586 -5.95795119489e-08
0.00132194114847 1.617 0.902813605177 -6.19849377452e-08
0.00132194114847 1.718 0.911405503916 -6.43925037635e-08
0.00132194114847 1.819 0.919113722003 -6.68014670738e-08
0.00132194114847 1.92 0.926016793773 -6.92098234695e-08
0.00132194114847 2.021 0.932220763516 -7.1619012883e-08
0.00132194114847 2.122 0.937799725486 -7.40285040091e-08
0.00132194114847 2.223 0.942821596346 -7.64379702037e-08
0.00132194114847 2.324 0.947348039305 -7.88472644819e-08
0.00132194114847 2.425 0.951434594351 -8.12563992473e-08
0.00132194114847 2.526 0.955130954803 -8.36655275169e-08
0.00132194114847 2.627 0.958481342879 -8.60749293523e-08
0.00132194114847 2.728 0.961512753559 -8.84826163781e-08
0.00132194114847 2.829 0.964267564191 -9.08900797585e-08
0.00132194114847 2.93 0.966780688273 -9.32986232532e-08
0.00132194114847 3.031 0.969065524969 -9.57054843503e-08
0.00132194114847 3.132 0.971153885243 -9.81126537078e-08
0.00132194114847 3.233 0.973064048189 -1.00519745168e-07
0.00132194114847 3.334 0.97481237214 -1.02926253687e-07
0.00132194114847 3.435 0.976417635706 -1.05333116342e-07
0.00132194114847 3.536 0.977890022187 -1.07738979092e-07
0.00132194114847 3.637 0.979248045409 -1.10146056427e-07
0.00132194114847 3.738 0.980494510751 -1.12551061916e-07
0.00132194114847 3.839 0.981647602891 -1.1495735e-07
0.00132194114847 3.94 0.982712300256 -1.17363324462e-07
0.00132194114847 4.041 0.983695527268 -1.19768365747e-07
0.00132194114847 4.142 0.984607072264 -1.22173821762e-07
0.00132194114847 4.243 0.985452617347 -1.24579378861e-07
0.00132194114847 4.344 0.986237594629 -1.26984869398e-07
0.00132194114847 4.445 0.986967090661 -1.29390230685e-07
0.00132194114847 4.546 0.987645799405 -1.31795469616e-07
0.00132194114847 4.647 0.988278011348 -1.34200637039e-07
0.00132194114847 4.748 0.988867625356 -1.36605808138e-07
0.00132194114847 4.849 0.989418172988 -1.39011071054e-07
0.00132194114847 4.95 0.989932848353 -1.41416517446e-07
0.00132194114847 5.051 0.990414425373 -1.43822119549e-07
0.00132194114847 5.152 0.990864777583 -1.46227125491e-07
0.00132194114847 5.253 0.991287193679 -1.48632529608e-07
0.00132194114847 5.354 0.991683820769 -1.51038415452e-07
0.00132194114847 5.455 0.992055666308 -1.53443610833e-07
0.00132194114847 5.556 0.992405512311 -1.55849390393e-07
0.00132194114847 5.657 0.992734524449 -1.58255154104e-07
0.00132194114847 5.758 0.993044247202 -1.60660972209e-07
0.00132194114847 5.859 0.993336202385 -1.63067093775e-07
0.00132194114847 5.96 0.993611388099 -1.6547310088e-07
0.00132194114847 6.061 0.993871239689 -1.67879480702e-07
0.00132194114847 6.162 0.994116582029 -1.70285811592e-07
0.00132194114847 6.263 0.994348559475 -1.72692410411e-07
0.00132194114847 6.364 0.994568015522 -1.75099176922e-07
0.00132194114847 6.465 0.994775728527 -1.77505987238e-07
0.00132194114847 6.566 0.994972648495 -1.7991327736e-07
0.00132194114847 6.667 0.995159182441 -1.82320307741e-07
0.00132194114847 6.768 0.995336325594 -1.84727939582e-07
0.00132194114847 6.869 0.995504414262 -1.87135454467e-07
0.00132194114847 6.97 0.995664179853 -1.89543312736e-07
0.00132194114847 7.071 0.995816130334 -1.91951493466e-07
0.00132194114847 7.172 0.995960631833 -1.94359606449e-07
0.00132194114847 7.273 0.996098327106 -1.96768292197e-07
0.00132194114847 7.374 0.996229440114 -1.99176870621e-07
0.00132194114847 7.475 0.99635450331 -2.01585847163e-07
0.00132194114847 7.576 0.996473855592 -2.03995146472e-07
0.00132194114847 7.677 0.996587759654 -2.06404441956e-07
0.00132194114847 7.778 0.996696665964 -2.08814312693e-07
0.00132194114847 7.879 0.996800727085 -2.11224115255e-07
0.00132194114847 7.98 0.996900324846 -2.13634334696e-07
0.00132194114847 8.081 0.996995700529 -2.16044906616e-07
0.00132194114847 8.182 0.997087035114 -2.18455498216e-07
0.00132194114847 8.283 0.997174653865 -2.20866658237e-07
0.00132194114847 8.384 0.997258674122 -2.23277841275e-07
0.00132194114847 8.485 0.997339354723 -2.25689398283e-07
0.00132194114847 8.586 0.997416890087 -2.28101400583e-07
0.00132194114847 8.687 0.997491387352 -2.30513375613e-07
0.00132194114847 8.788 0.997563094627 -2.32925912978e-07
0.00132194114847 8.889 0.997632112807 -2.35338623763e-07
0.00132194114847 8.99 0.99769860114 -2.37751602437e-07
0.00132194114847 9.091 0.997762729116 -2.40165137818e-07
0.00132194114847 9.192 0.997824555835 -2.42578613053e-07
0.00132194114847 9.293 0.997884267892 -2.44992614147e-07
0.00132194114847 9.394 0.997941959738 -2.47406971147e-07
0.00132194114847 9.495 0.997997718278 -2.49821456498e-07
0.00132194114847 9.596 0.998051685255 -2.52236506704e-07
0.00132194114847 9.697 0.998103917691 -2.54651683913e-07
0.00132194114847 9.798 0.998154528974 -2.57067247098e-07
0.00132194114847 9.899 0.998203612085 -2.59483310965e-07
0.00132194114847 10.0 0.998251213802 -2.61899404473e-07
0.0014508287785 0.001 0.594118704465 -2.52391875016e-08
0.0014508287785 0.102 0.618150651207 -2.73069293205e-08
0.0014508287785 0.203 0.643499242365 -2.94061176953e-08
0.0014508287785 0.304 0.669458427199 -3.15486812763e-08
0.0014508287785 0.405 0.695356956358 -3.37376525586e-08
0.0014508287785 0.506 0.720633409104 -3.59711777212e-08
0.0014508287785 0.607 0.744839786429 -3.82429736603e-08
0.0014508287785 0.708 0.767671404586 -4.05472962672e-08
0.0014508287785 0.809 0.788930991431 -4.28776948055e-08
0.0014508287785 0.91 0.808515585813 -4.52281828917e-08
0.0014508287785 1.011 0.826420971442 -4.75947040435e-08
0.0014508287785 1.112 0.842688919753 -4.99734870647e-08
0.0014508287785 1.213 0.857393305926 -5.23611819173e-08
0.0014508287785 1.314 0.870639229013 -5.47555063158e-08
0.0014508287785 1.415 0.882549788984 -5.71551332457e-08
0.0014508287785 1.516 0.893237072217 -5.95582434142e-08
0.0014508287785 1.617 0.902811956772 -6.19632533473e-08
0.0014508287785 1.718 0.911402373226 -6.43705701273e-08
0.0014508287785 1.819 0.919109081622 -6.67794117799e-08
0.0014508287785 1.92 0.926010688036 -6.91877421575e-08
0.0014508287785 2.021 0.932213319828 -7.1596981009e-08
0.0014508287785 2.122 0.937791128883 -7.4006579586e-08
0.0014508287785 2.223 0.942812079938 -7.64161975235e-08
0.0014508287785 2.324 0.947337872496 -7.8825677141e-08
0.0014508287785 2.425 0.951424070317 -8.12350221473e-08
0.0014508287785 2.526 0.955120378336 -8.36443786708e-08
0.0014508287785 2.627 0.958471019421 -8.60540212432e-08
0.0014508287785 2.728 0.961503000427 -8.84619524729e-08
0.0014508287785 2.829 0.964258676099 -9.0869661058e-08
0.0014508287785 2.93 0.966772931456 -9.32784485522e-08
0.0014508287785 3.031 0.969059168756 -9.56855430519e-08
0.0014508287785 3.132 0.971149158273 -9.80929350793e-08
0.0014508287785 3.233 0.973061156839 -1.00500234034e-07
0.0014508287785 3.334 0.97481149964 -1.02906930251e-07
0.0014508287785 3.435 0.976418931346 -1.05313959278e-07
0.0014508287785 3.536 0.977893616487 -1.07719960937e-07
0.0014508287785 3.637 0.979254029396 -1.10127151329e-07
0.0014508287785 3.738 0.980502966259 -1.12532233862e-07
0.0014508287785 3.839 0.981658570715 -1.14938567569e-07
0.0014508287785 3.94 0.982725805357 -1.17344550064e-07
0.0014508287785 4.041 0.98371157274 -1.19749557738e-07
0.0014508287785 4.142 0.984625637199 -1.22154939291e-07
0.0014508287785 4.243 0.985473663078 -1.24560378122e-07
0.0014508287785 4.344 0.98626106526 -1.26965704097e-07
0.0014508287785 4.445 0.986992914218 -1.29370852418e-07
0.0014508287785 4.546 0.987673889314 -1.31775828179e-07
0.0014508287785 4.647 0.988308268044 -1.34180680682e-07
0.0014508287785 4.748 0.988899937956 -1.36585483782e-07
0.0014508287785 4.849 0.989452420857 -1.38990324455e-07
0.0014508287785 4.95 0.989968902602 -1.41395293341e-07
0.0014508287785 5.051 0.990452149577 -1.43800361451e-07
0.0014508287785 5.152 0.990904024588 -1.46204773754e-07
0.0014508287785 5.253 0.991327816273 -1.48609526451e-07
0.0014508287785 5.354 0.99172566829 -1.51014702536e-07
0.0014508287785 5.455 0.992098576412 -1.5341912574e-07
0.0014508287785 5.556 0.992449328876 -1.55824073749e-07
0.0014508287785 5.657 0.992779084921 -1.58228944278e-07
0.0014508287785 5.758 0.993089388243 -1.60633807337e-07
0.0014508287785 5.859 0.993381762008 -1.63038912353e-07
0.0014508287785 5.96 0.993657200531 -1.6544383992e-07
0.0014508287785 6.061 0.993917143857 -1.67849078415e-07
0.0014508287785 6.162 0.994162413758 -1.70254204839e-07
0.0014508287785 6.263 0.994394158756 -1.72659536891e-07
0.0014508287785 6.364 0.994613222994 -1.75064974033e-07
0.0014508287785 6.465 0.994820385337 -1.77470392073e-07
0.0014508287785 6.566 0.995016602541 -1.79876228339e-07
0.0014508287785 6.667 0.995202276138 -1.82281741359e-07
0.0014508287785 6.768 0.99537841316 -1.84687794919e-07
0.0014508287785 6.869 0.995545344937 -1.87093668858e-07
0.0014508287785 6.97 0.99570381078 -1.89499825046e-07
0.0014508287785 7.071 0.995854321547 -1.91906242799e-07
0.0014508287785 7.172 0.995997242119 -1.94312531224e-07
0.0014508287785 7.273 0.996133225707 -1.96719332874e-07
0.0014508287785 7.374 0.996262491912 -1.99125966304e-07
0.0014508287785 7.475 0.996385582243 -2.01532938671e-07
0.0014508287785 7.576 0.996502838173 -2.03940174864e-07
0.0014508287785 7.677 0.996614522065 -2.06347347967e-07
0.0014508287785 7.778 0.996721094424 -2.08755038927e-07
0.0014508287785 7.879 0.996822703912 -2.11162603303e-07
0.0014508287785 7.98 0.996919741285 -2.13570527791e-07
0.0014508287785 8.081 0.997012450499 -2.15978748355e-07
0.0014508287785 8.182 0.997101012124 -2.1838693202e-07
0.0014508287785 8.283 0.997185760965 -2.20795629243e-07
0.0014508287785 8.384 0.997266811525 -2.23204294039e-07
0.0014508287785 8.485 0.997344429827 -2.25613278653e-07
0.0014508287785 8.586 0.997418814284 -2.28022655093e-07
0.0014508287785 8.687 0.997490069953 -2.3043195049e-07
0.0014508287785 8.788 0.997558454547 -2.3284175612e-07
0.0014508287785 8.889 0.997624067736 -2.35251682944e-07
0.0014508287785 8.99 0.997687072778 -2.37661826196e-07
0.0014508287785 9.091 0.997747645187 -2.40072475737e-07
0.0014508287785 9.192 0.997805840312 -2.42483014329e-07
0.0014508287785 9.293 0.997861853788 -2.44894029477e-07
0.0014508287785 9.394 0.997915780973 -2.47305351541e-07
0.0014508287785 9.495 0.997967709065 -2.49716753253e-07
0.0014508287785 9.596 0.998017786918 -2.5212867228e-07
0.0014508287785 9.697 0.998066069583 -2.54540670796e-07
0.0014508287785 9.798 0.998112675563 -2.56953008691e-07
0.0014508287785 9.899 0.998157701374 -2.59365801363e-07
0.0014508287785 10.0 0.998201191454 -2.61778577882e-07
0.00159228279334 0.001 0.594118762991 -2.53651535385e-08
0.00159228279334 0.102 0.618150516033 -2.74016718674e-08
0.00159228279334 0.203 0.643499214199 -2.94747415995e-08
0.00159228279334 0.304 0.669458126445 -3.15962394151e-08
0.00159228279334 0.405 0.695356119595 -3.37686484562e-08
0.00159228279334 0.506 0.720632300367 -3.59893430452e-08
0.00159228279334 0.607 0.744838432439 -3.82513598858e-08
0.00159228279334 0.708 0.76767014056 -4.0548293878e-08
0.00159228279334 0.809 0.788930112853 -4.28731633777e-08
0.00159228279334 0.91 0.808515339856 -4.52195581983e-08
0.00159228279334 1.011 0.826421590294 -4.75830571175e-08
0.00159228279334 1.112 0.842690508161 -4.99596323977e-08
0.00159228279334 1.213 0.857395817197 -5.23457289561e-08
0.00159228279334 1.314 0.870642498952 -5.47389100495e-08
0.00159228279334 1.415 0.882553564701 -5.71377297014e-08
0.00159228279334 1.516 0.893241018498 -5.95402799351e-08
0.00159228279334 1.617 0.90281569767 -6.19449096355e-08
0.00159228279334 1.718 0.911405551288 -6.43519786941e-08
0.00159228279334 1.819 0.919111359265 -6.67606675361e-08
0.00159228279334 1.92 0.926011754831 -6.91689121378e-08
0.00159228279334 2.021 0.932212947642 -7.15781166363e-08
0.00159228279334 2.122 0.937789153369 -7.39877177928e-08
0.00159228279334 2.223 0.942808406509 -7.63973654692e-08
0.00159228279334 2.324 0.947332476631 -7.88068956495e-08
0.00159228279334 2.425 0.951416993361 -8.1216307522e-08
0.00159228279334 2.526 0.955111719939 -8.36257440459e-08
0.00159228279334 2.627 0.958460927781 -8.6035477713e-08
0.00159228279334 2.728 0.961491673828 -8.8443506823e-08
0.00159228279334 2.829 0.964246343655 -9.08513208792e-08
0.00159228279334 2.93 0.966759836852 -9.32602215141e-08
0.00159228279334 3.031 0.969045591625 -9.5667432116e-08
0.00159228279334 3.132 0.971135375076 -9.80749442841e-08
0.00159228279334 3.233 0.973047449288 -1.0048236531e-07
0.00159228279334 3.334 0.974798153583 -1.02889183363e-07
0.00159228279334 3.435 0.976406216358 -1.05296333176e-07
0.00159228279334 3.536 0.977881805924 -1.0770245115e-07
0.00159228279334 3.637 0.979243360611 -1.1010975379e-07
0.00159228279334 3.738 0.980493693548 -1.12514938537e-07
0.00159228279334 3.839 0.981650897274 -1.14921366005e-07
0.00159228279334 3.94 0.982719930989 -1.17327429607e-07
0.00159228279334 4.041 0.983707682212 -1.19732502434e-07
0.00159228279334 4.142 0.984623882522 -1.22137932463e-07
0.00159228279334 4.243 0.985474178575 -1.24543400278e-07
0.00159228279334 4.344 0.986263966016 -1.26948733071e-07
0.00159228279334 4.445 0.986998295339 -1.29353863504e-07
0.00159228279334 4.546 0.987681825886 -1.3175879426e-07
0.00159228279334 4.647 0.988318815612 -1.34163572352e-07
0.00159228279334 4.748 0.988913133339 -1.36568269456e-07
0.00159228279334 4.849 0.989468283162 -1.38972970489e-07
0.00159228279334 4.95 0.989987434425 -1.41377764141e-07
0.00159228279334 5.051 0.990473338376 -1.43782619317e-07
0.00159228279334 5.152 0.990927844387 -1.46186777428e-07
0.00159228279334 5.253 0.991354226016 -1.48591234823e-07
0.00159228279334 5.354 0.991754615184 -1.50996072937e-07
0.00159228279334 5.455 0.992129995717 -1.53400111134e-07
0.00159228279334 5.556 0.992483146171 -1.55804628384e-07
0.00159228279334 5.657 0.992815215643 -1.58209019482e-07
0.00159228279334 5.758 0.99312773927 -1.60613353169e-07
0.00159228279334 5.859 0.993422233155 -1.63017878151e-07
0.00159228279334 5.96 0.993699683275 -1.65422172709e-07
0.00159228279334 6.061 0.993961525347 -1.6782672532e-07
0.00159228279334 6.162 0.994208573905 -1.70231110798e-07
0.00159228279334 6.263 0.994441974194 -1.72635646698e-07
0.00159228279334 6.364 0.994662565873 -1.75040231314e-07
0.00159228279334 6.465 0.994871123418 -1.77444739264e-07
0.00159228279334 6.566 0.995068603695 -1.79849608374e-07
0.00159228279334 6.667 0.995255400572 -1.8225409437e-07
0.00159228279334 6.768 0.995432525535 -1.84659062917e-07
0.00159228279334 6.869 0.995600302973 -1.87063791232e-07
0.00159228279334 6.97 0.995759474786 -1.89468742054e-07
0.00159228279334 7.071 0.995910551193 -1.91873894237e-07
0.00159228279334 7.172 0.996053893238 -1.94278855372e-07
0.00159228279334 7.273 0.996190160054 -1.96684269629e-07
0.00159228279334 7.374 0.996319565217 -1.99089453295e-07
0.00159228279334 7.475 0.99644265562 -2.01494914844e-07
0.00159228279334 7.576 0.99655977297 -2.03900578802e-07
0.00159228279334 7.677 0.996671177307 -2.0630611718e-07
0.00159228279334 7.778 0.996777336425 -2.08712112604e-07
0.00159228279334 7.879 0.996878393677 -2.11117918702e-07
0.00159228279334 7.98 0.99697474654 -2.13524023644e-07
0.00159228279334 8.081 0.997066640106 -2.15930363261e-07
0.00159228279334 8.182 0.997154253104 -2.18336603698e-07
0.00159228279334 8.283 0.997237928436 -2.20743297148e-07
0.00159228279334 8.384 0.997317776575 -2.23149896197e-07
0.00159228279334 8.485 0.997394069637 -2.25556754296e-07
0.00159228279334 8.586 0.997467009122 -2.27963943857e-07
0.00159228279334 8.687 0.997536696923 -2.30370990918e-07
0.00159228279334 8.788 0.997603399891 -2.32778488668e-07
0.00159228279334 8.889 0.997667215587 -2.35186047266e-07
0.00159228279334 8.99 0.997728310747 -2.37593762509e-07
0.00159228279334 9.091 0.997786866714 -2.40001925348e-07
0.00159228279334 9.192 0.997842934052 -2.42409917241e-07
0.00159228279334 9.293 0.997896717714 -2.44818327592e-07
0.00159228279334 9.394 0.997948313535 -2.47226986668e-07
0.00159228279334 9.495 0.997997808485 -2.4963566701e-07
0.00159228279334 9.596 0.998045358997 -2.52044807764e-07
0.00159228279334 9.697 0.998091017422 -2.54453970432e-07
0.00159228279334 9.798 0.998134907721 -2.56863415952e-07
0.00159228279334 9.899 0.998177130159 -2.592732604e-07
0.00159228279334 10.0 0.998217726055 -2.61683032216e-07
0.00174752840001 0.001 0.594118561281 -2.54821380759e-08
0.00174752840001 0.102 0.618150251183 -2.74894673258e-08
0.00174752840001 0.203 0.643499350835 -2.95383279284e-08
0.00174752840001 0.304 0.669458424476 -3.16404511509e-08
0.00174752840001 0.405 0.695356280167 -3.37977102348e-08
0.00174752840001 0.506 0.720632326439 -3.6006716648e-08
0.00174752840001 0.607 0.744837998223 -3.82598476126e-08
0.00174752840001 0.708 0.767669192948 -4.05500755401e-08
0.00174752840001 0.809 0.788928658076 -4.28699247502e-08
0.00174752840001 0.91 0.808513508456 -4.5212594156e-08
0.00174752840001 1.011 0.826419686428 -4.75733584959e-08
0.00174752840001 1.112 0.842688886617 -4.99479476887e-08
0.00174752840001 1.213 0.857394815128 -5.23326266416e-08
0.00174752840001 1.314 0.870642401825 -5.47248169904e-08
0.00174752840001 1.415 0.882554568379 -5.71229609341e-08
0.00174752840001 1.516 0.893243194212 -5.95250648816e-08
0.00174752840001 1.617 0.90281899324 -6.19294126098e-08
0.00174752840001 1.718 0.91140981786 -6.43363154246e-08
0.00174752840001 1.819 0.919116356886 -6.67449175576e-08
0.00174752840001 1.92 0.926017161876 -6.91531250887e-08
0.00174752840001 2.021 0.932218422854 -7.15623228531e-08
0.00174752840001 2.122 0.937794338568 -7.39719335042e-08
0.00174752840001 2.223 0.942812949683 -7.63815963118e-08
0.00174752840001 2.324 0.947336051239 -7.87911399933e-08
0.00174752840001 2.425 0.951419313062 -8.12005601457e-08
0.00174752840001 2.526 0.955112548434 -8.36099981233e-08
0.00174752840001 2.627 0.958460083781 -8.60197260868e-08
0.00174752840001 2.728 0.961489022022 -8.84277400337e-08
0.00174752840001 2.829 0.964241816649 -9.08355329374e-08
0.00174752840001 2.93 0.966753422472 -9.32444092958e-08
0.00174752840001 3.031 0.969037323259 -9.56515906115e-08
0.00174752840001 3.132 0.97112533594 -9.80590725244e-08
0.00174752840001 3.233 0.973035760586 -1.00466463216e-07
0.00174752840001 3.334 0.974784975102 -1.02873251959e-07
0.00174752840001 3.435 0.976391731248 -1.05280375128e-07
0.00174752840001 3.536 0.977866230184 -1.07686469115e-07
0.00174752840001 3.637 0.979226911825 -1.10093752171e-07
0.00174752840001 3.738 0.980476628898 -1.12498920298e-07
0.00174752840001 3.839 0.98163345434 -1.14905335723e-07
0.00174752840001 3.94 0.982702364791 -1.17311390716e-07
0.00174752840001 4.041 0.983690255592 -1.19716457544e-07
0.00174752840001 4.142 0.984606841705 -1.22121883851e-07
0.00174752840001 4.243 0.985457767142 -1.24527348993e-07
0.00174752840001 4.344 0.986248421389 -1.26932678804e-07
0.00174752840001 4.445 0.986983845697 -1.29337804447e-07
0.00174752840001 4.546 0.987668687719 -1.31742726969e-07
0.00174752840001 4.647 0.988307191911 -1.34147491635e-07
0.00174752840001 4.748 0.988903212346 -1.36552168274e-07
0.00174752840001 4.849 0.989460237656 -1.38956839897e-07
0.00174752840001 4.95 0.989981421271 -1.41361593237e-07
0.00174752840001 5.051 0.990469499521 -1.43766395119e-07
0.00174752840001 5.152 0.990926312776 -1.46170484148e-07
0.00174752840001 5.253 0.991355110345 -1.48574855404e-07
0.00174752840001 5.354 0.991758008802 -1.50979588351e-07
0.00174752840001 5.455 0.992135985504 -1.53383498888e-07
0.00174752840001 5.556 0.992491795358 -1.55787865339e-07
0.00174752840001 5.657 0.992826577384 -1.58192079677e-07
0.00174752840001 5.758 0.9931418526 -1.6059620867e-07
0.00174752840001 5.859 0.993439122814 -1.63000499367e-07
0.00174752840001 5.96 0.993719363359 -1.65404527436e-07
0.00174752840001 6.061 0.993983996164 -1.67808780221e-07
0.00174752840001 6.162 0.994233825908 -1.70212829963e-07
0.00174752840001 6.263 0.994469986286 -1.72616992971e-07
0.00174752840001 6.364 0.99469330732 -1.75021165641e-07
0.00174752840001 6.465 0.994904554073 -1.7742522064e-07
0.00174752840001 6.566 0.995104674674 -1.79829595145e-07
0.00174752840001 6.667 0.99529405459 -1.82233541696e-07
0.00174752840001 6.768 0.995473698369 -1.84637926456e-07
0.00174752840001 6.869 0.995643922603 -1.87042023567e-07
0.00174752840001 6.97 0.995805463438 -1.8944629553e-07
0.00174752840001 7.071 0.995958825437 -1.91850719926e-07
0.00174752840001 7.172 0.996104362932 -1.94254902119e-07
0.00174752840001 7.273 0.996242732502 -1.96659486864e-07
0.00174752840001 7.374 0.996374140638 -1.99063787543e-07
0.00174752840001 7.475 0.996499132387 -2.01468313021e-07
0.00174752840001 7.576 0.996618045789 -2.03872986707e-07
0.00174752840001 7.677 0.996731135827 -2.06277478771e-07
0.00174752840001 7.778 0.996838871027 -2.08682372749e-07
0.00174752840001 7.879 0.99694138832 -2.11087019584e-07
0.00174752840001 7.98 0.997039086267 -2.13491908213e-07
0.00174752840001 8.081 0.997132207958 -2.15896973647e-07
0.00174752840001 8.182 0.997220928088 -2.1830188038e-07
0.00174752840001 8.283 0.997305592728 -2.20707181813e-07
0.00174752840001 8.384 0.997386307059 -2.23112328294e-07
0.00174752840001 8.485 0.997463345403 -2.25517673955e-07
0.00174752840001 8.586 0.997536909622 -2.27923291061e-07
0.00174752840001 8.687 0.997607097061 -2.30328703733e-07
0.00174752840001 8.788 0.997674180009 -2.32734506796e-07
0.00174752840001 8.889 0.99773825255 -2.35140308847e-07
0.00174752840001 8.99 0.997799482601 -2.37546205758e-07
0.00174752840001 9.091 0.99785805496 -2.39952489253e-07
0.00174752840001 9.192 0.997914014486 -2.42358538549e-07
0.00174752840001 9.293 0.997967572925 -2.44764944892e-07
0.00174752840001 9.394 0.99801882528 -2.47171537884e-07
0.00174752840001 9.495 0.998067857002 -2.49578089234e-07
0.00174752840001 9.596 0.998114830383 -2.51985039521e-07
0.00174752840001 9.697 0.998159794119 -2.54391948764e-07
0.00174752840001 9.798 0.998202876267 -2.56799078792e-07
0.00174752840001 9.899 0.998244179762 -2.59206546116e-07
0.00174752840001 10.0 0.99828374187 -2.61613877683e-07
0.00191791026167 0.001 0.594118387747 -2.55895794797e-08
0.00191791026167 0.102 0.618149780781 -2.75698549065e-08
0.00191791026167 0.203 0.643499013998 -2.95964759628e-08
0.00191791026167 0.304 0.669458181847 -3.16809467096e-08
0.00191791026167 0.405 0.69535615668 -3.38245120594e-08
0.00191791026167 0.506 0.720632596838 -3.60230212972e-08
0.00191791026167 0.607 0.744838498499 -3.82682077525e-08
0.00191791026167 0.708 0.767669784097 -4.05524448689e-08
0.00191791026167 0.809 0.788929050833 -4.28678041032e-08
0.00191791026167 0.91 0.80851339543 -4.52071280409e-08
0.00191791026167 1.011 0.826418900699 -4.75654136444e-08
0.00191791026167 1.112 0.842687388958 -4.99381870222e-08
0.00191791026167 1.213 0.857392700777 -5.23215562063e-08
0.00191791026167 1.314 0.870639902577 -5.47128156289e-08
0.00191791026167 1.415 0.882552009189 -5.71103216e-08
0.00191791026167 1.516 0.893240932101 -5.95120103793e-08
0.00191791026167 1.617 0.9028173779 -6.19161141734e-08
0.00191791026167 1.718 0.911409148401 -6.43228966736e-08
0.00191791026167 1.819 0.919116852408 -6.67314667941e-08
0.00191791026167 1.92 0.926018944241 -6.91397016439e-08
0.00191791026167 2.021 0.932221513846 -7.15489648203e-08
0.00191791026167 2.122 0.937798664418 -7.39586610266e-08
0.00191791026167 2.223 0.942818351812 -7.63684149102e-08
0.00191791026167 2.324 0.947342301883 -7.87780441393e-08
0.00191791026167 2.425 0.951426133843 -8.11875367329e-08
0.00191791026167 2.526 0.955119629839 -8.35970284755e-08
0.00191791026167 2.627 0.958467103647 -8.60067884049e-08
0.00191791026167 2.728 0.961495637181 -8.84148072582e-08
0.00191791026167 2.829 0.964247710934 -9.08225802913e-08
0.00191791026167 2.93 0.966758315618 -9.32314144997e-08
0.00191791026167 3.031 0.969040939133 -9.56385281464e-08
0.00191791026167 3.132 0.971127454644 -9.80459220068e-08
0.00191791026167 3.233 0.973036198225 -1.00453205755e-07
0.00191791026167 3.334 0.974783588058 -1.02859870771e-07
0.00191791026167 3.435 0.976388423398 -1.05266856972e-07
0.00191791026167 3.536 0.977860943103 -1.07672802318e-07
0.00191791026167 3.637 0.979219633219 -1.10079929489e-07
0.00191791026167 3.738 0.980467380105 -1.12484934825e-07
0.00191791026167 3.839 0.981622294918 -1.14891185057e-07
0.00191791026167 3.94 0.982689384589 -1.17297073581e-07
0.00191791026167 4.041 0.98367557682 -1.19701974603e-07
0.00191791026167 4.142 0.984590607123 -1.22107237831e-07
0.00191791026167 4.243 0.985440140719 -1.24512543835e-07
0.00191791026167 4.344 0.986229585356 -1.26917719537e-07
0.00191791026167 4.445 0.986963997022 -1.2932269693e-07
0.00191791026167 4.546 0.987648034453 -1.31727477621e-07
0.00191791026167 4.647 0.988285949713 -1.34132107159e-07
0.00191791026167 4.748 0.988881601305 -1.365366554e-07
0.00191791026167 4.849 0.989438479476 -1.38941205124e-07
0.00191791026167 4.95 0.989959736854 -1.41345842612e-07
0.00191791026167 5.051 0.990448108253 -1.43750534066e-07
0.00191791026167 5.152 0.990905439012 -1.46154517374e-07
0.00191791026167 5.253 0.991334962161 -1.4855878644e-07
0.00191791026167 5.354 0.991738786792 -1.50963419579e-07
0.00191791026167 5.455 0.992117896167 -1.53367231471e-07
0.00191791026167 5.556 0.992475021942 -1.55771498947e-07
0.00191791026167 5.657 0.992811300719 -1.58175612469e-07
0.00191791026167 5.758 0.993128242671 -1.60579637189e-07
0.00191791026167 5.859 0.993427336458 -1.62983818507e-07
0.00191791026167 5.96 0.993709551046 -1.65387730246e-07
0.00191791026167 6.061 0.993976292181 -1.67791858083e-07
0.00191791026167 6.162 0.994228357622 -1.70195772263e-07
0.00191791026167 6.263 0.994466866629 -1.72599787358e-07
0.00191791026167 6.364 0.994692639007 -1.75003797845e-07
0.00191791026167 6.465 0.994906429634 -1.77407674384e-07
0.00191791026167 6.566 0.995109172134 -1.79811852628e-07
0.00191791026167 6.667 0.995301246839 -1.8221558255e-07
0.00191791026167 6.768 0.995483641387 -1.84619729273e-07
0.00191791026167 6.869 0.995656667039 -1.87023564318e-07
0.00191791026167 6.97 0.99582104691 -1.89427548864e-07
0.00191791026167 7.071 0.99597727627 -1.91831658708e-07
0.00191791026167 7.172 0.996125701952 -1.94235496852e-07
0.00191791026167 7.273 0.996266968761 -1.96639707302e-07
0.00191791026167 7.374 0.996401277318 -1.99043600637e-07
0.00191791026167 7.475 0.99652916259 -2.01447684905e-07
0.00191791026167 7.576 0.996650955262 -2.03851881809e-07
0.00191791026167 7.677 0.996766903458 -2.06255859284e-07
0.00191791026167 7.778 0.996877467753 -2.08660200543e-07
0.00191791026167 7.879 0.996982779177 -2.1106425368e-07
0.00191791026167 7.98 0.997083229523 -2.13468507262e-07
0.00191791026167 8.081 0.997179056204 -2.1587289482e-07
0.00191791026167 8.182 0.997270428037 -2.18277078682e-07
0.00191791026167 8.283 0.997357686452 -2.20681612367e-07
0.00191791026167 8.384 0.997440930987 -2.23085943577e-07
0.00191791026167 8.485 0.997520431983 -2.25490426195e-07
0.00191791026167 8.586 0.997596387437 -2.27895131589e-07
0.00191791026167 8.687 0.99766888927 -2.30299581427e-07
0.00191791026167 8.788 0.997738208107 -2.32704371234e-07
0.00191791026167 8.889 0.997804433364 -2.35109107477e-07
0.00191791026167 8.99 0.997867730135 -2.37513885358e-07
0.00191791026167 9.091 0.997928281972 -2.39918996663e-07
0.00191791026167 9.192 0.997986127946 -2.42323817753e-07
0.00191791026167 9.293 0.998041480621 -2.44728940993e-07
0.00191791026167 9.394 0.998094432099 -2.47134194687e-07
0.00191791026167 9.495 0.998145064435 -2.4953934903e-07
0.00191791026167 9.596 0.998193541202 -2.51944845456e-07
0.00191791026167 9.697 0.998239906625 -2.54350241814e-07
0.00191791026167 9.798 0.998284289287 -2.5675580026e-07
0.00191791026167 9.899 0.998326792033 -2.59161637196e-07
0.00191791026167 10.0 0.998367447375 -2.61567277322e-07
0.00210490414451 0.001 0.594118366803 -2.56869344459e-08
0.00210490414451 0.102 0.618149648691 -2.76424697835e-08
0.00210490414451 0.203 0.64349898585 -2.96489040679e-08
0.00210490414451 0.304 0.669457982638 -3.17174656879e-08
0.00210490414451 0.405 0.695355641805 -3.38487664884e-08
0.00210490414451 0.506 0.720632039503 -3.60379244741e-08
0.00210490414451 0.607 0.744838007016 -3.82760747679e-08
0.00210490414451 0.708 0.767669620898 -4.05550444798e-08
0.00210490414451 0.809 0.788929337551 -4.28664874863e-08
0.00210490414451 0.91 0.80851409283 -4.52029156651e-08
0.00210490414451 1.011 0.826419867399 -4.75590585469e-08
0.00210490414451 1.112 0.84268837044 -4.99302515953e-08
0.00210490414451 1.213 0.85739338776 -5.23124552818e-08
0.00210490414451 1.314 0.870640021073 -5.47028649267e-08
0.00210490414451 1.415 0.882551378389 -5.70997598168e-08
0.00210490414451 1.516 0.893239478934 -5.95010230412e-08
0.00210490414451 1.617 0.902815157301 -6.19048418408e-08
0.00210490414451 1.718 0.91140633276 -6.43114519156e-08
0.00210490414451 1.819 0.919113697548 -6.67199397325e-08
0.00210490414451 1.92 0.92601576472 -6.91281609118e-08
0.00210490414451 2.021 0.932218637263 -7.1537462689e-08
0.00210490414451 2.122 0.937796405661 -7.39472372823e-08
0.00210490414451 2.223 0.942816987833 -7.63570979479e-08
0.00210490414451 2.324 0.947342052247 -7.87668514466e-08
0.00210490414451 2.425 0.951427148592 -8.11764757666e-08
0.00210490414451 2.526 0.955121984875 -8.35860987072e-08
0.00210490414451 2.627 0.958470802928 -8.59959825884e-08
0.00210490414451 2.728 0.961500612585 -8.8404108807e-08
0.00210490414451 2.829 0.964253831453 -9.08119692164e-08
0.00210490414451 2.93 0.966765407749 -9.32208689343e-08
0.00210490414451 3.031 0.969048773525 -9.56280190875e-08
0.00210490414451 3.132 0.971135782657 -9.80354214859e-08
0.00210490414451 3.233 0.97304475137 -1.00442684002e-07
0.00210490414451 3.334 0.974792082368 -1.02849296724e-07
0.00210490414451 3.435 0.976396584648 -1.05256201233e-07
0.00210490414451 3.536 0.977868490062 -1.07662034332e-07
0.00210490414451 3.637 0.979226321495 -1.10069023063e-07
0.00210490414451 3.738 0.980472951606 -1.12473861005e-07
0.00210490414451 3.839 0.981626548256 -1.1487992136e-07
0.00210490414451 3.94 0.982692129106 -1.1728559769e-07
0.00210490414451 4.041 0.983676646777 -1.19690266185e-07
0.00210490414451 4.142 0.984589877655 -1.22095280459e-07
0.00210490414451 4.243 0.985437514347 -1.24500323319e-07
0.00210490414451 4.344 0.986224993731 -1.26905224121e-07
0.00210490414451 4.445 0.986957401335 -1.29309917381e-07
0.00210490414451 4.546 0.987639424753 -1.31714407182e-07
0.00210490414451 4.647 0.988275343439 -1.34118741423e-07
0.00210490414451 4.748 0.988869041306 -1.36522992144e-07
0.00210490414451 4.849 0.989424031744 -1.38927244114e-07
0.00210490414451 4.95 0.989943488125 -1.41331585381e-07
0.00210490414451 5.051 0.990430164095 -1.43735983722e-07
0.00210490414451 5.152 0.990885925509 -1.46139678687e-07
0.00210490414451 5.253 0.991314015996 -1.4854366508e-07
0.00210490414451 5.354 0.991716556019 -1.509480221e-07
0.00210490414451 5.455 0.992094547742 -1.53351565811e-07
0.00210490414451 5.556 0.992450722475 -1.55755572946e-07
0.00210490414451 5.657 0.992786228423 -1.58159434685e-07
0.00210490414451 5.758 0.993102580446 -1.60563216327e-07
0.00210490414451 5.859 0.993401268534 -1.62967163123e-07
0.00210490414451 5.96 0.99368326796 -1.65370849011e-07
0.00210490414451 6.061 0.993949980286 -1.67774759021e-07
0.00210490414451 6.162 0.994202207326 -1.70178463208e-07
0.00210490414451 6.263 0.994441063341 -1.72582275316e-07
0.00210490414451 6.364 0.994667366613 -1.74986089143e-07
0.00210490414451 6.465 0.994881870074 -1.7738977455e-07
0.00210490414451 6.566 0.995085497847 -1.79793765973e-07
0.00210490414451 6.667 0.99527863412 -1.82197312687e-07
0.00210490414451 6.768 0.995462250655 -1.8460127823e-07
0.00210490414451 6.869 0.99563666113 -1.87004933185e-07
0.00210490414451 6.97 0.995802576645 -1.89408737217e-07
0.00210490414451 7.071 0.995960485821 -1.91812664778e-07
0.00210490414451 7.172 0.996110732703 -1.94216317478e-07
0.00210490414451 7.273 0.996253947391 -1.96620337767e-07
0.00210490414451 7.374 0.996390330386 -1.99024034717e-07
0.00210490414451 7.475 0.996520403331 -2.01427914813e-07
0.00210490414451 7.576 0.996644489959 -2.038318982e-07
0.00210490414451 7.677 0.996762833722 -2.06235651086e-07
0.00210490414451 7.778 0.996875881653 -2.08639755282e-07
0.00210490414451 7.879 0.996983762991 -2.1104355695e-07
0.00210490414451 7.98 0.997086857222 -2.13447543259e-07
0.00210490414451 8.081 0.997185394772 -2.15851646107e-07
0.00210490414451 8.182 0.997279539467 -2.18255525887e-07
0.00210490414451 8.283 0.997369621058 -2.20659735e-07
0.00210490414451 8.384 0.99745573581 -2.23063718989e-07
0.00210490414451 8.485 0.997538144354 -2.25467830489e-07
0.00210490414451 8.586 0.997617037508 -2.27872139434e-07
0.00210490414451 8.687 0.997692503034 -2.30276165236e-07
0.00210490414451 8.788 0.997764801796 -2.32680502754e-07
0.00210490414451 8.889 0.997834018849 -2.35084756337e-07
0.00210490414451 8.99 0.997900312589 -2.37489019825e-07
0.00210490414451 9.091 0.99796385966 -2.39893584108e-07
0.00210490414451 9.192 0.998024695458 -2.42297822893e-07
0.00210490414451 9.293 0.998083025189 -2.44702328318e-07
0.00210490414451 9.394 0.998138936306 -2.47106926994e-07
0.00210490414451 9.495 0.998192506118 -2.49511387222e-07
0.00210490414451 9.596 0.99824389274 -2.51916150186e-07
0.00210490414451 9.697 0.998293136261 -2.54320771372e-07
0.00210490414451 9.798 0.99834036057 -2.56725512346e-07
0.00210490414451 9.899 0.998385664468 -2.59130488662e-07
0.00210490414451 10.0 0.998429076175 -2.61535222506e-07
0.00231012970008 0.001 0.594118188639 -2.57748823657e-08
0.00231012970008 0.102 0.618149318279 -2.77078775924e-08
0.00231012970008 0.203 0.643498910111 -2.96960531148e-08
0.00231012970008 0.304 0.669458068505 -3.17503275883e-08
0.00231012970008 0.405 0.695355696964 -3.38706606264e-08
0.00231012970008 0.506 0.720632069116 -3.60514874441e-08
0.00231012970008 0.607 0.744837774359 -3.82833842997e-08
0.00231012970008 0.708 0.767669106136 -4.05576776697e-08
0.00231012970008 0.809 0.788928607976 -4.28656547372e-08
0.00231012970008 0.91 0.808513325453 -4.51995339155e-08
0.00231012970008 1.011 0.826419328198 -4.75538064333e-08
0.00231012970008 1.112 0.842688283133 -4.99236344249e-08
0.00231012970008 1.213 0.857393859722 -5.23048547265e-08
0.00231012970008 1.314 0.870641024366 -5.46945601653e-08
0.00231012970008 1.415 0.88255276031 -5.70909500007e-08
0.00231012970008 1.516 0.893240984322 -5.94918555178e-08
0.00231012970008 1.617 0.902816482395 -6.18954225443e-08
0.00231012970008 1.718 0.911407196256 -6.43018569267e-08
0.00231012970008 1.819 0.919113867752 -6.67102258181e-08
0.00231012970008 1.92 0.926015084319 -6.91183726167e-08
0.00231012970008 2.021 0.932217059341 -7.15276381799e-08
0.00231012970008 2.122 0.937793979557 -7.39374055902e-08
0.00231012970008 2.223 0.942813851401 -7.63472844812e-08
0.00231012970008 2.324 0.94733841486 -7.8757079885e-08
0.00231012970008 2.425 0.951423268648 -8.11667666774e-08
0.00231012970008 2.526 0.955118145597 -8.35764688381e-08
0.00231012970008 2.627 0.95846728977 -8.59864453618e-08
0.00231012970008 2.728 0.961497712686 -8.83946729734e-08
0.00231012970008 2.829 0.964251789723 -9.08026401215e-08
0.00231012970008 2.93 0.966764419602 -9.32116485299e-08
0.00231012970008 3.031 0.969049002617 -9.56189029291e-08
0.00231012970008 3.132 0.971137326498 -9.80264021407e-08
0.00231012970008 3.233 0.973047657188 -1.00433749701e-07
0.00231012970008 3.334 0.97479634286 -1.02840431208e-07
0.00231012970008 3.435 0.976402144695 -1.05247385949e-07
0.00231012970008 3.536 0.977875245097 -1.07653245978e-07
0.00231012970008 3.637 0.979234137499 -1.10060238669e-07
0.00231012970008 3.738 0.980481644204 -1.12465051144e-07
0.00231012970008 3.839 0.981635926837 -1.14871059622e-07
0.00231012970008 3.94 0.982701974491 -1.17276654458e-07
0.00231012970008 4.041 0.983686719627 -1.1968121045e-07
0.00231012970008 4.142 0.984599944123 -1.22086083022e-07
0.00231012970008 4.243 0.985447336844 -1.24490954811e-07
0.00231012970008 4.344 0.98623433653 -1.26895655598e-07
0.00231012970008 4.445 0.986966035837 -1.29300120833e-07
0.00231012970008 4.546 0.987647133985 -1.31704355946e-07
0.00231012970008 4.647 0.988281925639 -1.34108410518e-07
0.00231012970008 4.748 0.988874312614 -1.36512358499e-07
0.00231012970008 4.849 0.98942782808 -1.389162867e-07
0.00231012970008 4.95 0.989945666377 -1.41320285268e-07
0.00231012970008 5.051 0.990430601905 -1.43724324048e-07
0.00231012970008 5.152 0.990884517287 -1.46127644368e-07
0.00231012970008 5.253 0.991310685136 -1.48531243823e-07
0.00231012970008 5.354 0.991711247188 -1.50935203717e-07
0.00231012970008 5.455 0.992087221946 -1.5333834198e-07
0.00231012970008 5.556 0.992441366547 -1.55741937675e-07
0.00231012970008 5.657 0.992774846997 -1.58145383891e-07
0.00231012970008 5.758 0.993089197297 -1.60548747819e-07
0.00231012970008 5.859 0.993385925316 -1.62952276431e-07
0.00231012970008 5.96 0.993666023087 -1.65355545442e-07
0.00231012970008 6.061 0.99393090697 -1.67759041215e-07
0.00231012970008 6.162 0.994181393733 -1.70162335383e-07
0.00231012970008 6.263 0.994418609596 -1.72565742752e-07
0.00231012970008 6.364 0.994643384513 -1.74969158252e-07
0.00231012970008 6.465 0.994856482572 -1.77372452797e-07
0.00231012970008 6.566 0.995058833935 -1.79776061222e-07
0.00231012970008 6.667 0.995250835866 -1.8217923413e-07
0.00231012970008 6.768 0.995433460212 -1.84582834736e-07
0.00231012970008 6.869 0.995607031952 -1.86986134692e-07
0.00231012970008 6.97 0.995772262726 -1.89389593419e-07
0.00231012970008 7.071 0.995929644479 -1.91793185467e-07
0.00231012970008 7.172 0.996079527814 -1.94196512837e-07
0.00231012970008 7.273 0.996222537606 -1.96600217113e-07
0.00231012970008 7.374 0.996358882483 -1.99003607837e-07
0.00231012970008 7.475 0.996489078482 -2.01407190545e-07
0.00231012970008 7.576 0.996613449301 -2.03810884977e-07
0.00231012970008 7.677 0.996732240958 -2.06214357085e-07
0.00231012970008 7.778 0.996845891456 -2.08618187401e-07
0.00231012970008 7.879 0.99695453535 -2.11021721953e-07
0.00231012970008 7.98 0.997058543147 -2.13425446583e-07
0.00231012970008 8.081 0.997158142547 -2.15829292341e-07
0.00231012970008 8.182 0.997253497674 -2.18232918883e-07
0.00231012970008 8.283 0.997344927217 -2.20636877129e-07
0.00231012970008 8.384 0.99743252969 -2.23040611897e-07
0.00231012970008 8.485 0.997516556585 -2.25444474407e-07
0.00231012970008 8.586 0.997597192859 -2.27848533371e-07
0.00231012970008 8.687 0.997674526761 -2.3025230714e-07
0.00231012970008 8.788 0.997748806732 -2.32656389046e-07
0.00231012970008 8.889 0.997820116943 -2.35060382245e-07
0.00231012970008 8.99 0.997888609024 -2.37464379169e-07
0.00231012970008 9.091 0.997954450777 -2.39868669337e-07
0.00231012970008 9.192 0.998017678595 -2.42272625029e-07
0.00231012970008 9.293 0.998078485573 -2.44676837003e-07
0.00231012970008 9.394 0.998136955278 -2.47081130455e-07
0.00231012970008 9.495 0.998193161474 -2.49485272134e-07
0.00231012970008 9.596 0.998247252312 -2.51889701995e-07
0.00231012970008 9.697 0.998299266328 -2.54293973831e-07
0.00231012970008 9.798 0.998349319328 -2.56698347904e-07
0.00231012970008 9.899 0.998397503682 -2.59102938465e-07
0.00231012970008 10.0 0.998443845892 -2.61507265786e-07
0.00253536449397 0.001 0.594118186373 -2.58530915507e-08
0.00253536449397 0.102 0.618149195197 -2.7765832168e-08
0.00253536449397 0.203 0.643498823067 -2.97377239386e-08
0.00253536449397 0.304 0.669457842847 -3.17793352643e-08
0.00253536449397 0.405 0.695355360296 -3.38900288868e-08
0.00253536449397 0.506 0.720631917114 -3.60635875342e-08
0.00253536449397 0.607 0.744837850135 -3.82900515922e-08
0.00253536449397 0.708 0.767669415024 -4.05602957228e-08
0.00253536449397 0.809 0.788928964233 -4.28652647405e-08
0.00253536449397 0.91 0.808513462518 -4.51969161768e-08
0.00253536449397 1.011 0.826419061685 -4.75495398948e-08
0.00253536449397 1.112 0.84268755686 -4.991815235e-08
0.00253536449397 1.213 0.857392770847 -5.22984916897e-08
0.00253536449397 1.314 0.870639806644 -5.46875785e-08
0.00253536449397 1.415 0.882551713249 -5.70835458035e-08
0.00253536449397 1.516 0.893240390567 -5.94841723356e-08
0.00253536449397 1.617 0.902816545494 -6.18875650631e-08
0.00253536449397 1.718 0.911408002244 -6.42938974552e-08
0.00253536449397 1.819 0.919115373275 -6.67022119331e-08
0.00253536449397 1.92 0.92601712019 -6.91103340444e-08
0.00253536449397 2.021 0.932219379089 -7.15195922096e-08
0.00253536449397 2.122 0.937796288157 -7.39293613619e-08
0.00253536449397 2.223 0.942815844641 -7.6339243087e-08
0.00253536449397 2.324 0.947339815256 -7.8749037784e-08
0.00253536449397 2.425 0.951423853403 -8.11587198531e-08
0.00253536449397 2.526 0.955117764123 -8.35684148802e-08
0.00253536449397 2.627 0.958465870353 -8.59783833687e-08
0.00253536449397 2.728 0.961495263681 -8.83866031457e-08
0.00253536449397 2.829 0.964248400068 -9.07945668858e-08
0.00253536449397 2.93 0.966760234578 -9.32035792297e-08
0.00253536449397 3.031 0.969044230984 -9.56108457307e-08
0.00253536449397 3.132 0.971132204745 -9.80183665414e-08
0.00253536449397 3.233 0.973042443466 -1.00425744852e-07
0.00253536449397 3.334 0.974791308508 -1.02832465425e-07
0.00253536449397 3.435 0.976397546376 -1.05239466361e-07
0.00253536449397 3.536 0.97787133591 -1.07645377528e-07
0.00253536449397 3.637 0.979231126004 -1.10052424519e-07
0.00253536449397 3.738 0.980479733587 -1.12457290736e-07
0.00253536449397 3.839 0.981635257605 -1.1486335055e-07
0.00253536449397 3.94 0.982702660131 -1.17268990606e-07
0.00253536449397 4.041 0.983688833067 -1.19673581889e-07
0.00253536449397 4.142 0.984603512082 -1.22078477564e-07
0.00253536449397 4.243 0.98545234897 -1.24483357136e-07
0.00253536449397 4.344 0.986240745875 -1.26888047447e-07
0.00253536449397 4.445 0.986973761146 -1.29292481342e-07
0.00253536449397 4.546 0.98765606324 -1.31696661955e-07
0.00253536449397 4.647 0.988291920337 -1.3410063694e-07
0.00253536449397 4.748 0.988885212336 -1.36504478715e-07
0.00253536449397 4.849 0.989439455105 -1.38908272936e-07
0.00253536449397 4.95 0.98995783011 -1.41312108986e-07
0.00253536449397 5.051 0.990443101779 -1.43715956102e-07
0.00253536449397 5.152 0.990897138752 -1.46119054316e-07
0.00253536449397 5.253 0.991323221013 -1.48522402694e-07
0.00253536449397 5.354 0.991723492112 -1.50926082998e-07
0.00253536449397 5.455 0.992098960833 -1.53328912229e-07
0.00253536449397 5.556 0.992452404706 -1.55732172015e-07
0.00253536449397 5.657 0.992784991193 -1.58135255764e-07
0.00253536449397 5.758 0.993098265348 -1.60538232043e-07
0.00253536449397 5.859 0.993393749549 -1.62941349532e-07
0.00253536449397 5.96 0.993672444587 -1.65344185093e-07
0.00253536449397 6.061 0.993935786031 -1.67747227231e-07
0.00253536449397 6.162 0.994184601538 -1.7015004899e-07
0.00253536449397 6.263 0.994420035916 -1.72552967262e-07
0.00253536449397 6.364 0.994642934031 -1.7495587876e-07
0.00253536449397 6.465 0.994854075367 -1.77358656273e-07
0.00253536449397 6.566 0.995054408829 -1.79761736633e-07
0.00253536449397 6.667 0.995244343516 -1.82164372204e-07
0.00253536449397 6.768 0.99542487126 -1.84567428125e-07
0.00253536449397 6.869 0.995596329209 -1.86970177863e-07
0.00253536449397 6.97 0.995759445536 -1.89373082557e-07
0.00253536449397 7.071 0.995914725889 -1.91776118386e-07
0.00253536449397 7.172 0.99606253426 -1.94178889165e-07
0.00253536449397 7.273 0.996203508459 -1.96582037644e-07
0.00253536449397 7.374 0.996337869625 -1.98984875236e-07
0.00253536449397 7.475 0.9964661447 -2.01387908469e-07
0.00253536449397 7.576 0.996588667753 -2.03791058339e-07
0.00253536449397 7.677 0.996705695977 -2.06193992278e-07
0.00253536449397 7.778 0.996817673861 -2.08597291226e-07
0.00253536449397 7.879 0.996924747362 -2.11000302865e-07
0.00253536449397 7.98 0.997027291897 -2.13403513282e-07
0.00253536449397 8.081 0.997125541928 -2.15806854287e-07
0.00253536449397 8.182 0.997219670153 -2.18209986605e-07
0.00253536449397 8.283 0.997309996072 -2.20613460869e-07
0.00253536449397 8.384 0.997396627296 -2.23016723074e-07
0.00253536449397 8.485 0.997479816145 -2.25420124209e-07
0.00253536449397 8.586 0.997559749806 -2.27823733042e-07
0.00253536449397 8.687 0.997636524056 -2.30227068757e-07
0.00253536449397 8.788 0.997710383033 -2.32630723739e-07
0.00253536449397 8.889 0.997781416496 -2.35034301658e-07
0.00253536449397 8.99 0.997849776018 -2.37437894603e-07
0.00253536449397 9.091 0.997915626207 -2.3984179136e-07
0.00253536449397 9.192 0.997979010936 -2.42245364817e-07
0.00253536449397 9.293 0.998040115535 -2.44649204373e-07
0.00253536449397 9.394 0.998099024679 -2.47053134978e-07
0.00253536449397 9.495 0.998155813795 -2.49456923133e-07
0.00253536449397 9.596 0.998210623645 -2.51861007496e-07
0.00253536449397 9.697 0.99826349652 -2.54264941776e-07
0.00253536449397 9.798 0.998314542517 -2.56668985091e-07
0.00253536449397 9.899 0.998363849867 -2.59073250732e-07
0.00253536449397 10.0 0.998411448582 -2.61477258669e-07
0.00278255940221 0.001 0.59411808825 -2.59223621606e-08
0.00278255940221 0.102 0.618148982851 -2.78170196689e-08
0.00278255940221 0.203 0.64349881252 -2.97744613779e-08
0.00278255940221 0.304 0.669457941402 -3.18048965517e-08
0.00278255940221 0.405 0.695355382827 -3.39071150276e-08
0.00278255940221 0.506 0.720631820754 -3.60742959358e-08
0.00278255940221 0.607 0.744837509267 -3.82960109393e-08
0.00278255940221 0.708 0.767668974244 -4.056273481e-08
0.00278255940221 0.809 0.788928646934 -4.28651095391e-08
0.00278255940221 0.91 0.808513464023 -4.51948614158e-08
0.00278255940221 1.011 0.826419462214 -4.75460937589e-08
0.00278255940221 1.112 0.842688249528 -4.99136856388e-08
0.00278255940221 1.213 0.857393486527 -5.22932705668e-08
0.00278255940221 1.314 0.870640230341 -5.46817958988e-08
0.00278255940221 1.415 0.8825515973 -5.70773486357e-08
0.00278255940221 1.516 0.893239619115 -5.94776782951e-08
0.00278255940221 1.617 0.902815174993 -6.18808708583e-08
0.00278255940221 1.718 0.911406240548 -6.42870826287e-08
0.00278255940221 1.819 0.919113525524 -6.66953414095e-08
0.00278255940221 1.92 0.926015534469 -6.91034576967e-08
0.00278255940221 2.021 0.932218365153 -7.15127448499e-08
0.00278255940221 2.122 0.937796079159 -7.39225662648e-08
0.00278255940221 2.223 0.942816566113 -7.6332513637e-08
0.00278255940221 2.324 0.947341473402 -7.87423770777e-08
0.00278255940221 2.425 0.95142634171 -8.11521223535e-08
0.00278255940221 2.526 0.955120884029 -8.35618688538e-08
0.00278255940221 2.627 0.958469359896 -8.59718733482e-08
0.00278255940221 2.728 0.961498805148 -8.83801089013e-08
0.00278255940221 2.829 0.964251679182 -9.07880685249e-08
0.00278255940221 2.93 0.966762967446 -9.31970588186e-08
0.00278255940221 3.031 0.969046146785 -9.56042842346e-08
0.00278255940221 3.132 0.971133104881 -9.80117496616e-08
0.00278255940221 3.233 0.973042187096 -1.00419061856e-07
0.00278255940221 3.334 0.974789822739 -1.02825709726e-07
0.00278255940221 3.435 0.976394825517 -1.05232635381e-07
0.00278255940221 3.536 0.977867440462 -1.07638472321e-07
0.00278255940221 3.637 0.979226165639 -1.10045449575e-07
0.00278255940221 3.738 0.980473882107 -1.12450253385e-07
0.00278255940221 3.839 0.98162870844 -1.14856259884e-07
0.00278255940221 3.94 0.982695643493 -1.17261857219e-07
0.00278255940221 4.041 0.983681604931 -1.19666417302e-07
0.00278255940221 4.142 0.984596323087 -1.22071292852e-07
0.00278255940221 4.243 0.985445451335 -1.24476162789e-07
0.00278255940221 4.344 0.986234384783 -1.26880852748e-07
0.00278255940221 4.445 0.986968166834 -1.29285293852e-07
0.00278255940221 4.546 0.987651444508 -1.31689487156e-07
0.00278255940221 4.647 0.988288459671 -1.34093477861e-07
0.00278255940221 4.748 0.988883062617 -1.36497335664e-07
0.00278255940221 4.849 0.989438737696 -1.38901143373e-07
0.00278255940221 4.95 0.989958634112 -1.41304987484e-07
0.00278255940221 5.051 0.990445484607 -1.43708834311e-07
0.00278255940221 5.152 0.99090112773 -1.46111920476e-07
0.00278255940221 5.253 0.991328809636 -1.48515242801e-07
0.00278255940221 5.354 0.991730646117 -1.50918880547e-07
0.00278255940221 5.455 0.992107617196 -1.53321647076e-07
0.00278255940221 5.556 0.992462477707 -1.55724823008e-07
0.00278255940221 5.657 0.992796371197 -1.58127799072e-07
0.00278255940221 5.758 0.993110823233 -1.60530642132e-07
0.00278255940221 5.859 0.993407340797 -1.62933599691e-07
0.00278255940221 5.96 0.993686907481 -1.6533624678e-07
0.00278255940221 6.061 0.993950951292 -1.67739071633e-07
0.00278255940221 6.162 0.994200287297 -1.70141645952e-07
0.00278255940221 6.263 0.99443605699 -1.72544286667e-07
0.00278255940221 6.364 0.994659100469 -1.74946890145e-07
0.00278255940221 6.465 0.994870193957 -1.77349329034e-07
0.00278255940221 6.566 0.995070292091 -1.79752041119e-07
0.00278255940221 6.667 0.995259797216 -1.82154278121e-07
0.00278255940221 6.768 0.995439715828 -1.84556907163e-07
0.00278255940221 6.869 0.995610381773 -1.86959201521e-07
0.00278255940221 6.97 0.995772535874 -1.89361624024e-07
0.00278255940221 7.071 0.995926691609 -1.91764151961e-07
0.00278255940221 7.172 0.996073217517 -1.94166389986e-07
0.00278255940221 7.273 0.99621276888 -1.96568982973e-07
0.00278255940221 7.374 0.996345569891 -1.98971243115e-07
0.00278255940221 7.475 0.996472164406 -2.0137367902e-07
0.00278255940221 7.576 0.996592897215 -2.03776213197e-07
0.00278255940221 7.677 0.996708034601 -2.06178514565e-07
0.00278255940221 7.778 0.996818038402 -2.08581166077e-07
0.00278255940221 7.879 0.996923061578 -2.10983516848e-07
0.00278255940221 7.98 0.997023495768 -2.13386054883e-07
0.00278255940221 8.081 0.997119586917 -2.15788713636e-07
0.00278255940221 8.182 0.997211518098 -2.18191155565e-07
0.00278255940221 8.283 0.997299623409 -2.20593932909e-07
0.00278255940221 8.384 0.99738401967 -2.22996493418e-07
0.00278255940221 8.485 0.997464971921 -2.25399189587e-07
0.00278255940221 8.586 0.997542678047 -2.27802091635e-07
0.00278255940221 8.687 0.997617243772 -2.30204720571e-07
0.00278255940221 8.788 0.997688923814 -2.32607669761e-07
0.00278255940221 8.889 0.997757817321 -2.35010544547e-07
0.00278255940221 8.99 0.997824085147 -2.37413438247e-07
0.00278255940221 9.091 0.997887899679 -2.39816640488e-07
0.00278255940221 9.192 0.997949314646 -2.42219526079e-07
0.00278255940221 9.293 0.998008521207 -2.44622684712e-07
0.00278255940221 9.394 0.998065611478 -2.47025942511e-07
0.00278255940221 9.495 0.998120668795 -2.49429067243e-07
0.00278255940221 9.596 0.998173837433 -2.51832497652e-07
0.00278255940221 9.697 0.998225167956 -2.54235788912e-07
0.00278255940221 9.798 0.998274773892 -2.56639200337e-07
0.00278255940221 9.899 0.998322746909 -2.59042845538e-07
0.00278255940221 10.0 0.998369125196 -2.61446245873e-07
0.00305385550883 0.001 0.594118070762 -2.59831871764e-08
0.00305385550883 0.102 0.618148893175 -2.78618327699e-08
0.00305385550883 0.203 0.643498765678 -2.9806528227e-08
0.00305385550883 0.304 0.669457799745 -3.18271704752e-08
0.00305385550883 0.405 0.695355181356 -3.39220182838e-08
0.00305385550883 0.506 0.720631815416 -3.60836917677e-08
0.00305385550883 0.607 0.744837686288 -3.8301321121e-08
0.00305385550883 0.708 0.7676692108 -4.05650078707e-08
0.00305385550883 0.809 0.78892869489 -4.28651274286e-08
0.00305385550883 0.91 0.808513154351 -4.51932147895e-08
0.00305385550883 1.011 0.826418857803 -4.75432252696e-08
0.00305385550883 1.112 0.84268759246 -4.99099351751e-08
0.00305385550883 1.213 0.857393089773 -5.2288898631e-08
0.00305385550883 1.314 0.870640334462 -5.46769886171e-08
0.00305385550883 1.415 0.882552268735 -5.70722353634e-08
0.00305385550883 1.516 0.89324073027 -5.94723487765e-08
0.00305385550883 1.617 0.902816425503 -6.18753829087e-08
0.00305385550883 1.718 0.911407272285 -6.42814741836e-08
0.00305385550883 1.819 0.919114006082 -6.66896432697e-08
0.00305385550883 1.92 0.926015229827 -6.90976940268e-08
0.00305385550883 2.021 0.932217206969 -7.15069382927e-08
0.00305385550883 2.122 0.937794155722 -7.39167401001e-08
0.00305385550883 2.223 0.942814102448 -7.63266914939e-08
0.00305385550883 2.324 0.947338789029 -7.8736582689e-08
0.00305385550883 2.425 0.95142379781 -8.11463774042e-08
0.00305385550883 2.526 0.955118831713 -8.35561913595e-08
0.00305385550883 2.627 0.958468098676 -8.59662761986e-08
0.00305385550883 2.728 0.961498566161 -8.83745979723e-08
0.00305385550883 2.829 0.964252578932 -9.07826423064e-08
0.00305385550883 2.93 0.96676502012 -9.31917097266e-08
0.00305385550883 3.031 0.969049266913 -9.55989971353e-08
0.00305385550883 3.132 0.971137120173 -9.80065061182e-08
0.00305385550883 3.233 0.973046860248 -1.00413839738e-07
0.00305385550883 3.334 0.974794861975 -1.02820483547e-07
0.00305385550883 3.435 0.976399925045 -1.05227379695e-07
0.00305385550883 3.536 0.977872273551 -1.07633160714e-07
0.00305385550883 3.637 0.979230444755 -1.10040059249e-07
0.00305385550883 3.738 0.980477312605 -1.12444760657e-07
0.00305385550883 3.839 0.981631072602 -1.14850647587e-07
0.00305385550883 3.94 0.982696755623 -1.17256110403e-07
0.00305385550883 4.041 0.983681332992 -1.19660525083e-07
0.00305385550883 4.142 0.984594600399 -1.22065249296e-07
0.00305385550883 4.243 0.985442264219 -1.2446996583e-07
0.00305385550883 4.344 0.9862297725 -1.26874504225e-07
0.00305385550883 4.445 0.98696221832 -1.29278799228e-07
0.00305385550883 4.546 0.987644292752 -1.31682854953e-07
0.00305385550883 4.647 0.988280274664 -1.34086719105e-07
0.00305385550883 4.748 0.988874043655 -1.36490463309e-07
0.00305385550883 4.849 0.989429105598 -1.38894171661e-07
0.00305385550883 4.95 0.989948623763 -1.41297931342e-07
0.00305385550883 5.051 0.990435339527 -1.43701708887e-07
0.00305385550883 5.152 0.990891102987 -1.46104741131e-07
0.00305385550883 5.253 0.991319144451 -1.48508023302e-07
0.00305385550883 5.354 0.991721569874 -1.50911633378e-07
0.00305385550883 5.455 0.992099360548 -1.53314383755e-07
0.00305385550883 5.556 0.992455238713 -1.55717552295e-07
0.00305385550883 5.657 0.992790335151 -1.58120527737e-07
0.00305385550883 5.758 0.993106152197 -1.60523374379e-07
0.00305385550883 5.859 0.993404170419 -1.62926336996e-07
0.00305385550883 5.96 0.993685351905 -1.65328987862e-07
0.00305385550883 6.061 0.993951095059 -1.67731812403e-07
0.00305385550883 6.162 0.994202191942 -1.70134379396e-07
0.00305385550883 6.263 0.994439756601 -1.72537003047e-07
0.00305385550883 6.364 0.99466460501 -1.74939576978e-07
0.00305385550883 6.465 0.994877489311 -1.77341971056e-07
0.00305385550883 6.566 0.995079341725 -1.79744621005e-07
0.00305385550883 6.667 0.995270542344 -1.82146775399e-07
0.00305385550883 6.768 0.995452079892 -1.84549300187e-07
0.00305385550883 6.869 0.99562426796 -1.86951465761e-07
0.00305385550883 6.97 0.995787833021 -1.89353733781e-07
0.00305385550883 7.071 0.995943274689 -1.91756079986e-07
0.00305385550883 7.172 0.996090945804 -1.94158107014e-07
0.00305385550883 7.273 0.996231496496 -1.96560459713e-07
0.00305385550883 7.374 0.996365135872 -1.98962448159e-07
0.00305385550883 7.475 0.996492405564 -2.0136458117e-07
0.00305385550883 7.576 0.996613644531 -2.03766780649e-07
0.00305385550883 7.677 0.996729111278 -2.06168714599e-07
0.00305385550883 7.778 0.996839272575 -2.08570967005e-07
0.00305385550883 7.879 0.996944272467 -2.10972885844e-07
0.00305385550883 7.98 0.997044509364 -2.13374960336e-07
0.00305385550883 8.081 0.997140230288 -2.15777124247e-07
0.00305385550883 8.182 0.997231616694 -2.18179040034e-07
0.00305385550883 8.283 0.997319014147 -2.20581261666e-07
0.00305385550883 8.384 0.997402536965 -2.22983236818e-07
0.00305385550883 8.485 0.997482460723 -2.25385319592e-07
0.00305385550883 8.586 0.997558990697 -2.27787581388e-07
0.00305385550883 8.687 0.997632233602 -2.30189543736e-07
0.00305385550883 8.788 0.997702459478 -2.32591802121e-07
0.00305385550883 8.889 0.99776977071 -2.34993962713e-07
0.00305385550883 8.99 0.997834337989 -2.37396120397e-07
0.00305385550883 9.091 0.997896345774 -2.39798566529e-07
0.00305385550883 9.192 0.997955850194 -2.42200676886e-07
0.00305385550883 9.293 0.998013058046 -2.44603043204e-07
0.00305385550883 9.394 0.998068068938 -2.47005493e-07
0.00305385550883 9.495 0.998120973782 -2.49407795545e-07
0.00305385550883 9.596 0.998171930041 -2.51810391313e-07
0.00305385550883 9.697 0.998220994241 -2.54212836948e-07
0.00305385550883 9.798 0.998268291349 -2.56615393395e-07
0.00305385550883 9.899 0.998313922742 -2.59018175753e-07
0.00305385550883 10.0 0.998357933261 -2.61420707057e-07
0.00335160265094 0.001 0.59411800091 -2.60361738055e-08
0.00335160265094 0.102 0.618148705838 -2.79004984175e-08
0.00335160265094 0.203 0.643498693966 -2.98342612326e-08
0.00335160265094 0.304 0.669457830447 -3.18464891366e-08
0.00335160265094 0.405 0.695355184561 -3.39349560669e-08
0.00335160265094 0.506 0.72063174771 -3.60918441369e-08
0.00335160265094 0.607 0.744837454412 -3.83059481315e-08
0.00335160265094 0.708 0.767668965114 -4.05670415741e-08
0.00335160265094 0.809 0.788928638496 -4.28652563993e-08
0.00335160265094 0.91 0.808513381033 -4.51919444742e-08
0.00335160265094 1.011 0.826419274916 -4.75409247868e-08
0.00335160265094 1.112 0.842687947325 -4.99068705936e-08
0.00335160265094 1.213 0.857393116139 -5.22852690272e-08
0.00335160265094 1.314 0.870639911841 -5.46729439425e-08
0.00335160265094 1.415 0.882551485076 -5.70678985187e-08
0.00335160265094 1.516 0.893239831893 -5.94678198285e-08
0.00335160265094 1.617 0.902815744537 -6.18707395567e-08
0.00335160265094 1.718 0.911407092538 -6.42767733529e-08
0.00335160265094 1.819 0.919114478948 -6.66849202705e-08
0.00335160265094 1.92 0.926016330652 -6.90929685275e-08
0.00335160265094 2.021 0.932218749067 -7.15022181984e-08
0.00335160265094 2.122 0.937795839784 -7.39120231116e-08
0.00335160265094 2.223 0.942815576308 -7.63219699463e-08
0.00335160265094 2.324 0.947339723199 -7.87318482413e-08
0.00335160265094 2.425 0.951423943569 -8.11416241488e-08
0.00335160265094 2.526 0.95511805657 -8.35514178671e-08
0.00335160265094 2.627 0.958466396654 -8.5961486153e-08
0.00335160265094 2.728 0.961496061766 -8.83697996778e-08
0.00335160265094 2.829 0.964249500898 -9.07778484731e-08
0.00335160265094 2.93 0.96676165245 -9.31869350111e-08
0.00335160265094 3.031 0.969045955127 -9.55942568377e-08
0.00335160265094 3.132 0.971134192443 -9.80018139733e-08
0.00335160265094 3.233 0.973044619878 -1.00409206282e-07
0.00335160265094 3.334 0.974793563131 -1.02815915244e-07
0.00335160265094 3.435 0.976399746636 -1.05222878563e-07
0.00335160265094 3.536 0.977873320302 -1.07628722569e-07
0.00335160265094 3.637 0.979232736442 -1.1003567597e-07
0.00335160265094 3.738 0.980480788226 -1.12440417069e-07
0.00335160265094 3.839 0.981635606211 -1.14846326454e-07
0.00335160265094 3.94 0.98270215905 -1.17251789635e-07
0.00335160265094 4.041 0.983687362286 -1.19656179208e-07
0.00335160265094 4.142 0.984600991775 -1.22060852719e-07
0.00335160265094 4.243 0.985448734112 -1.24465492068e-07
0.00335160265094 4.344 0.986236030884 -1.2686992698e-07
0.00335160265094 4.445 0.986967982007 -1.29274093339e-07
0.00335160265094 4.546 0.987649297173 -1.31677997346e-07
0.00335160265094 4.647 0.988284283405 -1.34081689475e-07
0.00335160265094 4.748 0.988876855508 -1.36485244576e-07
0.00335160265094 4.849 0.989430559234 -1.38888750334e-07
0.00335160265094 4.95 0.98994860028 -1.41292297633e-07
0.00335160265094 5.051 0.990433762787 -1.43695856719e-07
0.00335160265094 5.152 0.99088793861 -1.46098668232e-07
0.00335160265094 5.253 0.991314403668 -1.48501731039e-07
0.00335160265094 5.354 0.991715301792 -1.50905126262e-07
0.00335160265094 5.455 0.992091654104 -1.5330766992e-07
0.00335160265094 5.556 0.992446211705 -1.55710641864e-07
0.00335160265094 5.657 0.992780136615 -1.58113433504e-07
0.00335160265094 5.758 0.993094954925 -1.60516110949e-07
0.00335160265094 5.859 0.99339216443 -1.62918920144e-07
0.00335160265094 5.96 0.993672746191 -1.65321434744e-07
0.00335160265094 6.061 0.993938103542 -1.67724140149e-07
0.00335160265094 6.162 0.994189039433 -1.70126605691e-07
0.00335160265094 6.263 0.994426665848 -1.72529144893e-07
0.00335160265094 6.364 0.994651798038 -1.74931650785e-07
0.00335160265094 6.465 0.994865184593 -1.773339923e-07
0.00335160265094 6.566 0.995067743424 -1.79736603365e-07
0.00335160265094 6.667 0.995259853546 -1.82138731577e-07
0.00335160265094 6.768 0.995442479069 -1.84541240267e-07
0.00335160265094 6.869 0.995615927567 -1.86943398281e-07
0.00335160265094 6.97 0.995780903088 -1.893456647e-07
0.00335160265094 7.071 0.99593788799 -1.91748012951e-07
0.00335160265094 7.172 0.996087220055 -1.9415004326e-07
0.00335160265094 7.273 0.996229524401 -1.96552397862e-07
0.00335160265094 7.374 0.996364996095 -1.98954384257e-07
0.00335160265094 7.475 0.996494153338 -2.01356508741e-07
0.00335160265094 7.576 0.996617316691 -2.0375869073e-07
0.00335160265094 7.677 0.996734726668 -2.06160595507e-07
0.00335160265094 7.778 0.996846830052 -2.08562805082e-07
0.00335160265094 7.879 0.996953754309 -2.10964664545e-07
0.00335160265094 7.98 0.997055880355 -2.13366661359e-07
0.00335160265094 8.081 0.997153439785 -2.15768727193e-07
0.00335160265094 8.182 0.997246598008 -2.18170522046e-07
0.00335160265094 8.283 0.997335688698 -2.20572598915e-07
0.00335160265094 8.384 0.99742081105 -2.22974402933e-07
0.00335160265094 8.485 0.997502230695 -2.2537628728e-07
0.00335160265094 8.586 0.997580143453 -2.277783222e-07
0.00335160265094 8.687 0.997654642811 -2.30180027083e-07
0.00335160265094 8.788 0.99772599582 -2.32581997617e-07
0.00335160265094 8.889 0.997794294405 -2.34983838311e-07
0.00335160265094 8.99 0.997859704163 -2.37385643553e-07
0.00335160265094 9.091 0.997922408329 -2.39787704847e-07
0.00335160265094 9.192 0.997982451895 -2.4218939617e-07
0.00335160265094 9.293 0.998040046128 -2.44591310404e-07
0.00335160265094 9.394 0.998095286942 -2.46993274599e-07
0.00335160265094 9.495 0.998148261254 -2.49395057559e-07
0.00335160265094 9.596 0.998199132633 -2.51797100984e-07
0.00335160265094 9.697 0.998247952325 -2.54198960828e-07
0.00335160265094 9.798 0.998294850551 -2.56600899092e-07
0.00335160265094 9.899 0.998339932715 -2.59003031679e-07
0.00335160265094 10.0 0.998383239728 -2.61404881272e-07
0.00367837977183 0.001 0.594117973078 -2.60819104448e-08
0.00367837977183 0.102 0.61814861302 -2.79341285175e-08
0.00367837977183 0.203 0.643498662485 -2.98582867101e-08
0.00367837977183 0.304 0.669457728681 -3.18633004037e-08
0.00367837977183 0.405 0.695354984117 -3.39460074978e-08
0.00367837977183 0.506 0.72063161673 -3.60986489009e-08
0.00367837977183 0.607 0.744837444769 -3.83099930809e-08
0.00367837977183 0.708 0.767669053905 -4.05688647526e-08
0.00367837977183 0.809 0.788928679435 -4.28654334721e-08
0.00367837977183 0.91 0.808513237946 -4.51909144824e-08
0.00367837977183 1.011 0.826418981103 -4.75390225942e-08
0.00367837977183 1.112 0.842687681984 -4.99043287193e-08
0.00367837977183 1.213 0.857393082584 -5.22822626506e-08
0.00367837977183 1.314 0.870640201837 -5.46696137608e-08
0.00367837977183 1.415 0.8825520169 -5.70643370678e-08
0.00367837977183 1.516 0.893240381332 -5.94640824648e-08
0.00367837977183 1.617 0.902816047708 -6.1866872825e-08
0.00367837977183 1.718 0.911406968985 -6.4272811929e-08
0.00367837977183 1.819 0.919113890826 -6.66808960924e-08
0.00367837977183 1.92 0.926015398115 -6.90889127698e-08
0.00367837977183 2.021 0.932217707774 -7.1498158248e-08
0.00367837977183 2.122 0.937794970503 -7.39079828529e-08
0.00367837977183 2.223 0.942815138604 -7.63179673935e-08
0.00367837977183 2.324 0.947339889363 -7.87278940651e-08
0.00367837977183 2.425 0.951424764331 -8.11377213247e-08
0.00367837977183 2.526 0.955119459511 -8.35475613451e-08
0.00367837977183 2.627 0.958468204471 -8.59576645227e-08
0.00367837977183 2.728 0.961498009017 -8.83659956463e-08
0.00367837977183 2.829 0.964251295992 -9.07740451347e-08
0.00367837977183 2.93 0.96676302693 -9.31831168797e-08
0.00367837977183 3.031 0.969046663402 -9.55904096112e-08
0.00367837977183 3.132 0.971134078567 -9.79979285452e-08
0.00367837977183 3.233 0.973043608243 -1.00405277807e-07
0.00367837977183 3.334 0.974791671755 -1.02811944047e-07
0.00367837977183 3.435 0.976397073546 -1.05218869314e-07
0.00367837977183 3.536 0.977870044705 -1.07624683951e-07
0.00367837977183 3.637 0.97922907351 -1.10031618619e-07
0.00367837977183 3.738 0.980477017533 -1.12436353981e-07
0.00367837977183 3.839 0.981631987643 -1.14842269672e-07
0.00367837977183 3.94 0.982698962354 -1.17247750817e-07
0.00367837977183 4.041 0.983684839973 -1.19652167841e-07
0.00367837977183 4.142 0.984599345179 -1.22056874894e-07
0.00367837977183 4.243 0.985448121469 -1.24461550363e-07
0.00367837977183 4.344 0.986236558509 -1.2686601995e-07
0.00367837977183 4.445 0.986969699623 -1.29270215331e-07
0.00367837977183 4.546 0.987652197434 -1.31674138575e-07
0.00367837977183 4.647 0.988288304902 -1.34077836318e-07
0.00367837977183 4.748 0.98888188836 -1.36481380078e-07
0.00367837977183 4.849 0.989436452369 -1.3888485478e-07
0.00367837977183 4.95 0.989955169628 -1.41288349202e-07
0.00367837977183 5.051 0.990440798495 -1.43691832014e-07
0.00367837977183 5.152 0.990895204583 -1.46094542065e-07
0.00367837977183 5.253 0.99132166548 -1.48497479157e-07
0.00367837977183 5.354 0.991722325092 -1.50900724918e-07
0.00367837977183 5.455 0.992098195485 -1.53303095075e-07
0.00367837977183 5.556 0.992452055856 -1.55705872432e-07
0.00367837977183 5.657 0.992785078237 -1.58108449742e-07
0.00367837977183 5.758 0.993098811675 -1.6051089554e-07
0.00367837977183 5.859 0.99339478206 -1.62913458599e-07
0.00367837977183 5.96 0.993673994655 -1.65315715218e-07
0.00367837977183 6.061 0.993937886747 -1.6771815403e-07
0.00367837977183 6.162 0.994187289011 -1.70120347301e-07
0.00367837977183 6.263 0.994423346246 -1.72522611668e-07
0.00367837977183 6.364 0.994646903213 -1.74924843102e-07
0.00367837977183 6.465 0.994858738106 -1.77326913481e-07
0.00367837977183 6.566 0.995059795674 -1.79729259128e-07
0.00367837977183 6.667 0.995250482718 -1.82131130639e-07
0.00367837977183 6.768 0.995431783498 -1.84533392847e-07
0.00367837977183 6.869 0.995604030133 -1.86935317188e-07
0.00367837977183 6.97 0.995767942233 -1.89337363916e-07
0.00367837977183 7.071 0.995924017193 -1.91739507763e-07
0.00367837977183 7.172 0.996072609714 -1.94141350501e-07
0.00367837977183 7.273 0.996214347853 -1.9654353419e-07
0.00367837977183 7.374 0.996349441847 -1.98945367677e-07
0.00367837977183 7.475 0.996478408497 -2.01347356627e-07
0.00367837977183 7.576 0.996601571248 -2.03749420362e-07
0.00367837977183 7.677 0.99671917506 -2.06151224153e-07
0.00367837977183 7.778 0.996831656301 -2.08553348468e-07
0.00367837977183 7.879 0.996939147173 -2.10955138301e-07
0.00367837977183 7.98 0.997042015661 -2.13357079276e-07
0.00367837977183 8.081 0.997140486604 -2.15759101795e-07
0.00367837977183 8.182 0.997234720748 -2.18160864634e-07
0.00367837977183 8.283 0.997325034175 -2.20562918541e-07
0.00367837977183 8.384 0.997411521678 -2.22964707289e-07
0.00367837977183 8.485 0.997494432186 -2.25366581804e-07
0.00367837977183 8.586 0.997573948087 -2.27768610316e-07
0.00367837977183 8.687 0.997650154158 -2.30170310263e-07
0.00367837977183 8.788 0.997723297826 -2.32572275018e-07
0.00367837977183 8.889 0.997793460583 -2.34974106987e-07
0.00367837977183 8.99 0.997860792817 -2.37375898321e-07
0.00367837977183 9.091 0.997925462085 -2.39777938483e-07
0.00367837977183 9.192 0.997987502603 -2.42179598981e-07
0.00367837977183 9.293 0.998047108926 -2.44581470886e-07
0.00367837977183 9.394 0.998104364561 -2.46983379117e-07
0.00367837977183 9.495 0.998159343525 -2.49385090189e-07
0.00367837977183 9.596 0.998212196429 -2.51787044375e-07
0.00367837977183 9.697 0.998262962496 -2.54188795204e-07
0.00367837977183 9.798 0.998311760426 -2.56590603241e-07
0.00367837977183 9.899 0.998358685418 -2.58992582957e-07
0.00367837977183 10.0 0.998403766245 -2.61394254588e-07
0.0040370172586 0.001 0.594117949322 -2.61214421626e-08
0.0040370172586 0.102 0.618148531059 -2.79631102259e-08
0.0040370172586 0.203 0.643498651571 -2.98789272216e-08
0.0040370172586 0.304 0.669457722047 -3.18774504482e-08
0.0040370172586 0.405 0.695354940101 -3.39554981672e-08
0.0040370172586 0.506 0.720631567727 -3.61048414992e-08
0.0040370172586 0.607 0.744837304961 -3.83135050296e-08
0.0040370172586 0.708 0.767668844878 -4.05703284536e-08
0.0040370172586 0.809 0.788928458257 -4.28654433172e-08
0.0040370172586 0.91 0.80851311868 -4.51901107518e-08
0.0040370172586 1.011 0.826419052802 -4.75374673038e-08
0.0040370172586 1.112 0.842687893588 -4.9902241574e-08
0.0040370172586 1.213 0.857393243554 -5.22797882361e-08
0.0040370172586 1.314 0.870640136556 -5.46668362041e-08
0.0040370172586 1.415 0.882551695748 -5.70613338146e-08
0.0040370172586 1.516 0.893239942418 -5.94609392422e-08
0.0040370172586 1.617 0.902815727683 -6.18636439598e-08
0.0040370172586 1.718 0.911406973063 -6.42695313908e-08
0.0040370172586 1.819 0.919114299625 -6.66775884961e-08
0.0040370172586 1.92 0.926016126109 -6.90855899174e-08
0.0040370172586 2.021 0.932218544315 -7.14948247027e-08
0.0040370172586 2.122 0.937795651705 -7.39046370314e-08
0.0040370172586 2.223 0.942815430625 -7.63146088748e-08
0.0040370172586 2.324 0.947339655729 -7.87245244365e-08
0.0040370172586 2.425 0.951423998816 -8.11343452899e-08
0.0040370172586 2.526 0.955118279131 -8.35441880584e-08
0.0040370172586 2.627 0.958466819242 -8.59543068707e-08
0.0040370172586 2.728 0.961496692551 -8.83626684823e-08
0.0040370172586 2.829 0.964250311714 -9.07707603475e-08
0.0040370172586 2.93 0.966762582049 -9.3179882725e-08
0.0040370172586 3.031 0.969046901794 -9.55872282515e-08
0.0040370172586 3.132 0.971135035211 -9.79947964706e-08
0.0040370172586 3.233 0.973045227047 -1.00402185996e-07
0.0040370172586 3.334 0.974793806379 -1.02808878086e-07
0.0040370172586 3.435 0.976399520613 -1.05215812214e-07
0.0040370172586 3.536 0.977872547213 -1.07621615518e-07
0.0040370172586 3.637 0.97923138398 -1.10028520213e-07
0.0040370172586 3.738 0.980478870881 -1.12433205541e-07
0.0040370172586 3.839 0.981633185656 -1.1483905646e-07
0.0040370172586 3.94 0.982699342925 -1.17244460315e-07
0.0040370172586 4.041 0.983684303818 -1.1964879203e-07
0.0040370172586 4.142 0.984597865895 -1.22053410682e-07
0.0040370172586 4.243 0.985445735489 -1.24457998985e-07
0.0040370172586 4.344 0.98623336264 -1.26862386703e-07
0.0040370172586 4.445 0.986965843365 -1.29266508972e-07
0.0040370172586 4.546 0.987647871655 -1.31670370463e-07
0.0040370172586 4.647 0.988283728656 -1.34074019473e-07
0.0040370172586 4.748 0.988877295356 -1.36477528177e-07
0.0040370172586 4.849 0.989432078171 -1.38880981207e-07
0.0040370172586 4.95 0.989951240308 -1.41284466239e-07
0.0040370172586 5.051 0.990437522283 -1.43687950157e-07
0.0040370172586 5.152 0.990892770082 -1.46090669595e-07
0.0040370172586 5.253 0.99132021834 -1.48493621028e-07
0.0040370172586 5.354 0.991721974345 -1.50896882927e-07
0.0040370172586 5.455 0.992099015938 -1.53299267435e-07
0.0040370172586 5.556 0.992454075248 -1.55702053958e-07
0.0040370172586 5.657 0.992788285761 -1.58104631637e-07
0.0040370172586 5.758 0.993103157619 -1.60507065719e-07
0.0040370172586 5.859 0.993400181705 -1.62909602132e-07
0.0040370172586 5.96 0.993680329705 -1.65311814141e-07
0.0040370172586 6.061 0.99394501436 -1.67714188576e-07
0.0040370172586 6.162 0.994195040814 -1.70116295437e-07
0.0040370172586 6.263 0.994431539163 -1.72518450402e-07
0.0040370172586 6.364 0.994655341253 -1.74920548503e-07
0.0040370172586 6.465 0.994867216379 -1.77322461101e-07
0.0040370172586 6.566 0.995068112654 -1.79724625217e-07
0.0040370172586 6.667 0.995258429431 -1.82126291045e-07
0.0040370172586 6.768 0.995439168597 -1.84528325507e-07
0.0040370172586 6.869 0.995610663009 -1.86930000527e-07
0.0040370172586 6.97 0.995773651503 -1.89331778589e-07
0.0040370172586 7.071 0.995928646942 -1.91733636307e-07
0.0040370172586 7.172 0.996076018205 -1.94135177358e-07
0.0040370172586 7.273 0.996216419746 -1.96537046603e-07
0.0040370172586 7.374 0.996350076896 -1.98938555026e-07
0.0040370172586 7.475 0.996477532929 -2.01340211116e-07
0.0040370172586 7.576 0.996599132707 -2.03741936721e-07
0.0040370172586 7.677 0.996715142669 -2.06143399796e-07
0.0040370172586 7.778 0.996826023154 -2.08545183237e-07
0.0040370172586 7.879 0.996931926882 -2.10946634787e-07
0.0040370172586 7.98 0.99703324322 -2.13348242232e-07
0.0040370172586 8.081 0.997130216113 -2.15749938189e-07
0.0040370172586 8.182 0.997223026207 -2.1815138388e-07
0.0040370172586 8.283 0.997312003996 -2.2055313134e-07
0.0040370172586 8.384 0.997397262813 -2.22954626708e-07
0.0040370172586 8.485 0.997479063281 -2.25356221961e-07
0.0040370172586 8.586 0.997557598752 -2.27757986441e-07
0.0040370172586 8.687 0.997632969327 -2.30159439418e-07
0.0040370172586 8.788 0.997705424837 -2.32561174086e-07
0.0040370172586 8.889 0.997775058041 -2.34962794106e-07
0.0040370172586 8.99 0.997842023686 -2.37364391831e-07
0.0040370172586 9.091 0.997906488894 -2.39766256317e-07
0.0040370172586 9.192 0.997968498616 -2.42167760138e-07
0.0040370172586 9.293 0.998028239714 -2.4456949298e-07
0.0040370172586 9.394 0.998085797204 -2.46971279594e-07
0.0040370172586 9.495 0.998141246392 -2.49372886208e-07
0.0040370172586 9.596 0.99819472794 -2.51774751483e-07
0.0040370172586 9.697 0.998246283099 -2.54176428662e-07
0.0040370172586 9.798 0.998296021114 -2.56578176697e-07
0.0040370172586 9.899 0.998344029095 -2.58980108617e-07
0.0040370172586 10.0 0.998390335141 -2.61381743832e-07
0.00443062145758 0.001 0.594117928975 -2.61553562268e-08
0.00443062145758 0.102 0.618148460907 -2.79878846233e-08
0.00443062145758 0.203 0.643498642365 -2.98964220814e-08
0.00443062145758 0.304 0.669457716543 -3.18895561903e-08
0.00443062145758 0.405 0.695354903004 -3.39636789737e-08
0.00443062145758 0.506 0.720631550433 -3.61100131908e-08
0.00443062145758 0.607 0.744837281414 -3.83164163764e-08
0.00443062145758 0.708 0.767668832745 -4.05717381284e-08
0.00443062145758 0.809 0.78892844943 -4.28657858678e-08
0.00443062145758 0.91 0.808513057984 -4.518940392e-08
0.00443062145758 1.011 0.826418880206 -4.75360449919e-08
0.00443062145758 1.112 0.842687606413 -4.99003418002e-08
0.00443062145758 1.213 0.85739291705 -5.22776399179e-08
0.00443062145758 1.314 0.870639951604 -5.46644985945e-08
0.00443062145758 1.415 0.882551810124 -5.70588740111e-08
0.00443062145758 1.516 0.89324033581 -5.94583571576e-08
0.00443062145758 1.617 0.90281617558 -6.18609757608e-08
0.00443062145758 1.718 0.911407203197 -6.42668021148e-08
0.00443062145758 1.819 0.919114133876 -6.66748140319e-08
0.00443062145758 1.92 0.926015573818 -6.90827834465e-08
0.00443062145758 2.021 0.932217798628 -7.14920034009e-08
0.00443062145758 2.122 0.937795002767 -7.39018232875e-08
0.00443062145758 2.223 0.942815156411 -7.63118179147e-08
0.00443062145758 2.324 0.947339925801 -7.87217638864e-08
0.00443062145758 2.425 0.951424823548 -8.11316146386e-08
0.00443062145758 2.526 0.955119513626 -8.35414800823e-08
0.00443062145758 2.627 0.958468209207 -8.59516092611e-08
0.00443062145758 2.728 0.961497917514 -8.83599653277e-08
0.00443062145758 2.829 0.964251089407 -9.07680384074e-08
0.00443062145758 2.93 0.966762718202 -9.31771332657e-08
0.00443062145758 3.031 0.969046303545 -9.55844487985e-08
0.00443062145758 3.132 0.9711337468 -9.79919920973e-08
0.00443062145758 3.233 0.973043399654 -1.00399367145e-07
0.00443062145758 3.334 0.97479168306 -1.02806058845e-07
0.00443062145758 3.435 0.976397381629 -1.05213007731e-07
0.00443062145758 3.536 0.977870696913 -1.076188409e-07
0.00443062145758 3.637 0.979230075676 -1.10025787203e-07
0.00443062145758 3.738 0.980478327394 -1.12430522005e-07
0.00443062145758 3.839 0.981633525438 -1.14836424112e-07
0.00443062145758 3.94 0.982700609617 -1.17241875156e-07
0.00443062145758 4.041 0.98368644695 -1.19646243223e-07
0.00443062145758 4.142 0.984600757762 -1.22050882971e-07
0.00443062145758 4.243 0.985449184601 -1.24455472846e-07
0.00443062145758 4.344 0.98623712955 -1.26859839654e-07
0.00443062145758 4.445 0.986969660561 -1.29263917082e-07
0.00443062145758 4.546 0.987651464809 -1.31667709944e-07
0.00443062145758 4.647 0.988286836322 -1.34071268078e-07
0.00443062145758 4.748 0.988879685487 -1.36474666474e-07
0.00443062145758 4.849 0.989433560662 -1.38877993399e-07
0.00443062145758 4.95 0.989951675377 -1.41281340778e-07
0.00443062145758 5.051 0.990436824613 -1.43684680074e-07
0.00443062145758 5.152 0.990890910817 -1.4608725274e-07
0.00443062145758 5.253 0.991317227493 -1.48490059908e-07
0.00443062145758 5.354 0.991717931533 -1.5089318407e-07
0.00443062145758 5.455 0.992094053574 -1.53295441839e-07
0.00443062145758 5.556 0.992448357155 -1.55698114869e-07
0.00443062145758 5.657 0.992782010713 -1.5810059508e-07
0.00443062145758 5.758 0.993096545338 -1.60502949211e-07
0.00443062145758 5.859 0.993393461402 -1.62905423645e-07
0.00443062145758 5.96 0.993673739605 -1.65307592002e-07
0.00443062145758 6.061 0.993938781778 -1.67709939768e-07
0.00443062145758 6.162 0.994189386854 -1.70112035869e-07
0.00443062145758 6.263 0.994426662506 -1.72514193548e-07
0.00443062145758 6.364 0.994651418572 -1.74916305333e-07
0.00443062145758 6.465 0.994864397695 -1.77318239604e-07
0.00443062145758 6.566 0.995066513724 -1.79720429972e-07
0.00443062145758 6.667 0.995258138665 -1.8212212327e-07
0.00443062145758 6.768 0.995440235674 -1.84524182825e-07
0.00443062145758 6.869 0.995613107206 -1.86925876897e-07
0.00443062145758 6.97 0.995777457802 -1.89327664637e-07
0.00443062145758 7.071 0.995933770114 -1.91729519467e-07
0.00443062145758 7.172 0.996082382311 -1.94131041619e-07
0.00443062145758 7.273 0.996223925521 -1.96532873896e-07
0.00443062145758 7.374 0.996358597424 -1.98934324032e-07
0.00443062145758 7.475 0.996486924659 -2.01335899122e-07
0.00443062145758 7.576 0.996609235332 -2.03737519302e-07
0.00443062145758 7.677 0.996725778595 -2.06138850708e-07
0.00443062145758 7.778 0.996837012351 -2.08540476388e-07
0.00443062145758 7.879 0.996943074584 -2.10941742509e-07
0.00443062145758 7.98 0.99704435829 -2.13343137668e-07
0.00443062145758 8.081 0.997141106905 -2.15744594689e-07
0.00443062145758 8.182 0.997233499251 -2.18145774907e-07
0.00443062145758 8.283 0.997321879806 -2.20547232289e-07
0.00443062145758 8.384 0.997406362204 -2.22948413405e-07
0.00443062145758 8.485 0.997487222663 -2.25349672373e-07
0.00443062145758 8.586 0.997564667583 -2.27751080386e-07
0.00443062145758 8.687 0.997638805064 -2.30152158199e-07
0.00443062145758 8.788 0.997709907392 -2.32553501819e-07
0.00443062145758 8.889 0.997778079018 -2.34954716834e-07
0.00443062145758 8.99 0.997843493025 -2.37355898131e-07
0.00443062145758 9.091 0.997906336125 -2.39757337299e-07
0.00443062145758 9.192 0.997966666807 -2.42158409299e-07
0.00443062145758 9.293 0.998024693724 -2.44559706417e-07
0.00443062145758 9.394 0.998080518246 -2.46961055822e-07
0.00443062145758 9.495 0.99813423286 -2.49362226335e-07
0.00443062145758 9.596 0.998185995712 -2.51763658692e-07
0.00443062145758 9.697 0.998235864235 -2.54164908745e-07
0.00443062145758 9.798 0.998283963296 -2.56566237394e-07
0.00443062145758 9.899 0.998330393819 -2.58967759479e-07
0.00443062145758 10.0 0.99837520009 -2.61368996999e-07
0.00486260158007 0.001 0.594117911569 -2.6184170941e-08
0.00486260158007 0.102 0.61814840161 -2.80089300774e-08
0.00486260158007 0.203 0.643498634465 -2.99114052468e-08
0.00486260158007 0.304 0.669457711783 -3.18998213145e-08
0.00486260158007 0.405 0.695354871259 -3.39705948182e-08
0.00486260158007 0.506 0.720631535141 -3.61144666816e-08
0.00486260158007 0.607 0.744837261347 -3.83189428932e-08
0.00486260158007 0.708 0.767668820739 -4.05729687131e-08
0.00486260158007 0.809 0.788928442782 -4.28659394889e-08
0.00486260158007 0.91 0.808513050513 -4.51889211838e-08
0.00486260158007 1.011 0.826418872745 -4.75350730251e-08
0.00486260158007 1.112 0.842687601397 -4.98988926628e-08
0.00486260158007 1.213 0.857392932272 -5.22759022944e-08
0.00486260158007 1.314 0.870639924932 -5.46625427828e-08
0.00486260158007 1.415 0.88255164348 -5.70566058564e-08
0.00486260158007 1.516 0.893240003103 -5.9455966492e-08
0.00486260158007 1.617 0.902815770902 -6.18585887739e-08
0.00486260158007 1.718 0.911406875406 -6.42644018023e-08
0.00486260158007 1.819 0.91911405034 -6.66725021497e-08
0.00486260158007 1.92 0.926015877826 -6.90804755414e-08
0.00486260158007 2.021 0.932218388618 -7.14897031591e-08
0.00486260158007 2.122 0.937795633145 -7.3899523013e-08
0.00486260158007 2.223 0.942815546855 -7.63095091989e-08
0.00486260158007 2.324 0.947339877556 -7.87194439935e-08
0.00486260158007 2.425 0.951424293205 -8.11292872709e-08
0.00486260158007 2.526 0.955118622597 -8.35391507521e-08
0.00486260158007 2.627 0.958467198683 -8.59492866094e-08
0.00486260158007 2.728 0.961497096368 -8.83576621981e-08
0.00486260158007 2.829 0.964250719638 -9.07657654948e-08
0.00486260158007 2.93 0.966762960173 -9.31748955287e-08
0.00486260158007 3.031 0.969047196413 -9.55822430769e-08
0.00486260158007 3.132 0.971135186649 -9.79898075558e-08
0.00486260158007 3.233 0.97304517814 -1.00397188377e-07
0.00486260158007 3.334 0.974793515659 -1.02803868451e-07
0.00486260158007 3.435 0.976398976437 -1.05210788718e-07
0.00486260158007 3.536 0.977871778487 -1.07616578203e-07
0.00486260158007 3.637 0.979230453179 -1.10023471009e-07
0.00486260158007 3.738 0.980477886785 -1.12428147762e-07
0.00486260158007 3.839 0.981632268562 -1.14833994588e-07
0.00486260158007 3.94 0.982698631562 -1.17239399045e-07
0.00486260158007 4.041 0.983683937579 -1.19643734382e-07
0.00486260158007 4.142 0.984597958034 -1.22048357441e-07
0.00486260158007 4.243 0.98544637061 -1.24452947914e-07
0.00486260158007 4.344 0.986234585759 -1.26857332106e-07
0.00486260158007 4.445 0.986967652901 -1.29261441421e-07
0.00486260158007 4.546 0.987650217296 -1.31665276825e-07
0.00486260158007 4.647 0.988286513901 -1.34068883265e-07
0.00486260158007 4.748 0.988880383886 -1.36472330161e-07
0.00486260158007 4.849 0.989435302929 -1.38875700123e-07
0.00486260158007 4.95 0.98995441415 -1.41279079654e-07
0.00486260158007 5.051 0.990440447579 -1.43682435323e-07
0.00486260158007 5.152 0.990895243337 -1.46085003651e-07
0.00486260158007 5.253 0.991322058268 -1.48487783681e-07
0.00486260158007 5.354 0.991723022236 -1.5089085619e-07
0.00486260158007 5.455 0.99209913437 -1.53293035556e-07
0.00486260158007 5.556 0.992453172869 -1.55695605512e-07
0.00486260158007 5.657 0.992786308017 -1.58097958729e-07
0.00486260158007 5.758 0.993100093279 -1.60500164514e-07
0.00486260158007 5.859 0.99339606263 -1.62902472714e-07
0.00486260158007 5.96 0.993675229784 -1.65304460449e-07
0.00486260158007 6.061 0.993939044083 -1.6770661778e-07
0.00486260158007 6.162 0.994188346744 -1.70108517927e-07
0.00486260158007 6.263 0.994424294041 -1.72510478725e-07
0.00486260158007 6.364 0.994647740519 -1.74912397032e-07
0.00486260158007 6.465 0.99485947304 -1.7731414547e-07
0.00486260158007 6.566 0.995060442585 -1.79716160966e-07
0.00486260158007 6.667 0.995251061264 -1.82117694322e-07
0.00486260158007 6.768 0.995432314633 -1.84519610538e-07
0.00486260158007 6.869 0.995604535862 -1.86921180792e-07
0.00486260158007 6.97 0.995768441968 -1.89322864994e-07
0.00486260158007 7.071 0.995924526614 -1.91724637288e-07
0.00486260158007 7.172 0.996073139234 -1.94126098589e-07
0.00486260158007 7.273 0.996214900804 -1.96527890192e-07
0.00486260158007 7.374 0.996350013719 -1.98929319735e-07
0.00486260158007 7.475 0.996478986338 -2.01330891943e-07
0.00486260158007 7.576 0.996602133434 -2.03732525019e-07
0.00486260158007 7.677 0.996719690208 -2.0613388294e-07
0.00486260158007 7.778 0.996832086006 -2.08535545433e-07
0.00486260158007 7.879 0.996939442862 -2.10936856104e-07
0.00486260158007 7.98 0.997042123185 -2.13338299996e-07
0.00486260158007 8.081 0.997140345517 -2.15739806723e-07
0.00486260158007 8.182 0.997234263616 -2.18141034178e-07
0.00486260158007 8.283 0.997324192856 -2.2054253311e-07
0.00486260158007 8.384 0.997410222376 -2.22943746577e-07
0.00486260158007 8.485 0.997492602233 -2.25345025718e-07
0.00486260158007 8.586 0.997571515804 -2.27746438922e-07
0.00486260158007 8.687 0.997647046707 -2.30147503549e-07
0.00486260158007 8.788 0.997719449504 -2.32548813905e-07
0.00486260158007 8.889 0.99778880788 -2.34949972757e-07
0.00486260158007 8.99 0.997855278826 -2.37351073161e-07
0.00486260158007 9.091 0.997919038401 -2.39752405677e-07
0.00486260158007 9.192 0.997980125981 -2.42153342647e-07
0.00486260158007 9.293 0.998038747897 -2.44554476603e-07
0.00486260158007 9.394 0.998094996519 -2.46955633688e-07
0.00486260158007 9.495 0.998148955925 -2.49356581829e-07
0.00486260158007 9.596 0.998200788383 -2.51757762731e-07
0.00486260158007 9.697 0.998250543914 -2.54158731479e-07
0.00486260158007 9.798 0.998298352962 -2.5655975011e-07
0.00486260158007 9.899 0.998344321699 -2.58960934498e-07
0.00486260158007 10.0 0.998388491778 -2.61361806691e-07
0.00533669923121 0.001 0.594117896235 -2.62088014844e-08
0.00533669923121 0.102 0.618148351163 -2.80267863392e-08
0.00533669923121 0.203 0.643498627473 -2.99240063322e-08
0.00533669923121 0.304 0.66945770809 -3.19084578406e-08
0.00533669923121 0.405 0.695354842911 -3.3976481022e-08
0.00533669923121 0.506 0.720631522646 -3.61182335374e-08
0.00533669923121 0.607 0.744837244945 -3.83210627317e-08
0.00533669923121 0.708 0.76766881278 -4.05739677169e-08
0.00533669923121 0.809 0.788928437108 -4.28663021502e-08
0.00533669923121 0.91 0.808513041904 -4.51883921218e-08
0.00533669923121 1.011 0.826418869073 -4.75342032669e-08
0.00533669923121 1.112 0.842687596992 -4.9897869181e-08
0.00533669923121 1.213 0.857392927366 -5.2274423685e-08
0.00533669923121 1.314 0.870639923658 -5.46608881732e-08
0.00533669923121 1.415 0.882551642275 -5.70550461632e-08
0.00533669923121 1.516 0.893240001465 -5.94542354102e-08
0.00533669923121 1.617 0.902815777387 -6.18566535422e-08
0.00533669923121 1.718 0.91140689258 -6.42624865675e-08
0.00533669923121 1.819 0.919114025149 -6.6670460146e-08
0.00533669923121 1.92 0.92601568318 -6.90782830853e-08
0.00533669923121 2.021 0.932218038827 -7.14874530457e-08
0.00533669923121 2.122 0.937795222747 -7.38973437266e-08
0.00533669923121 2.223 0.942815203264 -7.63073067377e-08
0.00533669923121 2.324 0.947339653554 -7.87173574267e-08
0.00533669923121 2.425 0.951424319247 -8.11273570277e-08
0.00533669923121 2.526 0.955119011877 -8.35372561029e-08
0.00533669923121 2.627 0.958467864315 -8.5947416011e-08
0.00533669923121 2.728 0.961497830329 -8.83558071225e-08
0.00533669923121 2.829 0.964251289067 -9.07639119495e-08
0.00533669923121 2.93 0.96676318002 -9.31730310792e-08
0.00533669923121 3.031 0.969046960067 -9.55803588897e-08
0.00533669923121 3.132 0.971134514834 -9.79879051681e-08
0.00533669923121 3.233 0.97304419437 -1.00395274611e-07
0.00533669923121 3.334 0.974792428236 -1.02801951762e-07
0.00533669923121 3.435 0.976398017776 -1.05208878022e-07
0.00533669923121 3.536 0.977871177755 -1.07614681148e-07
0.00533669923121 3.637 0.979230371312 -1.10021592303e-07
0.00533669923121 3.738 0.980478416004 -1.12426287837e-07
0.00533669923121 3.839 0.9816333982 -1.14832148737e-07
0.00533669923121 3.94 0.982700266395 -1.1723755718e-07
0.00533669923121 4.041 0.983685899695 -1.1964188199e-07
0.00533669923121 4.142 0.984600031121 -1.22046478713e-07
0.00533669923121 4.243 0.985448317903 -1.24451026767e-07
0.00533669923121 4.344 0.986236177708 -1.26855353845e-07
0.00533669923121 4.445 0.9869686936 -1.29259394274e-07
0.00533669923121 4.546 0.987650565178 -1.31663153199e-07
0.00533669923121 4.647 0.988286094464 -1.34066680539e-07
0.00533669923121 4.748 0.988879194109 -1.36470050516e-07
0.00533669923121 4.849 0.989433408346 -1.38873350343e-07
0.00533669923121 4.95 0.989951940191 -1.41276670583e-07
0.00533669923121 5.051 0.990437568578 -1.43679980767e-07
0.00533669923121 5.152 0.990892175627 -1.46082520003e-07
0.00533669923121 5.253 0.991319026186 -1.48485287199e-07
0.00533669923121 5.354 0.991720249726 -1.50888362456e-07
0.00533669923121 5.455 0.992096845119 -1.53290559183e-07
0.00533669923121 5.556 0.992451549389 -1.55693157373e-07
0.00533669923121 5.657 0.992785502216 -1.58095546427e-07
0.00533669923121 5.758 0.993100211672 -1.6049779136e-07
0.00533669923121 5.859 0.993397161447 -1.62900137499e-07
0.00533669923121 5.96 0.993677315996 -1.65302157325e-07
0.00533669923121 6.061 0.993942074766 -1.67704336677e-07
0.00533669923121 6.162 0.994192232343 -1.70106244508e-07
0.00533669923121 6.263 0.99442890519 -1.72508195405e-07
0.00533669923121 6.364 0.99465291177 -1.74910083352e-07
0.00533669923121 6.465 0.994865013251 -1.77311778716e-07
0.00533669923121 6.566 0.995066148451 -1.79713717762e-07
0.00533669923121 6.667 0.995256710095 -1.82115149775e-07
0.00533669923121 6.768 0.995437694209 -1.84516941336e-07
0.00533669923121 6.869 0.995609430106 -1.86918363713e-07
0.00533669923121 6.97 0.995772654427 -1.893198792e-07
0.00533669923121 7.071 0.995927879301 -1.91721464198e-07
0.00533669923121 7.172 0.996075473902 -1.94122722144e-07
0.00533669923121 7.273 0.996216093908 -1.96524298044e-07
0.00533669923121 7.374 0.996349966349 -1.98925502637e-07
0.00533669923121 7.475 0.996477636433 -2.01326844551e-07
0.00533669923121 7.576 0.996599450918 -2.03728245581e-07
0.00533669923121 7.677 0.996715678097 -2.06129373519e-07
0.00533669923121 7.778 0.996826779255 -2.0853081131e-07
0.00533669923121 7.879 0.996932908118 -2.10931906313e-07
0.00533669923121 7.98 0.997034453704 -2.13333146195e-07
0.00533669923121 8.081 0.997131659178 -2.15734463211e-07
0.00533669923121 8.182 0.99722470366 -2.18135518028e-07
0.00533669923121 8.283 0.997313915026 -2.20536862374e-07
0.00533669923121 8.384 0.997399403476 -2.22937941585e-07
0.00533669923121 8.485 0.997481425679 -2.25339107128e-07
0.00533669923121 8.586 0.997560170669 -2.27740427694e-07
0.00533669923121 8.687 0.997635732951 -2.30141421532e-07
0.00533669923121 8.788 0.997708357731 -2.32542681411e-07
0.00533669923121 8.889 0.997778131506 -2.3494380997e-07
0.00533669923121 8.99 0.997845203288 -2.37344898833e-07
0.00533669923121 9.091 0.997909735496 -2.39746236548e-07
0.00533669923121 9.192 0.997971765145 -2.42147194455e-07
0.00533669923121 9.293 0.998031475967 -2.44548362081e-07
0.00533669923121 9.394 0.998088947428 -2.46949563447e-07
0.00533669923121 9.495 0.998144248971 -2.49350564038e-07
0.00533669923121 9.596 0.998197519837 -2.51751802538e-07
0.00533669923121 9.697 0.998248795325 -2.54152831421e-07
0.00533669923121 9.798 0.998298183676 -2.565539097e-07
0.00533669923121 9.899 0.998345771097 -2.58955150435e-07
0.00533669923121 10.0 0.99839158122 -2.61356072567e-07
0.00585702081806 0.001 0.594117884402 -2.62294890853e-08
0.00585702081806 0.102 0.618148307364 -2.8041888411e-08
0.00585702081806 0.203 0.643498622273 -2.99346789358e-08
0.00585702081806 0.304 0.669457704563 -3.19159450141e-08
0.00585702081806 0.405 0.695354819861 -3.39814355071e-08
0.00585702081806 0.506 0.720631512425 -3.61213673896e-08
0.00585702081806 0.607 0.744837230897 -3.83229189802e-08
0.00585702081806 0.708 0.76766880366 -4.05748897857e-08
0.00585702081806 0.809 0.788928432132 -4.28664106012e-08
0.00585702081806 0.91 0.808513036602 -4.51881206445e-08
0.00585702081806 1.011 0.826418862299 -4.75335495739e-08
0.00585702081806 1.112 0.842687593086 -4.98968347773e-08
0.00585702081806 1.213 0.857392925371 -5.22732949915e-08
0.00585702081806 1.314 0.870639920232 -5.46596382162e-08
0.00585702081806 1.415 0.882551640675 -5.70535629167e-08
0.00585702081806 1.516 0.893240001134 -5.94527599284e-08
0.00585702081806 1.617 0.902815775908 -6.18552307962e-08
0.00585702081806 1.718 0.911406891025 -6.42609067841e-08
0.00585702081806 1.819 0.919114025051 -6.66688035654e-08
0.00585702081806 1.92 0.926015683019 -6.90767595578e-08
0.00585702081806 2.021 0.932218037673 -7.14859717853e-08
0.00585702081806 2.122 0.937795223124 -7.38957312073e-08
0.00585702081806 2.223 0.94281521095 -7.63056982428e-08
0.00585702081806 2.324 0.947339724375 -7.87156690706e-08
0.00585702081806 2.425 0.951424363538 -8.11255227963e-08
0.00585702081806 2.526 0.955118878142 -8.35353497637e-08
0.00585702081806 2.627 0.958467539337 -8.59454593053e-08
0.00585702081806 2.728 0.961497385464 -8.83538464076e-08
0.00585702081806 2.829 0.96425083586 -9.07619461612e-08
0.00585702081806 2.93 0.966762796435 -9.31710819189e-08
0.00585702081806 3.031 0.969046552874 -9.55787269133e-08
0.00585702081806 3.132 0.971134502846 -9.79863540517e-08
0.00585702081806 3.233 0.973044678755 -1.00393755091e-07
0.00585702081806 3.334 0.97479332286 -1.02800456285e-07
0.00585702081806 3.435 0.976399140996 -1.05207393914e-07
0.00585702081806 3.536 0.977872278398 -1.07613192134e-07
0.00585702081806 3.637 0.979231217059 -1.1002008358e-07
0.00585702081806 3.738 0.980478798696 -1.12424745701e-07
0.00585702081806 3.839 0.981633218333 -1.14830565642e-07
0.00585702081806 3.94 0.982699514585 -1.17235930574e-07
0.00585702081806 4.041 0.983684675187 -1.19640215782e-07
0.00585702081806 4.142 0.98459850854 -1.22044781341e-07
0.00585702081806 4.243 0.985446722668 -1.24449309586e-07
0.00585702081806 4.344 0.986234754225 -1.26853629308e-07
0.00585702081806 4.445 0.98696767082 -1.29257673729e-07
0.00585702081806 4.546 0.987650126468 -1.31661444561e-07
0.00585702081806 4.647 0.988286356301 -1.34064986908e-07
0.00585702081806 4.748 0.988880195326 -1.36468369805e-07
0.00585702081806 4.849 0.989435109518 -1.38871675413e-07
0.00585702081806 4.95 0.989954231411 -1.41274989681e-07
0.00585702081806 5.051 0.990440282104 -1.43678278495e-07
0.00585702081806 5.152 0.990895094506 -1.46080777924e-07
0.00585702081806 5.253 0.991321922814 -1.48483486892e-07
0.00585702081806 5.354 0.991722897266 -1.5088648624e-07
0.00585702081806 5.455 0.992099020995 -1.5328859053e-07
0.00585702081806 5.556 0.99245307889 -1.55691083921e-07
0.00585702081806 5.657 0.99278624984 -1.58093359608e-07
0.00585702081806 5.758 0.993100095923 -1.60495487418e-07
0.00585702081806 5.859 0.993396158402 -1.62897717562e-07
0.00585702081806 5.96 0.993675457593 -1.65299627399e-07
0.00585702081806 6.061 0.993939444675 -1.67701706912e-07
0.00585702081806 6.162 0.994188961592 -1.70103529036e-07
0.00585702081806 6.263 0.99442515992 -1.72505410922e-07
0.00585702081806 6.364 0.994648887194 -1.74907248491e-07
0.00585702081806 6.465 0.994860919809 -1.77308913137e-07
0.00585702081806 6.566 0.99506219537 -1.79710840417e-07
0.00585702081806 6.667 0.995253110748 -1.82112279314e-07
0.00585702081806 6.768 0.995434635699 -1.84514093348e-07
0.00585702081806 6.869 0.995607085451 -1.86915551675e-07
0.00585702081806 6.97 0.995771161579 -1.89317112715e-07
0.00585702081806 7.071 0.99592734294 -1.91718749088e-07
0.00585702081806 7.172 0.996075963121 -1.94120060031e-07
0.00585702081806 7.273 0.996217636242 -1.96521686263e-07
0.00585702081806 7.374 0.99635255177 -1.98922934049e-07
0.00585702081806 7.475 0.996481216876 -2.01324308127e-07
0.00585702081806 7.576 0.996603944337 -2.03725726565e-07
0.00585702081806 7.677 0.996720967911 -2.06126853363e-07
0.00585702081806 7.778 0.996832724773 -2.08528269452e-07
0.00585702081806 7.879 0.996939343145 -2.10929318962e-07
0.00585702081806 7.98 0.997041200629 -2.13330488702e-07
0.00585702081806 8.081 0.997138529202 -2.15731709869e-07
0.00585702081806 8.182 0.997231497413 -2.1813264216e-07
0.00585702081806 8.283 0.997320441081 -2.20533838603e-07
0.00585702081806 8.384 0.99740546667 -2.22934744415e-07
0.00585702081806 8.485 0.997486845426 -2.25335713129e-07
0.00585702081806 8.586 0.997564780399 -2.27736815409e-07
0.00585702081806 8.687 0.997639376628 -2.30137571224e-07
0.00585702081806 8.788 0.997710906645 -2.32538576802e-07
0.00585702081806 8.889 0.997779474298 -2.34939437326e-07
0.00585702081806 8.99 0.997845253906 -2.37340247786e-07
0.00585702081806 9.091 0.997908434415 -2.39741300118e-07
0.00585702081806 9.192 0.997969075301 -2.42141969004e-07
0.00585702081806 9.293 0.998027388687 -2.44542847413e-07
0.00585702081806 9.394 0.998083478086 -2.4694376265e-07
0.00585702081806 9.495 0.998137438114 -2.49344483657e-07
0.00585702081806 9.596 0.998189429667 -2.5174545171e-07
0.00585702081806 9.697 0.998239511565 -2.54146222608e-07
0.00585702081806 9.798 0.998287810445 -2.56547057593e-07
0.00585702081806 9.899 0.998334428326 -2.58948071694e-07
0.00585702081806 10.0 0.998379409563 -2.61348786706e-07
0.00642807311728 0.001 0.594117873776 -2.62468821236e-08
0.00642807311728 0.102 0.618148272969 -2.80546297441e-08
0.00642807311728 0.203 0.643498617458 -2.99437119126e-08
0.00642807311728 0.304 0.669457701824 -3.19220948376e-08
0.00642807311728 0.405 0.695354800464 -3.39856297706e-08
0.00642807311728 0.506 0.720631503599 -3.61239701863e-08
0.00642807311728 0.607 0.744837220015 -3.83245215547e-08
0.00642807311728 0.708 0.767668796095 -4.05756199533e-08
0.00642807311728 0.809 0.788928428681 -4.28665772203e-08
0.00642807311728 0.91 0.808513031198 -4.51878598442e-08
0.00642807311728 1.011 0.826418858464 -4.75329564469e-08
0.00642807311728 1.112 0.842687590383 -4.98960436374e-08
0.00642807311728 1.213 0.857392923347 -5.2272322733e-08
0.00642807311728 1.314 0.870639918455 -5.46585676365e-08
0.00642807311728 1.415 0.882551639785 -5.70523729949e-08
0.00642807311728 1.516 0.893240000896 -5.94515512459e-08
0.00642807311728 1.617 0.902815770642 -6.18539614307e-08
0.00642807311728 1.718 0.911406890634 -6.42596084346e-08
0.00642807311728 1.819 0.919114024858 -6.66675331188e-08
0.00642807311728 1.92 0.926015682313 -6.90754478863e-08
0.00642807311728 2.021 0.932218037306 -7.14846335889e-08
0.00642807311728 2.122 0.937795222966 -7.38944384053e-08
0.00642807311728 2.223 0.942815210517 -7.63044271872e-08
0.00642807311728 2.324 0.947339723899 -7.87143640356e-08
0.00642807311728 2.425 0.951424363332 -8.1124213212e-08
0.00642807311728 2.526 0.955118878031 -8.35340875806e-08
0.00642807311728 2.627 0.958467539269 -8.59442326032e-08
0.00642807311728 2.728 0.961497385228 -8.83526036611e-08
0.00642807311728 2.829 0.964250839047 -9.07606892692e-08
0.00642807311728 2.93 0.966762839711 -9.31697975009e-08
0.00642807311728 3.031 0.969046823634 -9.55771233324e-08
0.00642807311728 3.132 0.97113461617 -9.79846654636e-08
0.00642807311728 3.233 0.973044511879 -1.00392019429e-07
0.00642807311728 3.334 0.974792886827 -1.0279866839e-07
0.00642807311728 3.435 0.976398515647 -1.05205557579e-07
0.00642807311728 3.536 0.977871600241 -1.07611318582e-07
0.00642807311728 3.637 0.979230626933 -1.10018181682e-07
0.00642807311728 3.738 0.980478350123 -1.12422968688e-07
0.00642807311728 3.839 0.981632849611 -1.14829235858e-07
0.00642807311728 3.94 0.982699719632 -1.17234631047e-07
0.00642807311728 4.041 0.98368545506 -1.19638944373e-07
0.00642807311728 4.142 0.984599756334 -1.22043529606e-07
0.00642807311728 4.243 0.985448248914 -1.24448063811e-07
0.00642807311728 4.344 0.986236318257 -1.26852372201e-07
0.00642807311728 4.445 0.986969021251 -1.29256386959e-07
0.00642807311728 4.546 0.987651041282 -1.31660111717e-07
0.00642807311728 4.647 0.988286674939 -1.3406359557e-07
0.00642807311728 4.748 0.988879838576 -1.36466913138e-07
0.00642807311728 4.849 0.989434086257 -1.3887015257e-07
0.00642807311728 4.95 0.989952633555 -1.41273405558e-07
0.00642807311728 5.051 0.990438271692 -1.4367664282e-07
0.00642807311728 5.152 0.990892892973 -1.46079104182e-07
0.00642807311728 5.253 0.991319767587 -1.48481789249e-07
0.00642807311728 5.354 0.991721025604 -1.50884778387e-07
0.00642807311728 5.455 0.992097662394 -1.53286884815e-07
0.00642807311728 5.556 0.992452406876 -1.55689388583e-07
0.00642807311728 5.657 0.992786388622 -1.580916788e-07
0.00642807311728 5.758 0.993101104748 -1.60493820254e-07
0.00642807311728 5.859 0.993398029132 -1.6289605806e-07
0.00642807311728 5.96 0.99367811731 -1.65297964496e-07
0.00642807311728 6.061 0.993942764997 -1.67700025626e-07
0.00642807311728 6.162 0.994192764621 -1.70101810791e-07
0.00642807311728 6.263 0.994429236832 -1.725036354e-07
0.00642807311728 6.364 0.994653008926 -1.74905394465e-07
0.00642807311728 6.465 0.994864850222 -1.77306959674e-07
0.00642807311728 6.566 0.995065713161 -1.79708768708e-07
0.00642807311728 6.667 0.995256005433 -1.82110072604e-07
0.00642807311728 6.768 0.995436738896 -1.84511739224e-07
0.00642807311728 6.869 0.995608259717 -1.8691304156e-07
0.00642807311728 6.97 0.995771318663 -1.89314442962e-07
0.00642807311728 7.071 0.995926440389 -1.91715920766e-07
0.00642807311728 7.172 0.996074006296 -1.94117079274e-07
0.00642807311728 7.273 0.99621467565 -1.96518563258e-07
0.00642807311728 7.374 0.996348682679 -1.98919683701e-07
0.00642807311728 7.475 0.996476569278 -2.01320948238e-07
0.00642807311728 7.576 0.9965986786 -2.0372227766e-07
0.00642807311728 7.677 0.996715273092 -2.06123338438e-07
0.00642807311728 7.778 0.996826800358 -2.08524711493e-07
0.00642807311728 7.879 0.996933403486 -2.10925742273e-07
0.00642807311728 7.98 0.99703545379 -2.13326916017e-07
0.00642807311728 8.081 0.997133177844 -2.15728162586e-07
0.00642807311728 8.182 0.997226736423 -2.18129139962e-07
0.00642807311728 8.283 0.997316439185 -2.20530397583e-07
0.00642807311728 8.384 0.997402377099 -2.22931377985e-07
0.00642807311728 8.485 0.997484790051 -2.25332430527e-07
0.00642807311728 8.586 0.997563851898 -2.2773362192e-07
0.00642807311728 8.687 0.997639639458 -2.3013446796e-07
0.00642807311728 8.788 0.997712390025 -2.32535560611e-07
0.00642807311728 8.889 0.997782177273 -2.34936500783e-07
0.00642807311728 8.99 0.997849143707 -2.37337379381e-07
0.00642807311728 9.091 0.997913450574 -2.39738484966e-07
0.00642807311728 9.192 0.997975126495 -2.42139187854e-07
0.00642807311728 9.293 0.998034362065 -2.44540078833e-07
0.00642807311728 9.394 0.998091239839 -2.46940982365e-07
0.00642807311728 9.495 0.998145831771 -2.49341664719e-07
0.00642807311728 9.596 0.998198290435 -2.51742566565e-07
0.00642807311728 9.697 0.998248659988 -2.54143241566e-07
0.00642807311728 9.798 0.998297064193 -2.5654395103e-07
0.00642807311728 9.899 0.998343604234 -2.58944810235e-07
0.00642807311728 10.0 0.998388316822 -2.61345340256e-07
0.00705480231072 0.001 0.594117864176 -2.62617477389e-08
0.00705480231072 0.102 0.618148243319 -2.80651313034e-08
0.00705480231072 0.203 0.643498613113 -2.99513750294e-08
0.00705480231072 0.304 0.669457699653 -3.19272144483e-08
0.00705480231072 0.405 0.695354783109 -3.39892122524e-08
0.00705480231072 0.506 0.720631497232 -3.61260480405e-08
0.00705480231072 0.607 0.744837208966 -3.83260129147e-08
0.00705480231072 0.708 0.7676687818 -4.05762465161e-08
0.00705480231072 0.809 0.788928419069 -4.28666596042e-08
0.00705480231072 0.91 0.808513015074 -4.51876750722e-08
0.00705480231072 1.011 0.826418853728 -4.75324510457e-08
0.00705480231072 1.112 0.84268758869 -4.98953986913e-08
0.00705480231072 1.213 0.857392920539 -5.22715386098e-08
0.00705480231072 1.314 0.870639916849 -5.46576177112e-08
0.00705480231072 1.415 0.88255163915 -5.70514433506e-08
0.00705480231072 1.516 0.893239999857 -5.94505382337e-08
0.00705480231072 1.617 0.902815774442 -6.18528908866e-08
0.00705480231072 1.718 0.911406890316 -6.42585457664e-08
0.00705480231072 1.819 0.919114024774 -6.66664501277e-08
0.00705480231072 1.92 0.926015682127 -6.90743580581e-08
0.00705480231072 2.021 0.932218037094 -7.14835405794e-08
0.00705480231072 2.122 0.937795222838 -7.38933514407e-08
0.00705480231072 2.223 0.942815210405 -7.63033511347e-08
0.00705480231072 2.324 0.947339723769 -7.87132847623e-08
0.00705480231072 2.425 0.951424363307 -8.11231422514e-08
0.00705480231072 2.526 0.955118877994 -8.3533037006e-08
0.00705480231072 2.627 0.958467539249 -8.59431841287e-08
0.00705480231072 2.728 0.961497385198 -8.83515523206e-08
0.00705480231072 2.829 0.96425083907 -9.07596560824e-08
0.00705480231072 2.93 0.966762839706 -9.3168783128e-08
0.00705480231072 3.031 0.969046823613 -9.557611037e-08
0.00705480231072 3.132 0.971134616158 -9.79836493316e-08
0.00705480231072 3.233 0.973044511881 -1.00391008627e-07
0.00705480231072 3.334 0.974792886851 -1.02797672219e-07
0.00705480231072 3.435 0.976398515655 -1.05204574915e-07
0.00705480231072 3.536 0.977871600232 -1.07610336602e-07
0.00705480231072 3.637 0.979230626948 -1.10017192918e-07
0.00705480231072 3.738 0.980478437514 -1.12421827213e-07
0.00705480231072 3.839 0.981633168056 -1.14827625084e-07
0.00705480231072 3.94 0.982699807464 -1.17232966658e-07
0.00705480231072 4.041 0.983685277766 -1.19637217857e-07
0.00705480231072 4.142 0.984599336292 -1.2204173634e-07
0.00705480231072 4.243 0.985447654933 -1.24446205436e-07
0.00705480231072 4.344 0.986235652673 -1.26850455577e-07
0.00705480231072 4.445 0.986968400632 -1.29254420288e-07
0.00705480231072 4.546 0.987650575054 -1.31658101429e-07
0.00705480231072 4.647 0.988286447474 -1.34061542395e-07
0.00705480231072 4.748 0.988879210819 -1.36465666888e-07
0.00705480231072 4.849 0.989433946976 -1.38868928227e-07
0.00705480231072 4.95 0.989953031344 -1.41272205955e-07
0.00705480231072 5.051 0.990439182056 -1.43675465243e-07
0.00705480231072 5.152 0.9908942187 -1.46077940081e-07
0.00705480231072 5.253 0.991321361827 -1.48480626297e-07
0.00705480231072 5.354 0.991722710258 -1.50883601727e-07
0.00705480231072 5.455 0.992099236231 -1.53285677308e-07
0.00705480231072 5.556 0.992453692226 -1.55688134565e-07
0.00705480231072 5.657 0.992787232155 -1.58090364051e-07
0.00705480231072 5.758 0.993101399015 -1.60492433685e-07
0.00705480231072 5.859 0.993397722242 -1.62894592788e-07
0.00705480231072 5.96 0.993677214449 -1.65296418126e-07
0.00705480231072 6.061 0.993941327269 -1.67698400217e-07
0.00705480231072 6.162 0.994190903758 -1.70100112421e-07
0.00705480231072 6.263 0.994427101925 -1.72501873142e-07
0.00705480231072 6.364 0.994650775561 -1.74903579466e-07
0.00705480231072 6.465 0.994862707845 -1.77305104127e-07
0.00705480231072 6.566 0.995063844244 -1.79706884275e-07
0.00705480231072 6.667 0.9952545859 -1.8210817016e-07
0.00705480231072 6.768 0.995435909508 -1.84509826811e-07
0.00705480231072 6.869 0.995608132996 -1.86911124548e-07
0.00705480231072 6.97 0.995771962193 -1.89312522973e-07
0.00705480231072 7.071 0.995927878799 -1.91713995734e-07
0.00705480231072 7.172 0.996076218734 -1.94115143115e-07
0.00705480231072 7.273 0.996217599969 -1.96516606625e-07
0.00705480231072 7.374 0.996352214824 -1.98917693601e-07
0.00705480231072 7.475 0.996480575285 -2.01318909484e-07
0.00705480231072 7.576 0.996602999097 -2.03720173171e-07
0.00705480231072 7.677 0.996719726694 -2.06121149625e-07
0.00705480231072 7.778 0.996831204107 -2.08522420224e-07
0.00705480231072 7.879 0.99693756467 -2.10923330206e-07
0.00705480231072 7.98 0.997039193472 -2.13324366774e-07
0.00705480231072 8.081 0.997136330132 -2.15725461739e-07
0.00705480231072 8.182 0.997229152028 -2.18126275554e-07
0.00705480231072 8.283 0.997318000309 -2.20527361178e-07
0.00705480231072 8.384 0.997402990168 -2.22928164485e-07
0.00705480231072 8.485 0.997484396756 -2.25329038753e-07
0.00705480231072 8.586 0.99756242656 -2.27730054415e-07
0.00705480231072 8.687 0.997637189821 -2.30130731426e-07
0.00705480231072 8.788 0.997708956267 -2.32531664934e-07
0.00705480231072 8.889 0.997777830911 -2.34932459575e-07
0.00705480231072 8.99 0.997843984435 -2.37333209181e-07
0.00705480231072 9.091 0.997907599311 -2.39734204271e-07
0.00705480231072 9.192 0.997968731662 -2.42134818295e-07
0.00705480231072 9.293 0.998027582254 -2.44535642323e-07
0.00705480231072 9.394 0.998084245912 -2.46936501928e-07
0.00705480231072 9.495 0.998138806822 -2.49337164065e-07
0.00705480231072 9.596 0.998191412934 -2.51738068062e-07
0.00705480231072 9.697 0.998242111138 -2.54138767506e-07
0.00705480231072 9.798 0.998291014561 -2.56539521627e-07
0.00705480231072 9.899 0.998338212563 -2.58940443541e-07
0.00705480231072 10.0 0.998383735048 -2.61341052577e-07
0.00774263682681 0.001 0.594117857612 -2.62741155793e-08
0.00774263682681 0.102 0.618148216087 -2.80742943916e-08
0.00774263682681 0.203 0.643498611096 -2.99575019606e-08
0.00774263682681 0.304 0.669457697051 -3.19317318549e-08
0.00774263682681 0.405 0.695354773844 -3.39919691245e-08
0.00774263682681 0.506 0.720631488547 -3.61280981661e-08
0.00774263682681 0.607 0.744837205815 -3.83268832111e-08
0.00774263682681 0.708 0.767668782799 -4.05768486142e-08
0.00774263682681 0.809 0.788928419266 -4.28667779137e-08
0.00774263682681 0.91 0.808513017304 -4.51875173833e-08
0.00774263682681 1.011 0.826418847878 -4.75320503664e-08
0.00774263682681 1.112 0.842687588314 -4.98948538348e-08
0.00774263682681 1.213 0.857392918256 -5.22708688522e-08
0.00774263682681 1.314 0.870639916583 -5.46568962926e-08
0.00774263682681 1.415 0.882551635137 -5.70506361091e-08
0.00774263682681 1.516 0.893240000266 -5.94496814084e-08
0.00774263682681 1.617 0.902815774231 -6.18520628592e-08
0.00774263682681 1.718 0.911406890327 -6.42576130217e-08
0.00774263682681 1.819 0.919114023137 -6.66655637555e-08
0.00774263682681 1.92 0.926015679432 -6.90734674451e-08
0.00774263682681 2.021 0.932218037249 -7.14826223286e-08
0.00774263682681 2.122 0.937795220645 -7.38924655199e-08
0.00774263682681 2.223 0.942815210268 -7.63024407312e-08
0.00774263682681 2.324 0.947339723756 -7.87123948719e-08
0.00774263682681 2.425 0.951424363182 -8.11222666616e-08
0.00774263682681 2.526 0.95511887791 -8.35321489184e-08
0.00774263682681 2.627 0.958467539254 -8.59423037898e-08
0.00774263682681 2.728 0.961497385198 -8.83506991061e-08
0.00774263682681 2.829 0.964250838982 -9.07588033866e-08
0.00774263682681 2.93 0.96676283969 -9.31679216025e-08
0.00774263682681 3.031 0.969046823609 -9.55752589098e-08
0.00774263682681 3.132 0.971134616148 -9.798281483e-08
0.00774263682681 3.233 0.973044511862 -1.00390181135e-07
0.00774263682681 3.334 0.974792886822 -1.02796841559e-07
0.00774263682681 3.435 0.976398515642 -1.05203742855e-07
0.00774263682681 3.536 0.977871600229 -1.07609512588e-07
0.00774263682681 3.637 0.979230626947 -1.10016379257e-07
0.00774263682681 3.738 0.9804784375 -1.12421015944e-07
0.00774263682681 3.839 0.981633168046 -1.14826809553e-07
0.00774263682681 3.94 0.98269980746 -1.17232146565e-07
0.00774263682681 4.041 0.983685277762 -1.19636398354e-07
0.00774263682681 4.142 0.984599336289 -1.2204092035e-07
0.00774263682681 4.243 0.98544765493 -1.24445391286e-07
0.00774263682681 4.344 0.986235652669 -1.26849638606e-07
0.00774263682681 4.445 0.986968400628 -1.29253596308e-07
0.00774263682681 4.546 0.987650575713 -1.31657268442e-07
0.00774263682681 4.647 0.988286450333 -1.34060702777e-07
0.00774263682681 4.748 0.988879904756 -1.36463971092e-07
0.00774263682681 4.849 0.989434451788 -1.38867158146e-07
0.00774263682681 4.95 0.989953266913 -1.41270352382e-07
0.00774263682681 5.051 0.990439106943 -1.43673521933e-07
0.00774263682681 5.152 0.990893835301 -1.46075904728e-07
0.00774263682681 5.253 0.99132071355 -1.48478500378e-07
0.00774263682681 5.354 0.991721871919 -1.50881389485e-07
0.00774263682681 5.455 0.992098310925 -1.53283385494e-07
0.00774263682681 5.556 0.992452786499 -1.55685770119e-07
0.00774263682681 5.657 0.992786453303 -1.58087933507e-07
0.00774263682681 5.758 0.993100793225 -1.60490021597e-07
0.00774263682681 5.859 0.993396675655 -1.62893282324e-07
0.00774263682681 5.96 0.993676799875 -1.65295142511e-07
0.00774263682681 6.061 0.993941613776 -1.67697164634e-07
0.00774263682681 6.162 0.994191893457 -1.70098915798e-07
0.00774263682681 6.263 0.994428729754 -1.72500708149e-07
0.00774263682681 6.364 0.994652918897 -1.74902433312e-07
0.00774263682681 6.465 0.994865196944 -1.77303959454e-07
0.00774263682681 6.566 0.995066485594 -1.79705721286e-07
0.00774263682681 6.667 0.99525716448 -1.8210696674e-07
0.00774263682681 6.768 0.995438226653 -1.84508562235e-07
0.00774263682681 6.869 0.995610001352 -1.86909778941e-07
0.00774263682681 6.97 0.995773233618 -1.89311080055e-07
0.00774263682681 7.071 0.995928446761 -1.91712443071e-07
0.00774263682681 7.172 0.996076024184 -1.94113472803e-07
0.00774263682681 7.273 0.996216636609 -1.96514815783e-07
0.00774263682681 7.374 0.996350526497 -1.98915784222e-07
0.00774263682681 7.475 0.996478250914 -2.01316887971e-07
0.00774263682681 7.576 0.996600165938 -2.03718049709e-07
0.00774263682681 7.677 0.99671654663 -2.06118937814e-07
0.00774263682681 7.778 0.996827852858 -2.08520135066e-07
0.00774263682681 7.879 0.996934237153 -2.10920988506e-07
0.00774263682681 7.98 0.997036078392 -2.13321984664e-07
0.00774263682681 8.081 0.997133608072 -2.15723054427e-07
0.00774263682681 8.182 0.997226990087 -2.18123856659e-07
0.00774263682681 8.283 0.997316534052 -2.20524941096e-07
0.00774263682681 8.384 0.997402330365 -2.22925750736e-07
0.00774263682681 8.485 0.997484615928 -2.25326634878e-07
0.00774263682681 8.586 0.99756356117 -2.27727660122e-07
0.00774263682681 8.687 0.997639239164 -2.30128342276e-07
0.00774263682681 8.788 0.997711883097 -2.32529272869e-07
0.00774263682681 8.889 0.997781563159 -2.34930052745e-07
0.00774263682681 8.99 0.99784841899 -2.37330772598e-07
0.00774263682681 9.091 0.997912610184 -2.39731720782e-07
0.00774263682681 9.192 0.997974164433 -2.4213226782e-07
0.00774263682681 9.293 0.998033274052 -2.445330044e-07
0.00774263682681 9.394 0.998090022235 -2.46933755252e-07
0.00774263682681 9.495 0.998144485559 -2.49334287058e-07
0.00774263682681 9.596 0.998196820675 -2.51735040704e-07
0.00774263682681 9.697 0.99824707467 -2.54135570538e-07
0.00774263682681 9.798 0.998295376794 -2.56536138285e-07
0.00774263682681 9.899 0.998341833839 -2.58936859697e-07
0.00774263682681 10.0 0.998386489783 -2.61337256712e-07
0.00849753435909 0.001 0.594117851062 -2.62842686395e-08
0.00849753435909 0.102 0.618148197829 -2.8081895656e-08
0.00849753435909 0.203 0.643498607391 -2.99627677069e-08
0.00849753435909 0.304 0.669457695803 -3.19355217616e-08
0.00849753435909 0.405 0.695354757414 -3.39942963671e-08
0.00849753435909 0.506 0.720631484521 -3.61298029917e-08
0.00849753435909 0.607 0.744837195044 -3.83277360953e-08
0.00849753435909 0.708 0.767668779556 -4.05772842389e-08
0.00849753435909 0.809 0.788928418135 -4.28669232481e-08
0.00849753435909 0.91 0.808513013385 -4.5187351044e-08
0.00849753435909 1.011 0.826418841032 -4.75317619546e-08
0.00849753435909 1.112 0.842687579112 -4.98943678891e-08
0.00849753435909 1.213 0.85739291467 -5.22703369204e-08
0.00849753435909 1.314 0.870639912474 -5.46562687805e-08
0.00849753435909 1.415 0.882551637146 -5.70499600494e-08
0.00849753435909 1.516 0.893239996674 -5.94489990184e-08
0.00849753435909 1.617 0.902815773535 -6.18513029314e-08
0.00849753435909 1.718 0.911406889718 -6.42569098332e-08
0.00849753435909 1.819 0.919114024643 -6.66648065909e-08
0.00849753435909 1.92 0.926015681771 -6.90727052727e-08
0.00849753435909 2.021 0.932218036794 -7.14818847486e-08
0.00849753435909 2.122 0.93779522262 -7.38917028616e-08
0.00849753435909 2.223 0.94281520904 -7.63016956681e-08
0.00849753435909 2.324 0.947339723705 -7.87116537789e-08
0.00849753435909 2.425 0.95142436311 -8.11215291782e-08
0.00849753435909 2.526 0.955118877898 -8.35314149864e-08
0.00849753435909 2.627 0.958467539248 -8.5941582754e-08
0.00849753435909 2.728 0.961497385167 -8.83499802331e-08
0.00849753435909 2.829 0.96425083897 -9.07580864092e-08
0.00849753435909 2.93 0.966762839688 -9.31672167472e-08
0.00849753435909 3.031 0.969046823597 -9.55745624487e-08
0.00849753435909 3.132 0.971134616129 -9.79821175358e-08
0.00849753435909 3.233 0.973044511856 -1.00389484019e-07
0.00849753435909 3.334 0.974792886828 -1.02796152885e-07
0.00849753435909 3.435 0.976398515641 -1.05203062167e-07
0.00849753435909 3.536 0.977871600217 -1.07608831131e-07
0.00849753435909 3.637 0.979230626945 -1.10015694343e-07
0.00849753435909 3.738 0.980478437504 -1.12420333439e-07
0.00849753435909 3.839 0.981633168049 -1.14826132645e-07
0.00849753435909 3.94 0.98269980746 -1.17231472134e-07
0.00849753435909 4.041 0.98368527776 -1.19635721035e-07
0.00849753435909 4.142 0.984599336288 -1.22040238915e-07
0.00849753435909 4.243 0.985447654931 -1.24444707903e-07
0.00849753435909 4.344 0.98623565267 -1.268489553e-07
0.00849753435909 4.445 0.986968400629 -1.2925291265e-07
0.00849753435909 4.546 0.987650575713 -1.31656581581e-07
0.00849753435909 4.647 0.988286450333 -1.34060009859e-07
0.00849753435909 4.748 0.988879904757 -1.36463271196e-07
0.00849753435909 4.849 0.98943445179 -1.38866452184e-07
0.00849753435909 4.95 0.989953266914 -1.41269641581e-07
0.00849753435909 5.051 0.990439106943 -1.43672806387e-07
0.00849753435909 5.152 0.990893835302 -1.46075182833e-07
0.00849753435909 5.253 0.991320713551 -1.4847777003e-07
0.00849753435909 5.354 0.991721871919 -1.50880649117e-07
0.00849753435909 5.455 0.992098310926 -1.53282634452e-07
0.00849753435909 5.556 0.992452786499 -1.55685008516e-07
0.00849753435909 5.657 0.992786453307 -1.58087161692e-07
0.00849753435909 5.758 0.993100840252 -1.60489160233e-07
0.00849753435909 5.859 0.993397453338 -1.62891250953e-07
0.00849753435909 5.96 0.993677278636 -1.6529300793e-07
0.00849753435909 6.061 0.993941736067 -1.67694919038e-07
0.00849753435909 6.162 0.994191639013 -1.7009655508e-07
0.00849753435909 6.263 0.994428118564 -1.72498232257e-07
0.00849753435909 6.364 0.994652006763 -1.74899845612e-07
0.00849753435909 6.465 0.994864070497 -1.77301266018e-07
0.00849753435909 6.566 0.995065249401 -1.79702929624e-07
0.00849753435909 6.667 0.995255939204 -1.82104085487e-07
0.00849753435909 6.768 0.995437126984 -1.84505599337e-07
0.00849753435909 6.869 0.995609137979 -1.86906741703e-07
0.00849753435909 6.97 0.995772696144 -1.89307973668e-07
0.00849753435909 7.071 0.995927948194 -1.91709835433e-07
0.00849753435909 7.172 0.996075980448 -1.94110905911e-07
0.00849753435909 7.273 0.996216423705 -1.96513352256e-07
0.00849753435909 7.374 0.99635097677 -1.98914358117e-07
0.00849753435909 7.475 0.996479356871 -2.01315498658e-07
0.00849753435909 7.576 0.99660187575 -2.03716691808e-07
0.00849753435909 7.677 0.996718764921 -2.06117601148e-07
0.00849753435909 7.778 0.996830454922 -2.0851880612e-07
0.00849753435909 7.879 0.996937066941 -2.10919650115e-07
0.00849753435909 7.98 0.997038969795 -2.1332061828e-07
0.00849753435909 8.081 0.997136389602 -2.15721640571e-07
0.00849753435909 8.182 0.997229490998 -2.18122375574e-07
0.00849753435909 8.283 0.997318604711 -2.20523374974e-07
0.00849753435909 8.384 0.997403836954 -2.22924083177e-07
0.00849753435909 8.485 0.997485457233 -2.25324852741e-07
0.00849753435909 8.586 0.997563668562 -2.27725753592e-07
0.00849753435909 8.687 0.997638578275 -2.30126305105e-07
0.00849753435909 8.788 0.997710457736 -2.32527102841e-07
0.00849753435909 8.889 0.997779412516 -2.34927751432e-07
0.00849753435909 8.99 0.997845616205 -2.37328345234e-07
0.00849753435909 9.091 0.997909255175 -2.39729175524e-07
0.00849753435909 9.192 0.997970387964 -2.42129616147e-07
0.00849753435909 9.293 0.998029220107 -2.44530259254e-07
0.00849753435909 9.394 0.99808584945 -2.46930931136e-07
0.00849753435909 9.495 0.998140362896 -2.493313995e-07
0.00849753435909 9.596 0.99819291122 -2.5173210457e-07
0.00849753435909 9.697 0.998243542607 -2.54132600583e-07
0.00849753435909 9.798 0.998292371473 -2.56533147507e-07
0.00849753435909 9.899 0.9983394877 -2.58933859068e-07
0.00849753435909 10.0 0.998384920716 -2.61334255176e-07
0.00932603346883 0.001 0.594117845923 -2.62930117112e-08
0.00932603346883 0.102 0.618148179195 -2.8088104867e-08
0.00932603346883 0.203 0.64349860475 -2.99672791781e-08
0.00932603346883 0.304 0.669457694693 -3.19385951515e-08
0.00932603346883 0.405 0.695354747161 -3.39962632547e-08
0.00932603346883 0.506 0.720631476065 -3.61310691782e-08
0.00932603346883 0.607 0.744837188936 -3.83285559713e-08
0.00932603346883 0.708 0.767668777662 -4.05776358022e-08
0.00932603346883 0.809 0.788928419363 -4.28670297703e-08
0.00932603346883 0.91 0.808513017927 -4.51872338646e-08
0.00932603346883 1.011 0.826418847462 -4.75315082282e-08
0.00932603346883 1.112 0.842687579654 -4.98939708259e-08
0.00932603346883 1.213 0.857392909919 -5.22698939964e-08
0.00932603346883 1.314 0.870639911986 -5.46557418997e-08
0.00932603346883 1.415 0.882551638551 -5.70494183546e-08
0.00932603346883 1.516 0.893239998893 -5.94483988684e-08
0.00932603346883 1.617 0.902815772722 -6.18507173327e-08
0.00932603346883 1.718 0.911406890248 -6.42562886479e-08
0.00932603346883 1.819 0.919114023412 -6.66641875757e-08
0.00932603346883 1.92 0.926015678247 -6.90720704424e-08
0.00932603346883 2.021 0.932218034328 -7.14812755267e-08
0.00932603346883 2.122 0.937795222796 -7.389107885e-08
0.00932603346883 2.223 0.942815210658 -7.63010681227e-08
0.00932603346883 2.324 0.947339720575 -7.87110340869e-08
0.00932603346883 2.425 0.951424359931 -8.11209175406e-08
0.00932603346883 2.526 0.95511887771 -8.35308122309e-08
0.00932603346883 2.627 0.958467539215 -8.59409806877e-08
0.00932603346883 2.728 0.961497385156 -8.83493768436e-08
0.00932603346883 2.829 0.964250838973 -9.07574952257e-08
0.00932603346883 2.93 0.966762839679 -9.31666306818e-08
0.00932603346883 3.031 0.969046823584 -9.55739757486e-08
0.00932603346883 3.132 0.971134616135 -9.7981535894e-08
0.00932603346883 3.233 0.973044511858 -1.00388910735e-07
0.00932603346883 3.334 0.974792886819 -1.02795581327e-07
0.00932603346883 3.435 0.976398515637 -1.05202488923e-07
0.00932603346883 3.536 0.977871600221 -1.07608260496e-07
0.00932603346883 3.637 0.979230626946 -1.10015129594e-07
0.00932603346883 3.738 0.9804784375 -1.12419771125e-07
0.00932603346883 3.839 0.981633168046 -1.14825568786e-07
0.00932603346883 3.94 0.98269980746 -1.17230906155e-07
0.00932603346883 4.041 0.983685277762 -1.19635155708e-07
0.00932603346883 4.142 0.984599336291 -1.22039675551e-07
0.00932603346883 4.243 0.985447654931 -1.24444144541e-07
0.00932603346883 4.344 0.98623565267 -1.26848388552e-07
0.00932603346883 4.445 0.986968400629 -1.2925234061e-07
0.00932603346883 4.546 0.987650575714 -1.31656005743e-07
0.00932603346883 4.647 0.988286450335 -1.34059432656e-07
0.00932603346883 4.748 0.988879904758 -1.36462692743e-07
0.00932603346883 4.849 0.989434451791 -1.3886586986e-07
0.00932603346883 4.95 0.989953266915 -1.41269052324e-07
0.00932603346883 5.051 0.990439106943 -1.43672208903e-07
0.00932603346883 5.152 0.990893835303 -1.4607457823e-07
0.00932603346883 5.253 0.991320713552 -1.48477159963e-07
0.00932603346883 5.354 0.991721871919 -1.50880034089e-07
0.00932603346883 5.455 0.992098310926 -1.53282013111e-07
0.00932603346883 5.556 0.9924527865 -1.55684378624e-07
0.00932603346883 5.657 0.992786453307 -1.58086521313e-07
0.00932603346883 5.758 0.993100840252 -1.60488508686e-07
0.00932603346883 5.859 0.993397453339 -1.6289058859e-07
0.00932603346883 5.96 0.993677278636 -1.65292335455e-07
0.00932603346883 6.061 0.993941736067 -1.6769423671e-07
0.00932603346883 6.162 0.994191639013 -1.70095862403e-07
0.00932603346883 6.263 0.994428118564 -1.72497527958e-07
0.00932603346883 6.364 0.994652006763 -1.74899128149e-07
0.00932603346883 6.465 0.994864070498 -1.7730053408e-07
0.00932603346883 6.566 0.995065249401 -1.79702182501e-07
0.00932603346883 6.667 0.995255939204 -1.82103323066e-07
0.00932603346883 6.768 0.995437126984 -1.84504821746e-07
0.00932603346883 6.869 0.995609137979 -1.86905949076e-07
0.00932603346883 6.97 0.995772696148 -1.89307165986e-07
0.00932603346883 7.071 0.99592830143 -1.91708447333e-07
0.00932603346883 7.172 0.996076309762 -1.9410939488e-07
0.00932603346883 7.273 0.996217360411 -1.96510652207e-07
0.00932603346883 7.374 0.99635166572 -1.98911528496e-07
0.00932603346883 7.475 0.996479755087 -2.01312531213e-07
0.00932603346883 7.576 0.996601960917 -2.03713580946e-07
0.00932603346883 7.677 0.996718536763 -2.06114344108e-07
0.00932603346883 7.778 0.99682993348 -2.08515402768e-07
0.00932603346883 7.879 0.996936291581 -2.10916102759e-07
0.00932603346883 7.98 0.997037993376 -2.13316931018e-07
0.00932603346883 8.081 0.997135275189 -2.15717818946e-07
0.00932603346883 8.182 0.997228309199 -2.18118426342e-07
0.00932603346883 8.283 0.997317424337 -2.20519305172e-07
0.00932603346883 8.384 0.99740272647 -2.2291990034e-07
0.00932603346883 8.485 0.997484476102 -2.25320563956e-07
0.00932603346883 8.586 0.997562865962 -2.27721365259e-07
0.00932603346883 8.687 0.997637992212 -2.30121822476e-07
0.00932603346883 8.788 0.997709395401 -2.32524829297e-07
0.00932603346883 8.889 0.997778901795 -2.34925816003e-07
0.00932603346883 8.99 0.997845814511 -2.37326556407e-07
0.00932603346883 9.091 0.997910193946 -2.39727453707e-07
0.00932603346883 9.192 0.997972027759 -2.42127956597e-07
0.00932603346883 9.293 0.99803148872 -2.44528652694e-07
0.00932603346883 9.394 0.998088644996 -2.46929364037e-07
0.00932603346883 9.495 0.998143556566 -2.49329854371e-07
0.00932603346883 9.596 0.998196361717 -2.51730561855e-07
0.00932603346883 9.697 0.998247092299 -2.54131038057e-07
0.00932603346883 9.798 0.99829586239 -2.56531542438e-07
0.00932603346883 9.899 0.998342766582 -2.5893218888e-07
0.00932603346883 10.0 0.99838783716 -2.61332497165e-07
0.010235310219 0.001 0.594117842096 -2.63001196311e-08
0.010235310219 0.102 0.618148161636 -2.8093377149e-08
0.010235310219 0.203 0.64349860351 -2.99710498926e-08
0.010235310219 0.304 0.669457693301 -3.19409643774e-08
0.010235310219 0.405 0.695354740916 -3.39982008576e-08
0.010235310219 0.506 0.720631477576 -3.61320550268e-08
0.010235310219 0.607 0.74483718661 -3.83292337289e-08
0.010235310219 0.708 0.767668773275 -4.05779809862e-08
0.010235310219 0.809 0.788928414937 -4.28670845643e-08
0.010235310219 0.91 0.808513016056 -4.51871440156e-08
0.010235310219 1.011 0.826418841643 -4.75312779288e-08
0.010235310219 1.112 0.842687581519 -4.9893677042e-08
0.010235310219 1.213 0.857392914832 -5.22695030457e-08
0.010235310219 1.314 0.870639910294 -5.46553254511e-08
0.010235310219 1.415 0.882551635044 -5.70489494715e-08
0.010235310219 1.516 0.893239998056 -5.94479380775e-08
0.010235310219 1.617 0.902815770988 -6.18501914907e-08
0.010235310219 1.718 0.911406886172 -6.42557926431e-08
0.010235310219 1.819 0.919114024504 -6.66636758659e-08
0.010235310219 1.92 0.926015680975 -6.90715461651e-08
0.010235310219 2.021 0.932218033042 -7.14807548218e-08
0.010235310219 2.122 0.93779522126 -7.38905542265e-08
0.010235310219 2.223 0.942815208124 -7.63005607646e-08
0.010235310219 2.324 0.947339721724 -7.87105259926e-08
0.010235310219 2.425 0.951424362184 -8.11203989235e-08
0.010235310219 2.526 0.955118876404 -8.3530312007e-08
0.010235310219 2.627 0.95846753922 -8.59404751383e-08
0.010235310219 2.728 0.961497385194 -8.83488841949e-08
0.010235310219 2.829 0.964250838748 -9.07570015698e-08
0.010235310219 2.93 0.966762839697 -9.31661393512e-08
0.010235310219 3.031 0.969046823567 -9.55734916521e-08
0.010235310219 3.132 0.971134616018 -9.79810529819e-08
0.010235310219 3.233 0.973044511865 -1.00388432979e-07
0.010235310219 3.334 0.97479288682 -1.02795105142e-07
0.010235310219 3.435 0.976398515641 -1.05202013447e-07
0.010235310219 3.536 0.977871600231 -1.07607789437e-07
0.010235310219 3.637 0.979230626947 -1.10014660051e-07
0.010235310219 3.738 0.980478437505 -1.12419299961e-07
0.010235310219 3.839 0.981633168052 -1.14825098717e-07
0.010235310219 3.94 0.982699807463 -1.17230439364e-07
0.010235310219 4.041 0.983685277765 -1.19634688556e-07
0.010235310219 4.142 0.984599336294 -1.22039205147e-07
0.010235310219 4.243 0.985447654934 -1.24443671993e-07
0.010235310219 4.344 0.986235652673 -1.26847916055e-07
0.010235310219 4.445 0.986968400631 -1.29251868368e-07
0.010235310219 4.546 0.987650575715 -1.31655531218e-07
0.010235310219 4.647 0.988286450336 -1.34058953321e-07
0.010235310219 4.748 0.98887990476 -1.36462208664e-07
0.010235310219 4.849 0.989434451793 -1.38865382732e-07
0.010235310219 4.95 0.989953266916 -1.41268562675e-07
0.010235310219 5.051 0.990439106943 -1.43671715418e-07
0.010235310219 5.152 0.990893835304 -1.46074078852e-07
0.010235310219 5.253 0.991320713553 -1.48476653696e-07
0.010235310219 5.354 0.991721871919 -1.50879521197e-07
0.010235310219 5.455 0.992098310928 -1.53281494294e-07
0.010235310219 5.556 0.992452786501 -1.55683853811e-07
0.010235310219 5.657 0.992786453308 -1.58085989576e-07
0.010235310219 5.758 0.993100840253 -1.60487968783e-07
0.010235310219 5.859 0.993397453339 -1.62890039751e-07
0.010235310219 5.96 0.993677278637 -1.65291777525e-07
0.010235310219 6.061 0.993941736068 -1.67693669722e-07
0.010235310219 6.162 0.994191639014 -1.70095286149e-07
0.010235310219 6.263 0.994428118565 -1.72496941806e-07
0.010235310219 6.364 0.994652006764 -1.7489853121e-07
0.010235310219 6.465 0.994864070499 -1.77299925642e-07
0.010235310219 6.566 0.995065249401 -1.79701562205e-07
0.010235310219 6.667 0.995255939205 -1.82102690825e-07
0.010235310219 6.768 0.995437126985 -1.84504177349e-07
0.010235310219 6.869 0.99560913798 -1.86905291987e-07
0.010235310219 6.97 0.995772696149 -1.89306495386e-07
0.010235310219 7.071 0.99592830143 -1.91707762299e-07
0.010235310219 7.172 0.996076309763 -1.941086947e-07
0.010235310219 7.273 0.996217360411 -1.96509936537e-07
0.010235310219 7.374 0.996351665721 -1.98910797361e-07
0.010235310219 7.475 0.996479755088 -2.01311784625e-07
0.010235310219 7.576 0.996601960918 -2.03712818635e-07
0.010235310219 7.677 0.996718536763 -2.06113565398e-07
0.010235310219 7.778 0.99682993348 -2.08514606673e-07
0.010235310219 7.879 0.996936291581 -2.10915288169e-07
0.010235310219 7.98 0.997037993376 -2.13316097022e-07
0.010235310219 8.081 0.997135275189 -2.15716964954e-07
0.010235310219 8.182 0.997228309199 -2.18117552135e-07
0.010235310219 8.283 0.997317424338 -2.20518410676e-07
0.010235310219 8.384 0.99740272647 -2.22918985545e-07
0.010235310219 8.485 0.997484476102 -2.25319628658e-07
0.010235310219 8.586 0.997562865962 -2.27720409014e-07
0.010235310219 8.687 0.997637992218 -2.30120844985e-07
0.010235310219 8.788 0.997710110403 -2.32521530355e-07
0.010235310219 8.889 0.997779312148 -2.34922068324e-07
0.010235310219 8.99 0.997845755933 -2.37322551545e-07
0.010235310219 9.091 0.99790961499 -2.39723269743e-07
0.010235310219 9.192 0.997970934093 -2.42123595209e-07
0.010235310219 9.293 0.998029909961 -2.44524118793e-07
0.010235310219 9.394 0.99808663217 -2.46924665577e-07
0.010235310219 9.495 0.998141181038 -2.49325002159e-07
0.010235310219 9.596 0.998193706893 -2.5172556817e-07
0.010235310219 9.697 0.998244255598 -2.54125917097e-07
0.010235310219 9.798 0.998292945473 -2.56526308757e-07
0.010235310219 9.899 0.998339871655 -2.58926856919e-07
0.010235310219 10.0 0.998385068301 -2.61327081398e-07
0.0112332403298 0.001 0.594117838137 -2.63062280621e-08
0.0112332403298 0.102 0.618148149999 -2.80977548519e-08
0.0112332403298 0.203 0.643498601604 -2.99740989361e-08
0.0112332403298 0.304 0.669457692088 -3.19431899753e-08
0.0112332403298 0.405 0.695354736871 -3.39996424187e-08
0.0112332403298 0.506 0.720631475105 -3.61329105253e-08
0.0112332403298 0.607 0.744837180695 -3.83297732796e-08
0.0112332403298 0.708 0.767668772876 -4.05782356172e-08
0.0112332403298 0.809 0.788928416152 -4.28671512606e-08
0.0112332403298 0.91 0.808513014794 -4.51870789392e-08
0.0112332403298 1.011 0.826418842323 -4.75310986877e-08
0.0112332403298 1.112 0.842687582576 -4.98934080445e-08
0.0112332403298 1.213 0.857392913352 -5.2269185059e-08
0.0112332403298 1.314 0.870639909945 -5.46549809333e-08
0.0112332403298 1.415 0.882551637501 -5.7048562556e-08
0.0112332403298 1.516 0.893239998117 -5.94475289383e-08
0.0112332403298 1.617 0.902815771435 -6.1849784469e-08
0.0112332403298 1.718 0.911406887885 -6.42553687959e-08
0.0112332403298 1.819 0.91911402372 -6.66632363321e-08
0.0112332403298 1.92 0.926015678686 -6.90711279737e-08
0.0112332403298 2.021 0.932218034084 -7.14803151661e-08
0.0112332403298 2.122 0.937795222659 -7.38901300435e-08
0.0112332403298 2.223 0.942815208984 -7.63001233918e-08
0.0112332403298 2.324 0.947339720711 -7.87100975029e-08
0.0112332403298 2.425 0.951424360708 -8.11199810348e-08
0.0112332403298 2.526 0.955118877861 -8.3529889535e-08
0.0112332403298 2.627 0.958467539237 -8.59400621838e-08
0.0112332403298 2.728 0.961497385133 -8.83484686547e-08
0.0112332403298 2.829 0.964250838907 -9.07565933035e-08
0.0112332403298 2.93 0.966762839664 -9.31657319653e-08
0.0112332403298 3.031 0.969046823587 -9.55730857587e-08
0.0112332403298 3.132 0.971134616063 -9.79806544819e-08
0.0112332403298 3.233 0.973044511838 -1.00388031749e-07
0.0112332403298 3.334 0.974792886833 -1.02794709199e-07
0.0112332403298 3.435 0.976398515637 -1.05201622334e-07
0.0112332403298 3.536 0.977871600229 -1.07607395589e-07
0.0112332403298 3.637 0.979230626943 -1.10014268484e-07
0.0112332403298 3.738 0.980478437509 -1.12418912306e-07
0.0112332403298 3.839 0.981633168052 -1.14824708739e-07
0.0112332403298 3.94 0.982699807464 -1.17230047718e-07
0.0112332403298 4.041 0.98368527777 -1.1963429962e-07
0.0112332403298 4.142 0.984599336296 -1.22038816962e-07
0.0112332403298 4.243 0.985447654936 -1.24443281085e-07
0.0112332403298 4.344 0.986235652675 -1.26847522484e-07
0.0112332403298 4.445 0.986968400629 -1.29251473848e-07
0.0112332403298 4.546 0.987650575706 -1.31655135631e-07
0.0112332403298 4.647 0.988286450336 -1.3405855564e-07
0.0112332403298 4.748 0.988879904761 -1.36461808119e-07
0.0112332403298 4.849 0.989434451793 -1.38864978492e-07
0.0112332403298 4.95 0.989953266916 -1.41268154635e-07
0.0112332403298 5.051 0.990439106943 -1.43671303687e-07
0.0112332403298 5.152 0.990893835304 -1.460736634e-07
0.0112332403298 5.253 0.991320713553 -1.4847623399e-07
0.0112332403298 5.354 0.991721871919 -1.5087909633e-07
0.0112332403298 5.455 0.992098310928 -1.53281063585e-07
0.0112332403298 5.556 0.992452786501 -1.55683416877e-07
0.0112332403298 5.657 0.992786453309 -1.58085546392e-07
0.0112332403298 5.758 0.993100840254 -1.60487519488e-07
0.0112332403298 5.859 0.993397453339 -1.62889584232e-07
0.0112332403298 5.96 0.993677278637 -1.65291315144e-07
0.0112332403298 6.061 0.993941736068 -1.6769319957e-07
0.0112332403298 6.162 0.994191639014 -1.70094807199e-07
0.0112332403298 6.263 0.994428118565 -1.72496453591e-07
0.0112332403298 6.364 0.994652006764 -1.74898033871e-07
0.0112332403298 6.465 0.994864070499 -1.77299419547e-07
0.0112332403298 6.566 0.995065249401 -1.79701047369e-07
0.0112332403298 6.667 0.995255939205 -1.82102166644e-07
0.0112332403298 6.768 0.995437126985 -1.84503642856e-07
0.0112332403298 6.869 0.99560913798 -1.86904746152e-07
0.0112332403298 6.97 0.995772696149 -1.89305937471e-07
0.0112332403298 7.071 0.99592830143 -1.91707192108e-07
0.0112332403298 7.172 0.996076309763 -1.94108112368e-07
0.0112332403298 7.273 0.996217360411 -1.9650934218e-07
0.0112332403298 7.374 0.996351665721 -1.98910190806e-07
0.0112332403298 7.475 0.996479755088 -2.01311165333e-07
0.0112332403298 7.576 0.996601960918 -2.03712185819e-07
0.0112332403298 7.677 0.996718536763 -2.06112918186e-07
0.0112332403298 7.778 0.99682993348 -2.08513944366e-07
0.0112332403298 7.879 0.996936291581 -2.10914610328e-07
0.0112332403298 7.98 0.997037993376 -2.13315403398e-07
0.0112332403298 8.081 0.997135275189 -2.15716255424e-07
0.0112332403298 8.182 0.997228309199 -2.18116826579e-07
0.0112332403298 8.283 0.997317424338 -2.205176688e-07
0.0112332403298 8.384 0.997402726471 -2.2291822689e-07
0.0112332403298 8.485 0.997484476102 -2.25318852552e-07
0.0112332403298 8.586 0.997562865962 -2.2771961474e-07
0.0112332403298 8.687 0.997637992218 -2.30120031857e-07
0.0112332403298 8.788 0.997710110403 -2.32520697802e-07
0.0112332403298 8.889 0.997779312148 -2.34921215916e-07
0.0112332403298 8.99 0.997845755933 -2.37321679003e-07
0.0112332403298 9.091 0.99790961499 -2.3972237683e-07
0.0112332403298 9.192 0.997970934093 -2.42122681686e-07
0.0112332403298 9.293 0.998029909961 -2.4452318429e-07
0.0112332403298 9.394 0.99808663217 -2.4692370959e-07
0.0112332403298 9.495 0.998141181038 -2.49324024046e-07
0.0112332403298 9.596 0.998193706893 -2.51724567232e-07
0.0112332403298 9.697 0.998244255599 -2.54124892624e-07
0.0112332403298 9.798 0.998292945473 -2.56525260112e-07
0.0112332403298 9.899 0.998339871655 -2.58925783558e-07
0.0112332403298 10.0 0.998385068302 -2.61325982916e-07
0.0123284673944 0.001 0.594117834992 -2.63115076079e-08
0.0123284673944 0.102 0.618148146295 -2.81013679676e-08
0.0123284673944 0.203 0.643498601054 -2.99764220249e-08
0.0123284673944 0.304 0.669457690513 -3.194492862e-08
0.0123284673944 0.405 0.695354731722 -3.40008702029e-08
0.0123284673944 0.506 0.720631472101 -3.61336096961e-08
0.0123284673944 0.607 0.744837174277 -3.83302447137e-08
0.0123284673944 0.708 0.767668769205 -4.0578436537e-08
0.0123284673944 0.809 0.788928413854 -4.28672164724e-08
0.0123284673944 0.91 0.80851301377 -4.51870010168e-08
0.0123284673944 1.011 0.826418840465 -4.75309355411e-08
0.0123284673944 1.112 0.842687580277 -4.9893210446e-08
0.0123284673944 1.213 0.857392915214 -5.22689308054e-08
0.0123284673944 1.314 0.870639912577 -5.46546714618e-08
0.0123284673944 1.415 0.88255163683 -5.70482532742e-08
0.0123284673944 1.516 0.893239998501 -5.94471978004e-08
0.0123284673944 1.617 0.902815772792 -6.1849435243e-08
0.0123284673944 1.718 0.911406888586 -6.42550145808e-08
0.0123284673944 1.819 0.9191140241 -6.6662884273e-08
0.0123284673944 1.92 0.92601568125 -6.90707658357e-08
0.0123284673944 2.021 0.932218034786 -7.1479957845e-08
0.0123284673944 2.122 0.937795221392 -7.38897677306e-08
0.0123284673944 2.223 0.942815209258 -7.62997766554e-08
0.0123284673944 2.324 0.94733972284 -7.87097418872e-08
0.0123284673944 2.425 0.951424361064 -8.11196289494e-08
0.0123284673944 2.526 0.955118877476 -8.3529540463e-08
0.0123284673944 2.627 0.958467539055 -8.59397109708e-08
0.0123284673944 2.728 0.96149738461 -8.83481327358e-08
0.0123284673944 2.829 0.964250838861 -9.07562461076e-08
0.0123284673944 2.93 0.966762839501 -9.31654005943e-08
0.0123284673944 3.031 0.969046823624 -9.55727535922e-08
0.0123284673944 3.132 0.97113461616 -9.7980314825e-08
0.0123284673944 3.233 0.973044511218 -1.00387705714e-07
0.0123284673944 3.334 0.974792886827 -1.02794379573e-07
0.0123284673944 3.435 0.976398515586 -1.05201293224e-07
0.0123284673944 3.536 0.977871600256 -1.07607072843e-07
0.0123284673944 3.637 0.979230626945 -1.10013941849e-07
0.0123284673944 3.738 0.980478437536 -1.12418585934e-07
0.0123284673944 3.839 0.981633167971 -1.14824388756e-07
0.0123284673944 3.94 0.982699807427 -1.1722972335e-07
0.0123284673944 4.041 0.983685277777 -1.19633973861e-07
0.0123284673944 4.142 0.984599336303 -1.22038493977e-07
0.0123284673944 4.243 0.985447654913 -1.24442957187e-07
0.0123284673944 4.344 0.986235652678 -1.26847195628e-07
0.0123284673944 4.445 0.986968400609 -1.29251146983e-07
0.0123284673944 4.546 0.987650575712 -1.3165480711e-07
0.0123284673944 4.647 0.988286450333 -1.34058224231e-07
0.0123284673944 4.748 0.988879904761 -1.36461475237e-07
0.0123284673944 4.849 0.989434451794 -1.38864643701e-07
0.0123284673944 4.95 0.989953266917 -1.41267815778e-07
0.0123284673944 5.051 0.990439106943 -1.43670960702e-07
0.0123284673944 5.152 0.990893835305 -1.46073317819e-07
0.0123284673944 5.253 0.991320713554 -1.48475885949e-07
0.0123284673944 5.354 0.991721871919 -1.50878744021e-07
0.0123284673944 5.455 0.992098310928 -1.5328070538e-07
0.0123284673944 5.556 0.992452786501 -1.55683053317e-07
0.0123284673944 5.657 0.992786453309 -1.5808517865e-07
0.0123284673944 5.758 0.993100840254 -1.6048714744e-07
0.0123284673944 5.859 0.99339745334 -1.6288920649e-07
0.0123284673944 5.96 0.993677278637 -1.65290930418e-07
0.0123284673944 6.061 0.993941736068 -1.67692807598e-07
0.0123284673944 6.162 0.994191639015 -1.70094408616e-07
0.0123284673944 6.263 0.994428118566 -1.72496048761e-07
0.0123284673944 6.364 0.994652006764 -1.74897622329e-07
0.0123284673944 6.465 0.994864070499 -1.77299000389e-07
0.0123284673944 6.566 0.995065249401 -1.79700619831e-07
0.0123284673944 6.667 0.995255939206 -1.82101730346e-07
0.0123284673944 6.768 0.995437126985 -1.84503197683e-07
0.0123284673944 6.869 0.995609137981 -1.86904292087e-07
0.0123284673944 6.97 0.995772696149 -1.89305474321e-07
0.0123284673944 7.071 0.99592830143 -1.91706719428e-07
0.0123284673944 7.172 0.996076309763 -1.94107629728e-07
0.0123284673944 7.273 0.996217360411 -1.96508849224e-07
0.0123284673944 7.374 0.996351665721 -1.98909687248e-07
0.0123284673944 7.475 0.996479755088 -2.01310650766e-07
0.0123284673944 7.576 0.996601960918 -2.03711659723e-07
0.0123284673944 7.677 0.996718536764 -2.06112380075e-07
0.0123284673944 7.778 0.99682993348 -2.08513393857e-07
0.0123284673944 7.879 0.996936291582 -2.10914047249e-07
0.0123284673944 7.98 0.997037993376 -2.13314827716e-07
0.0123284673944 8.081 0.997135275189 -2.15715667025e-07
0.0123284673944 8.182 0.9972283092 -2.18116225116e-07
0.0123284673944 8.283 0.997317424338 -2.20517053687e-07
0.0123284673944 8.384 0.997402726471 -2.22917597366e-07
0.0123284673944 8.485 0.997484476103 -2.25318207962e-07
0.0123284673944 8.586 0.997562865962 -2.27718954608e-07
0.0123284673944 8.687 0.997637992218 -2.30119355951e-07
0.0123284673944 8.788 0.997710110404 -2.32520006039e-07
0.0123284673944 8.889 0.997779312148 -2.34920508241e-07
0.0123284673944 8.99 0.997845755933 -2.37320955209e-07
0.0123284673944 9.091 0.99790961499 -2.39721636498e-07
0.0123284673944 9.192 0.997970934094 -2.42121924201e-07
0.0123284673944 9.293 0.998029909961 -2.44522408974e-07
0.0123284673944 9.394 0.99808663217 -2.46922915819e-07
0.0123284673944 9.495 0.998141181038 -2.49323211329e-07
0.0123284673944 9.596 0.998193706893 -2.51723735231e-07
0.0123284673944 9.697 0.998244255599 -2.54124041129e-07
0.0123284673944 9.798 0.998292945473 -2.56524388943e-07
0.0123284673944 9.899 0.998339871655 -2.58924892489e-07
0.0123284673944 10.0 0.998385068302 -2.61325071638e-07
0.0135304777458 0.001 0.594117835797 -2.6315397874e-08
0.0135304777458 0.102 0.618148131021 -2.81040105723e-08
0.0135304777458 0.203 0.643498598282 -2.99784852261e-08
0.0135304777458 0.304 0.669457688603 -3.19464492231e-08
0.0135304777458 0.405 0.695354722781 -3.40020408719e-08
0.0135304777458 0.506 0.720631468782 -3.61343317624e-08
0.0135304777458 0.607 0.744837172086 -3.83306012094e-08
0.0135304777458 0.708 0.767668768239 -4.05786193215e-08
0.0135304777458 0.809 0.78892841337 -4.28672642337e-08
0.0135304777458 0.91 0.808513008835 -4.51869592357e-08
0.0135304777458 1.011 0.826418840466 -4.75308245428e-08
0.0135304777458 1.112 0.842687579054 -4.98930275836e-08
0.0135304777458 1.213 0.857392913937 -5.22687016457e-08
0.0135304777458 1.314 0.870639910513 -5.46544208224e-08
0.0135304777458 1.415 0.882551634606 -5.70479987042e-08
0.0135304777458 1.516 0.893239998623 -5.94469339301e-08
0.0135304777458 1.617 0.902815773221 -6.1849141678e-08
0.0135304777458 1.718 0.911406887903 -6.42547145318e-08
0.0135304777458 1.819 0.919114024173 -6.66626021474e-08
0.0135304777458 1.92 0.926015681825 -6.90704652959e-08
0.0135304777458 2.021 0.932218036405 -7.14796567743e-08
0.0135304777458 2.122 0.937795220677 -7.38894746264e-08
0.0135304777458 2.223 0.942815209974 -7.62994782865e-08
0.0135304777458 2.324 0.947339722311 -7.87094475945e-08
0.0135304777458 2.425 0.951424362311 -8.11193410351e-08
0.0135304777458 2.526 0.955118877943 -8.35292416164e-08
0.0135304777458 2.627 0.958467539229 -8.59394368582e-08
0.0135304777458 2.728 0.961497385172 -8.83478346226e-08
0.0135304777458 2.829 0.964250839003 -9.07559752781e-08
0.0135304777458 2.93 0.966762839726 -9.31651090025e-08
0.0135304777458 3.031 0.969046822882 -9.55724770491e-08
0.0135304777458 3.132 0.971134616138 -9.79800413775e-08
0.0135304777458 3.233 0.973044511867 -1.00387430986e-07
0.0135304777458 3.334 0.974792886815 -1.02794105597e-07
0.0135304777458 3.435 0.976398515649 -1.05201021737e-07
0.0135304777458 3.536 0.977871600223 -1.07606802121e-07
0.0135304777458 3.637 0.979230626945 -1.10013670973e-07
0.0135304777458 3.738 0.9804784375 -1.12418318827e-07
0.0135304777458 3.839 0.98163316805 -1.14824117934e-07
0.0135304777458 3.94 0.982699807463 -1.17229454852e-07
0.0135304777458 4.041 0.98368527777 -1.19633706201e-07
0.0135304777458 4.142 0.984599336296 -1.22038223973e-07
0.0135304777458 4.243 0.985447654935 -1.24442687285e-07
0.0135304777458 4.344 0.986235652674 -1.26846926274e-07
0.0135304777458 4.445 0.986968400633 -1.29250874418e-07
0.0135304777458 4.546 0.987650575717 -1.31654533134e-07
0.0135304777458 4.647 0.988286450338 -1.34057950077e-07
0.0135304777458 4.748 0.988879904762 -1.36461198921e-07
0.0135304777458 4.849 0.989434451794 -1.38864364435e-07
0.0135304777458 4.95 0.989953266917 -1.41267534313e-07
0.0135304777458 5.051 0.990439106943 -1.43670677111e-07
0.0135304777458 5.152 0.990893835305 -1.46073031287e-07
0.0135304777458 5.253 0.991320713554 -1.48475596009e-07
0.0135304777458 5.354 0.991721871919 -1.50878450556e-07
0.0135304777458 5.455 0.992098310928 -1.53280408169e-07
0.0135304777458 5.556 0.992452786501 -1.55682752014e-07
0.0135304777458 5.657 0.992786453309 -1.58084872986e-07
0.0135304777458 5.758 0.993100840254 -1.60486837541e-07
0.0135304777458 5.859 0.99339745334 -1.62888892128e-07
0.0135304777458 5.96 0.993677278638 -1.65290610926e-07
0.0135304777458 6.061 0.993941736068 -1.67692482592e-07
0.0135304777458 6.162 0.994191639015 -1.70094078003e-07
0.0135304777458 6.263 0.994428118566 -1.72495712423e-07
0.0135304777458 6.364 0.994652006764 -1.74897280041e-07
0.0135304777458 6.465 0.994864070499 -1.77298651774e-07
0.0135304777458 6.566 0.995065249401 -1.79700264467e-07
0.0135304777458 6.667 0.995255939206 -1.82101367966e-07
0.0135304777458 6.768 0.995437126985 -1.84502828145e-07
0.0135304777458 6.869 0.995609137981 -1.86903915165e-07
0.0135304777458 6.97 0.995772696149 -1.8930508965e-07
0.0135304777458 7.071 0.99592830143 -1.91706326709e-07
0.0135304777458 7.172 0.996076309763 -1.94107228694e-07
0.0135304777458 7.273 0.996217360411 -1.9650843964e-07
0.0135304777458 7.374 0.996351665721 -1.98909268808e-07
0.0135304777458 7.475 0.996479755088 -2.01310223184e-07
0.0135304777458 7.576 0.996601960918 -2.03711222655e-07
0.0135304777458 7.677 0.996718536764 -2.06111933153e-07
0.0135304777458 7.778 0.99682993348 -2.08512936824e-07
0.0135304777458 7.879 0.996936291582 -2.10913579879e-07
0.0135304777458 7.98 0.997037993376 -2.13314349806e-07
0.0135304777458 8.081 0.997135275189 -2.15715178317e-07
0.0135304777458 8.182 0.9972283092 -2.18115725262e-07
0.0135304777458 8.283 0.997317424338 -2.20516542294e-07
0.0135304777458 8.384 0.997402726471 -2.22917074005e-07
0.0135304777458 8.485 0.997484476103 -2.25317672239e-07
0.0135304777458 8.586 0.997562865962 -2.2771840623e-07
0.0135304777458 8.687 0.997637992218 -2.30118794696e-07
0.0135304777458 8.788 0.997710110404 -2.32519431763e-07
0.0135304777458 8.889 0.997779312148 -2.34919920771e-07
0.0135304777458 8.99 0.997845755933 -2.37320354268e-07
0.0135304777458 9.091 0.99790961499 -2.39721021693e-07
0.0135304777458 9.192 0.997970934094 -2.42121295034e-07
0.0135304777458 9.293 0.998029909961 -2.44521764916e-07
0.0135304777458 9.394 0.99808663217 -2.46922256398e-07
0.0135304777458 9.495 0.998141181038 -2.49322536193e-07
0.0135304777458 9.596 0.998193706893 -2.51723044147e-07
0.0135304777458 9.697 0.998244255599 -2.54123333966e-07
0.0135304777458 9.798 0.998292945473 -2.56523665576e-07
0.0135304777458 9.899 0.998339871655 -2.58924152667e-07
0.0135304777458 10.0 0.998385068302 -2.61324315052e-07
0.0148496826225 0.001 0.594117830469 -2.63188981156e-08
0.0148496826225 0.102 0.618148120632 -2.8106979559e-08
0.0148496826225 0.203 0.643498597548 -2.99807127034e-08
0.0148496826225 0.304 0.669457689162 -3.19477418652e-08
0.0148496826225 0.405 0.695354717231 -3.40026907701e-08
0.0148496826225 0.506 0.720631465932 -3.61348774973e-08
0.0148496826225 0.607 0.744837172624 -3.83309172091e-08
0.0148496826225 0.708 0.767668768657 -4.05787539951e-08
0.0148496826225 0.809 0.788928409986 -4.28672933912e-08
0.0148496826225 0.91 0.808513010644 -4.5186911413e-08
0.0148496826225 1.011 0.826418837719 -4.75307123958e-08
0.0148496826225 1.112 0.842687577532 -4.98928840977e-08
0.0148496826225 1.213 0.857392912216 -5.22685406773e-08
0.0148496826225 1.314 0.870639911422 -5.46542389905e-08
0.0148496826225 1.415 0.882551636928 -5.70477623173e-08
0.0148496826225 1.516 0.893239998006 -5.94466687898e-08
0.0148496826225 1.617 0.902815770697 -6.18489084403e-08
0.0148496826225 1.718 0.911406888638 -6.42544949075e-08
0.0148496826225 1.819 0.919114024498 -6.66623505132e-08
0.0148496826225 1.92 0.926015682084 -6.90702097276e-08
0.0148496826225 2.021 0.93221803606 -7.14794171514e-08
0.0148496826225 2.122 0.937795222247 -7.38892270028e-08
0.0148496826225 2.223 0.94281520918 -7.62992266828e-08
0.0148496826225 2.324 0.947339723672 -7.87092137566e-08
0.0148496826225 2.425 0.951424362762 -8.11190887561e-08
0.0148496826225 2.526 0.955118877645 -8.35290112294e-08
0.0148496826225 2.627 0.958467539135 -8.59391891193e-08
0.0148496826225 2.728 0.961497384668 -8.83476031396e-08
0.0148496826225 2.829 0.964250837545 -9.07557327376e-08
0.0148496826225 2.93 0.966762839309 -9.31648861728e-08
0.0148496826225 3.031 0.969046823675 -9.55722429613e-08
0.0148496826225 3.132 0.971134616087 -9.7979815126e-08
0.0148496826225 3.233 0.97304451187 -1.00387199301e-07
0.0148496826225 3.334 0.974792886817 -1.027938809e-07
0.0148496826225 3.435 0.97639851541 -1.05200793724e-07
0.0148496826225 3.536 0.977871600198 -1.07606578166e-07
0.0148496826225 3.637 0.979230626957 -1.10013446154e-07
0.0148496826225 3.738 0.98047843729 -1.12418093714e-07
0.0148496826225 3.839 0.981633168064 -1.1482389506e-07
0.0148496826225 3.94 0.982699807468 -1.17229233135e-07
0.0148496826225 4.041 0.983685277784 -1.1963348181e-07
0.0148496826225 4.142 0.98459933611 -1.22037998894e-07
0.0148496826225 4.243 0.98544765494 -1.24442464183e-07
0.0148496826225 4.344 0.986235652676 -1.26846703006e-07
0.0148496826225 4.445 0.986968400635 -1.29250647675e-07
0.0148496826225 4.546 0.987650575719 -1.31654306063e-07
0.0148496826225 4.647 0.98828645034 -1.34057723211e-07
0.0148496826225 4.748 0.988879904764 -1.36460968351e-07
0.0148496826225 4.849 0.989434451778 -1.3886413186e-07
0.0148496826225 4.95 0.989953266918 -1.41267302033e-07
0.0148496826225 5.051 0.990439106944 -1.43670441788e-07
0.0148496826225 5.152 0.990893835303 -1.46072791793e-07
0.0148496826225 5.253 0.991320713529 -1.48475354492e-07
0.0148496826225 5.354 0.991721871919 -1.50878208048e-07
0.0148496826225 5.455 0.992098310928 -1.53280162075e-07
0.0148496826225 5.556 0.992452786501 -1.55682500952e-07
0.0148496826225 5.657 0.992786453309 -1.580846188e-07
0.0148496826225 5.758 0.993100840254 -1.60486581118e-07
0.0148496826225 5.859 0.99339745334 -1.62888631425e-07
0.0148496826225 5.96 0.993677278638 -1.65290344778e-07
0.0148496826225 6.061 0.993941736068 -1.67692212218e-07
0.0148496826225 6.162 0.994191639015 -1.70093804242e-07
0.0148496826225 6.263 0.994428118566 -1.7249543394e-07
0.0148496826225 6.364 0.994652006764 -1.74896995206e-07
0.0148496826225 6.465 0.994864070499 -1.7729836092e-07
0.0148496826225 6.566 0.995065249401 -1.79699969073e-07
0.0148496826225 6.667 0.995255939206 -1.82101068236e-07
0.0148496826225 6.768 0.995437126985 -1.84502522541e-07
0.0148496826225 6.869 0.995609137981 -1.86903601916e-07
0.0148496826225 6.97 0.995772696149 -1.89304768741e-07
0.0148496826225 7.071 0.995928301431 -1.91705999497e-07
0.0148496826225 7.172 0.996076309763 -1.9410689622e-07
0.0148496826225 7.273 0.996217360411 -1.96508101221e-07
0.0148496826225 7.374 0.996351665721 -1.98908922575e-07
0.0148496826225 7.475 0.996479755088 -2.01309867784e-07
0.0148496826225 7.576 0.996601960918 -2.03710858135e-07
0.0148496826225 7.677 0.996718536764 -2.06111560731e-07
0.0148496826225 7.778 0.99682993348 -2.08512557404e-07
0.0148496826225 7.879 0.996936291582 -2.10913193227e-07
0.0148496826225 7.98 0.997037993377 -2.1331395465e-07
0.0148496826225 8.081 0.99713527519 -2.15714773254e-07
0.0148496826225 8.182 0.9972283092 -2.18115309534e-07
0.0148496826225 8.283 0.997317424338 -2.20516116111e-07
0.0148496826225 8.384 0.997402726471 -2.22916638189e-07
0.0148496826225 8.485 0.997484476103 -2.25317227318e-07
0.0148496826225 8.586 0.997562865962 -2.27717952016e-07
0.0148496826225 8.687 0.997637992218 -2.30118330342e-07
0.0148496826225 8.788 0.997710110404 -2.32518956197e-07
0.0148496826225 8.889 0.997779312148 -2.34919433191e-07
0.0148496826225 8.99 0.997845755933 -2.37319854462e-07
0.0148496826225 9.091 0.99790961499 -2.39720509873e-07
0.0148496826225 9.192 0.997970934094 -2.42120771574e-07
0.0148496826225 9.293 0.998029909961 -2.44521229888e-07
0.0148496826225 9.394 0.99808663217 -2.46921709451e-07
0.0148496826225 9.495 0.998141181038 -2.49321976669e-07
0.0148496826225 9.596 0.998193706893 -2.51722471361e-07
0.0148496826225 9.697 0.998244255599 -2.54122747411e-07
0.0148496826225 9.798 0.998292945473 -2.56523065028e-07
0.0148496826225 9.899 0.998339871655 -2.58923538128e-07
0.0148496826225 10.0 0.998385068302 -2.61323686499e-07
0.0162975083462 0.001 0.594117829118 -2.6321837402e-08
0.0162975083462 0.102 0.618148118465 -2.81090683055e-08
0.0162975083462 0.203 0.643498597715 -2.99821191207e-08
0.0162975083462 0.304 0.669457689789 -3.19486472866e-08
0.0162975083462 0.405 0.695354719462 -3.40033323265e-08
0.0162975083462 0.506 0.720631464751 -3.61352723458e-08
0.0162975083462 0.607 0.744837169544 -3.83311659548e-08
0.0162975083462 0.708 0.767668767008 -4.05788951735e-08
0.0162975083462 0.809 0.788928410576 -4.28673163127e-08
0.0162975083462 0.91 0.808513008581 -4.51868653888e-08
0.0162975083462 1.011 0.826418837002 -4.75306157645e-08
0.0162975083462 1.112 0.842687579401 -4.98927484336e-08
0.0162975083462 1.213 0.857392913987 -5.22683794759e-08
0.0162975083462 1.314 0.870639909662 -5.46540567274e-08
0.0162975083462 1.415 0.882551635454 -5.70475801148e-08
0.0162975083462 1.516 0.893239997527 -5.9446490247e-08
0.0162975083462 1.617 0.902815771107 -6.18487212733e-08
0.0162975083462 1.718 0.911406888486 -6.42542849514e-08
0.0162975083462 1.819 0.919114024022 -6.66621427687e-08
0.0162975083462 1.92 0.92601568085 -6.90700177408e-08
0.0162975083462 2.021 0.932218036261 -7.14792013921e-08
0.0162975083462 2.122 0.937795222107 -7.3889018866e-08
0.0162975083462 2.223 0.94281520899 -7.62990331608e-08
0.0162975083462 2.324 0.947339722996 -7.87090011794e-08
0.0162975083462 2.425 0.951424362788 -8.11188925668e-08
0.0162975083462 2.526 0.95511887754 -8.35288093517e-08
0.0162975083462 2.627 0.958467539246 -8.59389913628e-08
0.0162975083462 2.728 0.961497384853 -8.83474047546e-08
0.0162975083462 2.829 0.964250839035 -9.07555429986e-08
0.0162975083462 2.93 0.966762839713 -9.31646845513e-08
0.0162975083462 3.031 0.96904682354 -9.55720549883e-08
0.0162975083462 3.132 0.971134616119 -9.79796190828e-08
0.0162975083462 3.233 0.97304451191 -1.0038701511e-07
0.0162975083462 3.334 0.974792886879 -1.0279368651e-07
0.0162975083462 3.435 0.976398515498 -1.05200614536e-07
0.0162975083462 3.536 0.977871600123 -1.07606384019e-07
0.0162975083462 3.637 0.979230626962 -1.10013268965e-07
0.0162975083462 3.738 0.980478437525 -1.12417905737e-07
0.0162975083462 3.839 0.981633167995 -1.14823707664e-07
0.0162975083462 3.94 0.982699807468 -1.1722905202e-07
0.0162975083462 4.041 0.983685277787 -1.19633291469e-07
0.0162975083462 4.142 0.984599335928 -1.22037816448e-07
0.0162975083462 4.243 0.985447654938 -1.24442278327e-07
0.0162975083462 4.344 0.98623565268 -1.26846512434e-07
0.0162975083462 4.445 0.986968400636 -1.29250464447e-07
0.0162975083462 4.546 0.987650575718 -1.31654117109e-07
0.0162975083462 4.647 0.988286450343 -1.34057529753e-07
0.0162975083462 4.748 0.988879904752 -1.3646078157e-07
0.0162975083462 4.849 0.989434451796 -1.38863940105e-07
0.0162975083462 4.95 0.989953266919 -1.41267103597e-07
0.0162975083462 5.051 0.990439106941 -1.43670248023e-07
0.0162975083462 5.152 0.990893835295 -1.46072596909e-07
0.0162975083462 5.253 0.991320713545 -1.48475151969e-07
0.0162975083462 5.354 0.991721871919 -1.50878003754e-07
0.0162975083462 5.455 0.992098310929 -1.53279959393e-07
0.0162975083462 5.556 0.992452786501 -1.55682294201e-07
0.0162975083462 5.657 0.99278645331 -1.58084406481e-07
0.0162975083462 5.758 0.993100840255 -1.60486367025e-07
0.0162975083462 5.859 0.99339745334 -1.62888415622e-07
0.0162975083462 5.96 0.993677278635 -1.65290124192e-07
0.0162975083462 6.061 0.993941736069 -1.67691987279e-07
0.0162975083462 6.162 0.994191639015 -1.70093576749e-07
0.0162975083462 6.263 0.994428118565 -1.72495202619e-07
0.0162975083462 6.364 0.994652006762 -1.7489675862e-07
0.0162975083462 6.465 0.994864070499 -1.77298119589e-07
0.0162975083462 6.566 0.995065249401 -1.79699724515e-07
0.0162975083462 6.667 0.995255939206 -1.82100819594e-07
0.0162975083462 6.768 0.995437126985 -1.84502267587e-07
0.0162975083462 6.869 0.995609137981 -1.86903340442e-07
0.0162975083462 6.97 0.995772696149 -1.89304502762e-07
0.0162975083462 7.071 0.995928301431 -1.91705729943e-07
0.0162975083462 7.172 0.996076309763 -1.94106621192e-07
0.0162975083462 7.273 0.996217360411 -1.96507818496e-07
0.0162975083462 7.374 0.996351665721 -1.98908632075e-07
0.0162975083462 7.475 0.996479755088 -2.01309571458e-07
0.0162975083462 7.576 0.996601960918 -2.03710557441e-07
0.0162975083462 7.677 0.996718536764 -2.06111254709e-07
0.0162975083462 7.778 0.99682993348 -2.08512243625e-07
0.0162975083462 7.879 0.996936291582 -2.10912870125e-07
0.0162975083462 7.98 0.997037993377 -2.13313622903e-07
0.0162975083462 8.081 0.99713527519 -2.15714434716e-07
0.0162975083462 8.182 0.9972283092 -2.18114965358e-07
0.0162975083462 8.283 0.997317424338 -2.20515765542e-07
0.0162975083462 8.384 0.997402726471 -2.22916279053e-07
0.0162975083462 8.485 0.997484476103 -2.25316857883e-07
0.0162975083462 8.586 0.997562865962 -2.27717572186e-07
0.0162975083462 8.687 0.997637992219 -2.30117941466e-07
0.0162975083462 8.788 0.997710110404 -2.32518559654e-07
0.0162975083462 8.889 0.997779312148 -2.34919029328e-07
0.0162975083462 8.99 0.997845755933 -2.37319442176e-07
0.0162975083462 9.091 0.99790961499 -2.39720087394e-07
0.0162975083462 9.192 0.997970934094 -2.42120337533e-07
0.0162975083462 9.293 0.998029909961 -2.4452078411e-07
0.0162975083462 9.394 0.99808663217 -2.46921252817e-07
0.0162975083462 9.495 0.998141181038 -2.49321510319e-07
0.0162975083462 9.596 0.998193706893 -2.51721995737e-07
0.0162975083462 9.697 0.998244255599 -2.54122261981e-07
0.0162975083462 9.798 0.998292945473 -2.56522568525e-07
0.0162975083462 9.899 0.998339871655 -2.58923029199e-07
0.0162975083462 10.0 0.998385068302 -2.61323164363e-07
0.0178864952906 0.001 0.594117827964 -2.6324160149e-08
0.0178864952906 0.102 0.618148113275 -2.8110721448e-08
0.0178864952906 0.203 0.64349859804 -2.99832883805e-08
0.0178864952906 0.304 0.669457689716 -3.19495770988e-08
0.0178864952906 0.405 0.695354714547 -3.40038815303e-08
0.0178864952906 0.506 0.720631463657 -3.61356502295e-08
0.0178864952906 0.607 0.74483716797 -3.83313755035e-08
0.0178864952906 0.708 0.767668764762 -4.05789889865e-08
0.0178864952906 0.809 0.788928410522 -4.28673483221e-08
0.0178864952906 0.91 0.808513010145 -4.51868392654e-08
0.0178864952906 1.011 0.826418839237 -4.75305524494e-08
0.0178864952906 1.112 0.842687578137 -4.98926553828e-08
0.0178864952906 1.213 0.857392913459 -5.22682621761e-08
0.0178864952906 1.314 0.870639909525 -5.46539244143e-08
0.0178864952906 1.415 0.882551635086 -5.70474384384e-08
0.0178864952906 1.516 0.893239997929 -5.94463422009e-08
0.0178864952906 1.617 0.902815771856 -6.18485557585e-08
0.0178864952906 1.718 0.911406888981 -6.42541199705e-08
0.0178864952906 1.819 0.919114024231 -6.66619692111e-08
0.0178864952906 1.92 0.926015681787 -6.90698490771e-08
0.0178864952906 2.021 0.932218036834 -7.14790315096e-08
0.0178864952906 2.122 0.937795221629 -7.38888457235e-08
0.0178864952906 2.223 0.942815209871 -7.62988615733e-08
0.0178864952906 2.324 0.947339721195 -7.87088360359e-08
0.0178864952906 2.425 0.951424362791 -8.11187236425e-08
0.0178864952906 2.526 0.955118877542 -8.35286426383e-08
0.0178864952906 2.627 0.958467539135 -8.59388324691e-08
0.0178864952906 2.728 0.961497384893 -8.83472409975e-08
0.0178864952906 2.829 0.964250838465 -9.07553792382e-08
0.0178864952906 2.93 0.966762839425 -9.31645279728e-08
0.0178864952906 3.031 0.969046822643 -9.55718902553e-08
0.0178864952906 3.132 0.971134615844 -9.79794653387e-08
0.0178864952906 3.233 0.973044511354 -1.00386851749e-07
0.0178864952906 3.334 0.97479288658 -1.02793535525e-07
0.0178864952906 3.435 0.976398515656 -1.05200453863e-07
0.0178864952906 3.536 0.977871600247 -1.07606233847e-07
0.0178864952906 3.637 0.979230626958 -1.10013108005e-07
0.0178864952906 3.738 0.980478437516 -1.12417754904e-07
0.0178864952906 3.839 0.981633167996 -1.14823551406e-07
0.0178864952906 3.94 0.982699807326 -1.17228896787e-07
0.0178864952906 4.041 0.983685277725 -1.19633139726e-07
0.0178864952906 4.142 0.984599336304 -1.22037662691e-07
0.0178864952906 4.243 0.985447654938 -1.2444212093e-07
0.0178864952906 4.344 0.98623565268 -1.26846360303e-07
0.0178864952906 4.445 0.986968400633 -1.29250307982e-07
0.0178864952906 4.546 0.987650575721 -1.3165395732e-07
0.0178864952906 4.647 0.988286450342 -1.34057378187e-07
0.0178864952906 4.748 0.988879904763 -1.36460619461e-07
0.0178864952906 4.849 0.989434451798 -1.38863778036e-07
0.0178864952906 4.95 0.989953266919 -1.41266948835e-07
0.0178864952906 5.051 0.990439106944 -1.43670081896e-07
0.0178864952906 5.152 0.990893835308 -1.46072428846e-07
0.0178864952906 5.253 0.991320713557 -1.48474991606e-07
0.0178864952906 5.354 0.991721871919 -1.50877835542e-07
0.0178864952906 5.455 0.992098310931 -1.53279783589e-07
0.0178864952906 5.556 0.992452786503 -1.55682124432e-07
0.0178864952906 5.657 0.99278645331 -1.58084235553e-07
0.0178864952906 5.758 0.993100840255 -1.60486185763e-07
0.0178864952906 5.859 0.99339745334 -1.62888232877e-07
0.0178864952906 5.96 0.993677278622 -1.6528994458e-07
0.0178864952906 6.061 0.993941736069 -1.67691803169e-07
0.0178864952906 6.162 0.994191639016 -1.70093384329e-07
0.0178864952906 6.263 0.994428118563 -1.72495008328e-07
0.0178864952906 6.364 0.99465200676 -1.74896564865e-07
0.0178864952906 6.465 0.9948640705 -1.77297921785e-07
0.0178864952906 6.566 0.995065249401 -1.79699519404e-07
0.0178864952906 6.667 0.995255939206 -1.82100610341e-07
0.0178864952906 6.768 0.995437126985 -1.84502056696e-07
0.0178864952906 6.869 0.995609137981 -1.86903126089e-07
0.0178864952906 6.97 0.99577269615 -1.89304282562e-07
0.0178864952906 7.071 0.995928301431 -1.91705504014e-07
0.0178864952906 7.172 0.996076309764 -1.94106391071e-07
0.0178864952906 7.273 0.996217360411 -1.96507584439e-07
0.0178864952906 7.374 0.996351665722 -1.98908393012e-07
0.0178864952906 7.475 0.996479755089 -2.01309326717e-07
0.0178864952906 7.576 0.996601960918 -2.03710307111e-07
0.0178864952906 7.677 0.996718536764 -2.06110998684e-07
0.0178864952906 7.778 0.99682993348 -2.08511981838e-07
0.0178864952906 7.879 0.996936291577 -2.10912602148e-07
0.0178864952906 7.98 0.997037993377 -2.13313348842e-07
0.0178864952906 8.081 0.99713527519 -2.15714155609e-07
0.0178864952906 8.182 0.9972283092 -2.18114680393e-07
0.0178864952906 8.283 0.997317424338 -2.20515472988e-07
0.0178864952906 8.384 0.997402726471 -2.22915978163e-07
0.0178864952906 8.485 0.997484476103 -2.25316549735e-07
0.0178864952906 8.586 0.997562865962 -2.27717258248e-07
0.0178864952906 8.687 0.997637992219 -2.3011762194e-07
0.0178864952906 8.788 0.997710110404 -2.32518233001e-07
0.0178864952906 8.889 0.997779312149 -2.34918693505e-07
0.0178864952906 8.99 0.997845755933 -2.37319096504e-07
0.0178864952906 9.091 0.99790961499 -2.39719732969e-07
0.0178864952906 9.192 0.997970934094 -2.42119976102e-07
0.0178864952906 9.293 0.998029909961 -2.44520416305e-07
0.0178864952906 9.394 0.99808663217 -2.46920877631e-07
0.0178864952906 9.495 0.998141181038 -2.493211258e-07
0.0178864952906 9.596 0.998193706893 -2.5172160043e-07
0.0178864952906 9.697 0.998244255599 -2.54121855755e-07
0.0178864952906 9.798 0.998292945473 -2.56522152445e-07
0.0178864952906 9.899 0.998339871655 -2.58922604617e-07
0.0178864952906 10.0 0.998385068302 -2.61322731854e-07
0.0196304065004 0.001 0.594117832626 -2.63258693746e-08
0.0196304065004 0.102 0.618148139641 -2.81125292161e-08
0.0196304065004 0.203 0.643498596592 -2.99845485308e-08
0.0196304065004 0.304 0.669457688067 -3.19503085732e-08
0.0196304065004 0.405 0.695354710667 -3.40043581076e-08
0.0196304065004 0.506 0.720631464272 -3.61359744576e-08
0.0196304065004 0.607 0.744837164965 -3.83315615772e-08
0.0196304065004 0.708 0.7676687652 -4.05790894834e-08
0.0196304065004 0.809 0.788928411591 -4.28673868072e-08
0.0196304065004 0.91 0.808513008759 -4.5186822422e-08
0.0196304065004 1.011 0.826418837007 -4.75304909191e-08
0.0196304065004 1.112 0.842687577055 -4.98925626107e-08
0.0196304065004 1.213 0.857392913421 -5.22681550198e-08
0.0196304065004 1.314 0.870639910808 -5.46538073525e-08
0.0196304065004 1.415 0.882551635506 -5.70473130943e-08
0.0196304065004 1.516 0.893239998283 -5.94462163846e-08
0.0196304065004 1.617 0.902815772189 -6.18484215307e-08
0.0196304065004 1.718 0.911406888579 -6.42539799596e-08
0.0196304065004 1.819 0.91911402423 -6.66618360615e-08
0.0196304065004 1.92 0.926015680438 -6.90697122612e-08
0.0196304065004 2.021 0.932218036254 -7.14788961216e-08
0.0196304065004 2.122 0.937795221853 -7.38887097189e-08
0.0196304065004 2.223 0.942815210215 -7.62987190579e-08
0.0196304065004 2.324 0.947339723759 -7.8708693698e-08
0.0196304065004 2.425 0.951424362993 -8.11185872952e-08
0.0196304065004 2.526 0.955118877063 -8.35285058237e-08
0.0196304065004 2.627 0.958467539072 -8.59386967688e-08
0.0196304065004 2.728 0.961497384953 -8.83471065561e-08
0.0196304065004 2.829 0.964250838928 -9.07552425708e-08
0.0196304065004 2.93 0.966762839724 -9.31644016383e-08
0.0196304065004 3.031 0.969046823606 -9.55717570196e-08
0.0196304065004 3.132 0.971134616193 -9.79793361685e-08
0.0196304065004 3.233 0.973044511969 -1.00386725515e-07
0.0196304065004 3.334 0.974792886954 -1.02793402576e-07
0.0196304065004 3.435 0.976398515339 -1.05200326559e-07
0.0196304065004 3.536 0.977871600274 -1.07606102166e-07
0.0196304065004 3.637 0.979230626934 -1.1001298355e-07
0.0196304065004 3.738 0.980478437588 -1.12417623913e-07
0.0196304065004 3.839 0.981633168023 -1.14823428841e-07
0.0196304065004 3.94 0.982699807479 -1.17228764013e-07
0.0196304065004 4.041 0.983685277812 -1.19633016826e-07
0.0196304065004 4.142 0.98459933634 -1.22037529782e-07
0.0196304065004 4.243 0.985447654966 -1.24441996364e-07
0.0196304065004 4.344 0.986235652698 -1.26846230191e-07
0.0196304065004 4.445 0.986968400537 -1.29250175992e-07
0.0196304065004 4.546 0.98765057566 -1.3165383145e-07
0.0196304065004 4.647 0.988286450351 -1.34057244195e-07
0.0196304065004 4.748 0.988879904776 -1.36460488592e-07
0.0196304065004 4.849 0.989434451764 -1.3886364678e-07
0.0196304065004 4.95 0.989953266925 -1.41266812716e-07
0.0196304065004 5.051 0.990439106942 -1.43669947889e-07
0.0196304065004 5.152 0.990893835299 -1.46072293553e-07
0.0196304065004 5.253 0.991320713479 -1.48474850924e-07
0.0196304065004 5.354 0.991721871918 -1.50877696129e-07
0.0196304065004 5.455 0.992098310932 -1.53279644682e-07
0.0196304065004 5.556 0.992452786504 -1.55681979991e-07
0.0196304065004 5.657 0.992786453311 -1.58084088195e-07
0.0196304065004 5.758 0.993100840257 -1.6048604068e-07
0.0196304065004 5.859 0.993397453327 -1.62888084113e-07
0.0196304065004 5.96 0.993677278639 -1.65289790186e-07
0.0196304065004 6.061 0.993941736069 -1.67691648067e-07
0.0196304065004 6.162 0.994191639015 -1.70093229685e-07
0.0196304065004 6.263 0.994428118565 -1.72494848212e-07
0.0196304065004 6.364 0.994652006765 -1.74896399958e-07
0.0196304065004 6.465 0.9948640705 -1.77297756252e-07
0.0196304065004 6.566 0.995065249401 -1.79699352358e-07
0.0196304065004 6.667 0.995255939187 -1.82100437108e-07
0.0196304065004 6.768 0.995437126985 -1.84501879221e-07
0.0196304065004 6.869 0.995609137981 -1.86902947433e-07
0.0196304065004 6.97 0.995772696147 -1.89304101113e-07
0.0196304065004 7.071 0.995928301425 -1.91705316417e-07
0.0196304065004 7.172 0.996076309764 -1.94106199295e-07
0.0196304065004 7.273 0.996217360411 -1.96507389844e-07
0.0196304065004 7.374 0.996351665721 -1.98908194776e-07
0.0196304065004 7.475 0.996479755088 -2.0130912351e-07
0.0196304065004 7.576 0.996601960918 -2.03710098895e-07
0.0196304065004 7.677 0.996718536764 -2.06110786105e-07
0.0196304065004 7.778 0.99682993348 -2.08511764609e-07
0.0196304065004 7.879 0.996936291582 -2.10912380195e-07
0.0196304065004 7.98 0.997037993377 -2.13313122144e-07
0.0196304065004 8.081 0.99713527519 -2.15713923295e-07
0.0196304065004 8.182 0.9972283092 -2.18114442329e-07
0.0196304065004 8.283 0.997317424338 -2.20515229295e-07
0.0196304065004 8.384 0.997402726471 -2.22915729099e-07
0.0196304065004 8.485 0.997484476103 -2.25316295348e-07
0.0196304065004 8.586 0.997562865962 -2.27716998273e-07
0.0196304065004 8.687 0.997637992219 -2.30117355716e-07
0.0196304065004 8.788 0.997710110404 -2.32517960021e-07
0.0196304065004 8.889 0.997779312149 -2.34918413702e-07
0.0196304065004 8.99 0.997845755933 -2.37318810291e-07
0.0196304065004 9.091 0.99790961499 -2.39719440673e-07
0.0196304065004 9.192 0.997970934094 -2.42119677558e-07
0.0196304065004 9.293 0.998029909961 -2.44520110781e-07
0.0196304065004 9.394 0.99808663217 -2.46920564273e-07
0.0196304065004 9.495 0.998141181038 -2.49320804263e-07
0.0196304065004 9.596 0.998193706893 -2.51721271197e-07
0.0196304065004 9.697 0.998244255599 -2.5412151963e-07
0.0196304065004 9.798 0.998292945473 -2.56521809652e-07
0.0196304065004 9.899 0.998339871655 -2.58922254461e-07
0.0196304065004 10.0 0.998385068302 -2.6132237307e-07
0.0215443469003 0.001 0.594117823724 -2.63283240148e-08
0.0215443469003 0.102 0.618148085815 -2.81134663244e-08
0.0215443469003 0.203 0.643498596638 -2.99851022262e-08
0.0215443469003 0.304 0.669457688746 -3.19507894781e-08
0.0215443469003 0.405 0.69535470949 -3.40047253046e-08
0.0215443469003 0.506 0.720631462589 -3.61362072631e-08
0.0215443469003 0.607 0.744837166343 -3.83316949185e-08
0.0215443469003 0.708 0.767668764108 -4.05791712083e-08
0.0215443469003 0.809 0.788928410672 -4.2867397615e-08
0.0215443469003 0.91 0.808513008781 -4.51867960323e-08
0.0215443469003 1.011 0.826418838307 -4.75304450334e-08
0.0215443469003 1.112 0.842687578103 -4.98924950725e-08
0.0215443469003 1.213 0.85739291301 -5.22680703267e-08
0.0215443469003 1.314 0.870639909648 -5.46537104472e-08
0.0215443469003 1.415 0.882551634983 -5.70472095394e-08
0.0215443469003 1.516 0.89323999803 -5.94460940394e-08
0.0215443469003 1.617 0.902815771811 -6.18483016527e-08
0.0215443469003 1.718 0.911406888427 -6.42538540382e-08
0.0215443469003 1.819 0.919114024521 -6.666169938e-08
0.0215443469003 1.92 0.926015681301 -6.90695855406e-08
0.0215443469003 2.021 0.932218036546 -7.1478774916e-08
0.0215443469003 2.122 0.937795222318 -7.38885910286e-08
0.0215443469003 2.223 0.942815209928 -7.62986013951e-08
0.0215443469003 2.324 0.947339722914 -7.87085770195e-08
0.0215443469003 2.425 0.951424363054 -8.11184727475e-08
0.0215443469003 2.526 0.955118877741 -8.35283940612e-08
0.0215443469003 2.627 0.958467539128 -8.59385835304e-08
0.0215443469003 2.728 0.961497385196 -8.83469959172e-08
0.0215443469003 2.829 0.964250838793 -9.07551310467e-08
0.0215443469003 2.93 0.966762839567 -9.31642878273e-08
0.0215443469003 3.031 0.969046823668 -9.55716505734e-08
0.0215443469003 3.132 0.971134616213 -9.79792228063e-08
0.0215443469003 3.233 0.973044511892 -1.00386611854e-07
0.0215443469003 3.334 0.97479288688 -1.02793298645e-07
0.0215443469003 3.435 0.976398515679 -1.0520021435e-07
0.0215443469003 3.536 0.977871600141 -1.07605998613e-07
0.0215443469003 3.637 0.979230626961 -1.10012873963e-07
0.0215443469003 3.738 0.980478437499 -1.1241751849e-07
0.0215443469003 3.839 0.981633167993 -1.14823321539e-07
0.0215443469003 3.94 0.982699807442 -1.17228657593e-07
0.0215443469003 4.041 0.983685277792 -1.19632910519e-07
0.0215443469003 4.142 0.984599336217 -1.22037423018e-07
0.0215443469003 4.243 0.98544765495 -1.24441890322e-07
0.0215443469003 4.344 0.986235652685 -1.26846122216e-07
0.0215443469003 4.445 0.986968400601 -1.29250070884e-07
0.0215443469003 4.546 0.987650575723 -1.31653721523e-07
0.0215443469003 4.647 0.988286450277 -1.34057136169e-07
0.0215443469003 4.748 0.988879904766 -1.36460379541e-07
0.0215443469003 4.849 0.9894344518 -1.38863536188e-07
0.0215443469003 4.95 0.98995326692 -1.41266702547e-07
0.0215443469003 5.051 0.990439106944 -1.43669833706e-07
0.0215443469003 5.152 0.990893835309 -1.46072182366e-07
0.0215443469003 5.253 0.991320713557 -1.48474736199e-07
0.0215443469003 5.354 0.991721871919 -1.50877578438e-07
0.0215443469003 5.455 0.992098310914 -1.53279529153e-07
0.0215443469003 5.556 0.992452786502 -1.55681860047e-07
0.0215443469003 5.657 0.99278645331 -1.58083966451e-07
0.0215443469003 5.758 0.993100840256 -1.60485920713e-07
0.0215443469003 5.859 0.993397453336 -1.62887958787e-07
0.0215443469003 5.96 0.993677278639 -1.652896623e-07
0.0215443469003 6.061 0.993941736069 -1.67691522462e-07
0.0215443469003 6.162 0.994191639016 -1.70093098464e-07
0.0215443469003 6.263 0.994428118567 -1.72494713554e-07
0.0215443469003 6.364 0.994652006765 -1.74896266555e-07
0.0215443469003 6.465 0.9948640705 -1.77297619031e-07
0.0215443469003 6.566 0.995065249401 -1.79699209732e-07
0.0215443469003 6.667 0.995255939207 -1.82100295176e-07
0.0215443469003 6.768 0.995437126985 -1.84501735367e-07
0.0215443469003 6.869 0.995609137981 -1.86902796852e-07
0.0215443469003 6.97 0.99577269615 -1.89303947616e-07
0.0215443469003 7.071 0.995928301431 -1.91705164219e-07
0.0215443469003 7.172 0.996076309764 -1.94106042266e-07
0.0215443469003 7.273 0.996217360411 -1.96507225308e-07
0.0215443469003 7.374 0.996351665722 -1.98908028065e-07
0.0215443469003 7.475 0.996479755089 -2.01308957235e-07
0.0215443469003 7.576 0.996601960918 -2.03709928306e-07
0.0215443469003 7.677 0.996718536765 -2.06110607672e-07
0.0215443469003 7.778 0.996829933481 -2.08511581687e-07
0.0215443469003 7.879 0.996936291581 -2.10912196757e-07
0.0215443469003 7.98 0.997037993371 -2.13312935881e-07
0.0215443469003 8.081 0.99713527519 -2.15713730981e-07
0.0215443469003 8.182 0.997228309196 -2.18114242821e-07
0.0215443469003 8.283 0.997317424338 -2.20515025727e-07
0.0215443469003 8.384 0.997402726471 -2.22915523565e-07
0.0215443469003 8.485 0.997484476103 -2.25316086097e-07
0.0215443469003 8.586 0.997562865962 -2.27716782391e-07
0.0215443469003 8.687 0.997637992219 -2.3011713271e-07
0.0215443469003 8.788 0.997710110404 -2.32517731887e-07
0.0215443469003 8.889 0.997779312149 -2.34918182172e-07
0.0215443469003 8.99 0.997845755933 -2.37318574672e-07
0.0215443469003 9.091 0.99790961499 -2.39719198986e-07
0.0215443469003 9.192 0.997970934093 -2.42119428484e-07
0.0215443469003 9.293 0.998029909961 -2.44519855093e-07
0.0215443469003 9.394 0.99808663217 -2.4692030344e-07
0.0215443469003 9.495 0.998141181038 -2.493205387e-07
0.0215443469003 9.596 0.998193706893 -2.51720999886e-07
0.0215443469003 9.697 0.998244255599 -2.54121241241e-07
0.0215443469003 9.798 0.998292945473 -2.56521523841e-07
0.0215443469003 9.899 0.998339871655 -2.58921961762e-07
0.0215443469003 10.0 0.998385068302 -2.61322074133e-07
0.0236448941265 0.001 0.594117825604 -2.63292929958e-08
0.0236448941265 0.102 0.618148101062 -2.81145365021e-08
0.0236448941265 0.203 0.643498596182 -2.99858535597e-08
0.0236448941265 0.304 0.669457688084 -3.19513348019e-08
0.0236448941265 0.405 0.695354707884 -3.40050556611e-08
0.0236448941265 0.506 0.720631463684 -3.61364152638e-08
0.0236448941265 0.607 0.744837165283 -3.83318386381e-08
0.0236448941265 0.708 0.76766876437 -4.05792268959e-08
0.0236448941265 0.809 0.788928410415 -4.2867412502e-08
0.0236448941265 0.91 0.808513009005 -4.51867786326e-08
0.0236448941265 1.011 0.826418836362 -4.75303991749e-08
0.0236448941265 1.112 0.842687578302 -4.98924408889e-08
0.0236448941265 1.213 0.857392913311 -5.22680018029e-08
0.0236448941265 1.314 0.870639909545 -5.46536299992e-08
0.0236448941265 1.415 0.882551635866 -5.70471152811e-08
0.0236448941265 1.516 0.893239997803 -5.9446009015e-08
0.0236448941265 1.617 0.902815772127 -6.18482101552e-08
0.0236448941265 1.718 0.911406888502 -6.42537626598e-08
0.0236448941265 1.819 0.919114024233 -6.66616084561e-08
0.0236448941265 1.92 0.926015681273 -6.9069492723e-08
0.0236448941265 2.021 0.932218035716 -7.14786786567e-08
0.0236448941265 2.122 0.937795221838 -7.38884945019e-08
0.0236448941265 2.223 0.942815209725 -7.62985051096e-08
0.0236448941265 2.324 0.947339723188 -7.87084818636e-08
0.0236448941265 2.425 0.951424362289 -8.11183761569e-08
0.0236448941265 2.526 0.955118877235 -8.35282950162e-08
0.0236448941265 2.627 0.958467539224 -8.59384863415e-08
0.0236448941265 2.728 0.961497385199 -8.83469037879e-08
0.0236448941265 2.829 0.964250838226 -9.07550384767e-08
0.0236448941265 2.93 0.966762839718 -9.31641930277e-08
0.0236448941265 3.031 0.969046823223 -9.55715573047e-08
0.0236448941265 3.132 0.97113461604 -9.79791339834e-08
0.0236448941265 3.233 0.973044511879 -1.00386522676e-07
0.0236448941265 3.334 0.97479288692 -1.02793208314e-07
0.0236448941265 3.435 0.976398515604 -1.05200128342e-07
0.0236448941265 3.536 0.977871600149 -1.07605907838e-07
0.0236448941265 3.637 0.979230626927 -1.10012783701e-07
0.0236448941265 3.738 0.980478437283 -1.12417431561e-07
0.0236448941265 3.839 0.981633168049 -1.14823229728e-07
0.0236448941265 3.94 0.982699807323 -1.17228572108e-07
0.0236448941265 4.041 0.983685277791 -1.19632821588e-07
0.0236448941265 4.142 0.984599336268 -1.22037335357e-07
0.0236448941265 4.243 0.985447654917 -1.24441801247e-07
0.0236448941265 4.344 0.986235652682 -1.26846033689e-07
0.0236448941265 4.445 0.986968400639 -1.29249981905e-07
0.0236448941265 4.546 0.987650575724 -1.31653631316e-07
0.0236448941265 4.647 0.988286450345 -1.34057047758e-07
0.0236448941265 4.748 0.988879904769 -1.36460286227e-07
0.0236448941265 4.849 0.989434451802 -1.38863447856e-07
0.0236448941265 4.95 0.989953266921 -1.41266606711e-07
0.0236448941265 5.051 0.990439106944 -1.43669743646e-07
0.0236448941265 5.152 0.99089383531 -1.4607208732e-07
0.0236448941265 5.253 0.99132071356 -1.48474639866e-07
0.0236448941265 5.354 0.991721871919 -1.50877485922e-07
0.0236448941265 5.455 0.992098310933 -1.5327942826e-07
0.0236448941265 5.556 0.992452786505 -1.55681762711e-07
0.0236448941265 5.657 0.992786453311 -1.58083867788e-07
0.0236448941265 5.758 0.993100840258 -1.60485815982e-07
0.0236448941265 5.859 0.993397453317 -1.62887857313e-07
0.0236448941265 5.96 0.993677278635 -1.65289558497e-07
0.0236448941265 6.061 0.993941736069 -1.67691413425e-07
0.0236448941265 6.162 0.994191639016 -1.70092991357e-07
0.0236448941265 6.263 0.994428118554 -1.72494604015e-07
0.0236448941265 6.364 0.994652006765 -1.74896152534e-07
0.0236448941265 6.465 0.9948640705 -1.77297505307e-07
0.0236448941265 6.566 0.995065249401 -1.79699094159e-07
0.0236448941265 6.667 0.995255939207 -1.82100175355e-07
0.0236448941265 6.768 0.995437126985 -1.8450161423e-07
0.0236448941265 6.869 0.995609137981 -1.86902673525e-07
0.0236448941265 6.97 0.99577269615 -1.89303821593e-07
0.0236448941265 7.071 0.995928301431 -1.91705035623e-07
0.0236448941265 7.172 0.996076309764 -1.94105910141e-07
0.0236448941265 7.273 0.996217360411 -1.9650709062e-07
0.0236448941265 7.374 0.996351665722 -1.98907892066e-07
0.0236448941265 7.475 0.996479755089 -2.0130881749e-07
0.0236448941265 7.576 0.996601960918 -2.03709783455e-07
0.0236448941265 7.677 0.996718536764 -2.06110460621e-07
0.0236448941265 7.778 0.99682993348 -2.08511434004e-07
0.0236448941265 7.879 0.996936291582 -2.10912044467e-07
0.0236448941265 7.98 0.997037993377 -2.13312777502e-07
0.0236448941265 8.081 0.99713527519 -2.15713569065e-07
0.0236448941265 8.182 0.9972283092 -2.18114080679e-07
0.0236448941265 8.283 0.997317424338 -2.20514860176e-07
0.0236448941265 8.384 0.997402726471 -2.2291535083e-07
0.0236448941265 8.485 0.997484476103 -2.25315908103e-07
0.0236448941265 8.586 0.997562865962 -2.27716602961e-07
0.0236448941265 8.687 0.997637992215 -2.30116951182e-07
0.0236448941265 8.788 0.997710110404 -2.32517544799e-07
0.0236448941265 8.889 0.997779312149 -2.34917988003e-07
0.0236448941265 8.99 0.997845755934 -2.37318375907e-07
0.0236448941265 9.091 0.99790961499 -2.3971899798e-07
0.0236448941265 9.192 0.997970934094 -2.42119224307e-07
0.0236448941265 9.293 0.998029909961 -2.44519644799e-07
0.0236448941265 9.394 0.99808663217 -2.46920085919e-07
0.0236448941265 9.495 0.998141181038 -2.49320315803e-07
0.0236448941265 9.596 0.998193706893 -2.5172077357e-07
0.0236448941265 9.697 0.998244255598 -2.54121011265e-07
0.0236448941265 9.798 0.998292945473 -2.56521288393e-07
0.0236448941265 9.899 0.998339871655 -2.58921719194e-07
0.0236448941265 10.0 0.998385068302 -2.6132182469e-07
0.025950242114 0.001 0.59411782378 -2.63305674151e-08
0.025950242114 0.102 0.618148099038 -2.81153252832e-08
0.025950242114 0.203 0.643498594222 -2.99866424059e-08
0.025950242114 0.304 0.669457688323 -3.19517047073e-08
0.025950242114 0.405 0.695354707061 -3.40053357944e-08
0.025950242114 0.506 0.720631462261 -3.61366013215e-08
0.025950242114 0.607 0.74483716611 -3.8331933332e-08
0.025950242114 0.708 0.767668763956 -4.05792740636e-08
0.025950242114 0.809 0.788928410566 -4.28674342456e-08
0.025950242114 0.91 0.80851300843 -4.51867640549e-08
0.025950242114 1.011 0.826418837019 -4.75303660744e-08
0.025950242114 1.112 0.842687578626 -4.98923967163e-08
0.025950242114 1.213 0.857392912566 -5.22679382431e-08
0.025950242114 1.314 0.870639909815 -5.46535624311e-08
0.025950242114 1.415 0.882551635537 -5.70470456656e-08
0.025950242114 1.516 0.893239998234 -5.94459409183e-08
0.025950242114 1.617 0.902815771374 -6.18481355916e-08
0.025950242114 1.718 0.911406888457 -6.42536863959e-08
0.025950242114 1.819 0.91911402438 -6.6661538044e-08
0.025950242114 1.92 0.926015680957 -6.90694175458e-08
0.025950242114 2.021 0.932218035995 -7.14785996912e-08
0.025950242114 2.122 0.937795222389 -7.38884152419e-08
0.025950242114 2.223 0.942815210201 -7.6298426498e-08
0.025950242114 2.324 0.947339723707 -7.87084027618e-08
0.025950242114 2.425 0.951424362986 -8.11182951763e-08
0.025950242114 2.526 0.955118877762 -8.3528213582e-08
0.025950242114 2.627 0.958467539261 -8.59384050546e-08
0.025950242114 2.728 0.961497385276 -8.83468269697e-08
0.025950242114 2.829 0.964250838965 -9.07549619027e-08
0.025950242114 2.93 0.966762839309 -9.31641123833e-08
0.025950242114 3.031 0.969046822632 -9.55714812695e-08
0.025950242114 3.132 0.971134615849 -9.79790589463e-08
0.025950242114 3.233 0.973044511706 -1.00386447799e-07
0.025950242114 3.334 0.974792886857 -1.02793133688e-07
0.025950242114 3.435 0.976398515698 -1.05200053884e-07
0.025950242114 3.536 0.977871600136 -1.07605833878e-07
0.025950242114 3.637 0.979230626941 -1.1001271039e-07
0.025950242114 3.738 0.980478437174 -1.12417356538e-07
0.025950242114 3.839 0.981633167893 -1.14823159191e-07
0.025950242114 3.94 0.982699807446 -1.17228497978e-07
0.025950242114 4.041 0.983685277771 -1.19632747536e-07
0.025950242114 4.142 0.984599336314 -1.22037263625e-07
0.025950242114 4.243 0.985447654905 -1.24441724986e-07
0.025950242114 4.344 0.986235652682 -1.26845963537e-07
0.025950242114 4.445 0.98696840062 -1.29249903993e-07
0.025950242114 4.546 0.987650575709 -1.31653560364e-07
0.025950242114 4.647 0.988286450335 -1.34056969825e-07
0.025950242114 4.748 0.988879904764 -1.3646021351e-07
0.025950242114 4.849 0.989434451801 -1.38863369428e-07
0.025950242114 4.95 0.98995326692 -1.41266532213e-07
0.025950242114 5.051 0.990439106944 -1.43669664581e-07
0.025950242114 5.152 0.990893835308 -1.46072009974e-07
0.025950242114 5.253 0.991320713524 -1.48474560046e-07
0.025950242114 5.354 0.991721871919 -1.50877406726e-07
0.025950242114 5.455 0.992098310932 -1.53279346619e-07
0.025950242114 5.556 0.992452786503 -1.55681681799e-07
0.025950242114 5.657 0.992786453311 -1.58083783066e-07
0.025950242114 5.758 0.993100840257 -1.60485733417e-07
0.025950242114 5.859 0.993397453341 -1.62887771179e-07
0.025950242114 5.96 0.99367727864 -1.65289470041e-07
0.025950242114 6.061 0.993941736069 -1.6769132792e-07
0.025950242114 6.162 0.994191639016 -1.70092898298e-07
0.025950242114 6.263 0.994428118561 -1.724945137e-07
0.025950242114 6.364 0.99465200676 -1.7489606115e-07
0.025950242114 6.465 0.994864070501 -1.77297406746e-07
0.025950242114 6.566 0.995065249401 -1.79698999532e-07
0.025950242114 6.667 0.995255939206 -1.82100078489e-07
0.025950242114 6.768 0.995437126985 -1.84501510181e-07
0.025950242114 6.869 0.995609137981 -1.86902572059e-07
0.025950242114 6.97 0.995772696149 -1.8930371914e-07
0.025950242114 7.071 0.995928301431 -1.91704925998e-07
0.025950242114 7.172 0.996076309764 -1.94105800558e-07
0.025950242114 7.273 0.996217360411 -1.9650698192e-07
0.025950242114 7.374 0.996351665722 -1.98907777214e-07
0.025950242114 7.475 0.996479755089 -2.01308699111e-07
0.025950242114 7.576 0.996601960918 -2.03709665953e-07
0.025950242114 7.677 0.996718536764 -2.06110340272e-07
0.025950242114 7.778 0.99682993348 -2.08511308051e-07
0.025950242114 7.879 0.996936291582 -2.10911916639e-07
0.025950242114 7.98 0.997037993377 -2.13312648778e-07
0.025950242114 8.081 0.99713527519 -2.15713436553e-07
0.025950242114 8.182 0.9972283092 -2.1811394354e-07
0.025950242114 8.283 0.997317424338 -2.20514720417e-07
0.025950242114 8.384 0.997402726471 -2.22915209068e-07
0.025950242114 8.485 0.997484476103 -2.25315762978e-07
0.025950242114 8.586 0.997562865962 -2.27716453648e-07
0.025950242114 8.687 0.997637992219 -2.30116798189e-07
0.025950242114 8.788 0.997710110404 -2.32517388393e-07
0.025950242114 8.889 0.997779312149 -2.34917828382e-07
0.025950242114 8.99 0.997845755933 -2.37318212791e-07
0.025950242114 9.091 0.99790961499 -2.39718830717e-07
0.025950242114 9.192 0.997970934094 -2.42119052557e-07
0.025950242114 9.293 0.998029909961 -2.4451946903e-07
0.025950242114 9.394 0.99808663217 -2.46919906576e-07
0.025950242114 9.495 0.998141181038 -2.49320133e-07
0.025950242114 9.596 0.998193706893 -2.51720586252e-07
0.025950242114 9.697 0.998244255599 -2.54120818536e-07
0.025950242114 9.798 0.998292945473 -2.56521090601e-07
0.025950242114 9.899 0.998339871655 -2.58921517787e-07
0.025950242114 10.0 0.998385068302 -2.61321619965e-07
0.0284803586844 0.001 0.594117822493 -2.63315526843e-08
0.0284803586844 0.102 0.618148104691 -2.81161110427e-08
0.0284803586844 0.203 0.643498595487 -2.99870272103e-08
0.0284803586844 0.304 0.669457688302 -3.1952024828e-08
0.0284803586844 0.405 0.695354706065 -3.40055459566e-08
0.0284803586844 0.506 0.720631461587 -3.61367367938e-08
0.0284803586844 0.607 0.744837164344 -3.83320277631e-08
0.0284803586844 0.708 0.767668762909 -4.05793255382e-08
0.0284803586844 0.809 0.788928410361 -4.28674475559e-08
0.0284803586844 0.91 0.808513008137 -4.51867521019e-08
0.0284803586844 1.011 0.826418836866 -4.75303383762e-08
0.0284803586844 1.112 0.842687577622 -4.98923474546e-08
0.0284803586844 1.213 0.85739291311 -5.22678946944e-08
0.0284803586844 1.314 0.870639909629 -5.4653510304e-08
0.0284803586844 1.415 0.88255163556 -5.70469888577e-08
0.0284803586844 1.516 0.893239997893 -5.94458681815e-08
0.0284803586844 1.617 0.902815771726 -6.18480672105e-08
0.0284803586844 1.718 0.911406888822 -6.42536193054e-08
0.0284803586844 1.819 0.919114024311 -6.66614645092e-08
0.0284803586844 1.92 0.926015681135 -6.90693438647e-08
0.0284803586844 2.021 0.932218036337 -7.14785298997e-08
0.0284803586844 2.122 0.937795221825 -7.38883456314e-08
0.0284803586844 2.223 0.942815209993 -7.6298358116e-08
0.0284803586844 2.324 0.947339723575 -7.87083365156e-08
0.0284803586844 2.425 0.951424362796 -8.11182300609e-08
0.0284803586844 2.526 0.95511887771 -8.35281497559e-08
0.0284803586844 2.627 0.95846753923 -8.59383425853e-08
0.0284803586844 2.728 0.961497385157 -8.83467610905e-08
0.0284803586844 2.829 0.964250838818 -9.07548968545e-08
0.0284803586844 2.93 0.966762839592 -9.31640556106e-08
0.0284803586844 3.031 0.969046823361 -9.55714185036e-08
0.0284803586844 3.132 0.971134616192 -9.79789962891e-08
0.0284803586844 3.233 0.973044511854 -1.0038638804e-07
0.0284803586844 3.334 0.974792886679 -1.02793069735e-07
0.0284803586844 3.435 0.976398515498 -1.05199990902e-07
0.0284803586844 3.536 0.977871600105 -1.07605773456e-07
0.0284803586844 3.637 0.979230626946 -1.10012651504e-07
0.0284803586844 3.738 0.980478437535 -1.12417297197e-07
0.0284803586844 3.839 0.981633168059 -1.14823096623e-07
0.0284803586844 3.94 0.98269980744 -1.172284354e-07
0.0284803586844 4.041 0.983685277785 -1.1963268781e-07
0.0284803586844 4.142 0.984599336317 -1.22037202212e-07
0.0284803586844 4.243 0.985447654948 -1.24441663608e-07
0.0284803586844 4.344 0.986235652658 -1.26845903181e-07
0.0284803586844 4.445 0.986968400633 -1.29249842518e-07
0.0284803586844 4.546 0.987650575691 -1.3165349727e-07
0.0284803586844 4.647 0.988286450326 -1.34056909861e-07
0.0284803586844 4.748 0.988879904767 -1.36460148321e-07
0.0284803586844 4.849 0.9894344518 -1.38863309151e-07
0.0284803586844 4.95 0.989953266913 -1.41266465491e-07
0.0284803586844 5.051 0.990439106944 -1.4366960425e-07
0.0284803586844 5.152 0.990893835309 -1.46071941821e-07
0.0284803586844 5.253 0.991320713536 -1.48474498171e-07
0.0284803586844 5.354 0.991721871919 -1.50877335225e-07
0.0284803586844 5.455 0.992098310931 -1.53279284094e-07
0.0284803586844 5.556 0.992452786503 -1.55681608697e-07
0.0284803586844 5.657 0.99278645331 -1.58083718255e-07
0.0284803586844 5.758 0.99310084025 -1.60485660139e-07
0.0284803586844 5.859 0.993397453338 -1.62887701593e-07
0.0284803586844 5.96 0.993677278639 -1.65289398132e-07
0.0284803586844 6.061 0.993941736069 -1.67691252312e-07
0.0284803586844 6.162 0.994191639016 -1.70092826175e-07
0.0284803586844 6.263 0.994428118566 -1.72494435787e-07
0.0284803586844 6.364 0.994652006762 -1.74895984333e-07
0.0284803586844 6.465 0.9948640705 -1.77297328098e-07
0.0284803586844 6.566 0.995065249401 -1.79698919153e-07
0.0284803586844 6.667 0.995255939207 -1.82099996332e-07
0.0284803586844 6.768 0.995437126986 -1.84501425954e-07
0.0284803586844 6.869 0.995609137976 -1.86902488223e-07
0.0284803586844 6.97 0.99577269615 -1.89303630934e-07
0.0284803586844 7.071 0.995928301431 -1.91704837055e-07
0.0284803586844 7.172 0.996076309764 -1.94105711712e-07
0.0284803586844 7.273 0.996217360411 -1.96506887374e-07
0.0284803586844 7.374 0.996351665722 -1.98907682447e-07
0.0284803586844 7.475 0.996479755089 -2.01308604739e-07
0.0284803586844 7.576 0.996601960918 -2.03709565271e-07
0.0284803586844 7.677 0.996718536765 -2.06110238344e-07
0.0284803586844 7.778 0.996829933481 -2.0851120765e-07
0.0284803586844 7.879 0.996936291582 -2.10911810187e-07
0.0284803586844 7.98 0.997037993377 -2.13312538362e-07
0.0284803586844 8.081 0.997135275189 -2.15713328146e-07
0.0284803586844 8.182 0.9972283092 -2.18113832235e-07
0.0284803586844 8.283 0.997317424338 -2.20514602288e-07
0.0284803586844 8.384 0.997402726471 -2.22915089935e-07
0.0284803586844 8.485 0.997484476103 -2.2531564452e-07
0.0284803586844 8.586 0.997562865962 -2.27716330159e-07
0.0284803586844 8.687 0.997637992219 -2.30116669036e-07
0.0284803586844 8.788 0.997710110404 -2.32517258553e-07
0.0284803586844 8.889 0.997779312146 -2.34917697766e-07
0.0284803586844 8.99 0.997845755934 -2.37318077219e-07
0.0284803586844 9.091 0.99790961499 -2.39718689827e-07
0.0284803586844 9.192 0.997970934094 -2.42118909997e-07
0.0284803586844 9.293 0.998029909957 -2.44519324767e-07
0.0284803586844 9.394 0.99808663217 -2.46919758398e-07
0.0284803586844 9.495 0.998141181038 -2.49319979691e-07
0.0284803586844 9.596 0.998193706894 -2.51720429393e-07
0.0284803586844 9.697 0.998244255599 -2.5412065943e-07
0.0284803586844 9.798 0.998292945473 -2.56520928197e-07
0.0284803586844 9.899 0.998339871655 -2.58921350663e-07
0.0284803586844 10.0 0.998385068302 -2.6132144833e-07
0.0312571584969 0.001 0.594117820901 -2.63324542895e-08
0.0312571584969 0.102 0.618148101242 -2.81166900334e-08
0.0312571584969 0.203 0.643498594629 -2.99874866542e-08
0.0312571584969 0.304 0.669457688146 -3.19522911733e-08
0.0312571584969 0.405 0.695354705762 -3.40057433134e-08
0.0312571584969 0.506 0.720631461664 -3.61368566069e-08
0.0312571584969 0.607 0.74483716411 -3.83320974522e-08
0.0312571584969 0.708 0.767668762779 -4.05793590061e-08
0.0312571584969 0.809 0.788928409748 -4.28674427129e-08
0.0312571584969 0.91 0.808513006664 -4.51867513071e-08
0.0312571584969 1.011 0.826418836525 -4.75303128997e-08
0.0312571584969 1.112 0.842687577342 -4.98923138605e-08
0.0312571584969 1.213 0.857392912979 -5.22678520651e-08
0.0312571584969 1.314 0.87063991004 -5.46534623851e-08
0.0312571584969 1.415 0.882551635562 -5.70469347894e-08
0.0312571584969 1.516 0.893239997639 -5.94458103131e-08
0.0312571584969 1.617 0.902815771581 -6.1848009442e-08
0.0312571584969 1.718 0.911406888657 -6.42535639008e-08
0.0312571584969 1.819 0.919114024371 -6.66614139358e-08
0.0312571584969 1.92 0.926015681225 -6.90692870486e-08
0.0312571584969 2.021 0.932218035853 -7.14784734629e-08
0.0312571584969 2.122 0.937795222169 -7.38882923132e-08
0.0312571584969 2.223 0.942815209894 -7.62983021755e-08
0.0312571584969 2.324 0.947339723073 -7.87082794932e-08
0.0312571584969 2.425 0.951424362757 -8.11181772395e-08
0.0312571584969 2.526 0.955118877876 -8.35280934497e-08
0.0312571584969 2.627 0.958467539152 -8.59382892211e-08
0.0312571584969 2.728 0.961497385106 -8.83467070851e-08
0.0312571584969 2.829 0.964250838825 -9.0754844189e-08
0.0312571584969 2.93 0.966762839568 -9.31640027724e-08
0.0312571584969 3.031 0.969046823493 -9.5571364051e-08
0.0312571584969 3.132 0.971134616155 -9.79789468051e-08
0.0312571584969 3.233 0.973044511851 -1.00386332614e-07
0.0312571584969 3.334 0.97479288678 -1.02793021658e-07
0.0312571584969 3.435 0.976398515486 -1.0519994145e-07
0.0312571584969 3.536 0.97787160025 -1.07605722065e-07
0.0312571584969 3.637 0.979230626953 -1.10012600086e-07
0.0312571584969 3.738 0.980478437534 -1.12417246229e-07
0.0312571584969 3.839 0.981633168046 -1.14823047061e-07
0.0312571584969 3.94 0.982699807442 -1.17228387844e-07
0.0312571584969 4.041 0.983685277785 -1.19632637166e-07
0.0312571584969 4.142 0.984599336313 -1.22037151271e-07
0.0312571584969 4.243 0.985447654927 -1.24441613423e-07
0.0312571584969 4.344 0.986235652648 -1.26845851745e-07
0.0312571584969 4.445 0.986968400631 -1.29249792715e-07
0.0312571584969 4.546 0.987650575722 -1.316534445e-07
0.0312571584969 4.647 0.988286450341 -1.34056858462e-07
0.0312571584969 4.748 0.988879904769 -1.36460097833e-07
0.0312571584969 4.849 0.989434451791 -1.38863253887e-07
0.0312571584969 4.95 0.989953266899 -1.41266416517e-07
0.0312571584969 5.051 0.990439106944 -1.43669546131e-07
0.0312571584969 5.152 0.990893835308 -1.46071891355e-07
0.0312571584969 5.253 0.99132071355 -1.48474441016e-07
0.0312571584969 5.354 0.991721871919 -1.50877283348e-07
0.0312571584969 5.455 0.992098310931 -1.53279225842e-07
0.0312571584969 5.556 0.992452786502 -1.55681554523e-07
0.0312571584969 5.657 0.992786453311 -1.58083658535e-07
0.0312571584969 5.758 0.993100840256 -1.60485604276e-07
0.0312571584969 5.859 0.993397453332 -1.62887640203e-07
0.0312571584969 5.96 0.993677278639 -1.65289339789e-07
0.0312571584969 6.061 0.993941736069 -1.6769119039e-07
0.0312571584969 6.162 0.994191639012 -1.70092764007e-07
0.0312571584969 6.263 0.994428118567 -1.72494373726e-07
0.0312571584969 6.364 0.994652006765 -1.7489591848e-07
0.0312571584969 6.465 0.9948640705 -1.77297263766e-07
0.0312571584969 6.566 0.995065249401 -1.79698852431e-07
0.0312571584969 6.667 0.995255939207 -1.82099927025e-07
0.0312571584969 6.768 0.995437126985 -1.84501358864e-07
0.0312571584969 6.869 0.995609137981 -1.86902415927e-07
0.0312571584969 6.97 0.99577269615 -1.8930355841e-07
0.0312571584969 7.071 0.995928301431 -1.91704765562e-07
0.0312571584969 7.172 0.996076309761 -1.94105633861e-07
0.0312571584969 7.273 0.99621736041 -1.96506811295e-07
0.0312571584969 7.374 0.996351665721 -1.98907605802e-07
0.0312571584969 7.475 0.996479755089 -2.01308521771e-07
0.0312571584969 7.576 0.996601960918 -2.03709484297e-07
0.0312571584969 7.677 0.996718536764 -2.06110156165e-07
0.0312571584969 7.778 0.99682993348 -2.08511119348e-07
0.0312571584969 7.879 0.996936291582 -2.10911722962e-07
0.0312571584969 7.98 0.997037993377 -2.13312450722e-07
0.0312571584969 8.081 0.99713527519 -2.15713234763e-07
0.0312571584969 8.182 0.9972283092 -2.18113737508e-07
0.0312571584969 8.283 0.997317424338 -2.20514508159e-07
0.0312571584969 8.384 0.997402726471 -2.22914991773e-07
0.0312571584969 8.485 0.997484476103 -2.25315542523e-07
0.0312571584969 8.586 0.997562865962 -2.27716227673e-07
0.0312571584969 8.687 0.997637992219 -2.30116565096e-07
0.0312571584969 8.788 0.997710110404 -2.32517150498e-07
0.0312571584969 8.889 0.997779312149 -2.34917586623e-07
0.0312571584969 8.99 0.997845755934 -2.37317964726e-07
0.0312571584969 9.091 0.99790961499 -2.39718575399e-07
0.0312571584969 9.192 0.997970934094 -2.42118791703e-07
0.0312571584969 9.293 0.998029909961 -2.44519203228e-07
0.0312571584969 9.394 0.99808663217 -2.46919634698e-07
0.0312571584969 9.495 0.998141181038 -2.49319853858e-07
0.0312571584969 9.596 0.998193706892 -2.51720300052e-07
0.0312571584969 9.697 0.998244255599 -2.54120526285e-07
0.0312571584969 9.798 0.998292945473 -2.56520792283e-07
0.0312571584969 9.899 0.998339871655 -2.58921212521e-07
0.0312571584969 10.0 0.998385068302 -2.61321306948e-07
0.0343046928631 0.001 0.594117823864 -2.63329011415e-08
0.0343046928631 0.102 0.618148099049 -2.81171534714e-08
0.0343046928631 0.203 0.64349859444 -2.99878131662e-08
0.0343046928631 0.304 0.669457688017 -3.19525373978e-08
0.0343046928631 0.405 0.695354707504 -3.40059198888e-08
0.0343046928631 0.506 0.720631461281 -3.61369604862e-08
0.0343046928631 0.607 0.744837164895 -3.83321503337e-08
0.0343046928631 0.708 0.767668762783 -4.05793813469e-08
0.0343046928631 0.809 0.788928410246 -4.2867468727e-08
0.0343046928631 0.91 0.808513006687 -4.51867409288e-08
0.0343046928631 1.011 0.826418836385 -4.75302924177e-08
0.0343046928631 1.112 0.842687576899 -4.98922827967e-08
0.0343046928631 1.213 0.857392912215 -5.22678160795e-08
0.0343046928631 1.314 0.870639909076 -5.46534281895e-08
0.0343046928631 1.415 0.882551635372 -5.70469054781e-08
0.0343046928631 1.516 0.893239997832 -5.94457724582e-08
0.0343046928631 1.617 0.902815771764 -6.1847964037e-08
0.0343046928631 1.718 0.911406888661 -6.42535188351e-08
0.0343046928631 1.819 0.919114024382 -6.66613643067e-08
0.0343046928631 1.92 0.926015681222 -6.90692408958e-08
0.0343046928631 2.021 0.932218036264 -7.14784300999e-08
0.0343046928631 2.122 0.93779522196 -7.38882433235e-08
0.0343046928631 2.223 0.942815209902 -7.62982558683e-08
0.0343046928631 2.324 0.947339723552 -7.87082357646e-08
0.0343046928631 2.425 0.951424363055 -8.11181295895e-08
0.0343046928631 2.526 0.955118877918 -8.35280516796e-08
0.0343046928631 2.627 0.958467539195 -8.59382401396e-08
0.0343046928631 2.728 0.961497385102 -8.83466633219e-08
0.0343046928631 2.829 0.964250838833 -9.07548005636e-08
0.0343046928631 2.93 0.966762839443 -9.31639567531e-08
0.0343046928631 3.031 0.969046823447 -9.55713246269e-08
0.0343046928631 3.132 0.971134616194 -9.79788994329e-08
0.0343046928631 3.233 0.973044511903 -1.00386294089e-07
0.0343046928631 3.334 0.974792886698 -1.02792975562e-07
0.0343046928631 3.435 0.976398515626 -1.05199899996e-07
0.0343046928631 3.536 0.977871600137 -1.07605679276e-07
0.0343046928631 3.637 0.979230626936 -1.10012556938e-07
0.0343046928631 3.738 0.980478437539 -1.12417204682e-07
0.0343046928631 3.839 0.981633168071 -1.14823004811e-07
0.0343046928631 3.94 0.982699807468 -1.17228343889e-07
0.0343046928631 4.041 0.983685277702 -1.19632594172e-07
0.0343046928631 4.142 0.984599336314 -1.22037110268e-07
0.0343046928631 4.243 0.985447654872 -1.24441571225e-07
0.0343046928631 4.344 0.986235652671 -1.26845806979e-07
0.0343046928631 4.445 0.986968400627 -1.29249750591e-07
0.0343046928631 4.546 0.987650575701 -1.31653404443e-07
0.0343046928631 4.647 0.988286450342 -1.34056813699e-07
0.0343046928631 4.748 0.988879904734 -1.36460053874e-07
0.0343046928631 4.849 0.989434451797 -1.38863212321e-07
0.0343046928631 4.95 0.989953266916 -1.41266371158e-07
0.0343046928631 5.051 0.990439106944 -1.43669502447e-07
0.0343046928631 5.152 0.990893835307 -1.46071847093e-07
0.0343046928631 5.253 0.991320713556 -1.48474395324e-07
0.0343046928631 5.354 0.991721871919 -1.50877237587e-07
0.0343046928631 5.455 0.992098310931 -1.53279179973e-07
0.0343046928631 5.556 0.992452786502 -1.55681506379e-07
0.0343046928631 5.657 0.99278645331 -1.58083612299e-07
0.0343046928631 5.758 0.993100840255 -1.604855544e-07
0.0343046928631 5.859 0.99339745334 -1.62887593086e-07
0.0343046928631 5.96 0.993677278639 -1.65289288109e-07
0.0343046928631 6.061 0.993941736069 -1.67691141932e-07
0.0343046928631 6.162 0.994191639011 -1.70092710257e-07
0.0343046928631 6.263 0.994428118566 -1.72494323805e-07
0.0343046928631 6.364 0.994652006765 -1.74895862427e-07
0.0343046928631 6.465 0.994864070499 -1.77297212021e-07
0.0343046928631 6.566 0.995065249401 -1.79698794254e-07
0.0343046928631 6.667 0.995255939207 -1.82099872647e-07
0.0343046928631 6.768 0.995437126985 -1.84501299676e-07
0.0343046928631 6.869 0.995609137982 -1.86902357709e-07
0.0343046928631 6.97 0.99577269615 -1.89303498963e-07
0.0343046928631 7.071 0.995928301431 -1.91704703206e-07
0.0343046928631 7.172 0.996076309764 -1.94105572927e-07
0.0343046928631 7.273 0.996217360411 -1.96506745919e-07
0.0343046928631 7.374 0.996351665722 -1.98907541364e-07
0.0343046928631 7.475 0.996479755089 -2.01308454899e-07
0.0343046928631 7.576 0.996601960918 -2.03709415876e-07
0.0343046928631 7.677 0.996718536764 -2.06110087198e-07
0.0343046928631 7.778 0.99682993348 -2.08511047279e-07
0.0343046928631 7.879 0.996936291582 -2.10911650937e-07
0.0343046928631 7.98 0.997037993377 -2.13312375981e-07
0.0343046928631 8.081 0.99713527519 -2.15713158066e-07
0.0343046928631 8.182 0.9972283092 -2.18113660764e-07
0.0343046928631 8.283 0.997317424338 -2.20514427439e-07
0.0343046928631 8.384 0.997402726471 -2.22914910055e-07
0.0343046928631 8.485 0.997484476103 -2.25315460458e-07
0.0343046928631 8.586 0.997562865962 -2.27716141105e-07
0.0343046928631 8.687 0.997637992219 -2.30116477321e-07
0.0343046928631 8.788 0.997710110404 -2.32517062763e-07
0.0343046928631 8.889 0.997779312149 -2.34917494309e-07
0.0343046928631 8.99 0.997845755934 -2.37317869962e-07
0.0343046928631 9.091 0.99790961499 -2.39718481147e-07
0.0343046928631 9.192 0.997970934094 -2.42118694037e-07
0.0343046928631 9.293 0.998029909961 -2.44519101331e-07
0.0343046928631 9.394 0.99808663217 -2.46919532463e-07
0.0343046928631 9.495 0.998141181038 -2.4931975003e-07
0.0343046928631 9.596 0.998193706894 -2.51720191596e-07
0.0343046928631 9.697 0.998244255599 -2.54120415283e-07
0.0343046928631 9.798 0.998292945473 -2.56520680813e-07
0.0343046928631 9.899 0.998339871655 -2.58921097957e-07
0.0343046928631 10.0 0.998385068302 -2.61321187893e-07
0.0376493580679 0.001 0.594117823443 -2.63333940486e-08
0.0376493580679 0.102 0.618148098218 -2.81175338167e-08
0.0376493580679 0.203 0.643498594281 -2.99880779515e-08
0.0376493580679 0.304 0.669457687789 -3.19527428846e-08
0.0376493580679 0.405 0.695354703956 -3.40060329206e-08
0.0376493580679 0.506 0.720631461454 -3.61370325097e-08
0.0376493580679 0.607 0.744837163029 -3.8332204784e-08
0.0376493580679 0.708 0.767668762808 -4.05794048639e-08
0.0376493580679 0.809 0.788928410106 -4.2867476941e-08
0.0376493580679 0.91 0.808513006969 -4.51867392394e-08
0.0376493580679 1.011 0.82641883704 -4.75302879915e-08
0.0376493580679 1.112 0.842687577449 -4.98922643269e-08
0.0376493580679 1.213 0.857392911965 -5.22677851102e-08
0.0376493580679 1.314 0.870639909503 -5.46533984625e-08
0.0376493580679 1.415 0.882551635421 -5.70468595518e-08
0.0376493580679 1.516 0.893239997773 -5.94457378754e-08
0.0376493580679 1.617 0.902815771464 -6.184792909e-08
0.0376493580679 1.718 0.911406888631 -6.425347969e-08
0.0376493580679 1.819 0.919114024358 -6.66613217517e-08
0.0376493580679 1.92 0.926015681141 -6.90692070003e-08
0.0376493580679 2.021 0.932218036227 -7.14783886567e-08
0.0376493580679 2.122 0.937795222158 -7.38882044199e-08
0.0376493580679 2.223 0.942815209803 -7.62982202056e-08
0.0376493580679 2.324 0.947339723478 -7.8708194602e-08
0.0376493580679 2.425 0.951424362704 -8.11180931147e-08
0.0376493580679 2.526 0.955118877841 -8.35280136903e-08
0.0376493580679 2.627 0.958467539224 -8.59382036535e-08
0.0376493580679 2.728 0.961497385107 -8.83466255311e-08
0.0376493580679 2.829 0.964250838954 -9.07547650488e-08
0.0376493580679 2.93 0.966762839592 -9.31639195352e-08
0.0376493580679 3.031 0.969046823492 -9.55712876062e-08
0.0376493580679 3.132 0.971134615963 -9.79788648201e-08
0.0376493580679 3.233 0.973044511814 -1.00386255408e-07
0.0376493580679 3.334 0.974792886739 -1.02792942842e-07
0.0376493580679 3.435 0.976398515652 -1.05199861843e-07
0.0376493580679 3.536 0.977871600149 -1.07605645965e-07
0.0376493580679 3.637 0.979230626938 -1.10012520957e-07
0.0376493580679 3.738 0.980478437486 -1.12417169886e-07
0.0376493580679 3.839 0.981633168059 -1.14822969995e-07
0.0376493580679 3.94 0.982699807447 -1.17228308704e-07
0.0376493580679 4.041 0.983685277736 -1.19632558708e-07
0.0376493580679 4.142 0.984599336298 -1.22037075263e-07
0.0376493580679 4.243 0.985447654922 -1.24441538024e-07
0.0376493580679 4.344 0.986235652677 -1.26845773547e-07
0.0376493580679 4.445 0.986968400636 -1.29249714616e-07
0.0376493580679 4.546 0.987650575721 -1.31653366443e-07
0.0376493580679 4.647 0.988286450339 -1.34056778299e-07
0.0376493580679 4.748 0.988879904763 -1.3646002023e-07
0.0376493580679 4.849 0.989434451798 -1.38863175833e-07
0.0376493580679 4.95 0.989953266919 -1.41266333517e-07
0.0376493580679 5.051 0.990439106944 -1.4366946641e-07
0.0376493580679 5.152 0.990893835307 -1.46071809969e-07
0.0376493580679 5.253 0.991320713555 -1.48474358022e-07
0.0376493580679 5.354 0.991721871919 -1.50877198055e-07
0.0376493580679 5.455 0.99209831093 -1.53279143e-07
0.0376493580679 5.556 0.9924527865 -1.55681466731e-07
0.0376493580679 5.657 0.992786453309 -1.58083572329e-07
0.0376493580679 5.758 0.993100840256 -1.60485516708e-07
0.0376493580679 5.859 0.993397453339 -1.62887548727e-07
0.0376493580679 5.96 0.993677278639 -1.65289250546e-07
0.0376493580679 6.061 0.993941736069 -1.67691095677e-07
0.0376493580679 6.162 0.994191639016 -1.70092671173e-07
0.0376493580679 6.263 0.994428118567 -1.72494276837e-07
0.0376493580679 6.364 0.994652006762 -1.74895821117e-07
0.0376493580679 6.465 0.9948640705 -1.77297164283e-07
0.0376493580679 6.566 0.995065249401 -1.79698750741e-07
0.0376493580679 6.667 0.995255939207 -1.8209982374e-07
0.0376493580679 6.768 0.995437126985 -1.84501254025e-07
0.0376493580679 6.869 0.995609137981 -1.86902307336e-07
0.0376493580679 6.97 0.995772696149 -1.89303450475e-07
0.0376493580679 7.071 0.995928301431 -1.91704651453e-07
0.0376493580679 7.172 0.996076309761 -1.94105521528e-07
0.0376493580679 7.273 0.996217360411 -1.96506692762e-07
0.0376493580679 7.374 0.996351665722 -1.98907487382e-07
0.0376493580679 7.475 0.996479755089 -2.01308399177e-07
0.0376493580679 7.576 0.996601960918 -2.03709360258e-07
0.0376493580679 7.677 0.996718536764 -2.06110028335e-07
0.0376493580679 7.778 0.99682993348 -2.08510989023e-07
0.0376493580679 7.879 0.996936291582 -2.10911590679e-07
0.0376493580679 7.98 0.997037993377 -2.13312312676e-07
0.0376493580679 8.081 0.99713527519 -2.15713097297e-07
0.0376493580679 8.182 0.9972283092 -2.18113594383e-07
0.0376493580679 8.283 0.997317424338 -2.20514361122e-07
0.0376493580679 8.384 0.997402726471 -2.22914844568e-07
0.0376493580679 8.485 0.997484476103 -2.25315388548e-07
0.0376493580679 8.586 0.997562865962 -2.27716071208e-07
0.0376493580679 8.687 0.997637992219 -2.30116406611e-07
0.0376493580679 8.788 0.997710110404 -2.32516985666e-07
0.0376493580679 8.889 0.997779312149 -2.34917419339e-07
0.0376493580679 8.99 0.997845755933 -2.37317794169e-07
0.0376493580679 9.091 0.99790961499 -2.39718398949e-07
0.0376493580679 9.192 0.997970934094 -2.42118612739e-07
0.0376493580679 9.293 0.998029909961 -2.44519020171e-07
0.0376493580679 9.394 0.99808663217 -2.46919445675e-07
0.0376493580679 9.495 0.998141181038 -2.49319661999e-07
0.0376493580679 9.596 0.998193706893 -2.51720104139e-07
0.0376493580679 9.697 0.998244255599 -2.54120323713e-07
0.0376493580679 9.798 0.998292945473 -2.5652058619e-07
0.0376493580679 9.899 0.998339871655 -2.58921003146e-07
0.0376493580679 10.0 0.998385068302 -2.61321090652e-07
0.0413201240012 0.001 0.594117821708 -2.63339159198e-08
0.0413201240012 0.102 0.618148091699 -2.81178319103e-08
0.0413201240012 0.203 0.643498594404 -2.99883012801e-08
0.0413201240012 0.304 0.669457687846 -3.19528927174e-08
0.0413201240012 0.405 0.695354705234 -3.40061480585e-08
0.0413201240012 0.506 0.720631460693 -3.6137105655e-08
0.0413201240012 0.607 0.744837164182 -3.83322422246e-08
0.0413201240012 0.708 0.767668761802 -4.05794439406e-08
0.0413201240012 0.809 0.788928409765 -4.28674853875e-08
0.0413201240012 0.91 0.80851300721 -4.51867326249e-08
0.0413201240012 1.011 0.826418836497 -4.75302539364e-08
0.0413201240012 1.112 0.842687576633 -4.98922516036e-08
0.0413201240012 1.213 0.857392912476 -5.22677647677e-08
0.0413201240012 1.314 0.87063990914 -5.46533720876e-08
0.0413201240012 1.415 0.882551635276 -5.70468269381e-08
0.0413201240012 1.516 0.893239997814 -5.9445711619e-08
0.0413201240012 1.617 0.902815771784 -6.18479003924e-08
0.0413201240012 1.718 0.911406888519 -6.42534422788e-08
0.0413201240012 1.819 0.919114024358 -6.66612951604e-08
0.0413201240012 1.92 0.926015681097 -6.90691749568e-08
0.0413201240012 2.021 0.932218036196 -7.14783567837e-08
0.0413201240012 2.122 0.937795222133 -7.38881709545e-08
0.0413201240012 2.223 0.942815209763 -7.62981880242e-08
0.0413201240012 2.324 0.947339723421 -7.87081670535e-08
0.0413201240012 2.425 0.951424362995 -8.11180600369e-08
0.0413201240012 2.526 0.955118877679 -8.35279793683e-08
0.0413201240012 2.627 0.958467539202 -8.59381736104e-08
0.0413201240012 2.728 0.96149738502 -8.83465976996e-08
0.0413201240012 2.829 0.964250838878 -9.07547329973e-08
0.0413201240012 2.93 0.966762839598 -9.31638883917e-08
0.0413201240012 3.031 0.969046823407 -9.55712577902e-08
0.0413201240012 3.132 0.971134616132 -9.79788388915e-08
0.0413201240012 3.233 0.973044511797 -1.00386226544e-07
0.0413201240012 3.334 0.974792886785 -1.02792910389e-07
0.0413201240012 3.435 0.976398515619 -1.05199835258e-07
0.0413201240012 3.536 0.977871600147 -1.07605616676e-07
0.0413201240012 3.637 0.97923062695 -1.10012492502e-07
0.0413201240012 3.738 0.980478437479 -1.12417140649e-07
0.0413201240012 3.839 0.981633168046 -1.1482294155e-07
0.0413201240012 3.94 0.98269980745 -1.17228278666e-07
0.0413201240012 4.041 0.983685277767 -1.19632530099e-07
0.0413201240012 4.142 0.984599336298 -1.22037046457e-07
0.0413201240012 4.243 0.985447654938 -1.24441508394e-07
0.0413201240012 4.344 0.986235652675 -1.26845744381e-07
0.0413201240012 4.445 0.98696840063 -1.29249687652e-07
0.0413201240012 4.546 0.987650575715 -1.31653340627e-07
0.0413201240012 4.647 0.98828645034 -1.34056750206e-07
0.0413201240012 4.748 0.988879904753 -1.36459989306e-07
0.0413201240012 4.849 0.989434451795 -1.38863144121e-07
0.0413201240012 4.95 0.989953266917 -1.41266302999e-07
0.0413201240012 5.051 0.990439106944 -1.43669437861e-07
0.0413201240012 5.152 0.990893835307 -1.46071778801e-07
0.0413201240012 5.253 0.991320713556 -1.48474327032e-07
0.0413201240012 5.354 0.991721871919 -1.50877165548e-07
0.0413201240012 5.455 0.992098310929 -1.53279110843e-07
0.0413201240012 5.556 0.9924527865 -1.55681436722e-07
0.0413201240012 5.657 0.99278645331 -1.58083536753e-07
0.0413201240012 5.758 0.993100840254 -1.60485483834e-07
0.0413201240012 5.859 0.993397453341 -1.62887516841e-07
0.0413201240012 5.96 0.993677278638 -1.65289212692e-07
0.0413201240012 6.061 0.993941736069 -1.67691064816e-07
0.0413201240012 6.162 0.994191639016 -1.7009263308e-07
0.0413201240012 6.263 0.994428118566 -1.72494242267e-07
0.0413201240012 6.364 0.994652006765 -1.74895784217e-07
0.0413201240012 6.465 0.9948640705 -1.77297126528e-07
0.0413201240012 6.566 0.995065249401 -1.79698713446e-07
0.0413201240012 6.667 0.995255939207 -1.8209978411e-07
0.0413201240012 6.768 0.995437126984 -1.84501214968e-07
0.0413201240012 6.869 0.995609137981 -1.86902266521e-07
0.0413201240012 6.97 0.99577269615 -1.89303409112e-07
0.0413201240012 7.071 0.995928301431 -1.91704609734e-07
0.0413201240012 7.172 0.996076309764 -1.94105477681e-07
0.0413201240012 7.273 0.996217360411 -1.96506649757e-07
0.0413201240012 7.374 0.996351665722 -1.98907441606e-07
0.0413201240012 7.475 0.996479755089 -2.01308353695e-07
0.0413201240012 7.576 0.996601960918 -2.03709313465e-07
0.0413201240012 7.677 0.996718536764 -2.06109979495e-07
0.0413201240012 7.778 0.99682993348 -2.08510941712e-07
0.0413201240012 7.879 0.996936291582 -2.10911538458e-07
0.0413201240012 7.98 0.997037993377 -2.13312263298e-07
0.0413201240012 8.081 0.99713527519 -2.15713043598e-07
0.0413201240012 8.182 0.9972283092 -2.18113540498e-07
0.0413201240012 8.283 0.997317424338 -2.20514307948e-07
0.0413201240012 8.384 0.997402726471 -2.22914785997e-07
0.0413201240012 8.485 0.997484476103 -2.25315332918e-07
0.0413201240012 8.586 0.997562865962 -2.27716012019e-07
0.0413201240012 8.687 0.997637992219 -2.30116344926e-07
0.0413201240012 8.788 0.997710110404 -2.32516926328e-07
0.0413201240012 8.889 0.997779312149 -2.34917354945e-07
0.0413201240012 8.99 0.997845755934 -2.37317729134e-07
0.0413201240012 9.091 0.99790961499 -2.3971833493e-07
0.0413201240012 9.192 0.997970934094 -2.42118543727e-07
0.0413201240012 9.293 0.998029909961 -2.44518950802e-07
0.0413201240012 9.394 0.99808663217 -2.46919376368e-07
0.0413201240012 9.495 0.998141181038 -2.49319588491e-07
0.0413201240012 9.596 0.998193706894 -2.51720029771e-07
0.0413201240012 9.697 0.998244255599 -2.5412024896e-07
0.0413201240012 9.798 0.998292945473 -2.56520508016e-07
0.0413201240012 9.899 0.998339871655 -2.58920923293e-07
0.0413201240012 10.0 0.998385068302 -2.61321010103e-07
0.0453487850813 0.001 0.594117821069 -2.63343271707e-08
0.0453487850813 0.102 0.618148095218 -2.81181497098e-08
0.0453487850813 0.203 0.643498594469 -2.9988484012e-08
0.0453487850813 0.304 0.669457687752 -3.19530371947e-08
0.0453487850813 0.405 0.695354705027 -3.40062351486e-08
0.0453487850813 0.506 0.720631460317 -3.61371705428e-08
0.0453487850813 0.607 0.744837162249 -3.83322712679e-08
0.0453487850813 0.708 0.767668761991 -4.05794346661e-08
0.0453487850813 0.809 0.788928409427 -4.28674814467e-08
0.0453487850813 0.91 0.808513007194 -4.51867206983e-08
0.0453487850813 1.011 0.826418836133 -4.75302571296e-08
0.0453487850813 1.112 0.842687577219 -4.98922183475e-08
0.0453487850813 1.213 0.857392912276 -5.22677590951e-08
0.0453487850813 1.314 0.870639909293 -5.46533544504e-08
0.0453487850813 1.415 0.882551635264 -5.70468053693e-08
0.0453487850813 1.516 0.893239997741 -5.94456727559e-08
0.0453487850813 1.617 0.902815771501 -6.18478681222e-08
0.0453487850813 1.718 0.911406888576 -6.42534193358e-08
0.0453487850813 1.819 0.919114024336 -6.66612682355e-08
0.0453487850813 1.92 0.926015681111 -6.9069150651e-08
0.0453487850813 2.021 0.932218036166 -7.14783379844e-08
0.0453487850813 2.122 0.937795222004 -7.38881524375e-08
0.0453487850813 2.223 0.942815209867 -7.62981640949e-08
0.0453487850813 2.324 0.947339723416 -7.87081402461e-08
0.0453487850813 2.425 0.951424362803 -8.11180348576e-08
0.0453487850813 2.526 0.955118877798 -8.35279531422e-08
0.0453487850813 2.627 0.958467539189 -8.59381443105e-08
0.0453487850813 2.728 0.961497385058 -8.83465652006e-08
0.0453487850813 2.829 0.964250838953 -9.07547055651e-08
0.0453487850813 2.93 0.966762839606 -9.31638653622e-08
0.0453487850813 3.031 0.969046823487 -9.55712343007e-08
0.0453487850813 3.132 0.971134616136 -9.79788138507e-08
0.0453487850813 3.233 0.973044511859 -1.00386204467e-07
0.0453487850813 3.334 0.974792886812 -1.02792887768e-07
0.0453487850813 3.435 0.976398515613 -1.05199806325e-07
0.0453487850813 3.536 0.977871600231 -1.07605592774e-07
0.0453487850813 3.637 0.979230626948 -1.1001247145e-07
0.0453487850813 3.738 0.980478437507 -1.12417114056e-07
0.0453487850813 3.839 0.981633168053 -1.14822920586e-07
0.0453487850813 3.94 0.982699807465 -1.1722825551e-07
0.0453487850813 4.041 0.983685277763 -1.19632506069e-07
0.0453487850813 4.142 0.984599336302 -1.22037022781e-07
0.0453487850813 4.243 0.985447654921 -1.24441483633e-07
0.0453487850813 4.344 0.986235652675 -1.26845717928e-07
0.0453487850813 4.445 0.986968400632 -1.29249659834e-07
0.0453487850813 4.546 0.98765057572 -1.31653312756e-07
0.0453487850813 4.647 0.98828645034 -1.34056723916e-07
0.0453487850813 4.748 0.988879904761 -1.3645996467e-07
0.0453487850813 4.849 0.989434451791 -1.38863120051e-07
0.0453487850813 4.95 0.989953266918 -1.41266280882e-07
0.0453487850813 5.051 0.990439106943 -1.43669414306e-07
0.0453487850813 5.152 0.990893835308 -1.46071751945e-07
0.0453487850813 5.253 0.991320713556 -1.48474300622e-07
0.0453487850813 5.354 0.991721871919 -1.50877138328e-07
0.0453487850813 5.455 0.992098310928 -1.53279083893e-07
0.0453487850813 5.556 0.992452786502 -1.55681411637e-07
0.0453487850813 5.657 0.99278645331 -1.58083510168e-07
0.0453487850813 5.758 0.993100840254 -1.60485453387e-07
0.0453487850813 5.859 0.99339745334 -1.62887489916e-07
0.0453487850813 5.96 0.993677278639 -1.65289186862e-07
0.0453487850813 6.061 0.993941736069 -1.67691032112e-07
0.0453487850813 6.162 0.994191639015 -1.70092604548e-07
0.0453487850813 6.263 0.994428118566 -1.72494213446e-07
0.0453487850813 6.364 0.994652006765 -1.74895750995e-07
0.0453487850813 6.465 0.9948640705 -1.7729709758e-07
0.0453487850813 6.566 0.995065249401 -1.79698680371e-07
0.0453487850813 6.667 0.995255939204 -1.82099752002e-07
0.0453487850813 6.768 0.995437126985 -1.84501182561e-07
0.0453487850813 6.869 0.995609137981 -1.86902232192e-07
0.0453487850813 6.97 0.995772696149 -1.89303375357e-07
0.0453487850813 7.071 0.995928301431 -1.91704574516e-07
0.0453487850813 7.172 0.996076309763 -1.94105441706e-07
0.0453487850813 7.273 0.996217360411 -1.96506613924e-07
0.0453487850813 7.374 0.996351665721 -1.98907403216e-07
0.0453487850813 7.475 0.996479755089 -2.01308316872e-07
0.0453487850813 7.576 0.996601960918 -2.03709272724e-07
0.0453487850813 7.677 0.996718536764 -2.06109941202e-07
0.0453487850813 7.778 0.99682993348 -2.08510899384e-07
0.0453487850813 7.879 0.996936291582 -2.1091149803e-07
0.0453487850813 7.98 0.997037993377 -2.13312220041e-07
0.0453487850813 8.081 0.99713527519 -2.15713000105e-07
0.0453487850813 8.182 0.9972283092 -2.18113496605e-07
0.0453487850813 8.283 0.997317424338 -2.20514260882e-07
0.0453487850813 8.384 0.997402726471 -2.22914741041e-07
0.0453487850813 8.485 0.997484476103 -2.25315283424e-07
0.0453487850813 8.586 0.997562865962 -2.2771596469e-07
0.0453487850813 8.687 0.997637992219 -2.30116294301e-07
0.0453487850813 8.788 0.997710110404 -2.32516875116e-07
0.0453487850813 8.889 0.997779312149 -2.34917303106e-07
0.0453487850813 8.99 0.997845755934 -2.37317674919e-07
0.0453487850813 9.091 0.99790961499 -2.3971828058e-07
0.0453487850813 9.192 0.997970934094 -2.42118487374e-07
0.0453487850813 9.293 0.998029909961 -2.4451889364e-07
0.0453487850813 9.394 0.99808663217 -2.46919317222e-07
0.0453487850813 9.495 0.998141181038 -2.49319528642e-07
0.0453487850813 9.596 0.998193706893 -2.5171996855e-07
0.0453487850813 9.697 0.998244255599 -2.54120185087e-07
0.0453487850813 9.798 0.998292945473 -2.56520444554e-07
0.0453487850813 9.899 0.998339871655 -2.5892085733e-07
0.0453487850813 10.0 0.998385068302 -2.61320941474e-07
0.0497702356433 0.001 0.594117822769 -2.63345289199e-08
0.0497702356433 0.102 0.618148089905 -2.81183434201e-08
0.0497702356433 0.203 0.643498593916 -2.99886858375e-08
0.0497702356433 0.304 0.669457687529 -3.19531604208e-08
0.0497702356433 0.405 0.695354704767 -3.40063100016e-08
0.0497702356433 0.506 0.720631460256 -3.61372268715e-08
0.0497702356433 0.607 0.744837162785 -3.83323107548e-08
0.0497702356433 0.708 0.767668761963 -4.05794567442e-08
0.0497702356433 0.809 0.788928409517 -4.2867484655e-08
0.0497702356433 0.91 0.808513006686 -4.51867152077e-08
0.0497702356433 1.011 0.826418836348 -4.75302375809e-08
0.0497702356433 1.112 0.842687577055 -4.98922088185e-08
0.0497702356433 1.213 0.857392912241 -5.22677254321e-08
0.0497702356433 1.314 0.870639909377 -5.46533199329e-08
0.0497702356433 1.415 0.882551635299 -5.70467793731e-08
0.0497702356433 1.516 0.893239997743 -5.94456524057e-08
0.0497702356433 1.617 0.902815771783 -6.18478510382e-08
0.0497702356433 1.718 0.911406888322 -6.42534035057e-08
0.0497702356433 1.819 0.919114024271 -6.66612521801e-08
0.0497702356433 1.92 0.926015680863 -6.90691297134e-08
0.0497702356433 2.021 0.932218035994 -7.147831001e-08
0.0497702356433 2.122 0.937795222003 -7.38881202126e-08
0.0497702356433 2.223 0.942815209715 -7.6298131646e-08
0.0497702356433 2.324 0.947339723215 -7.87081112425e-08
0.0497702356433 2.425 0.951424362935 -8.11180120332e-08
0.0497702356433 2.526 0.955118877785 -8.35279361873e-08
0.0497702356433 2.627 0.958467539217 -8.59381319453e-08
0.0497702356433 2.728 0.961497385106 -8.83465538115e-08
0.0497702356433 2.829 0.964250838844 -9.07546931945e-08
0.0497702356433 2.93 0.966762839664 -9.31638503491e-08
0.0497702356433 3.031 0.969046823564 -9.55712163939e-08
0.0497702356433 3.132 0.971134616121 -9.79787944758e-08
0.0497702356433 3.233 0.973044511851 -1.00386185052e-07
0.0497702356433 3.334 0.974792886794 -1.02792871517e-07
0.0497702356433 3.435 0.976398515641 -1.05199793969e-07
0.0497702356433 3.536 0.977871600225 -1.07605575399e-07
0.0497702356433 3.637 0.979230626946 -1.10012447615e-07
0.0497702356433 3.738 0.980478437518 -1.12417093749e-07
0.0497702356433 3.839 0.981633168052 -1.14822901316e-07
0.0497702356433 3.94 0.982699807461 -1.17228234391e-07
0.0497702356433 4.041 0.983685277759 -1.19632488876e-07
0.0497702356433 4.142 0.984599336303 -1.22037000575e-07
0.0497702356433 4.243 0.985447654934 -1.24441464205e-07
0.0497702356433 4.344 0.986235652672 -1.26845701742e-07
0.0497702356433 4.445 0.986968400632 -1.29249643547e-07
0.0497702356433 4.546 0.987650575717 -1.31653295059e-07
0.0497702356433 4.647 0.988286450338 -1.34056704686e-07
0.0497702356433 4.748 0.988879904761 -1.36459944375e-07
0.0497702356433 4.849 0.989434451793 -1.38863098911e-07
0.0497702356433 4.95 0.989953266916 -1.41266257308e-07
0.0497702356433 5.051 0.990439106944 -1.43669390179e-07
0.0497702356433 5.152 0.990893835304 -1.46071732039e-07
0.0497702356433 5.253 0.991320713555 -1.48474281501e-07
0.0497702356433 5.354 0.991721871919 -1.50877122085e-07
0.0497702356433 5.455 0.992098310931 -1.53279060863e-07
0.0497702356433 5.556 0.992452786502 -1.5568138587e-07
0.0497702356433 5.657 0.99278645331 -1.58083487004e-07
0.0497702356433 5.758 0.993100840254 -1.60485432214e-07
0.0497702356433 5.859 0.99339745334 -1.62887467381e-07
0.0497702356433 5.96 0.993677278639 -1.65289162407e-07
0.0497702356433 6.061 0.993941736069 -1.67691007885e-07
0.0497702356433 6.162 0.994191639015 -1.70092579533e-07
0.0497702356433 6.263 0.994428118565 -1.72494189222e-07
0.0497702356433 6.364 0.994652006765 -1.74895726695e-07
0.0497702356433 6.465 0.9948640705 -1.77297069562e-07
0.0497702356433 6.566 0.995065249401 -1.79698656023e-07
0.0497702356433 6.667 0.995255939207 -1.82099725993e-07
0.0497702356433 6.768 0.995437126985 -1.84501151755e-07
0.0497702356433 6.869 0.995609137981 -1.86902207673e-07
0.0497702356433 6.97 0.99577269615 -1.89303344423e-07
0.0497702356433 7.071 0.995928301431 -1.91704545926e-07
0.0497702356433 7.172 0.996076309764 -1.9410541271e-07
0.0497702356433 7.273 0.996217360411 -1.96506581719e-07
0.0497702356433 7.374 0.996351665722 -1.98907374069e-07
0.0497702356433 7.475 0.996479755089 -2.01308283662e-07
0.0497702356433 7.576 0.996601960918 -2.0370924153e-07
0.0497702356433 7.677 0.996718536764 -2.06109907571e-07
0.0497702356433 7.778 0.99682993348 -2.08510865539e-07
0.0497702356433 7.879 0.996936291582 -2.10911463859e-07
0.0497702356433 7.98 0.997037993377 -2.13312183889e-07
0.0497702356433 8.081 0.99713527519 -2.15712965177e-07
0.0497702356433 8.182 0.9972283092 -2.18113458117e-07
0.0497702356433 8.283 0.997317424338 -2.20514225057e-07
0.0497702356433 8.384 0.997402726471 -2.2291470015e-07
0.0497702356433 8.485 0.997484476103 -2.25315246058e-07
0.0497702356433 8.586 0.997562865962 -2.27715921573e-07
0.0497702356433 8.687 0.997637992219 -2.3011625475e-07
0.0497702356433 8.788 0.997710110404 -2.32516831178e-07
0.0497702356433 8.889 0.997779312149 -2.34917260284e-07
0.0497702356433 8.99 0.997845755933 -2.37317630962e-07
0.0497702356433 9.091 0.99790961499 -2.39718233384e-07
0.0497702356433 9.192 0.997970934094 -2.42118442882e-07
0.0497702356433 9.293 0.998029909961 -2.44518843784e-07
0.0497702356433 9.394 0.99808663217 -2.46919270083e-07
0.0497702356433 9.495 0.998141181038 -2.49319478226e-07
0.0497702356433 9.596 0.998193706893 -2.517199169e-07
0.0497702356433 9.697 0.998244255599 -2.54120133948e-07
0.0497702356433 9.798 0.998292945473 -2.56520390003e-07
0.0497702356433 9.899 0.998339871655 -2.58920803241e-07
0.0497702356433 10.0 0.998385068302 -2.61320885462e-07
0.0546227721768 0.001 0.594117823059 -2.63347632416e-08
0.0546227721768 0.102 0.618148094878 -2.81185739565e-08
0.0546227721768 0.203 0.643498594212 -2.99887958064e-08
0.0546227721768 0.304 0.66945768764 -3.19532258137e-08
0.0546227721768 0.405 0.695354703889 -3.40063634965e-08
0.0546227721768 0.506 0.720631460159 -3.61372460053e-08
0.0546227721768 0.607 0.744837162546 -3.83323395986e-08
0.0546227721768 0.708 0.767668761736 -4.05794732559e-08
0.0546227721768 0.809 0.788928409472 -4.28674792224e-08
0.0546227721768 0.91 0.808513006815 -4.51867166406e-08
0.0546227721768 1.011 0.826418836406 -4.75302504654e-08
0.0546227721768 1.112 0.842687576794 -4.98922128309e-08
0.0546227721768 1.213 0.857392912123 -5.22677049393e-08
0.0546227721768 1.314 0.870639909432 -5.46533164408e-08
0.0546227721768 1.415 0.882551635115 -5.70467775425e-08
0.0546227721768 1.516 0.893239997739 -5.94456386548e-08
0.0546227721768 1.617 0.902815771652 -6.18478398118e-08
0.0546227721768 1.718 0.911406888342 -6.42533792519e-08
0.0546227721768 1.819 0.919114024297 -6.66612313635e-08
0.0546227721768 1.92 0.926015680976 -6.90691008447e-08
0.0546227721768 2.021 0.932218036147 -7.147829076e-08
0.0546227721768 2.122 0.937795221856 -7.38881123769e-08
0.0546227721768 2.223 0.942815209759 -7.62981142074e-08
0.0546227721768 2.324 0.947339723374 -7.87080984673e-08
0.0546227721768 2.425 0.951424362829 -8.11180019144e-08
0.0546227721768 2.526 0.955118877764 -8.35279121508e-08
0.0546227721768 2.627 0.958467539207 -8.593810667e-08
0.0546227721768 2.728 0.961497385106 -8.83465345457e-08
0.0546227721768 2.829 0.964250838882 -9.07546711638e-08
0.0546227721768 2.93 0.966762839641 -9.31638237629e-08
0.0546227721768 3.031 0.969046823562 -9.55711943175e-08
0.0546227721768 3.132 0.971134616108 -9.79787780192e-08
0.0546227721768 3.233 0.973044511831 -1.00386167151e-07
0.0546227721768 3.334 0.974792886814 -1.02792849176e-07
0.0546227721768 3.435 0.976398515637 -1.05199768301e-07
0.0546227721768 3.536 0.977871600229 -1.0760555095e-07
0.0546227721768 3.637 0.979230626948 -1.10012430592e-07
0.0546227721768 3.738 0.980478437512 -1.12417082473e-07
0.0546227721768 3.839 0.981633168049 -1.14822886038e-07
0.0546227721768 3.94 0.982699807461 -1.17228217336e-07
0.0546227721768 4.041 0.983685277777 -1.19632471409e-07
0.0546227721768 4.142 0.984599336292 -1.22036984915e-07
0.0546227721768 4.243 0.985447654939 -1.24441448728e-07
0.0546227721768 4.344 0.986235652678 -1.26845680836e-07
0.0546227721768 4.445 0.986968400633 -1.29249625207e-07
0.0546227721768 4.546 0.987650575716 -1.31653278464e-07
0.0546227721768 4.647 0.988286450338 -1.34056687938e-07
0.0546227721768 4.748 0.98887990476 -1.36459927411e-07
0.0546227721768 4.849 0.98943445179 -1.38863082464e-07
0.0546227721768 4.95 0.989953266918 -1.4126624147e-07
0.0546227721768 5.051 0.990439106944 -1.43669372125e-07
0.0546227721768 5.152 0.990893835306 -1.46071712692e-07
0.0546227721768 5.253 0.991320713556 -1.48474263107e-07
0.0546227721768 5.354 0.991721871919 -1.50877101561e-07
0.0546227721768 5.455 0.99209831093 -1.53279042076e-07
0.0546227721768 5.556 0.992452786502 -1.55681367916e-07
0.0546227721768 5.657 0.99278645331 -1.58083467933e-07
0.0546227721768 5.758 0.993100840254 -1.60485411502e-07
0.0546227721768 5.859 0.99339745334 -1.62887445618e-07
0.0546227721768 5.96 0.993677278638 -1.65289143123e-07
0.0546227721768 6.061 0.993941736068 -1.67690992222e-07
0.0546227721768 6.162 0.994191639016 -1.70092560261e-07
0.0546227721768 6.263 0.994428118566 -1.72494164849e-07
0.0546227721768 6.364 0.994652006764 -1.74895704814e-07
0.0546227721768 6.465 0.994864070499 -1.77297050617e-07
0.0546227721768 6.566 0.995065249401 -1.79698633835e-07
0.0546227721768 6.667 0.995255939206 -1.82099702809e-07
0.0546227721768 6.768 0.995437126985 -1.84501129746e-07
0.0546227721768 6.869 0.995609137981 -1.86902184295e-07
0.0546227721768 6.97 0.99577269615 -1.89303321556e-07
0.0546227721768 7.071 0.995928301431 -1.91704520915e-07
0.0546227721768 7.172 0.996076309763 -1.94105387829e-07
0.0546227721768 7.273 0.996217360411 -1.96506558675e-07
0.0546227721768 7.374 0.996351665721 -1.9890734596e-07
0.0546227721768 7.475 0.996479755089 -2.01308259547e-07
0.0546227721768 7.576 0.996601960918 -2.03709213866e-07
0.0546227721768 7.677 0.996718536764 -2.06109879919e-07
0.0546227721768 7.778 0.99682993348 -2.08510838817e-07
0.0546227721768 7.879 0.996936291582 -2.10911433726e-07
0.0546227721768 7.98 0.997037993377 -2.13312156064e-07
0.0546227721768 8.081 0.99713527519 -2.157129338e-07
0.0546227721768 8.182 0.9972283092 -2.18113428478e-07
0.0546227721768 8.283 0.997317424338 -2.20514192768e-07
0.0546227721768 8.384 0.997402726471 -2.22914668911e-07
0.0546227721768 8.485 0.997484476103 -2.25315212524e-07
0.0546227721768 8.586 0.997562865962 -2.27715888742e-07
0.0546227721768 8.687 0.997637992219 -2.30116219846e-07
0.0546227721768 8.788 0.997710110404 -2.3251679632e-07
0.0546227721768 8.889 0.997779312149 -2.34917224222e-07
0.0546227721768 8.99 0.997845755933 -2.37317593678e-07
0.0546227721768 9.091 0.99790961499 -2.39718196739e-07
0.0546227721768 9.192 0.997970934094 -2.42118402993e-07
0.0546227721768 9.293 0.998029909961 -2.44518806091e-07
0.0546227721768 9.394 0.99808663217 -2.46919227717e-07
0.0546227721768 9.495 0.998141181038 -2.49319438595e-07
0.0546227721768 9.596 0.998193706893 -2.51719873222e-07
0.0546227721768 9.697 0.998244255599 -2.54120091286e-07
0.0546227721768 9.798 0.998292945473 -2.56520345844e-07
0.0546227721768 9.899 0.998339871655 -2.58920757331e-07
0.0546227721768 10.0 0.998385068302 -2.61320839813e-07
0.0599484250319 0.001 0.594117822171 -2.63349874988e-08
0.0599484250319 0.102 0.618148090884 -2.81186942933e-08
0.0599484250319 0.203 0.643498593883 -2.99889092558e-08
0.0599484250319 0.304 0.669457687665 -3.19532826372e-08
0.0599484250319 0.405 0.695354702966 -3.40064216701e-08
0.0599484250319 0.506 0.720631460358 -3.613729333e-08
0.0599484250319 0.607 0.744837162347 -3.83323602713e-08
0.0599484250319 0.708 0.767668761651 -4.05794959339e-08
0.0599484250319 0.809 0.788928409429 -4.28675051502e-08
0.0599484250319 0.91 0.808513006461 -4.51866985614e-08
0.0599484250319 1.011 0.826418836551 -4.75302404559e-08
0.0599484250319 1.112 0.842687576687 -4.98921861518e-08
0.0599484250319 1.213 0.857392912274 -5.22677175784e-08
0.0599484250319 1.314 0.87063990935 -5.46532925988e-08
0.0599484250319 1.415 0.882551635086 -5.70467673724e-08
0.0599484250319 1.516 0.893239997812 -5.94456294413e-08
0.0599484250319 1.617 0.902815771566 -6.18478154135e-08
0.0599484250319 1.718 0.911406888528 -6.42533750427e-08
0.0599484250319 1.819 0.919114024359 -6.66612051044e-08
0.0599484250319 1.92 0.926015680935 -6.90690916035e-08
0.0599484250319 2.021 0.932218036132 -7.14782764276e-08
0.0599484250319 2.122 0.937795221938 -7.38880897518e-08
0.0599484250319 2.223 0.942815209868 -7.62981066952e-08
0.0599484250319 2.324 0.947339723327 -7.87080819378e-08
0.0599484250319 2.425 0.951424362918 -8.11179821966e-08
0.0599484250319 2.526 0.955118877716 -8.35279012958e-08
0.0599484250319 2.627 0.958467539224 -8.59380938588e-08
0.0599484250319 2.728 0.961497385091 -8.83465183345e-08
0.0599484250319 2.829 0.964250838935 -9.07546523129e-08
0.0599484250319 2.93 0.966762839647 -9.31638179742e-08
0.0599484250319 3.031 0.969046823544 -9.55711780354e-08
0.0599484250319 3.132 0.971134616112 -9.79787582732e-08
0.0599484250319 3.233 0.973044511843 -1.00386154404e-07
0.0599484250319 3.334 0.974792886814 -1.02792836277e-07
0.0599484250319 3.435 0.976398515639 -1.05199755949e-07
0.0599484250319 3.536 0.977871600229 -1.07605539286e-07
0.0599484250319 3.637 0.979230626947 -1.10012416897e-07
0.0599484250319 3.738 0.98047843751 -1.12417063152e-07
0.0599484250319 3.839 0.981633168054 -1.14822864565e-07
0.0599484250319 3.94 0.982699807465 -1.1722820703e-07
0.0599484250319 4.041 0.983685277771 -1.19632459693e-07
0.0599484250319 4.142 0.984599336296 -1.22036969484e-07
0.0599484250319 4.243 0.985447654929 -1.24441435323e-07
0.0599484250319 4.344 0.986235652672 -1.2684566637e-07
0.0599484250319 4.445 0.98696840063 -1.29249614459e-07
0.0599484250319 4.546 0.98765057572 -1.31653263235e-07
0.0599484250319 4.647 0.988286450341 -1.34056671088e-07
0.0599484250319 4.748 0.988879904763 -1.36459912005e-07
0.0599484250319 4.849 0.989434451794 -1.38863067663e-07
0.0599484250319 4.95 0.989953266917 -1.41266225885e-07
0.0599484250319 5.051 0.990439106944 -1.43669356127e-07
0.0599484250319 5.152 0.990893835307 -1.46071697768e-07
0.0599484250319 5.253 0.991320713555 -1.48474247357e-07
0.0599484250319 5.354 0.991721871919 -1.50877084552e-07
0.0599484250319 5.455 0.99209831093 -1.53279026686e-07
0.0599484250319 5.556 0.992452786502 -1.55681352678e-07
0.0599484250319 5.657 0.99278645331 -1.58083453076e-07
0.0599484250319 5.758 0.993100840255 -1.6048539656e-07
0.0599484250319 5.859 0.99339745334 -1.62887428591e-07
0.0599484250319 5.96 0.993677278638 -1.65289125195e-07
0.0599484250319 6.061 0.993941736068 -1.67690973448e-07
0.0599484250319 6.162 0.994191639015 -1.70092543079e-07
0.0599484250319 6.263 0.994428118566 -1.72494150713e-07
0.0599484250319 6.364 0.994652006765 -1.74895689849e-07
0.0599484250319 6.465 0.9948640705 -1.77297031012e-07
0.0599484250319 6.566 0.995065249401 -1.79698612187e-07
0.0599484250319 6.667 0.995255939206 -1.82099684966e-07
0.0599484250319 6.768 0.995437126985 -1.84501113298e-07
0.0599484250319 6.869 0.995609137981 -1.86902164742e-07
0.0599484250319 6.97 0.99577269615 -1.8930330106e-07
0.0599484250319 7.071 0.995928301431 -1.91704500957e-07
0.0599484250319 7.172 0.996076309763 -1.94105367336e-07
0.0599484250319 7.273 0.996217360411 -1.96506538671e-07
0.0599484250319 7.374 0.996351665722 -1.98907324141e-07
0.0599484250319 7.475 0.996479755088 -2.0130823699e-07
0.0599484250319 7.576 0.996601960918 -2.03709193474e-07
0.0599484250319 7.677 0.996718536764 -2.0610985624e-07
0.0599484250319 7.778 0.99682993348 -2.08510814816e-07
0.0599484250319 7.879 0.996936291582 -2.1091141156e-07
0.0599484250319 7.98 0.997037993377 -2.13312130031e-07
0.0599484250319 8.081 0.99713527519 -2.15712909404e-07
0.0599484250319 8.182 0.9972283092 -2.18113403514e-07
0.0599484250319 8.283 0.997317424338 -2.20514165085e-07
0.0599484250319 8.384 0.997402726471 -2.22914643812e-07
0.0599484250319 8.485 0.997484476103 -2.25315183756e-07
0.0599484250319 8.586 0.997562865962 -2.27715861907e-07
0.0599484250319 8.687 0.997637992219 -2.30116190706e-07
0.0599484250319 8.788 0.997710110404 -2.32516767211e-07
0.0599484250319 8.889 0.997779312149 -2.34917194469e-07
0.0599484250319 8.99 0.997845755933 -2.37317562746e-07
0.0599484250319 9.091 0.99790961499 -2.39718165719e-07
0.0599484250319 9.192 0.997970934094 -2.42118370552e-07
0.0599484250319 9.293 0.998029909961 -2.44518773421e-07
0.0599484250319 9.394 0.99808663217 -2.46919193912e-07
0.0599484250319 9.495 0.998141181038 -2.49319404089e-07
0.0599484250319 9.596 0.998193706893 -2.51719838215e-07
0.0599484250319 9.697 0.998244255599 -2.54120054939e-07
0.0599484250319 9.798 0.998292945473 -2.56520309267e-07
0.0599484250319 9.899 0.998339871655 -2.58920719332e-07
0.0599484250319 10.0 0.998385068302 -2.61320801271e-07
0.0657933224658 0.001 0.594117822672 -2.63351331195e-08
0.0657933224658 0.102 0.618148090092 -2.81188408108e-08
0.0657933224658 0.203 0.643498594205 -2.99889864219e-08
0.0657933224658 0.304 0.669457687616 -3.19533431733e-08
0.0657933224658 0.405 0.695354703521 -3.40064968605e-08
0.0657933224658 0.506 0.720631459963 -3.61373262868e-08
0.0657933224658 0.607 0.744837162286 -3.83323881103e-08
0.0657933224658 0.708 0.76766876122 -4.05794855169e-08
0.0657933224658 0.809 0.788928409727 -4.28675084479e-08
0.0657933224658 0.91 0.808513007314 -4.51867003093e-08
0.0657933224658 1.011 0.826418836071 -4.75302121716e-08
0.0657933224658 1.112 0.842687576314 -4.98921796682e-08
0.0657933224658 1.213 0.85739291161 -5.22676980811e-08
0.0657933224658 1.314 0.870639908956 -5.46532901465e-08
0.0657933224658 1.415 0.882551634997 -5.70467503688e-08
0.0657933224658 1.516 0.893239997618 -5.94456213398e-08
0.0657933224658 1.617 0.902815771519 -6.18478124188e-08
0.0657933224658 1.718 0.91140688835 -6.4253356927e-08
0.0657933224658 1.819 0.919114024271 -6.66612077249e-08
0.0657933224658 1.92 0.926015681091 -6.90690778692e-08
0.0657933224658 2.021 0.9322180361 -7.14782639501e-08
0.0657933224658 2.122 0.937795221983 -7.38880761861e-08
0.0657933224658 2.223 0.942815209621 -7.62980908899e-08
0.0657933224658 2.324 0.947339723252 -7.87080709255e-08
0.0657933224658 2.425 0.951424362918 -8.11179712476e-08
0.0657933224658 2.526 0.95511887783 -8.35278862262e-08
0.0657933224658 2.627 0.958467539217 -8.59380799916e-08
0.0657933224658 2.728 0.961497385077 -8.83465078806e-08
0.0657933224658 2.829 0.964250838954 -9.07546424193e-08
0.0657933224658 2.93 0.966762839621 -9.3163802705e-08
0.0657933224658 3.031 0.969046823598 -9.55711707222e-08
0.0657933224658 3.132 0.971134616107 -9.79787458655e-08
0.0657933224658 3.233 0.973044511872 -1.00386143088e-07
0.0657933224658 3.334 0.974792886805 -1.02792823836e-07
0.0657933224658 3.435 0.976398515648 -1.05199747444e-07
0.0657933224658 3.536 0.977871600221 -1.0760553423e-07
0.0657933224658 3.637 0.979230626945 -1.10012405669e-07
0.0657933224658 3.738 0.980478437506 -1.12417049776e-07
0.0657933224658 3.839 0.981633168053 -1.14822851519e-07
0.0657933224658 3.94 0.982699807463 -1.17228191153e-07
0.0657933224658 4.041 0.983685277771 -1.19632442424e-07
0.0657933224658 4.142 0.9845993363 -1.22036963305e-07
0.0657933224658 4.243 0.985447654933 -1.24441423317e-07
0.0657933224658 4.344 0.986235652678 -1.26845655099e-07
0.0657933224658 4.445 0.986968400631 -1.29249601685e-07
0.0657933224658 4.546 0.98765057572 -1.3165325137e-07
0.0657933224658 4.647 0.988286450339 -1.34056659535e-07
0.0657933224658 4.748 0.988879904759 -1.36459901802e-07
0.0657933224658 4.849 0.989434451794 -1.38863057274e-07
0.0657933224658 4.95 0.989953266919 -1.41266217168e-07
0.0657933224658 5.051 0.990439106943 -1.43669349282e-07
0.0657933224658 5.152 0.990893835304 -1.46071687404e-07
0.0657933224658 5.253 0.991320713554 -1.48474234788e-07
0.0657933224658 5.354 0.991721871919 -1.50877071452e-07
0.0657933224658 5.455 0.992098310931 -1.5327901417e-07
0.0657933224658 5.556 0.992452786503 -1.55681342282e-07
0.0657933224658 5.657 0.992786453309 -1.58083442706e-07
0.0657933224658 5.758 0.993100840255 -1.6048538498e-07
0.0657933224658 5.859 0.99339745334 -1.62887418514e-07
0.0657933224658 5.96 0.993677278638 -1.65289112969e-07
0.0657933224658 6.061 0.993941736068 -1.676909614e-07
0.0657933224658 6.162 0.994191639015 -1.70092529483e-07
0.0657933224658 6.263 0.994428118566 -1.72494136851e-07
0.0657933224658 6.364 0.994652006765 -1.74895676001e-07
0.0657933224658 6.465 0.9948640705 -1.77297017845e-07
0.0657933224658 6.566 0.995065249401 -1.79698600498e-07
0.0657933224658 6.667 0.995255939207 -1.82099670028e-07
0.0657933224658 6.768 0.995437126985 -1.8450109435e-07
0.0657933224658 6.869 0.995609137981 -1.86902146106e-07
0.0657933224658 6.97 0.995772696149 -1.89303285401e-07
0.0657933224658 7.071 0.995928301431 -1.91704486823e-07
0.0657933224658 7.172 0.996076309764 -1.94105350616e-07
0.0657933224658 7.273 0.996217360411 -1.96506520003e-07
0.0657933224658 7.374 0.996351665722 -1.98907306254e-07
0.0657933224658 7.475 0.996479755088 -2.0130821847e-07
0.0657933224658 7.576 0.996601960918 -2.03709175185e-07
0.0657933224658 7.677 0.996718536764 -2.06109838426e-07
0.0657933224658 7.778 0.99682993348 -2.08510793589e-07
0.0657933224658 7.879 0.996936291582 -2.10911390896e-07
0.0657933224658 7.98 0.997037993377 -2.1331211214e-07
0.0657933224658 8.081 0.99713527519 -2.15712886812e-07
0.0657933224658 8.182 0.9972283092 -2.1811338171e-07
0.0657933224658 8.283 0.997317424338 -2.20514145999e-07
0.0657933224658 8.384 0.997402726471 -2.22914619474e-07
0.0657933224658 8.485 0.997484476103 -2.25315162006e-07
0.0657933224658 8.586 0.997562865962 -2.27715839261e-07
0.0657933224658 8.687 0.997637992219 -2.30116165864e-07
0.0657933224658 8.788 0.997710110404 -2.32516743983e-07
0.0657933224658 8.889 0.997779312149 -2.34917169102e-07
0.0657933224658 8.99 0.997845755933 -2.37317537162e-07
0.0657933224658 9.091 0.99790961499 -2.39718140192e-07
0.0657933224658 9.192 0.997970934094 -2.42118343382e-07
0.0657933224658 9.293 0.998029909961 -2.4451874641e-07
0.0657933224658 9.394 0.99808663217 -2.46919166042e-07
0.0657933224658 9.495 0.998141181038 -2.49319375113e-07
0.0657933224658 9.596 0.998193706893 -2.5171980958e-07
0.0657933224658 9.697 0.998244255599 -2.54120024055e-07
0.0657933224658 9.798 0.998292945473 -2.56520279571e-07
0.0657933224658 9.899 0.998339871655 -2.58920686692e-07
0.0657933224658 10.0 0.998385068302 -2.61320770223e-07
0.0722080901839 0.001 0.594117822266 -2.63353061919e-08
0.0722080901839 0.102 0.6181480892 -2.81189247456e-08
0.0722080901839 0.203 0.643498594018 -2.99890545536e-08
0.0722080901839 0.304 0.669457687513 -3.19534569127e-08
0.0722080901839 0.405 0.695354703463 -3.40065278317e-08
0.0722080901839 0.506 0.72063145956 -3.61373433655e-08
0.0722080901839 0.607 0.744837162914 -3.83323888227e-08
0.0722080901839 0.708 0.767668762243 -4.05794859736e-08
0.0722080901839 0.809 0.78892840956 -4.28674836123e-08
0.0722080901839 0.91 0.808513007609 -4.51867072485e-08
0.0722080901839 1.011 0.826418836687 -4.7530227321e-08
0.0722080901839 1.112 0.842687576121 -4.98921759205e-08
0.0722080901839 1.213 0.857392912026 -5.2267692499e-08
0.0722080901839 1.314 0.870639909581 -5.46532833308e-08
0.0722080901839 1.415 0.882551635052 -5.70467402067e-08
0.0722080901839 1.516 0.893239997524 -5.94456058864e-08
0.0722080901839 1.617 0.902815771871 -6.18477966787e-08
0.0722080901839 1.718 0.911406888417 -6.42533416784e-08
0.0722080901839 1.819 0.919114024344 -6.66611872498e-08
0.0722080901839 1.92 0.926015681201 -6.90690622943e-08
0.0722080901839 2.021 0.932218036237 -7.1478253588e-08
0.0722080901839 2.122 0.93779522195 -7.38880670427e-08
0.0722080901839 2.223 0.942815209836 -7.62980823099e-08
0.0722080901839 2.324 0.947339723322 -7.87080592158e-08
0.0722080901839 2.425 0.951424362805 -8.11179591708e-08
0.0722080901839 2.526 0.955118877724 -8.35278807246e-08
0.0722080901839 2.627 0.958467539199 -8.59380789612e-08
0.0722080901839 2.728 0.961497385137 -8.83464969514e-08
0.0722080901839 2.829 0.964250838963 -9.07546341499e-08
0.0722080901839 2.93 0.966762839675 -9.31637871177e-08
0.0722080901839 3.031 0.969046823531 -9.55711563925e-08
0.0722080901839 3.132 0.971134616049 -9.79787404418e-08
0.0722080901839 3.233 0.973044511871 -1.00386132057e-07
0.0722080901839 3.334 0.974792886808 -1.02792814217e-07
0.0722080901839 3.435 0.976398515645 -1.05199741014e-07
0.0722080901839 3.536 0.977871600234 -1.07605516898e-07
0.0722080901839 3.637 0.97923062695 -1.10012402364e-07
0.0722080901839 3.738 0.980478437502 -1.12417043878e-07
0.0722080901839 3.839 0.981633168053 -1.14822842717e-07
0.0722080901839 3.94 0.982699807464 -1.17228184096e-07
0.0722080901839 4.041 0.983685277767 -1.19632433802e-07
0.0722080901839 4.142 0.984599336296 -1.22036947581e-07
0.0722080901839 4.243 0.985447654939 -1.24441408635e-07
0.0722080901839 4.344 0.986235652677 -1.26845649912e-07
0.0722080901839 4.445 0.986968400631 -1.29249591403e-07
0.0722080901839 4.546 0.98765057572 -1.31653240076e-07
0.0722080901839 4.647 0.988286450336 -1.34056652514e-07
0.0722080901839 4.748 0.988879904764 -1.36459892944e-07
0.0722080901839 4.849 0.989434451797 -1.38863045364e-07
0.0722080901839 4.95 0.989953266916 -1.41266203049e-07
0.0722080901839 5.051 0.990439106944 -1.43669334978e-07
0.0722080901839 5.152 0.990893835304 -1.46071676749e-07
0.0722080901839 5.253 0.991320713553 -1.48474224499e-07
0.0722080901839 5.354 0.991721871919 -1.50877061911e-07
0.0722080901839 5.455 0.992098310929 -1.53279004069e-07
0.0722080901839 5.556 0.992452786502 -1.55681329827e-07
0.0722080901839 5.657 0.992786453309 -1.58083430627e-07
0.0722080901839 5.758 0.993100840254 -1.60485372611e-07
0.0722080901839 5.859 0.993397453341 -1.62887404106e-07
0.0722080901839 5.96 0.993677278639 -1.652891018e-07
0.0722080901839 6.061 0.993941736068 -1.67690949055e-07
0.0722080901839 6.162 0.994191639016 -1.70092518002e-07
0.0722080901839 6.263 0.994428118566 -1.72494124615e-07
0.0722080901839 6.364 0.994652006765 -1.74895663076e-07
0.0722080901839 6.465 0.994864070499 -1.77297005222e-07
0.0722080901839 6.566 0.995065249401 -1.79698587592e-07
0.0722080901839 6.667 0.995255939206 -1.82099657908e-07
0.0722080901839 6.768 0.995437126985 -1.84501084758e-07
0.0722080901839 6.869 0.995609137981 -1.86902135583e-07
0.0722080901839 6.97 0.99577269615 -1.89303272973e-07
0.0722080901839 7.071 0.995928301431 -1.91704472581e-07
0.0722080901839 7.172 0.996076309764 -1.94105334826e-07
0.0722080901839 7.273 0.996217360411 -1.9650650418e-07
0.0722080901839 7.374 0.996351665721 -1.98907291814e-07
0.0722080901839 7.475 0.996479755088 -2.01308203722e-07
0.0722080901839 7.576 0.996601960918 -2.03709159379e-07
0.0722080901839 7.677 0.996718536764 -2.06109823437e-07
0.0722080901839 7.778 0.99682993348 -2.08510778587e-07
0.0722080901839 7.879 0.996936291582 -2.10911372904e-07
0.0722080901839 7.98 0.997037993377 -2.13312094355e-07
0.0722080901839 8.081 0.99713527519 -2.15712872561e-07
0.0722080901839 8.182 0.9972283092 -2.18113364393e-07
0.0722080901839 8.283 0.997317424338 -2.20514124929e-07
0.0722080901839 8.384 0.997402726471 -2.22914602325e-07
0.0722080901839 8.485 0.997484476103 -2.25315144105e-07
0.0722080901839 8.586 0.997562865962 -2.27715817665e-07
0.0722080901839 8.687 0.997637992219 -2.30116146922e-07
0.0722080901839 8.788 0.997710110404 -2.32516724167e-07
0.0722080901839 8.889 0.997779312149 -2.34917147884e-07
0.0722080901839 8.99 0.997845755933 -2.37317516186e-07
0.0722080901839 9.091 0.99790961499 -2.39718118728e-07
0.0722080901839 9.192 0.997970934094 -2.42118321613e-07
0.0722080901839 9.293 0.998029909961 -2.44518722814e-07
0.0722080901839 9.394 0.99808663217 -2.46919144446e-07
0.0722080901839 9.495 0.998141181038 -2.4931935013e-07
0.0722080901839 9.596 0.998193706893 -2.51719786366e-07
0.0722080901839 9.697 0.998244255599 -2.54119999209e-07
0.0722080901839 9.798 0.998292945473 -2.56520253598e-07
0.0722080901839 9.899 0.998339871655 -2.58920662235e-07
0.0722080901839 10.0 0.998385068302 -2.61320742022e-07
0.0792482898354 0.001 0.594117822576 -2.63354003627e-08
0.0792482898354 0.102 0.618148090231 -2.81191007283e-08
0.0792482898354 0.203 0.643498593891 -2.998910871e-08
0.0792482898354 0.304 0.669457687576 -3.19534491547e-08
0.0792482898354 0.405 0.695354702816 -3.40065635787e-08
0.0792482898354 0.506 0.720631460353 -3.61373656487e-08
0.0792482898354 0.607 0.744837162762 -3.83323993396e-08
0.0792482898354 0.708 0.767668760438 -4.05795262855e-08
0.0792482898354 0.809 0.788928408918 -4.28674828083e-08
0.0792482898354 0.91 0.808513006058 -4.51867134721e-08
0.0792482898354 1.011 0.826418836897 -4.75302156681e-08
0.0792482898354 1.112 0.842687576133 -4.98921667464e-08
0.0792482898354 1.213 0.857392912155 -5.22676888827e-08
0.0792482898354 1.314 0.870639909867 -5.46532781053e-08
0.0792482898354 1.415 0.88255163538 -5.70467275147e-08
0.0792482898354 1.516 0.893239997748 -5.94456055151e-08
0.0792482898354 1.617 0.902815771947 -6.18477867297e-08
0.0792482898354 1.718 0.911406888303 -6.42533271189e-08
0.0792482898354 1.819 0.919114024262 -6.6661187564e-08
0.0792482898354 1.92 0.926015681096 -6.9069059033e-08
0.0792482898354 2.021 0.932218036139 -7.14782414628e-08
0.0792482898354 2.122 0.937795221884 -7.38880586293e-08
0.0792482898354 2.223 0.942815209894 -7.62980775987e-08
0.0792482898354 2.324 0.947339723352 -7.87080467133e-08
0.0792482898354 2.425 0.95142436285 -8.11179547588e-08
0.0792482898354 2.526 0.955118877824 -8.35278670594e-08
0.0792482898354 2.627 0.958467539209 -8.59380639939e-08
0.0792482898354 2.728 0.961497385124 -8.83464888989e-08
0.0792482898354 2.829 0.964250838923 -9.07546235594e-08
0.0792482898354 2.93 0.966762839641 -9.31637870115e-08
0.0792482898354 3.031 0.969046823569 -9.55711508504e-08
0.0792482898354 3.132 0.971134616085 -9.797873084e-08
0.0792482898354 3.233 0.973044511879 -1.00386124852e-07
0.0792482898354 3.334 0.974792886827 -1.02792806704e-07
0.0792482898354 3.435 0.976398515633 -1.05199728577e-07
0.0792482898354 3.536 0.977871600211 -1.07605512203e-07
0.0792482898354 3.637 0.979230626952 -1.10012394363e-07
0.0792482898354 3.738 0.980478437504 -1.12417034316e-07
0.0792482898354 3.839 0.981633168055 -1.14822840775e-07
0.0792482898354 3.94 0.98269980746 -1.17228181496e-07
0.0792482898354 4.041 0.983685277761 -1.19632426812e-07
0.0792482898354 4.142 0.984599336298 -1.22036940745e-07
0.0792482898354 4.243 0.985447654938 -1.24441403227e-07
0.0792482898354 4.344 0.986235652676 -1.26845641513e-07
0.0792482898354 4.445 0.986968400632 -1.29249585681e-07
0.0792482898354 4.546 0.987650575717 -1.31653231644e-07
0.0792482898354 4.647 0.988286450341 -1.34056644438e-07
0.0792482898354 4.748 0.98887990476 -1.36459882628e-07
0.0792482898354 4.849 0.989434451797 -1.38863040443e-07
0.0792482898354 4.95 0.989953266917 -1.41266194384e-07
0.0792482898354 5.051 0.990439106944 -1.43669326649e-07
0.0792482898354 5.152 0.990893835304 -1.46071669513e-07
0.0792482898354 5.253 0.991320713556 -1.48474218191e-07
0.0792482898354 5.354 0.991721871919 -1.50877058336e-07
0.0792482898354 5.455 0.992098310929 -1.53278996444e-07
0.0792482898354 5.556 0.992452786502 -1.55681322518e-07
0.0792482898354 5.657 0.992786453309 -1.58083423203e-07
0.0792482898354 5.758 0.993100840254 -1.60485363115e-07
0.0792482898354 5.859 0.993397453341 -1.62887394379e-07
0.0792482898354 5.96 0.993677278639 -1.65289092583e-07
0.0792482898354 6.061 0.993941736068 -1.67690940242e-07
0.0792482898354 6.162 0.994191639015 -1.7009250708e-07
0.0792482898354 6.263 0.994428118566 -1.72494113477e-07
0.0792482898354 6.364 0.994652006764 -1.74895651123e-07
0.0792482898354 6.465 0.9948640705 -1.7729699365e-07
0.0792482898354 6.566 0.995065249401 -1.79698575312e-07
0.0792482898354 6.667 0.995255939206 -1.82099646658e-07
0.0792482898354 6.768 0.995437126985 -1.84501072207e-07
0.0792482898354 6.869 0.995609137981 -1.86902123749e-07
0.0792482898354 6.97 0.99577269615 -1.89303260912e-07
0.0792482898354 7.071 0.995928301431 -1.9170446073e-07
0.0792482898354 7.172 0.996076309764 -1.94105323444e-07
0.0792482898354 7.273 0.996217360411 -1.96506493202e-07
0.0792482898354 7.374 0.996351665722 -1.98907280155e-07
0.0792482898354 7.475 0.996479755089 -2.01308190187e-07
0.0792482898354 7.576 0.996601960918 -2.03709144147e-07
0.0792482898354 7.677 0.996718536764 -2.06109809428e-07
0.0792482898354 7.778 0.99682993348 -2.08510766912e-07
0.0792482898354 7.879 0.996936291582 -2.1091136153e-07
0.0792482898354 7.98 0.997037993377 -2.13312080703e-07
0.0792482898354 8.081 0.99713527519 -2.15712856148e-07
0.0792482898354 8.182 0.9972283092 -2.18113348885e-07
0.0792482898354 8.283 0.997317424338 -2.20514111253e-07
0.0792482898354 8.384 0.997402726471 -2.22914587688e-07
0.0792482898354 8.485 0.997484476103 -2.25315128092e-07
0.0792482898354 8.586 0.997562865962 -2.27715801781e-07
0.0792482898354 8.687 0.997637992219 -2.30116130231e-07
0.0792482898354 8.788 0.997710110404 -2.32516707024e-07
0.0792482898354 8.889 0.997779312149 -2.34917132106e-07
0.0792482898354 8.99 0.997845755934 -2.37317498273e-07
0.0792482898354 9.091 0.99790961499 -2.39718098953e-07
0.0792482898354 9.192 0.997970934094 -2.4211830494e-07
0.0792482898354 9.293 0.998029909961 -2.44518703506e-07
0.0792482898354 9.394 0.99808663217 -2.46919123467e-07
0.0792482898354 9.495 0.998141181038 -2.49319332306e-07
0.0792482898354 9.596 0.998193706894 -2.51719764736e-07
0.0792482898354 9.697 0.998244255599 -2.54119978465e-07
0.0792482898354 9.798 0.998292945473 -2.56520233392e-07
0.0792482898354 9.899 0.998339871655 -2.58920639176e-07
0.0792482898354 10.0 0.998385068302 -2.61320720857e-07
0.0869749002618 0.001 0.594117823204 -2.63354318664e-08
0.0869749002618 0.102 0.618148090028 -2.81191152027e-08
0.0869749002618 0.203 0.643498593863 -2.99891805231e-08
0.0869749002618 0.304 0.669457687481 -3.19535150067e-08
0.0869749002618 0.405 0.695354702859 -3.40065484726e-08
0.0869749002618 0.506 0.720631460094 -3.61373731768e-08
0.0869749002618 0.607 0.744837161111 -3.83324023422e-08
0.0869749002618 0.708 0.767668760429 -4.0579527566e-08
0.0869749002618 0.809 0.788928409983 -4.2867512842e-08
0.0869749002618 0.91 0.808513006437 -4.51867102052e-08
0.0869749002618 1.011 0.826418836209 -4.75302064541e-08
0.0869749002618 1.112 0.842687576459 -4.9892164682e-08
0.0869749002618 1.213 0.857392911921 -5.22676904338e-08
0.0869749002618 1.314 0.87063990969 -5.46532692189e-08
0.0869749002618 1.415 0.882551635201 -5.70467191042e-08
0.0869749002618 1.516 0.893239997643 -5.94455954673e-08
0.0869749002618 1.617 0.902815771814 -6.18477898511e-08
0.0869749002618 1.718 0.911406888306 -6.42533174323e-08
0.0869749002618 1.819 0.919114024304 -6.66611804855e-08
0.0869749002618 1.92 0.92601568107 -6.906904869e-08
0.0869749002618 2.021 0.932218036021 -7.14782432923e-08
0.0869749002618 2.122 0.937795222 -7.38880440265e-08
0.0869749002618 2.223 0.942815209811 -7.62980685407e-08
0.0869749002618 2.324 0.947339723364 -7.87080495622e-08
0.0869749002618 2.425 0.951424362832 -8.11179431684e-08
0.0869749002618 2.526 0.955118877815 -8.35278542622e-08
0.0869749002618 2.627 0.95846753921 -8.5938066255e-08
0.0869749002618 2.728 0.96149738507 -8.83464790642e-08
0.0869749002618 2.829 0.964250838917 -9.07546148616e-08
0.0869749002618 2.93 0.966762839666 -9.316377683e-08
0.0869749002618 3.031 0.969046823562 -9.55711472525e-08
0.0869749002618 3.132 0.971134616104 -9.79787221994e-08
0.0869749002618 3.233 0.973044511848 -1.00386112334e-07
0.0869749002618 3.334 0.974792886815 -1.02792804711e-07
0.0869749002618 3.435 0.976398515625 -1.05199719783e-07
0.0869749002618 3.536 0.977871600216 -1.07605506553e-07
0.0869749002618 3.637 0.979230626949 -1.10012384548e-07
0.0869749002618 3.738 0.980478437522 -1.12417031682e-07
0.0869749002618 3.839 0.981633168056 -1.1482282932e-07
0.0869749002618 3.94 0.982699807465 -1.17228175977e-07
0.0869749002618 4.041 0.983685277765 -1.19632418159e-07
0.0869749002618 4.142 0.9845993363 -1.22036934212e-07
0.0869749002618 4.243 0.985447654938 -1.2444140018e-07
0.0869749002618 4.344 0.986235652675 -1.26845636456e-07
0.0869749002618 4.445 0.986968400633 -1.2924957757e-07
0.0869749002618 4.546 0.987650575717 -1.31653226629e-07
0.0869749002618 4.647 0.988286450339 -1.34056635002e-07
0.0869749002618 4.748 0.988879904763 -1.36459877861e-07
0.0869749002618 4.849 0.989434451792 -1.38863031281e-07
0.0869749002618 4.95 0.989953266918 -1.41266190448e-07
0.0869749002618 5.051 0.990439106944 -1.43669319995e-07
0.0869749002618 5.152 0.990893835306 -1.46071661631e-07
0.0869749002618 5.253 0.991320713555 -1.48474209436e-07
0.0869749002618 5.354 0.991721871919 -1.50877046243e-07
0.0869749002618 5.455 0.992098310929 -1.53278988178e-07
0.0869749002618 5.556 0.992452786501 -1.5568131335e-07
0.0869749002618 5.657 0.992786453309 -1.58083414761e-07
0.0869749002618 5.758 0.993100840254 -1.60485356006e-07
0.0869749002618 5.859 0.99339745334 -1.62887388069e-07
0.0869749002618 5.96 0.993677278638 -1.65289083499e-07
0.0869749002618 6.061 0.993941736069 -1.67690929694e-07
0.0869749002618 6.162 0.994191639016 -1.70092500296e-07
0.0869749002618 6.263 0.994428118566 -1.72494106508e-07
0.0869749002618 6.364 0.994652006764 -1.74895642838e-07
0.0869749002618 6.465 0.9948640705 -1.77296985301e-07
0.0869749002618 6.566 0.995065249401 -1.79698567019e-07
0.0869749002618 6.667 0.995255939207 -1.820996382e-07
0.0869749002618 6.768 0.995437126985 -1.84501065095e-07
0.0869749002618 6.869 0.995609137981 -1.86902114248e-07
0.0869749002618 6.97 0.995772696149 -1.89303252002e-07
0.0869749002618 7.071 0.995928301431 -1.91704449684e-07
0.0869749002618 7.172 0.996076309763 -1.94105313398e-07
0.0869749002618 7.273 0.996217360411 -1.96506482734e-07
0.0869749002618 7.374 0.996351665721 -1.9890726994e-07
0.0869749002618 7.475 0.996479755089 -2.01308179919e-07
0.0869749002618 7.576 0.996601960918 -2.03709133627e-07
0.0869749002618 7.677 0.996718536764 -2.06109798233e-07
0.0869749002618 7.778 0.99682993348 -2.08510753992e-07
0.0869749002618 7.879 0.996936291582 -2.10911348689e-07
0.0869749002618 7.98 0.997037993377 -2.13312068454e-07
0.0869749002618 8.081 0.99713527519 -2.15712844577e-07
0.0869749002618 8.182 0.9972283092 -2.1811333781e-07
0.0869749002618 8.283 0.997317424338 -2.20514099721e-07
0.0869749002618 8.384 0.997402726471 -2.22914574578e-07
0.0869749002618 8.485 0.997484476103 -2.25315114759e-07
0.0869749002618 8.586 0.997562865962 -2.27715789372e-07
0.0869749002618 8.687 0.997637992219 -2.30116117053e-07
0.0869749002618 8.788 0.997710110404 -2.32516691746e-07
0.0869749002618 8.889 0.997779312149 -2.34917117029e-07
0.0869749002618 8.99 0.997845755933 -2.37317485041e-07
0.0869749002618 9.091 0.99790961499 -2.39718084768e-07
0.0869749002618 9.192 0.997970934094 -2.42118288333e-07
0.0869749002618 9.293 0.998029909961 -2.44518687991e-07
0.0869749002618 9.394 0.99808663217 -2.46919108803e-07
0.0869749002618 9.495 0.998141181038 -2.49319315508e-07
0.0869749002618 9.596 0.998193706893 -2.5171974771e-07
0.0869749002618 9.697 0.998244255599 -2.54119961491e-07
0.0869749002618 9.798 0.998292945473 -2.56520215817e-07
0.0869749002618 9.899 0.998339871655 -2.58920621841e-07
0.0869749002618 10.0 0.998385068302 -2.61320701839e-07
0.0954548456662 0.001 0.594117823549 -2.63354637808e-08
0.0954548456662 0.102 0.618148089248 -2.81191904226e-08
0.0954548456662 0.203 0.643498593839 -2.99892335572e-08
0.0954548456662 0.304 0.669457687495 -3.19535345219e-08
0.0954548456662 0.405 0.695354703698 -3.4006583815e-08
0.0954548456662 0.506 0.720631460076 -3.61373765095e-08
0.0954548456662 0.607 0.744837161961 -3.83324088818e-08
0.0954548456662 0.708 0.767668760868 -4.05795269221e-08
0.0954548456662 0.809 0.788928409657 -4.28675107506e-08
0.0954548456662 0.91 0.808513007139 -4.51867127337e-08
0.0954548456662 1.011 0.826418836727 -4.75301928686e-08
0.0954548456662 1.112 0.842687576184 -4.98921584503e-08
0.0954548456662 1.213 0.857392911592 -5.22676900148e-08
0.0954548456662 1.314 0.870639910009 -5.46532693709e-08
0.0954548456662 1.415 0.882551635422 -5.70466967257e-08
0.0954548456662 1.516 0.893239997552 -5.94456049426e-08
0.0954548456662 1.617 0.902815772152 -6.18477828766e-08
0.0954548456662 1.718 0.911406888153 -6.42533156143e-08
0.0954548456662 1.819 0.919114024272 -6.66611903016e-08
0.0954548456662 1.92 0.926015681103 -6.90690305214e-08
0.0954548456662 2.021 0.932218035974 -7.14782384175e-08
0.0954548456662 2.122 0.93779522206 -7.38880304739e-08
0.0954548456662 2.223 0.942815209738 -7.62980617377e-08
0.0954548456662 2.324 0.947339723433 -7.8708030516e-08
0.0954548456662 2.425 0.951424362861 -8.11179434714e-08
0.0954548456662 2.526 0.955118877802 -8.35278551153e-08
0.0954548456662 2.627 0.958467539206 -8.59380616559e-08
0.0954548456662 2.728 0.961497385085 -8.8346473879e-08
0.0954548456662 2.829 0.964250838922 -9.07546212615e-08
0.0954548456662 2.93 0.96676283966 -9.31637755247e-08
0.0954548456662 3.031 0.969046823574 -9.557114612e-08
0.0954548456662 3.132 0.971134616099 -9.79787249136e-08
0.0954548456662 3.233 0.97304451185 -1.00386115358e-07
0.0954548456662 3.334 0.974792886802 -1.02792800294e-07
0.0954548456662 3.435 0.97639851563 -1.05199713202e-07
0.0954548456662 3.536 0.977871600235 -1.07605499829e-07
0.0954548456662 3.637 0.979230626945 -1.10012376053e-07
0.0954548456662 3.738 0.980478437512 -1.1241702539e-07
0.0954548456662 3.839 0.981633168053 -1.14822827155e-07
0.0954548456662 3.94 0.982699807462 -1.17228165479e-07
0.0954548456662 4.041 0.98368527777 -1.19632416567e-07
0.0954548456662 4.142 0.984599336298 -1.22036929679e-07
0.0954548456662 4.243 0.985447654939 -1.2444139429e-07
0.0954548456662 4.344 0.986235652674 -1.26845629523e-07
0.0954548456662 4.445 0.986968400632 -1.29249569308e-07
0.0954548456662 4.546 0.987650575718 -1.31653220105e-07
0.0954548456662 4.647 0.988286450339 -1.34056631441e-07
0.0954548456662 4.748 0.988879904763 -1.36459874025e-07
0.0954548456662 4.849 0.989434451794 -1.38863027823e-07
0.0954548456662 4.95 0.989953266917 -1.41266181387e-07
0.0954548456662 5.051 0.990439106944 -1.4366931808e-07
0.0954548456662 5.152 0.990893835306 -1.46071652448e-07
0.0954548456662 5.253 0.991320713555 -1.48474205668e-07
0.0954548456662 5.354 0.991721871919 -1.50877041185e-07
0.0954548456662 5.455 0.992098310929 -1.53278981104e-07
0.0954548456662 5.556 0.992452786501 -1.5568130762e-07
0.0954548456662 5.657 0.992786453309 -1.5808340931e-07
0.0954548456662 5.758 0.993100840255 -1.60485351143e-07
0.0954548456662 5.859 0.99339745334 -1.62887383114e-07
0.0954548456662 5.96 0.993677278638 -1.65289078079e-07
0.0954548456662 6.061 0.993941736068 -1.67690924907e-07
0.0954548456662 6.162 0.994191639015 -1.70092492927e-07
0.0954548456662 6.263 0.994428118566 -1.72494098956e-07
0.0954548456662 6.364 0.994652006764 -1.74895636643e-07
0.0954548456662 6.465 0.9948640705 -1.77296978646e-07
0.0954548456662 6.566 0.995065249401 -1.79698560298e-07
0.0954548456662 6.667 0.995255939206 -1.82099630619e-07
0.0954548456662 6.768 0.995437126985 -1.84501055906e-07
0.0954548456662 6.869 0.995609137981 -1.86902106765e-07
0.0954548456662 6.97 0.995772696149 -1.89303244088e-07
0.0954548456662 7.071 0.995928301431 -1.9170444213e-07
0.0954548456662 7.172 0.996076309764 -1.9410530567e-07
0.0954548456662 7.273 0.996217360411 -1.9650647613e-07
0.0954548456662 7.374 0.996351665722 -1.98907262726e-07
0.0954548456662 7.475 0.996479755088 -2.01308172759e-07
0.0954548456662 7.576 0.996601960918 -2.03709126196e-07
0.0954548456662 7.677 0.996718536764 -2.06109789792e-07
0.0954548456662 7.778 0.99682993348 -2.08510745584e-07
0.0954548456662 7.879 0.996936291582 -2.10911339263e-07
0.0954548456662 7.98 0.997037993377 -2.13312058824e-07
0.0954548456662 8.081 0.99713527519 -2.15712834091e-07
0.0954548456662 8.182 0.9972283092 -2.18113327314e-07
0.0954548456662 8.283 0.997317424338 -2.20514088567e-07
0.0954548456662 8.384 0.997402726471 -2.22914563293e-07
0.0954548456662 8.485 0.997484476103 -2.25315104148e-07
0.0954548456662 8.586 0.997562865962 -2.27715779232e-07
0.0954548456662 8.687 0.997637992219 -2.30116106731e-07
0.0954548456662 8.788 0.997710110404 -2.325166815e-07
0.0954548456662 8.889 0.997779312149 -2.34917105744e-07
0.0954548456662 8.99 0.997845755933 -2.37317472157e-07
0.0954548456662 9.091 0.99790961499 -2.39718070944e-07
0.0954548456662 9.192 0.997970934094 -2.42118275557e-07
0.0954548456662 9.293 0.998029909961 -2.44518675621e-07
0.0954548456662 9.394 0.99808663217 -2.46919095848e-07
0.0954548456662 9.495 0.998141181038 -2.49319301857e-07
0.0954548456662 9.596 0.998193706893 -2.51719734021e-07
0.0954548456662 9.697 0.998244255599 -2.54119947048e-07
0.0954548456662 9.798 0.998292945473 -2.56520200755e-07
0.0954548456662 9.899 0.998339871655 -2.5892060782e-07
0.0954548456662 10.0 0.998385068302 -2.61320687154e-07
0.104761575279 0.001 0.594117823588 -2.63353533377e-08
0.104761575279 0.102 0.618148093311 -2.81194044881e-08
0.104761575279 0.203 0.643498592038 -2.99894128226e-08
0.104761575279 0.304 0.669457687005 -3.19536849364e-08
0.104761575279 0.405 0.695354714139 -3.40066727857e-08
0.104761575279 0.506 0.720631466794 -3.61373066038e-08
0.104761575279 0.607 0.744837149504 -3.83325577734e-08
0.104761575279 0.708 0.767668755704 -4.05797491456e-08
0.104761575279 0.809 0.788928411131 -4.28673163626e-08
0.104761575279 0.91 0.808513008963 -4.51868221704e-08
0.104761575279 1.011 0.826418836126 -4.75302945167e-08
0.104761575279 1.112 0.842687572553 -4.9891937419e-08
0.104761575279 1.213 0.857392914135 -5.22675375703e-08
0.104761575279 1.314 0.870639910421 -5.46535809231e-08
0.104761575279 1.415 0.882551637944 -5.70463141347e-08
0.104761575279 1.516 0.893239998075 -5.94459545913e-08
0.104761575279 1.617 0.902815777825 -6.18475406186e-08
0.104761575279 1.718 0.91140688481 -6.42533915579e-08
0.104761575279 1.819 0.91911402505 -6.66611828919e-08
0.104761575279 1.92 0.926015679408 -6.90689743704e-08
0.104761575279 2.021 0.932218037237 -7.14783062774e-08
0.104761575279 2.122 0.937795221378 -7.38879672723e-08
0.104761575279 2.223 0.942815210033 -7.62981145412e-08
0.104761575279 2.324 0.947339723341 -7.8707990027e-08
0.104761575279 2.425 0.95142436281 -8.1117965276e-08
0.104761575279 2.526 0.955118877876 -8.35278253107e-08
0.104761575279 2.627 0.958467539181 -8.5938073933e-08
0.104761575279 2.728 0.961497385019 -8.83464490329e-08
0.104761575279 2.829 0.964250838985 -9.07546202024e-08
0.104761575279 2.93 0.96676283964 -9.31637614943e-08
0.104761575279 3.031 0.96904682361 -9.55711303847e-08
0.104761575279 3.132 0.971134616099 -9.79787171786e-08
0.104761575279 3.233 0.973044511858 -1.00386107463e-07
0.104761575279 3.334 0.974792886807 -1.02792797206e-07
0.104761575279 3.435 0.976398515632 -1.05199713003e-07
0.104761575279 3.536 0.97787160023 -1.07605496932e-07
0.104761575279 3.637 0.979230626946 -1.10012374138e-07
0.104761575279 3.738 0.980478437516 -1.12417017902e-07
0.104761575279 3.839 0.981633168044 -1.14822826618e-07
0.104761575279 3.94 0.982699807466 -1.17228163441e-07
0.104761575279 4.041 0.983685277777 -1.19632412833e-07
0.104761575279 4.142 0.984599336303 -1.22036924937e-07
0.104761575279 4.243 0.985447654934 -1.24441389398e-07
0.104761575279 4.344 0.986235652677 -1.26845621261e-07
0.104761575279 4.445 0.986968400633 -1.2924956921e-07
0.104761575279 4.546 0.987650575717 -1.31653217618e-07
0.104761575279 4.647 0.988286450338 -1.34056625338e-07
0.104761575279 4.748 0.988879904763 -1.36459864104e-07
0.104761575279 4.849 0.989434451796 -1.38863020733e-07
0.104761575279 4.95 0.989953266918 -1.41266181677e-07
0.104761575279 5.051 0.990439106944 -1.4366931202e-07
0.104761575279 5.152 0.990893835306 -1.46071647578e-07
0.104761575279 5.253 0.991320713555 -1.48474200599e-07
0.104761575279 5.354 0.991721871919 -1.50877034758e-07
0.104761575279 5.455 0.992098310929 -1.53278979244e-07
0.104761575279 5.556 0.992452786502 -1.5568130129e-07
0.104761575279 5.657 0.992786453309 -1.58083402653e-07
0.104761575279 5.758 0.993100840255 -1.60485346401e-07
0.104761575279 5.859 0.99339745334 -1.62887377914e-07
0.104761575279 5.96 0.993677278639 -1.65289072337e-07
0.104761575279 6.061 0.993941736069 -1.67690917636e-07
0.104761575279 6.162 0.994191639015 -1.70092486709e-07
0.104761575279 6.263 0.994428118566 -1.72494092002e-07
0.104761575279 6.364 0.994652006765 -1.74895631193e-07
0.104761575279 6.465 0.9948640705 -1.77296972721e-07
0.104761575279 6.566 0.995065249401 -1.79698555518e-07
0.104761575279 6.667 0.995255939206 -1.82099624743e-07
0.104761575279 6.768 0.995437126985 -1.84501050142e-07
0.104761575279 6.869 0.995609137981 -1.8690209982e-07
0.104761575279 6.97 0.99577269615 -1.89303236903e-07
0.104761575279 7.071 0.995928301431 -1.91704437519e-07
0.104761575279 7.172 0.996076309763 -1.94105299131e-07
0.104761575279 7.273 0.996217360411 -1.96506468025e-07
0.104761575279 7.374 0.996351665722 -1.9890725535e-07
0.104761575279 7.475 0.996479755089 -2.01308165065e-07
0.104761575279 7.576 0.996601960918 -2.03709119253e-07
0.104761575279 7.677 0.996718536764 -2.06109782259e-07
0.104761575279 7.778 0.99682993348 -2.08510737074e-07
0.104761575279 7.879 0.996936291582 -2.10911331689e-07
0.104761575279 7.98 0.997037993377 -2.13312050545e-07
0.104761575279 8.081 0.99713527519 -2.15712827316e-07
0.104761575279 8.182 0.9972283092 -2.18113319516e-07
0.104761575279 8.283 0.997317424338 -2.20514081158e-07
0.104761575279 8.384 0.997402726471 -2.22914555438e-07
0.104761575279 8.485 0.997484476103 -2.25315095341e-07
0.104761575279 8.586 0.997562865962 -2.2771577026e-07
0.104761575279 8.687 0.997637992219 -2.30116097157e-07
0.104761575279 8.788 0.997710110404 -2.32516671872e-07
0.104761575279 8.889 0.997779312149 -2.34917096132e-07
0.104761575279 8.99 0.997845755933 -2.37317462882e-07
0.104761575279 9.091 0.99790961499 -2.39718062542e-07
0.104761575279 9.192 0.997970934094 -2.42118265854e-07
0.104761575279 9.293 0.998029909961 -2.4451866436e-07
0.104761575279 9.394 0.99808663217 -2.46919083423e-07
0.104761575279 9.495 0.998141181038 -2.49319289734e-07
0.104761575279 9.596 0.998193706893 -2.51719722489e-07
0.104761575279 9.697 0.998244255599 -2.54119935769e-07
0.104761575279 9.798 0.998292945473 -2.56520189034e-07
0.104761575279 9.899 0.998339871655 -2.58920595634e-07
0.104761575279 10.0 0.998385068302 -2.61320674578e-07
0.11497569954 0.001 0.594117824898 -2.63353751742e-08
0.11497569954 0.102 0.618148101151 -2.8119346006e-08
0.11497569954 0.203 0.643498596942 -2.99890871277e-08
0.11497569954 0.304 0.669457683926 -3.19540195837e-08
0.11497569954 0.405 0.695354726707 -3.40068750661e-08
0.11497569954 0.506 0.720631449505 -3.61375601332e-08
0.11497569954 0.607 0.744837161484 -3.83326482545e-08
0.11497569954 0.708 0.767668760723 -4.05797630731e-08
0.11497569954 0.809 0.788928408977 -4.28677190567e-08
0.11497569954 0.91 0.80851302371 -4.51864673782e-08
0.11497569954 1.011 0.826418822799 -4.75300740083e-08
0.11497569954 1.112 0.842687577826 -4.98923469314e-08
0.11497569954 1.213 0.857392914302 -5.22676053781e-08
0.11497569954 1.314 0.870639905543 -5.46532123049e-08
0.11497569954 1.415 0.88255163393 -5.70467773962e-08
0.11497569954 1.516 0.89323999752 -5.94455381173e-08
0.11497569954 1.617 0.902815770931 -6.18477627166e-08
0.11497569954 1.718 0.91140688894 -6.4253335926e-08
0.11497569954 1.819 0.919114024344 -6.66611318352e-08
0.11497569954 1.92 0.926015680818 -6.90690600778e-08
0.11497569954 2.021 0.9322180364 -7.14782084404e-08
0.11497569954 2.122 0.937795222235 -7.38880561563e-08
0.11497569954 2.223 0.94281521046 -7.62980473006e-08
0.11497569954 2.324 0.947339723726 -7.87080394713e-08
0.11497569954 2.425 0.951424363227 -8.11179098075e-08
0.11497569954 2.526 0.955118877637 -8.35278573583e-08
0.11497569954 2.627 0.958467539191 -8.59380451023e-08
0.11497569954 2.728 0.96149738523 -8.83464825597e-08
0.11497569954 2.829 0.964250838929 -9.07545945884e-08
0.11497569954 2.93 0.966762839688 -9.31637655816e-08
0.11497569954 3.031 0.969046823473 -9.5571125236e-08
0.11497569954 3.132 0.971134616243 -9.79787080752e-08
0.11497569954 3.233 0.973044511731 -1.00386091978e-07
0.11497569954 3.334 0.974792886911 -1.02792778805e-07
0.11497569954 3.435 0.976398515643 -1.05199733831e-07
0.11497569954 3.536 0.977871600206 -1.07605497771e-07
0.11497569954 3.637 0.979230626946 -1.10012367494e-07
0.11497569954 3.738 0.980478437522 -1.12417023952e-07
0.11497569954 3.839 0.981633168039 -1.14822828822e-07
0.11497569954 3.94 0.982699807459 -1.17228148817e-07
0.11497569954 4.041 0.983685277759 -1.19632408766e-07
0.11497569954 4.142 0.984599336299 -1.2203692277e-07
0.11497569954 4.243 0.985447654935 -1.24441384226e-07
0.11497569954 4.344 0.986235652674 -1.26845621342e-07
0.11497569954 4.445 0.986968400633 -1.29249560729e-07
0.11497569954 4.546 0.987650575719 -1.31653214814e-07
0.11497569954 4.647 0.988286450337 -1.34056623102e-07
0.11497569954 4.748 0.988879904763 -1.36459860296e-07
0.11497569954 4.849 0.989434451795 -1.38863018001e-07
0.11497569954 4.95 0.989953266917 -1.41266176499e-07
0.11497569954 5.051 0.990439106944 -1.43669306105e-07
0.11497569954 5.152 0.990893835306 -1.46071645464e-07
0.11497569954 5.253 0.991320713555 -1.48474193819e-07
0.11497569954 5.354 0.991721871919 -1.50877032491e-07
0.11497569954 5.455 0.992098310929 -1.53278974143e-07
0.11497569954 5.556 0.992452786502 -1.55681297609e-07
0.11497569954 5.657 0.992786453309 -1.58083399928e-07
0.11497569954 5.758 0.993100840255 -1.60485340139e-07
0.11497569954 5.859 0.99339745334 -1.62887372156e-07
0.11497569954 5.96 0.993677278638 -1.65289069056e-07
0.11497569954 6.061 0.993941736069 -1.67690914519e-07
0.11497569954 6.162 0.994191639015 -1.70092481842e-07
0.11497569954 6.263 0.994428118566 -1.72494087144e-07
0.11497569954 6.364 0.994652006764 -1.74895625248e-07
0.11497569954 6.465 0.994864070499 -1.77296967911e-07
0.11497569954 6.566 0.995065249401 -1.79698548271e-07
0.11497569954 6.667 0.995255939206 -1.82099619142e-07
0.11497569954 6.768 0.995437126985 -1.84501043574e-07
0.11497569954 6.869 0.995609137981 -1.8690209446e-07
0.11497569954 6.97 0.99577269615 -1.89303231395e-07
0.11497569954 7.071 0.995928301431 -1.91704431713e-07
0.11497569954 7.172 0.996076309764 -1.94105293691e-07
0.11497569954 7.273 0.996217360411 -1.96506463884e-07
0.11497569954 7.374 0.996351665721 -1.98907248989e-07
0.11497569954 7.475 0.996479755089 -2.01308158509e-07
0.11497569954 7.576 0.996601960918 -2.03709113296e-07
0.11497569954 7.677 0.996718536764 -2.0610977612e-07
0.11497569954 7.778 0.99682993348 -2.08510731092e-07
0.11497569954 7.879 0.996936291582 -2.10911325673e-07
0.11497569954 7.98 0.997037993377 -2.13312044578e-07
0.11497569954 8.081 0.99713527519 -2.1571282007e-07
0.11497569954 8.182 0.9972283092 -2.18113312278e-07
0.11497569954 8.283 0.997317424338 -2.20514072849e-07
0.11497569954 8.384 0.997402726471 -2.22914547684e-07
0.11497569954 8.485 0.997484476103 -2.25315087435e-07
0.11497569954 8.586 0.997562865962 -2.27715761888e-07
0.11497569954 8.687 0.997637992219 -2.30116088952e-07
0.11497569954 8.788 0.997710110404 -2.32516663015e-07
0.11497569954 8.889 0.997779312149 -2.34917086992e-07
0.11497569954 8.99 0.997845755933 -2.37317453935e-07
0.11497569954 9.091 0.99790961499 -2.39718052709e-07
0.11497569954 9.192 0.997970934094 -2.42118256667e-07
0.11497569954 9.293 0.998029909961 -2.44518655393e-07
0.11497569954 9.394 0.99808663217 -2.46919074522e-07
0.11497569954 9.495 0.998141181038 -2.49319280696e-07
0.11497569954 9.596 0.998193706893 -2.51719712913e-07
0.11497569954 9.697 0.998244255599 -2.54119925639e-07
0.11497569954 9.798 0.998292945473 -2.56520178218e-07
0.11497569954 9.899 0.998339871655 -2.58920584175e-07
0.11497569954 10.0 0.998385068302 -2.61320664069e-07
0.126185688307 0.001 0.594117825876 -2.63351469752e-08
0.126185688307 0.102 0.618148063069 -2.81191755681e-08
0.126185688307 0.203 0.643498591697 -2.99894327783e-08
0.126185688307 0.304 0.669457684937 -3.19539175996e-08
0.126185688307 0.405 0.695354690192 -3.40066653865e-08
0.126185688307 0.506 0.720631460509 -3.61373406789e-08
0.126185688307 0.607 0.744837150126 -3.833231497e-08
0.126185688307 0.708 0.767668772503 -4.05796053136e-08
0.126185688307 0.809 0.788928407827 -4.28672558082e-08
0.126185688307 0.91 0.808513002441 -4.51866503678e-08
0.126185688307 1.011 0.826418833533 -4.75302496819e-08
0.126185688307 1.112 0.842687578784 -4.98922093207e-08
0.126185688307 1.213 0.857392912926 -5.22676430025e-08
0.126185688307 1.314 0.870639907744 -5.46532404289e-08
0.126185688307 1.415 0.882551634663 -5.704674112e-08
0.126185688307 1.516 0.893239997845 -5.94455699287e-08
0.126185688307 1.617 0.902815771328 -6.18477719806e-08
0.126185688307 1.718 0.911406888941 -6.42533199632e-08
0.126185688307 1.819 0.919114024365 -6.66611255335e-08
0.126185688307 1.92 0.926015680738 -6.90690548472e-08
0.126185688307 2.021 0.932218036388 -7.14782080087e-08
0.126185688307 2.122 0.937795221761 -7.38880366134e-08
0.126185688307 2.223 0.942815209911 -7.62980474319e-08
0.126185688307 2.324 0.947339723292 -7.87080269799e-08
0.126185688307 2.425 0.951424362925 -8.11179240456e-08
0.126185688307 2.526 0.955118877781 -8.35278461464e-08
0.126185688307 2.627 0.958467539204 -8.59380379137e-08
0.126185688307 2.728 0.961497385161 -8.83464685358e-08
0.126185688307 2.829 0.964250838833 -9.07545945e-08
0.126185688307 2.93 0.966762839636 -9.31637707309e-08
0.126185688307 3.031 0.969046823537 -9.55711206227e-08
0.126185688307 3.132 0.97113461608 -9.79787103437e-08
0.126185688307 3.233 0.973044511875 -1.00386102446e-07
0.126185688307 3.334 0.974792886849 -1.02792778873e-07
0.126185688307 3.435 0.976398515621 -1.05199702027e-07
0.126185688307 3.536 0.97787160023 -1.07605495822e-07
0.126185688307 3.637 0.979230626944 -1.10012368975e-07
0.126185688307 3.738 0.980478437504 -1.12417010491e-07
0.126185688307 3.839 0.981633168054 -1.14822809294e-07
0.126185688307 3.94 0.982699807466 -1.17228155708e-07
0.126185688307 4.041 0.98368527777 -1.19632406629e-07
0.126185688307 4.142 0.984599336297 -1.22036917715e-07
0.126185688307 4.243 0.985447654929 -1.24441383092e-07
0.126185688307 4.344 0.986235652673 -1.26845619919e-07
0.126185688307 4.445 0.98696840064 -1.29249554707e-07
0.126185688307 4.546 0.987650575716 -1.31653206412e-07
0.126185688307 4.647 0.988286450338 -1.34056625015e-07
0.126185688307 4.748 0.988879904761 -1.36459855881e-07
0.126185688307 4.849 0.989434451796 -1.38863014676e-07
0.126185688307 4.95 0.989953266917 -1.41266175055e-07
0.126185688307 5.051 0.990439106944 -1.43669302858e-07
0.126185688307 5.152 0.990893835305 -1.46071641831e-07
0.126185688307 5.253 0.991320713555 -1.48474190416e-07
0.126185688307 5.354 0.991721871919 -1.5087702785e-07
0.126185688307 5.455 0.992098310929 -1.5327896833e-07
0.126185688307 5.556 0.992452786502 -1.55681296419e-07
0.126185688307 5.657 0.992786453309 -1.58083396842e-07
0.126185688307 5.758 0.993100840255 -1.60485334622e-07
0.126185688307 5.859 0.99339745334 -1.62887371567e-07
0.126185688307 5.96 0.993677278638 -1.65289062092e-07
0.126185688307 6.061 0.993941736068 -1.67690912261e-07
0.126185688307 6.162 0.994191639016 -1.70092478995e-07
0.126185688307 6.263 0.994428118566 -1.72494082814e-07
0.126185688307 6.364 0.994652006764 -1.74895622781e-07
0.126185688307 6.465 0.9948640705 -1.77296965586e-07
0.126185688307 6.566 0.995065249401 -1.79698546133e-07
0.126185688307 6.667 0.995255939207 -1.82099615085e-07
0.126185688307 6.768 0.995437126985 -1.84501039101e-07
0.126185688307 6.869 0.995609137981 -1.8690208996e-07
0.126185688307 6.97 0.99577269615 -1.89303226646e-07
0.126185688307 7.071 0.995928301431 -1.91704425294e-07
0.126185688307 7.172 0.996076309764 -1.94105288553e-07
0.126185688307 7.273 0.996217360411 -1.96506458048e-07
0.126185688307 7.374 0.996351665722 -1.98907245024e-07
0.126185688307 7.475 0.996479755089 -2.01308154397e-07
0.126185688307 7.576 0.996601960918 -2.03709108157e-07
0.126185688307 7.677 0.996718536764 -2.0610977095e-07
0.126185688307 7.778 0.99682993348 -2.08510725639e-07
0.126185688307 7.879 0.996936291582 -2.10911320257e-07
0.126185688307 7.98 0.997037993377 -2.1331203903e-07
0.126185688307 8.081 0.99713527519 -2.15712814409e-07
0.126185688307 8.182 0.9972283092 -2.1811330654e-07
0.126185688307 8.283 0.997317424338 -2.20514067223e-07
0.126185688307 8.384 0.997402726471 -2.22914541434e-07
0.126185688307 8.485 0.997484476103 -2.2531508109e-07
0.126185688307 8.586 0.997562865962 -2.27715755993e-07
0.126185688307 8.687 0.997637992219 -2.30116082414e-07
0.126185688307 8.788 0.997710110404 -2.3251665597e-07
0.126185688307 8.889 0.997779312149 -2.34917080466e-07
0.126185688307 8.99 0.997845755933 -2.37317447157e-07
0.126185688307 9.091 0.99790961499 -2.39718046938e-07
0.126185688307 9.192 0.997970934094 -2.4211824975e-07
0.126185688307 9.293 0.998029909961 -2.44518648641e-07
0.126185688307 9.394 0.99808663217 -2.46919067037e-07
0.126185688307 9.495 0.998141181038 -2.49319273009e-07
0.126185688307 9.596 0.998193706893 -2.51719705016e-07
0.126185688307 9.697 0.998244255599 -2.5411991744e-07
0.126185688307 9.798 0.998292945473 -2.565201698e-07
0.126185688307 9.899 0.998339871655 -2.58920575206e-07
0.126185688307 10.0 0.998385068302 -2.61320655044e-07
0.138488637139 0.001 0.594117823757 -2.63356756668e-08
0.138488637139 0.102 0.618148074684 -2.8119259396e-08
0.138488637139 0.203 0.64349859404 -2.99893051536e-08
0.138488637139 0.304 0.669457687998 -3.19537760676e-08
0.138488637139 0.405 0.695354699695 -3.40066631661e-08
0.138488637139 0.506 0.720631452207 -3.6138089475e-08
0.138488637139 0.607 0.744837172427 -3.83323701322e-08
0.138488637139 0.708 0.767668765733 -4.05793866612e-08
0.138488637139 0.809 0.788928407436 -4.28674167793e-08
0.138488637139 0.91 0.808513003946 -4.51866923199e-08
0.138488637139 1.011 0.826418834331 -4.75302299355e-08
0.138488637139 1.112 0.842687577857 -4.9892185974e-08
0.138488637139 1.213 0.857392912248 -5.22676409121e-08
0.138488637139 1.314 0.87063990879 -5.46532513346e-08
0.138488637139 1.415 0.882551634796 -5.70467297122e-08
0.138488637139 1.516 0.893239997733 -5.94455448017e-08
0.138488637139 1.617 0.902815771457 -6.18477568834e-08
0.138488637139 1.718 0.911406888723 -6.42533236793e-08
0.138488637139 1.819 0.919114024322 -6.66611484045e-08
0.138488637139 1.92 0.92601568093 -6.90690415858e-08
0.138488637139 2.021 0.932218036116 -7.14782072205e-08
0.138488637139 2.122 0.93779522192 -7.3888032254e-08
0.138488637139 2.223 0.942815209858 -7.62980387263e-08
0.138488637139 2.324 0.947339723331 -7.8708031485e-08
0.138488637139 2.425 0.951424362948 -8.11179274529e-08
0.138488637139 2.526 0.955118877727 -8.35278573558e-08
0.138488637139 2.627 0.958467539213 -8.59380369394e-08
0.138488637139 2.728 0.961497385094 -8.83464578422e-08
0.138488637139 2.829 0.964250838905 -9.07545892387e-08
0.138488637139 2.93 0.96676283967 -9.3163756733e-08
0.138488637139 3.031 0.969046823547 -9.55711256393e-08
0.138488637139 3.132 0.971134616121 -9.79787043161e-08
0.138488637139 3.233 0.973044511839 -1.00386094668e-07
0.138488637139 3.334 0.974792886814 -1.02792780934e-07
0.138488637139 3.435 0.976398515637 -1.05199702393e-07
0.138488637139 3.536 0.977871600214 -1.07605489298e-07
0.138488637139 3.637 0.979230626948 -1.10012366164e-07
0.138488637139 3.738 0.980478437494 -1.1241701241e-07
0.138488637139 3.839 0.981633168053 -1.1482280606e-07
0.138488637139 3.94 0.982699807464 -1.17228149599e-07
0.138488637139 4.041 0.983685277768 -1.19632395087e-07
0.138488637139 4.142 0.984599336302 -1.22036917771e-07
0.138488637139 4.243 0.985447654929 -1.24441379784e-07
0.138488637139 4.344 0.986235652673 -1.26845616974e-07
0.138488637139 4.445 0.986968400634 -1.29249554827e-07
0.138488637139 4.546 0.987650575716 -1.31653208088e-07
0.138488637139 4.647 0.988286450336 -1.34056618985e-07
0.138488637139 4.748 0.988879904764 -1.36459858585e-07
0.138488637139 4.849 0.989434451794 -1.38863008781e-07
0.138488637139 4.95 0.989953266918 -1.41266171144e-07
0.138488637139 5.051 0.990439106944 -1.43669300932e-07
0.138488637139 5.152 0.990893835306 -1.46071639712e-07
0.138488637139 5.253 0.991320713555 -1.48474188689e-07
0.138488637139 5.354 0.991721871919 -1.50877026467e-07
0.138488637139 5.455 0.992098310929 -1.5327896556e-07
0.138488637139 5.556 0.992452786501 -1.5568128862e-07
0.138488637139 5.657 0.99278645331 -1.58083389732e-07
0.138488637139 5.758 0.993100840255 -1.60485337228e-07
0.138488637139 5.859 0.99339745334 -1.62887367593e-07
0.138488637139 5.96 0.993677278638 -1.65289057838e-07
0.138488637139 6.061 0.993941736069 -1.67690910452e-07
0.138488637139 6.162 0.994191639015 -1.70092473348e-07
0.138488637139 6.263 0.994428118566 -1.72494083349e-07
0.138488637139 6.364 0.994652006765 -1.74895617058e-07
0.138488637139 6.465 0.994864070499 -1.77296962337e-07
0.138488637139 6.566 0.995065249401 -1.79698541781e-07
0.138488637139 6.667 0.995255939206 -1.82099610633e-07
0.138488637139 6.768 0.995437126985 -1.84501037537e-07
0.138488637139 6.869 0.995609137981 -1.86902088161e-07
0.138488637139 6.97 0.99577269615 -1.89303224214e-07
0.138488637139 7.071 0.995928301431 -1.91704422532e-07
0.138488637139 7.172 0.996076309764 -1.94105284714e-07
0.138488637139 7.273 0.996217360411 -1.96506453701e-07
0.138488637139 7.374 0.996351665722 -1.98907239984e-07
0.138488637139 7.475 0.996479755089 -2.01308149208e-07
0.138488637139 7.576 0.996601960918 -2.03709102164e-07
0.138488637139 7.677 0.996718536764 -2.06109766208e-07
0.138488637139 7.778 0.99682993348 -2.08510721181e-07
0.138488637139 7.879 0.996936291582 -2.10911315795e-07
0.138488637139 7.98 0.997037993377 -2.1331203437e-07
0.138488637139 8.081 0.99713527519 -2.15712810462e-07
0.138488637139 8.182 0.9972283092 -2.18113301823e-07
0.138488637139 8.283 0.997317424338 -2.20514061911e-07
0.138488637139 8.384 0.997402726471 -2.22914536488e-07
0.138488637139 8.485 0.997484476103 -2.25315076006e-07
0.138488637139 8.586 0.997562865962 -2.27715750426e-07
0.138488637139 8.687 0.997637992219 -2.30116077125e-07
0.138488637139 8.788 0.997710110404 -2.32516650799e-07
0.138488637139 8.889 0.997779312149 -2.34917075008e-07
0.138488637139 8.99 0.997845755933 -2.37317441482e-07
0.138488637139 9.091 0.99790961499 -2.39718040321e-07
0.138488637139 9.192 0.997970934094 -2.42118243472e-07
0.138488637139 9.293 0.998029909961 -2.44518641973e-07
0.138488637139 9.394 0.99808663217 -2.46919061155e-07
0.138488637139 9.495 0.998141181038 -2.49319266749e-07
0.138488637139 9.596 0.998193706893 -2.51719699049e-07
0.138488637139 9.697 0.998244255599 -2.54119911113e-07
0.138488637139 9.798 0.998292945473 -2.56520163233e-07
0.138488637139 9.899 0.998339871655 -2.58920568835e-07
0.138488637139 10.0 0.998385068302 -2.61320648113e-07
0.151991108295 0.001 0.594117824352 -2.63355041158e-08
0.151991108295 0.102 0.618148079726 -2.81192411243e-08
0.151991108295 0.203 0.643498593667 -2.99890318825e-08
0.151991108295 0.304 0.669457686802 -3.19534872285e-08
0.151991108295 0.405 0.695354720031 -3.40069200408e-08
0.151991108295 0.506 0.720631464195 -3.61373891876e-08
0.151991108295 0.607 0.744837166055 -3.83323708192e-08
0.151991108295 0.708 0.767668763815 -4.05794522034e-08
0.151991108295 0.809 0.788928408845 -4.28674583579e-08
0.151991108295 0.91 0.808513005116 -4.51866690808e-08
0.151991108295 1.011 0.826418835111 -4.75302236129e-08
0.151991108295 1.112 0.842687577617 -4.98921809872e-08
0.151991108295 1.213 0.857392912344 -5.22676411939e-08
0.151991108295 1.314 0.870639908856 -5.46532499198e-08
0.151991108295 1.415 0.882551634813 -5.70467187664e-08
0.151991108295 1.516 0.893239997879 -5.9445563207e-08
0.151991108295 1.617 0.902815771174 -6.18477594563e-08
0.151991108295 1.718 0.911406888843 -6.425331772e-08
0.151991108295 1.819 0.919114024328 -6.66611333474e-08
0.151991108295 1.92 0.926015680927 -6.9069039349e-08
0.151991108295 2.021 0.932218036169 -7.14782061695e-08
0.151991108295 2.122 0.937795221865 -7.38880319611e-08
0.151991108295 2.223 0.942815209895 -7.62980416246e-08
0.151991108295 2.324 0.947339723245 -7.87080215868e-08
0.151991108295 2.425 0.951424362996 -8.11179177569e-08
0.151991108295 2.526 0.955118877691 -8.35278469638e-08
0.151991108295 2.627 0.958467539227 -8.59380235433e-08
0.151991108295 2.728 0.961497385128 -8.83464645145e-08
0.151991108295 2.829 0.964250838872 -9.07545959779e-08
0.151991108295 2.93 0.966762839667 -9.31637507981e-08
0.151991108295 3.031 0.969046823559 -9.55711208427e-08
0.151991108295 3.132 0.971134616121 -9.79787034713e-08
0.151991108295 3.233 0.973044511837 -1.00386093003e-07
0.151991108295 3.334 0.974792886817 -1.02792776409e-07
0.151991108295 3.435 0.97639851564 -1.05199700088e-07
0.151991108295 3.536 0.977871600228 -1.07605487692e-07
0.151991108295 3.637 0.979230626944 -1.10012360402e-07
0.151991108295 3.738 0.980478437496 -1.1241700877e-07
0.151991108295 3.839 0.981633168049 -1.14822813113e-07
0.151991108295 3.94 0.982699807461 -1.17228147797e-07
0.151991108295 4.041 0.983685277771 -1.19632397888e-07
0.151991108295 4.142 0.984599336295 -1.22036914679e-07
0.151991108295 4.243 0.985447654935 -1.24441373781e-07
0.151991108295 4.344 0.986235652677 -1.26845613047e-07
0.151991108295 4.445 0.986968400634 -1.29249551729e-07
0.151991108295 4.546 0.987650575715 -1.31653207504e-07
0.151991108295 4.647 0.988286450337 -1.34056616225e-07
0.151991108295 4.748 0.98887990476 -1.3645985568e-07
0.151991108295 4.849 0.989434451795 -1.38863009472e-07
0.151991108295 4.95 0.989953266918 -1.41266168191e-07
0.151991108295 5.051 0.990439106944 -1.43669297006e-07
0.151991108295 5.152 0.990893835306 -1.46071639295e-07
0.151991108295 5.253 0.991320713555 -1.48474186274e-07
0.151991108295 5.354 0.991721871919 -1.50877025369e-07
0.151991108295 5.455 0.992098310929 -1.53278964724e-07
0.151991108295 5.556 0.992452786502 -1.55681288457e-07
0.151991108295 5.657 0.992786453309 -1.58083388735e-07
0.151991108295 5.758 0.993100840255 -1.60485331434e-07
0.151991108295 5.859 0.99339745334 -1.62887361937e-07
0.151991108295 5.96 0.993677278638 -1.65289057021e-07
0.151991108295 6.061 0.993941736069 -1.67690905055e-07
0.151991108295 6.162 0.994191639015 -1.7009247477e-07
0.151991108295 6.263 0.994428118566 -1.72494077672e-07
0.151991108295 6.364 0.994652006765 -1.7489561637e-07
0.151991108295 6.465 0.994864070499 -1.77296958825e-07
0.151991108295 6.566 0.995065249401 -1.79698537837e-07
0.151991108295 6.667 0.995255939206 -1.82099609955e-07
0.151991108295 6.768 0.995437126985 -1.8450103336e-07
0.151991108295 6.869 0.995609137981 -1.86902083012e-07
0.151991108295 6.97 0.995772696149 -1.89303222855e-07
0.151991108295 7.071 0.995928301431 -1.9170441938e-07
0.151991108295 7.172 0.996076309764 -1.94105280503e-07
0.151991108295 7.273 0.996217360411 -1.96506451574e-07
0.151991108295 7.374 0.996351665722 -1.98907238196e-07
0.151991108295 7.475 0.996479755089 -2.01308147101e-07
0.151991108295 7.576 0.996601960918 -2.03709099758e-07
0.151991108295 7.677 0.996718536764 -2.06109762695e-07
0.151991108295 7.778 0.99682993348 -2.08510717816e-07
0.151991108295 7.879 0.996936291582 -2.10911311628e-07
0.151991108295 7.98 0.997037993377 -2.133120304e-07
0.151991108295 8.081 0.99713527519 -2.15712805558e-07
0.151991108295 8.182 0.9972283092 -2.18113297718e-07
0.151991108295 8.283 0.997317424338 -2.20514058106e-07
0.151991108295 8.384 0.997402726471 -2.2291453209e-07
0.151991108295 8.485 0.997484476103 -2.25315071596e-07
0.151991108295 8.586 0.997562865962 -2.27715745383e-07
0.151991108295 8.687 0.997637992219 -2.30116072765e-07
0.151991108295 8.788 0.997710110404 -2.32516646743e-07
0.151991108295 8.889 0.997779312149 -2.34917070422e-07
0.151991108295 8.99 0.997845755933 -2.37317436747e-07
0.151991108295 9.091 0.99790961499 -2.39718034638e-07
0.151991108295 9.192 0.997970934094 -2.42118238776e-07
0.151991108295 9.293 0.998029909961 -2.44518637368e-07
0.151991108295 9.394 0.99808663217 -2.46919055243e-07
0.151991108295 9.495 0.998141181038 -2.4931926135e-07
0.151991108295 9.596 0.998193706893 -2.51719693972e-07
0.151991108295 9.697 0.998244255599 -2.54119905289e-07
0.151991108295 9.798 0.998292945473 -2.56520157332e-07
0.151991108295 9.899 0.998339871655 -2.58920563025e-07
0.151991108295 10.0 0.998385068302 -2.61320642295e-07
0.16681005372 0.001 0.594117826884 -2.63353813226e-08
0.16681005372 0.102 0.618148096755 -2.81195903976e-08
0.16681005372 0.203 0.643498594677 -2.99896872411e-08
0.16681005372 0.304 0.669457689739 -3.19531752926e-08
0.16681005372 0.405 0.695354707471 -3.40065764337e-08
0.16681005372 0.506 0.720631461692 -3.61374025378e-08
0.16681005372 0.607 0.744837164439 -3.83323952607e-08
0.16681005372 0.708 0.767668762457 -4.0579479724e-08
0.16681005372 0.809 0.788928408528 -4.28674842719e-08
0.16681005372 0.91 0.808513005158 -4.5186673884e-08
0.16681005372 1.011 0.826418835348 -4.75302376768e-08
0.16681005372 1.112 0.842687578239 -4.98921793567e-08
0.16681005372 1.213 0.857392912677 -5.22676506426e-08
0.16681005372 1.314 0.870639908874 -5.46532412046e-08
0.16681005372 1.415 0.882551635131 -5.70467169413e-08
0.16681005372 1.516 0.893239997849 -5.94455682263e-08
0.16681005372 1.617 0.902815771162 -6.18477619511e-08
0.16681005372 1.718 0.911406888508 -6.42533084126e-08
0.16681005372 1.819 0.919114024275 -6.66611432863e-08
0.16681005372 1.92 0.926015680753 -6.90690367481e-08
0.16681005372 2.021 0.932218035969 -7.14782089034e-08
0.16681005372 2.122 0.937795221922 -7.38880316099e-08
0.16681005372 2.223 0.942815209852 -7.6298037379e-08
0.16681005372 2.324 0.947339723316 -7.87080217662e-08
0.16681005372 2.425 0.951424362894 -8.11179151366e-08
0.16681005372 2.526 0.955118877725 -8.35278427768e-08
0.16681005372 2.627 0.958467539214 -8.59380309311e-08
0.16681005372 2.728 0.961497385113 -8.83464575197e-08
0.16681005372 2.829 0.964250838917 -9.07545929756e-08
0.16681005372 2.93 0.966762839675 -9.31637514623e-08
0.16681005372 3.031 0.969046823521 -9.55711166499e-08
0.16681005372 3.132 0.971134616098 -9.79787015604e-08
0.16681005372 3.233 0.973044511861 -1.0038609357e-07
0.16681005372 3.334 0.97479288681 -1.02792775472e-07
0.16681005372 3.435 0.976398515641 -1.05199698136e-07
0.16681005372 3.536 0.977871600225 -1.07605483867e-07
0.16681005372 3.637 0.979230626946 -1.10012360988e-07
0.16681005372 3.738 0.980478437507 -1.12417007148e-07
0.16681005372 3.839 0.981633168052 -1.14822808573e-07
0.16681005372 3.94 0.982699807464 -1.17228149976e-07
0.16681005372 4.041 0.983685277772 -1.1963239782e-07
0.16681005372 4.142 0.984599336294 -1.22036914178e-07
0.16681005372 4.243 0.985447654936 -1.244413738e-07
0.16681005372 4.344 0.986235652676 -1.26845609295e-07
0.16681005372 4.445 0.986968400634 -1.2924955385e-07
0.16681005372 4.546 0.987650575717 -1.31653202576e-07
0.16681005372 4.647 0.988286450338 -1.34056614836e-07
0.16681005372 4.748 0.988879904764 -1.3645985317e-07
0.16681005372 4.849 0.989434451797 -1.38863007452e-07
0.16681005372 4.95 0.989953266919 -1.41266166724e-07
0.16681005372 5.051 0.990439106944 -1.43669296004e-07
0.16681005372 5.152 0.990893835306 -1.46071635023e-07
0.16681005372 5.253 0.991320713554 -1.4847418489e-07
0.16681005372 5.354 0.991721871919 -1.50877023765e-07
0.16681005372 5.455 0.992098310929 -1.5327896197e-07
0.16681005372 5.556 0.992452786502 -1.55681287736e-07
0.16681005372 5.657 0.992786453309 -1.580833884e-07
0.16681005372 5.758 0.993100840255 -1.60485329563e-07
0.16681005372 5.859 0.99339745334 -1.62887360586e-07
0.16681005372 5.96 0.993677278638 -1.65289056143e-07
0.16681005372 6.061 0.993941736069 -1.67690902749e-07
0.16681005372 6.162 0.994191639015 -1.70092470809e-07
0.16681005372 6.263 0.994428118566 -1.72494076694e-07
0.16681005372 6.364 0.994652006765 -1.74895614649e-07
0.16681005372 6.465 0.9948640705 -1.77296955079e-07
0.16681005372 6.566 0.995065249401 -1.79698536362e-07
0.16681005372 6.667 0.995255939206 -1.82099607502e-07
0.16681005372 6.768 0.995437126985 -1.84501030559e-07
0.16681005372 6.869 0.995609137981 -1.86902081955e-07
0.16681005372 6.97 0.995772696149 -1.89303218566e-07
0.16681005372 7.071 0.995928301431 -1.91704417099e-07
0.16681005372 7.172 0.996076309763 -1.9410527878e-07
0.16681005372 7.273 0.996217360411 -1.96506449501e-07
0.16681005372 7.374 0.996351665722 -1.98907233321e-07
0.16681005372 7.475 0.996479755088 -2.01308144526e-07
0.16681005372 7.576 0.996601960918 -2.03709097775e-07
0.16681005372 7.677 0.996718536764 -2.06109759347e-07
0.16681005372 7.778 0.99682993348 -2.08510715167e-07
0.16681005372 7.879 0.996936291582 -2.10911309573e-07
0.16681005372 7.98 0.997037993377 -2.13312028176e-07
0.16681005372 8.081 0.99713527519 -2.15712803058e-07
0.16681005372 8.182 0.9972283092 -2.18113294194e-07
0.16681005372 8.283 0.997317424338 -2.20514054079e-07
0.16681005372 8.384 0.997402726471 -2.22914528348e-07
0.16681005372 8.485 0.997484476103 -2.25315067829e-07
0.16681005372 8.586 0.997562865962 -2.27715741176e-07
0.16681005372 8.687 0.997637992219 -2.3011606862e-07
0.16681005372 8.788 0.997710110404 -2.32516641864e-07
0.16681005372 8.889 0.997779312149 -2.34917066007e-07
0.16681005372 8.99 0.997845755933 -2.37317432487e-07
0.16681005372 9.091 0.99790961499 -2.39718031695e-07
0.16681005372 9.192 0.997970934094 -2.42118234643e-07
0.16681005372 9.293 0.998029909961 -2.44518633105e-07
0.16681005372 9.394 0.99808663217 -2.46919051125e-07
0.16681005372 9.495 0.998141181038 -2.49319256854e-07
0.16681005372 9.596 0.998193706893 -2.51719688803e-07
0.16681005372 9.697 0.998244255599 -2.54119900965e-07
0.16681005372 9.798 0.998292945473 -2.56520152791e-07
0.16681005372 9.899 0.998339871655 -2.58920558144e-07
0.16681005372 10.0 0.998385068302 -2.61320637143e-07
0.18307382803 0.001 0.59411782285 -2.63353251233e-08
0.18307382803 0.102 0.618148084648 -2.81192565617e-08
0.18307382803 0.203 0.643498590566 -2.99898492852e-08
0.18307382803 0.304 0.66945768787 -3.19535112837e-08
0.18307382803 0.405 0.695354704112 -3.40065881426e-08
0.18307382803 0.506 0.720631461867 -3.61374167378e-08
0.18307382803 0.607 0.74483716344 -3.83324058688e-08
0.18307382803 0.708 0.767668761749 -4.05795219964e-08
0.18307382803 0.809 0.788928409404 -4.2867487265e-08
0.18307382803 0.91 0.808513004438 -4.51867007193e-08
0.18307382803 1.011 0.82641883629 -4.75302197618e-08
0.18307382803 1.112 0.84268757746 -4.98921804014e-08
0.18307382803 1.213 0.857392911971 -5.22676581511e-08
0.18307382803 1.314 0.870639909379 -5.46532485751e-08
0.18307382803 1.415 0.882551634952 -5.70467024987e-08
0.18307382803 1.516 0.893239997788 -5.94455707166e-08
0.18307382803 1.617 0.902815771363 -6.18477592833e-08
0.18307382803 1.718 0.911406888646 -6.42532942981e-08
0.18307382803 1.819 0.919114024334 -6.66611359109e-08
0.18307382803 1.92 0.926015680977 -6.90690406249e-08
0.18307382803 2.021 0.932218036048 -7.14782173556e-08
0.18307382803 2.122 0.93779522186 -7.38880298207e-08
0.18307382803 2.223 0.942815209776 -7.62980269869e-08
0.18307382803 2.324 0.947339723332 -7.87080127222e-08
0.18307382803 2.425 0.951424362944 -8.11179164961e-08
0.18307382803 2.526 0.955118877726 -8.35278483823e-08
0.18307382803 2.627 0.958467539208 -8.59380285288e-08
0.18307382803 2.728 0.961497385106 -8.83464479706e-08
0.18307382803 2.829 0.964250838937 -9.0754593381e-08
0.18307382803 2.93 0.96676283965 -9.31637569584e-08
0.18307382803 3.031 0.969046823533 -9.5571112591e-08
0.18307382803 3.132 0.971134616144 -9.79786960922e-08
0.18307382803 3.233 0.973044511842 -1.00386094184e-07
0.18307382803 3.334 0.974792886838 -1.02792772676e-07
0.18307382803 3.435 0.976398515626 -1.05199695081e-07
0.18307382803 3.536 0.977871600217 -1.07605485477e-07
0.18307382803 3.637 0.979230626945 -1.10012356061e-07
0.18307382803 3.738 0.980478437507 -1.12417001564e-07
0.18307382803 3.839 0.981633168057 -1.14822806e-07
0.18307382803 3.94 0.982699807463 -1.17228149532e-07
0.18307382803 4.041 0.983685277775 -1.19632396935e-07
0.18307382803 4.142 0.984599336297 -1.22036910173e-07
0.18307382803 4.243 0.985447654934 -1.24441376475e-07
0.18307382803 4.344 0.986235652674 -1.26845605947e-07
0.18307382803 4.445 0.986968400633 -1.29249546876e-07
0.18307382803 4.546 0.987650575718 -1.3165319982e-07
0.18307382803 4.647 0.98828645034 -1.34056613492e-07
0.18307382803 4.748 0.988879904761 -1.36459850329e-07
0.18307382803 4.849 0.989434451795 -1.38863006973e-07
0.18307382803 4.95 0.989953266919 -1.4126616572e-07
0.18307382803 5.051 0.990439106943 -1.43669296734e-07
0.18307382803 5.152 0.990893835305 -1.46071635396e-07
0.18307382803 5.253 0.991320713553 -1.48474182887e-07
0.18307382803 5.354 0.991721871919 -1.50877022434e-07
0.18307382803 5.455 0.992098310929 -1.53278962495e-07
0.18307382803 5.556 0.992452786502 -1.55681284799e-07
0.18307382803 5.657 0.992786453309 -1.58083386093e-07
0.18307382803 5.758 0.993100840255 -1.60485328592e-07
0.18307382803 5.859 0.99339745334 -1.62887360325e-07
0.18307382803 5.96 0.993677278638 -1.65289052642e-07
0.18307382803 6.061 0.993941736069 -1.67690901938e-07
0.18307382803 6.162 0.994191639015 -1.70092471002e-07
0.18307382803 6.263 0.994428118566 -1.72494075652e-07
0.18307382803 6.364 0.994652006765 -1.74895612826e-07
0.18307382803 6.465 0.9948640705 -1.7729695381e-07
0.18307382803 6.566 0.995065249401 -1.79698535534e-07
0.18307382803 6.667 0.995255939206 -1.82099606206e-07
0.18307382803 6.768 0.995437126985 -1.84501030791e-07
0.18307382803 6.869 0.995609137981 -1.8690207904e-07
0.18307382803 6.97 0.995772696149 -1.89303215028e-07
0.18307382803 7.071 0.995928301431 -1.91704415867e-07
0.18307382803 7.172 0.996076309763 -1.94105277268e-07
0.18307382803 7.273 0.996217360411 -1.96506445212e-07
0.18307382803 7.374 0.996351665722 -1.98907233385e-07
0.18307382803 7.475 0.996479755089 -2.01308140286e-07
0.18307382803 7.576 0.996601960918 -2.03709095817e-07
0.18307382803 7.677 0.996718536764 -2.06109756759e-07
0.18307382803 7.778 0.99682993348 -2.08510714026e-07
0.18307382803 7.879 0.996936291582 -2.10911306206e-07
0.18307382803 7.98 0.997037993377 -2.13312024275e-07
0.18307382803 8.081 0.99713527519 -2.15712801043e-07
0.18307382803 8.182 0.9972283092 -2.18113291816e-07
0.18307382803 8.283 0.997317424338 -2.20514051251e-07
0.18307382803 8.384 0.997402726471 -2.22914525921e-07
0.18307382803 8.485 0.997484476103 -2.25315066023e-07
0.18307382803 8.586 0.997562865962 -2.27715740054e-07
0.18307382803 8.687 0.997637992219 -2.30116066065e-07
0.18307382803 8.788 0.997710110404 -2.32516639064e-07
0.18307382803 8.889 0.997779312149 -2.34917062717e-07
0.18307382803 8.99 0.997845755933 -2.37317428986e-07
0.18307382803 9.091 0.99790961499 -2.39718027094e-07
0.18307382803 9.192 0.997970934094 -2.42118230614e-07
0.18307382803 9.293 0.998029909961 -2.44518628757e-07
0.18307382803 9.394 0.99808663217 -2.46919047273e-07
0.18307382803 9.495 0.998141181038 -2.49319253067e-07
0.18307382803 9.596 0.998193706893 -2.51719684926e-07
0.18307382803 9.697 0.998244255599 -2.54119897347e-07
0.18307382803 9.798 0.998292945473 -2.56520148976e-07
0.18307382803 9.899 0.998339871655 -2.58920554725e-07
0.18307382803 10.0 0.998385068302 -2.61320632929e-07
0.200923300257 0.001 0.594117825517 -2.63352888778e-08
0.200923300257 0.102 0.618148066569 -2.81192383329e-08
0.200923300257 0.203 0.643498593694 -2.99894861842e-08
0.200923300257 0.304 0.669457687566 -3.19535910604e-08
0.200923300257 0.405 0.695354703883 -3.40066114779e-08
0.200923300257 0.506 0.720631460871 -3.6137416616e-08
0.200923300257 0.607 0.744837163381 -3.83324197907e-08
0.200923300257 0.708 0.767668761493 -4.05795019853e-08
0.200923300257 0.809 0.788928408676 -4.28674711423e-08
0.200923300257 0.91 0.808513006149 -4.51866839207e-08
0.200923300257 1.011 0.826418834755 -4.75302191343e-08
0.200923300257 1.112 0.842687577763 -4.98921696381e-08
0.200923300257 1.213 0.857392911882 -5.22676425535e-08
0.200923300257 1.314 0.870639909273 -5.46532454515e-08
0.200923300257 1.415 0.88255163473 -5.70467142252e-08
0.200923300257 1.516 0.893239997645 -5.94455594373e-08
0.200923300257 1.617 0.902815771705 -6.18477471487e-08
0.200923300257 1.718 0.911406888743 -6.42533142061e-08
0.200923300257 1.819 0.919114024289 -6.66611450633e-08
0.200923300257 1.92 0.92601568084 -6.90690275719e-08
0.200923300257 2.021 0.932218035952 -7.14782079039e-08
0.200923300257 2.122 0.937795221867 -7.38880242073e-08
0.200923300257 2.223 0.942815209677 -7.62980352363e-08
0.200923300257 2.324 0.947339723323 -7.87080184423e-08
0.200923300257 2.425 0.951424362801 -8.1117913648e-08
0.200923300257 2.526 0.95511887776 -8.35278385167e-08
0.200923300257 2.627 0.9584675392 -8.59380334353e-08
0.200923300257 2.728 0.961497385117 -8.83464494757e-08
0.200923300257 2.829 0.964250838931 -9.07545938116e-08
0.200923300257 2.93 0.966762839655 -9.31637511999e-08
0.200923300257 3.031 0.969046823546 -9.55711126789e-08
0.200923300257 3.132 0.971134616134 -9.7978695873e-08
0.200923300257 3.233 0.973044511841 -1.00386090857e-07
0.200923300257 3.334 0.974792886811 -1.02792776513e-07
0.200923300257 3.435 0.976398515634 -1.05199695169e-07
0.200923300257 3.536 0.977871600231 -1.07605481254e-07
0.200923300257 3.637 0.979230626945 -1.10012357124e-07
0.200923300257 3.738 0.980478437513 -1.12417006022e-07
0.200923300257 3.839 0.981633168051 -1.14822808114e-07
0.200923300257 3.94 0.982699807464 -1.17228149155e-07
0.200923300257 4.041 0.983685277765 -1.19632395599e-07
0.200923300257 4.142 0.984599336302 -1.22036910525e-07
0.200923300257 4.243 0.98544765494 -1.24441371262e-07
0.200923300257 4.344 0.986235652674 -1.26845606236e-07
0.200923300257 4.445 0.986968400634 -1.29249550638e-07
0.200923300257 4.546 0.987650575717 -1.31653202348e-07
0.200923300257 4.647 0.988286450339 -1.34056610546e-07
0.200923300257 4.748 0.988879904762 -1.36459851685e-07
0.200923300257 4.849 0.989434451794 -1.38863004806e-07
0.200923300257 4.95 0.989953266918 -1.41266162677e-07
0.200923300257 5.051 0.990439106944 -1.43669292411e-07
0.200923300257 5.152 0.990893835305 -1.46071633656e-07
0.200923300257 5.253 0.991320713554 -1.48474181721e-07
0.200923300257 5.354 0.991721871919 -1.50877018595e-07
0.200923300257 5.455 0.99209831093 -1.53278959369e-07
0.200923300257 5.556 0.992452786502 -1.55681284107e-07
0.200923300257 5.657 0.99278645331 -1.58083383754e-07
0.200923300257 5.758 0.993100840254 -1.60485326547e-07
0.200923300257 5.859 0.99339745334 -1.62887359337e-07
0.200923300257 5.96 0.993677278638 -1.65289052432e-07
0.200923300257 6.061 0.993941736068 -1.67690900315e-07
0.200923300257 6.162 0.994191639015 -1.70092466547e-07
0.200923300257 6.263 0.994428118566 -1.72494074542e-07
0.200923300257 6.364 0.994652006765 -1.74895610051e-07
0.200923300257 6.465 0.9948640705 -1.7729695081e-07
0.200923300257 6.566 0.995065249401 -1.79698533663e-07
0.200923300257 6.667 0.995255939206 -1.82099604466e-07
0.200923300257 6.768 0.995437126985 -1.84501029248e-07
0.200923300257 6.869 0.995609137981 -1.86902079429e-07
0.200923300257 6.97 0.995772696149 -1.89303216209e-07
0.200923300257 7.071 0.995928301431 -1.9170441435e-07
0.200923300257 7.172 0.996076309764 -1.94105275499e-07
0.200923300257 7.273 0.996217360411 -1.9650644351e-07
0.200923300257 7.374 0.996351665722 -1.98907229257e-07
0.200923300257 7.475 0.996479755089 -2.0130814029e-07
0.200923300257 7.576 0.996601960918 -2.03709093217e-07
0.200923300257 7.677 0.996718536764 -2.06109754636e-07
0.200923300257 7.778 0.99682993348 -2.08510711781e-07
0.200923300257 7.879 0.996936291582 -2.10911303913e-07
0.200923300257 7.98 0.997037993377 -2.13312022695e-07
0.200923300257 8.081 0.99713527519 -2.15712797692e-07
0.200923300257 8.182 0.9972283092 -2.18113289747e-07
0.200923300257 8.283 0.997317424338 -2.20514049374e-07
0.200923300257 8.384 0.997402726471 -2.22914524325e-07
0.200923300257 8.485 0.997484476103 -2.25315062556e-07
0.200923300257 8.586 0.997562865962 -2.27715736446e-07
0.200923300257 8.687 0.997637992219 -2.3011606383e-07
0.200923300257 8.788 0.997710110404 -2.32516636857e-07
0.200923300257 8.889 0.997779312149 -2.34917059988e-07
0.200923300257 8.99 0.997845755933 -2.37317426546e-07
0.200923300257 9.091 0.99790961499 -2.39718025598e-07
0.200923300257 9.192 0.997970934094 -2.42118228495e-07
0.200923300257 9.293 0.998029909961 -2.44518626538e-07
0.200923300257 9.394 0.99808663217 -2.46919044954e-07
0.200923300257 9.495 0.998141181038 -2.49319250059e-07
0.200923300257 9.596 0.998193706893 -2.51719681588e-07
0.200923300257 9.697 0.998244255599 -2.54119893566e-07
0.200923300257 9.798 0.998292945473 -2.56520145192e-07
0.200923300257 9.899 0.998339871655 -2.58920550339e-07
0.200923300257 10.0 0.998385068302 -2.61320629469e-07
0.22051307399 0.001 0.594117823245 -2.63353981395e-08
0.22051307399 0.102 0.618148087116 -2.81194756932e-08
0.22051307399 0.203 0.643498594436 -2.99893984645e-08
0.22051307399 0.304 0.669457687494 -3.19535322091e-08
0.22051307399 0.405 0.695354706372 -3.40065701153e-08
0.22051307399 0.506 0.720631460016 -3.61374803962e-08
0.22051307399 0.607 0.744837162136 -3.83323744866e-08
0.22051307399 0.708 0.767668764865 -4.05794195273e-08
0.22051307399 0.809 0.78892840894 -4.28675969101e-08
0.22051307399 0.91 0.808513004899 -4.51867495598e-08
0.22051307399 1.011 0.826418839042 -4.75302121043e-08
0.22051307399 1.112 0.842687584462 -4.98921910554e-08
0.22051307399 1.213 0.857392915813 -5.2267692936e-08
0.22051307399 1.314 0.870639905983 -5.46532473045e-08
0.22051307399 1.415 0.882551635719 -5.70466939832e-08
0.22051307399 1.516 0.893239998015 -5.94455732217e-08
0.22051307399 1.617 0.902815770571 -6.18477690429e-08
0.22051307399 1.718 0.911406888698 -6.42533157354e-08
0.22051307399 1.819 0.919114024528 -6.66611060176e-08
0.22051307399 1.92 0.926015680764 -6.90690261031e-08
0.22051307399 2.021 0.932218036613 -7.14782113702e-08
0.22051307399 2.122 0.937795221913 -7.38880121141e-08
0.22051307399 2.223 0.942815209958 -7.62980484797e-08
0.22051307399 2.324 0.947339723598 -7.87080104832e-08
0.22051307399 2.425 0.951424362832 -8.11179115541e-08
0.22051307399 2.526 0.955118877842 -8.3527839681e-08
0.22051307399 2.627 0.958467539281 -8.59380010817e-08
0.22051307399 2.728 0.961497384969 -8.83464456187e-08
0.22051307399 2.829 0.964250838975 -9.07545957157e-08
0.22051307399 2.93 0.966762839734 -9.3163733305e-08
0.22051307399 3.031 0.96904682346 -9.55711129754e-08
0.22051307399 3.132 0.971134616144 -9.79786968673e-08
0.22051307399 3.233 0.973044511809 -1.00386082818e-07
0.22051307399 3.334 0.974792886811 -1.02792777328e-07
0.22051307399 3.435 0.97639851563 -1.05199693953e-07
0.22051307399 3.536 0.97787160023 -1.0760547941e-07
0.22051307399 3.637 0.979230626948 -1.1001236047e-07
0.22051307399 3.738 0.980478437505 -1.1241700239e-07
0.22051307399 3.839 0.981633168052 -1.14822806073e-07
0.22051307399 3.94 0.982699807463 -1.17228145558e-07
0.22051307399 4.041 0.983685277769 -1.19632391208e-07
0.22051307399 4.142 0.984599336298 -1.22036909137e-07
0.22051307399 4.243 0.985447654933 -1.24441372604e-07
0.22051307399 4.344 0.986235652675 -1.26845606606e-07
0.22051307399 4.445 0.986968400632 -1.29249548525e-07
0.22051307399 4.546 0.987650575717 -1.31653202084e-07
0.22051307399 4.647 0.988286450339 -1.34056607167e-07
0.22051307399 4.748 0.988879904763 -1.36459848937e-07
0.22051307399 4.849 0.989434451795 -1.38863004392e-07
0.22051307399 4.95 0.989953266917 -1.41266161023e-07
0.22051307399 5.051 0.990439106944 -1.43669290463e-07
0.22051307399 5.152 0.990893835305 -1.46071633898e-07
0.22051307399 5.253 0.991320713555 -1.48474180724e-07
0.22051307399 5.354 0.991721871919 -1.50877016771e-07
0.22051307399 5.455 0.992098310929 -1.53278958202e-07
0.22051307399 5.556 0.992452786501 -1.55681282761e-07
0.22051307399 5.657 0.99278645331 -1.58083382847e-07
0.22051307399 5.758 0.993100840255 -1.60485325518e-07
0.22051307399 5.859 0.99339745334 -1.62887356134e-07
0.22051307399 5.96 0.993677278638 -1.65289051459e-07
0.22051307399 6.061 0.993941736068 -1.67690897954e-07
0.22051307399 6.162 0.994191639015 -1.70092466748e-07
0.22051307399 6.263 0.994428118566 -1.72494071685e-07
0.22051307399 6.364 0.994652006765 -1.74895609236e-07
0.22051307399 6.465 0.9948640705 -1.77296951206e-07
0.22051307399 6.566 0.995065249401 -1.7969853155e-07
0.22051307399 6.667 0.995255939206 -1.82099601174e-07
0.22051307399 6.768 0.995437126985 -1.84501027271e-07
0.22051307399 6.869 0.995609137981 -1.8690207651e-07
0.22051307399 6.97 0.995772696149 -1.89303212181e-07
0.22051307399 7.071 0.995928301431 -1.91704410726e-07
0.22051307399 7.172 0.996076309764 -1.94105273465e-07
0.22051307399 7.273 0.996217360411 -1.96506443229e-07
0.22051307399 7.374 0.996351665722 -1.9890722906e-07
0.22051307399 7.475 0.996479755089 -2.01308138086e-07
0.22051307399 7.576 0.996601960918 -2.03709090563e-07
0.22051307399 7.677 0.996718536764 -2.06109752971e-07
0.22051307399 7.778 0.99682993348 -2.08510708231e-07
0.22051307399 7.879 0.996936291582 -2.10911302749e-07
0.22051307399 7.98 0.997037993377 -2.13312021918e-07
0.22051307399 8.081 0.99713527519 -2.1571279548e-07
0.22051307399 8.182 0.9972283092 -2.18113286986e-07
0.22051307399 8.283 0.997317424338 -2.20514049018e-07
0.22051307399 8.384 0.997402726471 -2.22914520947e-07
0.22051307399 8.485 0.997484476103 -2.25315061402e-07
0.22051307399 8.586 0.997562865962 -2.27715734254e-07
0.22051307399 8.687 0.997637992219 -2.30116061593e-07
0.22051307399 8.788 0.997710110404 -2.32516634255e-07
0.22051307399 8.889 0.997779312149 -2.34917058985e-07
0.22051307399 8.99 0.997845755933 -2.37317423757e-07
0.22051307399 9.091 0.99790961499 -2.39718023261e-07
0.22051307399 9.192 0.997970934094 -2.42118226102e-07
0.22051307399 9.293 0.998029909961 -2.44518623338e-07
0.22051307399 9.394 0.99808663217 -2.46919042182e-07
0.22051307399 9.495 0.998141181038 -2.49319248025e-07
0.22051307399 9.596 0.998193706893 -2.5171967954e-07
0.22051307399 9.697 0.998244255599 -2.54119890847e-07
0.22051307399 9.798 0.998292945473 -2.56520142469e-07
0.22051307399 9.899 0.998339871655 -2.58920547871e-07
0.22051307399 10.0 0.998385068302 -2.61320626841e-07
0.242012826479 0.001 0.594117824754 -2.63356555081e-08
0.242012826479 0.102 0.618148085739 -2.8119360227e-08
0.242012826479 0.203 0.643498593748 -2.99893373141e-08
0.242012826479 0.304 0.669457686473 -3.19537443896e-08
0.242012826479 0.405 0.695354712362 -3.40066874089e-08
0.242012826479 0.506 0.720631464061 -3.61374236662e-08
0.242012826479 0.607 0.744837162797 -3.83322607299e-08
0.242012826479 0.708 0.767668765251 -4.057938706e-08
0.242012826479 0.809 0.788928411343 -4.28674514778e-08
0.242012826479 0.91 0.808513001977 -4.51867318048e-08
0.242012826479 1.011 0.826418838542 -4.75302245277e-08
0.242012826479 1.112 0.842687576523 -4.98921557216e-08
0.242012826479 1.213 0.857392912698 -5.22676567028e-08
0.242012826479 1.314 0.870639908333 -5.46532293616e-08
0.242012826479 1.415 0.882551635325 -5.70466934929e-08
0.242012826479 1.516 0.893239997863 -5.94455588693e-08
0.242012826479 1.617 0.902815771349 -6.18477682839e-08
0.242012826479 1.718 0.911406888389 -6.42532956237e-08
0.242012826479 1.819 0.919114024378 -6.6661129348e-08
0.242012826479 1.92 0.926015680976 -6.90690312888e-08
0.242012826479 2.021 0.932218036176 -7.14781947721e-08
0.242012826479 2.122 0.937795222059 -7.3888029143e-08
0.242012826479 2.223 0.942815209819 -7.62980355992e-08
0.242012826479 2.324 0.947339723368 -7.87080103928e-08
0.242012826479 2.425 0.951424362989 -8.11179105475e-08
0.242012826479 2.526 0.955118877771 -8.35278419256e-08
0.242012826479 2.627 0.958467539216 -8.59380267418e-08
0.242012826479 2.728 0.961497385078 -8.83464457721e-08
0.242012826479 2.829 0.964250838887 -9.0754580629e-08
0.242012826479 2.93 0.966762839661 -9.31637412946e-08
0.242012826479 3.031 0.969046823553 -9.55711073893e-08
0.242012826479 3.132 0.971134616117 -9.79786900807e-08
0.242012826479 3.233 0.973044511848 -1.00386082402e-07
0.242012826479 3.334 0.974792886842 -1.02792768841e-07
0.242012826479 3.435 0.976398515631 -1.0519969591e-07
0.242012826479 3.536 0.97787160021 -1.07605477906e-07
0.242012826479 3.637 0.979230626948 -1.10012353028e-07
0.242012826479 3.738 0.980478437506 -1.12417001724e-07
0.242012826479 3.839 0.981633168062 -1.14822800591e-07
0.242012826479 3.94 0.982699807458 -1.17228140682e-07
0.242012826479 4.041 0.983685277759 -1.19632393451e-07
0.242012826479 4.142 0.984599336299 -1.22036904944e-07
0.242012826479 4.243 0.985447654936 -1.2444136917e-07
0.242012826479 4.344 0.986235652676 -1.26845602842e-07
0.242012826479 4.445 0.986968400632 -1.2924954932e-07
0.242012826479 4.546 0.987650575718 -1.31653198777e-07
0.242012826479 4.647 0.988286450338 -1.34056607807e-07
0.242012826479 4.748 0.98887990476 -1.36459849554e-07
0.242012826479 4.849 0.989434451796 -1.3886300165e-07
0.242012826479 4.95 0.989953266918 -1.4126616258e-07
0.242012826479 5.051 0.990439106944 -1.43669293314e-07
0.242012826479 5.152 0.990893835306 -1.46071633472e-07
0.242012826479 5.253 0.991320713554 -1.48474179958e-07
0.242012826479 5.354 0.991721871919 -1.50877016646e-07
0.242012826479 5.455 0.992098310928 -1.53278957699e-07
0.242012826479 5.556 0.992452786502 -1.5568128385e-07
0.242012826479 5.657 0.99278645331 -1.58083382563e-07
0.242012826479 5.758 0.993100840255 -1.60485325379e-07
0.242012826479 5.859 0.99339745334 -1.6288735656e-07
0.242012826479 5.96 0.993677278638 -1.65289050745e-07
0.242012826479 6.061 0.993941736069 -1.67690896594e-07
0.242012826479 6.162 0.994191639016 -1.70092465475e-07
0.242012826479 6.263 0.994428118566 -1.7249407048e-07
0.242012826479 6.364 0.994652006765 -1.74895608281e-07
0.242012826479 6.465 0.9948640705 -1.77296949002e-07
0.242012826479 6.566 0.995065249401 -1.79698530686e-07
0.242012826479 6.667 0.995255939206 -1.82099601173e-07
0.242012826479 6.768 0.995437126985 -1.8450102422e-07
0.242012826479 6.869 0.995609137981 -1.8690207601e-07
0.242012826479 6.97 0.995772696149 -1.89303211194e-07
0.242012826479 7.071 0.995928301431 -1.91704411289e-07
0.242012826479 7.172 0.996076309763 -1.94105271822e-07
0.242012826479 7.273 0.996217360411 -1.96506441226e-07
0.242012826479 7.374 0.996351665722 -1.98907228251e-07
0.242012826479 7.475 0.996479755089 -2.01308137127e-07
0.242012826479 7.576 0.996601960918 -2.03709089129e-07
0.242012826479 7.677 0.996718536764 -2.06109751691e-07
0.242012826479 7.778 0.99682993348 -2.08510706831e-07
0.242012826479 7.879 0.996936291582 -2.10911300046e-07
0.242012826479 7.98 0.997037993377 -2.13312018348e-07
0.242012826479 8.081 0.99713527519 -2.15712793422e-07
0.242012826479 8.182 0.9972283092 -2.18113285401e-07
0.242012826479 8.283 0.997317424338 -2.20514046524e-07
0.242012826479 8.384 0.997402726471 -2.22914521027e-07
0.242012826479 8.485 0.997484476103 -2.25315059633e-07
0.242012826479 8.586 0.997562865962 -2.27715731978e-07
0.242012826479 8.687 0.997637992219 -2.3011605953e-07
0.242012826479 8.788 0.997710110404 -2.32516633729e-07
0.242012826479 8.889 0.997779312149 -2.34917055553e-07
0.242012826479 8.99 0.997845755933 -2.3731742312e-07
0.242012826479 9.091 0.99790961499 -2.39718020556e-07
0.242012826479 9.192 0.997970934094 -2.42118224009e-07
0.242012826479 9.293 0.998029909961 -2.44518621661e-07
0.242012826479 9.394 0.99808663217 -2.46919040697e-07
0.242012826479 9.495 0.998141181038 -2.49319244957e-07
0.242012826479 9.596 0.998193706893 -2.51719677994e-07
0.242012826479 9.697 0.998244255599 -2.54119888522e-07
0.242012826479 9.798 0.998292945473 -2.56520140467e-07
0.242012826479 9.899 0.998339871655 -2.58920546407e-07
0.242012826479 10.0 0.998385068302 -2.61320624073e-07
0.265608778295 0.001 0.594117827027 -2.63354550245e-08
0.265608778295 0.102 0.618148092043 -2.81192894743e-08
0.265608778295 0.203 0.64349859253 -2.9989646288e-08
0.265608778295 0.304 0.669457685665 -3.19538557211e-08
0.265608778295 0.405 0.69535470143 -3.40064294022e-08
0.265608778295 0.506 0.720631457924 -3.6137448503e-08
0.265608778295 0.607 0.744837150018 -3.83326006933e-08
0.265608778295 0.708 0.767668765691 -4.05794419088e-08
0.265608778295 0.809 0.788928407519 -4.28674357262e-08
0.265608778295 0.91 0.808513004602 -4.51867184542e-08
0.265608778295 1.011 0.826418836012 -4.7530202656e-08
0.265608778295 1.112 0.84268757697 -4.98921750063e-08
0.265608778295 1.213 0.857392913069 -5.22676604974e-08
0.265608778295 1.314 0.870639908125 -5.46532411273e-08
0.265608778295 1.415 0.882551635496 -5.70467019537e-08
0.265608778295 1.516 0.893239998017 -5.94455707825e-08
0.265608778295 1.617 0.902815771496 -6.18477587814e-08
0.265608778295 1.718 0.911406888726 -6.4253301632e-08
0.265608778295 1.819 0.919114024379 -6.66611229258e-08
0.265608778295 1.92 0.926015680886 -6.90690261679e-08
0.265608778295 2.021 0.932218036243 -7.14782056326e-08
0.265608778295 2.122 0.937795222007 -7.38880185828e-08
0.265608778295 2.223 0.942815209751 -7.62980349555e-08
0.265608778295 2.324 0.947339723464 -7.87080175432e-08
0.265608778295 2.425 0.951424362933 -8.11179063709e-08
0.265608778295 2.526 0.955118877701 -8.35278379004e-08
0.265608778295 2.627 0.958467539216 -8.59380268961e-08
0.265608778295 2.728 0.961497385082 -8.83464472221e-08
0.265608778295 2.829 0.96425083885 -9.07545872953e-08
0.265608778295 2.93 0.96676283964 -9.31637527966e-08
0.265608778295 3.031 0.969046823582 -9.55711156692e-08
0.265608778295 3.132 0.971134616142 -9.79786915927e-08
0.265608778295 3.233 0.973044511828 -1.00386083878e-07
0.265608778295 3.334 0.974792886825 -1.02792773605e-07
0.265608778295 3.435 0.976398515638 -1.05199699143e-07
0.265608778295 3.536 0.977871600215 -1.07605479477e-07
0.265608778295 3.637 0.979230626947 -1.10012354431e-07
0.265608778295 3.738 0.980478437513 -1.12417004323e-07
0.265608778295 3.839 0.981633168052 -1.14822803402e-07
0.265608778295 3.94 0.982699807464 -1.17228145109e-07
0.265608778295 4.041 0.983685277763 -1.19632391923e-07
0.265608778295 4.142 0.984599336291 -1.22036907706e-07
0.265608778295 4.243 0.985447654937 -1.24441371732e-07
0.265608778295 4.344 0.986235652674 -1.26845605599e-07
0.265608778295 4.445 0.986968400634 -1.29249546774e-07
0.265608778295 4.546 0.987650575716 -1.31653200148e-07
0.265608778295 4.647 0.98828645034 -1.34056607677e-07
0.265608778295 4.748 0.988879904765 -1.36459847096e-07
0.265608778295 4.849 0.989434451796 -1.3886300145e-07
0.265608778295 4.95 0.989953266917 -1.41266158989e-07
0.265608778295 5.051 0.990439106944 -1.43669292962e-07
0.265608778295 5.152 0.990893835306 -1.46071628712e-07
0.265608778295 5.253 0.991320713555 -1.48474177015e-07
0.265608778295 5.354 0.991721871919 -1.50877015288e-07
0.265608778295 5.455 0.992098310929 -1.53278955853e-07
0.265608778295 5.556 0.992452786502 -1.55681282233e-07
0.265608778295 5.657 0.992786453309 -1.58083381652e-07
0.265608778295 5.758 0.993100840255 -1.60485324569e-07
0.265608778295 5.859 0.99339745334 -1.62887353966e-07
0.265608778295 5.96 0.993677278638 -1.65289049356e-07
0.265608778295 6.061 0.993941736069 -1.67690896041e-07
0.265608778295 6.162 0.994191639015 -1.70092463559e-07
0.265608778295 6.263 0.994428118566 -1.72494068956e-07
0.265608778295 6.364 0.994652006765 -1.74895608547e-07
0.265608778295 6.465 0.9948640705 -1.77296949197e-07
0.265608778295 6.566 0.995065249401 -1.79698530653e-07
0.265608778295 6.667 0.995255939206 -1.82099599936e-07
0.265608778295 6.768 0.995437126985 -1.84501025316e-07
0.265608778295 6.869 0.995609137981 -1.86902075033e-07
0.265608778295 6.97 0.99577269615 -1.89303210683e-07
0.265608778295 7.071 0.995928301431 -1.91704408269e-07
0.265608778295 7.172 0.996076309763 -1.94105272028e-07
0.265608778295 7.273 0.996217360411 -1.96506440404e-07
0.265608778295 7.374 0.996351665721 -1.98907226159e-07
0.265608778295 7.475 0.996479755089 -2.01308135522e-07
0.265608778295 7.576 0.996601960918 -2.03709088686e-07
0.265608778295 7.677 0.996718536764 -2.06109750637e-07
0.265608778295 7.778 0.99682993348 -2.08510707561e-07
0.265608778295 7.879 0.996936291582 -2.10911299973e-07
0.265608778295 7.98 0.997037993377 -2.13312017144e-07
0.265608778295 8.081 0.99713527519 -2.15712792553e-07
0.265608778295 8.182 0.9972283092 -2.18113284978e-07
0.265608778295 8.283 0.997317424338 -2.20514045768e-07
0.265608778295 8.384 0.997402726471 -2.22914519611e-07
0.265608778295 8.485 0.997484476103 -2.25315058739e-07
0.265608778295 8.586 0.997562865962 -2.27715732252e-07
0.265608778295 8.687 0.997637992219 -2.30116058525e-07
0.265608778295 8.788 0.997710110404 -2.32516631276e-07
0.265608778295 8.889 0.997779312149 -2.34917054086e-07
0.265608778295 8.99 0.997845755933 -2.37317420417e-07
0.265608778295 9.091 0.99790961499 -2.39718019893e-07
0.265608778295 9.192 0.997970934094 -2.42118222673e-07
0.265608778295 9.293 0.998029909961 -2.44518619507e-07
0.265608778295 9.394 0.99808663217 -2.46919038632e-07
0.265608778295 9.495 0.998141181038 -2.49319244182e-07
0.265608778295 9.596 0.998193706893 -2.51719674738e-07
0.265608778295 9.697 0.998244255599 -2.5411988775e-07
0.265608778295 9.798 0.998292945473 -2.56520138095e-07
0.265608778295 9.899 0.998339871655 -2.58920544372e-07
0.265608778295 10.0 0.998385068302 -2.61320621895e-07
0.291505306283 0.001 0.59411782542 -2.63357999462e-08
0.291505306283 0.102 0.618148090208 -2.8119328823e-08
0.291505306283 0.203 0.643498593649 -2.99893902272e-08
0.291505306283 0.304 0.669457687775 -3.19534918138e-08
0.291505306283 0.405 0.695354703621 -3.40064402914e-08
0.291505306283 0.506 0.720631456392 -3.61375391998e-08
0.291505306283 0.607 0.744837164969 -3.83323911539e-08
0.291505306283 0.708 0.767668762638 -4.05795188354e-08
0.291505306283 0.809 0.788928408426 -4.28674613841e-08
0.291505306283 0.91 0.80851300443 -4.51867067018e-08
0.291505306283 1.011 0.826418836977 -4.75302118721e-08
0.291505306283 1.112 0.84268757704 -4.98921492041e-08
0.291505306283 1.213 0.857392912308 -5.22676629785e-08
0.291505306283 1.314 0.870639908599 -5.46532409195e-08
0.291505306283 1.415 0.882551635313 -5.70467106538e-08
0.291505306283 1.516 0.893239997683 -5.94455648351e-08
0.291505306283 1.617 0.902815771424 -6.18477479953e-08
0.291505306283 1.718 0.911406888599 -6.42533064494e-08
0.291505306283 1.819 0.91911402435 -6.66611258458e-08
0.291505306283 1.92 0.926015680976 -6.90690285941e-08
0.291505306283 2.021 0.932218036193 -7.14781967104e-08
0.291505306283 2.122 0.937795221934 -7.38880269489e-08
0.291505306283 2.223 0.942815209878 -7.62980283092e-08
0.291505306283 2.324 0.947339723342 -7.87080195786e-08
0.291505306283 2.425 0.951424362923 -8.11179054443e-08
0.291505306283 2.526 0.955118877786 -8.35278345231e-08
0.291505306283 2.627 0.958467539214 -8.5938027423e-08
0.291505306283 2.728 0.961497385084 -8.83464468561e-08
0.291505306283 2.829 0.964250838902 -9.07545831279e-08
0.291505306283 2.93 0.966762839663 -9.31637462071e-08
0.291505306283 3.031 0.969046823554 -9.55711138384e-08
0.291505306283 3.132 0.97113461612 -9.79786960022e-08
0.291505306283 3.233 0.973044511846 -1.00386088737e-07
0.291505306283 3.334 0.974792886812 -1.02792769665e-07
0.291505306283 3.435 0.976398515648 -1.05199696334e-07
0.291505306283 3.536 0.977871600222 -1.07605475208e-07
0.291505306283 3.637 0.979230626947 -1.10012352543e-07
0.291505306283 3.738 0.980478437513 -1.12417000631e-07
0.291505306283 3.839 0.981633168052 -1.14822803595e-07
0.291505306283 3.94 0.982699807462 -1.17228141193e-07
0.291505306283 4.041 0.983685277769 -1.19632391004e-07
0.291505306283 4.142 0.984599336297 -1.22036905953e-07
0.291505306283 4.243 0.985447654934 -1.24441369811e-07
0.291505306283 4.344 0.986235652674 -1.26845605879e-07
0.291505306283 4.445 0.986968400634 -1.29249544347e-07
0.291505306283 4.546 0.987650575717 -1.31653198784e-07
0.291505306283 4.647 0.988286450338 -1.34056607197e-07
0.291505306283 4.748 0.988879904764 -1.36459846136e-07
0.291505306283 4.849 0.989434451793 -1.38863000697e-07
0.291505306283 4.95 0.989953266917 -1.41266159197e-07
0.291505306283 5.051 0.990439106944 -1.43669288667e-07
0.291505306283 5.152 0.990893835306 -1.46071628846e-07
0.291505306283 5.253 0.991320713554 -1.48474179475e-07
0.291505306283 5.354 0.991721871919 -1.50877014624e-07
0.291505306283 5.455 0.992098310929 -1.53278957409e-07
0.291505306283 5.556 0.992452786502 -1.55681282498e-07
0.291505306283 5.657 0.992786453309 -1.5808338254e-07
0.291505306283 5.758 0.993100840254 -1.60485323209e-07
0.291505306283 5.859 0.99339745334 -1.62887353419e-07
0.291505306283 5.96 0.993677278638 -1.65289050598e-07
0.291505306283 6.061 0.993941736069 -1.67690895047e-07
0.291505306283 6.162 0.994191639015 -1.70092463313e-07
0.291505306283 6.263 0.994428118566 -1.7249406971e-07
0.291505306283 6.364 0.994652006765 -1.74895607482e-07
0.291505306283 6.465 0.994864070499 -1.7729694837e-07
0.291505306283 6.566 0.995065249401 -1.79698528927e-07
0.291505306283 6.667 0.995255939206 -1.82099598701e-07
0.291505306283 6.768 0.995437126985 -1.84501023007e-07
0.291505306283 6.869 0.995609137981 -1.86902073382e-07
0.291505306283 6.97 0.99577269615 -1.89303209924e-07
0.291505306283 7.071 0.995928301431 -1.91704408636e-07
0.291505306283 7.172 0.996076309764 -1.94105270419e-07
0.291505306283 7.273 0.996217360411 -1.96506439197e-07
0.291505306283 7.374 0.996351665721 -1.98907224861e-07
0.291505306283 7.475 0.996479755088 -2.0130813455e-07
0.291505306283 7.576 0.996601960918 -2.03709088257e-07
0.291505306283 7.677 0.996718536764 -2.061097502e-07
0.291505306283 7.778 0.99682993348 -2.08510705322e-07
0.291505306283 7.879 0.996936291582 -2.10911299435e-07
0.291505306283 7.98 0.997037993377 -2.1331201635e-07
0.291505306283 8.081 0.99713527519 -2.15712792727e-07
0.291505306283 8.182 0.9972283092 -2.18113283496e-07
0.291505306283 8.283 0.997317424338 -2.20514043384e-07
0.291505306283 8.384 0.997402726471 -2.22914518379e-07
0.291505306283 8.485 0.997484476103 -2.25315056952e-07
0.291505306283 8.586 0.997562865962 -2.27715729518e-07
0.291505306283 8.687 0.997637992219 -2.3011605621e-07
0.291505306283 8.788 0.997710110404 -2.32516630107e-07
0.291505306283 8.889 0.997779312149 -2.34917053916e-07
0.291505306283 8.99 0.997845755933 -2.37317420163e-07
0.291505306283 9.091 0.99790961499 -2.39718018502e-07
0.291505306283 9.192 0.997970934094 -2.42118221099e-07
0.291505306283 9.293 0.998029909961 -2.44518618795e-07
0.291505306283 9.394 0.99808663217 -2.46919036647e-07
0.291505306283 9.495 0.998141181038 -2.49319241618e-07
0.291505306283 9.596 0.998193706893 -2.51719673694e-07
0.291505306283 9.697 0.998244255599 -2.54119886124e-07
0.291505306283 9.798 0.998292945473 -2.56520137478e-07
0.291505306283 9.899 0.998339871655 -2.58920541647e-07
0.291505306283 10.0 0.998385068302 -2.61320620658e-07
0.31992671378 0.001 0.594117824287 -2.63355702079e-08
0.31992671378 0.102 0.618148078067 -2.8119402235e-08
0.31992671378 0.203 0.643498594096 -2.99892649373e-08
0.31992671378 0.304 0.669457687464 -3.19538118493e-08
0.31992671378 0.405 0.695354713992 -3.40067157331e-08
0.31992671378 0.506 0.720631459823 -3.6137531321e-08
0.31992671378 0.607 0.744837159648 -3.83324566635e-08
0.31992671378 0.708 0.767668767255 -4.0579444673e-08
0.31992671378 0.809 0.788928410577 -4.28675490954e-08
0.31992671378 0.91 0.808513005701 -4.51867544985e-08
0.31992671378 1.011 0.826418833774 -4.75302725499e-08
0.31992671378 1.112 0.842687579691 -4.98922295902e-08
0.31992671378 1.213 0.857392910165 -5.22676463319e-08
0.31992671378 1.314 0.870639911889 -5.46532780277e-08
0.31992671378 1.415 0.882551634775 -5.70467856073e-08
0.31992671378 1.516 0.893239999009 -5.94455600118e-08
0.31992671378 1.617 0.90281577106 -6.18477082501e-08
0.31992671378 1.718 0.911406888827 -6.42533355618e-08
0.31992671378 1.819 0.919114024317 -6.66611247446e-08
0.31992671378 1.92 0.926015681036 -6.90689965136e-08
0.31992671378 2.021 0.932218036482 -7.14782316281e-08
0.31992671378 2.122 0.937795221488 -7.38880223266e-08
0.31992671378 2.223 0.942815210104 -7.62980007204e-08
0.31992671378 2.324 0.947339723377 -7.87080451263e-08
0.31992671378 2.425 0.951424362786 -8.11178991957e-08
0.31992671378 2.526 0.955118877871 -8.3527826503e-08
0.31992671378 2.627 0.958467539197 -8.59380354384e-08
0.31992671378 2.728 0.961497385087 -8.83464414787e-08
0.31992671378 2.829 0.964250838882 -9.07545882919e-08
0.31992671378 2.93 0.966762839672 -9.31637470973e-08
0.31992671378 3.031 0.969046823523 -9.55711115482e-08
0.31992671378 3.132 0.97113461614 -9.79786909636e-08
0.31992671378 3.233 0.973044511827 -1.00386082331e-07
0.31992671378 3.334 0.974792886814 -1.02792774326e-07
0.31992671378 3.435 0.976398515637 -1.0519969572e-07
0.31992671378 3.536 0.977871600221 -1.07605479804e-07
0.31992671378 3.637 0.979230626945 -1.10012351762e-07
0.31992671378 3.738 0.980478437514 -1.12417003217e-07
0.31992671378 3.839 0.98163316805 -1.14822805498e-07
0.31992671378 3.94 0.982699807461 -1.17228139671e-07
0.31992671378 4.041 0.983685277762 -1.19632390306e-07
0.31992671378 4.142 0.984599336298 -1.22036906985e-07
0.31992671378 4.243 0.985447654935 -1.24441369264e-07
0.31992671378 4.344 0.986235652678 -1.26845602259e-07
0.31992671378 4.445 0.986968400634 -1.29249544842e-07
0.31992671378 4.546 0.987650575719 -1.31653195873e-07
0.31992671378 4.647 0.988286450338 -1.34056608548e-07
0.31992671378 4.748 0.988879904762 -1.36459845391e-07
0.31992671378 4.849 0.989434451796 -1.38863001112e-07
0.31992671378 4.95 0.989953266917 -1.41266160284e-07
0.31992671378 5.051 0.990439106944 -1.43669290537e-07
0.31992671378 5.152 0.990893835307 -1.46071628585e-07
0.31992671378 5.253 0.991320713556 -1.48474178384e-07
0.31992671378 5.354 0.991721871919 -1.50877015413e-07
0.31992671378 5.455 0.992098310929 -1.53278954334e-07
0.31992671378 5.556 0.992452786501 -1.55681281802e-07
0.31992671378 5.657 0.99278645331 -1.58083378666e-07
0.31992671378 5.758 0.993100840255 -1.60485323567e-07
0.31992671378 5.859 0.99339745334 -1.62887355945e-07
0.31992671378 5.96 0.993677278638 -1.65289050817e-07
0.31992671378 6.061 0.993941736068 -1.67690895468e-07
0.31992671378 6.162 0.994191639015 -1.70092461344e-07
0.31992671378 6.263 0.994428118566 -1.72494069919e-07
0.31992671378 6.364 0.994652006765 -1.74895604875e-07
0.31992671378 6.465 0.994864070499 -1.77296948439e-07
0.31992671378 6.566 0.995065249401 -1.79698529243e-07
0.31992671378 6.667 0.995255939206 -1.8209959784e-07
0.31992671378 6.768 0.995437126985 -1.84501021671e-07
0.31992671378 6.869 0.995609137981 -1.86902072692e-07
0.31992671378 6.97 0.99577269615 -1.89303209114e-07
0.31992671378 7.071 0.995928301431 -1.91704409012e-07
0.31992671378 7.172 0.996076309763 -1.94105269824e-07
0.31992671378 7.273 0.996217360411 -1.9650643781e-07
0.31992671378 7.374 0.996351665722 -1.98907224868e-07
0.31992671378 7.475 0.996479755089 -2.01308133838e-07
0.31992671378 7.576 0.996601960918 -2.03709087707e-07
0.31992671378 7.677 0.996718536764 -2.06109750159e-07
0.31992671378 7.778 0.99682993348 -2.08510705321e-07
0.31992671378 7.879 0.996936291582 -2.10911297849e-07
0.31992671378 7.98 0.997037993377 -2.13312015371e-07
0.31992671378 8.081 0.99713527519 -2.1571279084e-07
0.31992671378 8.182 0.9972283092 -2.18113283665e-07
0.31992671378 8.283 0.997317424338 -2.20514042187e-07
0.31992671378 8.384 0.997402726471 -2.22914516847e-07
0.31992671378 8.485 0.997484476103 -2.25315055696e-07
0.31992671378 8.586 0.997562865962 -2.27715729398e-07
0.31992671378 8.687 0.997637992219 -2.30116055425e-07
0.31992671378 8.788 0.997710110404 -2.32516630031e-07
0.31992671378 8.889 0.997779312149 -2.34917051831e-07
0.31992671378 8.99 0.997845755933 -2.37317418429e-07
0.31992671378 9.091 0.99790961499 -2.39718017733e-07
0.31992671378 9.192 0.997970934094 -2.42118219922e-07
0.31992671378 9.293 0.998029909961 -2.44518617147e-07
0.31992671378 9.394 0.99808663217 -2.46919035203e-07
0.31992671378 9.495 0.998141181038 -2.4931924051e-07
0.31992671378 9.596 0.998193706893 -2.51719672325e-07
0.31992671378 9.697 0.998244255599 -2.5411988402e-07
0.31992671378 9.798 0.998292945473 -2.56520135439e-07
0.31992671378 9.899 0.998339871655 -2.5892054038e-07
0.31992671378 10.0 0.998385068302 -2.61320618795e-07
0.351119173422 0.001 0.594117823561 -2.63357699979e-08
0.351119173422 0.102 0.618148092793 -2.81193314764e-08
0.351119173422 0.203 0.643498592188 -2.99896895535e-08
0.351119173422 0.304 0.669457688171 -3.19535844121e-08
0.351119173422 0.405 0.695354705014 -3.4006653728e-08
0.351119173422 0.506 0.720631461851 -3.61374094466e-08
0.351119173422 0.607 0.744837163635 -3.83324211299e-08
0.351119173422 0.708 0.767668762509 -4.05795151683e-08
0.351119173422 0.809 0.788928407423 -4.28674202937e-08
0.351119173422 0.91 0.808513001534 -4.51867755881e-08
0.351119173422 1.011 0.826418834524 -4.75302420311e-08
0.351119173422 1.112 0.84268757708 -4.98921829209e-08
0.351119173422 1.213 0.857392912989 -5.22676667623e-08
0.351119173422 1.314 0.870639908355 -5.46532228016e-08
0.351119173422 1.415 0.882551634745 -5.70467173551e-08
0.351119173422 1.516 0.893239997979 -5.94455719754e-08
0.351119173422 1.617 0.902815771409 -6.18477511309e-08
0.351119173422 1.718 0.911406888534 -6.42533020125e-08
0.351119173422 1.819 0.919114024326 -6.66611335145e-08
0.351119173422 1.92 0.926015680904 -6.9069022972e-08
0.351119173422 2.021 0.932218036023 -7.14782004832e-08
0.351119173422 2.122 0.937795221791 -7.38880206278e-08
0.351119173422 2.223 0.942815209717 -7.62980301136e-08
0.351119173422 2.324 0.947339723213 -7.87080146323e-08
0.351119173422 2.425 0.951424362856 -8.11179093625e-08
0.351119173422 2.526 0.955118877721 -8.35278369363e-08
0.351119173422 2.627 0.958467539221 -8.59380216641e-08
0.351119173422 2.728 0.961497385089 -8.83464474898e-08
0.351119173422 2.829 0.964250838881 -9.07545872122e-08
0.351119173422 2.93 0.966762839663 -9.31637454071e-08
0.351119173422 3.031 0.969046823548 -9.55711112613e-08
0.351119173422 3.132 0.971134616118 -9.79786949512e-08
0.351119173422 3.233 0.973044511837 -1.00386083757e-07
0.351119173422 3.334 0.974792886829 -1.02792767545e-07
0.351119173422 3.435 0.976398515641 -1.05199695598e-07
0.351119173422 3.536 0.977871600232 -1.07605473385e-07
0.351119173422 3.637 0.979230626948 -1.10012355524e-07
0.351119173422 3.738 0.980478437508 -1.12416997942e-07
0.351119173422 3.839 0.981633168051 -1.14822804056e-07
0.351119173422 3.94 0.982699807462 -1.17228141272e-07
0.351119173422 4.041 0.983685277769 -1.19632390024e-07
0.351119173422 4.142 0.984599336296 -1.22036906769e-07
0.351119173422 4.243 0.985447654935 -1.24441368152e-07
0.351119173422 4.344 0.986235652675 -1.2684560321e-07
0.351119173422 4.445 0.986968400634 -1.29249544289e-07
0.351119173422 4.546 0.987650575716 -1.31653198013e-07
0.351119173422 4.647 0.988286450338 -1.34056606394e-07
0.351119173422 4.748 0.988879904761 -1.36459846468e-07
0.351119173422 4.849 0.989434451796 -1.38862999942e-07
0.351119173422 4.95 0.989953266918 -1.41266160182e-07
0.351119173422 5.051 0.990439106944 -1.43669290545e-07
0.351119173422 5.152 0.990893835306 -1.46071627711e-07
0.351119173422 5.253 0.991320713555 -1.48474178389e-07
0.351119173422 5.354 0.991721871919 -1.50877016074e-07
0.351119173422 5.455 0.992098310929 -1.53278955355e-07
0.351119173422 5.556 0.992452786502 -1.5568127971e-07
0.351119173422 5.657 0.99278645331 -1.58083379231e-07
0.351119173422 5.758 0.993100840254 -1.60485321635e-07
0.351119173422 5.859 0.99339745334 -1.62887354398e-07
0.351119173422 5.96 0.993677278638 -1.65289047732e-07
0.351119173422 6.061 0.993941736069 -1.67690894794e-07
0.351119173422 6.162 0.994191639015 -1.70092463204e-07
0.351119173422 6.263 0.994428118566 -1.724940686e-07
0.351119173422 6.364 0.994652006765 -1.74895606195e-07
0.351119173422 6.465 0.9948640705 -1.77296946734e-07
0.351119173422 6.566 0.995065249401 -1.79698527684e-07
0.351119173422 6.667 0.995255939206 -1.82099597701e-07
0.351119173422 6.768 0.995437126985 -1.84501022104e-07
0.351119173422 6.869 0.995609137981 -1.86902072112e-07
0.351119173422 6.97 0.995772696149 -1.89303209014e-07
0.351119173422 7.071 0.995928301431 -1.91704407505e-07
0.351119173422 7.172 0.996076309764 -1.94105269285e-07
0.351119173422 7.273 0.996217360411 -1.96506438551e-07
0.351119173422 7.374 0.996351665722 -1.98907224203e-07
0.351119173422 7.475 0.996479755089 -2.01308133292e-07
0.351119173422 7.576 0.996601960918 -2.03709086108e-07
0.351119173422 7.677 0.996718536764 -2.0610974904e-07
0.351119173422 7.778 0.99682993348 -2.08510703995e-07
0.351119173422 7.879 0.996936291582 -2.10911297098e-07
0.351119173422 7.98 0.997037993377 -2.13312015291e-07
0.351119173422 8.081 0.99713527519 -2.15712790644e-07
0.351119173422 8.182 0.9972283092 -2.18113282147e-07
0.351119173422 8.283 0.997317424338 -2.20514042229e-07
0.351119173422 8.384 0.997402726471 -2.22914515801e-07
0.351119173422 8.485 0.997484476103 -2.25315054482e-07
0.351119173422 8.586 0.997562865962 -2.27715728207e-07
0.351119173422 8.687 0.997637992219 -2.30116055435e-07
0.351119173422 8.788 0.997710110404 -2.32516628295e-07
0.351119173422 8.889 0.997779312149 -2.34917051262e-07
0.351119173422 8.99 0.997845755933 -2.3731741824e-07
0.351119173422 9.091 0.99790961499 -2.39718015286e-07
0.351119173422 9.192 0.997970934094 -2.42118219325e-07
0.351119173422 9.293 0.998029909961 -2.44518616168e-07
0.351119173422 9.394 0.99808663217 -2.46919035311e-07
0.351119173422 9.495 0.998141181038 -2.49319240242e-07
0.351119173422 9.596 0.998193706893 -2.5171967106e-07
0.351119173422 9.697 0.998244255599 -2.54119883417e-07
0.351119173422 9.798 0.998292945473 -2.56520135245e-07
0.351119173422 9.899 0.998339871655 -2.58920539796e-07
0.351119173422 10.0 0.998385068302 -2.61320617852e-07
0.385352859371 0.001 0.594117826469 -2.63355005223e-08
0.385352859371 0.102 0.618148100764 -2.81194499539e-08
0.385352859371 0.203 0.64349859462 -2.99893575609e-08
0.385352859371 0.304 0.66945768706 -3.19537390089e-08
0.385352859371 0.405 0.695354705718 -3.40066719362e-08
0.385352859371 0.506 0.720631459691 -3.61373812759e-08
0.385352859371 0.607 0.744837160323 -3.8332526752e-08
0.385352859371 0.708 0.767668762925 -4.05794495053e-08
0.385352859371 0.809 0.788928408366 -4.28674700299e-08
0.385352859371 0.91 0.808513004803 -4.51866830964e-08
0.385352859371 1.011 0.826418835366 -4.75302108734e-08
0.385352859371 1.112 0.842687576613 -4.98921588099e-08
0.385352859371 1.213 0.85739291221 -5.22676469023e-08
0.385352859371 1.314 0.870639908888 -5.46532340933e-08
0.385352859371 1.415 0.882551635086 -5.70467107294e-08
0.385352859371 1.516 0.89323999774 -5.94455600452e-08
0.385352859371 1.617 0.902815771557 -6.18477427251e-08
0.385352859371 1.718 0.911406888537 -6.42533079493e-08
0.385352859371 1.819 0.919114024374 -6.66611233754e-08
0.385352859371 1.92 0.926015680893 -6.90690267808e-08
0.385352859371 2.021 0.932218036251 -7.14781975314e-08
0.385352859371 2.122 0.937795221887 -7.38880233361e-08
0.385352859371 2.223 0.942815209898 -7.62980292348e-08
0.385352859371 2.324 0.94733972332 -7.87080179187e-08
0.385352859371 2.425 0.951424362927 -8.11179046101e-08
0.385352859371 2.526 0.955118877777 -8.35278328612e-08
0.385352859371 2.627 0.958467539218 -8.59380268272e-08
0.385352859371 2.728 0.961497385095 -8.8346452038e-08
0.385352859371 2.829 0.964250838888 -9.07545863618e-08
0.385352859371 2.93 0.966762839661 -9.31637438428e-08
0.385352859371 3.031 0.969046823551 -9.55711092342e-08
0.385352859371 3.132 0.971134616121 -9.79786897043e-08
0.385352859371 3.233 0.973044511853 -1.00386085023e-07
0.385352859371 3.334 0.974792886804 -1.02792771099e-07
0.385352859371 3.435 0.976398515642 -1.05199691678e-07
0.385352859371 3.536 0.977871600222 -1.0760547689e-07
0.385352859371 3.637 0.979230626946 -1.10012351711e-07
0.385352859371 3.738 0.98047843751 -1.12417002509e-07
0.385352859371 3.839 0.981633168054 -1.14822803491e-07
0.385352859371 3.94 0.982699807461 -1.17228140809e-07
0.385352859371 4.041 0.983685277764 -1.19632390494e-07
0.385352859371 4.142 0.984599336297 -1.22036903264e-07
0.385352859371 4.243 0.985447654939 -1.24441368736e-07
0.385352859371 4.344 0.986235652677 -1.26845601297e-07
0.385352859371 4.445 0.986968400632 -1.29249545158e-07
0.385352859371 4.546 0.987650575718 -1.3165319392e-07
0.385352859371 4.647 0.98828645034 -1.34056606469e-07
0.385352859371 4.748 0.988879904761 -1.36459845164e-07
0.385352859371 4.849 0.989434451792 -1.38862999469e-07
0.385352859371 4.95 0.989953266917 -1.41266159534e-07
0.385352859371 5.051 0.990439106944 -1.43669288127e-07
0.385352859371 5.152 0.990893835306 -1.46071630675e-07
0.385352859371 5.253 0.991320713555 -1.48474178779e-07
0.385352859371 5.354 0.991721871919 -1.5087701495e-07
0.385352859371 5.455 0.99209831093 -1.53278954989e-07
0.385352859371 5.556 0.992452786501 -1.55681278806e-07
0.385352859371 5.657 0.992786453309 -1.58083379258e-07
0.385352859371 5.758 0.993100840254 -1.60485321568e-07
0.385352859371 5.859 0.99339745334 -1.62887353031e-07
0.385352859371 5.96 0.993677278638 -1.65289047871e-07
0.385352859371 6.061 0.993941736068 -1.67690895139e-07
0.385352859371 6.162 0.994191639016 -1.7009246247e-07
0.385352859371 6.263 0.994428118566 -1.72494067135e-07
0.385352859371 6.364 0.994652006765 -1.74895605318e-07
0.385352859371 6.465 0.9948640705 -1.77296947547e-07
0.385352859371 6.566 0.995065249401 -1.79698527925e-07
0.385352859371 6.667 0.995255939206 -1.82099597392e-07
0.385352859371 6.768 0.995437126985 -1.84501022374e-07
0.385352859371 6.869 0.995609137981 -1.8690207281e-07
0.385352859371 6.97 0.995772696149 -1.89303208089e-07
0.385352859371 7.071 0.995928301431 -1.91704406278e-07
0.385352859371 7.172 0.996076309763 -1.94105269229e-07
0.385352859371 7.273 0.996217360411 -1.96506437503e-07
0.385352859371 7.374 0.996351665721 -1.98907223199e-07
0.385352859371 7.475 0.996479755089 -2.013081332e-07
0.385352859371 7.576 0.996601960918 -2.03709085803e-07
0.385352859371 7.677 0.996718536764 -2.06109748292e-07
0.385352859371 7.778 0.99682993348 -2.08510703013e-07
0.385352859371 7.879 0.996936291582 -2.10911296534e-07
0.385352859371 7.98 0.997037993377 -2.13312014704e-07
0.385352859371 8.081 0.99713527519 -2.15712790294e-07
0.385352859371 8.182 0.9972283092 -2.18113281472e-07
0.385352859371 8.283 0.997317424338 -2.20514041326e-07
0.385352859371 8.384 0.997402726471 -2.2291451548e-07
0.385352859371 8.485 0.997484476103 -2.25315054483e-07
0.385352859371 8.586 0.997562865962 -2.27715727777e-07
0.385352859371 8.687 0.997637992219 -2.30116054231e-07
0.385352859371 8.788 0.997710110404 -2.32516627568e-07
0.385352859371 8.889 0.997779312149 -2.34917050908e-07
0.385352859371 8.99 0.997845755933 -2.37317417132e-07
0.385352859371 9.091 0.99790961499 -2.39718015624e-07
0.385352859371 9.192 0.997970934094 -2.42118217993e-07
0.385352859371 9.293 0.998029909961 -2.44518615625e-07
0.385352859371 9.394 0.99808663217 -2.46919034275e-07
0.385352859371 9.495 0.998141181038 -2.49319239383e-07
0.385352859371 9.596 0.998193706893 -2.51719670477e-07
0.385352859371 9.697 0.998244255599 -2.54119882748e-07
0.385352859371 9.798 0.998292945473 -2.56520133444e-07
0.385352859371 9.899 0.998339871655 -2.58920539279e-07
0.385352859371 10.0 0.998385068302 -2.6132061704e-07
0.422924287439 0.001 0.594117825754 -2.63357144805e-08
0.422924287439 0.102 0.618148084791 -2.81194604424e-08
0.422924287439 0.203 0.64349859341 -2.99894976815e-08
0.422924287439 0.304 0.669457687184 -3.19536979518e-08
0.422924287439 0.405 0.695354702519 -3.40066493734e-08
0.422924287439 0.506 0.720631465144 -3.61373405239e-08
0.422924287439 0.607 0.744837162663 -3.83324297813e-08
0.422924287439 0.708 0.767668761459 -4.05794977217e-08
0.422924287439 0.809 0.788928410006 -4.28675048147e-08
0.422924287439 0.91 0.80851300542 -4.51866339908e-08
0.422924287439 1.011 0.826418837124 -4.75301884132e-08
0.422924287439 1.112 0.84268757631 -4.98921389629e-08
0.422924287439 1.213 0.857392914153 -5.22676650483e-08
0.422924287439 1.314 0.870639908527 -5.4653247686e-08
0.422924287439 1.415 0.882551635478 -5.70467270123e-08
0.422924287439 1.516 0.893239997359 -5.94455335922e-08
0.422924287439 1.617 0.9028157716 -6.18476872893e-08
0.422924287439 1.718 0.91140688865 -6.42532630981e-08
0.422924287439 1.819 0.91911402434 -6.66611107329e-08
0.422924287439 1.92 0.926015680968 -6.90689981356e-08
0.422924287439 2.021 0.932218036131 -7.14781691276e-08
0.422924287439 2.122 0.937795222002 -7.38879927604e-08
0.422924287439 2.223 0.942815209904 -7.62980147708e-08
0.422924287439 2.324 0.947339723372 -7.87080088336e-08
0.422924287439 2.425 0.951424362941 -8.11179078388e-08
0.422924287439 2.526 0.955118877761 -8.35278343991e-08
0.422924287439 2.627 0.958467539219 -8.59380250167e-08
0.422924287439 2.728 0.9614973851 -8.83464521122e-08
0.422924287439 2.829 0.964250838886 -9.07545864982e-08
0.422924287439 2.93 0.966762839663 -9.31637443887e-08
0.422924287439 3.031 0.969046823551 -9.55711107555e-08
0.422924287439 3.132 0.971134616124 -9.7978691373e-08
0.422924287439 3.233 0.973044511849 -1.00386085979e-07
0.422924287439 3.334 0.974792886816 -1.02792768002e-07
0.422924287439 3.435 0.976398515638 -1.05199690151e-07
0.422924287439 3.536 0.977871600237 -1.0760547514e-07
0.422924287439 3.637 0.979230626945 -1.10012352396e-07
0.422924287439 3.738 0.980478437512 -1.12416998608e-07
0.422924287439 3.839 0.981633168049 -1.1482280302e-07
0.422924287439 3.94 0.982699807463 -1.17228139713e-07
0.422924287439 4.041 0.983685277769 -1.19632388536e-07
0.422924287439 4.142 0.984599336292 -1.2203690608e-07
0.422924287439 4.243 0.985447654937 -1.24441367985e-07
0.422924287439 4.344 0.986235652674 -1.26845603435e-07
0.422924287439 4.445 0.986968400634 -1.29249543609e-07
0.422924287439 4.546 0.987650575718 -1.31653195714e-07
0.422924287439 4.647 0.988286450339 -1.34056606227e-07
0.422924287439 4.748 0.988879904762 -1.36459845528e-07
0.422924287439 4.849 0.989434451795 -1.38862999647e-07
0.422924287439 4.95 0.989953266918 -1.41266158479e-07
0.422924287439 5.051 0.990439106944 -1.43669288672e-07
0.422924287439 5.152 0.990893835305 -1.46071628512e-07
0.422924287439 5.253 0.991320713555 -1.48474177551e-07
0.422924287439 5.354 0.991721871919 -1.50877013754e-07
0.422924287439 5.455 0.992098310929 -1.53278953531e-07
0.422924287439 5.556 0.992452786502 -1.55681277979e-07
0.422924287439 5.657 0.99278645331 -1.58083379849e-07
0.422924287439 5.758 0.993100840254 -1.60485321079e-07
0.422924287439 5.859 0.99339745334 -1.62887353957e-07
0.422924287439 5.96 0.993677278638 -1.65289048352e-07
0.422924287439 6.061 0.993941736068 -1.67690894777e-07
0.422924287439 6.162 0.994191639015 -1.70092461196e-07
0.422924287439 6.263 0.994428118566 -1.72494066467e-07
0.422924287439 6.364 0.994652006764 -1.74895604132e-07
0.422924287439 6.465 0.994864070499 -1.77296946382e-07
0.422924287439 6.566 0.995065249401 -1.79698527812e-07
0.422924287439 6.667 0.995255939206 -1.82099596059e-07
0.422924287439 6.768 0.995437126985 -1.84501021782e-07
0.422924287439 6.869 0.995609137981 -1.86902071739e-07
0.422924287439 6.97 0.995772696149 -1.89303207727e-07
0.422924287439 7.071 0.995928301431 -1.91704405916e-07
0.422924287439 7.172 0.996076309764 -1.9410526791e-07
0.422924287439 7.273 0.996217360411 -1.96506437328e-07
0.422924287439 7.374 0.996351665722 -1.98907223215e-07
0.422924287439 7.475 0.996479755089 -2.0130813229e-07
0.422924287439 7.576 0.996601960918 -2.03709084941e-07
0.422924287439 7.677 0.996718536764 -2.06109748124e-07
0.422924287439 7.778 0.99682993348 -2.08510703042e-07
0.422924287439 7.879 0.996936291582 -2.1091129614e-07
0.422924287439 7.98 0.997037993377 -2.13312014499e-07
0.422924287439 8.081 0.99713527519 -2.15712789449e-07
0.422924287439 8.182 0.9972283092 -2.18113280941e-07
0.422924287439 8.283 0.997317424338 -2.20514040955e-07
0.422924287439 8.384 0.997402726471 -2.22914514689e-07
0.422924287439 8.485 0.997484476103 -2.25315053643e-07
0.422924287439 8.586 0.997562865962 -2.27715727457e-07
0.422924287439 8.687 0.997637992219 -2.30116053784e-07
0.422924287439 8.788 0.997710110404 -2.32516627131e-07
0.422924287439 8.889 0.997779312149 -2.34917050319e-07
0.422924287439 8.99 0.997845755933 -2.37317416304e-07
0.422924287439 9.091 0.99790961499 -2.39718014261e-07
0.422924287439 9.192 0.997970934094 -2.4211821738e-07
0.422924287439 9.293 0.998029909961 -2.44518615278e-07
0.422924287439 9.394 0.99808663217 -2.46919033732e-07
0.422924287439 9.495 0.998141181038 -2.49319238618e-07
0.422924287439 9.596 0.998193706893 -2.51719669968e-07
0.422924287439 9.697 0.998244255599 -2.54119881407e-07
0.422924287439 9.798 0.998292945473 -2.56520132812e-07
0.422924287439 9.899 0.998339871655 -2.58920538282e-07
0.422924287439 10.0 0.998385068302 -2.61320616896e-07
0.464158883361 0.001 0.627582137107 -1.6528380275e-07
0.464158883361 0.102 0.65024686029 -1.75265518325e-07
0.464158883361 0.203 0.674056564669 -1.8565823093e-07
0.464158883361 0.304 0.698335781734 -1.96501835777e-07
0.464158883361 0.405 0.722458384487 -2.07761961692e-07
0.464158883361 0.506 0.74591217735 -2.19371539052e-07
0.464158883361 0.607 0.768291092299 -2.31256524119e-07
0.464158883361 0.708 0.789329523859 -2.43350051148e-07
0.464158883361 0.809 0.808860296453 -2.5559107179e-07
0.464158883361 0.91 0.826803245987 -2.67928846074e-07
0.464158883361 1.011 0.843168139414 -2.80328967633e-07
0.464158883361 1.112 0.85800448326 -2.92761478513e-07
0.464158883361 1.213 0.87138914112 -3.05202834765e-07
0.464158883361 1.314 0.883425754485 -3.17637268556e-07
0.464158883361 1.415 0.894232645638 -3.30055818952e-07
0.464158883361 1.516 0.903916579739 -3.42446868948e-07
0.464158883361 1.617 0.912582123504 -3.54802994986e-07
0.464158883361 1.718 0.920348376512 -3.67125831732e-07
0.464158883361 1.819 0.927308967275 -3.79411755413e-07
0.464158883361 1.92 0.933536888222 -3.91651222399e-07
0.464158883361 2.021 0.939129605955 -4.03852292736e-07
0.464158883361 2.122 0.944155259611 -4.16013467454e-07
0.464158883361 2.223 0.948676127468 -4.28134029447e-07
0.464158883361 2.324 0.952748613772 -4.4021425062e-07
0.464158883361 2.425 0.956423414311 -4.52255120311e-07
0.464158883361 2.526 0.959745803957 -4.64258517536e-07
0.464158883361 2.627 0.962756007451 -4.7622682054e-07
0.464158883361 2.728 0.965478665179 -4.88151144071e-07
0.464158883361 2.829 0.967952170395 -5.00039876263e-07
0.464158883361 2.93 0.970208123159 -5.11900441167e-07
0.464158883361 3.031 0.972258765373 -5.23719977032e-07
0.464158883361 3.132 0.974132815053 -5.35509314701e-07
0.464158883361 3.233 0.975846809149 -5.47267251447e-07
0.464158883361 3.334 0.977415539602 -5.58992109232e-07
0.464158883361 3.435 0.978855930173 -5.70689247334e-07
0.464158883361 3.536 0.98017719763 -5.82352766948e-07
0.464158883361 3.637 0.981395976325 -5.93994142486e-07
0.464158883361 3.738 0.982514859338 -6.05597984917e-07
0.464158883361 3.839 0.983550146126 -6.17181304189e-07
0.464158883361 3.94 0.984506339947 -6.28736865965e-07
0.464158883361 4.041 0.985389672273 -6.40262285695e-07
0.464158883361 4.142 0.986208910962 -6.51764640719e-07
0.464158883361 4.243 0.986969157684 -6.63242910409e-07
0.464158883361 4.344 0.987675284277 -6.74696774915e-07
0.464158883361 4.445 0.98833184814 -6.8612639948e-07
0.464158883361 4.546 0.988943051099 -6.97532323429e-07
0.464158883361 4.647 0.989512730594 -7.089151913e-07
0.464158883361 4.748 0.990044371074 -7.2027580504e-07
0.464158883361 4.849 0.990541126392 -7.3161497782e-07
0.464158883361 4.95 0.991005847044 -7.429335483e-07
0.464158883361 5.051 0.991441007524 -7.54231732289e-07
0.464158883361 5.152 0.991848281344 -7.65506329363e-07
0.464158883361 5.253 0.992230593536 -7.76762404798e-07
0.464158883361 5.354 0.992589855204 -7.88000683225e-07
0.464158883361 5.455 0.992926965281 -7.99215943719e-07
0.464158883361 5.556 0.993244394271 -8.10414522932e-07
0.464158883361 5.657 0.993543178339 -8.21593895941e-07
0.464158883361 5.758 0.993824688461 -8.32754650308e-07
0.464158883361 5.859 0.994090274816 -8.43898271104e-07
0.464158883361 5.96 0.994340821793 -8.55023041396e-07
0.464158883361 6.061 0.994577602028 -8.66131514772e-07
0.464158883361 6.162 0.994801344908 -8.77221962957e-07
0.464158883361 6.263 0.995013064115 -8.88296122452e-07
0.464158883361 6.364 0.995213505451 -8.99353755561e-07
0.464158883361 6.465 0.99540335627 -9.10394522435e-07
0.464158883361 6.566 0.995583458467 -9.2142066361e-07
0.464158883361 6.667 0.995754166931 -9.32428948342e-07
0.464158883361 6.768 0.995916365844 -9.43423611414e-07
0.464158883361 6.869 0.996070346846 -9.54401497068e-07
0.464158883361 6.97 0.996216758439 -9.65364947977e-07
0.464158883361 7.071 0.996356048535 -9.7631405898e-07
0.464158883361 7.172 0.996488536095 -9.87247213989e-07
0.464158883361 7.273 0.996614793654 -9.98167541367e-07
0.464158883361 7.374 0.996735011564 -1.00907209437e-06
0.464158883361 7.475 0.996849663937 -1.01996336876e-06
0.464158883361 7.576 0.996959048529 -1.03084117266e-06
0.464158883361 7.677 0.997063392493 -1.04170417941e-06
0.464158883361 7.778 0.997163099554 -1.05255520394e-06
0.464158883361 7.879 0.997258295644 -1.06339144791e-06
0.464158883361 7.98 0.997349323095 -1.07421528281e-06
0.464158883361 8.081 0.99743639356 -1.08502656515e-06
0.464158883361 8.182 0.997519661263 -1.09582391519e-06
0.464158883361 8.283 0.997599420713 -1.10660997163e-06
0.464158883361 8.384 0.997675766761 -1.11738239099e-06
0.464158883361 8.485 0.99774893265 -1.12814290099e-06
0.464158883361 8.586 0.99781909095 -1.13889195699e-06
0.464158883361 8.687 0.997886327808 -1.14962753724e-06
0.464158883361 8.788 0.997950871986 -1.16035244226e-06
0.464158883361 8.889 0.998012805553 -1.17106503478e-06
0.464158883361 8.99 0.998072270399 -1.18176585467e-06
0.464158883361 9.091 0.998129421613 -1.19245632135e-06
0.464158883361 9.192 0.998184299312 -1.20313377347e-06
0.464158883361 9.293 0.99823707959 -1.21380095576e-06
0.464158883361 9.394 0.998287842653 -1.22445721441e-06
0.464158883361 9.495 0.998336660417 -1.23510162977e-06
0.464158883361 9.596 0.998383667447 -1.24573626794e-06
0.464158883361 9.697 0.998428904819 -1.25635926648e-06
0.464158883361 9.798 0.998472478446 -1.26697188745e-06
0.464158883361 9.899 0.998514473495 -1.27757474239e-06
0.464158883361 10.0 0.998554920556 -1.28816581448e-06
0.509413801482 0.001 0.66403544336 -1.09682934602e-06
0.509413801482 0.102 0.685064817645 -1.15483238069e-06
0.509413801482 0.203 0.707061123863 -1.21479986335e-06
0.509413801482 0.304 0.729394427662 -1.2769369908e-06
0.509413801482 0.405 0.751490644923 -1.34102267093e-06
0.509413801482 0.506 0.772888632766 -1.40665796842e-06
0.509413801482 0.607 0.7932300302 -1.47341561161e-06
0.509413801482 0.708 0.812287569807 -1.54091909468e-06
0.509413801482 0.809 0.829924348262 -1.6088329866e-06
0.509413801482 0.91 0.846081824137 -1.67688584825e-06
0.509413801482 1.011 0.860781239822 -1.74490089322e-06
0.509413801482 1.112 0.874077799258 -1.81272841701e-06
0.509413801482 1.213 0.88604943604 -1.88025553667e-06
0.509413801482 1.314 0.896796315891 -1.94741248021e-06
0.509413801482 1.415 0.906430124778 -2.01416630148e-06
0.509413801482 1.516 0.915050889128 -2.08046952324e-06
0.509413801482 1.617 0.922755581943 -2.14629690273e-06
0.509413801482 1.718 0.929653166383 -2.21167074207e-06
0.509413801482 1.819 0.935829210086 -2.27658448962e-06
0.509413801482 1.92 0.941350403533 -2.3409999146e-06
0.509413801482 2.021 0.946304671219 -2.40497085202e-06
0.509413801482 2.122 0.950753559601 -2.46849991807e-06
0.509413801482 2.223 0.954753141797 -2.53159323878e-06
0.509413801482 2.324 0.958354066372 -2.5942615059e-06
0.509413801482 2.425 0.961601753169 -2.65651854131e-06
0.509413801482 2.526 0.964536687423 -2.71838217435e-06
0.509413801482 2.627 0.967194779413 -2.77987221613e-06
0.509413801482 2.728 0.969598093203 -2.84095030768e-06
0.509413801482 2.829 0.971780765888 -2.90166632984e-06
0.509413801482 2.93 0.97377087639 -2.96206440474e-06
0.509413801482 3.031 0.975579383664 -3.02208504405e-06
0.509413801482 3.132 0.977231745775 -3.08178900514e-06
0.509413801482 3.233 0.978742648529 -3.14117548112e-06
0.509413801482 3.334 0.980125218073 -3.20024108996e-06
0.509413801482 3.435 0.981394440991 -3.25901762e-06
0.509413801482 3.536 0.982558497662 -3.31748001551e-06
0.509413801482 3.637 0.983632091573 -3.37569007555e-06
0.509413801482 3.738 0.984617547439 -3.43357501939e-06
0.509413801482 3.839 0.985529254818 -3.4912236688e-06
0.509413801482 3.94 0.986371207034 -3.54860365775e-06
0.509413801482 4.041 0.987148914846 -3.60570679822e-06
0.509413801482 4.142 0.987870117508 -3.66257158865e-06
0.509413801482 4.243 0.988539322659 -3.71919618794e-06
0.509413801482 4.344 0.989160832753 -3.77558212295e-06
0.509413801482 4.445 0.989738671 -3.83173319933e-06
0.509413801482 4.546 0.990276545555 -3.8876549396e-06
0.509413801482 4.647 0.990777842104 -3.94335325707e-06
0.509413801482 4.748 0.991245634198 -3.9988347119e-06
0.509413801482 4.849 0.991682703219 -4.05410579814e-06
0.509413801482 4.95 0.992091562565 -4.10917301864e-06
0.509413801482 5.051 0.992474393924 -4.16403974389e-06
0.509413801482 5.152 0.992832673616 -4.21869271586e-06
0.509413801482 5.253 0.993168978284 -4.27315867494e-06
0.509413801482 5.354 0.99348499202 -4.32744317117e-06
0.509413801482 5.455 0.993781508169 -4.38152302203e-06
0.509413801482 5.556 0.994060702024 -4.43543074345e-06
0.509413801482 5.657 0.994323486906 -4.48915603607e-06
0.509413801482 5.758 0.994571070342 -4.54270354685e-06
0.509413801482 5.859 0.994804641299 -4.59608214674e-06
0.509413801482 5.96 0.995024978885 -4.64928530966e-06
0.509413801482 6.061 0.995233203452 -4.70232688856e-06
0.509413801482 6.162 0.995429957447 -4.75520021657e-06
0.509413801482 6.263 0.995616133182 -4.8079151142e-06
0.509413801482 6.364 0.995792387272 -4.86047193364e-06
0.509413801482 6.465 0.995959324835 -4.91287050962e-06
0.509413801482 6.566 0.99611768678 -4.96512286746e-06
0.509413801482 6.667 0.996267785709 -5.01721506247e-06
0.509413801482 6.768 0.996410399552 -5.06916845457e-06
0.509413801482 6.869 0.996545785169 -5.12096940774e-06
0.509413801482 6.97 0.996674513138 -5.17263022843e-06
0.509413801482 7.071 0.996796977617 -5.22415256096e-06
0.509413801482 7.172 0.996913459351 -5.27552998333e-06
0.509413801482 7.273 0.997024461985 -5.32677833643e-06
0.509413801482 7.374 0.997130153118 -5.37788490232e-06
0.509413801482 7.475 0.997230949799 -5.42886246702e-06
0.509413801482 7.576 0.997327113999 -5.47971117517e-06
0.509413801482 7.677 0.997418845596 -5.53042585761e-06
0.509413801482 7.778 0.99750649968 -5.58102065184e-06
0.509413801482 7.879 0.997590187106 -5.63148348327e-06
0.509413801482 7.98 0.997670208952 -5.68182635101e-06
0.509413801482 8.081 0.997746751399 -5.73204950297e-06
0.509413801482 8.182 0.997819950133 -5.78214743797e-06
0.509413801482 8.283 0.997890064149 -5.83213327752e-06
0.509413801482 8.384 0.997957176914 -5.88199701851e-06
0.509413801482 8.485 0.998021493543 -5.93174750249e-06
0.509413801482 8.586 0.99808316581 -5.981387644e-06
0.509413801482 8.687 0.998142269504 -6.03090891137e-06
0.509413801482 8.788 0.998199005779 -6.08032500549e-06
0.509413801482 8.889 0.998253446831 -6.12962914015e-06
0.509413801482 8.99 0.998305717434 -6.17882455109e-06
0.509413801482 9.091 0.99835595396 -6.22791848534e-06
0.509413801482 9.192 0.998404191713 -6.27689943769e-06
0.509413801482 9.293 0.99845058552 -6.3257807013e-06
0.509413801482 9.394 0.998495205918 -6.37455995354e-06
0.509413801482 9.495 0.998538116151 -6.42323365665e-06
0.509413801482 9.596 0.99857943453 -6.4718119095e-06
0.509413801482 9.697 0.998619197187 -6.52028684223e-06
0.509413801482 9.798 0.998657497242 -6.56866484392e-06
0.509413801482 9.899 0.998694409578 -6.61694930793e-06
0.509413801482 10.0 0.998729961103 -6.66513165412e-06
0.559081018251 0.001 0.702606151396 -7.27859956193e-06
0.559081018251 0.102 0.721747128722 -7.60924248099e-06
0.559081018251 0.203 0.741681720916 -7.94868452963e-06
0.559081018251 0.304 0.761834414074 -8.29797885614e-06
0.559081018251 0.405 0.781689577606 -8.65577986119e-06
0.559081018251 0.506 0.800840711278 -9.01979649988e-06
0.559081018251 0.607 0.818978492811 -9.38764245809e-06
0.559081018251 0.708 0.835913362062 -9.75726795675e-06
0.559081018251 0.809 0.851536942608 -1.01268935594e-05
0.559081018251 0.91 0.865809921054 -1.04951228256e-05
0.559081018251 1.011 0.87876226365 -1.08610934962e-05
0.559081018251 1.112 0.890452222642 -1.1224100693e-05
0.559081018251 1.213 0.900956376502 -1.15836436641e-05
0.559081018251 1.314 0.91036923942 -1.19394534065e-05
0.559081018251 1.415 0.918793979524 -1.2291453921e-05
0.559081018251 1.516 0.926322349277 -1.26394890116e-05
0.559081018251 1.617 0.933042454018 -1.29835160914e-05
0.559081018251 1.718 0.939052028365 -1.3323735484e-05
0.559081018251 1.819 0.944427738064 -1.36601907148e-05
0.559081018251 1.92 0.949229316389 -1.39927575525e-05
0.559081018251 2.021 0.953534554861 -1.43217827486e-05
0.559081018251 2.122 0.957397972306 -1.46473427479e-05
0.559081018251 2.223 0.960869084166 -1.49695279652e-05
0.559081018251 2.324 0.963992498395 -1.52884481852e-05
0.559081018251 2.425 0.966808128976 -1.56042252335e-05
0.559081018251 2.526 0.969351486143 -1.59169974631e-05
0.559081018251 2.627 0.971654016266 -1.62269095412e-05
0.559081018251 2.728 0.973735097677 -1.65338107853e-05
0.559081018251 2.829 0.97562450484 -1.68379921071e-05
0.559081018251 2.93 0.977346712598 -1.71397108348e-05
0.559081018251 3.031 0.978911343077 -1.74387046781e-05
0.559081018251 3.132 0.980340534878 -1.7735309567e-05
0.559081018251 3.233 0.981647081354 -1.80295520646e-05
0.559081018251 3.334 0.982842408557 -1.83214447301e-05
0.559081018251 3.435 0.983939535042 -1.86111721871e-05
0.559081018251 3.536 0.984945582963 -1.88986371799e-05
0.559081018251 3.637 0.98587330182 -1.91841681106e-05
0.559081018251 3.738 0.98672473552 -1.94674317079e-05
0.559081018251 3.839 0.987512345891 -1.97488851701e-05
0.559081018251 3.94 0.98823960658 -2.00283912102e-05
0.559081018251 4.041 0.988911298243 -2.03059305619e-05
0.559081018251 4.142 0.989534122252 -2.05817097215e-05
0.559081018251 4.243 0.990111985603 -2.08557378712e-05
0.559081018251 4.344 0.990648615621 -2.11280398798e-05
0.559081018251 4.445 0.991147496377 -2.1398650922e-05
0.559081018251 4.546 0.9916118381 -2.1667613703e-05
0.559081018251 4.647 0.992044571084 -2.19349720544e-05
0.559081018251 4.748 0.992448354866 -2.22007721781e-05
0.559081018251 4.849 0.992825595689 -2.24650592467e-05
0.559081018251 4.95 0.993178467562 -2.27278777971e-05
0.559081018251 5.051 0.993508857431 -2.29892568111e-05
0.559081018251 5.152 0.99381804288 -2.32491457591e-05
0.559081018251 5.253 0.994108250492 -2.35076838792e-05
0.559081018251 5.354 0.994380936088 -2.37649088362e-05
0.559081018251 5.455 0.994636786502 -2.40207219882e-05
0.559081018251 5.556 0.994877680667 -2.42752879215e-05
0.559081018251 5.657 0.995104408311 -2.45285682084e-05
0.559081018251 5.758 0.995318012769 -2.47805947489e-05
0.559081018251 5.859 0.995519521136 -2.50314188604e-05
0.559081018251 5.96 0.995709606711 -2.52810191587e-05
0.559081018251 6.061 0.995889237033 -2.55294695895e-05
0.559081018251 6.162 0.996058967206 -2.57767475674e-05
0.559081018251 6.263 0.996219567763 -2.60229074079e-05
0.559081018251 6.364 0.996371605808 -2.62679588222e-05
0.559081018251 6.465 0.996515603929 -2.65119089027e-05
0.559081018251 6.566 0.996652201758 -2.67548211827e-05
0.559081018251 6.667 0.996781669416 -2.69966382188e-05
0.559081018251 6.768 0.996904678329 -2.72374662982e-05
0.559081018251 6.869 0.997021450425 -2.74772490986e-05
0.559081018251 6.97 0.997132478172 -2.7716050325e-05
0.559081018251 7.071 0.997238101829 -2.79538840286e-05
0.559081018251 7.172 0.997338563804 -2.81907269129e-05
0.559081018251 7.273 0.997434298713 -2.84266581205e-05
0.559081018251 7.374 0.997525451321 -2.86616250553e-05
0.559081018251 7.475 0.9976123815 -2.88956923244e-05
0.559081018251 7.576 0.997695315353 -2.91288661723e-05
0.559081018251 7.677 0.997774425418 -2.93611284e-05
0.559081018251 7.778 0.997850018065 -2.95925490649e-05
0.559081018251 7.879 0.997922189022 -2.98230781192e-05
0.559081018251 7.98 0.997991198049 -3.00527754534e-05
0.559081018251 8.081 0.998057205807 -3.02816470673e-05
0.559081018251 8.182 0.998120329402 -3.05096727047e-05
0.559081018251 8.283 0.998180792262 -3.07369167448e-05
0.559081018251 8.384 0.998238666443 -3.0963338249e-05
0.559081018251 8.485 0.998294128894 -3.11889818234e-05
0.559081018251 8.586 0.998347310557 -3.1413864966e-05
0.559081018251 8.687 0.998398276845 -3.16379532668e-05
0.559081018251 8.788 0.99844720127 -3.18613128442e-05
0.559081018251 8.889 0.998494146132 -3.20839170155e-05
0.559081018251 8.99 0.998539219072 -3.2305784333e-05
0.559081018251 9.091 0.998582537719 -3.25269512732e-05
0.559081018251 9.192 0.998624132555 -3.27473697602e-05
0.559081018251 9.293 0.998664137116 -3.29671032892e-05
0.559081018251 9.394 0.998702612256 -3.3186144949e-05
0.559081018251 9.495 0.998739612537 -3.34044823629e-05
0.559081018251 9.596 0.99877524 -3.36221642333e-05
0.559081018251 9.697 0.998809525824 -3.38391586223e-05
0.559081018251 9.798 0.998842550323 -3.40554974102e-05
0.559081018251 9.899 0.998874378086 -3.42711989296e-05
0.559081018251 10.0 0.998905032334 -3.44862279898e-05
0.613590727341 0.001 0.743417251167 -4.83010522787e-05
0.613590727341 0.102 0.760393621743 -5.01376408409e-05
0.613590727341 0.203 0.777997483633 -5.20098722907e-05
0.613590727341 0.304 0.795717176409 -5.39231407603e-05
0.613590727341 0.405 0.813102065696 -5.58696930557e-05
0.613590727341 0.506 0.829803697001 -5.78368947717e-05
0.613590727341 0.607 0.845562757524 -5.98119296597e-05
0.613590727341 0.708 0.860226322359 -6.17840860747e-05
0.613590727341 0.809 0.873712364439 -6.37443252461e-05
0.613590727341 0.91 0.885998018171 -6.56858087502e-05
0.613590727341 1.011 0.897118896521 -6.76046143322e-05
0.613590727341 1.112 0.907133394169 -6.94976893303e-05
0.613590727341 1.213 0.916114112083 -7.13630663064e-05
0.613590727341 1.314 0.924147587804 -7.31999764271e-05
0.613590727341 1.415 0.931326479264 -7.50086223674e-05
0.613590727341 1.516 0.937732649588 -7.67887636369e-05
0.613590727341 1.617 0.943444004063 -7.85407134872e-05
0.613590727341 1.718 0.948545913534 -8.02659834806e-05
0.613590727341 1.819 0.953105270504 -8.19652471565e-05
0.613590727341 1.92 0.957174174156 -8.36383045984e-05
0.613590727341 2.021 0.9608196757 -8.52872960707e-05
0.613590727341 2.122 0.964088819989 -8.69129660498e-05
0.613590727341 2.223 0.967024203941 -8.85161028508e-05
0.613590727341 2.324 0.969664103873 -9.00975662557e-05
0.613590727341 2.425 0.972042693529 -9.16582517126e-05
0.613590727341 2.526 0.974190319497 -9.31991132924e-05
0.613590727341 2.627 0.976133812363 -9.47211140608e-05
0.613590727341 2.728 0.977889753595 -9.62237524344e-05
0.613590727341 2.829 0.979483447148 -9.77086770046e-05
0.613590727341 2.93 0.980935679826 -9.91773463908e-05
0.613590727341 3.031 0.982254682347 -0.000100628677359
0.613590727341 3.132 0.983459213723 -0.000102064484269
0.613590727341 3.233 0.984560133125 -0.000103485064621
0.613590727341 3.334 0.985567131878 -0.000104890640287
0.613590727341 3.435 0.9864912294 -0.000106282251453
0.613590727341 3.536 0.98733846759 -0.000107659574614
0.613590727341 3.637 0.988119618675 -0.000109024317357
0.613590727341 3.738 0.988836433212 -0.000110375015883
0.613590727341 3.839 0.989499427357 -0.000111713972653
0.613590727341 3.94 0.990111545277 -0.000113040647296
0.613590727341 4.041 0.99067682807 -0.000114355059649
0.613590727341 4.142 0.991200929907 -0.000115658292215
0.613590727341 4.243 0.991687150489 -0.000116950486119
0.613590727341 4.344 0.992138636242 -0.000118231852632
0.613590727341 4.445 0.99255832712 -0.000119502647356
0.613590727341 4.546 0.992948931158 -0.000120763156936
0.613590727341 4.647 0.993312919602 -0.000122013668992
0.613590727341 4.748 0.993652534847 -0.00012325447807
0.613590727341 4.849 0.993969805317 -0.000124485869903
0.613590727341 4.95 0.994266563339 -0.000125708123464
0.613590727341 5.051 0.994544399167 -0.000126921441973
0.613590727341 5.152 0.994804390107 -0.000128125657622
0.613590727341 5.253 0.995048411002 -0.000129321479356
0.613590727341 5.354 0.995277688136 -0.000130509141231
0.613590727341 5.455 0.995492800913 -0.000131688246742
0.613590727341 5.556 0.995695330752 -0.000132859611108
0.613590727341 5.657 0.995885943036 -0.000134023111141
0.613590727341 5.758 0.996065516165 -0.000135178945704
0.613590727341 5.859 0.996234914694 -0.000136327400199
0.613590727341 5.96 0.996394705597 -0.000137468425174
0.613590727341 6.061 0.996545703055 -0.000138602405355
0.613590727341 6.162 0.996688374434 -0.000139729282657
0.613590727341 6.263 0.996823368082 -0.000140849348184
0.613590727341 6.364 0.996951161257 -0.000141962688008
0.613590727341 6.465 0.997072193724 -0.000143069375081
0.613590727341 6.566 0.997187003556 -0.000144169736707
0.613590727341 6.667 0.997295818189 -0.000145263550803
0.613590727341 6.768 0.997399202299 -0.000146351334937
0.613590727341 6.869 0.997497342722 -0.000147432870207
0.613590727341 6.97 0.997590653637 -0.000148508478606
0.613590727341 7.071 0.997679421257 -0.000149578256601
0.613590727341 7.172 0.99776384953 -0.000150642131954
0.613590727341 7.273 0.997844303909 -0.000151700491529
0.613590727341 7.374 0.997920906234 -0.000152753129852
0.613590727341 7.475 0.997993959094 -0.000153800366095
0.613590727341 7.576 0.998063652643 -0.00015484225671
0.613590727341 7.677 0.998130132004 -0.000155878748421
0.613590727341 7.778 0.99819365475 -0.000156910180913
0.613590727341 7.879 0.99825430143 -0.000157936357471
0.613590727341 7.98 0.998312290421 -0.000158957570446
0.613590727341 8.081 0.998367756815 -0.000159973871236
0.613590727341 8.182 0.998420799095 -0.000160985194261
0.613590727341 8.283 0.998471605076 -0.000161991848611
0.613590727341 8.384 0.99852023537 -0.000162993675873
0.613590727341 8.485 0.998566838722 -0.000163990895899
0.613590727341 8.586 0.99861152521 -0.000164983607624
0.613590727341 8.687 0.998654349848 -0.000165971680491
0.613590727341 8.788 0.998695458472 -0.000166955426764
0.613590727341 8.889 0.998734903472 -0.000167934748991
0.613590727341 8.99 0.998772775325 -0.000168909748568
0.613590727341 9.091 0.998809172904 -0.000169880604831
0.613590727341 9.192 0.998844121848 -0.000170847125537
0.613590727341 9.293 0.998877734388 -0.000171809607477
0.613590727341 9.394 0.998910061677 -0.000172768038046
0.613590727341 9.495 0.998941149583 -0.000173722380592
0.613590727341 9.596 0.998971083864 -0.000174672864963
0.613590727341 9.697 0.998999890735 -0.000175619368284
0.613590727341 9.798 0.999027637695 -0.000176562045928
0.613590727341 9.899 0.999054379026 -0.000177500993497
0.613590727341 10.0 0.999080134253 -0.000178436073387
0.673415065775 0.001 0.786598876531 -0.000320527545359
0.673415065775 0.102 0.80110947031 -0.000330359169835
0.673415065775 0.203 0.816091414242 -0.000340311255983
0.673415065775 0.304 0.83110688246 -0.000350411245903
0.673415065775 0.405 0.84577687637 -0.000360617142787
0.673415065775 0.506 0.859814150131 -0.00037086273475
0.673415065775 0.607 0.873009954703 -0.000381082571646
0.673415065775 0.708 0.885246437327 -0.000391223579081
0.673415065775 0.809 0.896465270709 -0.000401242392569
0.673415065775 0.91 0.906656841315 -0.000411107668093
0.673415065775 1.011 0.915858984605 -0.000420803290256
0.673415065775 1.112 0.924127060264 -0.000430317666811
0.673415065775 1.213 0.931526862174 -0.000439644673156
0.673415065775 1.314 0.938134470129 -0.000448784074656
0.673415065775 1.415 0.944029924346 -0.000457740269427
0.673415065775 1.516 0.949283500274 -0.00046651523772
0.673415065775 1.617 0.953961510508 -0.000475113492497
0.673415065775 1.718 0.958135782582 -0.000483545182344
0.673415065775 1.819 0.96186253331 -0.000491816101378
0.673415065775 1.92 0.965185528779 -0.000499927621119
0.673415065775 2.021 0.968160455755 -0.000507892278408
0.673415065775 2.122 0.970826427164 -0.000515715635089
0.673415065775 2.223 0.973218752084 -0.000523403308515
0.673415065775 2.324 0.97536907798 -0.000530961111739
0.673415065775 2.425 0.977305599452 -0.000538394888646
0.673415065775 2.526 0.979053307463 -0.000545710630327
0.673415065775 2.627 0.980634262491 -0.000552914245694
0.673415065775 2.728 0.98206213627 -0.000560004626446
0.673415065775 2.829 0.983357652947 -0.000566990737452
0.673415065775 2.93 0.984537826292 -0.00057388051245
0.673415065775 3.031 0.985609440339 -0.000580669888848
0.673415065775 3.132 0.98658781377 -0.000587368317976
0.673415065775 3.233 0.987481829418 -0.000593978073398
0.673415065775 3.334 0.98829940892 -0.000600501029359
0.673415065775 3.435 0.989049541181 -0.000606942800825
0.673415065775 3.536 0.989737165631 -0.000613302636357
0.673415065775 3.637 0.990371053773 -0.000619589116747
0.673415065775 3.738 0.990952650165 -0.000625796166337
0.673415065775 3.839 0.991490507248 -0.00063193499676
0.673415065775 3.94 0.99198702983 -0.000638003712176
0.673415065775 4.041 0.992445509944 -0.000644002973779
0.673415065775 4.142 0.992870545194 -0.00064993825776
0.673415065775 4.243 0.993264821299 -0.000655810707247
0.673415065775 4.344 0.993630897982 -0.000661621762188
0.673415065775 4.445 0.993971166084 -0.000667373040343
0.673415065775 4.546 0.994287827158 -0.000673066276379
0.673415065775 4.647 0.994582889728 -0.000678703186122
0.673415065775 4.748 0.994858175911 -0.000684285494325
0.673415065775 4.849 0.995115333622 -0.000689814864729
0.673415065775 4.95 0.9953558512 -0.000695292910576
0.673415065775 5.051 0.995581020256 -0.000700720887365
0.673415065775 5.152 0.995791716265 -0.000706098379324
0.673415065775 5.253 0.995989460651 -0.000711428871881
0.673415065775 5.354 0.996175248892 -0.000716713708524
0.673415065775 5.455 0.996349552036 -0.000721951419222
0.673415065775 5.556 0.996513652831 -0.000727145907431
0.673415065775 5.657 0.996668091562 -0.000732296894274
0.673415065775 5.758 0.996813580951 -0.000737405520199
0.673415065775 5.859 0.996950822344 -0.000742473295208
0.673415065775 5.96 0.997080275865 -0.000747500241232
0.673415065775 6.061 0.997202601804 -0.00075248828429
0.673415065775 6.162 0.997318179383 -0.000757437391229
0.673415065775 6.263 0.997427534359 -0.000762349055505
0.673415065775 6.364 0.997531053813 -0.000767223860931
0.673415065775 6.465 0.997629094395 -0.000772062327201
0.673415065775 6.566 0.997722092327 -0.000776866077342
0.673415065775 6.667 0.997810232164 -0.000781634328719
0.673415065775 6.768 0.997893971581 -0.000786369517755
0.673415065775 6.869 0.99797346217 -0.00079107086519
0.673415065775 6.97 0.998049039631 -0.00079573993983
0.673415065775 7.071 0.998120935987 -0.000800377322335
0.673415065775 7.172 0.998189316606 -0.000804982858007
0.673415065775 7.273 0.998254477642 -0.000809558374133
0.673415065775 7.374 0.99831651792 -0.000814103130386
0.673415065775 7.475 0.998375682638 -0.000818618648945
0.673415065775 7.576 0.998432125919 -0.000823105311455
0.673415065775 7.677 0.9984859654 -0.000827563024089
0.673415065775 7.778 0.998537409776 -0.000831993378475
0.673415065775 7.879 0.998586524366 -0.000836395656794
0.673415065775 7.98 0.998633486101 -0.000840771237296
0.673415065775 8.081 0.998678404453 -0.000845120459313
0.673415065775 8.182 0.99872135924 -0.000849443159294
0.673415065775 8.283 0.998762502616 -0.000853740771544
0.673415065775 8.384 0.998801883719 -0.000858012729797
0.673415065775 8.485 0.998839623048 -0.000862260079218
0.673415065775 8.586 0.998875809789 -0.000866483344662
0.673415065775 8.687 0.99891048853 -0.000870682072661
0.673415065775 8.788 0.998943777402 -0.000874857689084
0.673415065775 8.889 0.998975718862 -0.000879009876039
0.673415065775 8.99 0.999006386207 -0.000883139157596
0.673415065775 9.091 0.999035859524 -0.00088724638394
0.673415065775 9.192 0.999064159603 -0.000891330831085
0.673415065775 9.293 0.999091377344 -0.000895393840418
0.673415065775 9.394 0.999117554188 -0.000899435442592
0.673415065775 9.495 0.999142727298 -0.000903455565952
0.673415065775 9.596 0.99916696613 -0.000907455259054
0.673415065775 9.697 0.999190291929 -0.000911434083238
0.673415065775 9.798 0.999212759364 -0.000915392768654
0.673415065775 9.899 0.999234412402 -0.000919331791017
0.673415065775 10.0 0.999255266867 -0.000923250646463
0.739072203353 0.001 0.832288720216 -0.0021270324866
0.739072203353 0.102 0.844005479621 -0.00217675142395
0.739072203353 0.203 0.856050579097 -0.00222672630884
0.739072203353 0.304 0.8680705539 -0.00227709364707
0.739072203353 0.405 0.879764736534 -0.00232764342454
0.739072203353 0.506 0.890909953084 -0.00237805242777
0.739072203353 0.607 0.90134809537 -0.00242800938271
0.739072203353 0.708 0.910994274915 -0.0024772704195
0.739072203353 0.809 0.919810700062 -0.00252564376473
0.739072203353 0.91 0.927797366411 -0.00257299891682
0.739072203353 1.011 0.93499053797 -0.00261927992401
0.739072203353 1.112 0.941439075005 -0.00266445253294
0.739072203353 1.213 0.94719891715 -0.00270850803698
0.739072203353 1.314 0.952333042533 -0.00275146462466
0.739072203353 1.415 0.95690664649 -0.00279336091827
0.739072203353 1.516 0.960976632613 -0.00283422283049
0.739072203353 1.617 0.964596266033 -0.00287408683637
0.739072203353 1.718 0.967822605911 -0.00291301412166
0.739072203353 1.819 0.970700259056 -0.0029510443263
0.739072203353 1.92 0.973263936823 -0.00298819575023
0.739072203353 2.021 0.975557320268 -0.00302453681088
0.739072203353 2.122 0.977611120613 -0.00306010286339
0.739072203353 2.223 0.979452981164 -0.00309492865752
0.739072203353 2.324 0.98110761704 -0.00312904902869
0.739072203353 2.425 0.982597000192 -0.00316249820069
0.739072203353 2.526 0.983940570615 -0.00319531035792
0.739072203353 2.627 0.985155461877 -0.00322751865962
0.739072203353 2.728 0.986252321337 -0.0032591244231
0.739072203353 2.829 0.987247182609 -0.00329017346475
0.739072203353 2.93 0.988153200394 -0.00332070633623
0.739072203353 3.031 0.988975656054 -0.00335071004273
0.739072203353 3.132 0.989726366583 -0.0033802310709
0.739072203353 3.233 0.990412195888 -0.00340928377415
0.739072203353 3.334 0.991039260624 -0.00343788049416
0.739072203353 3.435 0.991614487546 -0.00346604967846
0.739072203353 3.536 0.99214169121 -0.00349379165868
0.739072203353 3.637 0.992627618777 -0.00352114723483
0.739072203353 3.738 0.993073396052 -0.00354809318638
0.739072203353 3.839 0.993485593608 -0.00357468122066
0.739072203353 3.94 0.993866066954 -0.00360090592622
0.739072203353 4.041 0.994217349494 -0.0036267728906
0.739072203353 4.142 0.994542972842 -0.00365230828512
0.739072203353 4.243 0.994845002018 -0.0036775194188
0.739072203353 4.344 0.995125404212 -0.00370241475926
0.739072203353 4.445 0.995386016128 -0.00372700341651
0.739072203353 4.546 0.995628528529 -0.00375129488076
0.739072203353 4.647 0.995854483536 -0.00377529844533
0.739072203353 4.748 0.99606527983 -0.00379902333024
0.739072203353 4.849 0.996262182123 -0.00382247839031
0.739072203353 4.95 0.996446332451 -0.00384567216641
0.739072203353 5.051 0.996618721823 -0.00386861159435
0.739072203353 5.152 0.996780022328 -0.00389129648609
0.739072203353 5.253 0.996931400282 -0.00391374303997
0.739072203353 5.354 0.997073619086 -0.00393595831789
0.739072203353 5.455 0.997207040506 -0.00395793751234
0.739072203353 5.556 0.997332647456 -0.00397969831676
0.739072203353 5.657 0.997450854372 -0.00400124080688
0.739072203353 5.758 0.997562207549 -0.00402257095872
0.739072203353 5.859 0.997667244454 -0.00404369622902
0.739072203353 5.96 0.997766317841 -0.00406461781995
0.739072203353 6.061 0.997859933564 -0.00408534481449
0.739072203353 6.162 0.997948382304 -0.0041058781003
0.739072203353 6.263 0.998032066816 -0.0041262248631
0.739072203353 6.364 0.998111283673 -0.0041463884704
0.739072203353 6.465 0.998186306115 -0.00416637199085
0.739072203353 6.566 0.998257468226 -0.00418618300837
0.739072203353 6.667 0.998324911478 -0.00420581915047
0.739072203353 6.768 0.998388986299 -0.00422529127405
0.739072203353 6.869 0.998449808877 -0.00424459696724
0.739072203353 6.97 0.99850763625 -0.00426374344268
0.739072203353 7.071 0.998562646105 -0.00428273381885
0.739072203353 7.172 0.99861496511 -0.00430156818202
0.739072203353 7.273 0.998664819981 -0.00432025469742
0.739072203353 7.374 0.99871228644 -0.00433879101232
0.739072203353 7.475 0.998757552189 -0.00435718398737
0.739072203353 7.576 0.998800735231 -0.00437543580248
0.739072203353 7.677 0.99884192565 -0.0043935466879
0.739072203353 7.778 0.998881283182 -0.00441152369972
0.739072203353 7.879 0.998918857867 -0.00442936449787
0.739072203353 7.98 0.998954785122 -0.00444707522568
0.739072203353 8.081 0.998989148751 -0.00446465779212
0.739072203353 8.182 0.999022009864 -0.00448211206119
0.739072203353 8.283 0.999053484908 -0.00449944433158
0.739072203353 8.384 0.99908361151 -0.00451665281214
0.739072203353 8.485 0.999112481892 -0.00453374219426
0.739072203353 8.586 0.999140164311 -0.00455071505219
0.739072203353 8.687 0.999166692907 -0.00456757001803
0.739072203353 8.788 0.999192158075 -0.00458431325643
0.739072203353 8.889 0.999216592318 -0.00460094391909
0.739072203353 8.99 0.999240051729 -0.00461746452346
0.739072203353 9.091 0.999262597593 -0.00463387887392
0.739072203353 9.192 0.999284245831 -0.00465018447308
0.739072203353 9.293 0.999305065994 -0.00466638706199
0.739072203353 9.394 0.9993250898 -0.00468248713444
0.739072203353 9.495 0.999344345689 -0.00469848477133
0.739072203353 9.596 0.999362886806 -0.0047143845002
0.739072203353 9.697 0.999380729411 -0.00473018492326
0.739072203353 9.798 0.999397915336 -0.00474588927932
0.739072203353 9.899 0.999414478221 -0.00476149978276
0.739072203353 10.0 0.999430430181 -0.00477701475949
0.81113083079 0.001 0.880632472873 -0.0141150651935
0.81113083079 0.102 0.889198388024 -0.0143427130055
0.81113083079 0.203 0.897966307674 -0.0145699266988
0.81113083079 0.304 0.906678193203 -0.0147973432307
0.81113083079 0.405 0.915118411572 -0.0150240331614
0.81113083079 0.506 0.923130358327 -0.0152485888155
0.81113083079 0.607 0.930606099794 -0.015469690826
0.81113083079 0.708 0.937491001301 -0.0156863467835
0.81113083079 0.809 0.943764082773 -0.0158978127547
0.81113083079 0.91 0.949430825305 -0.0161036242808
0.81113083079 1.011 0.95452173401 -0.01630364467
0.81113083079 1.112 0.959075402135 -0.0164978290409
0.81113083079 1.213 0.963134639571 -0.0166862383063
0.81113083079 1.314 0.966746508927 -0.0168690423932
0.81113083079 1.415 0.969959009225 -0.0170464906431
0.81113083079 1.516 0.97281379921 -0.017218771014
0.81113083079 1.617 0.97534957773 -0.0173861093685
0.81113083079 1.718 0.977607363738 -0.0175488280781
0.81113083079 1.819 0.979619187046 -0.0177071523103
0.81113083079 1.92 0.981409959511 -0.0178612132327
0.81113083079 2.021 0.983010697733 -0.0180113447463
0.81113083079 2.122 0.984443229401 -0.0181577382911
0.81113083079 2.223 0.985727145368 -0.0183005786156
0.81113083079 2.324 0.986879918531 -0.0184400469403
0.81113083079 2.425 0.987917050028 -0.0185763183869
0.81113083079 2.526 0.988852230132 -0.0187095645861
0.81113083079 2.627 0.989697506184 -0.0188399499187
0.81113083079 2.728 0.990460384754 -0.0189675075948
0.81113083079 2.829 0.991152096746 -0.019092448453
0.81113083079 2.93 0.991781850705 -0.0192149590938
0.81113083079 3.031 0.992353368623 -0.0193350094539
0.81113083079 3.132 0.992874903823 -0.0194528062597
0.81113083079 3.233 0.993351258262 -0.0195684257942
0.81113083079 3.334 0.993786707989 -0.019681935108
0.81113083079 3.435 0.994186085701 -0.0197934638275
0.81113083079 3.536 0.994552058485 -0.0199030289952
0.81113083079 3.637 0.994889325374 -0.0200108063784
0.81113083079 3.738 0.995198680564 -0.0201167184084
0.81113083079 3.839 0.995484694499 -0.020220981422
0.81113083079 3.94 0.99574866338 -0.020323586277
0.81113083079 4.041 0.995992352356 -0.0204245665557
0.81113083079 4.142 0.996218217589 -0.0205240353992
0.81113083079 4.243 0.99642769664 -0.0206220315194
0.81113083079 4.344 0.996622158308 -0.0207185975931
0.81113083079 4.445 0.996802880114 -0.0208137782424
0.81113083079 4.546 0.996971037708 -0.0209076190211
0.81113083079 4.647 0.997127703102 -0.0210001641995
0.81113083079 4.748 0.99727384838 -0.0210914572695
0.81113083079 4.849 0.997410352341 -0.0211815398471
0.81113083079 4.95 0.997538008401 -0.021270451901
0.81113083079 5.051 0.997657504994 -0.0213582268459
0.81113083079 5.152 0.997769309268 -0.0214448705536
0.81113083079 5.253 0.997874230736 -0.0215304511643
0.81113083079 5.354 0.997972799447 -0.0216150014934
0.81113083079 5.455 0.998065266955 -0.0216985089779
0.81113083079 5.556 0.99815231518 -0.0217810463218
0.81113083079 5.657 0.998234231948 -0.0218626190003
0.81113083079 5.758 0.998311396379 -0.0219432546607
0.81113083079 5.859 0.998384181395 -0.0220229862786
0.81113083079 5.96 0.998452831848 -0.0221018229975
0.81113083079 6.061 0.998517698622 -0.0221798034624
0.81113083079 6.162 0.998578983449 -0.0222569352527
0.81113083079 6.263 0.998636965675 -0.0223332494452
0.81113083079 6.364 0.998691851033 -0.0224087625828
0.81113083079 6.465 0.998743829058 -0.0224834899393
0.81113083079 6.566 0.998793131408 -0.0225574634942
0.81113083079 6.667 0.998839856269 -0.022630677897
0.81113083079 6.768 0.998884246573 -0.022703177002
0.81113083079 6.869 0.99892638295 -0.0227749550731
0.81113083079 6.97 0.998966443591 -0.0228460420737
0.81113083079 7.071 0.999004551699 -0.0229164525921
0.81113083079 7.172 0.99904079512 -0.0229861898804
0.81113083079 7.273 0.999075330995 -0.0230552869898
0.81113083079 7.374 0.999108211857 -0.0231237379467
0.81113083079 7.475 0.9991395678 -0.0231915707323
0.81113083079 7.576 0.999169480629 -0.0232587959222
0.81113083079 7.677 0.9991980128 -0.0233254168406
0.81113083079 7.778 0.999225275011 -0.0233914618273
0.81113083079 7.879 0.99925130197 -0.0234569245974
0.81113083079 7.98 0.999276187517 -0.0235218299408
0.81113083079 8.081 0.999299989738 -0.0235861870116
0.81113083079 8.182 0.999322750995 -0.0236499974239
0.81113083079 8.283 0.999344551975 -0.023713286243
0.81113083079 8.384 0.999365418768 -0.0237760489058
0.81113083079 8.485 0.999385415274 -0.0238383044507
0.81113083079 8.586 0.999404588795 -0.0239000641083
0.81113083079 8.687 0.999422962996 -0.0239613247185
0.81113083079 8.788 0.999440600506 -0.0240221104476
0.81113083079 8.889 0.999457523854 -0.0240824199177
0.81113083079 8.99 0.999473771906 -0.0241422639252
0.81113083079 9.091 0.999489387122 -0.0242016578561
0.81113083079 9.192 0.999504380542 -0.024260594248
0.81113083079 9.293 0.999518800349 -0.0243190953851
0.81113083079 9.394 0.999532668521 -0.0243771645256
0.81113083079 9.495 0.999546004766 -0.024434803413
0.81113083079 9.596 0.999558845898 -0.0244920297656
0.81113083079 9.697 0.999571203189 -0.0245488399213
0.81113083079 9.798 0.999583105617 -0.0246052468655
0.81113083079 9.899 0.999594576489 -0.0246612598441
0.81113083079 10.0 0.999605624199 -0.0247168741228
0.890215085445 0.001 0.931784287642 -0.0936680876625
0.890215085445 0.102 0.936811184708 -0.094504780883
0.890215085445 0.203 0.941934401316 -0.0953340171026
0.890215085445 0.304 0.947002916223 -0.0961582616369
0.890215085445 0.405 0.951892787268 -0.0969742917038
0.890215085445 0.506 0.956516037917 -0.0977772643489
0.890215085445 0.607 0.960813827003 -0.0985627716091
0.890215085445 0.708 0.964758398293 -0.0993276605875
0.890215085445 0.809 0.968341250947 -0.100069714468
0.890215085445 0.91 0.97156871174 -0.100787728002
0.890215085445 1.011 0.974460920936 -0.101481642756
0.890215085445 1.112 0.977042117117 -0.102151702722
0.890215085445 1.213 0.979338465391 -0.102798494601
0.890215085445 1.314 0.981378121708 -0.103422951076
0.890215085445 1.415 0.983189408316 -0.104026243563
0.890215085445 1.516 0.984796774256 -0.104609303137
0.890215085445 1.617 0.986222767263 -0.105173161488
0.890215085445 1.718 0.987491046188 -0.10571914658
0.890215085445 1.819 0.988620063378 -0.106248232243
0.890215085445 1.92 0.989624162765 -0.106761057444
0.890215085445 2.021 0.990521019915 -0.107258915945
0.890215085445 2.122 0.991323084896 -0.107742606888
0.890215085445 2.223 0.992041500513 -0.108212891063
0.890215085445 2.324 0.992686181091 -0.108670502776
0.890215085445 2.425 0.993265904074 -0.109116142655
0.890215085445 2.526 0.993788407795 -0.109550487368
0.890215085445 2.627 0.994260491517 -0.109974178424
0.890215085445 2.728 0.994686402804 -0.110387422403
0.890215085445 2.829 0.995072456209 -0.110790993799
0.890215085445 2.93 0.995423825977 -0.111185577884
0.890215085445 3.031 0.995742617313 -0.111571155312
0.890215085445 3.132 0.996033457251 -0.111948462528
0.890215085445 3.233 0.996299042345 -0.112317810259
0.890215085445 3.334 0.996541772073 -0.112679475116
0.890215085445 3.435 0.996764352896 -0.113033928142
0.890215085445 3.536 0.996968281648 -0.113381277959
0.890215085445 3.637 0.99715618528 -0.113722132364
0.890215085445 3.738 0.997328513415 -0.114056293976
0.890215085445 3.839 0.997487817999 -0.114384490372
0.890215085445 3.94 0.997634825848 -0.114706734256
0.890215085445 4.041 0.997770524178 -0.115023171169
0.890215085445 4.142 0.99789628418 -0.115334193114
0.890215085445 4.243 0.998012909163 -0.115639956057
0.890215085445 4.344 0.99812116365 -0.115940626358
0.890215085445 4.445 0.998221760909 -0.116236374457
0.890215085445 4.546 0.998315357131 -0.116527371754
0.890215085445 4.647 0.998402550505 -0.116813783809
0.890215085445 4.748 0.998483883338 -0.117095772014
0.890215085445 4.849 0.9985598458 -0.117373490307
0.890215085445 4.95 0.998630880356 -0.117647085996
0.890215085445 5.051 0.998697370897 -0.117916684804
0.890215085445 5.152 0.998759578058 -0.118182326816
0.890215085445 5.253 0.998817952855 -0.118444241894
0.890215085445 5.354 0.998872790707 -0.118702550136
0.890215085445 5.455 0.99892423202 -0.118957232245
0.890215085445 5.556 0.998972656556 -0.119208528162
0.890215085445 5.657 0.999018224772 -0.119456471785
0.890215085445 5.758 0.999061147865 -0.11970116377
0.890215085445 5.859 0.999101633536 -0.119942720016
0.890215085445 5.96 0.999139818212 -0.120181183435
0.890215085445 6.061 0.999175897262 -0.120416685486
0.890215085445 6.162 0.999209983069 -0.120649263018
0.890215085445 6.263 0.999242231158 -0.120879023158
0.890215085445 6.364 0.999272756089 -0.121106028554
0.890215085445 6.465 0.999301663397 -0.121330337512
0.890215085445 6.566 0.999329082024 -0.121552057872
0.890215085445 6.667 0.999355066673 -0.121771185055
0.890215085445 6.768 0.999379752526 -0.121987861322
0.890215085445 6.869 0.999403184499 -0.1222020801
0.890215085445 6.97 0.999425461751 -0.122413941047
0.890215085445 7.071 0.999446652854 -0.122623497425
0.890215085445 7.172 0.999466806712 -0.122830768422
0.890215085445 7.273 0.999486010754 -0.123035861404
0.890215085445 7.374 0.999504294234 -0.12323876746
0.890215085445 7.475 0.99952172953 -0.123439578083
0.890215085445 7.576 0.999538362164 -0.123638332768
0.890215085445 7.677 0.999554226895 -0.12383504932
0.890215085445 7.778 0.999569385303 -0.124029819097
0.890215085445 7.879 0.999583856711 -0.124222630996
0.890215085445 7.98 0.99959769332 -0.124413565251
0.890215085445 8.081 0.999610927446 -0.124602655713
0.890215085445 8.182 0.99962358266 -0.124789913888
0.890215085445 8.283 0.999635703842 -0.124975419853
0.890215085445 8.384 0.999647305513 -0.125159166551
0.890215085445 8.485 0.999658423216 -0.125341215873
0.890215085445 8.586 0.999669083259 -0.125521606567
0.890215085445 8.687 0.999679298814 -0.125700335189
0.890215085445 8.788 0.999689104711 -0.125877477842
0.890215085445 8.889 0.999698513483 -0.126053035919
0.890215085445 8.99 0.999707546749 -0.126227046136
0.890215085445 9.091 0.999716228122 -0.126399558322
0.890215085445 9.192 0.999724563747 -0.126570555786
0.890215085445 9.293 0.999732580418 -0.12674010803
0.890215085445 9.394 0.99974029036 -0.126908229162
0.890215085445 9.495 0.999747704535 -0.12707492881
0.890215085445 9.596 0.999754843415 -0.12724026265
0.890215085445 9.697 0.99976171327 -0.127404224414
0.890215085445 9.798 0.999768330215 -0.127566855794
0.890215085445 9.899 0.999774707211 -0.127728187514
0.890215085445 10.0 0.999780848928 -0.12788820993
0.977009957299 0.001 0.985907271695 -0.621584847544
0.977009957299 0.102 0.986973444414 -0.622696250448
0.977009957299 0.203 0.98805535219 -0.623790016572
0.977009957299 0.304 0.989121090656 -0.624869690247
0.977009957299 0.405 0.990144955007 -0.625931342833
0.977009957299 0.506 0.991109134847 -0.626969061807
0.977009957299 0.607 0.992002105256 -0.627977640698
0.977009957299 0.708 0.992818881231 -0.628953592189
0.977009957299 0.809 0.993558448982 -0.629894684769
0.977009957299 0.91 0.994222787457 -0.630799995003
0.977009957299 1.011 0.994816621349 -0.63167003605
0.977009957299 1.112 0.995345409231 -0.632505667449
0.977009957299 1.213 0.995814905195 -0.633308136812
0.977009957299 1.314 0.996231182502 -0.634079075735
0.977009957299 1.415 0.996600272208 -0.634820361356
0.977009957299 1.516 0.996927353798 -0.635533528728
0.977009957299 1.617 0.997217171028 -0.636220195271
0.977009957299 1.718 0.997474653394 -0.636882297997
0.977009957299 1.819 0.997703641004 -0.637521305346
0.977009957299 1.92 0.997907117242 -0.638138251752
0.977009957299 2.021 0.998088721879 -0.638734931326
0.977009957299 2.122 0.998251020778 -0.639312515296
0.977009957299 2.223 0.998396304053 -0.639872106683
0.977009957299 2.324 0.99852660453 -0.640414756638
0.977009957299 2.425 0.998643718283 -0.640941457823
0.977009957299 2.526 0.998749225995 -0.641453157677
0.977009957299 2.627 0.998844514425 -0.641950746799
0.977009957299 2.728 0.998930452093 -0.642434593158
0.977009957299 2.829 0.99900832209 -0.642905719357
0.977009957299 2.93 0.999079175141 -0.643365029768
0.977009957299 3.031 0.999143441523 -0.643812599484
0.977009957299 3.132 0.999202058733 -0.644249374364
0.977009957299 3.233 0.99925557402 -0.644675797327
0.977009957299 3.334 0.99930447399 -0.645092265716
0.977009957299 3.435 0.999349306427 -0.645499394275
0.977009957299 3.536 0.999390374924 -0.645897375458
0.977009957299 3.637 0.999428210237 -0.646286968394
0.977009957299 3.738 0.999462904339 -0.646668006757
0.977009957299 3.839 0.999494972203 -0.647041375718
0.977009957299 3.94 0.999524561115 -0.647407140864
0.977009957299 4.041 0.999551870618 -0.647765516575
0.977009957299 4.142 0.999577177368 -0.648116992714
0.977009957299 4.243 0.999600643595 -0.648461788269
0.977009957299 4.344 0.999622423625 -0.648800131371
0.977009957299 4.445 0.999642661384 -0.649132252183
0.977009957299 4.546 0.999661489239 -0.649458379465
0.977009957299 4.647 0.999679027824 -0.649778733064
0.977009957299 4.748 0.999695386483 -0.650093525935
0.977009957299 4.849 0.999710664025 -0.650402960612
0.977009957299 4.95 0.999724949629 -0.65070723028
0.977009957299 5.051 0.999738320659 -0.651006502338
0.977009957299 5.152 0.999750829672 -0.651300847765
0.977009957299 5.253 0.999762567482 -0.651590546375
0.977009957299 5.354 0.999773593596 -0.65187575458
0.977009957299 5.455 0.999783936337 -0.652156473871
0.977009957299 5.556 0.999793672138 -0.652432990441
0.977009957299 5.657 0.999802833329 -0.652705362116
0.977009957299 5.758 0.999811462429 -0.652973719232
0.977009957299 5.859 0.999819601248 -0.6532382077
0.977009957299 5.96 0.999827277257 -0.653498892532
0.977009957299 6.061 0.999834529771 -0.653755934677
0.977009957299 6.162 0.999841381417 -0.654009390847
0.977009957299 6.263 0.999847863487 -0.654259393619
0.977009957299 6.364 0.999853999038 -0.654506026292
0.977009957299 6.465 0.999859809307 -0.654749366779
0.977009957299 6.566 0.999865320232 -0.654989545991
0.977009957299 6.667 0.999870542826 -0.655226572403
0.977009957299 6.768 0.999875504279 -0.655460612785
0.977009957299 6.869 0.999880213632 -0.655691672398
0.977009957299 6.97 0.999884690827 -0.655919870684
0.977009957299 7.071 0.999888949658 -0.656145276425
0.977009957299 7.172 0.999892999964 -0.65636792133
0.977009957299 7.273 0.999896859326 -0.656587931352
0.977009957299 7.374 0.999900533631 -0.656805307175
0.977009957299 7.475 0.999904037432 -0.657020156728
0.977009957299 7.576 0.999907379885 -0.657232531756
0.977009957299 7.677 0.99991056798 -0.657442460513
0.977009957299 7.778 0.999913614099 -0.657650049358
0.977009957299 7.879 0.999916522129 -0.657855295037
0.977009957299 7.98 0.999919302564 -0.658058291271
0.977009957299 8.081 0.999921961903 -0.658259082025
0.977009957299 8.182 0.999924504886 -0.658457687288
0.977009957299 8.283 0.999926940534 -0.658654199479
0.977009957299 8.384 0.99992927177 -0.658848618368
0.977009957299 8.485 0.999931505736 -0.659041016486
0.977009957299 8.586 0.999933647723 -0.65923144155
0.977009957299 8.687 0.999935700379 -0.65941989653
0.977009957299 8.788 0.999937670704 -0.659606468065
0.977009957299 8.889 0.99993956122 -0.65979116379
0.977009957299 8.99 0.999941376272 -0.659974028354
0.977009957299 9.091 0.999943120605 -0.660155119914
0.977009957299 9.192 0.999944795457 -0.660334426613
0.977009957299 9.293 0.999946406211 -0.660512026832
0.977009957299 9.394 0.999947955326 -0.660687940642
0.977009957299 9.495 0.999949445006 -0.660862183303
0.977009957299 9.596 0.999950879363 -0.661034818028
0.977009957299 9.697 0.99995225966 -0.661205843147
0.977009957299 9.798 0.999953589135 -0.661375306908
0.977009957299 9.899 0.999954870393 -0.661543245913
0.977009957299 10.0 0.999956104373 -0.661709654624
1.07226722201 0.001 0.594214657708 -2.20457939041e-08
1.07226722201 0.102 0.61827383116 -2.48568922298e-08
1.07226722201 0.203 0.643637222465 -2.76175646428e-08
1.07226722201 0.304 0.669621669143 -3.0322880911e-08
1.07226722201 0.405 0.695554950025 -3.29745961253e-08
1.07226722201 0.506 0.720858373882 -3.55821804841e-08
1.07226722201 0.607 0.745099286073 -3.81490518341e-08
1.07226722201 0.708 0.767963440764 -4.06814604187e-08
1.07226722201 0.809 0.78925749014 -4.31849917806e-08
1.07226722201 0.91 0.808880450332 -4.56647736994e-08
1.07226722201 1.011 0.826823858372 -4.81261109004e-08
1.07226722201 1.112 0.843129755973 -5.05728255932e-08
1.07226722201 1.213 0.857873152616 -5.3007819279e-08
1.07226722201 1.314 0.871158452174 -5.5433827676e-08
1.07226722201 1.415 0.883107693058 -5.78532256812e-08
1.07226722201 1.516 0.89383378295 -6.02672351515e-08
1.07226722201 1.617 0.903447734447 -6.26768069839e-08
1.07226722201 1.718 0.912076131572 -6.50840694181e-08
1.07226722201 1.819 0.919819997519 -6.74897281174e-08
1.07226722201 1.92 0.926758875652 -6.98931059886e-08
1.07226722201 2.021 0.932997733566 -7.22960275869e-08
1.07226722201 2.122 0.938610974623 -7.46986677398e-08
1.07226722201 2.223 0.94366667259 -7.71011581931e-08
1.07226722201 2.324 0.948226571982 -7.95037087674e-08
1.07226722201 2.425 0.952346263 -8.19065824653e-08
1.07226722201 2.526 0.956075478482 -8.4310104057e-08
1.07226722201 2.627 0.959458478092 -8.67146439429e-08
1.07226722201 2.728 0.962522613386 -8.91186113123e-08
1.07226722201 2.829 0.965310055935 -9.15232933024e-08
1.07226722201 2.93 0.96785564162 -9.39298478136e-08
1.07226722201 3.031 0.970173133346 -9.63359191559e-08
1.07226722201 3.132 0.972294152249 -9.87432147447e-08
1.07226722201 3.233 0.974237062868 -1.01151410794e-07
1.07226722201 3.334 0.976018285276 -1.03560039326e-07
1.07226722201 3.435 0.977656547727 -1.05969922103e-07
1.07226722201 3.536 0.979162147927 -1.08379817071e-07
1.07226722201 3.637 0.980553455467 -1.10791697874e-07
1.07226722201 3.738 0.981833506518 -1.13202558717e-07
1.07226722201 3.839 0.983020266281 -1.15615419087e-07
1.07226722201 3.94 0.984118820854 -1.18028803753e-07
1.07226722201 4.041 0.985136128037 -1.20442105649e-07
1.07226722201 4.142 0.986081891379 -1.22856540677e-07
1.07226722201 4.243 0.986961807087 -1.25271795841e-07
1.07226722201 4.344 0.987781309749 -1.2768768972e-07
1.07226722201 4.445 0.988545480459 -1.30104137036e-07
1.07226722201 4.546 0.989259002498 -1.32521117997e-07
1.07226722201 4.647 0.989926152753 -1.34938656508e-07
1.07226722201 4.748 0.990550814571 -1.37356799741e-07
1.07226722201 4.849 0.99113650324 -1.39775609722e-07
1.07226722201 4.95 0.991686396144 -1.4219515316e-07
1.07226722201 5.051 0.992203256467 -1.44615384701e-07
1.07226722201 5.152 0.992688980759 -1.47035561722e-07
1.07226722201 5.253 0.993146797357 -1.49456620467e-07
1.07226722201 5.354 0.993578837918 -1.51878626586e-07
1.07226722201 5.455 0.993986150866 -1.54300428587e-07
1.07226722201 5.556 0.994371448194 -1.56723244183e-07
1.07226722201 5.657 0.994735910773 -1.59146476253e-07
1.07226722201 5.758 0.995081068176 -1.61570177715e-07
1.07226722201 5.859 0.995408420615 -1.63994577388e-07
1.07226722201 5.96 0.995718972726 -1.66419252911e-07
1.07226722201 6.061 0.996014129374 -1.68844667805e-07
1.07226722201 6.162 0.996294722457 -1.71270396412e-07
1.07226722201 6.263 0.996561874082 -1.73696737963e-07
1.07226722201 6.364 0.996816422511 -1.76123582658e-07
1.07226722201 6.465 0.997059142 -1.78550796986e-07
1.07226722201 6.566 0.997290958016 -1.80978801292e-07
1.07226722201 6.667 0.997512296635 -1.83406853742e-07
1.07226722201 6.768 0.997724114562 -1.85835797223e-07
1.07226722201 6.869 0.997926766392 -1.88264910255e-07
1.07226722201 6.97 0.998120960738 -1.90694640462e-07
1.07226722201 7.071 0.998307200235 -1.93124959255e-07
1.07226722201 7.172 0.998485857836 -1.95555469655e-07
1.07226722201 7.273 0.998657549991 -1.97986801968e-07
1.07226722201 7.374 0.998822517141 -2.00418270403e-07
1.07226722201 7.475 0.99898127099 -2.02850371898e-07
1.07226722201 7.576 0.999134148425 -2.05283024418e-07
1.07226722201 7.677 0.999281417668 -2.07715894088e-07
1.07226722201 7.778 0.999423508422 -2.1014955448e-07
1.07226722201 7.879 0.999560587952 -2.12583354121e-07
1.07226722201 7.98 0.999693021217 -2.15017773365e-07
1.07226722201 8.081 0.999821048426 -2.17452741951e-07
1.07226722201 8.182 0.99994485634 -2.19887919397e-07
1.07226722201 8.283 1.00006475356 -2.22323852375e-07
1.07226722201 8.384 1.00018086906 -2.2475998649e-07
1.07226722201 8.485 1.00029345067 -2.27196670105e-07
1.07226722201 8.586 1.00040268927 -2.2963397068e-07
1.07226722201 8.687 1.00050870173 -2.32071406307e-07
1.07226722201 8.788 1.00061172108 -2.34509567869e-07
1.07226722201 8.889 1.00071185616 -2.36948057943e-07
1.07226722201 8.99 1.00080926382 -2.39386968008e-07
1.07226722201 9.091 1.00090410588 -2.41826586144e-07
1.07226722201 9.192 1.00099645538 -2.44266284299e-07
1.07226722201 9.293 1.00108648332 -2.46706651152e-07
1.07226722201 9.394 1.00117428931 -2.49147511775e-07
1.07226722201 9.495 1.0012599614 -2.51588630209e-07
1.07226722201 9.596 1.00134363257 -2.54030446077e-07
1.07226722201 9.697 1.00142537022 -2.56472512059e-07
1.07226722201 9.798 1.00150528264 -2.58915087817e-07
1.07226722201 9.899 1.0015834602 -2.61358286904e-07
1.07226722201 10.0 1.00165995636 -2.63801626012e-07
1.17681195243 0.001 0.594214620701 -2.2046222116e-08
1.17681195243 0.102 0.618273788761 -2.4857257009e-08
1.17681195243 0.203 0.643637176432 -2.76178762709e-08
1.17681195243 0.304 0.669621618305 -3.03231365458e-08
1.17681195243 0.405 0.695554893415 -3.29747897253e-08
1.17681195243 0.506 0.720858312944 -3.55823346188e-08
1.17681195243 0.607 0.745099220049 -3.81491766574e-08
1.17681195243 0.708 0.767963370396 -4.06815589349e-08
1.17681195243 0.809 0.789257415655 -4.31850663623e-08
1.17681195243 0.91 0.808880371611 -4.56648282466e-08
1.17681195243 1.011 0.826823775925 -4.81261495405e-08
1.17681195243 1.112 0.843129670228 -5.05728516915e-08
1.17681195243 1.213 0.857873063773 -5.30078357554e-08
1.17681195243 1.314 0.871158360487 -5.54338374218e-08
1.17681195243 1.415 0.883107598897 -5.78532301782e-08
1.17681195243 1.516 0.893833686524 -6.02672347621e-08
1.17681195243 1.617 0.903447635891 -6.26768021192e-08
1.17681195243 1.718 0.912076031186 -6.50840612699e-08
1.17681195243 1.819 0.91981989552 -6.74897180032e-08
1.17681195243 1.92 0.926758772092 -6.9893094506e-08
1.17681195243 2.021 0.932997628653 -7.22960148314e-08
1.17681195243 2.122 0.93861086851 -7.46986539765e-08
1.17681195243 2.223 0.943666565406 -7.7101143336e-08
1.17681195243 2.324 0.948226463838 -7.95036927517e-08
1.17681195243 2.425 0.952346154001 -8.19065653162e-08
1.17681195243 2.526 0.956075368719 -8.43100859591e-08
1.17681195243 2.627 0.95945836765 -8.67146250983e-08
1.17681195243 2.728 0.962522502308 -8.91185918575e-08
1.17681195243 2.829 0.96530994429 -9.15232733333e-08
1.17681195243 2.93 0.967855529479 -9.39298273906e-08
1.17681195243 3.031 0.970173020746 -9.63358982865e-08
1.17681195243 3.132 0.972294039241 -9.87431934327e-08
1.17681195243 3.233 0.974236949492 -1.01151389052e-07
1.17681195243 3.334 0.976018171568 -1.03560017176e-07
1.17681195243 3.435 0.977656433719 -1.05969899565e-07
1.17681195243 3.536 0.979162033646 -1.08379794148e-07
1.17681195243 3.637 0.980553340942 -1.10791674569e-07
1.17681195243 3.738 0.981833391771 -1.13202535007e-07
1.17681195243 3.839 0.983020151332 -1.15615394971e-07
1.17681195243 3.94 0.984118705725 -1.18028779228e-07
1.17681195243 4.041 0.985136012744 -1.20442080709e-07
1.17681195243 4.142 0.98608177594 -1.22856515322e-07
1.17681195243 4.243 0.986961691514 -1.2527177007e-07
1.17681195243 4.344 0.987781194056 -1.27687663536e-07
1.17681195243 4.445 0.988545364658 -1.3010411044e-07
1.17681195243 4.546 0.989258886597 -1.32521090988e-07
1.17681195243 4.647 0.989926036763 -1.34938629088e-07
1.17681195243 4.748 0.9905506985 -1.3735677191e-07
1.17681195243 4.849 0.991136387096 -1.39775581478e-07
1.17681195243 4.95 0.991686279933 -1.42195124498e-07
1.17681195243 5.051 0.992203140197 -1.44615355622e-07
1.17681195243 5.152 0.992688864435 -1.47035532222e-07
1.17681195243 5.253 0.993146680984 -1.49456590546e-07
1.17681195243 5.354 0.993578721502 -1.51878596245e-07
1.17681195243 5.455 0.99398603441 -1.54300397824e-07
1.17681195243 5.556 0.994371331701 -1.56723212999e-07
1.17681195243 5.657 0.994735794248 -1.59146444648e-07
1.17681195243 5.758 0.995080951622 -1.61570145688e-07
1.17681195243 5.859 0.995408304034 -1.6399454494e-07
1.17681195243 5.96 0.995718856122 -1.66419220038e-07
1.17681195243 6.061 0.996014012748 -1.68844634506e-07
1.17681195243 6.162 0.996294605813 -1.71270362683e-07
1.17681195243 6.263 0.996561757421 -1.73696703805e-07
1.17681195243 6.364 0.996816305835 -1.76123548069e-07
1.17681195243 6.465 0.99705902531 -1.78550761968e-07
1.17681195243 6.566 0.997290841315 -1.80978765845e-07
1.17681195243 6.667 0.997512179923 -1.83406817864e-07
1.17681195243 6.768 0.997723997841 -1.85835760913e-07
1.17681195243 6.869 0.997926649662 -1.88264873511e-07
1.17681195243 6.97 0.998120844 -1.90694603282e-07
1.17681195243 7.071 0.998307083491 -1.93124921639e-07
1.17681195243 7.172 0.998485741085 -1.95555431604e-07
1.17681195243 7.273 0.998657433234 -1.97986763481e-07
1.17681195243 7.374 0.998822400379 -2.00418231482e-07
1.17681195243 7.475 0.998981154224 -2.02850332543e-07
1.17681195243 7.576 0.999134031655 -2.0528298463e-07
1.17681195243 7.677 0.999281300895 -2.07715853867e-07
1.17681195243 7.778 0.999423391648 -2.10149513826e-07
1.17681195243 7.879 0.999560471176 -2.12583313035e-07
1.17681195243 7.98 0.999692904441 -2.15017731845e-07
1.17681195243 8.081 0.999820931651 -2.17452699996e-07
1.17681195243 8.182 0.999944739564 -2.19887877007e-07
1.17681195243 8.283 1.00006463678 -2.22323809547e-07
1.17681195243 8.384 1.00018075229 -2.24759943224e-07
1.17681195243 8.485 1.00029333389 -2.27196626399e-07
1.17681195243 8.586 1.00040257249 -2.29633926534e-07
1.17681195243 8.687 1.00050858494 -2.32071361722e-07
1.17681195243 8.788 1.00061160428 -2.34509522844e-07
1.17681195243 8.889 1.00071173936 -2.36948012477e-07
1.17681195243 8.99 1.00080914701 -2.39386922105e-07
1.17681195243 9.091 1.00090398909 -2.41826539804e-07
1.17681195243 9.192 1.0009963386 -2.44266237528e-07
1.17681195243 9.293 1.00108636656 -2.46706603949e-07
1.17681195243 9.394 1.00117417257 -2.49147464145e-07
1.17681195243 9.495 1.00125984468 -2.51588582146e-07
1.17681195243 9.596 1.00134351585 -2.54030397577e-07
1.17681195243 9.697 1.0014252535 -2.56472463123e-07
1.17681195243 9.798 1.00150516594 -2.58915038449e-07
1.17681195243 9.899 1.00158334351 -2.61358237106e-07
1.17681195243 10.0 1.00165983968 -2.63801575783e-07
1.29154966501 0.001 0.594214583694 -2.20466503362e-08
1.29154966501 0.102 0.618273746363 -2.48576217937e-08
1.29154966501 0.203 0.6436371304 -2.76181879025e-08
1.29154966501 0.304 0.669621567467 -3.03233921828e-08
1.29154966501 0.405 0.695554836805 -3.29749833264e-08
1.29154966501 0.506 0.720858252005 -3.5582488754e-08
1.29154966501 0.607 0.745099154024 -3.81493014811e-08
1.29154966501 0.708 0.767963300028 -4.06816574513e-08
1.29154966501 0.809 0.78925734117 -4.31851409441e-08
1.29154966501 0.91 0.808880292891 -4.56648827939e-08
1.29154966501 1.011 0.826823693477 -4.81261881807e-08
1.29154966501 1.112 0.843129584484 -5.05728777897e-08
1.29154966501 1.213 0.85787297493 -5.30078522318e-08
1.29154966501 1.314 0.871158268799 -5.54338471676e-08
1.29154966501 1.415 0.883107504737 -5.78532346752e-08
1.29154966501 1.516 0.893833590098 -6.02672343728e-08
1.29154966501 1.617 0.903447537334 -6.26767972546e-08
1.29154966501 1.718 0.912075930801 -6.50840531216e-08
1.29154966501 1.819 0.919819793522 -6.7489707889e-08
1.29154966501 1.92 0.926758668531 -6.98930830234e-08
1.29154966501 2.021 0.93299752374 -7.2296002076e-08
1.29154966501 2.122 0.938610762396 -7.46986402132e-08
1.29154966501 2.223 0.943666458222 -7.71011284788e-08
1.29154966501 2.324 0.948226355695 -7.95036767359e-08
1.29154966501 2.425 0.952346045001 -8.19065481671e-08
1.29154966501 2.526 0.956075258957 -8.43100678612e-08
1.29154966501 2.627 0.959458257208 -8.67146062537e-08
1.29154966501 2.728 0.962522391231 -8.91185724027e-08
1.29154966501 2.829 0.965309832645 -9.15232533642e-08
1.29154966501 2.93 0.967855417339 -9.39298069676e-08
1.29154966501 3.031 0.970172908146 -9.6335877417e-08
1.29154966501 3.132 0.972293926233 -9.87431721208e-08
1.29154966501 3.233 0.974236836116 -1.01151367311e-07
1.29154966501 3.334 0.97601805786 -1.03559995026e-07
1.29154966501 3.435 0.977656319711 -1.05969877028e-07
1.29154966501 3.536 0.979161919366 -1.08379771225e-07
1.29154966501 3.637 0.980553226418 -1.10791651263e-07
1.29154966501 3.738 0.981833277024 -1.13202511296e-07
1.29154966501 3.839 0.983020036384 -1.15615370855e-07
1.29154966501 3.94 0.984118590596 -1.18028754702e-07
1.29154966501 4.041 0.985135897451 -1.20442055769e-07
1.29154966501 4.142 0.9860816605 -1.22856489966e-07
1.29154966501 4.243 0.986961575942 -1.25271744299e-07
1.29154966501 4.344 0.987781078363 -1.27687637352e-07
1.29154966501 4.445 0.988545248857 -1.30104083844e-07
1.29154966501 4.546 0.989258770697 -1.32521063978e-07
1.29154966501 4.647 0.989925920773 -1.34938601669e-07
1.29154966501 4.748 0.990550582429 -1.37356744079e-07
1.29154966501 4.849 0.991136270952 -1.39775553234e-07
1.29154966501 4.95 0.991686163723 -1.42195095836e-07
1.29154966501 5.051 0.992203023927 -1.44615326543e-07
1.29154966501 5.152 0.992688748111 -1.47035502722e-07
1.29154966501 5.253 0.993146564611 -1.49456560625e-07
1.29154966501 5.354 0.993578605085 -1.51878565904e-07
1.29154966501 5.455 0.993985917953 -1.54300367062e-07
1.29154966501 5.556 0.994371215209 -1.56723181815e-07
1.29154966501 5.657 0.994735677724 -1.59146413043e-07
1.29154966501 5.758 0.995080835068 -1.61570113661e-07
1.29154966501 5.859 0.995408187454 -1.63994512492e-07
1.29154966501 5.96 0.995718739518 -1.66419187166e-07
1.29154966501 6.061 0.996013896123 -1.68844601206e-07
1.29154966501 6.162 0.996294489169 -1.71270328953e-07
1.29154966501 6.263 0.99656164076 -1.73696669646e-07
1.29154966501 6.364 0.996816189159 -1.76123513481e-07
1.29154966501 6.465 0.99705890862 -1.7855072695e-07
1.29154966501 6.566 0.997290724613 -1.80978730398e-07
1.29154966501 6.667 0.997512063211 -1.83406781985e-07
1.29154966501 6.768 0.997723881119 -1.85835724603e-07
1.29154966501 6.869 0.997926532932 -1.88264836767e-07
1.29154966501 6.97 0.998120727262 -1.90694566102e-07
1.29154966501 7.071 0.998306966746 -1.93124884023e-07
1.29154966501 7.172 0.998485624334 -1.95555393553e-07
1.29154966501 7.273 0.998657316477 -1.97986724995e-07
1.29154966501 7.374 0.998822283618 -2.00418192561e-07
1.29154966501 7.475 0.998981037458 -2.02850293189e-07
1.29154966501 7.576 0.999133914885 -2.05282944842e-07
1.29154966501 7.677 0.999281184122 -2.07715813646e-07
1.29154966501 7.778 0.999423274874 -2.10149473173e-07
1.29154966501 7.879 0.999560354401 -2.12583271948e-07
1.29154966501 7.98 0.999692787665 -2.15017690325e-07
1.29154966501 8.081 0.999820814876 -2.17452658042e-07
1.29154966501 8.182 0.999944622788 -2.19887834616e-07
1.29154966501 8.283 1.00006452001 -2.22323766719e-07
1.29154966501 8.384 1.00018063551 -2.24759899958e-07
1.29154966501 8.485 1.00029321711 -2.27196582693e-07
1.29154966501 8.586 1.0004024557 -2.29633882389e-07
1.29154966501 8.687 1.00050846815 -2.32071317137e-07
1.29154966501 8.788 1.00061148748 -2.34509477819e-07
1.29154966501 8.889 1.00071162255 -2.36947967011e-07
1.29154966501 8.99 1.00080903021 -2.39386876202e-07
1.29154966501 9.091 1.00090387229 -2.41826493463e-07
1.29154966501 9.192 1.00099622183 -2.44266190757e-07
1.29154966501 9.293 1.0010862498 -2.46706556746e-07
1.29154966501 9.394 1.00117405584 -2.49147416514e-07
1.29154966501 9.495 1.00125972796 -2.51588534083e-07
1.29154966501 9.596 1.00134339912 -2.54030349076e-07
1.29154966501 9.697 1.00142513678 -2.56472414188e-07
1.29154966501 9.798 1.00150504923 -2.58914989081e-07
1.29154966501 9.899 1.00158322682 -2.61358187308e-07
1.29154966501 10.0 1.00165972301 -2.63801525554e-07
1.41747416293 0.001 0.594214546686 -2.20470785647e-08
1.41747416293 0.102 0.618273703965 -2.48579865836e-08
1.41747416293 0.203 0.643637084367 -2.76184995376e-08
1.41747416293 0.304 0.669621516628 -3.0323647822e-08
1.41747416293 0.405 0.695554780195 -3.29751769286e-08
1.41747416293 0.506 0.720858191067 -3.558264289e-08
1.41747416293 0.607 0.745099088 -3.81494263052e-08
1.41747416293 0.708 0.76796322966 -4.06817559679e-08
1.41747416293 0.809 0.789257266685 -4.3185215526e-08
1.41747416293 0.91 0.80888021417 -4.56649373413e-08
1.41747416293 1.011 0.82682361103 -4.81262268208e-08
1.41747416293 1.112 0.84312949874 -5.0572903888e-08
1.41747416293 1.213 0.857872886088 -5.30078687083e-08
1.41747416293 1.314 0.871158177112 -5.54338569135e-08
1.41747416293 1.415 0.883107410576 -5.78532391722e-08
1.41747416293 1.516 0.893833493672 -6.02672339834e-08
1.41747416293 1.617 0.903447438778 -6.26767923899e-08
1.41747416293 1.718 0.912075830416 -6.50840449734e-08
1.41747416293 1.819 0.919819691524 -6.74896977748e-08
1.41747416293 1.92 0.92675856497 -6.98930715408e-08
1.41747416293 2.021 0.932997418827 -7.22959893205e-08
1.41747416293 2.122 0.938610656283 -7.46986264499e-08
1.41747416293 2.223 0.943666351038 -7.71011136217e-08
1.41747416293 2.324 0.948226247552 -7.95036607202e-08
1.41747416293 2.425 0.952345936002 -8.1906531018e-08
1.41747416293 2.526 0.956075149194 -8.43100497632e-08
1.41747416293 2.627 0.959458146766 -8.67145874092e-08
1.41747416293 2.728 0.962522280153 -8.91185529479e-08
1.41747416293 2.829 0.965309720999 -9.15232333952e-08
1.41747416293 2.93 0.967855305198 -9.39297865446e-08
1.41747416293 3.031 0.970172795546 -9.63358565475e-08
1.41747416293 3.132 0.972293813225 -9.87431508088e-08
1.41747416293 3.233 0.97423672274 -1.01151345569e-07
1.41747416293 3.334 0.976017944152 -1.03559972876e-07
1.41747416293 3.435 0.977656205704 -1.05969854491e-07
1.41747416293 3.536 0.979161805085 -1.08379748301e-07
1.41747416293 3.637 0.980553111894 -1.10791627958e-07
1.41747416293 3.738 0.981833162276 -1.13202487585e-07
1.41747416293 3.839 0.983019921435 -1.15615346739e-07
1.41747416293 3.94 0.984118475467 -1.18028730177e-07
1.41747416293 4.041 0.985135782159 -1.20442030829e-07
1.41747416293 4.142 0.986081545061 -1.2285646461e-07
1.41747416293 4.243 0.98696146037 -1.25271718528e-07
1.41747416293 4.344 0.987780962671 -1.27687611168e-07
1.41747416293 4.445 0.988545133055 -1.30104057248e-07
1.41747416293 4.546 0.989258654797 -1.32521036969e-07
1.41747416293 4.647 0.989925804783 -1.3493857425e-07
1.41747416293 4.748 0.990550466358 -1.37356716248e-07
1.41747416293 4.849 0.991136154808 -1.39775524989e-07
1.41747416293 4.95 0.991686047513 -1.42195067174e-07
1.41747416293 5.051 0.992202907658 -1.44615297464e-07
1.41747416293 5.152 0.992688631787 -1.47035473223e-07
1.41747416293 5.253 0.993146448238 -1.49456530703e-07
1.41747416293 5.354 0.993578488668 -1.51878535563e-07
1.41747416293 5.455 0.993985801497 -1.54300336299e-07
1.41747416293 5.556 0.994371098717 -1.56723150631e-07
1.41747416293 5.657 0.994735561199 -1.59146381438e-07
1.41747416293 5.758 0.995080718515 -1.61570081634e-07
1.41747416293 5.859 0.995408070874 -1.63994480044e-07
1.41747416293 5.96 0.995718622914 -1.66419154294e-07
1.41747416293 6.061 0.996013779498 -1.68844567907e-07
1.41747416293 6.162 0.996294372525 -1.71270295224e-07
1.41747416293 6.263 0.996561524099 -1.73696635488e-07
1.41747416293 6.364 0.996816072482 -1.76123478893e-07
1.41747416293 6.465 0.99705879193 -1.78550691932e-07
1.41747416293 6.566 0.997290607911 -1.8097869495e-07
1.41747416293 6.667 0.997511946498 -1.83406746107e-07
1.41747416293 6.768 0.997723764398 -1.85835688293e-07
1.41747416293 6.869 0.997926416202 -1.88264800022e-07
1.41747416293 6.97 0.998120610525 -1.90694528922e-07
1.41747416293 7.071 0.998306850002 -1.93124846407e-07
1.41747416293 7.172 0.998485507583 -1.95555355501e-07
1.41747416293 7.273 0.99865719972 -1.97986686508e-07
1.41747416293 7.374 0.998822166856 -2.0041815364e-07
1.41747416293 7.475 0.998980920692 -2.02850253835e-07
1.41747416293 7.576 0.999133798115 -2.05282905054e-07
1.41747416293 7.677 0.999281067349 -2.07715773425e-07
1.41747416293 7.778 0.9994231581 -2.10149432519e-07
1.41747416293 7.879 0.999560237625 -2.12583230862e-07
1.41747416293 7.98 0.999692670889 -2.15017648805e-07
1.41747416293 8.081 0.9998206981 -2.17452616087e-07
1.41747416293 8.182 0.999944506012 -2.19887792226e-07
1.41747416293 8.283 1.00006440323 -2.22323723892e-07
1.41747416293 8.384 1.00018051873 -2.24759856692e-07
1.41747416293 8.485 1.00029310033 -2.27196538988e-07
1.41747416293 8.586 1.00040233891 -2.29633838243e-07
1.41747416293 8.687 1.00050835136 -2.32071272551e-07
1.41747416293 8.788 1.00061137068 -2.34509432793e-07
1.41747416293 8.889 1.00071150575 -2.36947921546e-07
1.41747416293 8.99 1.0008089134 -2.39386830299e-07
1.41747416293 9.091 1.00090375549 -2.41826447122e-07
1.41747416293 9.192 1.00099610505 -2.44266143986e-07
1.41747416293 9.293 1.00108613304 -2.46706509542e-07
1.41747416293 9.394 1.0011739391 -2.49147368883e-07
1.41747416293 9.495 1.00125961124 -2.51588486021e-07
1.41747416293 9.596 1.0013432824 -2.54030300576e-07
1.41747416293 9.697 1.00142502006 -2.56472365253e-07
1.41747416293 9.798 1.00150493252 -2.58914939713e-07
1.41747416293 9.899 1.00158311013 -2.6135813751e-07
1.41747416293 10.0 1.00165960633 -2.63801475325e-07
1.55567614393 0.001 0.594214509679 -2.20475068016e-08
1.55567614393 0.102 0.618273661566 -2.4858351379e-08
1.55567614393 0.203 0.643637038334 -2.76188111763e-08
1.55567614393 0.304 0.66962146579 -3.03239034633e-08
1.55567614393 0.405 0.695554723584 -3.2975370532e-08
1.55567614393 0.506 0.720858130129 -3.55827970266e-08
1.55567614393 0.607 0.745099021976 -3.81495511297e-08
1.55567614393 0.708 0.767963159292 -4.06818544848e-08
1.55567614393 0.809 0.7892571922 -4.31852901081e-08
1.55567614393 0.91 0.808880135449 -4.56649918887e-08
1.55567614393 1.011 0.826823528582 -4.81262654611e-08
1.55567614393 1.112 0.843129412996 -5.05729299862e-08
1.55567614393 1.213 0.857872797245 -5.30078851847e-08
1.55567614393 1.314 0.871158085424 -5.54338666593e-08
1.55567614393 1.415 0.883107316415 -5.78532436692e-08
1.55567614393 1.516 0.893833397246 -6.0267233594e-08
1.55567614393 1.617 0.903447340222 -6.26767875252e-08
1.55567614393 1.718 0.91207573003 -6.50840368251e-08
1.55567614393 1.819 0.919819589525 -6.74896876606e-08
1.55567614393 1.92 0.926758461409 -6.98930600582e-08
1.55567614393 2.021 0.932997313915 -7.22959765651e-08
1.55567614393 2.122 0.93861055017 -7.46986126866e-08
1.55567614393 2.223 0.943666243854 -7.71010987646e-08
1.55567614393 2.324 0.948226139409 -7.95036447045e-08
1.55567614393 2.425 0.952345827002 -8.19065138689e-08
1.55567614393 2.526 0.956075039431 -8.43100316653e-08
1.55567614393 2.627 0.959458036324 -8.67145685646e-08
1.55567614393 2.728 0.962522169076 -8.91185334932e-08
1.55567614393 2.829 0.965309609354 -9.15232134261e-08
1.55567614393 2.93 0.967855193057 -9.39297661216e-08
1.55567614393 3.031 0.970172682946 -9.6335835678e-08
1.55567614393 3.132 0.972293700216 -9.87431294968e-08
1.55567614393 3.233 0.974236609364 -1.01151323827e-07
1.55567614393 3.334 0.976017830444 -1.03559950726e-07
1.55567614393 3.435 0.977656091696 -1.05969831953e-07
1.55567614393 3.536 0.979161690805 -1.08379725378e-07
1.55567614393 3.637 0.980552997369 -1.10791604653e-07
1.55567614393 3.738 0.981833047529 -1.13202463874e-07
1.55567614393 3.839 0.983019806487 -1.15615322623e-07
1.55567614393 3.94 0.984118360338 -1.18028705652e-07
1.55567614393 4.041 0.985135666866 -1.20442005888e-07
1.55567614393 4.142 0.986081429622 -1.22856439255e-07
1.55567614393 4.243 0.986961344797 -1.25271692757e-07
1.55567614393 4.344 0.987780846978 -1.27687584984e-07
1.55567614393 4.445 0.988545017254 -1.30104030653e-07
1.55567614393 4.546 0.989258538896 -1.32521009959e-07
1.55567614393 4.647 0.989925688794 -1.3493854683e-07
1.55567614393 4.748 0.990550350286 -1.37356688417e-07
1.55567614393 4.849 0.991136038664 -1.39775496745e-07
1.55567614393 4.95 0.991685931303 -1.42195038512e-07
1.55567614393 5.051 0.992202791388 -1.44615268385e-07
1.55567614393 5.152 0.992688515463 -1.47035443723e-07
1.55567614393 5.253 0.993146331866 -1.49456500782e-07
1.55567614393 5.354 0.993578372252 -1.51878505222e-07
1.55567614393 5.455 0.99398568504 -1.54300305536e-07
1.55567614393 5.556 0.994370982224 -1.56723119446e-07
1.55567614393 5.657 0.994735444674 -1.59146349833e-07
1.55567614393 5.758 0.995080601961 -1.61570049607e-07
1.55567614393 5.859 0.995407954294 -1.63994447596e-07
1.55567614393 5.96 0.995718506311 -1.66419121421e-07
1.55567614393 6.061 0.996013662873 -1.68844534607e-07
1.55567614393 6.162 0.996294255881 -1.71270261495e-07
1.55567614393 6.263 0.996561407438 -1.73696601329e-07
1.55567614393 6.364 0.996815955806 -1.76123444304e-07
1.55567614393 6.465 0.997058675241 -1.78550656914e-07
1.55567614393 6.566 0.99729049121 -1.80978659503e-07
1.55567614393 6.667 0.997511829786 -1.83406710229e-07
1.55567614393 6.768 0.997723647676 -1.85835651983e-07
1.55567614393 6.869 0.997926299472 -1.88264763278e-07
1.55567614393 6.97 0.998120493787 -1.90694491742e-07
1.55567614393 7.071 0.998306733257 -1.93124808791e-07
1.55567614393 7.172 0.998485390832 -1.9555531745e-07
1.55567614393 7.273 0.998657082964 -1.97986648021e-07
1.55567614393 7.374 0.998822050094 -2.00418114719e-07
1.55567614393 7.475 0.998980803925 -2.0285021448e-07
1.55567614393 7.576 0.999133681345 -2.05282865266e-07
1.55567614393 7.677 0.999280950577 -2.07715733204e-07
1.55567614393 7.778 0.999423041326 -2.10149391866e-07
1.55567614393 7.879 0.999560120849 -2.12583189775e-07
1.55567614393 7.98 0.999692554113 -2.15017607285e-07
1.55567614393 8.081 0.999820581325 -2.17452574132e-07
1.55567614393 8.182 0.999944389236 -2.19887749836e-07
1.55567614393 8.283 1.00006428645 -2.22323681064e-07
1.55567614393 8.384 1.00018040195 -2.24759813426e-07
1.55567614393 8.485 1.00029298354 -2.27196495282e-07
1.55567614393 8.586 1.00040222213 -2.29633794098e-07
1.55567614393 8.687 1.00050823456 -2.32071227966e-07
1.55567614393 8.788 1.00061125388 -2.34509387768e-07
1.55567614393 8.889 1.00071138894 -2.3694787608e-07
1.55567614393 8.99 1.0008087966 -2.39386784396e-07
1.55567614393 9.091 1.00090363869 -2.41826400782e-07
1.55567614393 9.192 1.00099598827 -2.44266097216e-07
1.55567614393 9.293 1.00108601627 -2.46706462339e-07
1.55567614393 9.394 1.00117382237 -2.49147321253e-07
1.55567614393 9.495 1.00125949451 -2.51588437958e-07
1.55567614393 9.596 1.00134316568 -2.54030252076e-07
1.55567614393 9.697 1.00142490335 -2.56472316318e-07
1.55567614393 9.798 1.00150481582 -2.58914890345e-07
1.55567614393 9.899 1.00158299344 -2.61358087712e-07
1.55567614393 10.0 1.00165948965 -2.63801425096e-07
1.70735264747 0.001 0.594214472672 -2.20479350467e-08
1.70735264747 0.102 0.618273619168 -2.48587161797e-08
1.70735264747 0.203 0.643636992301 -2.76191228184e-08
1.70735264747 0.304 0.669621414952 -3.03241591068e-08
1.70735264747 0.405 0.695554666974 -3.29755641365e-08
1.70735264747 0.506 0.720858069191 -3.55829511639e-08
1.70735264747 0.607 0.745098955951 -3.81496759546e-08
1.70735264747 0.708 0.767963088924 -4.06819530019e-08
1.70735264747 0.809 0.789257117715 -4.31853646903e-08
1.70735264747 0.91 0.808880056728 -4.56650464362e-08
1.70735264747 1.011 0.826823446134 -4.81263041013e-08
1.70735264747 1.112 0.843129327252 -5.05729560845e-08
1.70735264747 1.213 0.857872708403 -5.30079016611e-08
1.70735264747 1.314 0.871157993736 -5.54338764051e-08
1.70735264747 1.415 0.883107222255 -5.78532481662e-08
1.70735264747 1.516 0.89383330082 -6.02672332046e-08
1.70735264747 1.617 0.903447241665 -6.26767826605e-08
1.70735264747 1.718 0.912075629645 -6.50840286769e-08
1.70735264747 1.819 0.919819487527 -6.74896775464e-08
1.70735264747 1.92 0.926758357849 -6.98930485756e-08
1.70735264747 2.021 0.932997209002 -7.22959638096e-08
1.70735264747 2.122 0.938610444056 -7.46985989233e-08
1.70735264747 2.223 0.943666136669 -7.71010839075e-08
1.70735264747 2.324 0.948226031266 -7.95036286888e-08
1.70735264747 2.425 0.952345718003 -8.19064967199e-08
1.70735264747 2.526 0.956074929668 -8.43100135674e-08
1.70735264747 2.627 0.959457925882 -8.671454972e-08
1.70735264747 2.728 0.962522057998 -8.91185140384e-08
1.70735264747 2.829 0.965309497709 -9.15231934571e-08
1.70735264747 2.93 0.967855080917 -9.39297456986e-08
1.70735264747 3.031 0.970172570347 -9.63358148085e-08
1.70735264747 3.132 0.972293587208 -9.87431081848e-08
1.70735264747 3.233 0.974236495988 -1.01151302085e-07
1.70735264747 3.334 0.976017716736 -1.03559928576e-07
1.70735264747 3.435 0.977655977688 -1.05969809416e-07
1.70735264747 3.536 0.979161576524 -1.08379702455e-07
1.70735264747 3.637 0.980552882845 -1.10791581347e-07
1.70735264747 3.738 0.981832932782 -1.13202440164e-07
1.70735264747 3.839 0.983019691538 -1.15615298507e-07
1.70735264747 3.94 0.984118245209 -1.18028681127e-07
1.70735264747 4.041 0.985135551574 -1.20441980948e-07
1.70735264747 4.142 0.986081314182 -1.22856413899e-07
1.70735264747 4.243 0.986961229225 -1.25271666986e-07
1.70735264747 4.344 0.987780731285 -1.276875588e-07
1.70735264747 4.445 0.988544901453 -1.30104004057e-07
1.70735264747 4.546 0.989258422996 -1.3252098295e-07
1.70735264747 4.647 0.989925572804 -1.34938519411e-07
1.70735264747 4.748 0.990550234215 -1.37356660586e-07
1.70735264747 4.849 0.99113592252 -1.39775468501e-07
1.70735264747 4.95 0.991685815093 -1.4219500985e-07
1.70735264747 5.051 0.992202675118 -1.44615239306e-07
1.70735264747 5.152 0.99268839914 -1.47035414224e-07
1.70735264747 5.253 0.993146215493 -1.4945647086e-07
1.70735264747 5.354 0.993578255835 -1.51878474881e-07
1.70735264747 5.455 0.993985568584 -1.54300274774e-07
1.70735264747 5.556 0.994370865732 -1.56723088262e-07
1.70735264747 5.657 0.99473532815 -1.59146318228e-07
1.70735264747 5.758 0.995080485407 -1.61570017581e-07
1.70735264747 5.859 0.995407837714 -1.63994415148e-07
1.70735264747 5.96 0.995718389707 -1.66419088549e-07
1.70735264747 6.061 0.996013546248 -1.68844501308e-07
1.70735264747 6.162 0.996294139236 -1.71270227765e-07
1.70735264747 6.263 0.996561290777 -1.73696567171e-07
1.70735264747 6.364 0.99681583913 -1.76123409716e-07
1.70735264747 6.465 0.997058558551 -1.78550621896e-07
1.70735264747 6.566 0.997290374508 -1.80978624056e-07
1.70735264747 6.667 0.997511713074 -1.8340667435e-07
1.70735264747 6.768 0.997723530955 -1.85835615673e-07
1.70735264747 6.869 0.997926182743 -1.88264726534e-07
1.70735264747 6.97 0.998120377049 -1.90694454562e-07
1.70735264747 7.071 0.998306616513 -1.93124771176e-07
1.70735264747 7.172 0.998485274081 -1.95555279399e-07
1.70735264747 7.273 0.998656966207 -1.97986609535e-07
1.70735264747 7.374 0.998821933332 -2.00418075798e-07
1.70735264747 7.475 0.998980687159 -2.02850175126e-07
1.70735264747 7.576 0.999133564575 -2.05282825478e-07
1.70735264747 7.677 0.999280833804 -2.07715692984e-07
1.70735264747 7.778 0.999422924552 -2.10149351212e-07
1.70735264747 7.879 0.999560004074 -2.12583148689e-07
1.70735264747 7.98 0.999692437337 -2.15017565765e-07
1.70735264747 8.081 0.99982046455 -2.17452532177e-07
1.70735264747 8.182 0.999944272459 -2.19887707445e-07
1.70735264747 8.283 1.00006416968 -2.22323638237e-07
1.70735264747 8.384 1.00018028518 -2.2475977016e-07
1.70735264747 8.485 1.00029286676 -2.27196451576e-07
1.70735264747 8.586 1.00040210534 -2.29633749952e-07
1.70735264747 8.687 1.00050811777 -2.32071183381e-07
1.70735264747 8.788 1.00061113708 -2.34509342743e-07
1.70735264747 8.889 1.00071127214 -2.36947830614e-07
1.70735264747 8.99 1.0008086798 -2.39386738493e-07
1.70735264747 9.091 1.00090352189 -2.41826354441e-07
1.70735264747 9.192 1.0009958715 -2.44266050445e-07
1.70735264747 9.293 1.00108589951 -2.46706415136e-07
1.70735264747 9.394 1.00117370563 -2.49147273622e-07
1.70735264747 9.495 1.00125937779 -2.51588389895e-07
1.70735264747 9.596 1.00134304896 -2.54030203576e-07
1.70735264747 9.697 1.00142478663 -2.56472267383e-07
1.70735264747 9.798 1.00150469911 -2.58914840977e-07
1.70735264747 9.899 1.00158287674 -2.61358037914e-07
1.70735264747 10.0 1.00165937297 -2.63801374868e-07
1.87381742286 0.001 0.594214435665 -2.20483633002e-08
1.87381742286 0.102 0.61827357677 -2.48590809857e-08
1.87381742286 0.203 0.643636946269 -2.76194344641e-08
1.87381742286 0.304 0.669621364114 -3.03244147525e-08
1.87381742286 0.405 0.695554610364 -3.29757577422e-08
1.87381742286 0.506 0.720858008252 -3.55831053019e-08
1.87381742286 0.607 0.745098889927 -3.814980078e-08
1.87381742286 0.708 0.767963018556 -4.06820515193e-08
1.87381742286 0.809 0.78925704323 -4.31854392726e-08
1.87381742286 0.91 0.808879978008 -4.56651009837e-08
1.87381742286 1.011 0.826823363687 -4.81263427416e-08
1.87381742286 1.112 0.843129241508 -5.05729821828e-08
1.87381742286 1.213 0.85787261956 -5.30079181376e-08
1.87381742286 1.314 0.871157902049 -5.5433886151e-08
1.87381742286 1.415 0.883107128094 -5.78532526632e-08
1.87381742286 1.516 0.893833204394 -6.02672328153e-08
1.87381742286 1.617 0.903447143109 -6.26767777958e-08
1.87381742286 1.718 0.91207552926 -6.50840205286e-08
1.87381742286 1.819 0.919819385529 -6.74896674322e-08
1.87381742286 1.92 0.926758254288 -6.9893037093e-08
1.87381742286 2.021 0.932997104089 -7.22959510542e-08
1.87381742286 2.122 0.938610337943 -7.469858516e-08
1.87381742286 2.223 0.943666029485 -7.71010690503e-08
1.87381742286 2.324 0.948225923122 -7.95036126731e-08
1.87381742286 2.425 0.952345609004 -8.19064795708e-08
1.87381742286 2.526 0.956074819905 -8.43099954694e-08
1.87381742286 2.627 0.959457815441 -8.67145308755e-08
1.87381742286 2.728 0.962521946921 -8.91184945837e-08
1.87381742286 2.829 0.965309386064 -9.15231734881e-08
1.87381742286 2.93 0.967854968776 -9.39297252756e-08
1.87381742286 3.031 0.970172457747 -9.6335793939e-08
1.87381742286 3.132 0.9722934742 -9.87430868729e-08
1.87381742286 3.233 0.974236382612 -1.01151280343e-07
1.87381742286 3.334 0.976017603028 -1.03559906426e-07
1.87381742286 3.435 0.977655863681 -1.05969786879e-07
1.87381742286 3.536 0.979161462244 -1.08379679532e-07
1.87381742286 3.637 0.980552768321 -1.10791558042e-07
1.87381742286 3.738 0.981832818034 -1.13202416453e-07
1.87381742286 3.839 0.98301957659 -1.15615274391e-07
1.87381742286 3.94 0.98411813008 -1.18028656601e-07
1.87381742286 4.041 0.985135436281 -1.20441956008e-07
1.87381742286 4.142 0.986081198743 -1.22856388544e-07
1.87381742286 4.243 0.986961113653 -1.25271641215e-07
1.87381742286 4.344 0.987780615593 -1.27687532616e-07
1.87381742286 4.445 0.988544785651 -1.30103977461e-07
1.87381742286 4.546 0.989258307095 -1.32520955941e-07
1.87381742286 4.647 0.989925456814 -1.34938491992e-07
1.87381742286 4.748 0.990550118144 -1.37356632755e-07
1.87381742286 4.849 0.991135806376 -1.39775440256e-07
1.87381742286 4.95 0.991685698882 -1.42194981188e-07
1.87381742286 5.051 0.992202558848 -1.44615210227e-07
1.87381742286 5.152 0.992688282816 -1.47035384724e-07
1.87381742286 5.253 0.99314609912 -1.49456440939e-07
1.87381742286 5.354 0.993578139418 -1.5187844454e-07
1.87381742286 5.455 0.993985452127 -1.54300244011e-07
1.87381742286 5.556 0.99437074924 -1.56723057078e-07
1.87381742286 5.657 0.994735211625 -1.59146286623e-07
1.87381742286 5.758 0.995080368853 -1.61569985554e-07
1.87381742286 5.859 0.995407721133 -1.639943827e-07
1.87381742286 5.96 0.995718273103 -1.66419055677e-07
1.87381742286 6.061 0.996013429623 -1.68844468008e-07
1.87381742286 6.162 0.996294022592 -1.71270194036e-07
1.87381742286 6.263 0.996561174115 -1.73696533012e-07
1.87381742286 6.364 0.996815722453 -1.76123375128e-07
1.87381742286 6.465 0.997058441861 -1.78550586879e-07
1.87381742286 6.566 0.997290257807 -1.80978588608e-07
1.87381742286 6.667 0.997511596362 -1.83406638472e-07
1.87381742286 6.768 0.997723414233 -1.85835579363e-07
1.87381742286 6.869 0.997926066013 -1.88264689789e-07
1.87381742286 6.97 0.998120260312 -1.90694417382e-07
1.87381742286 7.071 0.998306499768 -1.9312473356e-07
1.87381742286 7.172 0.99848515733 -1.95555241347e-07
1.87381742286 7.273 0.99865684945 -1.97986571048e-07
1.87381742286 7.374 0.99882181657 -2.00418036878e-07
1.87381742286 7.475 0.998980570393 -2.02850135772e-07
1.87381742286 7.576 0.999133447805 -2.0528278569e-07
1.87381742286 7.677 0.999280717031 -2.07715652763e-07
1.87381742286 7.778 0.999422807778 -2.10149310559e-07
1.87381742286 7.879 0.999559887298 -2.12583107602e-07
1.87381742286 7.98 0.999692320561 -2.15017524245e-07
1.87381742286 8.081 0.999820347774 -2.17452490223e-07
1.87381742286 8.182 0.999944155683 -2.19887665055e-07
1.87381742286 8.283 1.0000640529 -2.22323595409e-07
1.87381742286 8.384 1.0001801684 -2.24759726894e-07
1.87381742286 8.485 1.00029274998 -2.27196407871e-07
1.87381742286 8.586 1.00040198856 -2.29633705806e-07
1.87381742286 8.687 1.00050800098 -2.32071138795e-07
1.87381742286 8.788 1.00061102028 -2.34509297718e-07
1.87381742286 8.889 1.00071115533 -2.36947785149e-07
1.87381742286 8.99 1.00080856299 -2.3938669259e-07
1.87381742286 9.091 1.0009034051 -2.41826308101e-07
1.87381742286 9.192 1.00099575472 -2.44266003674e-07
1.87381742286 9.293 1.00108578275 -2.46706367932e-07
1.87381742286 9.394 1.0011735889 -2.49147225991e-07
1.87381742286 9.495 1.00125926107 -2.51588341833e-07
1.87381742286 9.596 1.00134293223 -2.54030155076e-07
1.87381742286 9.697 1.00142466991 -2.56472218448e-07
1.87381742286 9.798 1.0015045824 -2.58914791609e-07
1.87381742286 9.899 1.00158276005 -2.61357988116e-07
1.87381742286 10.0 1.00165925629 -2.63801324639e-07
2.05651230835 0.001 0.594214398658 -2.2048791562e-08
2.05651230835 0.102 0.618273534371 -2.48594457971e-08
2.05651230835 0.203 0.643636900236 -2.76197461133e-08
2.05651230835 0.304 0.669621313276 -3.03246704003e-08
2.05651230835 0.405 0.695554553754 -3.29759513489e-08
2.05651230835 0.506 0.720857947314 -3.55832594405e-08
2.05651230835 0.607 0.745098823902 -3.81499256057e-08
2.05651230835 0.708 0.767962948188 -4.06821500369e-08
2.05651230835 0.809 0.789256968745 -4.3185513855e-08
2.05651230835 0.91 0.808879899287 -4.56651555313e-08
2.05651230835 1.011 0.826823281239 -4.81263813819e-08
2.05651230835 1.112 0.843129155764 -5.05730082811e-08
2.05651230835 1.213 0.857872530717 -5.3007934614e-08
2.05651230835 1.314 0.871157810361 -5.54338958968e-08
2.05651230835 1.415 0.883107033934 -5.78532571602e-08
2.05651230835 1.516 0.893833107968 -6.02672324259e-08
2.05651230835 1.617 0.903447044553 -6.26767729312e-08
2.05651230835 1.718 0.912075428875 -6.50840123804e-08
2.05651230835 1.819 0.919819283531 -6.7489657318e-08
2.05651230835 1.92 0.926758150727 -6.98930256104e-08
2.05651230835 2.021 0.932996999176 -7.22959382988e-08
2.05651230835 2.122 0.93861023183 -7.46985713967e-08
2.05651230835 2.223 0.943665922301 -7.71010541932e-08
2.05651230835 2.324 0.948225814979 -7.95035966574e-08
2.05651230835 2.425 0.952345500004 -8.19064624217e-08
2.05651230835 2.526 0.956074710143 -8.43099773715e-08
2.05651230835 2.627 0.959457704999 -8.67145120309e-08
2.05651230835 2.728 0.962521835843 -8.91184751289e-08
2.05651230835 2.829 0.965309274419 -9.1523153519e-08
2.05651230835 2.93 0.967854856636 -9.39297048526e-08
2.05651230835 3.031 0.970172345147 -9.63357730696e-08
2.05651230835 3.132 0.972293361192 -9.87430655609e-08
2.05651230835 3.233 0.974236269236 -1.01151258602e-07
2.05651230835 3.334 0.97601748932 -1.03559884276e-07
2.05651230835 3.435 0.977655749673 -1.05969764341e-07
2.05651230835 3.536 0.979161347963 -1.08379656609e-07
2.05651230835 3.637 0.980552653797 -1.10791534737e-07
2.05651230835 3.738 0.981832703287 -1.13202392742e-07
2.05651230835 3.839 0.983019461641 -1.15615250275e-07
2.05651230835 3.94 0.984118014951 -1.18028632076e-07
2.05651230835 4.041 0.985135320989 -1.20441931068e-07
2.05651230835 4.142 0.986081083304 -1.22856363188e-07
2.05651230835 4.243 0.986960998081 -1.25271615444e-07
2.05651230835 4.344 0.9877804999 -1.27687506432e-07
2.05651230835 4.445 0.98854466985 -1.30103950865e-07
2.05651230835 4.546 0.989258191195 -1.32520928931e-07
2.05651230835 4.647 0.989925340824 -1.34938464573e-07
2.05651230835 4.748 0.990550002073 -1.37356604924e-07
2.05651230835 4.849 0.991135690232 -1.39775412012e-07
2.05651230835 4.95 0.991685582672 -1.42194952526e-07
2.05651230835 5.051 0.992202442578 -1.44615181148e-07
2.05651230835 5.152 0.992688166492 -1.47035355225e-07
2.05651230835 5.253 0.993145982748 -1.49456411017e-07
2.05651230835 5.354 0.993578023002 -1.51878414199e-07
2.05651230835 5.455 0.993985335671 -1.54300213248e-07
2.05651230835 5.556 0.994370632748 -1.56723025894e-07
2.05651230835 5.657 0.994735095101 -1.59146255018e-07
2.05651230835 5.758 0.995080252299 -1.61569953527e-07
2.05651230835 5.859 0.995407604553 -1.63994350252e-07
2.05651230835 5.96 0.995718156499 -1.66419022804e-07
2.05651230835 6.061 0.996013312998 -1.68844434709e-07
2.05651230835 6.162 0.996293905948 -1.71270160307e-07
2.05651230835 6.263 0.996561057454 -1.73696498854e-07
2.05651230835 6.364 0.996815605777 -1.7612334054e-07
2.05651230835 6.465 0.997058325171 -1.78550551861e-07
2.05651230835 6.566 0.997290141105 -1.80978553161e-07
2.05651230835 6.667 0.99751147965 -1.83406602593e-07
2.05651230835 6.768 0.997723297512 -1.85835543052e-07
2.05651230835 6.869 0.997925949283 -1.88264653045e-07
2.05651230835 6.97 0.998120143574 -1.90694380201e-07
2.05651230835 7.071 0.998306383024 -1.93124695944e-07
2.05651230835 7.172 0.998485040579 -1.95555203296e-07
2.05651230835 7.273 0.998656732694 -1.97986532561e-07
2.05651230835 7.374 0.998821699809 -2.00417997957e-07
2.05651230835 7.475 0.998980453627 -2.02850096417e-07
2.05651230835 7.576 0.999133331035 -2.05282745903e-07
2.05651230835 7.677 0.999280600259 -2.07715612542e-07
2.05651230835 7.778 0.999422691003 -2.10149269905e-07
2.05651230835 7.879 0.999559770522 -2.12583066516e-07
2.05651230835 7.98 0.999692203785 -2.15017482725e-07
2.05651230835 8.081 0.999820230999 -2.17452448268e-07
2.05651230835 8.182 0.999944038907 -2.19887622665e-07
2.05651230835 8.283 1.00006393612 -2.22323552581e-07
2.05651230835 8.384 1.00018005162 -2.24759683628e-07
2.05651230835 8.485 1.0002926332 -2.27196364165e-07
2.05651230835 8.586 1.00040187177 -2.29633661661e-07
2.05651230835 8.687 1.00050788419 -2.3207109421e-07
2.05651230835 8.788 1.00061090348 -2.34509252692e-07
2.05651230835 8.889 1.00071103853 -2.36947739683e-07
2.05651230835 8.99 1.00080844619 -2.39386646687e-07
2.05651230835 9.091 1.0009032883 -2.4182626176e-07
2.05651230835 9.192 1.00099563794 -2.44265956903e-07
2.05651230835 9.293 1.00108566599 -2.46706320729e-07
2.05651230835 9.394 1.00117347216 -2.49147178361e-07
2.05651230835 9.495 1.00125914435 -2.5158829377e-07
2.05651230835 9.596 1.00134281551 -2.54030106576e-07
2.05651230835 9.697 1.00142455319 -2.56472169512e-07
2.05651230835 9.798 1.00150446569 -2.58914742241e-07
2.05651230835 9.899 1.00158264336 -2.61357938318e-07
2.05651230835 10.0 1.00165913961 -2.6380127441e-07
2.25701971963 0.001 0.594214361651 -2.20492198321e-08
2.25701971963 0.102 0.618273491973 -2.48598106139e-08
2.25701971963 0.203 0.643636854203 -2.7620057766e-08
2.25701971963 0.304 0.669621262438 -3.03249260502e-08
2.25701971963 0.405 0.695554497143 -3.29761449569e-08
2.25701971963 0.506 0.720857886376 -3.55834135798e-08
2.25701971963 0.607 0.745098757878 -3.81500504319e-08
2.25701971963 0.708 0.76796287782 -4.06822485547e-08
2.25701971963 0.809 0.78925689426 -4.31855884376e-08
2.25701971963 0.91 0.808879820566 -4.5665210079e-08
2.25701971963 1.011 0.826823198792 -4.81264200223e-08
2.25701971963 1.112 0.84312907002 -5.05730343794e-08
2.25701971963 1.213 0.857872441875 -5.30079510905e-08
2.25701971963 1.314 0.871157718673 -5.54339056426e-08
2.25701971963 1.415 0.883106939773 -5.78532616572e-08
2.25701971963 1.516 0.893833011542 -6.02672320365e-08
2.25701971963 1.617 0.903446945996 -6.26767680665e-08
2.25701971963 1.718 0.91207532849 -6.50840042321e-08
2.25701971963 1.819 0.919819181533 -6.74896472038e-08
2.25701971963 1.92 0.926758047167 -6.98930141278e-08
2.25701971963 2.021 0.932996894263 -7.22959255433e-08
2.25701971963 2.122 0.938610125717 -7.46985576334e-08
2.25701971963 2.223 0.943665815117 -7.71010393361e-08
2.25701971963 2.324 0.948225706836 -7.95035806417e-08
2.25701971963 2.425 0.952345391005 -8.19064452726e-08
2.25701971963 2.526 0.95607460038 -8.43099592736e-08
2.25701971963 2.627 0.959457594557 -8.67144931864e-08
2.25701971963 2.728 0.962521724766 -8.91184556742e-08
2.25701971963 2.829 0.965309162774 -9.152313355e-08
2.25701971963 2.93 0.967854744495 -9.39296844296e-08
2.25701971963 3.031 0.970172232547 -9.63357522001e-08
2.25701971963 3.132 0.972293248184 -9.87430442489e-08
2.25701971963 3.233 0.97423615586 -1.0115123686e-07
2.25701971963 3.334 0.976017375612 -1.03559862126e-07
2.25701971963 3.435 0.977655635665 -1.05969741804e-07
2.25701971963 3.536 0.979161233683 -1.08379633685e-07
2.25701971963 3.637 0.980552539272 -1.10791511431e-07
2.25701971963 3.738 0.98183258854 -1.13202369032e-07
2.25701971963 3.839 0.983019346693 -1.15615226159e-07
2.25701971963 3.94 0.984117899822 -1.18028607551e-07
2.25701971963 4.041 0.985135205696 -1.20441906128e-07
2.25701971963 4.142 0.986080967864 -1.22856337832e-07
2.25701971963 4.243 0.986960882508 -1.25271589673e-07
2.25701971963 4.344 0.987780384208 -1.27687480249e-07
2.25701971963 4.445 0.988544554049 -1.30103924269e-07
2.25701971963 4.546 0.989258075295 -1.32520901922e-07
2.25701971963 4.647 0.989925224834 -1.34938437153e-07
2.25701971963 4.748 0.990549886002 -1.37356577094e-07
2.25701971963 4.849 0.991135574088 -1.39775383768e-07
2.25701971963 4.95 0.991685466462 -1.42194923864e-07
2.25701971963 5.051 0.992202326308 -1.44615152069e-07
2.25701971963 5.152 0.992688050168 -1.47035325725e-07
2.25701971963 5.253 0.993145866375 -1.49456381096e-07
2.25701971963 5.354 0.993577906585 -1.51878383859e-07
2.25701971963 5.455 0.993985219214 -1.54300182486e-07
2.25701971963 5.556 0.994370516255 -1.56722994709e-07
2.25701971963 5.657 0.994734978576 -1.59146223413e-07
2.25701971963 5.758 0.995080135745 -1.615699215e-07
2.25701971963 5.859 0.995407487973 -1.63994317804e-07
2.25701971963 5.96 0.995718039895 -1.66418989932e-07
2.25701971963 6.061 0.996013196373 -1.68844401409e-07
2.25701971963 6.162 0.996293789304 -1.71270126577e-07
2.25701971963 6.263 0.996560940793 -1.73696464695e-07
2.25701971963 6.364 0.996815489101 -1.76123305951e-07
2.25701971963 6.465 0.997058208482 -1.78550516843e-07
2.25701971963 6.566 0.997290024404 -1.80978517714e-07
2.25701971963 6.667 0.997511362937 -1.83406566715e-07
2.25701971963 6.768 0.99772318079 -1.85835506742e-07
2.25701971963 6.869 0.997925832553 -1.88264616301e-07
2.25701971963 6.97 0.998120026837 -1.90694343021e-07
2.25701971963 7.071 0.998306266279 -1.93124658328e-07
2.25701971963 7.172 0.998484923828 -1.95555165245e-07
2.25701971963 7.273 0.998656615937 -1.97986494075e-07
2.25701971963 7.374 0.998821583047 -2.00417959036e-07
2.25701971963 7.475 0.998980336861 -2.02850057063e-07
2.25701971963 7.576 0.999133214265 -2.05282706115e-07
2.25701971963 7.677 0.999280483486 -2.07715572321e-07
2.25701971963 7.778 0.999422574229 -2.10149229252e-07
2.25701971963 7.879 0.999559653747 -2.12583025429e-07
2.25701971963 7.98 0.999692087009 -2.15017441205e-07
2.25701971963 8.081 0.999820114224 -2.17452406313e-07
2.25701971963 8.182 0.999943922131 -2.19887580274e-07
2.25701971963 8.283 1.00006381935 -2.22323509754e-07
2.25701971963 8.384 1.00017993484 -2.24759640362e-07
2.25701971963 8.485 1.00029251642 -2.27196320459e-07
2.25701971963 8.586 1.00040175499 -2.29633617515e-07
2.25701971963 8.687 1.00050776739 -2.32071049625e-07
2.25701971963 8.788 1.00061078668 -2.34509207667e-07
2.25701971963 8.889 1.00071092172 -2.36947694217e-07
2.25701971963 8.99 1.00080832939 -2.39386600784e-07
2.25701971963 9.091 1.0009031715 -2.4182621542e-07
2.25701971963 9.192 1.00099552116 -2.44265910133e-07
2.25701971963 9.293 1.00108554923 -2.46706273526e-07
2.25701971963 9.394 1.00117335543 -2.4914713073e-07
2.25701971963 9.495 1.00125902762 -2.51588245708e-07
2.25701971963 9.596 1.00134269879 -2.54030058076e-07
2.25701971963 9.697 1.00142443647 -2.56472120577e-07
2.25701971963 9.798 1.00150434899 -2.58914692873e-07
2.25701971963 9.899 1.00158252667 -2.6135788852e-07
2.25701971963 10.0 1.00165902293 -2.63801224181e-07
2.47707635599 0.001 0.594214324643 -2.20496481106e-08
2.47707635599 0.102 0.618273449575 -2.4860175436e-08
2.47707635599 0.203 0.64363680817 -2.76203694222e-08
2.47707635599 0.304 0.669621211599 -3.03251817023e-08
2.47707635599 0.405 0.695554440533 -3.29763385659e-08
2.47707635599 0.506 0.720857825438 -3.55835677197e-08
2.47707635599 0.607 0.745098691853 -3.81501752584e-08
2.47707635599 0.708 0.767962807452 -4.06823470728e-08
2.47707635599 0.809 0.789256819775 -4.31856630203e-08
2.47707635599 0.91 0.808879741845 -4.56652646268e-08
2.47707635599 1.011 0.826823116344 -4.81264586626e-08
2.47707635599 1.112 0.843128984276 -5.05730604777e-08
2.47707635599 1.213 0.857872353032 -5.30079675669e-08
2.47707635599 1.314 0.871157626986 -5.54339153885e-08
2.47707635599 1.415 0.883106845613 -5.78532661541e-08
2.47707635599 1.516 0.893832915116 -6.02672316471e-08
2.47707635599 1.617 0.90344684744 -6.26767632018e-08
2.47707635599 1.718 0.912075228104 -6.50839960839e-08
2.47707635599 1.819 0.919819079534 -6.74896370896e-08
2.47707635599 1.92 0.926757943606 -6.98930026452e-08
2.47707635599 2.021 0.93299678935 -7.22959127879e-08
2.47707635599 2.122 0.938610019604 -7.46985438701e-08
2.47707635599 2.223 0.943665707933 -7.7101024479e-08
2.47707635599 2.324 0.948225598693 -7.9503564626e-08
2.47707635599 2.425 0.952345282005 -8.19064281236e-08
2.47707635599 2.526 0.956074490617 -8.43099411757e-08
2.47707635599 2.627 0.959457484115 -8.67144743418e-08
2.47707635599 2.728 0.962521613688 -8.91184362194e-08
2.47707635599 2.829 0.965309051129 -9.1523113581e-08
2.47707635599 2.93 0.967854632355 -9.39296640066e-08
2.47707635599 3.031 0.970172119948 -9.63357313307e-08
2.47707635599 3.132 0.972293135176 -9.8743022937e-08
2.47707635599 3.233 0.974236042484 -1.01151215118e-07
2.47707635599 3.334 0.976017261904 -1.03559839976e-07
2.47707635599 3.435 0.977655521658 -1.05969719266e-07
2.47707635599 3.536 0.979161119402 -1.08379610762e-07
2.47707635599 3.637 0.980552424748 -1.10791488126e-07
2.47707635599 3.738 0.981832473792 -1.13202345321e-07
2.47707635599 3.839 0.983019231744 -1.15615202043e-07
2.47707635599 3.94 0.984117784693 -1.18028583026e-07
2.47707635599 4.041 0.985135090404 -1.20441881187e-07
2.47707635599 4.142 0.986080852425 -1.22856312477e-07
2.47707635599 4.243 0.986960766936 -1.25271563902e-07
2.47707635599 4.344 0.987780268515 -1.27687454065e-07
2.47707635599 4.445 0.988544438247 -1.30103897673e-07
2.47707635599 4.546 0.989257959394 -1.32520874913e-07
2.47707635599 4.647 0.989925108844 -1.34938409734e-07
2.47707635599 4.748 0.990549769931 -1.37356549263e-07
2.47707635599 4.849 0.991135457944 -1.39775355524e-07
2.47707635599 4.95 0.991685350252 -1.42194895203e-07
2.47707635599 5.051 0.992202210039 -1.4461512299e-07
2.47707635599 5.152 0.992687933844 -1.47035296226e-07
2.47707635599 5.253 0.993145750003 -1.49456351175e-07
2.47707635599 5.354 0.993577790169 -1.51878353518e-07
2.47707635599 5.455 0.993985102758 -1.54300151723e-07
2.47707635599 5.556 0.994370399763 -1.56722963525e-07
2.47707635599 5.657 0.994734862051 -1.59146191809e-07
2.47707635599 5.758 0.995080019191 -1.61569889473e-07
2.47707635599 5.859 0.995407371393 -1.63994285356e-07
2.47707635599 5.96 0.995717923292 -1.66418957059e-07
2.47707635599 6.061 0.996013079748 -1.6884436811e-07
2.47707635599 6.162 0.99629367266 -1.71270092848e-07
2.47707635599 6.263 0.996560824132 -1.73696430537e-07
2.47707635599 6.364 0.996815372424 -1.76123271363e-07
2.47707635599 6.465 0.997058091792 -1.78550481825e-07
2.47707635599 6.566 0.997289907702 -1.80978482266e-07
2.47707635599 6.667 0.997511246225 -1.83406530837e-07
2.47707635599 6.768 0.997723064069 -1.85835470432e-07
2.47707635599 6.869 0.997925715823 -1.88264579557e-07
2.47707635599 6.97 0.998119910099 -1.90694305841e-07
2.47707635599 7.071 0.998306149535 -1.93124620712e-07
2.47707635599 7.172 0.998484807077 -1.95555127194e-07
2.47707635599 7.273 0.99865649918 -1.97986455588e-07
2.47707635599 7.374 0.998821466285 -2.00417920115e-07
2.47707635599 7.475 0.998980220095 -2.02850017709e-07
2.47707635599 7.576 0.999133097495 -2.05282666327e-07
2.47707635599 7.677 0.999280366714 -2.077155321e-07
2.47707635599 7.778 0.999422457455 -2.10149188598e-07
2.47707635599 7.879 0.999559536971 -2.12582984343e-07
2.47707635599 7.98 0.999691970234 -2.15017399685e-07
2.47707635599 8.081 0.999819997448 -2.17452364359e-07
2.47707635599 8.182 0.999943805355 -2.19887537884e-07
2.47707635599 8.283 1.00006370257 -2.22323466926e-07
2.47707635599 8.384 1.00017981806 -2.24759597096e-07
2.47707635599 8.485 1.00029239964 -2.27196276754e-07
2.47707635599 8.586 1.0004016382 -2.2963357337e-07
2.47707635599 8.687 1.0005076506 -2.32071005039e-07
2.47707635599 8.788 1.00061066988 -2.34509162642e-07
2.47707635599 8.889 1.00071080492 -2.36947648752e-07
2.47707635599 8.99 1.00080821258 -2.3938655488e-07
2.47707635599 9.091 1.0009030547 -2.41826169079e-07
2.47707635599 9.192 1.00099540439 -2.44265863362e-07
2.47707635599 9.293 1.00108543247 -2.46706226322e-07
2.47707635599 9.394 1.00117323869 -2.491470831e-07
2.47707635599 9.495 1.0012589109 -2.51588197645e-07
2.47707635599 9.596 1.00134258207 -2.54030009576e-07
2.47707635599 9.697 1.00142431976 -2.56472071642e-07
2.47707635599 9.798 1.00150423228 -2.58914643505e-07
2.47707635599 9.899 1.00158240998 -2.61357838722e-07
2.47707635599 10.0 1.00165890625 -2.63801173952e-07
2.71858824273 0.001 0.594214287636 -2.20500763973e-08
2.71858824273 0.102 0.618273407176 -2.48605402634e-08
2.71858824273 0.203 0.643636762138 -2.76206810819e-08
2.71858824273 0.304 0.669621160761 -3.03254373566e-08
2.71858824273 0.405 0.695554383923 -3.29765321761e-08
2.71858824273 0.506 0.720857764499 -3.55837218604e-08
2.71858824273 0.607 0.745098625829 -3.81503000854e-08
2.71858824273 0.708 0.767962737084 -4.06824455911e-08
2.71858824273 0.809 0.78925674529 -4.31857376031e-08
2.71858824273 0.91 0.808879663125 -4.56653191746e-08
2.71858824273 1.011 0.826823033897 -4.81264973031e-08
2.71858824273 1.112 0.843128898532 -5.05730865761e-08
2.71858824273 1.213 0.85787226419 -5.30079840434e-08
2.71858824273 1.314 0.871157535298 -5.54339251343e-08
2.71858824273 1.415 0.883106751452 -5.78532706511e-08
2.71858824273 1.516 0.893832818691 -6.02672312578e-08
2.71858824273 1.617 0.903446748884 -6.26767583371e-08
2.71858824273 1.718 0.912075127719 -6.50839879356e-08
2.71858824273 1.819 0.919818977536 -6.74896269754e-08
2.71858824273 1.92 0.926757840045 -6.98929911626e-08
2.71858824273 2.021 0.932996684438 -7.22959000324e-08
2.71858824273 2.122 0.93860991349 -7.46985301068e-08
2.71858824273 2.223 0.943665600749 -7.71010096219e-08
2.71858824273 2.324 0.94822549055 -7.95035486103e-08
2.71858824273 2.425 0.952345173006 -8.19064109745e-08
2.71858824273 2.526 0.956074380854 -8.43099230778e-08
2.71858824273 2.627 0.959457373673 -8.67144554973e-08
2.71858824273 2.728 0.962521502611 -8.91184167647e-08
2.71858824273 2.829 0.965308939484 -9.1523093612e-08
2.71858824273 2.93 0.967854520214 -9.39296435837e-08
2.71858824273 3.031 0.970172007348 -9.63357104612e-08
2.71858824273 3.132 0.972293022168 -9.8743001625e-08
2.71858824273 3.233 0.974235929108 -1.01151193376e-07
2.71858824273 3.334 0.976017148196 -1.03559817826e-07
2.71858824273 3.435 0.97765540765 -1.05969696729e-07
2.71858824273 3.536 0.979161005122 -1.08379587839e-07
2.71858824273 3.637 0.980552310224 -1.10791464821e-07
2.71858824273 3.738 0.981832359045 -1.1320232161e-07
2.71858824273 3.839 0.983019116796 -1.15615177927e-07
2.71858824273 3.94 0.984117669564 -1.180285585e-07
2.71858824273 4.041 0.985134975112 -1.20441856247e-07
2.71858824273 4.142 0.986080736986 -1.22856287121e-07
2.71858824273 4.243 0.986960651364 -1.25271538131e-07
2.71858824273 4.344 0.987780152823 -1.27687427881e-07
2.71858824273 4.445 0.988544322446 -1.30103871078e-07
2.71858824273 4.546 0.989257843494 -1.32520847903e-07
2.71858824273 4.647 0.989924992854 -1.34938382315e-07
2.71858824273 4.748 0.99054965386 -1.37356521432e-07
2.71858824273 4.849 0.9911353418 -1.39775327279e-07
2.71858824273 4.95 0.991685234042 -1.42194866541e-07
2.71858824273 5.051 0.992202093769 -1.44615093911e-07
2.71858824273 5.152 0.99268781752 -1.47035266726e-07
2.71858824273 5.253 0.99314563363 -1.49456321253e-07
2.71858824273 5.354 0.993577673752 -1.51878323177e-07
2.71858824273 5.455 0.993984986302 -1.5430012096e-07
2.71858824273 5.556 0.994370283271 -1.56722932341e-07
2.71858824273 5.657 0.994734745527 -1.59146160204e-07
2.71858824273 5.758 0.995079902637 -1.61569857447e-07
2.71858824273 5.859 0.995407254813 -1.63994252908e-07
2.71858824273 5.96 0.995717806688 -1.66418924187e-07
2.71858824273 6.061 0.996012963123 -1.6884433481e-07
2.71858824273 6.162 0.996293556016 -1.71270059118e-07
2.71858824273 6.263 0.996560707471 -1.73696396378e-07
2.71858824273 6.364 0.996815255748 -1.76123236775e-07
2.71858824273 6.465 0.997057975102 -1.78550446807e-07
2.71858824273 6.566 0.997289791001 -1.80978446819e-07
2.71858824273 6.667 0.997511129513 -1.83406494958e-07
2.71858824273 6.768 0.997722947347 -1.85835434122e-07
2.71858824273 6.869 0.997925599093 -1.88264542812e-07
2.71858824273 6.97 0.998119793361 -1.90694268661e-07
2.71858824273 7.071 0.99830603279 -1.93124583096e-07
2.71858824273 7.172 0.998484690327 -1.95555089142e-07
2.71858824273 7.273 0.998656382424 -1.97986417101e-07
2.71858824273 7.374 0.998821349523 -2.00417881194e-07
2.71858824273 7.475 0.998980103329 -2.02849978354e-07
2.71858824273 7.576 0.999132980725 -2.05282626539e-07
2.71858824273 7.677 0.999280249941 -2.0771549188e-07
2.71858824273 7.778 0.999422340681 -2.10149147945e-07
2.71858824273 7.879 0.999559420196 -2.12582943256e-07
2.71858824273 7.98 0.999691853458 -2.15017358165e-07
2.71858824273 8.081 0.999819880673 -2.17452322404e-07
2.71858824273 8.182 0.999943688579 -2.19887495493e-07
2.71858824273 8.283 1.00006358579 -2.22323424099e-07
2.71858824273 8.384 1.00017970129 -2.2475955383e-07
2.71858824273 8.485 1.00029228286 -2.27196233048e-07
2.71858824273 8.586 1.00040152142 -2.29633529224e-07
2.71858824273 8.687 1.00050753381 -2.32070960454e-07
2.71858824273 8.788 1.00061055308 -2.34509117617e-07
2.71858824273 8.889 1.00071068811 -2.36947603286e-07
2.71858824273 8.99 1.00080809578 -2.39386508977e-07
2.71858824273 9.091 1.0009029379 -2.41826122739e-07
2.71858824273 9.192 1.00099528761 -2.44265816591e-07
2.71858824273 9.293 1.00108531571 -2.46706179119e-07
2.71858824273 9.394 1.00117312196 -2.49147035469e-07
2.71858824273 9.495 1.00125879418 -2.51588149583e-07
2.71858824273 9.596 1.00134246534 -2.54029961076e-07
2.71858824273 9.697 1.00142420304 -2.56472022707e-07
2.71858824273 9.798 1.00150411557 -2.58914594137e-07
2.71858824273 9.899 1.00158229329 -2.61357788924e-07
2.71858824273 10.0 1.00165878958 -2.63801123723e-07
2.98364724028 0.001 0.594214250629 -2.20505046924e-08
2.98364724028 0.102 0.618273364778 -2.48609050962e-08
2.98364724028 0.203 0.643636716105 -2.76209927452e-08
2.98364724028 0.304 0.669621109923 -3.0325693013e-08
2.98364724028 0.405 0.695554327313 -3.29767257875e-08
2.98364724028 0.506 0.720857703561 -3.55838760017e-08
2.98364724028 0.607 0.745098559804 -3.81504249128e-08
2.98364724028 0.708 0.767962666716 -4.06825441096e-08
2.98364724028 0.809 0.789256670805 -4.31858121861e-08
2.98364724028 0.91 0.808879584404 -4.56653737225e-08
2.98364724028 1.011 0.826822951449 -4.81265359435e-08
2.98364724028 1.112 0.843128812787 -5.05731126744e-08
2.98364724028 1.213 0.857872175347 -5.30080005198e-08
2.98364724028 1.314 0.871157443611 -5.54339348802e-08
2.98364724028 1.415 0.883106657291 -5.78532751481e-08
2.98364724028 1.516 0.893832722265 -6.02672308684e-08
2.98364724028 1.617 0.903446650328 -6.26767534724e-08
2.98364724028 1.718 0.912075027334 -6.50839797874e-08
2.98364724028 1.819 0.919818875538 -6.74896168613e-08
2.98364724028 1.92 0.926757736485 -6.989297968e-08
2.98364724028 2.021 0.932996579525 -7.2295887277e-08
2.98364724028 2.122 0.938609807377 -7.46985163435e-08
2.98364724028 2.223 0.943665493565 -7.71009947648e-08
2.98364724028 2.324 0.948225382407 -7.95035325946e-08
2.98364724028 2.425 0.952345064007 -8.19063938254e-08
2.98364724028 2.526 0.956074271092 -8.43099049799e-08
2.98364724028 2.627 0.959457263232 -8.67144366527e-08
2.98364724028 2.728 0.962521391533 -8.911839731e-08
2.98364724028 2.829 0.965308827839 -9.15230736429e-08
2.98364724028 2.93 0.967854408073 -9.39296231607e-08
2.98364724028 3.031 0.970171894748 -9.63356895917e-08
2.98364724028 3.132 0.97229290916 -9.87429803131e-08
2.98364724028 3.233 0.974235815732 -1.01151171634e-07
2.98364724028 3.334 0.976017034488 -1.03559795677e-07
2.98364724028 3.435 0.977655293642 -1.05969674192e-07
2.98364724028 3.536 0.979160890841 -1.08379564916e-07
2.98364724028 3.637 0.9805521957 -1.10791441515e-07
2.98364724028 3.738 0.981832244298 -1.132022979e-07
2.98364724028 3.839 0.983019001847 -1.15615153811e-07
2.98364724028 3.94 0.984117554435 -1.18028533975e-07
2.98364724028 4.041 0.985134859819 -1.20441831307e-07
2.98364724028 4.142 0.986080621546 -1.22856261766e-07
2.98364724028 4.243 0.986960535792 -1.2527151236e-07
2.98364724028 4.344 0.98778003713 -1.27687401697e-07
2.98364724028 4.445 0.988544206645 -1.30103844482e-07
2.98364724028 4.546 0.989257727594 -1.32520820894e-07
2.98364724028 4.647 0.989924876864 -1.34938354896e-07
2.98364724028 4.748 0.990549537789 -1.37356493601e-07
2.98364724028 4.849 0.991135225656 -1.39775299035e-07
2.98364724028 4.95 0.991685117832 -1.42194837879e-07
2.98364724028 5.051 0.992201977499 -1.44615064832e-07
2.98364724028 5.152 0.992687701197 -1.47035237227e-07
2.98364724028 5.253 0.993145517257 -1.49456291332e-07
2.98364724028 5.354 0.993577557335 -1.51878292836e-07
2.98364724028 5.455 0.993984869845 -1.54300090198e-07
2.98364724028 5.556 0.994370166779 -1.56722901157e-07
2.98364724028 5.657 0.994734629002 -1.59146128599e-07
2.98364724028 5.758 0.995079786084 -1.6156982542e-07
2.98364724028 5.859 0.995407138233 -1.6399422046e-07
2.98364724028 5.96 0.995717690084 -1.66418891315e-07
2.98364724028 6.061 0.996012846498 -1.68844301511e-07
2.98364724028 6.162 0.996293439372 -1.71270025389e-07
2.98364724028 6.263 0.996560590811 -1.7369636222e-07
2.98364724028 6.364 0.996815139072 -1.76123202187e-07
2.98364724028 6.465 0.997057858412 -1.78550411789e-07
2.98364724028 6.566 0.997289674299 -1.80978411372e-07
2.98364724028 6.667 0.997511012801 -1.8340645908e-07
2.98364724028 6.768 0.997722830626 -1.85835397812e-07
2.98364724028 6.869 0.997925482363 -1.88264506068e-07
2.98364724028 6.97 0.998119676624 -1.90694231481e-07
2.98364724028 7.071 0.998305916046 -1.93124545481e-07
2.98364724028 7.172 0.998484573576 -1.95555051091e-07
2.98364724028 7.273 0.998656265667 -1.97986378615e-07
2.98364724028 7.374 0.998821232762 -2.00417842273e-07
2.98364724028 7.475 0.998979986563 -2.02849939e-07
2.98364724028 7.576 0.999132863955 -2.05282586751e-07
2.98364724028 7.677 0.999280133168 -2.07715451659e-07
2.98364724028 7.778 0.999422223907 -2.10149107292e-07
2.98364724028 7.879 0.99955930342 -2.1258290217e-07
2.98364724028 7.98 0.999691736682 -2.15017316645e-07
2.98364724028 8.081 0.999819763898 -2.17452280449e-07
2.98364724028 8.182 0.999943571803 -2.19887453103e-07
2.98364724028 8.283 1.00006346902 -2.22323381271e-07
2.98364724028 8.384 1.00017958451 -2.24759510564e-07
2.98364724028 8.485 1.00029216608 -2.27196189342e-07
2.98364724028 8.586 1.00040140463 -2.29633485079e-07
2.98364724028 8.687 1.00050741702 -2.32070915869e-07
2.98364724028 8.788 1.00061043629 -2.34509072592e-07
2.98364724028 8.889 1.0007105713 -2.36947557821e-07
2.98364724028 8.99 1.00080797898 -2.39386463074e-07
2.98364724028 9.091 1.00090282111 -2.41826076398e-07
2.98364724028 9.192 1.00099517083 -2.44265769821e-07
2.98364724028 9.293 1.00108519894 -2.46706131916e-07
2.98364724028 9.394 1.00117300522 -2.49146987838e-07
2.98364724028 9.495 1.00125867746 -2.5158810152e-07
2.98364724028 9.596 1.00134234862 -2.54029912576e-07
2.98364724028 9.697 1.00142408632 -2.56471973772e-07
2.98364724028 9.798 1.00150399887 -2.58914544769e-07
2.98364724028 9.899 1.0015821766 -2.61357739126e-07
2.98364724028 10.0 1.0016586729 -2.63801073494e-07
3.27454916288 0.001 0.594214213622 -2.20509329958e-08
3.27454916288 0.102 0.618273322379 -2.48612699344e-08
3.27454916288 0.203 0.643636670072 -2.7621304412e-08
3.27454916288 0.304 0.669621059085 -3.03259486715e-08
3.27454916288 0.405 0.695554270703 -3.29769193999e-08
3.27454916288 0.506 0.720857642623 -3.55840301436e-08
3.27454916288 0.607 0.74509849378 -3.81505497405e-08
3.27454916288 0.708 0.767962596348 -4.06826426284e-08
3.27454916288 0.809 0.789256596321 -4.31858867691e-08
3.27454916288 0.91 0.808879505683 -4.56654282704e-08
3.27454916288 1.011 0.826822869002 -4.8126574584e-08
3.27454916288 1.112 0.843128727043 -5.05731387728e-08
3.27454916288 1.213 0.857872086505 -5.30080169963e-08
3.27454916288 1.314 0.871157351923 -5.5433944626e-08
3.27454916288 1.415 0.883106563131 -5.78532796451e-08
3.27454916288 1.516 0.893832625839 -6.0267230479e-08
3.27454916288 1.617 0.903446551771 -6.26767486078e-08
3.27454916288 1.718 0.912074926949 -6.50839716391e-08
3.27454916288 1.819 0.91981877354 -6.74896067471e-08
3.27454916288 1.92 0.926757632924 -6.98929681974e-08
3.27454916288 2.021 0.932996474612 -7.22958745216e-08
3.27454916288 2.122 0.938609701264 -7.46985025802e-08
3.27454916288 2.223 0.943665386381 -7.71009799077e-08
3.27454916288 2.324 0.948225274264 -7.95035165789e-08
3.27454916288 2.425 0.952344955007 -8.19063766764e-08
3.27454916288 2.526 0.956074161329 -8.4309886882e-08
3.27454916288 2.627 0.95945715279 -8.67144178082e-08
3.27454916288 2.728 0.962521280456 -8.91183778552e-08
3.27454916288 2.829 0.965308716194 -9.15230536739e-08
3.27454916288 2.93 0.967854295933 -9.39296027377e-08
3.27454916288 3.031 0.970171782149 -9.63356687223e-08
3.27454916288 3.132 0.972292796151 -9.87429590011e-08
3.27454916288 3.233 0.974235702357 -1.01151149893e-07
3.27454916288 3.334 0.97601692078 -1.03559773527e-07
3.27454916288 3.435 0.977655179635 -1.05969651654e-07
3.27454916288 3.536 0.979160776561 -1.08379541993e-07
3.27454916288 3.637 0.980552081176 -1.1079141821e-07
3.27454916288 3.738 0.981832129551 -1.13202274189e-07
3.27454916288 3.839 0.983018886899 -1.15615129695e-07
3.27454916288 3.94 0.984117439306 -1.1802850945e-07
3.27454916288 4.041 0.985134744527 -1.20441806367e-07
3.27454916288 4.142 0.986080506107 -1.2285623641e-07
3.27454916288 4.243 0.98696042022 -1.25271486589e-07
3.27454916288 4.344 0.987779921438 -1.27687375513e-07
3.27454916288 4.445 0.988544090843 -1.30103817886e-07
3.27454916288 4.546 0.989257611694 -1.32520793885e-07
3.27454916288 4.647 0.989924760875 -1.34938327476e-07
3.27454916288 4.748 0.990549421718 -1.3735646577e-07
3.27454916288 4.849 0.991135109512 -1.39775270791e-07
3.27454916288 4.95 0.991685001622 -1.42194809217e-07
3.27454916288 5.051 0.992201861229 -1.44615035754e-07
3.27454916288 5.152 0.992687584873 -1.47035207727e-07
3.27454916288 5.253 0.993145400885 -1.4945626141e-07
3.27454916288 5.354 0.993577440919 -1.51878262495e-07
3.27454916288 5.455 0.993984753389 -1.54300059435e-07
3.27454916288 5.556 0.994370050287 -1.56722869973e-07
3.27454916288 5.657 0.994734512478 -1.59146096994e-07
3.27454916288 5.758 0.99507966953 -1.61569793393e-07
3.27454916288 5.859 0.995407021653 -1.63994188012e-07
3.27454916288 5.96 0.995717573481 -1.66418858442e-07
3.27454916288 6.061 0.996012729873 -1.68844268211e-07
3.27454916288 6.162 0.996293322728 -1.7126999166e-07
3.27454916288 6.263 0.99656047415 -1.73696328061e-07
3.27454916288 6.364 0.996815022396 -1.76123167599e-07
3.27454916288 6.465 0.997057741723 -1.78550376772e-07
3.27454916288 6.566 0.997289557598 -1.80978375925e-07
3.27454916288 6.667 0.997510896089 -1.83406423202e-07
3.27454916288 6.768 0.997722713904 -1.85835361502e-07
3.27454916288 6.869 0.997925365633 -1.88264469324e-07
3.27454916288 6.97 0.998119559886 -1.90694194301e-07
3.27454916288 7.071 0.998305799301 -1.93124507865e-07
3.27454916288 7.172 0.998484456825 -1.9555501304e-07
3.27454916288 7.273 0.998656148911 -1.97986340128e-07
3.27454916288 7.374 0.998821116 -2.00417803352e-07
3.27454916288 7.475 0.998979869796 -2.02849899646e-07
3.27454916288 7.576 0.999132747185 -2.05282546964e-07
3.27454916288 7.677 0.999280016396 -2.07715411438e-07
3.27454916288 7.778 0.999422107133 -2.10149066638e-07
3.27454916288 7.879 0.999559186644 -2.12582861083e-07
3.27454916288 7.98 0.999691619906 -2.15017275125e-07
3.27454916288 8.081 0.999819647123 -2.17452238495e-07
3.27454916288 8.182 0.999943455027 -2.19887410713e-07
3.27454916288 8.283 1.00006335224 -2.22323338444e-07
3.27454916288 8.384 1.00017946773 -2.24759467298e-07
3.27454916288 8.485 1.0002920493 -2.27196145637e-07
3.27454916288 8.586 1.00040128785 -2.29633440933e-07
3.27454916288 8.687 1.00050730023 -2.32070871284e-07
3.27454916288 8.788 1.00061031949 -2.34509027567e-07
3.27454916288 8.889 1.0007104545 -2.36947512355e-07
3.27454916288 8.99 1.00080786217 -2.39386417171e-07
3.27454916288 9.091 1.00090270431 -2.41826030058e-07
3.27454916288 9.192 1.00099505406 -2.4426572305e-07
3.27454916288 9.293 1.00108508218 -2.46706084713e-07
3.27454916288 9.394 1.00117288849 -2.49146940208e-07
3.27454916288 9.495 1.00125856074 -2.51588053457e-07
3.27454916288 9.596 1.0013422319 -2.54029864076e-07
3.27454916288 9.697 1.0014239696 -2.56471924837e-07
3.27454916288 9.798 1.00150388216 -2.58914495401e-07
3.27454916288 9.899 1.00158205991 -2.61357689328e-07
3.27454916288 10.0 1.00165855622 -2.63801023266e-07
3.5938136638 0.001 0.594214176615 -2.20513613075e-08
3.5938136638 0.102 0.618273279981 -2.48616347779e-08
3.5938136638 0.203 0.643636624039 -2.76216160822e-08
3.5938136638 0.304 0.669621008247 -3.03262043323e-08
3.5938136638 0.405 0.695554214092 -3.29771130135e-08
3.5938136638 0.506 0.720857581685 -3.55841842863e-08
3.5938136638 0.607 0.745098427755 -3.81506745687e-08
3.5938136638 0.708 0.76796252598 -4.06827411474e-08
3.5938136638 0.809 0.789256521836 -4.31859613524e-08
3.5938136638 0.91 0.808879426963 -4.56654828184e-08
3.5938136638 1.011 0.826822786554 -4.81266132245e-08
3.5938136638 1.112 0.843128641299 -5.05731648712e-08
3.5938136638 1.213 0.857871997662 -5.30080334728e-08
3.5938136638 1.314 0.871157260236 -5.54339543718e-08
3.5938136638 1.415 0.88310646897 -5.78532841421e-08
3.5938136638 1.516 0.893832529413 -6.02672300896e-08
3.5938136638 1.617 0.903446453215 -6.26767437431e-08
3.5938136638 1.718 0.912074826564 -6.50839634909e-08
3.5938136638 1.819 0.919818671542 -6.74895966329e-08
3.5938136638 1.92 0.926757529364 -6.98929567148e-08
3.5938136638 2.021 0.932996369699 -7.22958617662e-08
3.5938136638 2.122 0.938609595151 -7.46984888169e-08
3.5938136638 2.223 0.943665279197 -7.71009650506e-08
3.5938136638 2.324 0.94822516612 -7.95035005632e-08
3.5938136638 2.425 0.952344846008 -8.19063595273e-08
3.5938136638 2.526 0.956074051566 -8.43098687841e-08
3.5938136638 2.627 0.959457042348 -8.67143989636e-08
3.5938136638 2.728 0.962521169378 -8.91183584005e-08
3.5938136638 2.829 0.965308604549 -9.15230337049e-08
3.5938136638 2.93 0.967854183792 -9.39295823148e-08
3.5938136638 3.031 0.970171669549 -9.63356478529e-08
3.5938136638 3.132 0.972292683143 -9.87429376892e-08
3.5938136638 3.233 0.974235588981 -1.01151128151e-07
3.5938136638 3.334 0.976016807072 -1.03559751377e-07
3.5938136638 3.435 0.977655065627 -1.05969629117e-07
3.5938136638 3.536 0.979160662281 -1.08379519069e-07
3.5938136638 3.637 0.980551966652 -1.10791394905e-07
3.5938136638 3.738 0.981832014804 -1.13202250478e-07
3.5938136638 3.839 0.983018771951 -1.15615105579e-07
3.5938136638 3.94 0.984117324177 -1.18028484925e-07
3.5938136638 4.041 0.985134629234 -1.20441781427e-07
3.5938136638 4.142 0.986080390668 -1.22856211054e-07
3.5938136638 4.243 0.986960304647 -1.25271460818e-07
3.5938136638 4.344 0.987779805745 -1.27687349329e-07
3.5938136638 4.445 0.988543975042 -1.3010379129e-07
3.5938136638 4.546 0.989257495793 -1.32520766875e-07
3.5938136638 4.647 0.989924644885 -1.34938300057e-07
3.5938136638 4.748 0.990549305648 -1.37356437939e-07
3.5938136638 4.849 0.991134993368 -1.39775242547e-07
3.5938136638 4.95 0.991684885411 -1.42194780555e-07
3.5938136638 5.051 0.99220174496 -1.44615006675e-07
3.5938136638 5.152 0.992687468549 -1.47035178227e-07
3.5938136638 5.253 0.993145284512 -1.49456231489e-07
3.5938136638 5.354 0.993577324502 -1.51878232154e-07
3.5938136638 5.455 0.993984636933 -1.54300028672e-07
3.5938136638 5.556 0.994369933795 -1.56722838788e-07
3.5938136638 5.657 0.994734395953 -1.59146065389e-07
3.5938136638 5.758 0.995079552976 -1.61569761366e-07
3.5938136638 5.859 0.995406905073 -1.63994155564e-07
3.5938136638 5.96 0.995717456877 -1.6641882557e-07
3.5938136638 6.061 0.996012613248 -1.68844234912e-07
3.5938136638 6.162 0.996293206084 -1.7126995793e-07
3.5938136638 6.263 0.996560357489 -1.73696293903e-07
3.5938136638 6.364 0.99681490572 -1.7612313301e-07
3.5938136638 6.465 0.997057625033 -1.78550341754e-07
3.5938136638 6.566 0.997289440897 -1.80978340477e-07
3.5938136638 6.667 0.997510779377 -1.83406387323e-07
3.5938136638 6.768 0.997722597183 -1.85835325192e-07
3.5938136638 6.869 0.997925248903 -1.8826443258e-07
3.5938136638 6.97 0.998119443149 -1.90694157121e-07
3.5938136638 7.071 0.998305682557 -1.93124470249e-07
3.5938136638 7.172 0.998484340074 -1.95554974989e-07
3.5938136638 7.273 0.998656032154 -1.97986301641e-07
3.5938136638 7.374 0.998820999238 -2.00417764431e-07
3.5938136638 7.475 0.99897975303 -2.02849860292e-07
3.5938136638 7.576 0.999132630415 -2.05282507176e-07
3.5938136638 7.677 0.999279899623 -2.07715371217e-07
3.5938136638 7.778 0.999421990359 -2.10149025985e-07
3.5938136638 7.879 0.999559069869 -2.12582819997e-07
3.5938136638 7.98 0.99969150313 -2.15017233605e-07
3.5938136638 8.081 0.999819530348 -2.1745219654e-07
3.5938136638 8.182 0.999943338251 -2.19887368322e-07
3.5938136638 8.283 1.00006323547 -2.22323295616e-07
3.5938136638 8.384 1.00017935095 -2.24759424031e-07
3.5938136638 8.485 1.00029193252 -2.27196101931e-07
3.5938136638 8.586 1.00040117106 -2.29633396788e-07
3.5938136638 8.687 1.00050718343 -2.32070826698e-07
3.5938136638 8.788 1.00061020269 -2.34508982541e-07
3.5938136638 8.889 1.00071033769 -2.36947466889e-07
3.5938136638 8.99 1.00080774537 -2.39386371268e-07
3.5938136638 9.091 1.00090258751 -2.41825983717e-07
3.5938136638 9.192 1.00099493728 -2.44265676279e-07
3.5938136638 9.293 1.00108496542 -2.46706037509e-07
3.5938136638 9.394 1.00117277175 -2.49146892577e-07
3.5938136638 9.495 1.00125844401 -2.51588005395e-07
3.5938136638 9.596 1.00134211518 -2.54029815576e-07
3.5938136638 9.697 1.00142385288 -2.56471875902e-07
3.5938136638 9.798 1.00150376545 -2.58914446034e-07
3.5938136638 9.899 1.00158194322 -2.6135763953e-07
3.5938136638 10.0 1.00165843954 -2.63800973037e-07
3.94420605944 0.001 0.594214139608 -2.20517896275e-08
3.94420605944 0.102 0.618273237583 -2.48619996268e-08
3.94420605944 0.203 0.643636578007 -2.7621927756e-08
3.94420605944 0.304 0.669620957409 -3.03264599951e-08
3.94420605944 0.405 0.695554157482 -3.29773066283e-08
3.94420605944 0.506 0.720857520746 -3.55843384296e-08
3.94420605944 0.607 0.745098361731 -3.81507993974e-08
3.94420605944 0.708 0.767962455612 -4.06828396667e-08
3.94420605944 0.809 0.789256447351 -4.31860359357e-08
3.94420605944 0.91 0.808879348242 -4.56655373665e-08
3.94420605944 1.011 0.826822704107 -4.8126651865e-08
3.94420605944 1.112 0.843128555555 -5.05731909696e-08
3.94420605944 1.213 0.857871908819 -5.30080499493e-08
3.94420605944 1.314 0.871157168548 -5.54339641177e-08
3.94420605944 1.415 0.88310637481 -5.78532886391e-08
3.94420605944 1.516 0.893832432987 -6.02672297003e-08
3.94420605944 1.617 0.903446354659 -6.26767388784e-08
3.94420605944 1.718 0.912074726178 -6.50839553426e-08
3.94420605944 1.819 0.919818569544 -6.74895865187e-08
3.94420605944 1.92 0.926757425803 -6.98929452323e-08
3.94420605944 2.021 0.932996264787 -7.22958490107e-08
3.94420605944 2.122 0.938609489038 -7.46984750537e-08
3.94420605944 2.223 0.943665172013 -7.71009501935e-08
3.94420605944 2.324 0.948225057977 -7.95034845475e-08
3.94420605944 2.425 0.952344737009 -8.19063423783e-08
3.94420605944 2.526 0.956073941803 -8.43098506862e-08
3.94420605944 2.627 0.959456931906 -8.67143801191e-08
3.94420605944 2.728 0.962521058301 -8.91183389458e-08
3.94420605944 2.829 0.965308492905 -9.15230137359e-08
3.94420605944 2.93 0.967854071652 -9.39295618918e-08
3.94420605944 3.031 0.970171556949 -9.63356269834e-08
3.94420605944 3.132 0.972292570135 -9.87429163773e-08
3.94420605944 3.233 0.974235475605 -1.01151106409e-07
3.94420605944 3.334 0.976016693364 -1.03559729227e-07
3.94420605944 3.435 0.97765495162 -1.0596960658e-07
3.94420605944 3.536 0.979160548 -1.08379496146e-07
3.94420605944 3.637 0.980551852127 -1.107913716e-07
3.94420605944 3.738 0.981831900056 -1.13202226768e-07
3.94420605944 3.839 0.983018657002 -1.15615081462e-07
3.94420605944 3.94 0.984117209049 -1.18028460399e-07
3.94420605944 4.041 0.985134513942 -1.20441756487e-07
3.94420605944 4.142 0.986080275229 -1.22856185699e-07
3.94420605944 4.243 0.986960189075 -1.25271435047e-07
3.94420605944 4.344 0.987779690053 -1.27687323145e-07
3.94420605944 4.445 0.988543859241 -1.30103764695e-07
3.94420605944 4.546 0.989257379893 -1.32520739866e-07
3.94420605944 4.647 0.989924528895 -1.34938272638e-07
3.94420605944 4.748 0.990549189577 -1.37356410108e-07
3.94420605944 4.849 0.991134877225 -1.39775214302e-07
3.94420605944 4.95 0.991684769201 -1.42194751893e-07
3.94420605944 5.051 0.99220162869 -1.44614977596e-07
3.94420605944 5.152 0.992687352225 -1.47035148728e-07
3.94420605944 5.253 0.99314516814 -1.49456201568e-07
3.94420605944 5.354 0.993577208086 -1.51878201813e-07
3.94420605944 5.455 0.993984520476 -1.5429999791e-07
3.94420605944 5.556 0.994369817302 -1.56722807604e-07
3.94420605944 5.657 0.994734279429 -1.59146033784e-07
3.94420605944 5.758 0.995079436422 -1.61569729339e-07
3.94420605944 5.859 0.995406788493 -1.63994123117e-07
3.94420605944 5.96 0.995717340273 -1.66418792698e-07
3.94420605944 6.061 0.996012496623 -1.68844201612e-07
3.94420605944 6.162 0.99629308944 -1.71269924201e-07
3.94420605944 6.263 0.996560240828 -1.73696259745e-07
3.94420605944 6.364 0.996814789043 -1.76123098422e-07
3.94420605944 6.465 0.997057508343 -1.78550306736e-07
3.94420605944 6.566 0.997289324195 -1.8097830503e-07
3.94420605944 6.667 0.997510662665 -1.83406351445e-07
3.94420605944 6.768 0.997722480461 -1.85835288882e-07
3.94420605944 6.869 0.997925132174 -1.88264395835e-07
3.94420605944 6.97 0.998119326411 -1.90694119941e-07
3.94420605944 7.071 0.998305565813 -1.93124432633e-07
3.94420605944 7.172 0.998484223323 -1.95554936938e-07
3.94420605944 7.273 0.998655915398 -1.97986263155e-07
3.94420605944 7.374 0.998820882477 -2.0041772551e-07
3.94420605944 7.475 0.998979636264 -2.02849820937e-07
3.94420605944 7.576 0.999132513645 -2.05282467388e-07
3.94420605944 7.677 0.999279782851 -2.07715330997e-07
3.94420605944 7.778 0.999421873585 -2.10148985331e-07
3.94420605944 7.879 0.999558953093 -2.1258277891e-07
3.94420605944 7.98 0.999691386354 -2.15017192085e-07
3.94420605944 8.081 0.999819413572 -2.17452154586e-07
3.94420605944 8.182 0.999943221475 -2.19887325932e-07
3.94420605944 8.283 1.00006311869 -2.22323252788e-07
3.94420605944 8.384 1.00017923418 -2.24759380765e-07
3.94420605944 8.485 1.00029181574 -2.27196058225e-07
3.94420605944 8.586 1.00040105428 -2.29633352642e-07
3.94420605944 8.687 1.00050706664 -2.32070782113e-07
3.94420605944 8.788 1.00061008589 -2.34508937516e-07
3.94420605944 8.889 1.00071022089 -2.36947421424e-07
3.94420605944 8.99 1.00080762857 -2.39386325365e-07
3.94420605944 9.091 1.00090247071 -2.41825937377e-07
3.94420605944 9.192 1.0009948205 -2.44265629509e-07
3.94420605944 9.293 1.00108484866 -2.46705990306e-07
3.94420605944 9.394 1.00117265502 -2.49146844947e-07
3.94420605944 9.495 1.00125832729 -2.51587957332e-07
3.94420605944 9.596 1.00134199845 -2.54029767077e-07
3.94420605944 9.697 1.00142373616 -2.56471826967e-07
3.94420605944 9.798 1.00150364874 -2.58914396666e-07
3.94420605944 9.899 1.00158182653 -2.61357589732e-07
3.94420605944 10.0 1.00165832286 -2.63800922808e-07
4.32876128108 0.001 0.594214102601 -2.20522179559e-08
4.32876128108 0.102 0.618273195184 -2.4862364481e-08
4.32876128108 0.203 0.643636531974 -2.76222394334e-08
4.32876128108 0.304 0.669620906571 -3.03267156602e-08
4.32876128108 0.405 0.695554100872 -3.29775002442e-08
4.32876128108 0.506 0.720857459808 -3.55844925735e-08
4.32876128108 0.607 0.745098295707 -3.81509242264e-08
4.32876128108 0.708 0.767962385244 -4.06829381862e-08
4.32876128108 0.809 0.789256372866 -4.31861105192e-08
4.32876128108 0.91 0.808879269521 -4.56655919146e-08
4.32876128108 1.011 0.82682262166 -4.81266905056e-08
4.32876128108 1.112 0.843128469811 -5.0573217068e-08
4.32876128108 1.213 0.857871819977 -5.30080664258e-08
4.32876128108 1.314 0.871157076861 -5.54339738635e-08
4.32876128108 1.415 0.883106280649 -5.78532931361e-08
4.32876128108 1.516 0.893832336561 -6.02672293109e-08
4.32876128108 1.617 0.903446256103 -6.26767340137e-08
4.32876128108 1.718 0.912074625793 -6.50839471944e-08
4.32876128108 1.819 0.919818467545 -6.74895764045e-08
4.32876128108 1.92 0.926757322242 -6.98929337497e-08
4.32876128108 2.021 0.932996159874 -7.22958362553e-08
4.32876128108 2.122 0.938609382925 -7.46984612904e-08
4.32876128108 2.223 0.943665064829 -7.71009353364e-08
4.32876128108 2.324 0.948224949834 -7.95034685318e-08
4.32876128108 2.425 0.952344628009 -8.19063252292e-08
4.32876128108 2.526 0.956073832041 -8.43098325883e-08
4.32876128108 2.627 0.959456821465 -8.67143612746e-08
4.32876128108 2.728 0.962520947224 -8.91183194911e-08
4.32876128108 2.829 0.96530838126 -9.15229937669e-08
4.32876128108 2.93 0.967853959511 -9.39295414689e-08
4.32876128108 3.031 0.97017144435 -9.6335606114e-08
4.32876128108 3.132 0.972292457127 -9.87428950654e-08
4.32876128108 3.233 0.974235362229 -1.01151084667e-07
4.32876128108 3.334 0.976016579656 -1.03559707077e-07
4.32876128108 3.435 0.977654837612 -1.05969584042e-07
4.32876128108 3.536 0.97916043372 -1.08379473223e-07
4.32876128108 3.637 0.980551737603 -1.10791348294e-07
4.32876128108 3.738 0.981831785309 -1.13202203057e-07
4.32876128108 3.839 0.983018542054 -1.15615057346e-07
4.32876128108 3.94 0.98411709392 -1.18028435874e-07
4.32876128108 4.041 0.98513439865 -1.20441731546e-07
4.32876128108 4.142 0.986080159789 -1.22856160343e-07
4.32876128108 4.243 0.986960073503 -1.25271409276e-07
4.32876128108 4.344 0.98777957436 -1.27687296962e-07
4.32876128108 4.445 0.98854374344 -1.30103738099e-07
4.32876128108 4.546 0.989257263993 -1.32520712857e-07
4.32876128108 4.647 0.989924412905 -1.34938245219e-07
4.32876128108 4.748 0.990549073506 -1.37356382277e-07
4.32876128108 4.849 0.991134761081 -1.39775186058e-07
4.32876128108 4.95 0.991684652991 -1.42194723232e-07
4.32876128108 5.051 0.99220151242 -1.44614948517e-07
4.32876128108 5.152 0.992687235902 -1.47035119228e-07
4.32876128108 5.253 0.993145051767 -1.49456171646e-07
4.32876128108 5.354 0.993577091669 -1.51878171473e-07
4.32876128108 5.455 0.99398440402 -1.54299967147e-07
4.32876128108 5.556 0.99436970081 -1.5672277642e-07
4.32876128108 5.657 0.994734162904 -1.5914600218e-07
4.32876128108 5.758 0.995079319868 -1.61569697313e-07
4.32876128108 5.859 0.995406671913 -1.63994090669e-07
4.32876128108 5.96 0.99571722367 -1.66418759826e-07
4.32876128108 6.061 0.996012379998 -1.68844168313e-07
4.32876128108 6.162 0.996292972796 -1.71269890472e-07
4.32876128108 6.263 0.996560124167 -1.73696225586e-07
4.32876128108 6.364 0.996814672367 -1.76123063834e-07
4.32876128108 6.465 0.997057391654 -1.78550271718e-07
4.32876128108 6.566 0.997289207494 -1.80978269583e-07
4.32876128108 6.667 0.997510545952 -1.83406315567e-07
4.32876128108 6.768 0.99772236374 -1.85835252572e-07
4.32876128108 6.869 0.997925015444 -1.88264359091e-07
4.32876128108 6.97 0.998119209674 -1.90694082761e-07
4.32876128108 7.071 0.998305449068 -1.93124395018e-07
4.32876128108 7.172 0.998484106573 -1.95554898886e-07
4.32876128108 7.273 0.998655798641 -1.97986224668e-07
4.32876128108 7.374 0.998820765715 -2.00417686589e-07
4.32876128108 7.475 0.998979519498 -2.02849781583e-07
4.32876128108 7.576 0.999132396875 -2.052824276e-07
4.32876128108 7.677 0.999279666078 -2.07715290776e-07
4.32876128108 7.778 0.999421756812 -2.10148944678e-07
4.32876128108 7.879 0.999558836318 -2.12582737824e-07
4.32876128108 7.98 0.999691269579 -2.15017150565e-07
4.32876128108 8.081 0.999819296797 -2.17452112631e-07
4.32876128108 8.182 0.999943104699 -2.19887283542e-07
4.32876128108 8.283 1.00006300191 -2.22323209961e-07
4.32876128108 8.384 1.0001791174 -2.24759337499e-07
4.32876128108 8.485 1.00029169896 -2.2719601452e-07
4.32876128108 8.586 1.00040093749 -2.29633308497e-07
4.32876128108 8.687 1.00050694985 -2.32070737528e-07
4.32876128108 8.788 1.00060996909 -2.34508892491e-07
4.32876128108 8.889 1.00071010408 -2.36947375958e-07
4.32876128108 8.99 1.00080751176 -2.39386279462e-07
4.32876128108 9.091 1.00090235391 -2.41825891036e-07
4.32876128108 9.192 1.00099470373 -2.44265582738e-07
4.32876128108 9.293 1.0010847319 -2.46705943103e-07
4.32876128108 9.394 1.00117253828 -2.49146797316e-07
4.32876128108 9.495 1.00125821057 -2.5158790927e-07
4.32876128108 9.596 1.00134188173 -2.54029718577e-07
4.32876128108 9.697 1.00142361945 -2.56471778032e-07
4.32876128108 9.798 1.00150353204 -2.58914347298e-07
4.32876128108 9.899 1.00158170984 -2.61357539934e-07
4.32876128108 10.0 1.00165820618 -2.63800872579e-07
4.7508101621 0.001 0.594214065594 -2.20526462925e-08
4.7508101621 0.102 0.618273152786 -2.48627293406e-08
4.7508101621 0.203 0.643636485941 -2.76225511142e-08
4.7508101621 0.304 0.669620855732 -3.03269713274e-08
4.7508101621 0.405 0.695554044262 -3.29776938612e-08
4.7508101621 0.506 0.72085739887 -3.55846467182e-08
4.7508101621 0.607 0.745098229682 -3.81510490558e-08
4.7508101621 0.708 0.767962314876 -4.06830367059e-08
4.7508101621 0.809 0.789256298381 -4.31861851028e-08
4.7508101621 0.91 0.808879190801 -4.56656464628e-08
4.7508101621 1.011 0.826822539212 -4.81267291462e-08
4.7508101621 1.112 0.843128384067 -5.05732431664e-08
4.7508101621 1.213 0.857871731134 -5.30080829023e-08
4.7508101621 1.314 0.871156985173 -5.54339836094e-08
4.7508101621 1.415 0.883106186489 -5.78532976331e-08
4.7508101621 1.516 0.893832240135 -6.02672289215e-08
4.7508101621 1.617 0.903446157547 -6.26767291491e-08
4.7508101621 1.718 0.912074525408 -6.50839390462e-08
4.7508101621 1.819 0.919818365547 -6.74895662904e-08
4.7508101621 1.92 0.926757218682 -6.98929222671e-08
4.7508101621 2.021 0.932996054961 -7.22958234999e-08
4.7508101621 2.122 0.938609276811 -7.46984475271e-08
4.7508101621 2.223 0.943664957645 -7.71009204793e-08
4.7508101621 2.324 0.948224841691 -7.95034525161e-08
4.7508101621 2.425 0.95234451901 -8.19063080802e-08
4.7508101621 2.526 0.956073722278 -8.43098144904e-08
4.7508101621 2.627 0.959456711023 -8.67143424301e-08
4.7508101621 2.728 0.962520836146 -8.91183000364e-08
4.7508101621 2.829 0.965308269615 -9.15229737979e-08
4.7508101621 2.93 0.967853847371 -9.39295210459e-08
4.7508101621 3.031 0.97017133175 -9.63355852446e-08
4.7508101621 3.132 0.972292344119 -9.87428737534e-08
4.7508101621 3.233 0.974235248853 -1.01151062926e-07
4.7508101621 3.334 0.976016465948 -1.03559684927e-07
4.7508101621 3.435 0.977654723605 -1.05969561505e-07
4.7508101621 3.536 0.979160319439 -1.083794503e-07
4.7508101621 3.637 0.980551623079 -1.10791324989e-07
4.7508101621 3.738 0.981831670562 -1.13202179347e-07
4.7508101621 3.839 0.983018427105 -1.1561503323e-07
4.7508101621 3.94 0.984116978791 -1.18028411349e-07
4.7508101621 4.041 0.985134283357 -1.20441706606e-07
4.7508101621 4.142 0.98608004435 -1.22856134988e-07
4.7508101621 4.243 0.986959957931 -1.25271383505e-07
4.7508101621 4.344 0.987779458668 -1.27687270778e-07
4.7508101621 4.445 0.988543627639 -1.30103711503e-07
4.7508101621 4.546 0.989257148093 -1.32520685847e-07
4.7508101621 4.647 0.989924296916 -1.349382178e-07
4.7508101621 4.748 0.990548957435 -1.37356354446e-07
4.7508101621 4.849 0.991134644937 -1.39775157814e-07
4.7508101621 4.95 0.991684536781 -1.4219469457e-07
4.7508101621 5.051 0.99220139615 -1.44614919438e-07
4.7508101621 5.152 0.992687119578 -1.47035089729e-07
4.7508101621 5.253 0.993144935395 -1.49456141725e-07
4.7508101621 5.354 0.993576975253 -1.51878141132e-07
4.7508101621 5.455 0.993984287564 -1.54299936385e-07
4.7508101621 5.556 0.994369584318 -1.56722745236e-07
4.7508101621 5.657 0.99473404638 -1.59145970575e-07
4.7508101621 5.758 0.995079203315 -1.61569665286e-07
4.7508101621 5.859 0.995406555333 -1.63994058221e-07
4.7508101621 5.96 0.995717107066 -1.66418726953e-07
4.7508101621 6.061 0.996012263373 -1.68844135013e-07
4.7508101621 6.162 0.996292856152 -1.71269856742e-07
4.7508101621 6.263 0.996560007506 -1.73696191428e-07
4.7508101621 6.364 0.996814555691 -1.76123029246e-07
4.7508101621 6.465 0.997057274964 -1.785502367e-07
4.7508101621 6.566 0.997289090792 -1.80978234136e-07
4.7508101621 6.667 0.99751042924 -1.83406279688e-07
4.7508101621 6.768 0.997722247018 -1.85835216262e-07
4.7508101621 6.869 0.997924898714 -1.88264322347e-07
4.7508101621 6.97 0.998119092936 -1.90694045581e-07
4.7508101621 7.071 0.998305332324 -1.93124357402e-07
4.7508101621 7.172 0.998483989822 -1.95554860835e-07
4.7508101621 7.273 0.998655681885 -1.97986186181e-07
4.7508101621 7.374 0.998820648953 -2.00417647669e-07
4.7508101621 7.475 0.998979402732 -2.02849742229e-07
4.7508101621 7.576 0.999132280105 -2.05282387812e-07
4.7508101621 7.677 0.999279549306 -2.07715250555e-07
4.7508101621 7.778 0.999421640038 -2.10148904025e-07
4.7508101621 7.879 0.999558719542 -2.12582696738e-07
4.7508101621 7.98 0.999691152803 -2.15017109046e-07
4.7508101621 8.081 0.999819180022 -2.17452070676e-07
4.7508101621 8.182 0.999942987923 -2.19887241152e-07
4.7508101621 8.283 1.00006288514 -2.22323167133e-07
4.7508101621 8.384 1.00017900062 -2.24759294233e-07
4.7508101621 8.485 1.00029158218 -2.27195970814e-07
4.7508101621 8.586 1.00040082071 -2.29633264351e-07
4.7508101621 8.687 1.00050683306 -2.32070692943e-07
4.7508101621 8.788 1.00060985229 -2.34508847466e-07
4.7508101621 8.889 1.00070998728 -2.36947330493e-07
4.7508101621 8.99 1.00080739496 -2.39386233559e-07
4.7508101621 9.091 1.00090223712 -2.41825844696e-07
4.7508101621 9.192 1.00099458695 -2.44265535967e-07
4.7508101621 9.293 1.00108461514 -2.467058959e-07
4.7508101621 9.394 1.00117242155 -2.49146749686e-07
4.7508101621 9.495 1.00125809385 -2.51587861207e-07
4.7508101621 9.596 1.00134176501 -2.54029670077e-07
4.7508101621 9.697 1.00142350273 -2.56471729096e-07
4.7508101621 9.798 1.00150341533 -2.5891429793e-07
4.7508101621 9.899 1.00158159314 -2.61357490136e-07
4.7508101621 10.0 1.0016580895 -2.63800822351e-07
5.214008288 0.001 0.594214028586 -2.20530746375e-08
5.214008288 0.102 0.618273110388 -2.48630942055e-08
5.214008288 0.203 0.643636439908 -2.76228627986e-08
5.214008288 0.304 0.669620804894 -3.03272269967e-08
5.214008288 0.405 0.695553987652 -3.29778874793e-08
5.214008288 0.506 0.720857337932 -3.55848008635e-08
5.214008288 0.607 0.745098163658 -3.81511738856e-08
5.214008288 0.708 0.767962244508 -4.06831352259e-08
5.214008288 0.809 0.789256223896 -4.31862596865e-08
5.214008288 0.91 0.80887911208 -4.56657010111e-08
5.214008288 1.011 0.826822456765 -4.81267677868e-08
5.214008288 1.112 0.843128298323 -5.05732692648e-08
5.214008288 1.213 0.857871642292 -5.30080993788e-08
5.214008288 1.314 0.871156893486 -5.54339933552e-08
5.214008288 1.415 0.883106092328 -5.78533021301e-08
5.214008288 1.516 0.89383214371 -6.02672285322e-08
5.214008288 1.617 0.90344605899 -6.26767242844e-08
5.214008288 1.718 0.912074425023 -6.50839308979e-08
5.214008288 1.819 0.919818263549 -6.74895561762e-08
5.214008288 1.92 0.926757115121 -6.98929107845e-08
5.214008288 2.021 0.932995950049 -7.22958107445e-08
5.214008288 2.122 0.938609170698 -7.46984337638e-08
5.214008288 2.223 0.943664850461 -7.71009056222e-08
5.214008288 2.324 0.948224733548 -7.95034365005e-08
5.214008288 2.425 0.952344410011 -8.19062909311e-08
5.214008288 2.526 0.956073612515 -8.43097963925e-08
5.214008288 2.627 0.959456600581 -8.67143235856e-08
5.214008288 2.728 0.962520725069 -8.91182805816e-08
5.214008288 2.829 0.96530815797 -9.15229538289e-08
5.214008288 2.93 0.96785373523 -9.3929500623e-08
5.214008288 3.031 0.97017121915 -9.63355643751e-08
5.214008288 3.132 0.972292231111 -9.87428524415e-08
5.214008288 3.233 0.974235135477 -1.01151041184e-07
5.214008288 3.334 0.97601635224 -1.03559662777e-07
5.214008288 3.435 0.977654609597 -1.05969538968e-07
5.214008288 3.536 0.979160205159 -1.08379427377e-07
5.214008288 3.637 0.980551508555 -1.10791301684e-07
5.214008288 3.738 0.981831555815 -1.13202155636e-07
5.214008288 3.839 0.983018312157 -1.15615009114e-07
5.214008288 3.94 0.984116863662 -1.18028386824e-07
5.214008288 4.041 0.985134168065 -1.20441681666e-07
5.214008288 4.142 0.986079928911 -1.22856109632e-07
5.214008288 4.243 0.986959842359 -1.25271357734e-07
5.214008288 4.344 0.987779342975 -1.27687244594e-07
5.214008288 4.445 0.988543511837 -1.30103684907e-07
5.214008288 4.546 0.989257032192 -1.32520658838e-07
5.214008288 4.647 0.989924180926 -1.3493819038e-07
5.214008288 4.748 0.990548841364 -1.37356326616e-07
5.214008288 4.849 0.991134528793 -1.3977512957e-07
5.214008288 4.95 0.991684420571 -1.42194665908e-07
5.214008288 5.051 0.992201279881 -1.44614890359e-07
5.214008288 5.152 0.992687003254 -1.47035060229e-07
5.214008288 5.253 0.993144819022 -1.49456111803e-07
5.214008288 5.354 0.993576858836 -1.51878110791e-07
5.214008288 5.455 0.993984171107 -1.54299905622e-07
5.214008288 5.556 0.994369467826 -1.56722714052e-07
5.214008288 5.657 0.994733929856 -1.5914593897e-07
5.214008288 5.758 0.995079086761 -1.61569633259e-07
5.214008288 5.859 0.995406438753 -1.63994025773e-07
5.214008288 5.96 0.995716990462 -1.66418694081e-07
5.214008288 6.061 0.996012146748 -1.68844101714e-07
5.214008288 6.162 0.996292739508 -1.71269823013e-07
5.214008288 6.263 0.996559890845 -1.73696157269e-07
5.214008288 6.364 0.996814439015 -1.76122994658e-07
5.214008288 6.465 0.997057158275 -1.78550201683e-07
5.214008288 6.566 0.997288974091 -1.80978198688e-07
5.214008288 6.667 0.997510312528 -1.8340624381e-07
5.214008288 6.768 0.997722130297 -1.85835179952e-07
5.214008288 6.869 0.997924781984 -1.88264285603e-07
5.214008288 6.97 0.998118976199 -1.90694008401e-07
5.214008288 7.071 0.998305215579 -1.93124319786e-07
5.214008288 7.172 0.998483873071 -1.95554822784e-07
5.214008288 7.273 0.998655565128 -1.97986147695e-07
5.214008288 7.374 0.998820532192 -2.00417608748e-07
5.214008288 7.475 0.998979285966 -2.02849702875e-07
5.214008288 7.576 0.999132163336 -2.05282348025e-07
5.214008288 7.677 0.999279432533 -2.07715210334e-07
5.214008288 7.778 0.999421523264 -2.10148863371e-07
5.214008288 7.879 0.999558602767 -2.12582655651e-07
5.214008288 7.98 0.999691036027 -2.15017067526e-07
5.214008288 8.081 0.999819063247 -2.17452028722e-07
5.214008288 8.182 0.999942871147 -2.19887198761e-07
5.214008288 8.283 1.00006276836 -2.22323124306e-07
5.214008288 8.384 1.00017888384 -2.24759250967e-07
5.214008288 8.485 1.0002914654 -2.27195927109e-07
5.214008288 8.586 1.00040070392 -2.29633220206e-07
5.214008288 8.687 1.00050671626 -2.32070648358e-07
5.214008288 8.788 1.00060973549 -2.34508802441e-07
5.214008288 8.889 1.00070987047 -2.36947285027e-07
5.214008288 8.99 1.00080727816 -2.39386187656e-07
5.214008288 9.091 1.00090212032 -2.41825798356e-07
5.214008288 9.192 1.00099447017 -2.44265489197e-07
5.214008288 9.293 1.00108449838 -2.46705848696e-07
5.214008288 9.394 1.00117230482 -2.49146702055e-07
5.214008288 9.495 1.00125797712 -2.51587813145e-07
5.214008288 9.596 1.00134164829 -2.54029621577e-07
5.214008288 9.697 1.00142338601 -2.56471680161e-07
5.214008288 9.798 1.00150329862 -2.58914248562e-07
5.214008288 9.899 1.00158147645 -2.61357440338e-07
5.214008288 10.0 1.00165797283 -2.63800772122e-07
5.72236765935 0.001 0.594213991579 -2.20535029908e-08
5.72236765935 0.102 0.618273067989 -2.48634590758e-08
5.72236765935 0.203 0.643636393876 -2.76231744864e-08
5.72236765935 0.304 0.669620754056 -3.03274826682e-08
5.72236765935 0.405 0.695553931041 -3.29780810986e-08
5.72236765935 0.506 0.720857276993 -3.55849550094e-08
5.72236765935 0.607 0.745098097633 -3.81512987159e-08
5.72236765935 0.708 0.76796217414 -4.06832337461e-08
5.72236765935 0.809 0.789256149411 -4.31863342704e-08
5.72236765935 0.91 0.808879033359 -4.56657555594e-08
5.72236765935 1.011 0.826822374317 -4.81268064274e-08
5.72236765935 1.112 0.843128212579 -5.05732953633e-08
5.72236765935 1.213 0.857871553449 -5.30081158553e-08
5.72236765935 1.314 0.871156801798 -5.54340031011e-08
5.72236765935 1.415 0.883105998168 -5.78533066271e-08
5.72236765935 1.516 0.893832047284 -6.02672281428e-08
5.72236765935 1.617 0.903445960434 -6.26767194197e-08
5.72236765935 1.718 0.912074324638 -6.50839227497e-08
5.72236765935 1.819 0.919818161551 -6.7489546062e-08
5.72236765935 1.92 0.926757011561 -6.9892899302e-08
5.72236765935 2.021 0.932995845136 -7.22957979891e-08
5.72236765935 2.122 0.938609064585 -7.46984200006e-08
5.72236765935 2.223 0.943664743277 -7.71008907651e-08
5.72236765935 2.324 0.948224625405 -7.95034204848e-08
5.72236765935 2.425 0.952344301012 -8.19062737821e-08
5.72236765935 2.526 0.956073502753 -8.43097782946e-08
5.72236765935 2.627 0.95945649014 -8.6714304741e-08
5.72236765935 2.728 0.962520613992 -8.91182611269e-08
5.72236765935 2.829 0.965308046325 -9.15229338599e-08
5.72236765935 2.93 0.96785362309 -9.39294802e-08
5.72236765935 3.031 0.970171106551 -9.63355435057e-08
5.72236765935 3.132 0.972292118103 -9.87428311296e-08
5.72236765935 3.233 0.974235022102 -1.01151019442e-07
5.72236765935 3.334 0.976016238532 -1.03559640627e-07
5.72236765935 3.435 0.977654495589 -1.05969516431e-07
5.72236765935 3.536 0.979160090879 -1.08379404453e-07
5.72236765935 3.637 0.980551394031 -1.10791278378e-07
5.72236765935 3.738 0.981831441068 -1.13202131925e-07
5.72236765935 3.839 0.983018197209 -1.15614984998e-07
5.72236765935 3.94 0.984116748533 -1.18028362299e-07
5.72236765935 4.041 0.985134052773 -1.20441656726e-07
5.72236765935 4.142 0.986079813472 -1.22856084277e-07
5.72236765935 4.243 0.986959726787 -1.25271331963e-07
5.72236765935 4.344 0.987779227283 -1.2768721841e-07
5.72236765935 4.445 0.988543396036 -1.30103658312e-07
5.72236765935 4.546 0.989256916292 -1.32520631829e-07
5.72236765935 4.647 0.989924064936 -1.34938162961e-07
5.72236765935 4.748 0.990548725293 -1.37356298785e-07
5.72236765935 4.849 0.991134412649 -1.39775101325e-07
5.72236765935 4.95 0.991684304361 -1.42194637246e-07
5.72236765935 5.051 0.992201163611 -1.4461486128e-07
5.72236765935 5.152 0.992686886931 -1.4703503073e-07
5.72236765935 5.253 0.99314470265 -1.49456081882e-07
5.72236765935 5.354 0.99357674242 -1.5187808045e-07
5.72236765935 5.455 0.993984054651 -1.5429987486e-07
5.72236765935 5.556 0.994369351334 -1.56722682868e-07
5.72236765935 5.657 0.994733813331 -1.59145907365e-07
5.72236765935 5.758 0.995078970207 -1.61569601232e-07
5.72236765935 5.859 0.995406322173 -1.63993993325e-07
5.72236765935 5.96 0.995716873859 -1.66418661209e-07
5.72236765935 6.061 0.996012030123 -1.68844068414e-07
5.72236765935 6.162 0.996292622864 -1.71269789284e-07
5.72236765935 6.263 0.996559774184 -1.73696123111e-07
5.72236765935 6.364 0.996814322339 -1.76122960069e-07
5.72236765935 6.465 0.997057041585 -1.78550166665e-07
5.72236765935 6.566 0.99728885739 -1.80978163241e-07
5.72236765935 6.667 0.997510195816 -1.83406207932e-07
5.72236765935 6.768 0.997722013576 -1.85835143642e-07
5.72236765935 6.869 0.997924665254 -1.88264248858e-07
5.72236765935 6.97 0.998118859461 -1.90693971221e-07
5.72236765935 7.071 0.998305098835 -1.9312428217e-07
5.72236765935 7.172 0.99848375632 -1.95554784733e-07
5.72236765935 7.273 0.998655448371 -1.97986109208e-07
5.72236765935 7.374 0.99882041543 -2.00417569827e-07
5.72236765935 7.475 0.9989791692 -2.0284966352e-07
5.72236765935 7.576 0.999132046566 -2.05282308237e-07
5.72236765935 7.677 0.999279315761 -2.07715170114e-07
5.72236765935 7.778 0.99942140649 -2.10148822718e-07
5.72236765935 7.879 0.999558485991 -2.12582614565e-07
5.72236765935 7.98 0.999690919251 -2.15017026006e-07
5.72236765935 8.081 0.999818946472 -2.17451986767e-07
5.72236765935 8.182 0.999942754371 -2.19887156371e-07
5.72236765935 8.283 1.00006265158 -2.22323081478e-07
5.72236765935 8.384 1.00017876706 -2.24759207701e-07
5.72236765935 8.485 1.00029134862 -2.27195883403e-07
5.72236765935 8.586 1.00040058714 -2.29633176061e-07
5.72236765935 8.687 1.00050659947 -2.32070603772e-07
5.72236765935 8.788 1.00060961869 -2.34508757416e-07
5.72236765935 8.889 1.00070975367 -2.36947239562e-07
5.72236765935 8.99 1.00080716135 -2.39386141753e-07
5.72236765935 9.091 1.00090200352 -2.41825752015e-07
5.72236765935 9.192 1.0009943534 -2.44265442426e-07
5.72236765935 9.293 1.00108438161 -2.46705801493e-07
5.72236765935 9.394 1.00117218808 -2.49146654425e-07
5.72236765935 9.495 1.0012578604 -2.51587765082e-07
5.72236765935 9.596 1.00134153156 -2.54029573077e-07
5.72236765935 9.697 1.00142326929 -2.56471631226e-07
5.72236765935 9.798 1.00150318192 -2.58914199194e-07
5.72236765935 9.899 1.00158135976 -2.6135739054e-07
5.72236765935 10.0 1.00165785615 -2.63800721893e-07
6.28029144183 0.001 0.594213954572 -2.20539313525e-08
6.28029144183 0.102 0.618273025591 -2.48638239515e-08
6.28029144183 0.203 0.643636347843 -2.76234861778e-08
6.28029144183 0.304 0.669620703218 -3.03277383419e-08
6.28029144183 0.405 0.695553874431 -3.29782747191e-08
6.28029144183 0.506 0.720857216055 -3.55851091561e-08
6.28029144183 0.607 0.745098031609 -3.81514235465e-08
6.28029144183 0.708 0.767962103772 -4.06833322666e-08
6.28029144183 0.809 0.789256074926 -4.31864088543e-08
6.28029144183 0.91 0.808878954639 -4.56658101078e-08
6.28029144183 1.011 0.82682229187 -4.81268450681e-08
6.28029144183 1.112 0.843128126835 -5.05733214618e-08
6.28029144183 1.213 0.857871464607 -5.30081323318e-08
6.28029144183 1.314 0.871156710111 -5.5434012847e-08
6.28029144183 1.415 0.883105904008 -5.78533111241e-08
6.28029144183 1.516 0.893831950858 -6.02672277534e-08
6.28029144183 1.617 0.903445861878 -6.2676714555e-08
6.28029144183 1.718 0.912074224253 -6.50839146015e-08
6.28029144183 1.819 0.919818059553 -6.74895359478e-08
6.28029144183 1.92 0.926756908 -6.98928878194e-08
6.28029144183 2.021 0.932995740223 -7.22957852336e-08
6.28029144183 2.122 0.938608958472 -7.46984062373e-08
6.28029144183 2.223 0.943664636093 -7.7100875908e-08
6.28029144183 2.324 0.948224517262 -7.95034044691e-08
6.28029144183 2.425 0.952344192012 -8.19062566331e-08
6.28029144183 2.526 0.95607339299 -8.43097601968e-08
6.28029144183 2.627 0.959456379698 -8.67142858965e-08
6.28029144183 2.728 0.962520502914 -8.91182416722e-08
6.28029144183 2.829 0.96530793468 -9.1522913891e-08
6.28029144183 2.93 0.96785351095 -9.39294597771e-08
6.28029144183 3.031 0.970170993951 -9.63355226363e-08
6.28029144183 3.132 0.972292005095 -9.87428098177e-08
6.28029144183 3.233 0.974234908726 -1.011509977e-07
6.28029144183 3.334 0.976016124824 -1.03559618478e-07
6.28029144183 3.435 0.977654381582 -1.05969493893e-07
6.28029144183 3.536 0.979159976599 -1.0837938153e-07
6.28029144183 3.637 0.980551279507 -1.10791255073e-07
6.28029144183 3.738 0.981831326321 -1.13202108215e-07
6.28029144183 3.839 0.98301808226 -1.15614960882e-07
6.28029144183 3.94 0.984116633404 -1.18028337774e-07
6.28029144183 4.041 0.98513393748 -1.20441631786e-07
6.28029144183 4.142 0.986079698033 -1.22856058921e-07
6.28029144183 4.243 0.986959611215 -1.25271306192e-07
6.28029144183 4.344 0.98777911159 -1.27687192226e-07
6.28029144183 4.445 0.988543280235 -1.30103631716e-07
6.28029144183 4.546 0.989256800392 -1.32520604819e-07
6.28029144183 4.647 0.989923948946 -1.34938135542e-07
6.28029144183 4.748 0.990548609222 -1.37356270954e-07
6.28029144183 4.849 0.991134296505 -1.39775073081e-07
6.28029144183 4.95 0.991684188151 -1.42194608584e-07
6.28029144183 5.051 0.992201047341 -1.44614832201e-07
6.28029144183 5.152 0.992686770607 -1.47035001231e-07
6.28029144183 5.253 0.993144586277 -1.49456051961e-07
6.28029144183 5.354 0.993576626003 -1.51878050109e-07
6.28029144183 5.455 0.993983938195 -1.54299844097e-07
6.28029144183 5.556 0.994369234842 -1.56722651684e-07
6.28029144183 5.657 0.994733696807 -1.5914587576e-07
6.28029144183 5.758 0.995078853654 -1.61569569206e-07
6.28029144183 5.859 0.995406205593 -1.63993960877e-07
6.28029144183 5.96 0.995716757255 -1.66418628336e-07
6.28029144183 6.061 0.996011913498 -1.68844035115e-07
6.28029144183 6.162 0.99629250622 -1.71269755555e-07
6.28029144183 6.263 0.996559657523 -1.73696088953e-07
6.28029144183 6.364 0.996814205663 -1.76122925481e-07
6.28029144183 6.465 0.997056924895 -1.78550131647e-07
6.28029144183 6.566 0.997288740688 -1.80978127794e-07
6.28029144183 6.667 0.997510079104 -1.83406172053e-07
6.28029144183 6.768 0.997721896854 -1.85835107332e-07
6.28029144183 6.869 0.997924548525 -1.88264212114e-07
6.28029144183 6.97 0.998118742724 -1.90693934041e-07
6.28029144183 7.071 0.998304982091 -1.93124244555e-07
6.28029144183 7.172 0.99848363957 -1.95554746682e-07
6.28029144183 7.273 0.998655331615 -1.97986070722e-07
6.28029144183 7.374 0.998820298669 -2.00417530906e-07
6.28029144183 7.475 0.998979052434 -2.02849624166e-07
6.28029144183 7.576 0.999131929796 -2.05282268449e-07
6.28029144183 7.677 0.999279198988 -2.07715129893e-07
6.28029144183 7.778 0.999421289716 -2.10148782064e-07
6.28029144183 7.879 0.999558369216 -2.12582573478e-07
6.28029144183 7.98 0.999690802476 -2.15016984486e-07
6.28029144183 8.081 0.999818829696 -2.17451944813e-07
6.28029144183 8.182 0.999942637595 -2.19887113981e-07
6.28029144183 8.283 1.00006253481 -2.22323038651e-07
6.28029144183 8.384 1.00017865029 -2.24759164436e-07
6.28029144183 8.485 1.00029123184 -2.27195839697e-07
6.28029144183 8.586 1.00040047035 -2.29633131915e-07
6.28029144183 8.687 1.00050648268 -2.32070559187e-07
6.28029144183 8.788 1.00060950189 -2.34508712391e-07
6.28029144183 8.889 1.00070963686 -2.36947194096e-07
6.28029144183 8.99 1.00080704455 -2.3938609585e-07
6.28029144183 9.091 1.00090188672 -2.41825705675e-07
6.28029144183 9.192 1.00099423662 -2.44265395655e-07
6.28029144183 9.293 1.00108426485 -2.4670575429e-07
6.28029144183 9.394 1.00117207135 -2.49146606794e-07
6.28029144183 9.495 1.00125774368 -2.5158771702e-07
6.28029144183 9.596 1.00134141484 -2.54029524577e-07
6.28029144183 9.697 1.00142315257 -2.56471582291e-07
6.28029144183 9.798 1.00150306521 -2.58914149826e-07
6.28029144183 9.899 1.00158124307 -2.61357340742e-07
6.28029144183 10.0 1.00165773947 -2.63800671664e-07
6.89261210435 0.001 0.594213917565 -2.20543597224e-08
6.89261210435 0.102 0.618272983193 -2.48641888325e-08
6.89261210435 0.203 0.64363630181 -2.76237978727e-08
6.89261210435 0.304 0.66962065238 -3.03279940177e-08
6.89261210435 0.405 0.695553817821 -3.29784683406e-08
6.89261210435 0.506 0.720857155117 -3.55852633034e-08
6.89261210435 0.607 0.745097965585 -3.81515483776e-08
6.89261210435 0.708 0.767962033404 -4.06834307873e-08
6.89261210435 0.809 0.789256000442 -4.31864834385e-08
6.89261210435 0.91 0.808878875918 -4.56658646563e-08
6.89261210435 1.011 0.826822209422 -4.81268837088e-08
6.89261210435 1.112 0.843128041091 -5.05733475602e-08
6.89261210435 1.213 0.857871375764 -5.30081488083e-08
6.89261210435 1.314 0.871156618423 -5.54340225928e-08
6.89261210435 1.415 0.883105809847 -5.78533156211e-08
6.89261210435 1.516 0.893831854432 -6.0267227364e-08
6.89261210435 1.617 0.903445763322 -6.26767096904e-08
6.89261210435 1.718 0.912074123868 -6.50839064532e-08
6.89261210435 1.819 0.919817957555 -6.74895258337e-08
6.89261210435 1.92 0.92675680444 -6.98928763368e-08
6.89261210435 2.021 0.93299563531 -7.22957724782e-08
6.89261210435 2.122 0.938608852359 -7.4698392474e-08
6.89261210435 2.223 0.943664528909 -7.71008610509e-08
6.89261210435 2.324 0.948224409119 -7.95033884535e-08
6.89261210435 2.425 0.952344083013 -8.1906239484e-08
6.89261210435 2.526 0.956073283228 -8.43097420989e-08
6.89261210435 2.627 0.959456269256 -8.6714267052e-08
6.89261210435 2.728 0.962520391837 -8.91182222175e-08
6.89261210435 2.829 0.965307823035 -9.1522893922e-08
6.89261210435 2.93 0.967853398809 -9.39294393542e-08
6.89261210435 3.031 0.970170881352 -9.63355017669e-08
6.89261210435 3.132 0.972291892087 -9.87427885058e-08
6.89261210435 3.233 0.97423479535 -1.01150975959e-07
6.89261210435 3.334 0.976016011116 -1.03559596328e-07
6.89261210435 3.435 0.977654267574 -1.05969471356e-07
6.89261210435 3.536 0.979159862318 -1.08379358607e-07
6.89261210435 3.637 0.980551164983 -1.10791231768e-07
6.89261210435 3.738 0.981831211573 -1.13202084504e-07
6.89261210435 3.839 0.983017967312 -1.15614936767e-07
6.89261210435 3.94 0.984116518275 -1.18028313248e-07
6.89261210435 4.041 0.985133822188 -1.20441606846e-07
6.89261210435 4.142 0.986079582593 -1.22856033566e-07
6.89261210435 4.243 0.986959495643 -1.25271280421e-07
6.89261210435 4.344 0.987778995898 -1.27687166042e-07
6.89261210435 4.445 0.988543164434 -1.3010360512e-07
6.89261210435 4.546 0.989256684492 -1.3252057781e-07
6.89261210435 4.647 0.989923832957 -1.34938108123e-07
6.89261210435 4.748 0.990548493151 -1.37356243123e-07
6.89261210435 4.849 0.991134180362 -1.39775044837e-07
6.89261210435 4.95 0.991684071941 -1.42194579922e-07
6.89261210435 5.051 0.992200931072 -1.44614803122e-07
6.89261210435 5.152 0.992686654283 -1.47034971731e-07
6.89261210435 5.253 0.993144469905 -1.49456022039e-07
6.89261210435 5.354 0.993576509587 -1.51878019769e-07
6.89261210435 5.455 0.993983821739 -1.54299813334e-07
6.89261210435 5.556 0.99436911835 -1.56722620499e-07
6.89261210435 5.657 0.994733580282 -1.59145844156e-07
6.89261210435 5.758 0.9950787371 -1.61569537179e-07
6.89261210435 5.859 0.995406089013 -1.63993928429e-07
6.89261210435 5.96 0.995716640652 -1.66418595464e-07
6.89261210435 6.061 0.996011796873 -1.68844001815e-07
6.89261210435 6.162 0.996292389576 -1.71269721825e-07
6.89261210435 6.263 0.996559540862 -1.73696054794e-07
6.89261210435 6.364 0.996814088986 -1.76122890893e-07
6.89261210435 6.465 0.997056808206 -1.78550096629e-07
6.89261210435 6.566 0.997288623987 -1.80978092347e-07
6.89261210435 6.667 0.997509962392 -1.83406136175e-07
6.89261210435 6.768 0.997721780133 -1.85835071022e-07
6.89261210435 6.869 0.997924431795 -1.8826417537e-07
6.89261210435 6.97 0.998118625986 -1.90693896861e-07
6.89261210435 7.071 0.998304865346 -1.93124206939e-07
6.89261210435 7.172 0.998483522819 -1.95554708631e-07
6.89261210435 7.273 0.998655214859 -1.97986032235e-07
6.89261210435 7.374 0.998820181907 -2.00417491985e-07
6.89261210435 7.475 0.998978935668 -2.02849584812e-07
6.89261210435 7.576 0.999131813026 -2.05282228661e-07
6.89261210435 7.677 0.999279082216 -2.07715089672e-07
6.89261210435 7.778 0.999421172942 -2.10148741411e-07
6.89261210435 7.879 0.999558252441 -2.12582532392e-07
6.89261210435 7.98 0.9996906857 -2.15016942966e-07
6.89261210435 8.081 0.999818712921 -2.17451902858e-07
6.89261210435 8.182 0.999942520819 -2.1988707159e-07
6.89261210435 8.283 1.00006241803 -2.22322995823e-07
6.89261210435 8.384 1.00017853351 -2.2475912117e-07
6.89261210435 8.485 1.00029111506 -2.27195795992e-07
6.89261210435 8.586 1.00040035357 -2.2963308777e-07
6.89261210435 8.687 1.00050636589 -2.32070514602e-07
6.89261210435 8.788 1.00060938509 -2.34508667366e-07
6.89261210435 8.889 1.00070952006 -2.3694714863e-07
6.89261210435 8.99 1.00080692775 -2.39386049947e-07
6.89261210435 9.091 1.00090176993 -2.41825659334e-07
6.89261210435 9.192 1.00099411984 -2.44265348885e-07
6.89261210435 9.293 1.00108414809 -2.46705707087e-07
6.89261210435 9.394 1.00117195461 -2.49146559164e-07
6.89261210435 9.495 1.00125762696 -2.51587668957e-07
6.89261210435 9.596 1.00134129812 -2.54029476077e-07
6.89261210435 9.697 1.00142303586 -2.56471533356e-07
6.89261210435 9.798 1.0015029485 -2.58914100459e-07
6.89261210435 9.899 1.00158112638 -2.61357290945e-07
6.89261210435 10.0 1.00165762279 -2.63800621436e-07
7.56463327555 0.001 0.594213880558 -2.20547881007e-08
7.56463327555 0.102 0.618272940794 -2.48645537188e-08
7.56463327555 0.203 0.643636255778 -2.76241095711e-08
7.56463327555 0.304 0.669620601542 -3.03282496957e-08
7.56463327555 0.405 0.695553761211 -3.29786619633e-08
7.56463327555 0.506 0.720857094179 -3.55854174514e-08
7.56463327555 0.607 0.74509789956 -3.8151673209e-08
7.56463327555 0.708 0.767961963036 -4.06835293082e-08
7.56463327555 0.809 0.789255925957 -4.31865580227e-08
7.56463327555 0.91 0.808878797197 -4.56659192048e-08
7.56463327555 1.011 0.826822126975 -4.81269223496e-08
7.56463327555 1.112 0.843127955347 -5.05733736587e-08
7.56463327555 1.213 0.857871286922 -5.30081652848e-08
7.56463327555 1.314 0.871156526736 -5.54340323387e-08
7.56463327555 1.415 0.883105715687 -5.78533201181e-08
7.56463327555 1.516 0.893831758006 -6.02672269747e-08
7.56463327555 1.617 0.903445664766 -6.26767048257e-08
7.56463327555 1.718 0.912074023483 -6.5083898305e-08
7.56463327555 1.819 0.919817855557 -6.74895157195e-08
7.56463327555 1.92 0.926756700879 -6.98928648542e-08
7.56463327555 2.021 0.932995530398 -7.22957597228e-08
7.56463327555 2.122 0.938608746246 -7.46983787108e-08
7.56463327555 2.223 0.943664421726 -7.71008461938e-08
7.56463327555 2.324 0.948224300976 -7.95033724378e-08
7.56463327555 2.425 0.952343974014 -8.1906222335e-08
7.56463327555 2.526 0.956073173465 -8.4309724001e-08
7.56463327555 2.627 0.959456158815 -8.67142482075e-08
7.56463327555 2.728 0.96252028076 -8.91182027629e-08
7.56463327555 2.829 0.96530771139 -9.1522873953e-08
7.56463327555 2.93 0.967853286669 -9.39294189312e-08
7.56463327555 3.031 0.970170768752 -9.63354808975e-08
7.56463327555 3.132 0.972291779079 -9.87427671939e-08
7.56463327555 3.233 0.974234681974 -1.01150954217e-07
7.56463327555 3.334 0.976015897409 -1.03559574178e-07
7.56463327555 3.435 0.977654153567 -1.05969448819e-07
7.56463327555 3.536 0.979159748038 -1.08379335684e-07
7.56463327555 3.637 0.980551050459 -1.10791208463e-07
7.56463327555 3.738 0.981831096826 -1.13202060793e-07
7.56463327555 3.839 0.983017852364 -1.15614912651e-07
7.56463327555 3.94 0.984116403147 -1.18028288723e-07
7.56463327555 4.041 0.985133706896 -1.20441581906e-07
7.56463327555 4.142 0.986079467154 -1.2285600821e-07
7.56463327555 4.243 0.986959380071 -1.2527125465e-07
7.56463327555 4.344 0.987778880206 -1.27687139859e-07
7.56463327555 4.445 0.988543048633 -1.30103578524e-07
7.56463327555 4.546 0.989256568592 -1.32520550801e-07
7.56463327555 4.647 0.989923716967 -1.34938080704e-07
7.56463327555 4.748 0.990548377081 -1.37356215292e-07
7.56463327555 4.849 0.991134064218 -1.39775016593e-07
7.56463327555 4.95 0.991683955731 -1.42194551261e-07
7.56463327555 5.051 0.992200814802 -1.44614774043e-07
7.56463327555 5.152 0.99268653796 -1.47034942232e-07
7.56463327555 5.253 0.993144353532 -1.49455992118e-07
7.56463327555 5.354 0.993576393171 -1.51877989428e-07
7.56463327555 5.455 0.993983705282 -1.54299782572e-07
7.56463327555 5.556 0.994369001858 -1.56722589315e-07
7.56463327555 5.657 0.994733463758 -1.59145812551e-07
7.56463327555 5.758 0.995078620546 -1.61569505152e-07
7.56463327555 5.859 0.995405972433 -1.63993895982e-07
7.56463327555 5.96 0.995716524048 -1.66418562592e-07
7.56463327555 6.061 0.996011680249 -1.68843968516e-07
7.56463327555 6.162 0.996292272933 -1.71269688096e-07
7.56463327555 6.263 0.996559424202 -1.73696020636e-07
7.56463327555 6.364 0.99681397231 -1.76122856305e-07
7.56463327555 6.465 0.997056691516 -1.78550061611e-07
7.56463327555 6.566 0.997288507286 -1.80978056899e-07
7.56463327555 6.667 0.99750984568 -1.83406100297e-07
7.56463327555 6.768 0.997721663412 -1.85835034712e-07
7.56463327555 6.869 0.997924315065 -1.88264138626e-07
7.56463327555 6.97 0.998118509249 -1.90693859681e-07
7.56463327555 7.071 0.998304748602 -1.93124169323e-07
7.56463327555 7.172 0.998483406068 -1.95554670579e-07
7.56463327555 7.273 0.998655098102 -1.97985993748e-07
7.56463327555 7.374 0.998820065145 -2.00417453064e-07
7.56463327555 7.475 0.998978818903 -2.02849545458e-07
7.56463327555 7.576 0.999131696256 -2.05282188874e-07
7.56463327555 7.677 0.999278965443 -2.07715049452e-07
7.56463327555 7.778 0.999421056168 -2.10148700758e-07
7.56463327555 7.879 0.999558135665 -2.12582491306e-07
7.56463327555 7.98 0.999690568924 -2.15016901446e-07
7.56463327555 8.081 0.999818596146 -2.17451860904e-07
7.56463327555 8.182 0.999942404043 -2.198870292e-07
7.56463327555 8.283 1.00006230125 -2.22322952996e-07
7.56463327555 8.384 1.00017841673 -2.24759077904e-07
7.56463327555 8.485 1.00029099828 -2.27195752286e-07
7.56463327555 8.586 1.00040023678 -2.29633043624e-07
7.56463327555 8.687 1.0005062491 -2.32070470017e-07
7.56463327555 8.788 1.00060926829 -2.34508622341e-07
7.56463327555 8.889 1.00070940325 -2.36947103165e-07
7.56463327555 8.99 1.00080681094 -2.39386004044e-07
7.56463327555 9.091 1.00090165313 -2.41825612994e-07
7.56463327555 9.192 1.00099400307 -2.44265302114e-07
7.56463327555 9.293 1.00108403133 -2.46705659884e-07
7.56463327555 9.394 1.00117183788 -2.49146511533e-07
7.56463327555 9.495 1.00125751024 -2.51587620895e-07
7.56463327555 9.596 1.0013411814 -2.54029427577e-07
7.56463327555 9.697 1.00142291914 -2.56471484421e-07
7.56463327555 9.798 1.0015028318 -2.58914051091e-07
7.56463327555 9.899 1.00158100969 -2.61357241147e-07
7.56463327555 10.0 1.00165750611 -2.63800571207e-07
8.30217568132 0.001 0.594213843551 -2.20552164873e-08
8.30217568132 0.102 0.618272898396 -2.48649186106e-08
8.30217568132 0.203 0.643636209745 -2.76244212731e-08
8.30217568132 0.304 0.669620550704 -3.03285053758e-08
8.30217568132 0.405 0.695553704601 -3.29788555872e-08
8.30217568132 0.506 0.720857033241 -3.55855716e-08
8.30217568132 0.607 0.745097833536 -3.81517980409e-08
8.30217568132 0.708 0.767961892668 -4.06836278294e-08
8.30217568132 0.809 0.789255851472 -4.31866326071e-08
8.30217568132 0.91 0.808878718477 -4.56659737534e-08
8.30217568132 1.011 0.826822044528 -4.81269609904e-08
8.30217568132 1.112 0.843127869603 -5.05733997572e-08
8.30217568132 1.213 0.857871198079 -5.30081817613e-08
8.30217568132 1.314 0.871156435048 -5.54340420845e-08
8.30217568132 1.415 0.883105621526 -5.78533246151e-08
8.30217568132 1.516 0.893831661581 -6.02672265853e-08
8.30217568132 1.617 0.90344556621 -6.2676699961e-08
8.30217568132 1.718 0.912073923098 -6.50838901568e-08
8.30217568132 1.819 0.919817753559 -6.74895056053e-08
8.30217568132 1.92 0.926756597319 -6.98928533717e-08
8.30217568132 2.021 0.932995425485 -7.22957469674e-08
8.30217568132 2.122 0.938608640133 -7.46983649475e-08
8.30217568132 2.223 0.943664314542 -7.71008313368e-08
8.30217568132 2.324 0.948224192833 -7.95033564221e-08
8.30217568132 2.425 0.952343865015 -8.1906205186e-08
8.30217568132 2.526 0.956073063702 -8.43097059032e-08
8.30217568132 2.627 0.959456048373 -8.6714229363e-08
8.30217568132 2.728 0.962520169682 -8.91181833082e-08
8.30217568132 2.829 0.965307599746 -9.1522853984e-08
8.30217568132 2.93 0.967853174528 -9.39293985083e-08
8.30217568132 3.031 0.970170656153 -9.63354600281e-08
8.30217568132 3.132 0.972291666071 -9.8742745882e-08
8.30217568132 3.233 0.974234568599 -1.01150932475e-07
8.30217568132 3.334 0.976015783701 -1.03559552028e-07
8.30217568132 3.435 0.977654039559 -1.05969426281e-07
8.30217568132 3.536 0.979159633758 -1.08379312761e-07
8.30217568132 3.637 0.980550935935 -1.10791185157e-07
8.30217568132 3.738 0.981830982079 -1.13202037083e-07
8.30217568132 3.839 0.983017737415 -1.15614888535e-07
8.30217568132 3.94 0.984116288018 -1.18028264198e-07
8.30217568132 4.041 0.985133591603 -1.20441556965e-07
8.30217568132 4.142 0.986079351715 -1.22855982855e-07
8.30217568132 4.243 0.986959264499 -1.25271228879e-07
8.30217568132 4.344 0.987778764513 -1.27687113675e-07
8.30217568132 4.445 0.988542932832 -1.30103551929e-07
8.30217568132 4.546 0.989256452692 -1.32520523792e-07
8.30217568132 4.647 0.989923600977 -1.34938053284e-07
8.30217568132 4.748 0.99054826101 -1.37356187461e-07
8.30217568132 4.849 0.991133948074 -1.39774988349e-07
8.30217568132 4.95 0.991683839521 -1.42194522599e-07
8.30217568132 5.051 0.992200698532 -1.44614744964e-07
8.30217568132 5.152 0.992686421636 -1.47034912732e-07
8.30217568132 5.253 0.99314423716 -1.49455962197e-07
8.30217568132 5.354 0.993576276754 -1.51877959087e-07
8.30217568132 5.455 0.993983588826 -1.54299751809e-07
8.30217568132 5.556 0.994368885366 -1.56722558131e-07
8.30217568132 5.657 0.994733347233 -1.59145780946e-07
8.30217568132 5.758 0.995078503993 -1.61569473125e-07
8.30217568132 5.859 0.995405855853 -1.63993863534e-07
8.30217568132 5.96 0.995716407444 -1.6641852972e-07
8.30217568132 6.061 0.996011563624 -1.68843935216e-07
8.30217568132 6.162 0.996292156289 -1.71269654367e-07
8.30217568132 6.263 0.996559307541 -1.73695986477e-07
8.30217568132 6.364 0.996813855634 -1.76122821717e-07
8.30217568132 6.465 0.997056574827 -1.78550026594e-07
8.30217568132 6.566 0.997288390584 -1.80978021452e-07
8.30217568132 6.667 0.997509728968 -1.83406064419e-07
8.30217568132 6.768 0.99772154669 -1.85834998402e-07
8.30217568132 6.869 0.997924198335 -1.88264101882e-07
8.30217568132 6.97 0.998118392511 -1.90693822501e-07
8.30217568132 7.071 0.998304631858 -1.93124131707e-07
8.30217568132 7.172 0.998483289317 -1.95554632528e-07
8.30217568132 7.273 0.998654981346 -1.97985955262e-07
8.30217568132 7.374 0.998819948384 -2.00417414143e-07
8.30217568132 7.475 0.998978702137 -2.02849506103e-07
8.30217568132 7.576 0.999131579486 -2.05282149086e-07
8.30217568132 7.677 0.999278848671 -2.07715009231e-07
8.30217568132 7.778 0.999420939394 -2.10148660104e-07
8.30217568132 7.879 0.99955801889 -2.12582450219e-07
8.30217568132 7.98 0.999690452148 -2.15016859926e-07
8.30217568132 8.081 0.999818479371 -2.17451818949e-07
8.30217568132 8.182 0.999942287267 -2.1988698681e-07
8.30217568132 8.283 1.00006218448 -2.22322910169e-07
8.30217568132 8.384 1.00017829995 -2.24759034638e-07
8.30217568132 8.485 1.0002908815 -2.27195708581e-07
8.30217568132 8.586 1.00040012 -2.29632999479e-07
8.30217568132 8.687 1.0005061323 -2.32070425432e-07
8.30217568132 8.788 1.00060915149 -2.34508577315e-07
8.30217568132 8.889 1.00070928645 -2.36947057699e-07
8.30217568132 8.99 1.00080669414 -2.39385958141e-07
8.30217568132 9.091 1.00090153633 -2.41825566654e-07
8.30217568132 9.192 1.00099388629 -2.44265255344e-07
8.30217568132 9.293 1.00108391457 -2.4670561268e-07
8.30217568132 9.394 1.00117172114 -2.49146463903e-07
8.30217568132 9.495 1.00125739351 -2.51587572832e-07
8.30217568132 9.596 1.00134106468 -2.54029379077e-07
8.30217568132 9.697 1.00142280242 -2.56471435486e-07
8.30217568132 9.798 1.00150271509 -2.58914001723e-07
8.30217568132 9.899 1.001580893 -2.61357191349e-07
8.30217568132 10.0 1.00165738943 -2.63800520978e-07
9.11162756115 0.001 0.594213806544 -2.20556448822e-08
9.11162756115 0.102 0.618272855998 -2.48652835076e-08
9.11162756115 0.203 0.643636163712 -2.76247329785e-08
9.11162756115 0.304 0.669620499866 -3.03287610581e-08
9.11162756115 0.405 0.695553647991 -3.29790492121e-08
9.11162756115 0.506 0.720856972302 -3.55857257493e-08
9.11162756115 0.607 0.745097767512 -3.81519228732e-08
9.11162756115 0.708 0.7679618223 -4.06837263508e-08
9.11162756115 0.809 0.789255776987 -4.31867071916e-08
9.11162756115 0.91 0.808878639756 -4.56660283021e-08
9.11162756115 1.011 0.82682196208 -4.81269996312e-08
9.11162756115 1.112 0.843127783859 -5.05734258557e-08
9.11162756115 1.213 0.857871109237 -5.30081982379e-08
9.11162756115 1.314 0.871156343361 -5.54340518304e-08
9.11162756115 1.415 0.883105527366 -5.78533291121e-08
9.11162756115 1.516 0.893831565155 -6.02672261959e-08
9.11162756115 1.617 0.903445467653 -6.26766950963e-08
9.11162756115 1.718 0.912073822713 -6.50838820085e-08
9.11162756115 1.819 0.919817651561 -6.74894954912e-08
9.11162756115 1.92 0.926756493758 -6.98928418891e-08
9.11162756115 2.021 0.932995320573 -7.2295734212e-08
9.11162756115 2.122 0.93860853402 -7.46983511842e-08
9.11162756115 2.223 0.943664207358 -7.71008164797e-08
9.11162756115 2.324 0.94822408469 -7.95033404065e-08
9.11162756115 2.425 0.952343756016 -8.1906188037e-08
9.11162756115 2.526 0.95607295394 -8.43096878053e-08
9.11162756115 2.627 0.959455937931 -8.67142105185e-08
9.11162756115 2.728 0.962520058605 -8.91181638535e-08
9.11162756115 2.829 0.965307488101 -9.15228340151e-08
9.11162756115 2.93 0.967853062388 -9.39293780854e-08
9.11162756115 3.031 0.970170543553 -9.63354391587e-08
9.11162756115 3.132 0.972291553063 -9.87427245701e-08
9.11162756115 3.233 0.974234455223 -1.01150910733e-07
9.11162756115 3.334 0.976015669993 -1.03559529878e-07
9.11162756115 3.435 0.977653925552 -1.05969403744e-07
9.11162756115 3.536 0.979159519477 -1.08379289838e-07
9.11162756115 3.637 0.980550821411 -1.10791161852e-07
9.11162756115 3.738 0.981830867332 -1.13202013372e-07
9.11162756115 3.839 0.983017622467 -1.15614864419e-07
9.11162756115 3.94 0.984116172889 -1.18028239673e-07
9.11162756115 4.041 0.985133476311 -1.20441532025e-07
9.11162756115 4.142 0.986079236276 -1.22855957499e-07
9.11162756115 4.243 0.986959148926 -1.25271203108e-07
9.11162756115 4.344 0.987778648821 -1.27687087491e-07
9.11162756115 4.445 0.988542817031 -1.30103525333e-07
9.11162756115 4.546 0.989256336791 -1.32520496782e-07
9.11162756115 4.647 0.989923484988 -1.34938025865e-07
9.11162756115 4.748 0.990548144939 -1.3735615963e-07
9.11162756115 4.849 0.99113383193 -1.39774960104e-07
9.11162756115 4.95 0.991683723311 -1.42194493937e-07
9.11162756115 5.051 0.992200582263 -1.44614715885e-07
9.11162756115 5.152 0.992686305312 -1.47034883233e-07
9.11162756115 5.253 0.993144120787 -1.49455932275e-07
9.11162756115 5.354 0.993576160338 -1.51877928746e-07
9.11162756115 5.455 0.99398347237 -1.54299721047e-07
9.11162756115 5.556 0.994368768874 -1.56722526947e-07
9.11162756115 5.657 0.994733230709 -1.59145749341e-07
9.11162756115 5.758 0.995078387439 -1.61569441099e-07
9.11162756115 5.859 0.995405739273 -1.63993831086e-07
9.11162756115 5.96 0.995716290841 -1.66418496847e-07
9.11162756115 6.061 0.996011446999 -1.68843901917e-07
9.11162756115 6.162 0.996292039645 -1.71269620637e-07
9.11162756115 6.263 0.99655919088 -1.73695952319e-07
9.11162756115 6.364 0.996813738958 -1.76122787129e-07
9.11162756115 6.465 0.997056458137 -1.78549991576e-07
9.11162756115 6.566 0.997288273883 -1.80977986005e-07
9.11162756115 6.667 0.997509612256 -1.8340602854e-07
9.11162756115 6.768 0.997721429969 -1.85834962092e-07
9.11162756115 6.869 0.997924081606 -1.88264065137e-07
9.11162756115 6.97 0.998118275774 -1.90693785321e-07
9.11162756115 7.071 0.998304515114 -1.93124094092e-07
9.11162756115 7.172 0.998483172567 -1.95554594477e-07
9.11162756115 7.273 0.998654864589 -1.97985916775e-07
9.11162756115 7.374 0.998819831622 -2.00417375223e-07
9.11162756115 7.475 0.998978585371 -2.02849466749e-07
9.11162756115 7.576 0.999131462717 -2.05282109298e-07
9.11162756115 7.677 0.999278731899 -2.0771496901e-07
9.11162756115 7.778 0.99942082262 -2.10148619451e-07
9.11162756115 7.879 0.999557902114 -2.12582409133e-07
9.11162756115 7.98 0.999690335373 -2.15016818407e-07
9.11162756115 8.081 0.999818362596 -2.17451776994e-07
9.11162756115 8.182 0.999942170491 -2.1988694442e-07
9.11162756115 8.283 1.0000620677 -2.22322867341e-07
9.11162756115 8.384 1.00017818318 -2.24758991372e-07
9.11162756115 8.485 1.00029076472 -2.27195664875e-07
9.11162756115 8.586 1.00040000321 -2.29632955333e-07
9.11162756115 8.687 1.00050601551 -2.32070380846e-07
9.11162756115 8.788 1.00060903469 -2.3450853229e-07
9.11162756115 8.889 1.00070916964 -2.36947012234e-07
9.11162756115 8.99 1.00080657734 -2.39385912238e-07
9.11162756115 9.091 1.00090141953 -2.41825520313e-07
9.11162756115 9.192 1.00099376951 -2.44265208573e-07
9.11162756115 9.293 1.00108379781 -2.46705565477e-07
9.11162756115 9.394 1.00117160441 -2.49146416272e-07
9.11162756115 9.495 1.00125727679 -2.5158752477e-07
9.11162756115 9.596 1.00134094795 -2.54029330577e-07
9.11162756115 9.697 1.0014226857 -2.56471386551e-07
9.11162756115 9.798 1.00150259838 -2.58913952355e-07
9.11162756115 9.899 1.00158077631 -2.61357141551e-07
9.11162756115 10.0 1.00165727275 -2.63800470749e-07
10.0 0.001 0.594213769537 -2.20560732854e-08
10.0 0.102 0.618272813599 -2.486564841e-08
10.0 0.203 0.643636117679 -2.76250446875e-08
10.0 0.304 0.669620449028 -3.03290167425e-08
10.0 0.405 0.69555359138 -3.29792428383e-08
10.0 0.506 0.720856911364 -3.55858798993e-08
10.0 0.607 0.745097701487 -3.81520477059e-08
10.0 0.708 0.767961751933 -4.06838248724e-08
10.0 0.809 0.789255702502 -4.31867817762e-08
10.0 0.91 0.808878561036 -4.56660828508e-08
10.0 1.011 0.826821879633 -4.8127038272e-08
10.0 1.112 0.843127698116 -5.05734519543e-08
10.0 1.213 0.857871020395 -5.30082147144e-08
10.0 1.314 0.871156251673 -5.54340615763e-08
10.0 1.415 0.883105433205 -5.78533336091e-08
10.0 1.516 0.893831468729 -6.02672258065e-08
10.0 1.617 0.903445369097 -6.26766902317e-08
10.0 1.718 0.912073722328 -6.50838738603e-08
10.0 1.819 0.919817549563 -6.7489485377e-08
10.0 1.92 0.926756390198 -6.98928304066e-08
10.0 2.021 0.93299521566 -7.22957214566e-08
10.0 2.122 0.938608427907 -7.4698337421e-08
10.0 2.223 0.943664100174 -7.71008016226e-08
10.0 2.324 0.948223976547 -7.95033243908e-08
10.0 2.425 0.952343647016 -8.1906170888e-08
10.0 2.526 0.956072844177 -8.43096697074e-08
10.0 2.627 0.95945582749 -8.6714191674e-08
10.0 2.728 0.962519947528 -8.91181443988e-08
10.0 2.829 0.965307376456 -9.15228140461e-08
10.0 2.93 0.967852950248 -9.39293576625e-08
10.0 3.031 0.970170430954 -9.63354182893e-08
10.0 3.132 0.972291440055 -9.87427032582e-08
10.0 3.233 0.974234341847 -1.01150888992e-07
10.0 3.334 0.976015556285 -1.03559507728e-07
10.0 3.435 0.977653811545 -1.05969381207e-07
10.0 3.536 0.979159405197 -1.08379266915e-07
10.0 3.637 0.980550706887 -1.10791138547e-07
10.0 3.738 0.981830752585 -1.13201989662e-07
10.0 3.839 0.983017507519 -1.15614840303e-07
10.0 3.94 0.98411605776 -1.18028215148e-07
10.0 4.041 0.985133361019 -1.20441507085e-07
10.0 4.142 0.986079120837 -1.22855932144e-07
10.0 4.243 0.986959033354 -1.25271177337e-07
10.0 4.344 0.987778533129 -1.27687061307e-07
10.0 4.445 0.988542701229 -1.30103498737e-07
10.0 4.546 0.989256220891 -1.32520469773e-07
10.0 4.647 0.989923368998 -1.34937998446e-07
10.0 4.748 0.990548028868 -1.373561318e-07
10.0 4.849 0.991133715787 -1.3977493186e-07
10.0 4.95 0.991683607101 -1.42194465275e-07
10.0 5.051 0.992200465993 -1.44614686807e-07
10.0 5.152 0.992686188989 -1.47034853733e-07
10.0 5.253 0.993144004415 -1.49455902354e-07
10.0 5.354 0.993576043921 -1.51877898405e-07
10.0 5.455 0.993983355914 -1.54299690284e-07
10.0 5.556 0.994368652382 -1.56722495763e-07
10.0 5.657 0.994733114185 -1.59145717736e-07
10.0 5.758 0.995078270885 -1.61569409072e-07
10.0 5.859 0.995405622693 -1.63993798638e-07
10.0 5.96 0.995716174237 -1.66418463975e-07
10.0 6.061 0.996011330374 -1.68843868618e-07
10.0 6.162 0.996291923001 -1.71269586908e-07
10.0 6.263 0.996559074219 -1.73695918161e-07
10.0 6.364 0.996813622282 -1.76122752541e-07
10.0 6.465 0.997056341448 -1.78549956558e-07
10.0 6.566 0.997288157182 -1.80977950558e-07
10.0 6.667 0.997509495544 -1.83405992662e-07
10.0 6.768 0.997721313248 -1.85834925782e-07
10.0 6.869 0.997923964876 -1.88264028393e-07
10.0 6.97 0.998118159037 -1.90693748141e-07
10.0 7.071 0.998304398369 -1.93124056476e-07
10.0 7.172 0.998483055816 -1.95554556426e-07
10.0 7.273 0.998654747833 -1.97985878289e-07
10.0 7.374 0.998819714861 -2.00417336302e-07
10.0 7.475 0.998978468605 -2.02849427395e-07
10.0 7.576 0.999131345947 -2.05282069511e-07
10.0 7.677 0.999278615126 -2.0771492879e-07
10.0 7.778 0.999420705847 -2.10148578798e-07
10.0 7.879 0.999557785339 -2.12582368046e-07
10.0 7.98 0.999690218597 -2.15016776887e-07
10.0 8.081 0.999818245821 -2.1745173504e-07
10.0 8.182 0.999942053715 -2.19886902029e-07
10.0 8.283 1.00006195093 -2.22322824514e-07
10.0 8.384 1.0001780664 -2.24758948106e-07
10.0 8.485 1.00029064794 -2.2719562117e-07
10.0 8.586 1.00039988643 -2.29632911188e-07
10.0 8.687 1.00050589872 -2.32070336261e-07
10.0 8.788 1.0006089179 -2.34508487265e-07
10.0 8.889 1.00070905284 -2.36946966768e-07
10.0 8.99 1.00080646053 -2.39385866335e-07
10.0 9.091 1.00090130274 -2.41825473973e-07
10.0 9.192 1.00099365273 -2.44265161802e-07
10.0 9.293 1.00108368105 -2.46705518274e-07
10.0 9.394 1.00117148767 -2.49146368642e-07
10.0 9.495 1.00125716007 -2.51587476708e-07
10.0 9.596 1.00134083123 -2.54029282078e-07
10.0 9.697 1.00142256898 -2.56471337616e-07
10.0 9.798 1.00150248168 -2.58913902987e-07
10.0 9.899 1.00158065962 -2.61357091753e-07
10.0 10.0 1.00165715608 -2.63800420521e-07
